die_id,uv_time,uv_intensity,pin_speed,pin_pressure,pin_height,head_vacuum,pin_vacuum,temperature,humidity,vacuum_status,runtime_hours,tape_type,die_thickness,pickup_success
D000000,4.7,1132.0,0.98,27.5,0.49,-66.3,-50.6,25.2,41.0,-95.4,10.8,0.0,126.0,1
D000001,3.5,1180.0,1.1,36.5,,-62.5,-52.3,29.0,51.0,-91.7,5.6,0.0,130.0,0
D000002,5.4,1165.0,1.08,27.0,0.51,-65.9,-51.2,24.3,45.0,-96.7,9.6,0.0,122.0,1
D000003,5.4,1057.0,1.41,26.0,0.67,-66.2,-49.4,28.6,38.0,-94.6,3.7,0.0,117.0,0
D000004,4.3,,1.09,30.0,0.44,-63.5,-51.8,24.5,46.0,-94.5,11.9,1.0,126.0,0
D000005,3.3,1051.0,0.82,30.5,0.32,-62.2,-53.2,24.2,57.0,-99.9,8.2,0.0,136.0,0
D000006,4.4,1148.0,1.14,31.0,0.47,-64.3,-49.1,25.2,44.0,-95.4,12.1,1.0,126.0,1
D000007,5.0,1225.0,1.12,28.5,0.48,-66.0,-51.0,22.6,38.0,-97.8,10.7,0.0,129.0,1
D000008,5.2,1150.0,1.09,32.0,0.43,-67.0,-48.7,,40.0,-94.6,9.2,0.0,120.0,1
D000009,4.7,1165.0,1.32,28.5,0.39,-68.2,-47.1,28.4,35.0,-91.0,6.2,0.0,145.0,1
D000010,3.6,1063.0,1.34,37.5,0.38,-69.7,-53.1,22.4,41.0,-91.3,15.9,1.0,130.0,1
D000011,4.7,1199.0,1.0,32.5,0.41,-65.4,-49.0,24.1,43.0,-96.2,7.4,1.0,127.0,1
D000012,4.8,1332.0,1.51,39.5,0.54,-60.6,-54.7,20.4,59.0,-99.3,17.0,1.0,126.0,0
D000013,5.6,1230.0,1.18,26.5,0.52,-63.1,,25.3,43.0,-96.4,9.1,0.0,127.0,1
D000014,4.5,1107.0,1.04,31.5,0.43,-65.4,-48.8,24.0,47.0,-96.0,7.1,0.0,128.0,1
D000015,6.7,1193.0,1.48,37.5,0.36,-62.7,-50.3,29.9,44.0,-94.0,2.8,0.0,150.0,1
D000016,4.7,1083.0,1.13,21.5,0.61,-61.4,-51.4,21.1,45.0,-98.0,1.1,1.0,109.0,0
D000017,3.2,1345.0,0.82,37.5,0.33,-69.7,-48.6,23.2,33.0,-94.4,10.2,1.0,145.0,1
D000018,3.8,1239.0,1.32,31.0,0.38,-61.9,-54.1,30.0,38.0,-94.2,10.9,1.0,,0
D000019,5.1,1158.0,1.2,30.0,0.56,-64.1,-49.6,23.8,45.0,-96.2,8.3,0.0,126.0,0
D000020,5.1,1079.0,1.23,30.0,0.4,-60.7,-53.4,22.8,47.0,-91.5,16.0,1.0,131.0,0
D000021,5.1,1277.0,0.95,27.0,0.53,-65.3,-50.9,23.1,49.0,-95.1,13.1,0.0,132.0,1
D000022,6.5,1390.0,1.53,23.5,0.63,-64.1,-51.2,22.0,39.0,-92.2,14.8,1.0,119.0,0
D000023,5.1,1204.0,1.01,28.0,0.48,-66.3,-50.4,25.9,42.0,-95.0,13.3,0.0,123.0,1
D000024,4.4,1210.0,1.09,31.0,0.54,-65.3,-51.7,23.3,46.0,-95.7,8.3,1.0,134.0,1
D000025,4.5,1162.0,1.03,26.0,0.52,-64.6,-49.4,24.2,44.0,-95.6,6.9,1.0,130.0,0
D000026,5.0,1160.0,1.12,31.0,0.44,-64.9,-50.4,22.3,46.0,-94.6,7.8,1.0,128.0,1
D000027,4.4,1141.0,1.1,30.5,0.5,-65.2,-49.6,25.6,48.0,-94.8,9.5,1.0,137.0,1
D000028,4.8,1225.0,1.09,29.0,0.48,-67.6,-50.8,23.9,42.0,-95.7,10.9,1.0,131.0,1
D000029,4.4,1395.0,1.52,27.0,0.36,-61.0,-49.6,28.1,31.0,-96.7,0.6,1.0,140.0,0
D000030,4.7,1159.0,0.89,27.5,0.49,-67.7,-51.3,24.2,42.0,-96.1,8.2,1.0,129.0,1
D000031,5.0,1199.0,1.18,29.5,0.47,-67.8,-50.5,22.6,41.0,-94.9,13.3,0.0,125.0,1
D000032,5.3,1116.0,0.95,38.5,0.33,-66.5,-52.1,21.9,31.0,-94.1,4.1,0.0,144.0,1
D000033,4.7,1337.0,0.82,35.0,0.48,-63.3,-47.6,25.6,49.0,-94.7,22.3,1.0,140.0,0
D000034,3.9,1205.0,1.16,32.0,0.37,-68.5,-45.1,20.6,,-94.7,6.9,0.0,128.0,0
D000035,6.8,1262.0,1.45,31.0,0.58,-61.7,-48.6,22.6,30.0,-93.0,10.7,1.0,140.0,1
D000036,4.6,1202.0,1.08,27.5,0.51,-65.2,-50.7,25.9,46.0,-95.4,11.8,0.0,125.0,1
D000037,5.7,1201.0,1.28,31.0,0.5,-65.5,-50.0,24.5,48.0,-95.3,10.2,1.0,128.0,1
D000038,4.6,1193.0,1.15,26.5,,-67.4,-51.3,24.6,40.0,-94.5,11.8,1.0,130.0,1
D000039,5.3,1108.0,1.06,30.0,0.48,-64.6,-50.3,25.0,47.0,-96.5,,1.0,137.0,1
D000040,4.9,1186.0,1.14,28.0,0.56,-65.7,-48.3,23.7,48.0,-94.6,3.6,0.0,134.0,1
D000041,5.1,1225.0,1.1,30.0,0.48,-67.0,-52.0,25.4,44.0,-95.9,10.6,1.0,121.0,1
D000042,4.8,1256.0,1.14,26.0,0.57,-64.5,-49.1,23.0,46.0,-94.1,12.9,0.0,125.0,1
D000043,6.7,1378.0,1.52,37.0,0.68,-64.0,-50.2,,60.0,-97.9,,1.0,104.0,0
D000044,4.8,1120.0,1.16,26.5,0.46,-65.7,-48.6,23.2,42.0,-96.2,9.5,0.0,128.0,1
D000045,3.7,1106.0,1.13,30.0,0.47,-63.8,-48.1,22.8,41.0,-95.0,11.9,1.0,130.0,0
D000046,4.7,1219.0,1.09,32.5,0.42,-67.3,-50.2,25.2,50.0,-95.5,7.6,0.0,125.0,1
D000047,5.2,1122.0,1.11,30.0,0.51,-65.7,-51.1,23.9,,-96.7,12.6,1.0,,1
D000048,4.7,1133.0,1.13,28.0,0.48,-66.8,-50.8,26.0,43.0,-95.5,11.6,0.0,129.0,1
D000049,5.8,1131.0,1.41,24.0,0.53,-68.8,-50.6,24.6,48.0,-91.3,7.2,0.0,118.0,1
D000050,5.2,1171.0,1.03,31.0,0.52,-64.7,-49.3,25.4,45.0,-95.0,6.7,1.0,128.0,1
D000051,4.6,1181.0,1.08,31.0,0.47,-63.7,-50.9,25.2,46.0,-97.4,12.1,0.0,133.0,1
D000052,4.7,1228.0,0.98,31.5,0.48,-66.1,-48.3,24.9,40.0,-95.1,4.9,1.0,128.0,1
D000053,3.5,1054.0,1.44,38.5,0.59,-62.2,-49.9,27.6,46.0,-97.2,0.7,0.0,133.0,1
D000054,,1193.0,0.99,27.5,0.48,-65.6,-50.4,25.0,47.0,-95.2,11.7,0.0,130.0,1
D000055,3.7,1303.0,1.12,39.5,0.31,-69.5,-50.9,22.1,58.0,-96.4,13.9,1.0,142.0,0
D000056,5.1,1251.0,0.97,28.0,0.42,-63.4,-49.0,24.0,43.0,-96.8,3.0,1.0,130.0,1
D000057,6.2,1286.0,1.43,27.5,0.63,-68.7,-51.5,25.8,50.0,-95.3,7.1,0.0,108.0,0
D000058,5.5,1311.0,1.55,23.5,0.55,-69.4,-53.2,29.4,37.0,-96.7,6.3,0.0,119.0,0
D000059,4.8,1178.0,1.13,25.0,0.42,-66.7,-49.4,24.9,41.0,-95.3,9.0,1.0,134.0,1
D000060,4.5,1124.0,1.06,29.0,0.51,-66.1,-50.7,23.7,43.0,-95.6,9.0,1.0,128.0,0
D000061,4.7,1199.0,1.16,29.0,0.53,-65.5,-50.9,23.7,46.0,-95.9,11.6,1.0,125.0,1
D000062,4.7,1146.0,0.96,29.5,0.49,-64.5,-50.9,23.9,41.0,-96.5,8.6,1.0,127.0,1
D000063,5.0,1258.0,1.09,25.5,0.52,-64.3,-50.8,24.3,45.0,-96.2,9.8,1.0,130.0,1
D000064,4.3,1223.0,1.24,37.0,0.57,-64.4,-46.6,28.1,55.0,-98.7,23.9,1.0,138.0,0
D000065,5.0,1160.0,1.14,28.0,0.49,-65.7,-51.3,25.6,45.0,-95.4,6.0,0.0,120.0,1
D000066,4.6,1191.0,1.18,30.0,0.52,-64.6,-49.8,23.0,44.0,-96.5,9.9,0.0,125.0,1
D000067,5.5,1185.0,1.05,28.5,0.49,-65.0,-51.1,24.0,45.0,-95.3,7.4,1.0,134.0,1
D000068,5.6,1226.0,1.05,29.0,0.51,-66.9,-49.9,24.7,43.0,-96.0,12.1,0.0,132.0,1
D000069,4.5,1172.0,1.23,29.0,0.45,-65.4,-48.5,23.7,44.0,-95.7,8.3,1.0,128.0,0
D000070,3.9,1246.0,1.24,32.0,0.66,-64.9,,27.7,45.0,-91.6,14.1,1.0,146.0,0
D000071,4.6,1174.0,1.17,30.0,0.54,-66.3,-49.3,24.5,,-95.3,10.0,0.0,130.0,1
D000072,4.9,1131.0,1.12,29.5,0.48,-66.8,-51.0,23.8,42.0,-95.1,,0.0,131.0,1
D000073,4.9,1174.0,1.13,31.5,0.53,-66.3,-49.9,23.5,43.0,-95.0,12.7,1.0,130.0,1
D000074,6.1,1014.0,1.35,31.5,0.47,-60.5,-49.4,26.1,44.0,-97.6,10.9,1.0,111.0,0
D000075,6.8,1025.0,1.38,28.0,0.41,-64.2,-49.7,27.7,45.0,-93.7,20.4,0.0,125.0,0
D000076,4.2,1153.0,1.27,23.5,0.52,-62.1,-45.3,28.8,35.0,-96.0,1.9,0.0,144.0,1
D000077,4.4,1035.0,1.08,26.0,0.43,-61.2,-53.6,24.3,39.0,-97.6,8.7,0.0,123.0,1
D000078,5.2,1217.0,1.08,27.0,0.45,-65.0,-50.7,24.0,49.0,-95.8,7.1,1.0,137.0,1
D000079,4.1,1142.0,0.98,31.5,0.47,-64.5,-50.7,24.7,44.0,-95.3,11.2,1.0,120.0,1
D000080,3.0,1048.0,,22.5,0.67,-67.5,-46.8,20.0,32.0,-95.2,17.6,1.0,144.0,0
D000081,5.0,1209.0,1.2,26.5,0.48,-65.4,-50.0,22.1,47.0,-96.1,7.9,1.0,122.0,0
D000082,5.2,1038.0,1.58,24.5,0.42,-60.8,-48.1,28.8,32.0,-99.2,5.5,0.0,135.0,0
D000083,6.5,1127.0,1.41,30.0,0.65,-63.3,-47.0,23.0,55.0,-99.8,17.6,1.0,139.0,0
D000084,4.3,1088.0,0.94,29.0,0.51,-66.9,,23.7,,-96.2,7.9,1.0,128.0,1
D000085,4.8,1262.0,1.08,30.0,0.43,-67.3,-49.7,24.3,46.0,-97.7,11.2,1.0,134.0,0
D000086,4.3,1192.0,1.14,28.0,0.54,-65.9,-49.4,26.1,47.0,-94.4,6.5,1.0,133.0,0
D000087,4.7,1162.0,1.19,30.0,0.45,-68.7,-49.0,22.7,46.0,-95.0,9.7,1.0,124.0,1
D000088,4.7,1172.0,1.07,30.0,0.46,-65.9,-51.1,25.3,37.0,-94.4,7.2,1.0,124.0,1
D000089,5.2,1210.0,1.01,28.0,0.48,-65.2,-48.7,23.9,51.0,-96.0,8.3,1.0,122.0,1
D000090,4.9,1144.0,1.02,28.0,0.45,-64.7,-51.9,22.2,44.0,-93.9,5.5,1.0,129.0,1
D000091,5.7,1094.0,1.03,23.5,0.65,-61.3,-46.1,23.2,56.0,-98.0,7.3,0.0,112.0,0
D000092,4.3,1146.0,1.11,28.5,0.51,-66.3,-49.3,23.5,46.0,-95.7,11.8,1.0,125.0,1
D000093,4.4,1049.0,1.33,33.0,0.45,-60.2,-53.2,22.3,35.0,-99.1,19.2,1.0,128.0,0
D000094,5.5,1180.0,1.13,32.0,0.51,-63.9,-51.5,25.1,38.0,,9.8,1.0,129.0,1
D000095,4.7,1213.0,1.14,28.0,0.43,-65.0,-49.9,24.3,50.0,-95.0,8.4,0.0,124.0,1
D000096,4.6,1158.0,1.2,26.5,0.45,-66.3,-50.4,23.4,45.0,-94.5,4.7,0.0,141.0,1
D000097,4.6,1150.0,0.91,30.0,0.5,-66.1,-51.3,22.5,45.0,-95.0,10.7,1.0,135.0,1
D000098,5.1,1148.0,1.08,28.5,0.43,-65.9,-49.6,23.0,41.0,-97.9,9.9,1.0,129.0,1
D000099,4.7,1264.0,0.95,28.0,0.48,-66.1,-50.5,24.2,46.0,-95.2,7.8,1.0,128.0,1
D000100,4.8,1208.0,1.03,31.5,0.5,-66.7,-49.8,24.0,,-96.0,3.7,0.0,132.0,1
D000101,4.5,1124.0,0.99,29.5,0.51,-65.9,-51.7,23.4,46.0,-94.4,2.6,1.0,128.0,1
D000102,5.9,1200.0,1.0,29.5,0.55,-66.4,-49.8,23.2,53.0,-97.5,8.9,0.0,125.0,1
D000103,4.7,1175.0,0.98,27.5,0.48,-65.8,-49.9,23.2,50.0,-94.0,14.7,0.0,120.0,1
D000104,5.4,1174.0,1.19,26.0,0.55,-67.7,-50.2,24.9,45.0,-96.4,8.9,0.0,121.0,1
D000105,4.9,1190.0,1.14,31.5,0.58,-66.7,-50.7,24.7,40.0,-93.2,10.1,1.0,128.0,0
D000106,4.5,,1.1,33.0,0.47,-66.0,-49.1,25.1,45.0,-95.6,8.1,1.0,136.0,1
D000107,3.1,1317.0,1.27,21.0,0.44,-66.2,-47.0,25.8,53.0,-97.7,15.6,1.0,120.0,0
D000108,5.0,1197.0,1.19,25.0,0.47,-65.0,-50.0,23.2,42.0,-94.6,9.1,0.0,133.0,1
D000109,4.5,1102.0,1.07,28.5,0.46,-66.6,-51.5,23.0,42.0,-94.3,7.4,0.0,132.0,1
D000110,4.7,1031.0,0.83,29.0,0.6,-64.8,-50.9,23.5,40.0,-99.9,14.1,0.0,147.0,1
D000111,5.2,1221.0,1.03,28.5,0.52,,-49.4,23.0,44.0,-96.2,10.4,1.0,138.0,1
D000112,5.2,1158.0,1.23,28.5,0.43,-64.7,-49.8,24.4,43.0,-95.8,8.5,0.0,133.0,0
D000113,5.2,1215.0,,26.0,0.46,-64.9,-49.2,24.5,46.0,-95.5,7.6,1.0,137.0,1
D000114,4.8,1224.0,1.14,31.0,0.49,-66.9,-50.5,23.0,43.0,-95.7,10.1,1.0,129.0,1
D000115,3.4,1289.0,1.28,29.5,0.34,-66.8,-51.6,27.4,49.0,-92.7,18.1,1.0,101.0,0
D000116,4.2,1177.0,1.09,31.0,0.49,-66.1,-50.4,22.9,47.0,-94.2,6.3,1.0,143.0,1
D000117,4.3,1165.0,0.97,30.5,0.44,-64.5,-50.2,24.6,45.0,-94.9,10.3,1.0,130.0,1
D000118,3.4,1206.0,1.12,37.0,,-64.7,-45.5,21.7,48.0,-99.6,14.5,1.0,106.0,0
D000119,4.9,1157.0,1.02,27.5,0.48,-66.2,-49.5,25.8,47.0,-95.2,12.1,0.0,134.0,1
D000120,5.3,1147.0,1.06,30.0,0.46,-63.4,-49.9,23.9,49.0,-96.4,5.7,0.0,126.0,1
D000121,4.6,1191.0,1.09,26.5,0.42,-65.2,-50.9,25.0,35.0,-96.1,12.2,1.0,127.0,1
D000122,5.2,1119.0,1.06,29.0,0.52,-63.8,-50.3,24.0,43.0,-94.1,8.6,1.0,127.0,1
D000123,5.1,1298.0,1.6,26.5,0.48,-69.6,-52.6,26.7,31.0,-96.1,23.6,1.0,148.0,0
D000124,3.4,1018.0,0.89,33.5,0.41,-64.3,-46.8,21.0,59.0,-95.3,6.4,1.0,130.0,0
D000125,4.4,1249.0,1.05,31.0,,-65.0,-50.2,25.7,49.0,-97.0,6.7,1.0,135.0,1
D000126,4.4,1179.0,1.17,25.0,0.39,-64.0,-50.1,24.8,46.0,-95.7,9.6,1.0,132.0,0
D000127,5.6,1096.0,1.14,22.0,0.47,-67.4,-54.9,27.0,36.0,-93.1,19.9,1.0,139.0,1
D000128,5.1,1197.0,1.14,28.5,0.45,-65.4,-50.3,24.0,46.0,-95.8,8.1,1.0,130.0,1
D000129,5.2,1235.0,1.03,26.0,0.52,-65.8,-48.9,21.9,47.0,-95.7,7.5,1.0,123.0,1
D000130,3.5,1288.0,1.58,29.5,0.41,-69.5,-48.2,28.8,35.0,-99.7,17.5,0.0,110.0,0
D000131,4.2,1249.0,1.29,26.0,0.51,-65.0,-50.4,23.3,40.0,-96.0,8.5,1.0,125.0,0
D000132,4.9,1096.0,1.04,26.5,0.46,-66.5,-50.6,25.1,45.0,-94.7,11.2,1.0,116.0,1
D000133,4.3,1203.0,1.11,27.5,0.5,-66.3,-49.7,23.7,46.0,-95.9,7.3,0.0,124.0,1
D000134,5.0,1169.0,0.96,29.0,0.63,-61.7,,29.3,35.0,-94.2,2.1,1.0,138.0,0
D000135,4.4,1226.0,1.15,29.5,0.48,-65.8,-48.9,23.6,44.0,-97.6,7.9,0.0,122.0,1
D000136,4.4,1174.0,1.09,25.5,0.48,-63.9,-50.4,26.5,41.0,-94.8,,1.0,128.0,1
D000137,4.9,1174.0,0.92,34.0,0.52,-64.5,-51.4,22.8,43.0,-95.3,5.1,1.0,120.0,1
D000138,5.5,1201.0,1.18,31.0,0.42,-64.9,-49.3,23.6,42.0,-96.6,6.2,1.0,121.0,1
D000139,4.6,1158.0,1.06,29.5,0.49,-64.7,-49.3,23.3,45.0,-96.3,5.1,0.0,134.0,1
D000140,,1072.0,1.49,26.0,0.56,-66.9,-47.5,28.2,51.0,-91.0,1.8,,102.0,0
D000141,5.2,1215.0,1.34,27.0,0.7,,-47.7,21.2,57.0,-100.0,9.9,0.0,121.0,0
D000142,5.5,1169.0,1.1,28.5,0.44,-65.7,-50.1,23.5,40.0,-95.3,8.5,1.0,140.0,1
D000143,3.3,1310.0,1.27,39.5,0.36,-69.3,-49.5,,46.0,-97.6,3.2,1.0,121.0,0
D000144,3.9,1125.0,1.56,30.5,0.58,-66.2,-46.6,27.5,50.0,-90.9,9.5,0.0,136.0,0
D000145,4.7,1040.0,1.51,33.0,0.51,-61.3,-49.5,30.0,41.0,-92.6,20.2,1.0,118.0,0
D000146,5.2,1172.0,0.9,26.5,0.43,-64.2,-49.2,24.2,46.0,-97.3,12.6,0.0,133.0,1
D000147,3.1,1096.0,1.4,27.5,0.55,-65.9,-45.2,29.1,38.0,-91.8,13.0,1.0,107.0,0
D000148,4.8,1193.0,0.92,28.5,0.43,-65.5,-49.5,23.7,41.0,-94.6,10.0,1.0,125.0,1
D000149,5.3,1153.0,1.22,30.0,0.52,-67.1,-51.2,24.1,45.0,-95.1,9.4,1.0,130.0,1
D000150,5.8,1400.0,0.98,25.5,0.57,-63.6,-48.4,26.1,33.0,-94.4,1.1,1.0,110.0,1
D000151,4.7,1132.0,1.09,30.0,0.52,-65.7,-48.4,25.8,48.0,-95.9,12.0,1.0,123.0,0
D000152,5.6,1190.0,1.19,30.5,0.46,-67.0,-49.7,23.5,44.0,-96.4,8.7,1.0,125.0,1
D000153,4.9,1079.0,1.03,28.0,0.48,-64.5,-50.6,23.8,37.0,-95.1,10.4,0.0,129.0,1
D000154,4.3,1280.0,1.15,30.0,0.47,-65.5,-50.1,24.7,44.0,-94.9,10.3,0.0,130.0,1
D000155,5.2,1170.0,1.16,27.5,0.46,-63.6,-50.3,22.7,47.0,-93.7,11.1,0.0,129.0,1
D000156,6.3,1235.0,0.92,25.5,0.51,-67.5,-45.5,24.6,57.0,-92.5,22.9,1.0,139.0,1
D000157,5.0,1134.0,1.07,28.5,0.4,-65.5,-51.4,24.7,43.0,-95.3,8.0,1.0,126.0,0
D000158,4.3,,1.08,30.5,0.48,-64.7,-48.7,24.2,40.0,-95.9,15.4,1.0,126.0,1
D000159,5.1,1153.0,1.04,26.0,0.54,-64.8,-51.2,24.6,44.0,-95.8,9.1,0.0,132.0,1
D000160,4.8,1265.0,1.03,29.0,0.5,-66.9,-48.0,22.6,41.0,-93.8,5.2,0.0,123.0,1
D000161,5.2,1161.0,1.15,29.5,0.53,-67.4,-50.3,25.0,46.0,-95.4,10.6,0.0,128.0,1
D000162,4.5,1157.0,1.08,32.0,0.45,-66.4,-49.6,23.3,42.0,-95.7,4.5,0.0,115.0,1
D000163,4.8,1199.0,1.05,28.5,0.49,-67.3,-50.8,22.8,43.0,-94.3,6.6,1.0,132.0,1
D000164,6.3,1032.0,1.1,,0.36,-68.7,-47.6,24.1,52.0,-99.6,21.3,0.0,131.0,1
D000165,5.4,1212.0,1.07,27.5,0.44,-66.8,-50.6,23.9,44.0,-96.0,11.7,0.0,135.0,1
D000166,3.7,1041.0,1.07,32.0,0.58,-66.9,-50.8,21.7,32.0,-95.8,17.8,1.0,123.0,1
D000167,3.1,1010.0,1.36,39.5,0.35,-62.0,-50.1,27.9,60.0,-90.9,18.0,1.0,128.0,0
D000168,5.5,1146.0,1.11,27.0,0.45,-63.9,-50.0,23.4,45.0,-95.9,6.7,1.0,133.0,1
D000169,6.2,1220.0,1.53,30.5,0.41,-66.9,-49.0,28.2,48.0,-94.9,0.7,0.0,140.0,1
D000170,5.4,1162.0,1.2,35.0,0.52,-65.4,-49.9,24.8,50.0,-95.7,2.8,0.0,125.0,1
D000171,4.7,1235.0,1.01,28.5,0.51,-65.2,-48.4,22.8,42.0,-93.8,13.2,0.0,131.0,1
D000172,5.0,1099.0,1.06,27.5,0.47,-65.6,-50.2,24.7,45.0,-93.9,6.3,,128.0,1
D000173,,1227.0,1.13,29.5,0.48,-66.7,-49.6,25.8,46.0,-94.6,8.7,,128.0,1
D000174,3.9,1229.0,1.07,27.5,0.5,-66.3,-50.1,21.0,41.0,-97.4,5.1,1.0,126.0,0
D000175,6.7,1275.0,1.03,32.5,0.31,-63.4,-47.9,29.6,36.0,-98.9,23.4,1.0,104.0,0
D000176,3.5,1204.0,1.38,32.5,0.44,-68.6,-46.3,22.0,55.0,-96.4,1.8,1.0,103.0,0
D000177,4.9,1208.0,1.13,29.0,0.45,-65.1,-51.5,24.1,40.0,-94.9,6.0,1.0,135.0,1
D000178,4.9,1196.0,1.08,29.5,0.45,-65.4,-48.9,23.2,44.0,-96.0,11.7,0.0,129.0,1
D000179,3.4,1003.0,1.51,37.0,0.52,-62.8,-52.8,28.4,60.0,-97.1,2.1,0.0,103.0,0
D000180,5.6,1300.0,0.97,25.5,0.48,-67.3,-51.5,21.7,39.0,-99.4,0.6,0.0,109.0,1
D000181,4.7,1219.0,1.13,30.0,0.44,-65.4,-50.2,26.0,46.0,-96.9,10.3,1.0,136.0,1
D000182,4.6,1218.0,1.14,28.0,0.5,-67.2,-50.3,24.3,45.0,-94.8,12.4,0.0,129.0,1
D000183,3.9,1154.0,1.15,26.5,0.41,-65.0,-52.0,,36.0,-93.0,4.7,0.0,150.0,1
D000184,5.3,1154.0,1.09,30.0,0.52,-64.8,-50.3,22.4,48.0,-96.2,11.0,1.0,133.0,1
D000185,3.5,1327.0,1.15,34.5,0.39,-68.7,-50.3,28.2,,-91.8,23.8,0.0,122.0,1
D000186,3.9,1275.0,1.12,24.5,0.66,-60.6,-48.0,20.7,60.0,,12.7,1.0,128.0,0
D000187,5.6,1149.0,1.45,20.5,0.33,-62.9,-46.6,29.1,51.0,-92.3,18.3,0.0,128.0,0
D000188,4.8,1280.0,1.14,30.5,0.44,-65.8,-49.9,23.5,37.0,-95.3,10.5,0.0,130.0,0
D000189,4.6,1188.0,1.24,24.5,0.47,-67.2,-51.0,25.4,45.0,-95.2,9.7,1.0,131.0,1
D000190,5.3,1137.0,1.08,27.5,0.45,-64.7,-48.8,25.4,45.0,-97.0,6.9,1.0,124.0,1
D000191,3.8,1231.0,1.56,22.0,0.61,-68.1,-45.2,25.5,39.0,,2.6,1.0,110.0,0
D000192,6.9,1083.0,1.33,40.0,0.51,-60.2,-49.5,23.2,32.0,-96.4,1.8,1.0,127.0,1
D000193,6.2,1102.0,1.39,21.0,0.31,-62.4,-47.8,23.3,51.0,-97.4,0.8,1.0,150.0,0
D000194,4.7,1210.0,1.19,26.5,0.44,-65.8,-52.3,23.3,39.0,-94.8,6.9,1.0,131.0,1
D000195,5.4,1272.0,1.11,29.5,0.55,-66.4,-50.9,25.3,45.0,-95.7,9.4,0.0,127.0,1
D000196,6.7,1309.0,1.55,37.0,0.58,-68.8,-49.9,23.6,60.0,-91.6,1.2,1.0,144.0,1
D000197,4.7,1181.0,1.18,30.5,,-65.1,-49.4,22.7,48.0,-95.8,10.3,1.0,144.0,1
D000198,4.8,1176.0,1.11,31.5,0.49,-65.0,-51.6,24.9,41.0,-95.8,7.0,0.0,134.0,1
D000199,5.0,1183.0,0.99,29.5,0.5,-66.3,-48.8,24.1,44.0,-94.8,9.2,1.0,127.0,1
D000200,3.9,1247.0,1.17,26.5,0.49,-66.7,-50.0,23.2,46.0,-93.9,11.5,0.0,116.0,0
D000201,4.3,1145.0,1.08,28.0,0.43,-64.2,-50.9,23.4,47.0,-95.2,,1.0,132.0,0
D000202,5.3,1103.0,1.07,31.0,0.43,-67.6,-49.9,25.2,43.0,-95.0,6.8,1.0,124.0,1
D000203,4.7,1181.0,1.06,29.0,0.42,-65.8,-48.8,23.7,48.0,-94.7,10.0,1.0,127.0,1
D000204,4.4,1196.0,1.12,28.0,0.49,-64.2,-50.2,22.9,42.0,-94.5,10.7,0.0,130.0,1
D000205,4.4,1163.0,0.97,31.5,0.48,-65.0,-49.1,23.4,44.0,-95.5,8.1,1.0,115.0,1
D000206,5.1,1189.0,0.95,30.0,0.41,-65.7,-51.1,25.7,48.0,-94.9,9.2,1.0,129.0,1
D000207,6.0,1384.0,1.23,33.5,0.36,-67.0,,27.7,56.0,-95.8,21.8,1.0,132.0,0
D000208,3.2,1005.0,0.84,31.5,0.55,-62.4,-48.5,24.7,47.0,-96.8,21.0,0.0,134.0,1
D000209,5.0,1213.0,1.18,25.0,0.38,-64.9,-49.4,23.3,42.0,-96.9,12.7,1.0,137.0,0
D000210,5.3,1166.0,0.91,27.5,0.56,-65.6,-51.2,23.2,,-94.2,9.9,1.0,127.0,1
D000211,4.9,1182.0,1.09,25.0,0.41,-65.6,-49.4,25.3,40.0,-94.9,,1.0,117.0,0
D000212,5.2,1231.0,1.2,32.0,0.31,-65.4,-48.3,22.4,39.0,-98.8,2.9,0.0,145.0,1
D000213,4.4,1232.0,1.0,26.5,0.51,-63.9,-49.8,24.4,39.0,-95.4,3.7,1.0,131.0,1
D000214,5.3,1225.0,1.07,27.0,0.52,-66.4,-50.9,24.8,39.0,-95.9,13.8,1.0,124.0,1
D000215,5.0,1200.0,1.18,,0.48,-65.4,-48.3,22.9,52.0,-97.5,10.2,0.0,131.0,1
D000216,4.1,1174.0,1.22,28.0,0.44,-65.9,-48.3,23.8,40.0,-98.2,9.1,1.0,129.0,0
D000217,5.6,1096.0,1.14,25.5,0.49,-65.3,-48.8,22.9,42.0,-96.2,5.6,1.0,134.0,1
D000218,4.6,1153.0,1.1,28.5,0.54,-65.9,-50.4,22.9,45.0,-97.0,5.8,1.0,130.0,1
D000219,4.7,1204.0,1.02,26.0,0.5,-67.6,-51.3,23.4,46.0,-95.5,,1.0,122.0,1
D000220,4.2,1020.0,0.99,29.5,0.66,-65.5,-52.2,20.4,34.0,-90.7,21.8,0.0,105.0,0
D000221,3.0,1149.0,1.05,23.0,0.51,-64.3,-52.6,28.4,49.0,-93.9,19.0,0.0,140.0,0
D000222,5.1,1396.0,1.02,32.0,0.5,-67.1,-48.1,26.7,30.0,-91.4,15.5,1.0,104.0,1
D000223,4.8,1062.0,1.28,22.0,0.62,-67.8,-48.4,24.1,59.0,-92.5,,1.0,135.0,0
D000224,5.2,1139.0,1.09,30.5,0.47,-65.3,-49.0,24.5,44.0,-96.0,10.6,0.0,122.0,1
D000225,4.3,1168.0,1.12,28.0,0.42,-65.8,-48.6,22.1,47.0,-96.8,9.5,1.0,121.0,0
D000226,5.0,1147.0,1.04,28.5,0.42,-65.5,-48.5,23.9,43.0,-96.8,8.4,0.0,,1
D000227,3.4,1040.0,0.88,36.0,0.33,-65.2,-47.1,28.3,41.0,-91.6,,0.0,122.0,0
D000228,6.5,1259.0,1.57,37.0,0.57,-63.1,-46.5,26.9,58.0,-98.4,17.5,1.0,102.0,0
D000229,5.7,1269.0,1.26,27.0,0.64,-67.3,-52.9,21.5,57.0,-92.8,6.0,0.0,119.0,1
D000230,4.8,1202.0,1.16,28.0,0.48,-64.8,-50.1,24.4,43.0,-97.4,8.5,1.0,120.0,1
D000231,4.1,1153.0,1.17,21.5,0.45,-68.5,-52.0,27.4,58.0,-95.7,23.9,1.0,114.0,0
D000232,5.0,1060.0,0.86,20.0,0.56,-69.5,-50.3,25.3,36.0,-90.5,18.6,1.0,107.0,1
D000233,4.6,1145.0,1.22,33.0,0.47,-64.3,-49.8,24.0,46.0,-96.3,8.4,0.0,128.0,1
D000234,4.6,1194.0,1.01,28.5,0.53,-64.8,-48.7,26.0,,-95.7,5.7,0.0,125.0,1
D000235,4.6,1253.0,1.17,30.0,0.47,-64.1,-49.6,25.0,43.0,-95.3,7.6,1.0,122.0,1
D000236,5.0,1199.0,1.01,28.5,0.47,-64.1,-48.6,24.4,39.0,-96.7,9.3,1.0,126.0,1
D000237,5.2,1163.0,0.9,27.5,0.46,-65.1,-49.8,22.8,45.0,-94.7,10.1,0.0,136.0,1
D000238,4.8,1162.0,1.21,28.0,0.52,-63.9,-50.8,25.3,46.0,-94.1,5.9,0.0,134.0,1
D000239,4.4,1126.0,1.18,27.0,0.67,-66.0,-48.6,28.1,49.0,-97.4,7.0,1.0,143.0,0
D000240,4.0,1267.0,1.17,30.0,0.48,-66.5,-48.3,28.0,35.0,-92.6,22.0,0.0,128.0,0
D000241,4.4,1180.0,1.11,31.5,0.55,-65.5,-49.9,23.5,44.0,-95.5,12.3,1.0,144.0,1
D000242,4.9,1154.0,1.03,32.5,0.46,-64.5,-49.2,23.8,46.0,-96.1,7.8,0.0,125.0,0
D000243,4.5,1158.0,0.99,28.5,0.51,-65.2,-50.0,23.7,41.0,-94.8,6.3,0.0,128.0,1
D000244,3.9,1243.0,1.14,27.0,0.45,-66.7,-48.7,22.9,35.0,-95.8,11.1,1.0,134.0,1
D000245,5.6,1178.0,1.02,27.5,,-65.4,-49.5,25.6,44.0,-96.7,6.8,1.0,136.0,1
D000246,5.1,1151.0,1.08,29.0,0.49,-66.1,-51.3,23.1,40.0,-96.2,8.7,1.0,124.0,1
D000247,6.7,1111.0,0.93,31.0,0.43,,-47.2,24.6,58.0,-92.7,9.2,0.0,120.0,0
D000248,5.7,,1.14,33.5,0.44,-66.4,-50.4,24.2,45.0,-95.4,6.7,0.0,133.0,1
D000249,4.2,1198.0,1.13,25.5,0.44,-65.5,-51.5,22.2,49.0,-96.0,6.9,0.0,118.0,0
D000250,3.2,1018.0,1.28,26.5,0.54,-67.2,,26.3,34.0,-90.1,16.6,1.0,140.0,0
D000251,6.6,1335.0,1.55,34.5,0.45,-64.7,-51.4,22.0,42.0,-96.6,3.6,1.0,134.0,1
D000252,4.0,1043.0,0.97,39.0,0.55,-67.8,-46.9,21.7,50.0,-95.5,22.3,0.0,148.0,1
D000253,5.1,1351.0,1.1,25.0,0.38,-63.6,-54.3,24.2,55.0,-99.8,20.9,1.0,135.0,0
D000254,4.8,1206.0,1.12,29.5,,-65.2,-51.0,23.1,45.0,-97.0,8.9,1.0,121.0,1
D000255,5.0,1145.0,1.09,28.5,0.46,-65.3,-49.4,27.4,42.0,-95.0,11.5,1.0,129.0,0
D000256,4.5,1124.0,1.12,32.0,0.45,-65.3,,25.2,48.0,-93.7,5.7,1.0,136.0,0
D000257,4.6,1190.0,1.14,25.5,0.43,-65.5,-49.9,22.2,42.0,-94.6,11.7,0.0,128.0,1
D000258,4.3,1205.0,1.06,30.5,0.56,-66.1,-49.0,23.3,45.0,-94.8,11.3,1.0,135.0,1
D000259,5.7,1263.0,1.37,34.0,0.69,-62.7,-52.9,23.7,53.0,-99.6,7.4,0.0,121.0,0
D000260,3.8,1145.0,1.04,33.5,0.51,-66.8,-48.8,24.2,46.0,-97.0,15.1,1.0,120.0,1
D000261,4.9,1269.0,1.07,31.0,0.43,-64.3,-50.2,23.0,49.0,-95.5,10.5,0.0,127.0,1
D000262,5.0,1130.0,1.2,31.5,0.54,-64.9,-49.9,24.2,44.0,-94.9,9.2,1.0,123.0,1
D000263,5.1,1110.0,1.06,29.0,0.46,-65.4,-49.4,24.1,44.0,-98.0,6.1,0.0,131.0,1
D000264,5.5,1229.0,0.98,26.0,0.42,-67.2,-49.6,23.3,44.0,-95.6,9.9,0.0,138.0,1
D000265,4.3,1199.0,1.27,29.0,0.49,-64.4,-49.0,23.3,42.0,-94.8,8.5,1.0,121.0,0
D000266,6.5,1140.0,1.36,25.5,0.52,-61.4,-45.7,28.6,,-91.3,8.6,1.0,141.0,0
D000267,4.5,1169.0,1.14,26.5,0.44,-66.5,-49.3,23.9,38.0,-96.5,8.6,1.0,127.0,0
D000268,5.4,1033.0,1.09,22.5,0.41,-60.4,-48.8,21.0,46.0,-93.5,22.3,0.0,116.0,0
D000269,5.4,1169.0,1.22,28.5,0.55,-63.1,-49.7,23.2,45.0,-95.2,7.5,1.0,130.0,1
D000270,5.1,1148.0,1.23,27.5,0.49,-64.7,-50.2,24.2,40.0,-97.3,10.4,0.0,127.0,1
D000271,5.4,1189.0,1.09,30.5,0.41,-67.1,-51.3,24.3,44.0,-95.2,5.6,0.0,127.0,1
D000272,5.2,1247.0,1.09,28.0,0.49,-66.0,-49.9,23.2,46.0,-93.0,9.5,0.0,126.0,1
D000273,4.8,1197.0,1.07,30.5,0.52,-65.2,-49.7,23.6,39.0,-95.5,10.1,0.0,126.0,1
D000274,4.8,1178.0,1.1,27.5,0.45,-66.1,-49.8,24.2,42.0,-95.6,5.9,0.0,122.0,1
D000275,4.5,1248.0,1.17,29.0,0.47,-64.3,-49.2,22.8,,-95.3,10.6,0.0,129.0,1
D000276,5.2,1173.0,1.1,29.5,0.51,-66.5,-51.1,22.9,40.0,-96.4,8.6,1.0,128.0,1
D000277,4.2,1083.0,1.11,26.5,0.42,-64.7,-50.1,23.5,47.0,-94.4,11.2,0.0,122.0,0
D000278,3.2,1049.0,1.54,39.0,0.65,-69.3,-51.8,21.5,35.0,-97.5,4.3,0.0,121.0,1
D000279,4.8,1160.0,1.12,31.5,0.49,-65.1,-47.5,23.1,40.0,-95.9,8.8,1.0,127.0,1
D000280,3.8,1250.0,1.14,21.0,0.54,-67.8,-53.5,26.7,40.0,-92.2,18.9,0.0,106.0,1
D000281,5.7,1217.0,1.04,30.5,0.47,-65.1,-50.5,23.5,42.0,-95.4,11.7,1.0,123.0,1
D000282,5.0,1181.0,0.92,29.0,0.46,-65.6,-50.1,23.2,41.0,-95.8,9.1,1.0,134.0,1
D000283,3.5,1055.0,1.06,37.5,0.37,-60.3,-49.7,23.2,57.0,-93.8,21.4,1.0,102.0,0
D000284,4.4,1084.0,1.33,24.0,0.36,-64.6,-50.6,21.6,53.0,-95.8,8.7,0.0,121.0,0
D000285,4.5,1110.0,1.06,25.0,0.54,-66.5,-49.0,22.7,44.0,-97.7,,0.0,125.0,1
D000286,4.5,1159.0,1.19,30.0,0.47,-65.0,-50.5,25.2,42.0,-95.1,4.2,1.0,131.0,1
D000287,5.1,1214.0,1.08,29.5,0.47,-65.5,-49.7,24.3,48.0,-94.1,12.4,0.0,121.0,1
D000288,5.1,1129.0,1.15,30.0,0.49,-63.8,-50.2,23.2,51.0,-96.0,5.3,0.0,127.0,1
D000289,5.9,1208.0,1.52,33.0,0.45,-67.8,-49.9,27.3,38.0,-96.0,18.0,1.0,116.0,1
D000290,6.5,1200.0,1.55,35.0,0.31,-68.6,-49.6,20.7,53.0,-96.5,7.4,1.0,106.0,0
D000291,6.6,1396.0,1.0,36.5,0.64,-62.2,-51.1,26.3,38.0,-94.4,15.8,0.0,111.0,0
D000292,4.9,1155.0,1.02,26.5,0.49,-66.4,-49.1,24.7,43.0,-95.7,9.1,1.0,129.0,1
D000293,4.4,1013.0,0.85,28.5,0.52,-60.6,-47.4,26.4,48.0,-97.7,5.7,1.0,124.0,0
D000294,6.9,1219.0,1.04,21.0,0.61,-63.5,-48.1,20.2,41.0,-93.1,23.1,1.0,148.0,0
D000295,5.2,1144.0,1.06,27.0,0.5,,-49.3,22.8,46.0,-95.9,9.5,0.0,130.0,1
D000296,4.7,1184.0,0.97,34.0,0.52,-64.7,-48.9,22.5,43.0,-96.5,3.1,0.0,130.0,1
D000297,5.2,1148.0,1.2,30.5,0.47,-66.5,-50.1,22.2,41.0,-95.6,7.0,0.0,124.0,1
D000298,5.1,1048.0,0.81,38.5,0.44,-62.7,,21.2,,-93.9,12.6,1.0,144.0,1
D000299,5.2,1174.0,1.05,25.5,0.49,-66.6,-51.0,24.8,42.0,-96.1,7.0,0.0,128.0,1
D000300,4.5,1219.0,1.09,30.5,0.39,-65.5,-49.5,23.7,40.0,-96.0,7.7,1.0,135.0,1
D000301,4.9,1392.0,1.47,23.5,0.43,-68.4,-46.4,22.1,53.0,-91.7,10.1,0.0,109.0,0
D000302,3.1,1359.0,1.27,36.0,0.57,-64.9,-49.3,20.6,45.0,-97.0,13.2,1.0,149.0,1
D000303,4.4,1243.0,1.16,31.5,0.42,-65.6,-51.2,24.8,43.0,-97.0,5.3,0.0,124.0,1
D000304,5.6,1167.0,1.27,34.5,0.69,-66.7,-52.9,28.4,52.0,-90.3,,1.0,114.0,0
D000305,4.7,1253.0,1.01,39.0,0.52,-67.2,-47.0,28.0,59.0,-99.4,17.6,1.0,141.0,1
D000306,5.3,1182.0,1.05,30.0,0.45,-65.1,-51.2,23.8,39.0,-95.4,9.2,0.0,126.0,1
D000307,3.8,1080.0,0.92,33.5,0.53,-65.5,-53.6,26.3,32.0,-93.8,2.3,1.0,147.0,1
D000308,5.3,1231.0,0.95,29.5,0.48,-66.4,-50.2,23.3,50.0,-94.6,12.2,0.0,129.0,1
D000309,4.1,1021.0,1.06,25.5,0.48,-62.9,-53.2,24.7,35.0,-94.8,5.7,1.0,119.0,1
D000310,5.0,1199.0,1.15,33.0,0.51,-65.7,-49.8,23.0,41.0,-96.4,7.2,0.0,131.0,1
D000311,4.1,1208.0,1.27,23.5,0.52,-64.1,-54.5,27.2,49.0,-90.3,4.8,1.0,136.0,0
D000312,5.0,1233.0,1.07,29.0,0.56,-67.2,-49.2,24.3,47.0,-97.5,9.2,1.0,126.0,1
D000313,4.6,1165.0,1.1,30.0,0.46,-64.9,-49.7,26.0,43.0,-96.6,2.3,0.0,132.0,1
D000314,7.0,1076.0,0.99,29.0,0.55,-63.0,-54.4,27.4,59.0,-94.4,20.2,0.0,121.0,0
D000315,5.0,1206.0,1.19,28.0,0.46,-65.1,-50.6,,45.0,-95.4,12.3,1.0,130.0,0
D000316,5.1,1186.0,1.07,31.0,0.48,-63.9,-49.9,23.6,42.0,-95.9,12.9,1.0,132.0,0
D000317,5.7,1392.0,1.34,21.5,0.39,-67.3,-45.2,22.0,55.0,-96.5,3.6,0.0,133.0,1
D000318,4.0,1138.0,1.13,27.0,0.3,-60.4,-45.7,24.9,36.0,-97.5,5.3,1.0,107.0,0
D000319,3.1,1219.0,0.92,35.5,0.5,-68.2,-48.4,28.9,55.0,-96.1,12.3,1.0,115.0,0
D000320,4.5,1261.0,1.2,28.5,0.51,-65.1,-50.2,24.3,38.0,-96.1,8.9,0.0,130.0,1
D000321,4.3,1193.0,1.04,27.5,0.43,-64.4,-51.7,24.7,45.0,-94.4,9.6,,134.0,1
D000322,4.8,1212.0,1.16,32.5,0.48,-66.7,-50.4,24.4,40.0,-95.2,9.3,1.0,125.0,1
D000323,5.3,1252.0,1.04,26.5,0.44,-65.0,-52.2,24.5,48.0,-95.0,8.3,1.0,123.0,1
D000324,6.5,1039.0,1.41,25.5,0.41,-64.8,-45.4,23.8,59.0,-94.9,18.7,1.0,146.0,0
D000325,3.6,1150.0,0.9,32.5,0.53,-69.6,-51.7,20.9,42.0,-95.5,3.2,0.0,132.0,1
D000326,4.4,1186.0,1.2,26.0,0.5,-64.6,-50.4,25.7,44.0,-94.7,11.9,0.0,135.0,1
D000327,5.5,1274.0,1.12,30.0,0.5,-65.4,-51.4,23.3,38.0,-93.4,6.3,0.0,128.0,1
D000328,4.2,1135.0,1.04,29.5,0.48,-66.6,-49.5,25.1,43.0,-95.3,8.8,1.0,131.0,1
D000329,3.6,1216.0,1.08,26.5,0.45,-65.3,-51.3,24.8,47.0,-95.4,8.6,1.0,129.0,0
D000330,5.5,,1.19,30.0,0.5,-66.5,-51.3,24.6,48.0,-96.0,8.3,0.0,131.0,1
D000331,4.6,1121.0,1.08,26.5,0.53,-64.5,-48.9,23.0,44.0,-95.1,1.7,1.0,127.0,1
D000332,5.2,1183.0,1.16,27.5,,-65.6,-52.0,22.6,45.0,-96.3,8.1,1.0,126.0,1
D000333,4.9,1218.0,1.17,29.5,0.51,-62.3,-50.7,25.1,44.0,-95.5,7.1,0.0,120.0,1
D000334,5.2,1186.0,1.17,27.5,0.53,-66.3,-48.6,24.9,45.0,-94.9,9.5,1.0,140.0,1
D000335,4.7,1274.0,0.95,29.5,0.68,-63.6,-50.9,27.3,48.0,-96.7,7.6,1.0,149.0,0
D000336,6.5,1363.0,1.45,,0.56,-60.2,-45.3,25.3,54.0,-98.3,7.1,1.0,115.0,0
D000337,4.1,1176.0,1.29,27.0,0.5,-66.2,-49.8,26.8,49.0,-96.0,8.7,1.0,130.0,1
D000338,4.7,1169.0,1.09,29.0,0.53,-64.7,-50.3,22.8,46.0,-97.1,8.5,0.0,127.0,1
D000339,3.1,1214.0,1.43,28.5,0.54,-68.3,-51.7,25.0,35.0,-94.9,23.6,1.0,116.0,0
D000340,5.0,1219.0,0.98,23.5,0.47,-65.2,-52.1,25.7,46.0,-95.9,7.8,1.0,116.0,1
D000341,4.8,,1.13,32.0,0.47,-64.2,-50.1,24.5,50.0,-95.1,10.9,0.0,124.0,0
D000342,5.3,1279.0,1.59,39.0,0.36,-68.8,-50.6,22.2,32.0,-98.5,13.5,1.0,102.0,0
D000343,5.0,1288.0,1.28,37.0,0.41,-60.2,-47.9,23.3,53.0,-96.1,9.6,0.0,118.0,0
D000344,4.5,1178.0,1.11,32.0,0.46,-66.5,-50.1,25.0,41.0,,9.6,0.0,131.0,1
D000345,4.8,1207.0,1.39,29.0,0.52,-68.7,-48.8,29.4,53.0,-94.6,15.8,0.0,114.0,0
D000346,4.8,1118.0,1.13,29.5,0.45,-65.4,-49.4,21.4,49.0,-95.1,9.1,1.0,133.0,1
D000347,4.5,1185.0,1.13,27.0,0.44,-66.0,-49.7,24.3,48.0,-95.9,6.3,1.0,125.0,1
D000348,4.7,1169.0,0.88,29.0,0.48,-64.1,-49.5,24.3,43.0,-95.9,10.4,1.0,132.0,1
D000349,4.9,1209.0,1.1,27.5,0.55,-64.1,-50.7,24.8,42.0,-94.7,11.6,0.0,132.0,1
D000350,4.9,1211.0,0.99,27.5,0.49,-63.2,-48.6,23.5,42.0,-94.3,7.5,1.0,121.0,0
D000351,4.7,1193.0,0.99,26.0,0.42,-64.7,-50.5,23.2,43.0,-94.0,5.7,1.0,124.0,1
D000352,4.4,1152.0,1.07,26.5,0.5,-65.5,-50.0,22.3,43.0,-95.4,8.7,0.0,115.0,1
D000353,5.0,1177.0,1.1,27.5,0.43,-66.2,-50.2,22.8,47.0,,10.7,1.0,120.0,0
D000354,4.9,1205.0,1.15,26.0,0.49,-65.6,-50.1,22.6,45.0,-96.3,12.4,0.0,122.0,1
D000355,4.3,1153.0,1.12,28.0,0.46,-66.2,-49.9,24.2,41.0,-95.4,8.1,1.0,130.0,1
D000356,5.3,1182.0,1.07,30.0,0.57,-67.3,-48.3,24.0,46.0,-95.3,,1.0,135.0,1
D000357,4.7,1119.0,1.08,30.0,0.49,-65.8,-49.9,23.5,45.0,-94.5,7.8,0.0,120.0,1
D000358,4.6,1139.0,1.12,29.5,0.52,-64.6,-50.4,25.5,50.0,-95.0,8.6,1.0,133.0,1
D000359,6.2,1196.0,1.43,39.0,0.65,-62.3,-54.8,28.9,45.0,-92.7,12.5,0.0,133.0,1
D000360,5.0,1147.0,1.15,29.0,0.54,-63.2,-51.2,23.4,45.0,-94.9,9.4,,122.0,1
D000361,4.2,1202.0,1.18,31.5,0.49,-65.8,-52.5,22.5,39.0,-95.7,8.6,0.0,132.0,1
D000362,4.9,1218.0,1.01,24.5,0.49,-67.1,-49.8,24.9,45.0,-96.4,7.5,1.0,124.0,1
D000363,4.7,1221.0,1.06,31.5,0.52,-65.2,-49.1,22.0,45.0,-94.3,6.8,0.0,123.0,1
D000364,4.2,1207.0,0.92,28.0,0.49,-64.9,-50.0,23.6,41.0,-96.3,7.0,1.0,117.0,1
D000365,4.5,1146.0,0.96,28.5,0.43,-64.1,-49.0,24.1,45.0,-97.0,8.0,1.0,127.0,1
D000366,6.0,1158.0,0.92,27.0,0.56,-62.2,,23.0,49.0,-97.4,3.8,1.0,117.0,1
D000367,6.9,1001.0,1.37,35.0,0.49,-63.0,-53.9,29.0,32.0,-90.7,7.6,0.0,108.0,0
D000368,5.4,1186.0,1.1,33.5,0.55,-66.8,-45.1,23.3,49.0,-94.1,14.0,1.0,111.0,0
D000369,6.3,1146.0,1.12,38.5,0.33,-65.4,-53.8,22.8,60.0,-91.4,0.1,0.0,103.0,1
D000370,5.2,1236.0,1.05,27.0,0.52,-66.2,-48.4,25.6,43.0,-94.5,4.5,1.0,139.0,1
D000371,4.5,1210.0,0.99,32.5,0.46,-64.5,-50.4,25.6,44.0,,8.2,0.0,126.0,1
D000372,5.6,1279.0,0.91,39.5,0.66,-65.1,-47.6,22.8,50.0,-97.6,16.1,0.0,147.0,1
D000373,5.1,1211.0,1.54,30.0,0.59,-66.7,-51.5,20.4,38.0,-92.3,18.7,1.0,107.0,0
D000374,4.5,1164.0,1.26,30.5,0.49,-64.3,-48.1,23.7,45.0,-96.7,8.8,1.0,,1
D000375,4.1,1175.0,1.03,31.5,0.46,-64.5,,24.9,44.0,-96.3,3.7,1.0,124.0,1
D000376,5.8,1193.0,1.46,24.5,0.4,-66.8,-52.2,23.3,33.0,-99.4,18.0,1.0,148.0,1
D000377,3.9,1127.0,1.13,31.5,0.48,-67.0,-50.4,24.5,52.0,-97.3,12.4,0.0,124.0,0
D000378,4.2,1211.0,1.26,30.0,0.48,-65.4,-50.6,25.9,44.0,-96.2,10.1,0.0,127.0,1
D000379,4.1,1265.0,1.43,30.5,0.63,-68.7,-50.5,23.0,31.0,-95.2,3.3,0.0,150.0,1
D000380,4.8,1158.0,1.11,31.5,0.49,-64.8,-49.1,24.0,44.0,-94.7,6.8,1.0,130.0,1
D000381,,1295.0,1.28,23.5,0.67,-61.4,-45.5,26.7,39.0,-99.4,18.4,1.0,133.0,0
D000382,3.1,1076.0,1.08,30.0,0.54,-68.8,-54.5,25.0,39.0,-97.6,11.9,1.0,126.0,1
D000383,4.2,1144.0,1.09,30.5,0.49,-64.4,-48.5,23.5,,-96.5,9.0,0.0,133.0,1
D000384,4.8,1246.0,,27.0,0.45,-67.2,-49.4,24.2,46.0,-95.7,7.2,1.0,130.0,1
D000385,5.2,1219.0,0.96,29.5,0.4,-64.2,-49.9,24.1,42.0,-95.6,11.7,1.0,125.0,1
D000386,4.6,1209.0,1.17,32.0,0.48,-65.9,-50.3,22.3,,-95.7,8.3,1.0,122.0,1
D000387,4.5,1218.0,1.14,28.5,0.48,-65.0,-50.2,24.1,48.0,-96.8,7.4,0.0,134.0,1
D000388,4.8,1129.0,1.18,33.0,0.53,-67.2,-50.6,23.9,46.0,-95.3,11.9,1.0,124.0,1
D000389,5.7,1141.0,1.12,32.5,0.62,-66.9,-53.6,20.7,58.0,-95.4,21.9,1.0,109.0,0
D000390,5.2,1191.0,1.02,28.5,0.48,-64.9,-51.6,23.3,42.0,-95.5,11.8,0.0,128.0,1
D000391,4.7,1187.0,1.14,29.0,0.46,-66.6,-47.8,23.9,48.0,-94.4,5.1,1.0,130.0,0
D000392,6.8,1380.0,0.91,38.0,0.4,-68.7,-49.4,26.9,33.0,-95.2,8.2,0.0,129.0,1
D000393,6.6,1251.0,1.35,27.0,0.66,-63.1,-48.3,26.6,33.0,-99.8,18.0,0.0,139.0,0
D000394,4.6,1202.0,1.13,29.5,0.52,-64.5,-50.4,25.7,49.0,-95.6,12.8,1.0,130.0,1
D000395,4.9,1196.0,1.02,29.0,0.52,-65.7,,23.7,43.0,-96.5,,1.0,130.0,1
D000396,5.0,1128.0,1.19,29.5,0.54,-64.8,-49.8,24.3,44.0,-95.9,6.6,1.0,131.0,1
D000397,3.1,1393.0,0.85,30.0,0.41,-67.0,-45.1,28.9,53.0,-93.4,14.8,0.0,139.0,0
D000398,5.0,1160.0,1.08,29.5,0.43,-66.6,-52.5,23.9,39.0,-94.2,10.0,1.0,116.0,1
D000399,4.4,1206.0,1.06,28.5,0.49,-67.0,-48.3,24.5,45.0,-95.9,9.3,1.0,127.0,1
D000400,5.9,1379.0,1.39,37.0,0.65,-61.0,-45.2,23.6,32.0,-92.0,15.6,0.0,138.0,0
D000401,4.4,1198.0,1.05,27.0,0.5,-66.1,-50.4,24.4,,-95.1,12.5,0.0,129.0,1
D000402,5.0,1109.0,1.0,31.5,0.47,-64.4,-48.8,22.6,41.0,-95.1,9.2,0.0,129.0,1
D000403,6.8,1371.0,1.6,23.0,0.42,-64.5,-54.1,28.0,59.0,-96.0,18.3,1.0,120.0,0
D000404,4.5,1054.0,1.52,31.5,0.61,-62.1,-49.6,29.1,47.0,-92.1,3.7,1.0,127.0,0
D000405,5.2,1188.0,1.04,28.0,0.47,-64.1,-50.0,24.0,40.0,-94.5,8.2,0.0,123.0,1
D000406,4.5,1233.0,1.08,31.0,0.53,-64.4,-49.1,22.3,44.0,-96.3,12.9,0.0,126.0,1
D000407,3.8,1223.0,1.08,32.0,0.49,-67.8,-48.7,22.7,,-96.5,11.9,1.0,128.0,0
D000408,5.3,1148.0,1.24,28.5,0.49,-65.8,-51.4,23.5,44.0,-96.3,4.3,1.0,138.0,1
D000409,5.3,1166.0,0.82,28.0,0.51,-67.2,-45.8,20.4,58.0,-97.3,13.3,1.0,145.0,1
D000410,4.4,1171.0,1.08,31.5,0.52,-64.7,-48.9,25.5,37.0,-94.6,,1.0,123.0,1
D000411,4.5,1228.0,1.12,28.5,0.44,-64.9,-50.5,24.2,45.0,-95.9,11.8,0.0,126.0,1
D000412,6.6,1027.0,1.59,29.0,0.39,-68.6,-45.5,26.8,60.0,-93.0,18.7,1.0,144.0,0
D000413,5.4,1118.0,1.11,32.5,0.46,-64.6,-48.6,24.8,50.0,-97.6,8.3,1.0,137.0,1
D000414,4.6,1185.0,1.17,29.5,0.48,-64.6,-52.6,22.9,41.0,-94.8,6.1,0.0,129.0,1
D000415,4.7,1194.0,1.2,32.5,0.4,-65.7,-51.3,23.2,47.0,-96.7,7.2,0.0,125.0,1
D000416,4.1,1296.0,1.49,34.5,0.42,-66.8,-46.5,26.1,53.0,-93.0,10.5,0.0,130.0,1
D000417,4.4,1174.0,1.1,27.5,0.52,-66.7,-48.4,23.7,46.0,-94.3,7.4,0.0,131.0,1
D000418,5.1,1183.0,0.9,29.0,0.49,-64.7,-50.1,23.5,47.0,-95.8,8.2,0.0,133.0,1
D000419,5.3,1124.0,1.06,27.0,0.53,-65.2,-49.6,24.3,41.0,-94.9,7.6,1.0,130.0,1
D000420,4.6,1122.0,1.0,25.5,0.68,-62.3,,21.0,48.0,-96.7,21.5,0.0,104.0,0
D000421,4.6,,1.15,32.0,0.41,-64.2,-50.3,25.1,49.0,-96.1,3.3,1.0,130.0,1
D000422,4.3,1132.0,0.96,28.5,0.46,-66.3,-47.8,24.9,46.0,-94.1,6.8,1.0,131.0,1
D000423,7.0,1005.0,0.98,35.5,0.42,-69.7,-49.5,28.7,34.0,-93.8,20.1,0.0,138.0,1
D000424,4.1,1378.0,1.06,20.0,0.64,-69.7,-54.6,29.2,58.0,-90.3,12.4,1.0,143.0,0
D000425,6.6,1001.0,0.98,36.0,0.51,-60.6,-45.4,29.9,38.0,-99.5,2.2,1.0,116.0,1
D000426,5.0,1170.0,1.49,30.0,0.48,-61.1,-51.9,29.6,33.0,-91.6,,1.0,144.0,0
D000427,5.8,1179.0,1.27,21.5,0.67,-64.0,-53.9,26.1,35.0,-97.9,13.7,0.0,103.0,0
D000428,4.6,1165.0,1.13,,0.46,-64.8,-49.2,24.3,41.0,-94.0,11.1,1.0,134.0,1
D000429,4.8,1145.0,1.21,32.0,0.48,-64.3,-48.8,23.7,51.0,-93.5,4.7,1.0,129.0,1
D000430,5.2,1189.0,0.81,25.5,0.4,-61.0,-52.5,27.0,32.0,-98.4,13.2,0.0,115.0,1
D000431,5.0,1261.0,1.17,30.0,0.5,-65.1,-51.4,22.9,45.0,-97.2,9.7,0.0,134.0,1
D000432,4.2,1160.0,1.02,29.5,0.56,-65.9,-50.4,24.5,42.0,-96.3,9.7,0.0,134.0,1
D000433,6.5,1298.0,1.53,26.0,0.63,-69.9,-49.6,27.5,34.0,-91.1,15.8,1.0,138.0,1
D000434,5.0,1196.0,1.1,27.5,0.51,-66.6,-49.8,24.3,42.0,-95.8,10.8,1.0,126.0,1
D000435,4.5,1073.0,,27.0,0.38,-68.1,,22.2,49.0,-90.6,14.3,1.0,104.0,1
D000436,5.4,1172.0,1.06,26.5,0.55,-64.3,-48.4,25.9,41.0,-96.5,7.9,1.0,124.0,0
D000437,4.5,1114.0,1.08,38.5,0.52,-66.9,-46.1,25.0,57.0,-100.0,11.5,0.0,104.0,1
D000438,6.2,1203.0,0.84,25.0,0.3,-69.2,-52.9,25.2,59.0,-97.3,14.9,1.0,115.0,0
D000439,4.8,1163.0,1.13,27.5,0.42,-63.9,-49.5,23.1,42.0,-96.6,7.6,1.0,129.0,0
D000440,4.9,1207.0,1.25,28.0,0.49,,-49.6,23.5,44.0,-95.7,7.7,0.0,118.0,1
D000441,4.9,1182.0,0.93,25.5,0.4,-65.2,,23.0,36.0,-97.4,9.6,0.0,128.0,1
D000442,6.5,1086.0,1.35,21.0,0.3,-67.4,-48.0,23.0,32.0,-96.7,21.7,0.0,107.0,0
D000443,4.9,1187.0,1.12,33.0,0.49,-65.6,-50.9,23.4,38.0,-94.9,9.6,1.0,127.0,1
D000444,4.8,1160.0,1.08,30.5,0.51,-66.2,-50.2,24.3,42.0,-95.7,13.0,0.0,125.0,1
D000445,4.5,1265.0,1.03,28.0,0.48,-65.2,-48.9,22.7,44.0,-95.9,8.1,0.0,126.0,1
D000446,4.7,1172.0,0.98,27.0,0.4,-65.6,-49.8,22.2,47.0,-94.6,11.1,0.0,131.0,0
D000447,4.5,1198.0,1.14,32.0,0.5,-67.1,-49.0,24.5,45.0,-93.6,8.6,0.0,128.0,1
D000448,4.7,1216.0,1.26,25.5,0.5,-64.2,-49.7,25.4,42.0,-95.8,9.2,0.0,123.0,1
D000449,4.9,1171.0,1.13,29.0,0.55,-65.5,-48.8,23.5,46.0,-94.4,11.5,1.0,121.0,1
D000450,4.2,1210.0,1.11,27.0,0.42,-64.8,-51.4,23.2,42.0,-93.7,9.8,0.0,125.0,0
D000451,4.6,1177.0,1.08,25.5,0.54,-66.9,-49.6,24.5,45.0,-98.3,9.4,1.0,131.0,0
D000452,5.4,1116.0,0.99,31.5,0.5,-64.2,-50.1,23.1,37.0,-93.9,11.3,1.0,133.0,1
D000453,5.0,1186.0,1.06,27.5,0.49,,-50.5,24.2,47.0,-95.3,12.9,1.0,134.0,1
D000454,6.7,1124.0,1.6,36.0,0.56,-60.6,-46.2,21.0,,-95.5,18.5,1.0,111.0,0
D000455,5.8,1371.0,1.11,39.5,0.7,-63.5,-47.8,27.4,33.0,-96.4,,0.0,123.0,1
D000456,5.6,1157.0,1.14,31.5,0.55,-66.2,-49.6,23.3,43.0,-94.7,12.0,0.0,131.0,1
D000457,4.9,1165.0,1.11,30.0,0.42,-65.3,-50.4,23.5,42.0,-94.2,8.5,1.0,127.0,1
D000458,5.4,1238.0,1.04,25.5,0.53,-63.9,-48.5,23.8,45.0,-96.0,8.9,1.0,130.0,1
D000459,4.8,1095.0,1.1,28.0,0.47,-65.0,-51.6,24.6,43.0,-95.1,7.6,0.0,131.0,1
D000460,5.1,1126.0,1.1,33.0,0.52,-64.7,-51.1,24.7,43.0,-96.2,12.6,1.0,126.0,1
D000461,4.8,1193.0,1.0,26.5,0.46,-66.6,-48.3,25.1,45.0,-92.9,8.2,0.0,134.0,1
D000462,4.5,1210.0,1.17,27.5,0.48,-66.7,-49.9,23.7,50.0,-96.8,9.9,1.0,132.0,0
D000463,4.2,1305.0,0.81,36.0,0.36,-61.6,-48.8,26.3,34.0,-98.3,15.0,1.0,139.0,1
D000464,4.4,1063.0,0.81,25.5,0.55,-69.5,-45.7,21.6,53.0,-97.2,20.3,0.0,134.0,1
D000465,4.3,1151.0,1.05,27.5,0.54,-66.1,-49.6,23.8,44.0,-96.0,5.7,0.0,132.0,1
D000466,4.8,1199.0,1.2,27.0,0.53,-65.2,-51.0,23.8,44.0,-95.6,8.1,1.0,125.0,1
D000467,4.3,1246.0,1.14,32.0,0.49,-66.1,-50.6,24.6,47.0,-97.7,11.7,0.0,122.0,0
D000468,5.1,1030.0,1.48,23.0,0.53,-69.7,-48.9,20.2,54.0,-99.7,3.2,0.0,150.0,1
D000469,4.4,1266.0,1.21,29.0,0.47,-66.0,-48.9,24.3,44.0,-96.0,4.4,1.0,128.0,1
D000470,4.6,1240.0,1.02,28.0,0.51,-63.9,-50.1,24.8,42.0,-94.6,13.4,0.0,,1
D000471,4.9,1174.0,1.3,30.0,0.44,-66.7,-49.4,25.1,47.0,-95.3,9.0,0.0,134.0,0
D000472,5.9,1329.0,1.36,33.0,0.56,-67.3,-45.8,24.2,50.0,-94.4,3.4,1.0,141.0,1
D000473,4.2,1241.0,1.19,28.0,0.49,-66.4,-51.3,24.2,44.0,-95.2,10.9,0.0,128.0,1
D000474,4.9,1207.0,1.14,30.5,0.54,-66.4,,23.2,43.0,-95.8,5.1,0.0,127.0,1
D000475,4.8,1148.0,1.06,27.0,0.54,-65.7,-50.8,22.6,46.0,-95.9,9.4,1.0,129.0,1
D000476,5.5,1049.0,1.41,30.0,0.34,-66.8,-50.6,28.0,43.0,-99.7,13.6,1.0,136.0,0
D000477,5.0,1127.0,1.03,27.5,0.45,-64.1,-49.7,21.8,43.0,-94.7,8.9,1.0,123.0,0
D000478,3.8,1285.0,1.38,22.0,0.57,-63.6,-49.4,29.9,60.0,-95.0,6.6,1.0,108.0,0
D000479,4.7,1182.0,1.08,26.5,0.43,-67.8,-48.9,22.7,41.0,-96.6,9.5,0.0,127.0,1
D000480,4.9,1185.0,1.02,34.0,0.43,-65.8,-50.0,26.5,39.0,-95.9,5.4,0.0,135.0,1
D000481,5.0,1356.0,1.08,29.0,0.44,-68.2,-53.6,24.6,35.0,-99.0,10.5,0.0,144.0,1
D000482,4.5,1219.0,1.11,29.5,0.56,-64.7,-49.4,23.5,44.0,-96.1,13.2,0.0,130.0,0
D000483,6.7,1287.0,1.04,24.5,0.61,-63.9,-46.7,22.2,53.0,-98.9,15.2,0.0,142.0,1
D000484,5.2,1212.0,1.14,29.5,0.42,-65.6,-50.0,24.6,44.0,-95.8,10.2,1.0,128.0,0
D000485,4.7,1145.0,1.11,30.5,0.53,-67.2,-49.4,26.0,42.0,-95.8,9.6,1.0,128.0,1
D000486,4.6,1188.0,1.0,29.5,0.49,-66.7,-48.6,25.1,50.0,-94.5,11.6,1.0,125.0,1
D000487,6.1,1255.0,1.04,28.5,0.66,-63.3,-53.6,22.6,55.0,-94.9,9.0,1.0,127.0,1
D000488,5.1,1138.0,1.17,36.5,0.7,-62.8,-53.6,23.5,38.0,-91.5,5.1,0.0,143.0,1
D000489,6.6,1077.0,1.25,23.5,0.65,-62.1,-45.8,29.2,42.0,-97.8,16.0,0.0,115.0,0
D000490,4.8,1176.0,1.02,30.5,0.43,,-50.4,23.5,40.0,-96.5,8.4,0.0,123.0,1
D000491,5.6,1161.0,1.16,26.0,0.54,-64.2,-50.8,23.7,43.0,-96.0,11.0,1.0,128.0,1
D000492,4.5,1133.0,1.35,31.0,0.65,-60.5,-46.5,27.5,56.0,-99.1,9.8,0.0,147.0,0
D000493,4.8,1145.0,1.17,29.0,0.44,-64.6,-48.3,25.5,41.0,-96.3,7.1,1.0,123.0,1
D000494,3.2,1061.0,1.13,24.5,0.38,-62.0,-54.2,26.1,31.0,-97.3,13.3,0.0,112.0,0
D000495,3.7,1048.0,0.93,26.0,0.3,-62.5,-54.5,24.3,42.0,-91.7,18.3,1.0,143.0,0
D000496,5.5,1026.0,1.3,21.0,0.69,-67.5,-49.2,27.2,58.0,-96.7,14.4,0.0,143.0,0
D000497,5.1,1178.0,,29.0,0.57,-65.6,-48.8,23.7,48.0,-97.4,9.4,1.0,123.0,1
D000498,4.9,1136.0,1.03,31.0,0.49,-65.5,-50.8,23.9,44.0,-95.9,,0.0,132.0,1
D000499,5.1,1222.0,1.13,28.5,,-64.7,-50.1,24.7,50.0,-95.7,5.1,1.0,122.0,0
D000500,3.2,1346.0,1.18,35.0,0.52,-69.4,-51.3,29.7,60.0,-99.6,20.4,1.0,104.0,0
D000501,6.7,1128.0,1.58,24.5,0.32,-60.0,-53.5,28.2,55.0,-95.3,14.0,0.0,105.0,0
D000502,4.5,,1.0,28.5,0.5,-65.6,-50.4,24.5,43.0,-96.4,10.7,0.0,132.0,0
D000503,4.5,1136.0,0.92,24.0,0.53,-64.5,-49.5,24.9,48.0,-93.9,6.7,1.0,140.0,1
D000504,5.0,1159.0,1.01,27.5,0.53,-64.6,-51.0,25.2,40.0,-95.4,10.9,1.0,119.0,1
D000505,5.4,1179.0,1.25,28.5,0.5,-65.0,-47.9,24.6,50.0,-96.7,10.2,0.0,116.0,0
D000506,4.7,1203.0,1.14,28.5,0.56,-64.5,-50.5,22.9,39.0,-96.4,10.9,0.0,124.0,1
D000507,6.1,1220.0,,34.0,0.55,-63.6,-52.3,20.6,39.0,-99.2,4.0,0.0,132.0,1
D000508,4.9,1205.0,0.98,27.5,0.49,-67.3,-50.4,25.7,42.0,-96.2,10.7,0.0,122.0,1
D000509,6.3,1074.0,1.03,33.5,0.63,-62.8,-47.8,24.4,53.0,-98.7,16.8,1.0,129.0,1
D000510,4.6,1244.0,1.11,31.5,0.5,-65.2,-49.9,23.0,45.0,-94.7,8.0,1.0,124.0,1
D000511,4.6,1134.0,1.19,29.0,0.48,-65.4,-51.1,23.7,41.0,-95.4,12.5,1.0,121.0,0
D000512,4.4,1153.0,1.2,28.5,0.43,-66.8,-52.4,23.1,40.0,-95.3,7.2,,128.0,1
D000513,5.3,1192.0,1.0,28.0,0.46,-67.0,-50.7,23.8,44.0,-96.5,7.7,1.0,122.0,1
D000514,4.9,1221.0,1.17,30.5,0.44,,-50.7,21.3,50.0,-94.7,8.5,1.0,130.0,1
D000515,3.6,1073.0,1.52,33.5,0.57,-65.0,-48.7,29.1,56.0,-96.9,3.8,0.0,139.0,0
D000516,5.3,1137.0,1.09,31.0,0.58,-65.7,-50.1,24.4,45.0,-95.3,9.0,1.0,134.0,1
D000517,5.0,1286.0,0.99,29.0,0.49,-65.2,-49.2,25.8,46.0,-95.8,5.1,0.0,139.0,1
D000518,4.4,1202.0,1.07,28.5,0.51,-65.3,-48.7,26.2,46.0,-96.1,13.9,1.0,131.0,0
D000519,4.4,1131.0,1.1,29.5,0.55,-65.8,-49.4,24.0,52.0,-96.6,5.7,1.0,124.0,1
D000520,4.6,1180.0,0.98,30.5,0.54,-65.0,-50.7,25.4,39.0,-97.7,5.7,0.0,123.0,0
D000521,6.1,1000.0,1.24,,0.37,-66.9,-51.9,20.8,32.0,-95.1,2.3,0.0,141.0,1
D000522,4.9,1186.0,0.99,27.5,0.49,-64.1,-48.6,24.3,44.0,-94.3,10.6,0.0,123.0,1
D000523,3.8,1088.0,1.19,24.5,0.51,-64.1,-51.2,23.5,35.0,-97.7,8.8,1.0,130.0,0
D000524,5.5,1190.0,1.16,31.0,0.5,-66.9,-51.7,24.5,43.0,-94.8,,1.0,118.0,1
D000525,5.0,1123.0,1.6,33.5,0.51,-65.8,-47.4,24.0,35.0,-92.8,,1.0,123.0,0
D000526,6.5,1394.0,,34.5,0.44,-65.4,-50.3,29.5,33.0,-98.2,4.3,1.0,143.0,1
D000527,4.1,1101.0,0.83,35.5,0.58,-60.3,-51.4,23.9,36.0,-92.7,17.4,1.0,137.0,0
D000528,4.9,1218.0,1.16,28.5,0.49,-66.2,-50.7,24.3,44.0,-93.8,9.2,0.0,134.0,1
D000529,6.1,1041.0,1.13,39.5,0.48,-69.0,-53.2,24.2,49.0,-98.5,14.5,1.0,148.0,1
D000530,5.6,1308.0,1.52,29.5,0.36,-67.9,-54.2,22.4,35.0,-99.7,12.8,1.0,146.0,1
D000531,5.8,1088.0,1.3,39.5,0.61,-66.7,-47.3,20.6,47.0,-92.2,1.9,0.0,150.0,1
D000532,3.2,1270.0,1.37,25.5,0.56,-66.1,-46.3,26.1,40.0,-95.4,19.6,1.0,141.0,0
D000533,4.3,1276.0,1.46,24.5,,-66.8,-45.2,20.2,54.0,-95.5,4.5,0.0,120.0,0
D000534,5.3,1150.0,1.01,29.5,0.53,-64.7,-51.6,25.5,44.0,-95.0,9.7,0.0,139.0,1
D000535,4.5,1181.0,0.98,28.5,0.47,-66.5,-50.2,24.2,44.0,-97.1,8.9,0.0,135.0,1
D000536,,1192.0,1.18,33.0,0.47,-63.5,-51.0,24.1,41.0,-96.1,7.2,1.0,129.0,1
D000537,4.1,1032.0,1.56,27.0,0.48,-66.0,-48.8,23.3,59.0,-92.1,9.6,1.0,130.0,0
D000538,6.3,1135.0,1.21,,0.58,-69.0,-51.9,25.8,48.0,-97.2,4.2,0.0,139.0,1
D000539,4.8,1149.0,1.14,32.5,0.44,-63.8,-50.6,22.8,47.0,-95.8,4.5,1.0,132.0,1
D000540,4.8,1191.0,1.09,26.5,0.45,-66.1,-49.8,23.9,42.0,-95.9,10.0,1.0,129.0,1
D000541,6.3,1044.0,1.14,22.0,0.53,-68.9,-52.6,20.3,39.0,-90.8,18.8,0.0,100.0,1
D000542,4.2,1183.0,1.04,27.0,0.44,-64.4,-48.9,23.2,44.0,-99.0,13.2,1.0,123.0,0
D000543,6.5,1351.0,1.5,22.5,0.52,-68.3,-47.2,26.6,53.0,,2.3,0.0,127.0,0
D000544,5.6,1222.0,1.08,32.0,,-65.9,-49.4,22.6,38.0,-94.7,15.1,0.0,125.0,1
D000545,5.2,1107.0,0.96,31.5,0.47,-64.3,-50.3,24.2,45.0,-94.4,13.1,1.0,132.0,0
D000546,5.3,1160.0,1.16,28.5,0.54,-66.5,-49.4,23.0,42.0,-94.9,5.9,0.0,132.0,1
D000547,4.3,1129.0,1.26,28.0,0.52,-66.0,-50.0,24.0,49.0,-95.6,6.3,0.0,123.0,1
D000548,5.2,1174.0,1.01,28.5,0.5,-65.9,-49.5,26.1,41.0,-94.5,8.7,0.0,124.0,1
D000549,4.9,1241.0,1.14,27.5,0.47,-65.3,-50.1,24.3,42.0,-96.5,10.1,0.0,137.0,1
D000550,5.0,1004.0,1.15,31.0,0.4,-63.5,-48.7,20.3,33.0,-91.8,13.2,0.0,117.0,0
D000551,5.3,1123.0,1.03,30.0,0.48,-65.5,-51.0,24.9,45.0,-94.5,13.0,1.0,127.0,1
D000552,4.8,1239.0,1.07,26.5,0.46,-66.4,-50.6,24.3,45.0,-96.2,5.2,0.0,121.0,1
D000553,3.9,1190.0,1.14,30.0,0.45,-65.2,-50.8,23.7,49.0,-96.5,8.2,1.0,117.0,0
D000554,4.6,1355.0,0.83,26.5,0.51,-69.1,-45.5,20.2,53.0,-93.9,15.1,0.0,131.0,1
D000555,5.0,1165.0,1.13,30.0,0.41,-65.6,-50.5,23.2,45.0,-93.8,9.1,0.0,122.0,1
D000556,6.5,1090.0,0.84,31.5,0.64,-66.4,-54.7,23.9,55.0,-97.6,4.1,1.0,136.0,1
D000557,6.6,1360.0,1.16,28.0,0.34,-62.6,-49.7,24.8,48.0,-98.3,19.0,1.0,120.0,0
D000558,5.4,1212.0,1.52,30.0,0.45,-64.2,-54.2,25.1,44.0,-93.7,3.5,1.0,119.0,1
D000559,5.2,1141.0,1.02,33.0,0.54,-64.0,-49.3,22.8,49.0,-95.8,11.3,0.0,138.0,1
D000560,7.0,1316.0,1.29,39.0,0.66,-69.2,-54.5,29.3,59.0,-90.5,13.3,0.0,130.0,0
D000561,4.9,1057.0,1.02,27.5,0.48,-66.2,-50.8,24.3,47.0,-96.3,11.0,0.0,131.0,1
D000562,6.8,1393.0,1.27,21.0,0.35,-68.9,-48.7,24.5,34.0,-93.2,19.9,0.0,136.0,1
D000563,4.9,,0.99,29.0,0.47,-63.7,-49.7,23.2,44.0,-95.2,7.1,0.0,,1
D000564,5.5,1181.0,0.85,27.0,0.52,-63.9,-50.6,23.2,44.0,-95.7,5.5,1.0,128.0,1
D000565,4.4,1319.0,1.26,26.0,0.57,-63.6,-45.3,26.4,41.0,-92.8,19.3,0.0,139.0,0
D000566,5.4,1158.0,1.09,35.5,0.47,-65.0,-49.7,23.1,48.0,,11.8,0.0,124.0,1
D000567,6.6,1394.0,1.43,38.0,0.66,-63.1,-52.8,26.7,57.0,-97.8,11.8,0.0,110.0,1
D000568,6.6,1176.0,0.96,35.0,0.68,-66.6,-53.8,28.3,37.0,-91.9,6.9,1.0,115.0,1
D000569,6.7,1160.0,1.09,31.5,0.36,-63.2,-52.6,27.0,58.0,-93.3,19.0,1.0,148.0,1
D000570,4.8,1176.0,1.03,28.0,0.56,-64.4,-51.5,23.6,37.0,-93.8,10.9,0.0,123.0,1
D000571,5.3,1186.0,1.07,31.0,0.45,-65.3,-48.1,24.0,46.0,-95.2,9.1,1.0,129.0,1
D000572,5.6,1107.0,1.03,25.0,0.43,-64.2,-50.2,26.6,47.0,-96.0,11.1,0.0,122.0,1
D000573,5.0,1162.0,1.03,26.5,0.42,-65.9,-50.8,24.7,39.0,-94.9,8.8,0.0,130.0,1
D000574,4.6,1223.0,1.19,30.5,0.45,-66.6,-48.3,23.8,46.0,-95.2,5.3,1.0,127.0,1
D000575,4.8,1251.0,1.08,29.0,0.43,-66.7,-48.2,23.2,45.0,-96.9,7.4,1.0,124.0,1
D000576,4.3,1141.0,1.49,27.0,0.64,,-50.9,26.9,42.0,-91.1,20.6,1.0,137.0,0
D000577,5.2,1205.0,1.18,27.5,0.43,-64.8,-48.6,23.1,43.0,-93.7,7.2,0.0,127.0,1
D000578,4.7,1206.0,1.19,28.0,0.45,-67.1,-49.6,23.9,51.0,-94.6,13.2,1.0,122.0,1
D000579,5.2,1170.0,1.11,29.0,,-66.2,-48.7,24.0,45.0,-95.3,11.6,1.0,124.0,1
D000580,4.7,1189.0,1.11,29.5,0.45,-65.1,-49.8,23.8,41.0,-94.1,7.1,0.0,124.0,1
D000581,3.1,1372.0,1.42,25.5,0.55,-65.8,-51.3,22.3,30.0,-96.1,15.5,0.0,102.0,0
D000582,4.6,1166.0,1.02,26.5,0.44,-66.2,-49.2,23.7,41.0,-93.9,9.4,0.0,118.0,1
D000583,5.5,1134.0,1.11,27.5,0.44,-64.8,-49.7,24.6,43.0,-97.6,4.7,1.0,133.0,1
D000584,4.9,1156.0,1.05,29.0,0.43,-64.5,-50.7,24.1,47.0,-94.8,5.2,1.0,132.0,1
D000585,4.0,1322.0,0.91,32.5,0.49,-69.5,-49.9,27.7,60.0,-90.1,15.8,0.0,130.0,1
D000586,5.4,1093.0,1.03,37.5,0.3,-68.9,-48.5,25.9,47.0,-94.9,14.3,0.0,118.0,0
D000587,4.9,1212.0,1.11,29.0,,-65.0,-52.1,25.9,46.0,-94.5,6.0,1.0,122.0,1
D000588,4.9,1198.0,0.92,32.5,0.51,-66.6,-50.9,24.9,44.0,-96.4,6.2,1.0,122.0,1
D000589,4.5,1169.0,1.12,27.5,0.46,-64.9,-49.1,23.7,51.0,-94.9,11.2,0.0,131.0,1
D000590,5.5,1181.0,1.19,25.5,0.47,-65.0,-48.5,24.4,43.0,-95.2,7.9,0.0,124.0,1
D000591,5.0,1205.0,1.02,26.5,0.47,-64.3,-49.8,24.2,48.0,-95.3,12.0,1.0,126.0,1
D000592,5.3,1202.0,1.6,25.0,0.68,-62.4,-51.2,26.6,32.0,-90.1,11.5,1.0,129.0,0
D000593,5.1,1217.0,1.0,30.5,0.48,-65.0,-50.4,25.4,40.0,-96.4,10.6,1.0,127.0,1
D000594,5.7,1356.0,0.86,22.0,0.57,-63.9,-49.1,26.1,31.0,-95.2,18.3,1.0,100.0,0
D000595,4.7,1218.0,1.16,29.5,0.49,-65.8,-49.0,24.6,42.0,-96.4,8.1,1.0,133.0,1
D000596,4.1,1121.0,1.03,25.5,0.4,-65.9,-50.0,21.8,46.0,-96.0,11.2,1.0,126.0,0
D000597,5.0,1059.0,1.27,32.0,0.39,-69.8,-50.6,22.9,47.0,-93.0,18.4,1.0,117.0,1
D000598,6.3,1135.0,1.0,33.0,0.44,-62.8,-48.7,23.6,32.0,-99.9,2.6,1.0,149.0,1
D000599,3.6,1198.0,1.11,30.5,0.46,-65.3,-47.9,24.1,42.0,-95.7,5.6,0.0,123.0,0
D000600,4.8,1065.0,1.08,30.5,0.48,-65.7,-50.2,25.0,39.0,-96.8,10.1,1.0,129.0,0
D000601,5.5,1170.0,1.09,29.5,0.49,-65.2,-49.0,24.7,44.0,-95.7,5.4,1.0,129.0,1
D000602,5.1,1161.0,1.19,27.0,0.57,-65.3,-48.7,23.1,46.0,-96.2,12.2,1.0,133.0,1
D000603,6.3,1374.0,1.4,29.5,0.51,,-47.4,22.9,54.0,-93.2,19.7,0.0,115.0,0
D000604,6.8,1211.0,1.41,29.0,0.64,-66.1,-45.8,28.8,52.0,-97.1,13.2,0.0,111.0,0
D000605,3.3,1215.0,0.92,36.5,0.5,-67.6,-48.5,24.0,46.0,-96.7,13.0,1.0,130.0,0
D000606,5.1,1124.0,0.99,27.0,0.47,-66.4,-48.4,23.6,42.0,-95.6,7.7,1.0,131.0,1
D000607,3.0,1388.0,1.37,20.5,0.32,-68.6,-46.8,28.6,44.0,-91.3,11.2,1.0,143.0,0
D000608,5.2,1313.0,1.58,23.0,0.38,-64.6,-54.3,26.3,42.0,-91.0,8.4,1.0,149.0,0
D000609,5.3,1147.0,1.07,29.0,0.41,-65.9,-49.1,22.5,42.0,-93.4,12.7,1.0,129.0,1
D000610,5.3,1176.0,1.02,28.0,0.54,-66.5,-51.3,21.9,51.0,,9.9,0.0,127.0,1
D000611,4.4,1237.0,1.19,29.0,0.49,-66.2,-50.3,24.2,45.0,-96.2,7.3,1.0,127.0,0
D000612,5.0,1072.0,1.16,30.0,0.5,-66.2,-50.1,23.7,40.0,-96.1,9.5,0.0,130.0,1
D000613,4.8,1194.0,0.93,30.5,0.42,-66.5,-50.2,23.2,43.0,-95.6,10.7,1.0,126.0,1
D000614,4.2,1176.0,1.08,28.5,0.46,-64.4,-49.2,23.5,42.0,-94.6,9.1,0.0,132.0,1
D000615,4.4,1195.0,1.07,26.5,0.45,-65.4,-50.9,24.3,48.0,-95.9,5.6,1.0,124.0,1
D000616,5.4,1182.0,1.06,24.0,0.44,-66.1,-50.8,24.5,42.0,-95.4,8.4,1.0,132.0,1
D000617,5.2,1193.0,0.93,28.0,0.44,-66.2,-49.8,24.1,44.0,-97.0,11.4,1.0,125.0,1
D000618,4.4,1139.0,0.98,29.5,0.46,-66.4,-49.4,22.3,42.0,-95.4,7.5,1.0,119.0,1
D000619,6.5,1296.0,1.55,25.5,0.56,-60.3,-47.8,20.2,37.0,-93.8,12.9,1.0,145.0,0
D000620,6.0,1325.0,1.12,26.5,0.4,-64.0,-53.4,28.0,50.0,-96.1,20.4,1.0,141.0,1
D000621,3.9,1214.0,1.17,25.0,0.37,-68.6,-49.9,27.6,44.0,-94.6,4.8,1.0,105.0,0
D000622,5.2,1161.0,,32.5,0.44,-65.9,-48.3,22.0,42.0,-97.0,8.0,1.0,120.0,1
D000623,4.5,1208.0,1.18,23.0,0.46,-65.5,-48.0,23.9,44.0,,11.1,1.0,112.0,0
D000624,4.2,1162.0,0.95,31.5,0.44,-64.7,-50.7,26.0,42.0,-95.7,12.0,1.0,125.0,1
D000625,4.9,1167.0,1.15,27.0,0.5,-65.6,-48.5,23.3,45.0,-96.3,13.7,1.0,134.0,1
D000626,6.0,1047.0,1.39,33.0,0.67,-62.5,-49.6,27.5,59.0,-96.8,16.8,1.0,111.0,0
D000627,6.8,1327.0,0.97,40.0,0.66,-68.3,-46.0,26.1,35.0,-95.6,19.0,1.0,146.0,1
D000628,3.6,1128.0,1.15,20.5,0.66,-66.4,-51.2,29.9,32.0,-94.9,,0.0,110.0,0
D000629,3.8,1196.0,1.09,31.5,0.49,-65.7,-49.6,24.2,45.0,-96.3,5.8,1.0,128.0,1
D000630,5.5,1164.0,0.97,28.5,0.52,-65.8,-48.9,23.1,48.0,-95.3,12.1,0.0,129.0,1
D000631,4.9,1121.0,1.05,33.5,0.46,-65.0,-50.0,23.2,44.0,-96.1,7.6,0.0,129.0,1
D000632,3.7,1007.0,0.95,31.0,0.54,-64.3,-48.6,22.8,54.0,-92.5,23.0,1.0,129.0,0
D000633,6.8,1310.0,1.22,21.0,0.42,-67.4,-53.3,25.7,34.0,-94.4,8.8,,141.0,1
D000634,4.5,1155.0,1.15,38.5,0.33,-61.8,-53.8,21.9,37.0,-92.0,5.9,1.0,148.0,1
D000635,4.9,1172.0,1.17,26.5,0.47,-67.1,-48.7,24.4,42.0,-94.1,6.9,0.0,127.0,1
D000636,5.1,1139.0,1.06,25.5,0.49,-64.9,-49.5,24.0,44.0,-95.3,5.1,1.0,125.0,1
D000637,5.3,1182.0,1.07,30.0,0.47,-66.2,-50.1,22.9,41.0,-94.0,7.4,0.0,122.0,1
D000638,5.1,1200.0,1.15,29.5,0.46,-65.2,-50.7,25.6,46.0,-96.8,,0.0,122.0,1
D000639,4.8,1148.0,1.04,28.0,,-64.6,-50.1,23.5,46.0,-96.6,9.4,1.0,,1
D000640,4.7,1197.0,1.18,32.0,0.47,-64.3,-49.5,24.4,44.0,-96.0,8.0,0.0,141.0,1
D000641,5.1,1106.0,1.14,30.5,0.44,-66.3,-50.3,24.9,46.0,-96.6,7.1,1.0,127.0,1
D000642,6.4,1108.0,1.27,26.5,0.62,-65.2,-51.9,24.2,43.0,-93.6,16.5,0.0,121.0,0
D000643,3.6,1137.0,0.96,27.0,0.6,-65.1,-52.5,21.1,54.0,-96.7,20.4,1.0,131.0,0
D000644,4.5,1175.0,1.23,29.5,0.56,-63.5,-49.7,23.9,48.0,-96.1,11.4,1.0,126.0,0
D000645,5.0,1212.0,1.11,30.5,0.4,-65.3,-48.8,23.4,48.0,-95.8,9.8,1.0,128.0,0
D000646,4.6,1288.0,1.34,33.0,,-63.0,-50.2,29.2,59.0,-95.4,18.4,1.0,125.0,0
D000647,4.5,1169.0,1.01,32.0,0.49,-66.0,-50.3,25.1,45.0,-97.2,9.9,0.0,121.0,1
D000648,3.7,1217.0,1.12,28.5,0.54,-65.4,-50.1,24.8,48.0,-97.3,9.0,1.0,124.0,0
D000649,3.3,1240.0,1.56,21.5,0.34,-60.9,-48.8,28.0,50.0,-98.5,16.1,0.0,135.0,0
D000650,4.2,1195.0,1.07,27.5,0.55,-67.0,-51.4,22.1,47.0,-95.4,6.0,1.0,124.0,1
D000651,6.6,1322.0,1.33,29.5,0.32,-61.1,-53.9,22.3,31.0,-96.5,20.4,1.0,128.0,0
D000652,4.1,1194.0,1.01,29.5,0.49,-66.6,-50.5,21.3,49.0,-95.6,12.0,1.0,,1
D000653,5.0,1156.0,1.14,26.0,0.58,-66.9,-50.3,24.7,44.0,-95.2,8.6,1.0,120.0,1
D000654,4.9,1163.0,0.99,30.0,0.42,-64.8,-49.9,24.8,44.0,-93.1,9.4,0.0,130.0,1
D000655,4.3,1205.0,1.08,28.5,,,-47.5,26.0,40.0,-94.1,12.4,0.0,131.0,1
D000656,4.8,1138.0,1.31,28.5,0.47,-64.2,,24.1,39.0,-94.7,7.1,1.0,122.0,1
D000657,4.9,1156.0,1.05,30.5,0.54,-66.9,-51.1,24.0,44.0,-95.7,9.2,1.0,127.0,1
D000658,4.7,1224.0,1.14,30.5,0.44,-66.4,-49.7,24.8,40.0,-96.3,9.0,0.0,131.0,1
D000659,4.9,1160.0,1.13,33.0,0.48,-65.5,-51.8,24.4,40.0,-95.7,9.2,1.0,129.0,1
D000660,5.0,1154.0,1.19,31.0,0.41,-65.2,-51.1,26.4,44.0,-95.2,12.0,1.0,123.0,1
D000661,4.6,1230.0,1.12,26.5,0.4,-67.4,-51.5,24.0,39.0,-95.3,11.7,0.0,126.0,1
D000662,5.1,1146.0,1.05,29.0,0.51,-64.9,-49.8,23.2,40.0,-95.9,15.2,0.0,134.0,1
D000663,4.5,1303.0,1.23,30.5,0.63,-69.8,-54.0,27.1,54.0,-90.0,11.4,0.0,140.0,1
D000664,5.0,1139.0,1.15,28.5,0.51,-65.1,-48.2,25.6,43.0,-94.2,10.5,0.0,126.0,1
D000665,5.0,1079.0,1.23,29.0,0.47,-68.0,-49.8,24.4,46.0,-94.0,7.0,1.0,129.0,1
D000666,4.5,1177.0,1.11,30.0,0.52,-66.6,-50.0,23.4,44.0,-94.7,5.9,0.0,119.0,1
D000667,6.2,1008.0,0.99,25.5,0.39,-60.4,-45.6,29.7,58.0,-99.1,4.2,1.0,140.0,0
D000668,4.9,1206.0,1.11,28.0,0.47,-66.5,-48.5,24.3,38.0,-96.1,6.6,1.0,132.0,1
D000669,4.2,1278.0,0.95,36.0,0.45,-69.3,-49.6,23.8,34.0,-94.2,13.5,0.0,112.0,1
D000670,4.3,1187.0,1.02,30.0,0.5,-64.3,-49.8,24.2,44.0,-95.7,6.1,1.0,125.0,0
D000671,5.8,1326.0,1.39,23.5,0.46,-69.8,-48.4,22.2,40.0,-97.8,10.2,0.0,105.0,1
D000672,4.4,1192.0,1.13,25.5,0.46,-65.6,-50.3,24.9,43.0,-97.7,7.0,1.0,132.0,1
D000673,4.4,1204.0,1.06,29.5,0.43,-63.8,-48.4,23.8,48.0,-94.0,10.6,1.0,125.0,0
D000674,4.8,1149.0,1.05,27.5,0.46,-67.2,-49.6,25.0,45.0,-97.0,10.2,0.0,131.0,1
D000675,4.8,1165.0,1.09,32.0,0.5,-63.8,-50.5,26.2,44.0,-96.5,10.8,1.0,130.0,1
D000676,4.9,,1.15,29.0,0.51,-65.5,-50.4,22.9,49.0,-95.1,6.4,0.0,,1
D000677,5.0,1347.0,1.14,37.0,0.61,-68.5,-46.1,24.9,58.0,-90.9,3.4,1.0,107.0,1
D000678,4.9,1135.0,1.15,,0.44,-66.3,-51.4,22.5,40.0,-95.5,,0.0,130.0,1
D000679,4.5,1198.0,1.22,29.5,0.52,-65.6,-51.1,25.0,48.0,-96.5,9.0,0.0,127.0,1
D000680,5.2,1243.0,1.19,37.0,0.38,-63.8,-54.3,24.6,37.0,-90.3,5.9,1.0,107.0,1
D000681,5.0,1227.0,1.0,32.0,0.48,-64.6,-51.8,23.2,40.0,-94.4,9.9,0.0,124.0,1
D000682,5.8,1014.0,1.43,31.5,0.34,-63.7,-54.0,,36.0,-93.2,7.0,1.0,126.0,0
D000683,3.6,1360.0,1.3,36.0,0.52,-63.5,-46.3,27.7,53.0,-93.9,21.5,1.0,148.0,0
D000684,4.8,1189.0,0.9,34.5,0.5,-64.2,-51.5,24.6,44.0,-95.2,7.9,1.0,131.0,1
D000685,4.3,1198.0,1.03,30.0,0.53,-64.8,-50.2,22.2,45.0,-94.3,12.3,,126.0,1
D000686,4.5,1203.0,1.14,28.5,0.46,-64.9,,24.6,47.0,-95.2,12.6,0.0,140.0,1
D000687,7.0,1142.0,0.82,38.5,0.68,-63.4,-47.6,24.9,58.0,-93.4,6.7,0.0,116.0,1
D000688,6.1,1318.0,1.37,29.5,0.43,-64.5,-45.5,29.7,55.0,-96.3,10.6,0.0,126.0,0
D000689,4.4,1235.0,1.19,26.5,0.53,-66.1,-49.0,23.7,49.0,-96.6,7.8,1.0,128.0,0
D000690,4.6,1169.0,1.21,28.0,0.51,-65.1,-49.7,23.9,44.0,-94.4,8.8,1.0,141.0,1
D000691,3.3,1236.0,1.6,36.0,0.36,-60.4,-52.3,27.7,36.0,-98.7,11.3,0.0,107.0,0
D000692,4.6,1214.0,1.2,28.0,0.53,-67.0,-50.5,25.0,46.0,-96.2,8.6,,121.0,1
D000693,4.0,1198.0,1.17,27.0,0.48,-64.9,-49.9,28.5,39.0,-97.0,19.2,1.0,149.0,0
D000694,4.2,1116.0,1.13,28.0,0.41,-66.1,-50.2,23.2,42.0,-96.5,13.9,1.0,127.0,0
D000695,5.0,1207.0,0.99,32.0,0.45,-66.3,-50.8,23.3,47.0,-95.7,10.3,0.0,140.0,1
D000696,3.7,1157.0,1.09,30.0,0.5,-64.3,-51.5,22.4,47.0,-94.7,12.4,0.0,133.0,1
D000697,3.0,1224.0,1.19,34.0,0.46,-69.0,-49.8,20.7,37.0,-92.0,3.7,1.0,132.0,0
D000698,3.4,1316.0,1.53,22.5,0.64,-69.4,-45.4,29.2,57.0,-92.9,17.0,1.0,100.0,0
D000699,5.3,1189.0,1.01,29.5,0.49,-65.2,-51.7,24.9,45.0,-95.6,7.9,1.0,131.0,1
D000700,5.3,1179.0,0.98,26.0,0.44,-64.4,-51.2,23.0,43.0,-96.7,9.0,,,1
D000701,4.1,1044.0,1.48,24.5,0.42,-67.2,-47.7,22.2,47.0,-92.8,1.8,0.0,126.0,0
D000702,6.1,1045.0,1.22,22.0,0.46,-60.5,-52.3,23.9,55.0,-92.9,3.7,0.0,108.0,0
D000703,4.6,1192.0,0.94,26.5,0.54,-64.5,-51.7,23.6,45.0,-94.6,11.7,1.0,127.0,1
D000704,4.9,1179.0,0.97,28.0,0.55,-65.8,-50.6,24.8,47.0,-94.9,7.6,0.0,137.0,1
D000705,5.1,1173.0,1.12,26.5,0.46,-65.4,-50.9,25.4,46.0,-95.2,15.1,1.0,132.0,1
D000706,5.7,1195.0,0.89,29.5,0.62,-63.5,-53.1,25.3,43.0,-97.9,10.9,,122.0,1
D000707,4.6,1171.0,1.15,29.5,0.53,-67.5,-50.4,24.7,48.0,-95.3,7.9,1.0,130.0,1
D000708,6.0,1285.0,0.91,20.0,0.42,-65.5,-54.3,28.1,42.0,-97.0,,0.0,130.0,1
D000709,6.2,1180.0,1.07,37.5,0.3,-68.5,-54.8,23.7,31.0,-96.6,23.4,1.0,117.0,1
D000710,4.7,1124.0,1.15,25.5,0.52,,-49.2,25.0,49.0,-95.2,7.7,1.0,132.0,0
D000711,4.6,1188.0,1.02,34.0,0.46,-65.3,-47.8,24.6,40.0,-96.2,7.6,0.0,128.0,1
D000712,6.2,1284.0,1.51,37.0,0.51,-66.7,-52.0,26.4,47.0,-99.2,23.6,0.0,144.0,1
D000713,3.5,1014.0,0.9,35.5,0.31,-67.5,-45.5,25.6,44.0,-93.6,3.5,0.0,148.0,1
D000714,4.1,1123.0,1.22,26.5,0.53,,,24.7,40.0,-94.4,11.7,0.0,129.0,0
D000715,4.5,1221.0,1.05,26.0,0.5,-66.4,-48.5,23.6,44.0,-95.1,10.4,1.0,126.0,0
D000716,4.8,1177.0,1.08,29.0,0.42,-65.2,-50.3,22.1,41.0,-95.4,10.3,1.0,127.0,1
D000717,5.4,1202.0,1.02,31.5,0.45,-67.2,-47.6,24.3,41.0,-95.6,10.2,0.0,124.0,1
D000718,7.0,1337.0,0.93,23.5,0.59,-63.8,-51.7,22.1,48.0,-94.4,2.8,0.0,101.0,1
D000719,4.4,1163.0,1.01,26.0,0.52,-66.1,-49.7,22.3,44.0,-95.2,14.6,1.0,130.0,0
D000720,4.2,1222.0,1.0,29.0,0.49,-63.8,-50.1,23.4,44.0,-94.5,8.1,1.0,125.0,0
D000721,4.8,1127.0,1.08,28.0,0.41,-65.0,-49.1,22.8,47.0,-93.9,7.8,1.0,131.0,1
D000722,5.1,1152.0,1.21,28.5,0.49,-65.6,-51.8,25.9,44.0,-95.3,12.0,0.0,128.0,1
D000723,5.6,1277.0,0.98,30.0,0.67,-62.6,-48.5,27.7,33.0,-90.2,0.3,1.0,106.0,0
D000724,4.1,1232.0,1.08,30.5,0.4,-63.4,-49.7,28.9,53.0,-90.9,17.4,1.0,148.0,0
D000725,,1249.0,0.84,21.5,0.69,-64.1,-53.9,23.2,57.0,-94.5,15.4,0.0,134.0,0
D000726,4.4,1155.0,1.13,23.5,0.44,-64.9,-48.1,25.8,41.0,-94.7,8.1,0.0,123.0,0
D000727,3.6,1139.0,0.89,28.5,0.61,-67.4,-50.7,28.8,60.0,-95.0,13.7,1.0,110.0,0
D000728,6.5,1020.0,0.88,38.0,0.56,-64.6,-45.4,24.1,,-91.2,15.7,0.0,142.0,1
D000729,4.8,1141.0,0.98,26.0,0.48,-67.3,-49.8,24.3,44.0,-96.5,7.0,1.0,124.0,1
D000730,5.2,1138.0,1.24,29.5,0.47,-64.7,-49.2,,41.0,-97.7,7.9,0.0,131.0,1
D000731,4.8,1025.0,1.03,36.5,0.36,-66.4,-48.5,21.8,52.0,-98.1,5.8,0.0,104.0,1
D000732,4.7,1127.0,1.45,21.0,0.31,-68.4,-51.5,27.7,42.0,-94.9,8.3,1.0,110.0,0
D000733,4.6,1180.0,1.12,29.0,0.48,-65.7,-49.6,23.9,49.0,-96.5,11.5,0.0,130.0,1
D000734,4.8,1133.0,1.1,33.0,0.47,-66.1,-50.7,24.1,39.0,-94.1,12.9,1.0,125.0,1
D000735,4.0,1177.0,1.04,30.0,0.47,-64.2,-50.0,23.6,44.0,-95.5,6.9,1.0,127.0,0
D000736,4.3,1083.0,1.41,35.0,0.69,-63.4,-48.6,23.6,39.0,-98.4,18.4,0.0,119.0,0
D000737,4.8,1393.0,1.55,37.0,0.51,-64.4,-52.8,22.1,42.0,-96.2,16.7,,117.0,0
D000738,4.8,1213.0,1.17,29.0,0.47,-64.9,-50.1,24.8,41.0,-96.6,9.8,1.0,126.0,1
D000739,5.7,1378.0,0.95,27.5,0.55,-66.0,-47.8,22.2,35.0,-99.7,16.3,0.0,131.0,1
D000740,4.7,1133.0,0.96,29.5,0.43,-65.4,-48.9,24.9,44.0,-94.8,7.6,0.0,129.0,1
D000741,3.2,1140.0,1.08,20.5,0.44,-63.9,-48.8,29.6,37.0,-93.9,16.9,1.0,112.0,0
D000742,4.8,1091.0,,31.5,0.5,-67.1,-50.3,25.0,52.0,-94.9,13.0,0.0,135.0,1
D000743,5.3,1234.0,1.2,28.0,0.36,-61.9,-45.0,24.3,57.0,-93.2,20.2,1.0,116.0,0
D000744,4.9,1212.0,1.11,27.0,0.45,-64.9,-49.1,25.8,43.0,-93.1,7.9,0.0,128.0,1
D000745,4.6,1349.0,0.88,27.5,0.41,-60.3,-54.8,29.2,60.0,-99.7,15.6,1.0,145.0,0
D000746,5.0,1181.0,0.99,26.0,0.5,-68.2,-50.8,23.3,44.0,-95.3,11.3,0.0,131.0,1
D000747,4.7,1226.0,0.86,34.0,0.5,-64.7,-49.3,25.6,44.0,-93.6,13.7,1.0,130.0,1
D000748,6.4,1057.0,1.46,31.0,0.69,-66.6,-46.1,24.4,41.0,-97.3,11.6,1.0,108.0,0
D000749,5.1,1288.0,1.48,39.0,0.52,-61.4,-54.1,28.7,43.0,-97.9,0.9,0.0,141.0,1
D000750,5.6,1233.0,0.84,40.0,0.5,-60.3,-46.8,26.7,57.0,-93.1,7.4,1.0,138.0,1
D000751,6.3,1042.0,0.96,40.0,0.67,,-47.0,25.4,,-95.4,22.4,1.0,136.0,1
D000752,5.0,1327.0,1.19,35.5,0.54,-61.9,-53.0,25.5,48.0,-90.6,4.7,1.0,131.0,1
D000753,4.3,1175.0,1.25,27.0,0.48,-65.4,-48.5,24.2,47.0,-96.0,,1.0,125.0,1
D000754,5.0,1194.0,1.16,32.5,0.51,-64.7,-51.9,25.9,46.0,-95.9,9.0,0.0,128.0,1
D000755,5.0,1200.0,1.0,31.0,0.46,-65.0,-51.3,24.2,38.0,-94.0,9.5,0.0,127.0,0
D000756,5.1,1185.0,1.12,28.0,0.53,-66.2,-50.5,24.3,43.0,-96.0,12.4,0.0,122.0,1
D000757,4.7,1170.0,1.03,31.0,0.52,-66.6,-50.2,22.5,47.0,-93.7,9.3,0.0,125.0,1
D000758,5.4,1388.0,1.2,,0.62,-63.9,-52.1,21.0,42.0,-94.5,12.1,1.0,148.0,1
D000759,4.3,1184.0,1.14,31.0,0.52,-64.6,-51.9,22.5,45.0,-95.1,8.3,0.0,119.0,1
D000760,5.3,1311.0,1.31,20.0,0.6,-64.3,-51.5,29.3,37.0,-93.1,10.7,1.0,129.0,0
D000761,4.9,1222.0,1.02,30.0,0.49,-66.7,-51.0,25.8,46.0,-95.7,11.5,1.0,126.0,1
D000762,4.7,1195.0,1.14,30.5,0.46,-65.5,-49.5,23.4,42.0,-93.8,7.8,0.0,128.0,1
D000763,4.9,1179.0,1.14,28.0,0.53,-65.8,-49.7,25.0,46.0,-96.1,8.0,0.0,137.0,1
D000764,4.2,1199.0,0.93,28.5,0.57,-68.0,-48.1,22.9,35.0,-94.8,0.7,0.0,108.0,1
D000765,4.9,1190.0,1.06,31.0,0.47,-64.7,-50.1,23.8,43.0,-97.7,5.3,1.0,125.0,1
D000766,4.5,1101.0,1.4,31.5,0.67,-67.3,-45.1,23.1,35.0,-91.2,17.3,1.0,137.0,0
D000767,3.1,1121.0,1.41,22.5,0.62,-60.2,-49.5,23.2,55.0,-97.1,12.8,1.0,148.0,0
D000768,4.9,1152.0,1.17,29.0,0.48,-66.0,-49.2,25.9,47.0,-93.5,13.5,0.0,131.0,1
D000769,4.5,1191.0,1.2,28.0,0.51,-65.1,-50.0,25.7,46.0,-96.2,8.8,0.0,132.0,1
D000770,4.8,1192.0,1.06,26.5,0.45,-64.2,-49.5,25.0,43.0,-95.5,10.4,1.0,122.0,0
D000771,4.8,1176.0,1.15,30.5,0.41,-66.5,-51.3,22.9,44.0,-96.5,5.2,1.0,131.0,1
D000772,4.6,1134.0,1.03,27.5,0.54,-66.3,-51.9,24.0,48.0,-96.5,5.4,1.0,129.0,1
D000773,4.5,1173.0,1.2,28.0,,-64.5,-52.7,26.3,41.0,-95.1,11.9,0.0,129.0,0
D000774,5.3,1138.0,1.04,29.0,0.47,-64.2,-50.0,23.5,51.0,-95.4,12.6,1.0,126.0,1
D000775,5.1,1194.0,1.03,29.5,0.5,-64.0,-48.2,24.9,41.0,-95.2,5.3,0.0,133.0,1
D000776,4.7,1175.0,1.16,28.5,0.45,-65.2,-50.3,24.2,,-96.1,6.6,0.0,133.0,1
D000777,5.4,1207.0,1.07,30.0,0.45,-65.2,-49.9,25.5,43.0,-94.5,10.7,1.0,118.0,1
D000778,5.3,1144.0,1.23,28.0,0.44,-64.1,-49.2,23.6,43.0,-96.5,11.6,0.0,124.0,1
D000779,5.7,1104.0,1.57,31.0,0.45,-67.3,-53.8,26.2,42.0,-99.4,20.1,1.0,121.0,1
D000780,4.8,1175.0,1.16,29.5,0.49,-65.1,-50.8,24.5,36.0,-94.6,9.9,1.0,135.0,1
D000781,6.5,1029.0,1.17,33.0,0.67,-61.5,-49.6,22.9,35.0,-90.7,16.2,0.0,104.0,0
D000782,3.0,1319.0,1.08,28.0,0.48,-61.2,-48.3,24.8,38.0,-99.7,18.6,1.0,125.0,0
D000783,4.4,1107.0,1.04,33.0,0.41,-66.1,-50.7,25.0,40.0,-96.5,12.9,1.0,128.0,1
D000784,5.1,1124.0,1.15,29.5,0.51,-65.5,-49.8,25.6,44.0,-96.9,10.0,0.0,126.0,1
D000785,4.6,1219.0,1.14,27.0,0.42,-66.2,-50.2,23.9,43.0,-95.4,,1.0,132.0,1
D000786,3.2,1287.0,0.85,27.0,0.67,,-48.2,23.6,49.0,-98.3,10.3,0.0,146.0,0
D000787,3.8,1130.0,1.5,32.5,0.48,-61.6,-48.0,20.7,34.0,-99.9,0.9,0.0,118.0,0
D000788,5.1,1364.0,1.46,24.5,0.55,-62.6,-54.2,29.5,53.0,-98.8,14.1,0.0,125.0,0
D000789,4.7,1166.0,0.93,29.5,0.51,-67.2,-50.5,25.3,45.0,-96.4,10.3,1.0,129.0,1
D000790,4.7,1174.0,1.19,28.5,0.52,-65.3,-49.1,23.4,,-96.3,9.6,0.0,117.0,0
D000791,5.2,1215.0,1.09,30.5,0.49,-64.1,-50.3,23.7,47.0,,5.2,1.0,126.0,1
D000792,4.1,,0.96,25.5,0.5,-60.7,-48.0,27.0,33.0,-97.0,16.5,0.0,101.0,0
D000793,4.8,1202.0,1.07,29.0,0.49,-65.1,-49.9,25.0,43.0,-95.5,6.8,1.0,129.0,1
D000794,4.6,1190.0,1.0,36.0,0.46,-68.4,-46.6,22.6,42.0,-94.4,14.2,0.0,136.0,1
D000795,4.8,1256.0,1.22,30.5,0.46,-66.0,-48.3,24.4,43.0,-95.6,9.7,1.0,132.0,1
D000796,5.4,1285.0,0.83,27.5,0.44,-63.4,-51.0,21.2,44.0,-97.0,12.9,1.0,110.0,1
D000797,5.1,1153.0,1.06,30.0,0.51,-64.9,-50.4,24.2,39.0,-95.7,11.1,1.0,125.0,1
D000798,4.8,1223.0,0.87,32.5,0.44,-65.6,-50.1,23.1,46.0,-94.6,4.7,0.0,134.0,1
D000799,4.9,1138.0,1.2,28.5,0.52,-64.6,-49.9,23.8,46.0,-94.0,8.3,0.0,136.0,1
D000800,4.7,1165.0,1.19,29.5,0.44,-65.6,-49.9,23.4,47.0,,11.7,,128.0,1
D000801,4.3,1073.0,1.02,32.0,0.49,-66.1,-51.1,23.3,44.0,-95.2,9.4,1.0,119.0,1
D000802,4.8,1203.0,1.14,29.0,0.39,-65.7,-50.6,26.0,46.0,-96.7,8.0,0.0,117.0,1
D000803,,1200.0,1.24,20.0,0.7,-60.8,-48.6,27.9,36.0,-96.0,1.1,0.0,140.0,0
D000804,4.5,1178.0,1.02,29.0,0.5,-65.7,-48.9,24.5,45.0,-92.8,7.2,0.0,133.0,1
D000805,4.9,1212.0,1.13,29.0,0.4,-64.9,-46.9,23.2,41.0,-96.6,8.3,0.0,129.0,0
D000806,5.1,1263.0,1.52,,0.67,-68.9,-54.2,24.4,36.0,-98.9,10.0,0.0,145.0,1
D000807,4.7,1140.0,1.15,26.0,0.45,-66.5,-51.1,,44.0,-95.9,10.0,1.0,123.0,1
D000808,5.4,1184.0,1.04,30.0,0.54,-65.9,-50.9,24.8,42.0,-97.2,7.4,1.0,134.0,1
D000809,4.6,1187.0,,28.5,0.5,-63.8,-49.8,27.0,46.0,-94.0,9.0,1.0,125.0,0
D000810,5.7,1170.0,1.11,28.5,0.5,-64.7,-51.1,24.3,44.0,-97.2,9.6,0.0,130.0,1
D000811,4.6,1188.0,1.04,28.5,0.46,-64.2,-51.1,25.4,47.0,-95.1,8.2,0.0,128.0,1
D000812,4.4,1235.0,1.29,35.0,0.5,-65.5,-49.8,24.8,41.0,-95.1,9.5,0.0,130.0,1
D000813,5.2,1200.0,1.1,29.5,0.51,-64.1,-49.0,21.6,50.0,-95.7,10.1,0.0,135.0,1
D000814,5.4,1202.0,1.14,31.0,0.49,-64.7,-48.0,24.3,46.0,-93.4,10.6,1.0,126.0,1
D000815,5.7,1116.0,1.43,31.0,0.64,-64.0,-51.6,29.9,31.0,-97.7,13.4,1.0,140.0,0
D000816,4.3,1131.0,1.28,39.0,0.54,-60.8,-52.3,20.5,39.0,-98.1,20.8,,142.0,0
D000817,5.0,1158.0,1.17,27.5,0.45,-66.1,-51.4,22.8,44.0,-96.6,10.0,0.0,131.0,1
D000818,4.9,1088.0,1.24,29.0,0.52,-66.6,-48.9,27.0,45.0,-94.6,3.7,0.0,118.0,0
D000819,4.8,1136.0,1.0,30.5,0.54,-66.9,-50.0,23.0,44.0,-94.7,11.4,1.0,126.0,1
D000820,3.5,1115.0,1.45,37.0,0.57,-63.7,-52.5,22.2,53.0,-92.9,14.7,0.0,119.0,0
D000821,4.8,1153.0,1.16,28.5,0.54,-65.5,-50.0,22.9,37.0,-95.6,9.1,1.0,113.0,1
D000822,5.2,1192.0,1.15,27.5,0.52,-65.0,-51.7,25.3,44.0,-96.3,8.4,1.0,136.0,1
D000823,3.7,1211.0,0.82,28.0,0.53,-63.0,-52.7,20.5,48.0,-99.4,6.1,1.0,119.0,0
D000824,4.6,1135.0,1.12,27.5,0.42,-65.8,-50.1,24.2,46.0,-95.4,13.1,1.0,128.0,1
D000825,4.9,1168.0,1.19,29.0,0.48,-65.3,-50.1,23.9,43.0,-94.0,7.8,0.0,128.0,1
D000826,5.2,1227.0,1.12,29.0,0.53,-65.2,-51.4,25.2,40.0,-98.2,8.0,0.0,129.0,1
D000827,6.1,1016.0,1.18,28.0,0.38,-60.7,-50.3,27.1,41.0,-90.5,9.0,0.0,125.0,0
D000828,4.5,1254.0,0.97,29.0,0.48,-64.3,-49.9,24.5,45.0,-96.7,10.6,0.0,126.0,1
D000829,4.9,1257.0,1.1,29.5,0.5,-66.7,-50.7,23.7,42.0,-94.6,6.0,1.0,127.0,1
D000830,4.3,1226.0,1.19,29.5,0.51,-67.2,-51.9,24.3,45.0,-95.6,8.9,1.0,124.0,1
D000831,5.2,1196.0,1.02,29.5,0.47,-62.7,-51.3,21.6,44.0,-93.6,,0.0,130.0,1
D000832,4.7,1142.0,1.18,29.0,0.46,-65.4,-49.0,22.9,46.0,-95.5,11.4,1.0,118.0,1
D000833,4.6,1183.0,1.24,27.0,0.47,-64.5,-49.1,23.9,43.0,-96.2,9.4,0.0,121.0,1
D000834,3.7,1295.0,1.07,32.5,0.3,-65.9,-52.9,25.3,33.0,-94.3,6.3,0.0,132.0,1
D000835,4.3,1216.0,1.19,29.0,0.41,-64.7,-52.2,23.5,51.0,-93.4,6.6,1.0,128.0,1
D000836,5.3,1185.0,1.05,26.5,0.38,-69.9,-52.9,24.9,38.0,-98.3,20.2,0.0,103.0,1
D000837,3.7,1024.0,1.04,37.0,0.66,-69.2,-45.8,20.6,60.0,-95.5,12.6,0.0,101.0,0
D000838,4.8,1115.0,1.05,30.5,0.48,-65.1,-50.0,24.6,43.0,-96.1,8.2,1.0,132.0,1
D000839,4.7,1250.0,1.22,31.5,0.52,-64.5,-50.1,23.0,42.0,-95.3,7.6,1.0,135.0,1
D000840,3.3,1054.0,1.46,38.5,0.54,-66.6,-46.7,24.5,36.0,,1.1,1.0,114.0,0
D000841,4.3,1230.0,1.03,28.0,0.45,-65.1,-48.9,24.4,46.0,-96.5,9.0,1.0,135.0,1
D000842,4.9,1213.0,1.17,25.5,0.47,-65.8,-48.8,24.9,46.0,-97.3,11.8,,127.0,0
D000843,6.3,1285.0,1.25,29.5,0.46,-66.5,-48.6,24.9,42.0,-99.9,10.8,1.0,112.0,1
D000844,4.5,1194.0,1.01,29.0,0.42,-65.6,-51.2,24.4,46.0,-95.1,9.6,0.0,129.0,1
D000845,5.8,1319.0,1.07,34.0,0.63,-61.2,-50.2,21.3,38.0,-92.0,12.4,0.0,120.0,0
D000846,6.7,1156.0,1.22,25.0,0.67,-69.9,-52.7,23.1,53.0,-94.4,16.5,0.0,125.0,0
D000847,3.7,1256.0,0.91,23.5,0.57,-65.1,-49.0,23.3,37.0,-92.9,2.5,0.0,128.0,1
D000848,4.0,1368.0,1.44,35.0,0.32,-63.1,-51.9,27.1,39.0,-97.4,14.7,0.0,130.0,0
D000849,4.7,1200.0,1.1,26.5,0.41,-65.3,-49.2,24.2,43.0,-96.0,10.3,1.0,122.0,1
D000850,4.3,1173.0,1.5,32.5,0.69,-66.6,-51.2,29.8,44.0,-93.7,0.6,1.0,133.0,0
D000851,5.0,1202.0,1.2,29.5,0.59,-66.8,-50.2,23.4,44.0,-95.7,10.5,1.0,130.0,1
D000852,6.5,1225.0,1.0,39.5,0.35,-61.8,-49.3,24.1,33.0,-98.0,12.4,0.0,117.0,1
D000853,5.4,1224.0,1.07,27.5,0.56,-65.3,-50.1,24.9,43.0,-97.6,12.0,0.0,127.0,1
D000854,4.8,1139.0,1.18,30.5,0.45,-65.7,-52.5,23.5,47.0,-94.4,12.9,1.0,132.0,1
D000855,3.2,1129.0,1.37,35.0,0.42,-61.6,-54.9,22.1,32.0,-95.0,15.1,0.0,107.0,0
D000856,4.6,1218.0,1.07,27.0,0.47,-64.3,-49.4,26.8,46.0,-96.3,9.5,0.0,120.0,1
D000857,5.9,1313.0,1.24,39.5,0.36,-69.3,-53.6,23.3,34.0,-98.7,8.4,1.0,146.0,1
D000858,4.7,1241.0,1.15,27.0,0.43,-68.5,-51.5,27.4,56.0,-96.6,17.5,0.0,116.0,0
D000859,5.3,1163.0,1.15,30.5,0.48,-65.0,-47.5,22.5,45.0,-96.0,9.0,1.0,130.0,1
D000860,4.6,1232.0,1.07,27.0,0.5,-64.2,-50.1,23.7,43.0,-96.1,10.1,0.0,135.0,1
D000861,4.3,1142.0,1.07,28.5,0.49,-66.4,-51.8,24.2,50.0,-94.6,7.8,1.0,123.0,0
D000862,4.8,1199.0,1.19,31.0,0.54,-67.0,-49.3,23.3,49.0,-97.4,9.8,0.0,127.0,1
D000863,3.9,1186.0,1.0,28.0,0.41,-67.5,-50.5,24.2,47.0,-95.3,9.4,0.0,134.0,1
D000864,4.1,1173.0,0.99,34.0,0.69,-67.3,-52.1,27.9,35.0,-95.1,11.5,1.0,125.0,0
D000865,5.3,1156.0,1.05,30.0,0.42,-64.5,-49.1,24.2,42.0,-95.5,9.3,1.0,134.0,1
D000866,4.6,1197.0,1.18,30.5,0.53,-65.8,-51.6,24.9,,-95.5,7.0,0.0,124.0,1
D000867,3.8,1223.0,1.09,27.5,0.47,-64.9,-50.5,22.6,39.0,-97.1,10.7,1.0,122.0,1
D000868,5.2,1285.0,0.96,,0.45,-66.1,-50.6,25.2,52.0,-98.0,8.0,1.0,126.0,1
D000869,4.7,1199.0,1.06,32.0,0.52,-66.0,-49.4,23.5,46.0,-95.0,6.6,1.0,133.0,1
D000870,6.5,1266.0,1.24,24.5,0.47,-68.9,-50.3,24.9,52.0,-94.6,17.4,0.0,119.0,1
D000871,5.1,1183.0,1.15,30.5,0.49,-66.0,-49.8,25.0,46.0,-94.8,5.8,1.0,133.0,0
D000872,4.4,1178.0,1.03,32.5,0.46,-64.8,-49.2,24.1,44.0,-95.4,11.3,0.0,138.0,1
D000873,4.4,1205.0,1.09,30.5,0.48,-65.7,-50.0,23.9,44.0,-95.2,7.0,1.0,131.0,1
D000874,5.6,1158.0,1.13,28.5,0.4,-67.4,-50.9,25.4,48.0,-94.5,7.8,0.0,128.0,1
D000875,6.8,1262.0,0.89,30.5,0.62,-65.1,-52.0,22.2,58.0,-91.2,4.4,0.0,109.0,1
D000876,6.2,1252.0,1.13,26.5,0.53,-66.8,-53.9,24.7,49.0,-96.8,2.4,1.0,149.0,1
D000877,4.9,1130.0,1.09,30.0,0.6,-65.9,-49.5,24.0,42.0,-95.6,8.5,1.0,122.0,1
D000878,5.4,1173.0,1.12,30.5,0.45,-65.7,-49.5,24.7,44.0,-96.4,6.8,0.0,128.0,1
D000879,5.0,1123.0,0.9,28.0,0.48,-67.4,-48.6,24.0,45.0,-95.6,7.0,1.0,123.0,1
D000880,4.6,1158.0,1.16,26.5,,-65.8,-48.0,24.4,43.0,,9.5,1.0,126.0,1
D000881,3.5,1098.0,1.19,35.0,0.59,-66.6,-53.7,22.3,36.0,-97.3,14.4,1.0,124.0,1
D000882,5.7,1007.0,1.08,23.0,0.31,-63.4,-48.6,22.4,53.0,-94.4,18.7,0.0,,0
D000883,4.3,1243.0,1.01,32.0,0.45,-64.7,-49.7,21.8,41.0,-95.1,16.2,0.0,122.0,1
D000884,4.7,1176.0,1.03,31.0,0.54,-65.2,-48.9,22.7,48.0,-94.6,10.4,1.0,125.0,1
D000885,5.3,1053.0,0.81,32.0,0.59,-68.2,-52.2,27.6,60.0,-94.2,19.1,1.0,142.0,1
D000886,4.6,1087.0,0.85,39.0,0.41,-60.3,-49.6,28.2,46.0,-90.0,2.2,1.0,112.0,0
D000887,4.9,1091.0,1.6,27.5,0.69,-63.0,-50.9,26.8,50.0,,10.0,0.0,113.0,0
D000888,6.0,1174.0,1.08,25.5,0.55,-65.5,-51.8,22.9,48.0,-96.1,6.6,1.0,125.0,1
D000889,,1284.0,1.28,38.0,0.38,-67.9,-54.6,21.8,60.0,-91.5,20.5,0.0,114.0,0
D000890,4.6,,1.12,28.0,0.54,-65.4,-50.7,25.7,52.0,-94.9,6.2,0.0,136.0,1
D000891,4.1,1175.0,1.08,28.5,0.55,-64.8,,25.5,47.0,-95.4,12.9,1.0,128.0,0
D000892,4.7,1173.0,0.95,31.0,0.44,-64.8,-52.4,24.0,43.0,-93.7,7.0,1.0,125.0,1
D000893,4.5,1229.0,0.95,27.5,0.5,-65.0,-49.2,23.5,40.0,-96.9,7.0,1.0,133.0,1
D000894,3.8,1386.0,1.5,31.0,0.32,-69.4,-52.7,26.6,53.0,-93.6,20.4,1.0,146.0,0
D000895,4.5,1177.0,1.26,30.0,0.53,-63.6,-48.2,24.7,50.0,-96.5,8.7,1.0,138.0,1
D000896,3.7,1140.0,1.32,27.5,0.43,-64.6,-54.9,20.4,34.0,-94.5,16.3,1.0,125.0,0
D000897,4.3,1280.0,1.07,22.0,0.67,-67.7,-48.6,21.3,58.0,-95.6,13.7,0.0,128.0,0
D000898,7.0,1056.0,1.06,22.0,0.52,-62.1,-49.0,,,-98.0,9.5,0.0,105.0,0
D000899,5.1,1167.0,1.14,31.0,0.47,-67.4,-50.4,25.3,43.0,-96.5,9.3,0.0,128.0,1
D000900,3.7,1259.0,1.59,29.0,0.62,-69.4,-51.4,29.7,45.0,-95.9,21.2,0.0,131.0,0
D000901,5.2,,1.17,26.0,0.48,-65.1,-50.7,25.1,44.0,-96.0,9.5,0.0,131.0,1
D000902,5.0,1159.0,1.12,29.5,0.51,-66.9,-51.1,22.7,45.0,,9.8,0.0,128.0,1
D000903,5.1,1163.0,1.04,30.5,0.49,-65.7,-48.5,25.0,44.0,-95.6,10.8,1.0,143.0,1
D000904,4.9,1216.0,1.08,29.5,0.43,-65.2,-49.5,24.0,45.0,-94.8,9.7,0.0,141.0,1
D000905,3.2,1115.0,1.3,20.0,0.35,-61.8,-53.9,29.0,51.0,-90.3,22.9,1.0,105.0,0
D000906,5.4,1218.0,1.21,31.5,0.49,-66.0,-50.5,25.2,48.0,-96.0,7.7,1.0,127.0,1
D000907,4.0,1171.0,1.5,23.5,0.46,-62.2,-45.5,23.0,48.0,-90.2,6.2,0.0,141.0,0
D000908,4.7,1124.0,1.01,27.5,0.46,-65.3,-49.2,26.0,47.0,-95.2,8.0,1.0,114.0,0
D000909,4.4,1155.0,1.17,25.5,0.49,-66.8,-49.6,24.6,43.0,-94.0,8.5,0.0,128.0,1
D000910,5.6,1210.0,1.08,29.5,0.47,-66.0,-50.3,23.7,,-95.4,7.5,0.0,122.0,1
D000911,4.3,1103.0,1.09,22.5,0.48,-67.6,-52.1,25.7,30.0,-100.0,22.2,1.0,150.0,1
D000912,3.7,1209.0,1.14,32.0,,-64.9,-48.6,25.9,46.0,-95.6,8.9,1.0,123.0,0
D000913,3.8,1278.0,0.98,25.5,0.68,-68.0,-48.2,26.4,57.0,-93.4,2.5,0.0,139.0,1
D000914,5.4,1382.0,,39.5,0.32,-67.1,-45.8,20.8,32.0,-91.4,22.9,1.0,123.0,0
D000915,6.5,1112.0,1.27,39.5,0.44,-60.9,-51.0,21.2,37.0,,18.1,0.0,146.0,0
D000916,3.0,1135.0,1.55,25.5,0.56,-65.6,-51.8,21.2,53.0,-90.1,11.4,1.0,145.0,0
D000917,4.8,1187.0,1.11,32.5,0.46,-64.5,-51.5,24.6,45.0,-97.0,8.9,0.0,135.0,1
D000918,4.7,1178.0,1.09,27.0,0.47,-65.3,-50.3,25.4,45.0,-97.1,11.0,0.0,134.0,1
D000919,4.7,1166.0,1.12,30.0,0.47,-65.8,-50.5,25.1,46.0,-94.4,10.6,1.0,128.0,0
D000920,4.9,1079.0,1.29,32.0,0.5,-67.8,-47.5,29.1,34.0,-95.1,10.5,1.0,109.0,0
D000921,5.2,1057.0,1.23,33.0,0.67,-63.7,-50.3,27.4,42.0,-92.6,6.0,0.0,149.0,0
D000922,5.6,1200.0,1.14,29.5,,-65.6,-49.4,24.9,44.0,-94.3,8.8,1.0,131.0,1
D000923,4.6,1130.0,1.19,26.5,0.47,-66.9,-51.0,23.0,48.0,-94.0,7.3,0.0,127.0,1
D000924,3.4,1206.0,1.46,29.0,0.43,-61.1,-48.6,22.3,49.0,-93.9,17.0,1.0,149.0,0
D000925,4.6,1155.0,1.17,27.0,0.45,-64.3,-51.2,24.6,45.0,-95.1,5.8,1.0,129.0,0
D000926,6.2,1382.0,1.28,25.0,0.6,-65.5,-52.0,21.5,46.0,-98.7,18.2,1.0,101.0,1
D000927,6.8,1076.0,1.52,38.0,0.68,-64.4,-54.5,20.8,41.0,-95.9,4.4,1.0,108.0,0
D000928,5.1,1150.0,1.09,28.0,0.48,-63.8,-51.0,24.4,43.0,-96.2,6.5,0.0,124.0,1
D000929,4.8,1196.0,1.14,29.5,0.48,-67.2,-49.6,24.1,36.0,-96.3,8.3,1.0,125.0,1
D000930,4.4,1262.0,1.12,32.0,0.5,-65.4,-49.4,24.3,40.0,-94.9,6.7,1.0,131.0,1
D000931,5.4,1177.0,1.03,25.0,0.51,-66.9,-50.8,24.4,,-94.3,7.3,0.0,125.0,1
D000932,4.8,1169.0,1.11,28.0,0.48,-67.2,-50.2,23.6,48.0,-95.5,7.5,1.0,141.0,1
D000933,4.7,1195.0,1.02,24.5,0.44,-67.7,-48.7,24.2,40.0,-96.4,14.3,0.0,123.0,1
D000934,4.6,1070.0,1.53,26.5,0.53,-70.0,-47.4,21.5,47.0,-95.2,3.0,0.0,147.0,1
D000935,4.2,1218.0,1.12,27.0,0.56,-64.7,-52.1,22.3,51.0,-96.1,9.1,1.0,128.0,1
D000936,4.9,1233.0,1.07,,0.52,-65.8,-50.5,23.9,44.0,-97.0,9.4,0.0,122.0,1
D000937,4.8,1153.0,1.07,30.5,0.45,-67.7,-49.6,23.6,42.0,-95.5,8.3,0.0,129.0,1
D000938,3.0,1263.0,1.06,27.0,0.66,-64.3,-51.5,28.1,50.0,-92.5,0.5,0.0,115.0,0
D000939,4.8,1207.0,1.05,30.5,0.48,-66.8,-50.2,22.8,46.0,-93.7,9.3,0.0,134.0,1
D000940,6.3,1150.0,1.17,29.5,0.32,-65.4,-46.3,25.9,30.0,-97.3,9.0,1.0,124.0,1
D000941,4.9,1196.0,1.06,22.5,0.54,-64.5,-49.9,24.6,46.0,-94.4,5.6,1.0,133.0,1
D000942,5.3,1204.0,1.03,27.5,0.5,-66.3,-49.7,23.8,39.0,-96.4,9.7,0.0,126.0,1
D000943,4.6,1245.0,1.11,27.0,0.45,-65.9,-49.8,23.8,43.0,-94.3,8.5,1.0,130.0,1
D000944,4.6,1109.0,1.31,27.0,0.49,-66.4,-45.1,23.2,35.0,-91.2,13.4,0.0,129.0,1
D000945,6.4,1326.0,1.44,27.5,0.34,-60.8,-49.7,28.3,,-99.5,9.1,1.0,120.0,0
D000946,4.3,1195.0,,37.0,0.7,-65.3,-47.8,25.1,49.0,-97.0,11.8,1.0,141.0,0
D000947,4.3,1164.0,0.96,32.5,0.49,-64.7,-48.8,29.0,54.0,-97.7,23.8,1.0,105.0,0
D000948,5.3,1186.0,1.09,27.5,0.42,-65.6,-50.3,23.9,49.0,-94.9,8.5,1.0,125.0,1
D000949,5.1,1191.0,1.09,26.0,0.5,-66.7,-49.4,24.3,44.0,-96.3,11.2,1.0,115.0,1
D000950,4.4,1223.0,1.0,29.5,0.41,-64.1,-50.2,23.0,45.0,-93.4,8.2,0.0,132.0,1
D000951,5.4,1236.0,1.07,31.5,0.62,-67.4,-45.1,20.1,36.0,-97.4,0.2,0.0,148.0,1
D000952,3.9,1228.0,0.87,27.5,0.36,-61.5,,22.5,44.0,-94.3,22.5,0.0,105.0,0
D000953,5.1,1197.0,0.97,28.5,0.47,-66.8,-49.6,25.1,47.0,-97.4,11.3,0.0,132.0,1
D000954,5.2,1132.0,1.22,30.5,0.42,-66.5,-47.5,22.3,44.0,-90.5,15.9,0.0,140.0,1
D000955,5.4,1150.0,1.23,25.5,0.51,-65.0,-51.0,24.8,50.0,-95.2,8.9,0.0,125.0,1
D000956,4.6,1166.0,0.94,26.0,0.49,-64.8,-50.9,24.2,45.0,-96.1,9.5,0.0,125.0,1
D000957,5.6,1202.0,1.18,28.0,0.48,-64.8,-49.7,22.4,45.0,-99.0,11.6,1.0,124.0,1
D000958,5.4,1398.0,1.04,32.5,0.55,-60.6,-52.8,25.8,42.0,-91.3,1.2,0.0,101.0,1
D000959,6.9,1375.0,0.84,25.5,0.58,-62.3,-47.8,21.4,54.0,-98.6,8.1,1.0,132.0,1
D000960,6.6,1385.0,1.06,30.5,0.66,-62.3,-46.5,21.0,54.0,-95.6,7.5,1.0,114.0,0
D000961,4.1,1161.0,1.09,30.0,0.49,-66.6,-51.0,23.8,41.0,,6.0,0.0,130.0,1
D000962,4.2,1193.0,1.15,30.0,0.42,-64.2,-50.6,22.3,47.0,-93.9,10.0,0.0,128.0,0
D000963,4.6,1219.0,1.13,32.0,0.42,-65.9,-50.3,23.9,43.0,-95.1,4.0,0.0,124.0,1
D000964,4.7,1227.0,1.07,30.5,0.46,-66.1,-51.5,23.2,46.0,-94.8,9.4,1.0,130.0,1
D000965,4.4,1118.0,1.32,39.0,0.57,-60.2,-48.7,24.5,37.0,-96.7,4.4,1.0,115.0,0
D000966,5.0,1200.0,1.08,31.0,0.49,-65.5,-50.1,23.2,44.0,-93.9,6.9,0.0,132.0,1
D000967,5.7,1204.0,1.15,28.5,0.46,-66.5,-48.7,25.8,45.0,-95.9,8.4,0.0,126.0,1
D000968,5.3,1214.0,1.26,29.0,0.42,-64.6,-49.3,23.8,46.0,-96.1,7.5,0.0,125.0,1
D000969,5.0,1216.0,1.08,29.0,0.49,-64.7,-49.9,22.9,42.0,-94.8,9.9,0.0,115.0,1
D000970,4.9,1081.0,1.5,20.0,0.45,-65.0,-53.5,26.6,40.0,-90.7,,1.0,144.0,0
D000971,4.6,1178.0,1.11,26.5,0.47,-65.7,-47.8,25.9,47.0,-95.2,12.0,0.0,131.0,1
D000972,5.3,,0.92,21.5,0.51,-60.6,-48.7,29.3,36.0,-96.2,4.7,0.0,145.0,0
D000973,5.5,1140.0,1.35,26.5,0.31,-68.9,-47.1,27.9,58.0,-99.9,7.8,0.0,117.0,0
D000974,6.0,1369.0,1.34,22.5,0.54,-60.6,-46.8,22.5,46.0,-94.2,2.6,0.0,133.0,1
D000975,4.6,1276.0,1.0,38.0,0.31,-64.6,-46.9,23.2,54.0,-96.9,0.5,1.0,108.0,0
D000976,4.4,1190.0,1.13,27.5,0.52,-65.5,-49.9,,41.0,-96.0,5.7,0.0,123.0,1
D000977,6.4,1226.0,1.35,36.5,0.38,-64.8,-45.9,29.5,48.0,-98.4,16.0,0.0,131.0,1
D000978,4.8,1193.0,1.08,26.5,0.42,-65.4,-49.4,24.2,44.0,-95.7,10.4,0.0,130.0,1
D000979,4.9,1168.0,1.0,28.0,0.47,-65.3,-50.0,24.0,46.0,-94.9,10.2,,129.0,1
D000980,4.6,1194.0,1.19,30.5,0.48,-65.8,-51.7,23.9,43.0,-96.2,10.5,1.0,124.0,0
D000981,3.2,1131.0,0.92,26.5,0.6,-67.0,-49.2,21.4,51.0,-90.8,5.0,0.0,107.0,0
D000982,5.1,1144.0,1.2,,0.54,-64.5,-50.9,23.3,46.0,-95.2,8.6,1.0,133.0,1
D000983,4.6,1204.0,0.87,30.5,0.46,-64.9,-49.0,24.8,45.0,-94.0,7.2,0.0,139.0,1
D000984,4.4,1141.0,1.2,28.0,0.52,-65.7,-50.0,22.9,43.0,-95.8,8.0,1.0,121.0,1
D000985,4.3,1165.0,1.09,25.5,0.49,-64.5,-50.0,26.7,44.0,-95.6,6.0,0.0,127.0,1
D000986,4.9,1218.0,1.1,29.0,0.48,-63.9,-50.9,23.9,46.0,-95.4,12.1,1.0,120.0,1
D000987,5.6,1281.0,1.39,28.0,0.38,-62.9,-54.7,24.6,47.0,-90.6,8.0,0.0,117.0,0
D000988,4.7,1112.0,1.15,28.5,0.44,-69.5,-52.2,28.3,60.0,-93.6,17.2,0.0,114.0,0
D000989,5.6,1155.0,1.29,31.5,0.6,-60.1,-48.1,27.4,58.0,-97.6,0.8,1.0,146.0,1
D000990,4.1,,0.9,39.5,0.34,-67.1,-45.8,27.4,57.0,-91.2,17.3,1.0,144.0,0
D000991,4.8,1134.0,1.07,27.0,0.44,-63.6,-50.8,25.0,41.0,-95.4,6.4,1.0,127.0,1
D000992,4.6,1154.0,1.19,28.0,0.46,-65.6,-50.0,26.0,40.0,-94.8,7.3,1.0,129.0,0
D000993,4.5,1227.0,1.17,32.0,0.49,-65.2,-48.3,22.2,37.0,-95.2,7.5,0.0,126.0,1
D000994,5.2,1385.0,0.9,40.0,0.39,-64.0,-53.4,28.2,31.0,-92.0,13.0,1.0,126.0,1
D000995,4.6,1095.0,1.12,30.5,0.46,-66.2,-50.8,24.8,44.0,-95.9,8.0,0.0,134.0,1
D000996,3.1,1228.0,0.83,32.0,0.51,-68.8,-50.4,23.0,58.0,-91.1,4.7,1.0,122.0,0
D000997,6.0,1173.0,0.8,28.0,0.57,-68.8,-52.9,27.3,33.0,-95.8,10.0,0.0,104.0,1
D000998,5.3,1233.0,1.33,23.0,0.44,-60.8,-53.2,20.8,37.0,-99.0,14.5,1.0,112.0,0
D000999,4.4,1156.0,1.11,28.0,0.53,-67.8,-51.3,26.0,45.0,-95.3,6.2,0.0,124.0,1
D001000,5.3,1225.0,1.12,29.0,0.54,-65.1,-49.3,23.7,47.0,-95.4,8.2,1.0,120.0,0
D001001,5.3,1040.0,1.35,23.5,0.4,-62.4,-52.2,29.1,51.0,-92.3,22.5,1.0,149.0,0
D001002,4.6,1120.0,1.19,27.5,0.52,-64.7,-50.8,24.5,39.0,-95.2,5.8,1.0,122.0,0
D001003,4.4,1145.0,1.24,32.5,0.4,-64.1,-49.7,26.1,47.0,-95.3,6.2,0.0,132.0,1
D001004,6.8,1211.0,0.9,29.0,0.58,-61.3,-47.3,25.0,57.0,-94.1,5.9,0.0,127.0,1
D001005,3.3,1210.0,1.59,40.0,0.42,-63.0,-53.6,25.3,45.0,-94.3,12.6,0.0,121.0,1
D001006,5.3,1033.0,1.33,37.0,0.69,-60.4,-45.9,25.1,41.0,-96.1,17.5,1.0,115.0,0
D001007,5.4,1022.0,1.14,28.5,0.33,-66.1,-45.0,24.1,57.0,-97.4,13.8,0.0,138.0,0
D001008,3.9,1374.0,1.59,37.0,0.5,-69.6,-54.2,21.2,55.0,-98.0,3.9,1.0,129.0,1
D001009,4.8,1194.0,1.09,31.5,0.48,-65.1,-49.3,21.6,45.0,-94.3,8.7,1.0,132.0,1
D001010,3.9,1146.0,0.94,30.5,0.47,-65.3,-49.8,25.7,48.0,-95.2,12.0,0.0,128.0,1
D001011,4.8,1185.0,1.21,27.5,0.48,-66.3,-50.1,23.6,43.0,-94.5,7.5,1.0,129.0,1
D001012,5.1,1207.0,1.01,32.0,0.47,-65.0,-48.0,23.9,45.0,-96.6,8.7,0.0,120.0,1
D001013,5.3,1226.0,1.24,30.0,0.44,-64.0,-51.4,23.9,49.0,-96.9,11.4,0.0,131.0,1
D001014,4.5,1154.0,1.05,29.5,0.45,-65.5,-48.8,25.0,43.0,-95.1,10.1,1.0,120.0,1
D001015,4.6,,0.8,21.0,0.52,-62.9,-49.1,27.3,,-99.8,,1.0,120.0,0
D001016,3.7,1388.0,0.96,23.5,0.43,-64.8,-53.0,26.0,36.0,-95.2,16.1,1.0,138.0,0
D001017,4.4,1150.0,1.2,30.5,0.46,-66.2,-49.0,22.7,39.0,-95.5,9.6,0.0,136.0,1
D001018,5.4,1179.0,1.51,22.0,0.4,-63.3,-50.6,26.0,54.0,-96.9,12.6,0.0,137.0,0
D001019,4.3,1277.0,0.83,29.5,0.55,-69.7,-47.6,26.0,35.0,-93.5,6.9,1.0,104.0,1
D001020,5.0,1196.0,1.09,31.5,0.54,-64.0,-50.7,23.6,47.0,-96.4,8.8,1.0,117.0,1
D001021,6.4,,0.85,39.0,0.45,-69.8,-52.1,23.4,37.0,-96.5,15.7,0.0,109.0,1
D001022,5.9,1125.0,1.03,30.0,0.49,-65.2,-49.1,25.1,44.0,-95.6,10.8,1.0,135.0,1
D001023,5.3,1205.0,1.22,27.5,0.47,-63.8,-50.8,24.1,44.0,-95.6,11.2,0.0,125.0,1
D001024,6.0,1133.0,0.97,28.5,0.46,-65.6,-50.9,23.2,49.0,-94.4,7.3,1.0,133.0,1
D001025,4.8,1219.0,1.02,29.0,0.44,-65.2,-51.7,24.7,43.0,-95.9,,0.0,121.0,1
D001026,5.0,1259.0,1.11,29.0,0.42,-67.9,-48.5,23.5,44.0,-98.0,3.5,1.0,132.0,1
D001027,5.2,1199.0,1.15,26.0,0.5,-65.3,-48.2,25.5,40.0,-96.2,,,119.0,1
D001028,4.8,1168.0,1.03,30.0,0.51,-63.6,-51.2,23.9,40.0,-96.7,7.7,0.0,126.0,1
D001029,5.2,1128.0,0.99,28.0,0.5,-66.9,-53.0,23.2,44.0,-94.2,10.4,1.0,130.0,1
D001030,5.0,1179.0,1.12,26.0,0.42,-63.9,-49.3,23.3,42.0,-98.0,8.3,1.0,133.0,1
D001031,6.3,1072.0,0.83,20.5,0.46,-69.4,-45.0,24.9,43.0,-91.6,16.7,1.0,113.0,0
D001032,4.1,1203.0,1.07,28.5,0.48,-66.8,-50.7,22.4,44.0,-94.8,11.3,0.0,124.0,1
D001033,4.4,1303.0,,38.0,0.52,,-50.6,,56.0,-96.9,10.9,0.0,130.0,1
D001034,4.6,1176.0,1.16,24.5,0.49,-66.7,-49.6,23.1,41.0,-95.2,8.6,1.0,129.0,0
D001035,6.5,1088.0,1.18,25.0,0.41,-65.5,-45.9,22.5,51.0,-94.5,20.9,1.0,117.0,1
D001036,4.5,1169.0,1.06,29.5,0.43,-65.8,-50.1,24.6,43.0,-95.0,2.9,1.0,139.0,1
D001037,6.2,1324.0,1.16,23.5,0.55,-65.5,-48.3,22.6,42.0,-98.3,9.5,0.0,136.0,1
D001038,4.9,1084.0,1.2,27.5,0.41,-66.6,-49.6,24.2,50.0,-94.8,8.0,1.0,130.0,1
D001039,6.5,1163.0,1.39,30.5,0.38,-63.3,-46.4,20.7,38.0,-94.8,10.5,1.0,113.0,0
D001040,4.9,1255.0,0.95,28.5,0.43,-67.2,-49.7,24.1,45.0,-94.9,10.2,1.0,132.0,1
D001041,5.1,1008.0,1.11,37.5,0.61,-62.0,-51.3,28.1,47.0,-99.1,16.6,1.0,127.0,1
D001042,3.8,1117.0,1.42,36.0,0.64,-60.3,-52.3,22.4,45.0,-96.5,23.0,1.0,121.0,0
D001043,5.0,1069.0,1.05,31.0,0.43,-65.7,-50.6,23.8,45.0,-96.8,7.6,1.0,127.0,1
D001044,4.9,1185.0,1.23,28.5,0.51,-64.3,-49.4,25.2,45.0,-95.1,1.8,0.0,125.0,0
D001045,5.5,1181.0,1.24,27.5,0.55,-63.9,-50.0,23.7,40.0,-94.7,9.7,1.0,124.0,1
D001046,3.9,1113.0,1.0,27.0,0.47,-66.9,-49.3,22.6,48.0,-92.5,6.2,0.0,130.0,1
D001047,4.5,1152.0,1.15,26.0,0.47,,-51.3,22.6,44.0,-94.3,7.0,0.0,133.0,1
D001048,4.6,1177.0,1.01,29.5,0.54,-64.9,-48.6,24.6,48.0,-94.5,7.7,0.0,135.0,1
D001049,4.4,1136.0,1.14,26.5,0.42,-67.6,-49.4,26.1,42.0,-95.3,10.7,1.0,126.0,0
D001050,4.7,1160.0,1.09,30.5,0.44,-64.6,-49.8,23.3,41.0,-94.7,5.5,1.0,129.0,0
D001051,5.5,1087.0,1.18,31.5,0.56,-65.6,-52.4,25.5,49.0,-93.8,15.4,0.0,111.0,0
D001052,5.5,1220.0,1.03,32.0,0.49,-63.6,-49.2,23.2,40.0,-96.0,6.4,0.0,131.0,1
D001053,6.3,1190.0,1.2,27.5,0.59,-66.4,-47.8,20.4,39.0,-97.1,15.1,1.0,126.0,1
D001054,6.8,1144.0,1.15,26.5,0.35,-66.5,-52.7,21.8,51.0,-91.1,4.7,0.0,,0
D001055,5.1,1000.0,1.11,28.5,0.54,-69.9,-49.3,24.3,33.0,-97.6,5.6,1.0,103.0,1
D001056,4.5,1252.0,0.94,28.5,0.45,-67.8,-49.9,24.0,43.0,-95.2,7.4,0.0,130.0,1
D001057,6.0,1158.0,0.99,27.5,0.52,-64.9,-48.8,25.0,44.0,-97.0,8.5,0.0,140.0,1
D001058,4.5,1283.0,1.08,30.0,0.45,-66.5,-50.8,25.0,43.0,-96.0,10.2,0.0,133.0,1
D001059,5.0,1140.0,1.02,27.5,0.46,-66.9,-49.5,24.1,43.0,-96.1,12.4,0.0,,1
D001060,5.1,1187.0,1.16,32.5,0.44,-65.5,-48.7,24.8,43.0,-95.9,6.5,1.0,133.0,1
D001061,5.2,1191.0,1.07,31.0,0.53,-66.3,-51.8,24.3,48.0,-95.2,5.9,1.0,127.0,1
D001062,6.5,1255.0,1.49,32.0,0.5,-63.6,-47.9,25.4,38.0,-99.4,4.1,1.0,137.0,1
D001063,4.5,1185.0,0.97,27.5,0.47,-63.9,-48.9,23.7,46.0,-94.0,9.7,0.0,125.0,1
D001064,4.2,,1.05,28.0,0.5,-65.1,-49.7,24.5,45.0,-96.2,10.7,0.0,134.0,1
D001065,4.4,1257.0,1.04,28.0,0.46,-65.6,-48.3,24.8,38.0,-95.0,10.0,0.0,131.0,1
D001066,4.7,1135.0,1.31,28.0,0.49,-64.9,-49.8,24.7,41.0,-95.7,10.4,1.0,124.0,1
D001067,4.3,1130.0,1.03,26.0,0.44,-64.2,-49.9,25.1,,-94.1,5.3,0.0,131.0,1
D001068,5.9,1355.0,1.23,21.0,0.48,-61.4,-46.2,24.3,46.0,-100.0,21.5,0.0,117.0,0
D001069,4.7,1324.0,0.89,36.5,0.46,-68.9,-53.2,22.7,52.0,-91.7,14.9,1.0,136.0,1
D001070,5.0,1301.0,1.49,28.0,0.38,-62.4,-49.9,28.9,60.0,-91.1,16.9,0.0,140.0,0
D001071,4.7,1160.0,1.06,29.0,0.45,-64.8,-51.1,24.2,46.0,-94.5,5.0,0.0,127.0,1
D001072,4.5,1119.0,1.11,31.0,0.53,-64.5,-50.7,22.5,41.0,,6.3,0.0,125.0,1
D001073,4.2,1193.0,1.12,28.0,0.42,-63.3,-49.2,24.8,44.0,-95.4,8.9,0.0,127.0,1
D001074,4.3,1149.0,1.03,30.0,0.54,-66.0,-52.0,24.5,38.0,-96.9,9.2,1.0,128.0,1
D001075,4.4,1205.0,1.03,25.0,0.5,-66.7,-49.0,25.9,48.0,-93.8,7.8,1.0,121.0,0
D001076,4.2,1203.0,1.11,29.5,0.48,-67.0,-50.8,23.1,48.0,-96.5,8.7,1.0,123.0,1
D001077,4.2,1229.0,1.07,26.5,0.5,-65.1,-49.7,23.4,43.0,-96.4,8.8,1.0,127.0,0
D001078,4.2,1128.0,1.08,27.0,0.54,-65.9,-49.5,25.1,42.0,-95.6,5.8,1.0,135.0,0
D001079,4.5,1203.0,1.04,32.5,0.44,-65.8,-50.5,25.2,45.0,-95.0,8.5,1.0,127.0,1
D001080,4.9,1143.0,1.15,30.5,0.5,-66.0,-51.4,25.7,40.0,-94.6,11.0,1.0,128.0,1
D001081,4.6,1186.0,1.1,26.0,0.38,-65.3,-49.2,23.8,45.0,-95.3,11.7,0.0,122.0,0
D001082,3.8,1254.0,0.82,20.5,0.38,-61.7,-51.8,28.7,31.0,-98.7,8.5,0.0,140.0,0
D001083,5.6,1093.0,0.89,27.0,0.42,-68.0,-53.3,29.7,50.0,-90.6,10.2,1.0,107.0,1
D001084,4.8,1354.0,1.27,32.5,0.37,-60.2,-50.8,27.9,33.0,-96.9,10.0,1.0,136.0,0
D001085,5.4,1198.0,1.15,28.5,0.46,-65.6,-49.4,23.7,43.0,-93.3,13.2,1.0,120.0,0
D001086,4.8,,1.12,27.5,0.46,-64.6,-50.4,22.8,52.0,-96.8,8.0,1.0,128.0,1
D001087,,1357.0,1.02,25.5,0.62,-63.1,-53.0,21.0,37.0,-95.5,5.6,1.0,101.0,1
D001088,6.1,1266.0,1.34,31.0,0.53,-61.9,-46.7,29.3,44.0,-95.4,6.2,1.0,115.0,0
D001089,4.4,1099.0,1.04,30.0,0.48,-67.0,-49.9,25.3,47.0,-94.4,9.4,1.0,126.0,0
D001090,4.4,1264.0,1.05,29.5,0.43,-66.6,-49.6,26.2,45.0,-95.0,10.1,0.0,128.0,0
D001091,6.5,,0.84,25.5,0.38,-64.3,-50.1,23.1,37.0,-91.6,13.9,1.0,107.0,0
D001092,4.5,1202.0,1.05,27.0,0.51,-65.7,-50.7,23.3,43.0,-94.6,12.3,1.0,119.0,1
D001093,4.8,1273.0,1.18,35.5,0.56,-62.0,-52.0,29.3,,-98.5,5.7,0.0,149.0,1
D001094,4.8,1304.0,1.36,32.0,0.37,-63.0,-52.7,26.1,43.0,-92.2,10.9,1.0,135.0,0
D001095,4.5,1230.0,0.98,31.0,0.43,-66.6,-50.7,24.5,50.0,-93.9,10.4,0.0,130.0,1
D001096,4.9,1252.0,1.06,31.5,0.51,-63.9,-50.3,24.9,48.0,-94.9,8.5,1.0,138.0,1
D001097,5.2,1230.0,1.24,27.0,0.42,-66.2,-50.8,23.8,44.0,-95.1,4.1,0.0,132.0,1
D001098,4.6,1273.0,0.96,29.0,0.45,-66.7,-48.8,22.6,46.0,-96.2,7.8,1.0,125.0,1
D001099,4.5,1193.0,1.05,29.0,0.44,-64.7,-49.9,24.8,50.0,-98.2,7.9,0.0,127.0,1
D001100,4.7,1204.0,1.11,29.5,0.52,-64.7,-50.1,24.0,46.0,-95.7,6.3,0.0,126.0,1
D001101,3.2,1363.0,0.88,24.0,0.49,-67.2,-54.5,28.8,57.0,-90.1,19.0,1.0,110.0,0
D001102,5.3,1194.0,1.2,32.5,0.45,-65.4,-49.1,24.1,43.0,-97.4,6.9,0.0,133.0,1
D001103,4.9,1197.0,1.15,31.0,0.44,-65.2,-49.4,23.8,47.0,-95.7,10.3,0.0,134.0,1
D001104,6.7,1099.0,1.03,27.0,0.35,-69.0,-46.6,28.9,57.0,-95.7,7.3,0.0,122.0,1
D001105,4.6,1143.0,0.9,33.5,0.52,-62.5,-49.6,22.5,41.0,-94.8,12.2,0.0,113.0,1
D001106,5.0,1163.0,1.15,31.0,0.46,-66.6,-48.6,23.4,43.0,-95.8,4.3,0.0,129.0,1
D001107,4.4,1177.0,0.98,25.5,0.52,-66.4,-49.4,23.5,44.0,-96.1,10.5,1.0,134.0,1
D001108,4.8,1159.0,1.13,29.5,0.55,-64.4,-51.1,24.5,48.0,-93.6,6.2,1.0,128.0,0
D001109,4.5,1058.0,1.05,30.5,0.35,-69.9,-51.3,23.5,35.0,-98.7,5.4,1.0,138.0,1
D001110,5.3,1311.0,0.89,32.0,,-64.8,-45.3,20.3,45.0,-97.9,23.6,1.0,134.0,0
D001111,,1199.0,1.15,26.0,0.53,,-51.0,23.0,40.0,-95.5,14.2,1.0,129.0,1
D001112,5.0,1225.0,1.08,35.0,0.42,-60.3,-47.2,23.8,56.0,-95.0,4.3,1.0,108.0,0
D001113,4.8,1158.0,1.13,31.0,0.42,-66.3,-49.3,26.2,44.0,-94.1,9.7,1.0,130.0,1
D001114,5.5,1160.0,0.93,26.5,0.46,-65.5,-50.9,24.1,43.0,,11.3,1.0,126.0,0
D001115,4.2,1186.0,1.07,30.5,0.49,-64.0,-50.0,23.1,42.0,-94.8,11.0,0.0,127.0,1
D001116,6.4,1017.0,0.84,33.0,0.52,-65.4,-46.1,20.5,51.0,-92.4,7.4,0.0,101.0,1
D001117,5.2,1167.0,1.12,30.0,0.4,-64.4,-49.4,23.8,40.0,-95.5,10.1,1.0,131.0,0
D001118,5.8,1164.0,1.17,28.0,0.47,-64.7,-49.4,22.7,44.0,-96.2,7.8,1.0,128.0,1
D001119,5.3,1067.0,1.18,30.0,0.45,-67.1,-48.4,24.3,46.0,-94.1,6.4,1.0,128.0,1
D001120,4.9,1149.0,0.98,30.5,0.44,-67.3,-49.5,23.5,47.0,-93.8,6.0,0.0,119.0,1
D001121,5.2,1150.0,1.14,29.5,0.45,-65.6,-50.1,24.8,39.0,-95.8,10.0,0.0,121.0,1
D001122,5.1,1235.0,1.16,30.0,0.42,-65.3,-51.6,24.2,46.0,-95.5,12.2,0.0,124.0,1
D001123,4.8,1191.0,1.12,28.0,0.49,-66.0,-49.7,25.9,44.0,-96.8,8.6,0.0,132.0,1
D001124,4.7,1222.0,1.06,28.5,0.45,-66.4,-50.0,25.5,48.0,-96.6,8.3,1.0,135.0,1
D001125,5.5,1052.0,1.41,38.5,0.41,-68.2,-47.6,29.9,54.0,-94.6,15.9,1.0,111.0,0
D001126,5.0,1181.0,1.2,32.5,0.54,-65.8,-50.6,23.8,42.0,-94.8,9.8,1.0,138.0,1
D001127,4.9,1220.0,1.05,29.5,0.48,-64.6,-51.0,25.1,43.0,-95.3,5.4,0.0,119.0,1
D001128,4.5,1172.0,0.97,,0.43,-64.7,-51.2,26.3,54.0,-95.5,13.5,1.0,121.0,0
D001129,3.9,1235.0,1.18,36.0,0.5,-60.1,-51.6,28.1,57.0,-91.5,22.0,1.0,110.0,0
D001130,4.9,1182.0,1.19,28.0,0.42,-66.2,-50.1,22.6,44.0,-97.8,9.6,0.0,123.0,1
D001131,4.7,1195.0,1.08,31.5,0.48,-66.6,-48.7,,47.0,-95.8,8.4,0.0,130.0,1
D001132,5.6,1193.0,1.09,26.0,0.51,-66.0,-54.1,21.5,41.0,-93.7,17.1,1.0,100.0,1
D001133,3.3,1223.0,0.82,24.5,0.36,-67.0,-51.2,29.9,50.0,-91.6,10.0,0.0,123.0,0
D001134,5.1,1091.0,1.14,30.5,0.47,-66.2,-49.7,22.3,39.0,-96.3,8.2,0.0,128.0,1
D001135,5.1,1197.0,1.11,31.0,0.51,-63.4,-50.9,24.4,49.0,-95.9,14.8,1.0,125.0,1
D001136,4.2,1217.0,1.06,28.5,0.45,-63.4,-47.9,23.8,46.0,-94.8,10.5,1.0,130.0,0
D001137,4.1,1117.0,1.17,31.0,0.53,-64.3,-48.6,24.9,49.0,-95.0,8.7,0.0,131.0,1
D001138,5.5,1091.0,0.98,28.0,0.5,-65.8,-51.8,24.3,44.0,-95.0,8.2,0.0,112.0,1
D001139,4.3,1123.0,1.04,30.0,0.47,-66.7,-49.4,24.2,44.0,-95.0,12.4,0.0,127.0,1
D001140,4.5,1205.0,1.18,30.5,0.5,-66.2,-49.2,24.9,40.0,-94.4,9.6,1.0,126.0,1
D001141,4.3,1158.0,1.08,30.0,0.51,-64.8,-49.7,24.5,45.0,-97.7,10.2,0.0,131.0,1
D001142,4.8,1156.0,1.07,25.0,0.43,-65.3,-49.1,25.0,42.0,-95.5,11.6,0.0,130.0,1
D001143,4.8,1192.0,1.28,31.5,0.46,-66.6,-49.7,24.1,47.0,-96.5,7.4,1.0,,1
D001144,4.5,1317.0,1.13,21.5,0.52,-60.9,-46.7,27.3,49.0,-96.8,1.4,1.0,141.0,0
D001145,5.0,,1.18,28.0,0.5,-66.0,-50.8,24.3,41.0,-96.3,,0.0,,1
D001146,4.5,1146.0,1.07,,0.49,-64.3,-50.3,24.3,41.0,-94.1,9.0,1.0,120.0,0
D001147,4.8,1113.0,1.03,31.0,0.45,-64.0,-50.2,23.0,43.0,-96.0,3.4,1.0,126.0,1
D001148,4.6,1164.0,1.06,28.5,0.5,-63.9,-50.1,23.9,51.0,-95.5,9.7,1.0,130.0,0
D001149,6.7,1131.0,1.31,25.0,0.64,-67.1,-49.6,26.3,43.0,-96.6,18.8,0.0,144.0,1
D001150,5.0,1172.0,0.97,29.0,0.52,-64.1,,21.1,45.0,-95.6,6.6,1.0,135.0,0
D001151,6.2,1326.0,1.09,37.0,0.41,-68.2,-51.4,26.7,37.0,-94.1,2.7,1.0,123.0,1
D001152,3.8,1267.0,1.04,37.5,0.68,-69.0,-50.3,29.1,46.0,-98.7,21.6,0.0,101.0,0
D001153,5.4,1262.0,0.85,21.5,0.58,-62.2,-53.7,26.4,39.0,-94.4,23.6,1.0,111.0,0
D001154,5.4,1059.0,1.54,25.5,0.3,-62.2,-46.0,28.6,33.0,-99.7,11.7,0.0,121.0,0
D001155,4.9,1002.0,1.1,29.0,0.43,-66.1,-46.6,25.6,43.0,-94.7,23.3,1.0,116.0,0
D001156,5.4,1354.0,1.43,25.0,0.49,-66.8,-53.5,21.8,55.0,-92.1,3.7,0.0,144.0,1
D001157,4.9,1171.0,1.18,30.0,0.49,-67.2,-50.1,23.4,46.0,-96.2,9.2,1.0,131.0,1
D001158,5.0,1393.0,1.52,30.0,0.66,,-46.2,20.5,39.0,-94.6,5.3,0.0,143.0,1
D001159,4.5,1178.0,1.15,30.5,0.5,-64.3,-49.3,24.7,42.0,-94.4,6.0,1.0,133.0,1
D001160,4.0,1391.0,1.22,35.5,0.62,-62.2,-46.0,26.2,41.0,-92.6,3.1,1.0,129.0,0
D001161,4.7,1178.0,1.24,31.5,0.51,-64.7,-49.3,23.0,44.0,-96.8,12.4,1.0,122.0,1
D001162,6.2,1060.0,0.97,25.5,0.32,-62.5,-49.0,27.5,40.0,-94.6,3.2,0.0,149.0,0
D001163,,1205.0,1.15,29.5,0.52,-66.2,-50.4,24.0,45.0,-97.0,6.2,1.0,135.0,1
D001164,6.6,1118.0,1.35,35.0,0.5,-67.8,-54.2,21.4,51.0,-99.6,21.8,1.0,108.0,1
D001165,5.8,1038.0,1.13,39.0,0.35,-65.2,-53.3,22.9,52.0,-92.2,16.6,1.0,105.0,1
D001166,3.9,1134.0,1.09,25.5,0.49,-65.8,-50.4,24.3,39.0,-96.9,12.3,0.0,124.0,0
D001167,5.8,1261.0,1.44,31.5,0.35,-60.9,-46.5,23.6,59.0,-91.6,5.0,1.0,134.0,0
D001168,4.5,1193.0,1.26,30.5,0.5,-64.1,-51.8,24.1,45.0,-95.7,,1.0,129.0,0
D001169,4.6,1226.0,1.14,27.0,0.44,-65.6,-51.4,23.3,42.0,-95.5,7.3,1.0,129.0,1
D001170,5.3,1244.0,1.17,30.5,0.44,-64.6,-49.6,23.6,40.0,-94.9,9.7,1.0,139.0,1
D001171,5.1,1123.0,1.11,28.5,0.49,-66.0,-50.6,24.9,43.0,-95.7,10.2,0.0,123.0,1
D001172,3.8,1233.0,1.19,30.0,0.51,-64.9,-48.3,23.7,40.0,-94.9,8.2,0.0,133.0,1
D001173,4.8,1184.0,1.05,31.0,0.43,-64.8,-48.6,22.2,43.0,-96.5,,1.0,130.0,0
D001174,5.4,1136.0,1.0,28.5,0.54,-64.7,-49.7,24.1,44.0,-94.6,3.3,0.0,129.0,1
D001175,6.1,1036.0,1.33,39.0,0.63,-61.8,-45.5,26.8,57.0,-95.1,0.2,1.0,105.0,0
D001176,4.3,1137.0,1.55,39.5,0.4,-62.1,-52.3,24.5,,-96.6,10.1,0.0,137.0,1
D001177,4.7,1122.0,1.1,25.5,0.48,-66.6,-50.1,25.1,42.0,-94.0,8.5,1.0,125.0,1
D001178,,1173.0,1.03,30.0,0.49,-65.8,-50.2,23.8,42.0,-95.1,10.2,1.0,128.0,1
D001179,6.3,1311.0,1.06,22.5,0.3,-61.4,-50.8,26.9,38.0,,6.8,1.0,129.0,0
D001180,5.9,1084.0,1.35,25.5,0.5,-62.6,-54.5,26.0,45.0,-99.7,4.7,0.0,132.0,0
D001181,4.8,1182.0,1.05,29.0,0.52,-66.7,-49.3,26.5,46.0,-96.1,12.1,1.0,134.0,1
D001182,5.0,1190.0,1.03,29.5,0.5,-66.2,-51.6,23.3,46.0,-95.1,10.6,1.0,129.0,1
D001183,6.5,1094.0,1.09,37.0,0.7,-63.7,-49.3,29.5,43.0,-99.0,20.3,0.0,129.0,0
D001184,6.8,1393.0,1.18,37.5,0.37,-62.0,-51.3,23.2,59.0,-91.3,9.5,0.0,127.0,1
D001185,5.8,1386.0,1.39,36.0,0.61,-60.6,-50.5,20.4,36.0,-90.9,,0.0,117.0,0
D001186,4.1,1375.0,1.49,29.0,0.6,-62.5,-45.4,23.2,32.0,-92.5,4.2,0.0,141.0,1
D001187,6.6,1260.0,1.53,36.0,0.53,-63.5,-51.0,28.4,42.0,-91.8,4.4,0.0,147.0,1
D001188,4.6,1258.0,1.04,33.0,0.32,-68.5,-47.1,21.0,36.0,-95.6,12.8,1.0,102.0,0
D001189,4.6,1112.0,1.11,28.0,0.44,-66.9,,23.8,46.0,-95.8,9.5,0.0,130.0,0
D001190,5.2,1188.0,1.22,28.5,0.5,-65.4,-51.5,23.8,43.0,-95.0,4.3,1.0,,1
D001191,6.0,1333.0,1.45,31.0,0.62,-68.0,-46.6,24.5,39.0,-98.2,11.6,0.0,137.0,1
D001192,5.5,1193.0,1.1,30.5,0.43,-66.9,-50.5,24.2,44.0,-94.3,11.1,0.0,125.0,1
D001193,6.7,1344.0,1.25,32.0,0.58,-66.9,-54.7,20.1,45.0,-93.1,18.2,1.0,141.0,1
D001194,6.2,1393.0,1.29,31.0,0.59,-64.1,-50.3,21.2,35.0,-97.1,3.8,0.0,124.0,1
D001195,4.7,1225.0,0.91,34.5,0.45,-67.4,-49.7,22.7,44.0,-96.1,9.6,0.0,123.0,1
D001196,4.8,1157.0,1.09,30.5,0.52,-67.0,-49.7,23.4,45.0,-95.5,9.6,0.0,134.0,1
D001197,5.0,1174.0,0.97,30.0,0.46,-65.7,-49.1,24.4,44.0,-94.1,8.0,1.0,128.0,1
D001198,4.7,1160.0,1.09,29.0,0.44,-64.7,-51.0,22.9,52.0,-95.7,6.1,1.0,135.0,0
D001199,3.8,1147.0,0.82,28.5,0.57,-62.2,-49.2,24.8,36.0,-98.9,17.6,1.0,140.0,0
D001200,4.3,1237.0,1.51,23.0,0.39,-67.5,-46.3,24.2,52.0,-90.4,19.8,0.0,122.0,0
D001201,3.6,1172.0,1.39,34.5,0.53,-60.0,-51.4,29.4,44.0,-92.1,5.1,1.0,106.0,0
D001202,4.9,1150.0,1.15,28.0,0.49,-65.4,-47.8,23.5,45.0,-96.5,9.3,0.0,127.0,1
D001203,4.6,1182.0,1.08,26.5,0.51,-63.5,-51.1,24.7,50.0,-96.0,5.6,1.0,132.0,1
D001204,4.3,1240.0,0.97,30.0,0.57,-65.2,-48.9,23.2,42.0,-94.3,6.8,1.0,127.0,1
D001205,4.7,1258.0,1.28,23.0,0.69,-69.2,-48.4,28.4,37.0,-99.1,1.6,0.0,113.0,0
D001206,5.0,1177.0,1.17,25.0,0.48,-65.9,-48.8,23.5,44.0,-95.5,12.0,1.0,127.0,0
D001207,4.8,1214.0,1.33,22.0,0.32,-60.5,-45.7,22.9,31.0,-99.7,22.9,1.0,112.0,0
D001208,4.8,1236.0,1.01,29.5,0.48,-65.3,-49.5,24.9,39.0,-94.9,12.1,1.0,124.0,1
D001209,5.0,1144.0,1.13,29.5,0.44,-64.9,-50.1,23.9,37.0,-95.6,10.6,1.0,136.0,1
D001210,7.0,1397.0,1.49,21.5,0.54,-61.7,-50.7,29.2,45.0,-92.0,14.9,1.0,121.0,0
D001211,4.5,1235.0,1.0,27.5,,-65.8,-51.2,23.6,43.0,-96.9,9.8,0.0,130.0,1
D001212,4.9,1147.0,1.09,29.0,0.49,-65.3,-49.7,25.6,42.0,-97.5,7.4,1.0,123.0,1
D001213,4.4,1162.0,1.28,28.0,0.46,-65.9,-47.9,23.2,43.0,-94.1,15.7,0.0,122.0,0
D001214,5.3,1241.0,1.01,31.0,0.51,-66.3,-48.9,22.4,44.0,-97.1,8.4,1.0,131.0,1
D001215,4.9,1199.0,1.6,29.5,0.51,-68.7,-53.1,22.3,49.0,-98.0,8.1,0.0,106.0,0
D001216,5.1,1209.0,1.02,23.5,0.43,-64.2,-52.3,27.0,30.0,-98.0,20.7,1.0,130.0,1
D001217,5.5,1164.0,1.18,32.5,0.49,-66.9,-50.4,25.6,44.0,-95.0,11.8,1.0,124.0,1
D001218,4.0,1356.0,1.08,26.5,0.59,,-50.6,24.7,44.0,-91.2,17.7,1.0,,0
D001219,4.5,1179.0,1.16,34.0,0.56,-64.8,-47.0,24.2,32.0,-95.5,8.1,0.0,125.0,1
D001220,5.1,1109.0,1.32,37.5,0.66,-62.2,-54.9,24.2,33.0,-96.2,1.8,1.0,114.0,1
D001221,5.1,1143.0,1.14,31.0,0.43,-66.0,-51.0,25.7,46.0,-94.6,10.1,,126.0,1
D001222,5.1,1315.0,1.47,38.5,0.48,-60.5,-49.2,22.0,43.0,-98.9,17.6,0.0,144.0,1
D001223,4.5,1185.0,1.09,31.5,0.43,-64.9,-50.2,23.8,46.0,-94.6,8.0,0.0,126.0,1
D001224,4.8,1054.0,1.25,22.5,0.41,-69.7,-49.8,22.8,43.0,-90.1,6.1,1.0,102.0,0
D001225,5.4,1154.0,1.14,27.5,0.44,-65.3,-50.1,23.1,48.0,-96.4,9.1,1.0,133.0,1
D001226,4.2,1135.0,1.15,29.0,0.49,-64.7,-50.8,25.4,,-97.1,9.6,0.0,128.0,0
D001227,6.0,1197.0,1.58,22.5,0.61,-61.2,-46.5,23.9,57.0,-96.8,9.7,1.0,109.0,0
D001228,3.9,,1.48,24.0,0.34,-67.8,-51.0,22.1,34.0,-97.3,15.6,1.0,144.0,0
D001229,4.3,1205.0,1.03,27.0,0.53,-66.3,-51.3,23.4,46.0,-95.6,5.8,0.0,136.0,1
D001230,5.6,1161.0,1.03,27.0,0.46,-64.3,-50.1,23.4,45.0,-96.6,4.9,1.0,134.0,1
D001231,4.7,1093.0,1.14,27.5,0.52,-66.6,-49.4,24.4,48.0,-96.6,7.6,0.0,130.0,1
D001232,5.3,1223.0,1.18,26.0,0.44,-67.4,-48.5,23.5,49.0,-96.5,11.1,0.0,131.0,1
D001233,4.7,1047.0,1.56,40.0,0.38,-65.7,-53.4,22.9,35.0,-96.3,20.6,1.0,145.0,1
D001234,4.5,1151.0,0.91,30.5,0.48,-63.4,-48.9,24.7,42.0,-95.4,8.2,0.0,125.0,1
D001235,4.4,1154.0,1.08,26.0,0.46,-66.5,-49.9,24.7,44.0,,13.2,1.0,125.0,0
D001236,4.6,1176.0,1.01,30.0,0.51,-66.8,-49.9,24.1,38.0,-93.0,9.9,,136.0,1
D001237,5.8,1129.0,1.3,29.0,0.61,-65.2,-51.7,26.4,41.0,-99.1,21.5,1.0,147.0,1
D001238,4.1,1044.0,1.48,39.5,0.68,-66.8,-53.8,25.8,33.0,-94.0,23.6,0.0,125.0,0
D001239,5.1,1337.0,0.94,24.0,0.36,-65.1,-49.5,27.0,54.0,-91.9,8.1,1.0,123.0,0
D001240,4.6,1200.0,1.09,26.5,0.52,-65.5,-49.0,24.7,41.0,-97.7,,1.0,124.0,0
D001241,4.3,1313.0,1.2,29.0,0.47,-64.4,-51.1,22.2,53.0,-95.1,9.1,1.0,127.0,1
D001242,4.5,1171.0,1.15,26.5,0.46,-64.6,-51.1,24.7,48.0,-95.8,9.0,0.0,127.0,0
D001243,3.8,1182.0,1.12,29.0,0.49,-64.0,-51.7,23.5,49.0,-94.9,3.8,1.0,122.0,0
D001244,5.3,1276.0,0.93,37.0,0.46,-64.1,-46.5,22.6,59.0,,21.8,0.0,143.0,1
D001245,4.4,1153.0,1.19,30.0,0.53,-65.9,,24.9,46.0,-95.2,11.8,0.0,117.0,1
D001246,4.3,1021.0,1.6,37.0,0.61,-68.2,-45.2,28.8,52.0,-94.2,7.2,0.0,122.0,0
D001247,7.0,1288.0,1.02,37.5,0.53,-69.4,-47.4,20.0,41.0,-91.5,14.6,1.0,137.0,1
D001248,5.0,1183.0,1.04,30.5,0.4,-64.8,-49.5,25.0,42.0,-95.1,8.2,1.0,130.0,1
D001249,5.8,1201.0,1.23,32.0,0.47,-64.9,-48.6,24.5,44.0,-95.4,8.0,1.0,132.0,1
D001250,4.4,1180.0,1.02,30.5,0.5,-64.3,-50.5,25.3,45.0,-96.0,10.1,1.0,131.0,0
D001251,4.7,1193.0,1.17,29.0,0.48,-67.8,-49.1,23.2,41.0,-96.4,13.2,1.0,132.0,1
D001252,3.3,1339.0,1.43,26.0,0.61,-68.6,-47.8,21.1,44.0,-98.8,10.5,1.0,137.0,0
D001253,4.8,1201.0,1.05,32.0,0.52,,-49.5,23.1,44.0,-94.9,12.8,0.0,126.0,1
D001254,4.9,1208.0,1.05,29.5,0.45,-65.0,-50.7,21.1,40.0,-96.1,9.3,0.0,122.0,1
D001255,5.0,1207.0,1.5,22.0,0.68,-68.2,-52.7,20.9,55.0,-91.0,2.8,0.0,,0
D001256,4.7,1157.0,0.99,26.5,,-65.5,-48.7,26.0,44.0,-94.5,12.0,0.0,126.0,1
D001257,3.5,1179.0,1.11,31.0,0.65,-68.7,-47.0,23.0,32.0,-95.8,6.7,1.0,141.0,0
D001258,5.0,1161.0,1.5,,0.35,-63.7,-49.7,22.3,56.0,-95.4,16.1,1.0,100.0,0
D001259,4.3,1347.0,1.33,28.0,0.54,-60.7,-53.0,20.6,,-93.1,5.1,0.0,135.0,0
D001260,5.1,1121.0,1.15,26.5,0.47,-64.9,-51.2,24.7,41.0,-95.1,10.9,1.0,126.0,1
D001261,4.5,1277.0,1.36,31.5,0.34,-66.1,-51.4,27.7,44.0,-93.6,13.4,0.0,100.0,0
D001262,4.7,1277.0,1.12,27.5,0.46,-66.2,-50.8,22.6,46.0,-97.3,9.7,1.0,122.0,1
D001263,5.8,1273.0,1.48,36.5,0.43,-68.0,-53.9,25.8,46.0,-90.6,22.7,0.0,108.0,0
D001264,5.8,1300.0,0.86,30.5,0.62,-61.8,-50.5,21.5,44.0,-95.4,11.2,1.0,103.0,1
D001265,5.5,1238.0,1.03,30.5,0.5,-65.7,-49.5,22.1,41.0,-94.5,10.0,1.0,120.0,1
D001266,4.8,1173.0,1.27,30.5,0.54,-66.5,-49.3,23.2,46.0,-96.1,6.8,0.0,132.0,1
D001267,6.4,1049.0,,30.5,0.62,-69.7,-46.7,23.6,55.0,-93.5,6.5,1.0,131.0,1
D001268,4.5,1195.0,1.02,26.5,,-64.2,-50.9,23.2,40.0,-94.7,6.1,1.0,129.0,1
D001269,5.0,1232.0,1.05,30.5,0.56,-65.8,-50.4,24.0,52.0,-96.5,9.9,1.0,121.0,1
D001270,5.6,1217.0,1.08,30.0,0.51,-63.4,-51.6,23.1,47.0,,10.8,0.0,136.0,1
D001271,4.7,1146.0,1.02,,0.43,-66.0,-50.0,23.7,52.0,-96.0,9.2,1.0,131.0,1
D001272,4.8,1220.0,1.08,26.0,0.4,-67.5,-47.8,24.0,45.0,-96.0,7.8,0.0,133.0,1
D001273,6.4,1014.0,1.37,37.0,0.67,-67.4,,22.0,47.0,-96.6,21.0,0.0,108.0,1
D001274,4.8,1092.0,1.4,35.0,0.42,-64.9,-54.6,24.2,57.0,-92.7,22.7,1.0,103.0,0
D001275,4.3,1346.0,1.02,34.0,0.41,-66.4,-47.2,29.0,48.0,-94.6,4.6,0.0,148.0,1
D001276,4.9,1198.0,1.04,25.5,0.44,-67.3,-50.3,24.4,45.0,-93.4,8.8,0.0,127.0,1
D001277,5.4,1224.0,1.11,30.0,0.47,-66.0,-48.7,23.6,44.0,-94.8,11.6,0.0,125.0,1
D001278,3.2,1143.0,1.36,35.0,0.46,-61.0,-50.6,21.1,54.0,-93.7,10.8,1.0,144.0,0
D001279,3.3,1020.0,0.82,35.0,0.63,-64.8,-45.6,22.1,53.0,-95.6,14.2,0.0,142.0,0
D001280,4.9,1135.0,1.19,38.0,0.46,-62.4,-49.5,29.9,49.0,-100.0,3.7,1.0,136.0,0
D001281,3.7,1332.0,1.28,38.5,0.49,-61.4,-45.9,28.1,59.0,-98.7,23.3,1.0,119.0,0
D001282,3.9,1085.0,1.3,34.0,0.43,-68.2,-53.2,25.1,55.0,-98.5,,1.0,119.0,1
D001283,4.7,1167.0,1.12,28.5,0.41,-64.6,-48.7,24.0,45.0,-96.2,9.4,1.0,122.0,0
D001284,4.3,1087.0,1.14,34.0,0.66,-61.9,-48.2,26.5,49.0,-91.3,13.6,0.0,132.0,0
D001285,4.8,1208.0,0.97,30.0,0.5,-66.4,-49.6,23.0,41.0,-95.0,8.2,1.0,133.0,1
D001286,4.0,1243.0,0.98,28.5,0.46,-66.6,-51.7,21.7,48.0,-93.3,10.6,1.0,130.0,0
D001287,5.9,1094.0,0.8,36.0,0.34,-68.2,-51.2,23.0,50.0,-94.9,8.7,1.0,147.0,1
D001288,5.5,1085.0,1.06,35.5,0.44,-66.0,-50.3,28.7,36.0,-92.0,4.3,1.0,138.0,1
D001289,5.1,1194.0,1.2,28.0,0.52,-64.7,-49.9,24.6,41.0,-96.0,11.1,0.0,137.0,1
D001290,4.7,1200.0,1.09,28.5,0.45,-68.6,-47.7,23.6,44.0,-95.5,7.3,1.0,132.0,1
D001291,4.6,1149.0,1.1,30.0,0.53,-67.2,-50.1,25.3,41.0,-95.0,9.4,1.0,129.0,1
D001292,4.8,1157.0,0.99,28.0,0.46,,-49.4,25.1,45.0,-97.4,6.2,1.0,134.0,1
D001293,4.6,1149.0,1.22,29.0,0.48,-65.0,-51.4,23.7,43.0,-96.7,10.1,0.0,127.0,1
D001294,,1227.0,1.27,30.5,0.65,-67.1,-52.8,22.3,41.0,-96.8,4.2,0.0,126.0,1
D001295,4.7,1161.0,1.0,31.0,0.44,-66.9,-50.5,22.8,47.0,-94.7,10.1,1.0,129.0,1
D001296,4.8,1200.0,1.19,26.0,0.47,-66.0,-49.6,23.0,46.0,-94.0,9.9,0.0,120.0,1
D001297,4.2,1228.0,1.21,32.0,0.54,-65.7,-51.0,23.8,45.0,-95.3,8.5,1.0,132.0,1
D001298,4.0,1149.0,0.96,31.5,0.49,-65.3,-49.6,24.1,45.0,-95.7,9.5,1.0,128.0,1
D001299,6.5,1121.0,1.58,26.0,0.32,-63.8,-52.8,24.6,56.0,-93.9,12.2,1.0,115.0,0
D001300,5.1,1147.0,0.86,30.5,0.67,,-52.6,20.9,58.0,-96.6,6.0,1.0,128.0,1
D001301,4.2,1109.0,1.07,27.0,0.47,-66.4,-47.5,24.0,44.0,-97.9,8.9,1.0,129.0,0
D001302,7.0,1029.0,1.3,27.0,,-67.0,-48.5,24.7,37.0,-94.4,5.8,1.0,148.0,1
D001303,4.6,1175.0,1.14,27.0,0.49,,-50.7,24.4,47.0,-96.8,7.2,0.0,136.0,1
D001304,4.4,1203.0,1.14,30.5,0.46,-63.9,-50.4,24.3,42.0,-95.7,7.6,0.0,126.0,1
D001305,4.5,1187.0,1.08,30.0,0.43,-65.5,-49.7,23.6,44.0,-95.4,7.1,1.0,135.0,1
D001306,4.8,1160.0,1.36,31.0,0.43,-66.3,-50.2,23.4,46.0,-96.0,8.7,1.0,132.0,0
D001307,4.9,1201.0,,30.0,0.54,-66.3,-49.9,23.1,43.0,-96.5,12.7,1.0,131.0,1
D001308,3.3,1160.0,1.22,29.5,0.33,-69.3,-47.8,20.8,30.0,-93.3,8.4,1.0,117.0,0
D001309,4.8,1254.0,1.0,26.5,0.5,-64.6,-49.9,23.8,49.0,-94.1,11.6,1.0,136.0,1
D001310,4.6,1172.0,0.96,24.5,0.47,-66.0,-49.7,23.8,44.0,,11.3,0.0,136.0,1
D001311,4.3,1156.0,1.09,28.0,0.44,-66.1,-51.3,24.7,41.0,-95.8,7.6,0.0,126.0,1
D001312,4.4,1256.0,1.04,32.0,0.46,-65.5,-49.7,23.9,40.0,-95.8,5.2,0.0,120.0,0
D001313,5.8,1152.0,1.2,31.5,0.65,-65.8,-49.1,20.4,45.0,-91.1,20.7,0.0,120.0,0
D001314,5.5,1031.0,1.57,20.5,0.52,-61.9,-51.5,21.4,48.0,-94.3,20.9,0.0,117.0,0
D001315,6.1,1141.0,,34.0,0.34,-64.1,-46.3,22.1,43.0,-91.3,23.3,0.0,139.0,0
D001316,5.2,1148.0,1.14,28.0,0.44,-62.8,-50.0,26.6,40.0,-95.3,3.3,0.0,132.0,1
D001317,4.2,1146.0,1.06,26.5,0.47,-65.5,-51.6,23.6,40.0,-95.4,9.8,0.0,121.0,0
D001318,5.8,1278.0,1.37,21.5,0.42,-60.2,-49.5,27.8,36.0,-96.3,0.3,1.0,134.0,0
D001319,4.9,1209.0,1.03,27.5,0.52,-66.6,-50.7,23.7,50.0,-97.5,6.8,1.0,132.0,1
D001320,4.1,1020.0,1.43,26.5,0.48,-62.4,-52.8,26.0,32.0,-90.0,23.5,0.0,128.0,0
D001321,6.5,1251.0,0.86,38.0,0.42,-61.8,-47.8,23.2,50.0,-96.4,4.4,1.0,127.0,1
D001322,3.2,1053.0,0.84,29.5,0.61,-61.3,-49.7,24.0,43.0,-96.8,13.3,1.0,149.0,0
D001323,4.5,1240.0,1.21,33.0,0.41,-66.2,-50.7,25.0,47.0,-94.8,5.2,0.0,128.0,1
D001324,4.8,1325.0,1.59,35.0,0.48,-67.8,-53.2,29.2,57.0,-93.9,5.1,1.0,147.0,1
D001325,4.5,1229.0,0.92,36.5,0.5,-66.2,-51.1,25.1,45.0,-95.4,5.8,0.0,118.0,1
D001326,5.2,1134.0,1.13,25.5,0.49,-64.9,-51.0,24.9,42.0,-93.8,9.7,0.0,127.0,1
D001327,6.9,1222.0,1.18,27.5,0.45,-63.6,-54.5,28.5,47.0,-94.0,9.5,1.0,113.0,0
D001328,3.8,1079.0,1.53,,0.53,-62.6,-51.2,24.8,51.0,,23.2,1.0,121.0,0
D001329,3.1,1334.0,1.1,36.5,0.49,-62.1,-53.8,29.0,35.0,-92.6,23.3,0.0,115.0,0
D001330,4.4,1266.0,0.85,29.0,0.48,-66.6,-50.5,25.1,52.0,-96.3,11.1,1.0,123.0,1
D001331,5.4,1246.0,1.28,29.5,0.52,-65.5,-48.8,24.3,43.0,-94.6,8.6,1.0,128.0,1
D001332,4.6,1198.0,1.12,27.0,0.46,-63.2,-49.6,24.4,46.0,-95.2,5.2,0.0,131.0,1
D001333,3.4,1171.0,0.95,32.5,0.46,-64.5,-50.3,23.0,50.0,-97.3,11.7,1.0,134.0,0
D001334,5.5,1291.0,1.57,28.0,0.58,-65.9,-51.1,23.7,43.0,-95.9,5.3,1.0,105.0,0
D001335,5.5,1227.0,0.95,30.0,0.54,-65.0,-48.8,22.6,40.0,-97.6,7.0,,128.0,1
D001336,6.6,1155.0,1.04,31.5,0.49,-64.1,-45.1,24.3,53.0,-94.0,12.7,0.0,148.0,1
D001337,4.8,1189.0,1.16,27.5,0.49,-65.1,-50.0,22.1,43.0,-93.7,8.2,1.0,134.0,0
D001338,5.4,1135.0,1.06,29.5,0.47,-65.7,-51.8,24.5,39.0,-94.2,3.9,0.0,123.0,1
D001339,4.5,1169.0,1.15,31.5,0.47,-66.4,-51.4,25.7,40.0,-96.7,10.2,0.0,141.0,1
D001340,6.0,1193.0,1.51,35.0,0.55,-65.0,-46.3,21.2,40.0,-91.7,23.1,0.0,136.0,1
D001341,5.0,1160.0,1.0,28.5,0.41,-67.1,-51.1,24.1,40.0,-97.3,8.6,1.0,130.0,1
D001342,4.8,1214.0,1.07,28.0,0.46,-64.0,-49.5,25.7,45.0,-96.2,9.3,1.0,127.0,1
D001343,4.7,1104.0,1.15,28.0,0.58,-65.8,-46.8,24.2,46.0,-95.1,,1.0,126.0,0
D001344,5.5,1266.0,1.26,20.0,0.48,-64.0,-49.1,29.8,50.0,-97.3,16.7,1.0,123.0,0
D001345,5.8,1184.0,1.03,28.5,0.38,-69.9,-50.7,26.1,53.0,-96.3,12.5,0.0,115.0,1
D001346,4.6,1228.0,1.13,31.0,0.5,-65.4,-50.1,23.7,45.0,-94.5,7.1,1.0,142.0,1
D001347,4.7,1193.0,1.02,27.0,0.46,-64.7,-49.8,23.7,44.0,-93.8,5.8,0.0,128.0,1
D001348,5.2,1199.0,1.18,29.0,0.38,-67.2,-49.5,25.8,44.0,-96.0,,0.0,121.0,1
D001349,4.6,1181.0,0.98,29.5,0.45,-64.5,-49.9,24.7,46.0,-95.0,8.6,0.0,129.0,1
D001350,4.8,1166.0,1.24,27.5,0.46,-64.1,-50.1,23.2,40.0,-95.4,7.7,1.0,125.0,1
D001351,5.4,1217.0,1.35,35.0,0.58,-64.3,-46.1,21.6,48.0,-93.8,2.7,0.0,102.0,0
D001352,4.8,1139.0,1.01,29.5,0.5,-66.3,-50.8,24.2,46.0,-94.4,7.8,0.0,128.0,1
D001353,4.3,1278.0,1.17,35.5,0.64,-62.3,-46.6,28.5,45.0,-93.9,0.0,1.0,127.0,0
D001354,4.9,1140.0,1.2,25.5,0.56,-65.2,-49.3,23.6,43.0,-95.6,7.7,0.0,127.0,1
D001355,4.6,1219.0,1.22,26.0,0.47,-65.0,-49.3,25.3,47.0,-93.7,11.0,1.0,126.0,0
D001356,3.3,1356.0,1.34,38.0,0.7,-67.4,-51.8,23.5,39.0,-96.4,10.9,1.0,105.0,0
D001357,5.2,1128.0,1.24,26.0,0.49,-65.0,-49.8,23.9,38.0,-94.2,10.8,0.0,133.0,0
D001358,4.6,,1.01,27.5,0.48,-66.2,-49.4,24.0,48.0,-96.7,9.5,0.0,127.0,0
D001359,5.1,1142.0,1.01,28.5,0.51,-66.0,-49.9,24.8,43.0,-96.7,10.3,0.0,130.0,1
D001360,4.8,1372.0,1.2,33.0,0.33,-63.3,-47.7,26.8,59.0,-93.1,2.5,0.0,126.0,0
D001361,3.7,1280.0,1.52,21.5,0.42,-60.6,-48.6,29.7,35.0,-91.0,23.4,1.0,115.0,0
D001362,4.0,1167.0,1.02,28.0,0.53,-66.6,-49.8,23.7,50.0,-94.8,11.5,0.0,129.0,1
D001363,4.9,1158.0,1.15,30.0,0.45,-66.3,-51.1,22.9,53.0,-96.2,10.5,0.0,118.0,1
D001364,3.8,1180.0,1.34,37.0,0.45,-65.2,-50.0,26.2,38.0,-92.3,5.5,0.0,,1
D001365,6.0,1067.0,1.53,20.0,0.42,-62.5,-52.3,28.5,46.0,-99.4,19.8,0.0,130.0,0
D001366,5.0,1153.0,1.14,27.5,0.45,-65.0,-50.0,22.9,45.0,-94.4,8.3,0.0,124.0,1
D001367,4.3,1208.0,1.02,27.0,0.46,-66.6,-48.3,23.8,42.0,-93.0,13.0,0.0,133.0,1
D001368,4.6,1213.0,1.21,27.0,0.45,-65.4,-51.7,25.6,41.0,-95.6,4.9,1.0,126.0,1
D001369,3.3,1015.0,1.53,23.5,0.52,-67.5,-48.7,26.6,37.0,-95.1,23.2,0.0,138.0,0
D001370,5.7,1100.0,0.84,29.0,0.58,-64.8,-45.2,21.8,48.0,-92.3,14.9,0.0,136.0,1
D001371,4.4,1129.0,1.04,29.5,0.44,-66.0,-50.4,23.2,48.0,-93.1,10.1,0.0,133.0,1
D001372,4.0,,1.03,31.5,0.31,-69.4,-50.4,27.9,48.0,-98.0,13.4,0.0,101.0,0
D001373,5.0,1159.0,1.05,31.0,0.47,-64.8,-51.0,23.2,,-93.9,8.6,0.0,127.0,1
D001374,3.1,1258.0,0.92,30.5,0.49,-62.0,-45.5,27.7,59.0,-97.2,20.7,1.0,138.0,0
D001375,6.5,1214.0,0.88,28.5,0.37,-64.6,-45.3,24.8,59.0,-98.6,12.5,1.0,124.0,1
D001376,5.6,1137.0,1.05,24.5,0.48,-65.2,-50.4,22.9,45.0,-93.6,10.0,1.0,134.0,1
D001377,5.1,1252.0,1.22,30.0,0.42,-63.2,-50.7,24.9,41.0,-95.1,,1.0,122.0,1
D001378,5.6,1107.0,0.98,29.0,0.48,-65.1,-49.6,25.6,45.0,-95.5,,0.0,131.0,1
D001379,4.3,1067.0,1.21,21.5,0.47,-68.7,-47.1,20.1,45.0,,,0.0,112.0,0
D001380,4.2,1240.0,1.43,29.0,0.35,-62.1,-46.0,25.2,49.0,-94.2,5.3,1.0,112.0,0
D001381,5.1,1190.0,1.13,29.0,0.51,-64.6,-51.5,24.0,45.0,-95.3,6.3,1.0,129.0,0
D001382,4.4,1116.0,1.2,28.5,0.49,-64.9,-50.2,23.0,42.0,-95.0,11.8,0.0,133.0,1
D001383,5.0,1208.0,1.05,28.5,0.49,-64.6,-51.4,23.9,41.0,-95.5,9.8,1.0,125.0,1
D001384,,1011.0,0.82,39.5,0.49,-60.1,-47.7,25.4,45.0,-90.7,20.8,0.0,136.0,1
D001385,5.1,1217.0,1.16,28.0,0.47,-66.5,-51.0,24.3,44.0,-97.3,10.7,,115.0,1
D001386,4.8,1352.0,1.48,26.0,0.54,-60.1,-45.9,21.2,34.0,-99.4,5.2,1.0,148.0,1
D001387,4.7,1133.0,1.04,29.0,0.5,-64.4,-50.2,21.7,43.0,-94.3,9.1,0.0,124.0,1
D001388,4.9,1166.0,1.33,31.5,0.42,-67.1,-51.9,25.7,44.0,-93.9,8.9,0.0,123.0,1
D001389,4.7,1187.0,1.02,30.5,0.45,-64.8,-50.9,24.1,47.0,-95.6,9.2,0.0,128.0,1
D001390,4.8,1188.0,1.08,28.0,0.49,-64.7,-50.5,23.7,40.0,-94.3,7.4,1.0,129.0,1
D001391,5.3,1213.0,1.12,29.0,0.48,-65.4,-48.4,23.1,43.0,-92.6,7.6,1.0,135.0,1
D001392,4.2,1035.0,0.93,26.0,0.38,-67.5,-52.1,28.1,51.0,-95.5,12.1,1.0,116.0,0
D001393,5.3,1184.0,1.01,28.0,0.5,-66.2,-47.8,22.3,44.0,-96.3,13.7,1.0,117.0,1
D001394,5.0,1102.0,1.4,36.5,0.52,-65.0,-48.1,26.8,35.0,-95.7,19.0,0.0,116.0,0
D001395,5.5,1148.0,0.93,28.5,0.47,-65.7,-49.8,25.7,41.0,-93.6,8.8,1.0,131.0,1
D001396,4.9,1208.0,1.15,32.0,,-66.0,-49.8,24.5,44.0,-96.3,12.4,0.0,117.0,1
D001397,4.6,1228.0,1.09,30.0,0.58,-66.2,-48.7,25.7,41.0,,11.9,0.0,121.0,1
D001398,6.7,1114.0,0.95,29.5,0.46,-67.3,-48.8,30.0,46.0,-91.6,21.1,1.0,118.0,0
D001399,4.4,1163.0,0.99,29.5,0.41,-64.8,-50.8,21.8,45.0,-96.0,5.8,0.0,125.0,1
D001400,4.4,1215.0,1.11,25.5,0.55,-66.7,-49.5,22.3,44.0,-96.3,8.5,0.0,123.0,1
D001401,5.5,1153.0,1.24,22.0,0.54,-60.2,-54.2,25.3,34.0,-93.3,22.8,0.0,148.0,1
D001402,6.8,1000.0,1.35,21.5,0.7,-63.4,-45.5,27.9,51.0,,9.9,1.0,,0
D001403,4.3,1219.0,1.12,31.5,0.5,-66.3,-50.2,25.3,40.0,-95.7,9.7,1.0,140.0,1
D001404,5.0,1124.0,1.08,,0.46,-64.9,-50.2,24.9,48.0,-95.4,9.3,0.0,126.0,0
D001405,6.1,1350.0,1.5,37.5,0.54,-63.4,-48.7,28.2,55.0,-97.2,18.3,1.0,113.0,0
D001406,3.4,1286.0,0.91,39.0,0.46,-66.5,-46.5,26.3,53.0,-97.0,7.1,1.0,123.0,1
D001407,5.1,1177.0,1.1,30.0,0.51,-66.8,-49.7,23.3,47.0,-96.0,5.3,1.0,123.0,1
D001408,4.7,1323.0,1.06,31.0,0.64,-60.2,-54.1,26.0,50.0,-95.5,7.2,1.0,108.0,0
D001409,4.9,1186.0,1.29,31.0,0.52,,-50.2,23.7,45.0,-96.7,9.2,0.0,125.0,0
D001410,3.9,1146.0,1.07,31.5,0.48,-65.7,-50.1,23.6,46.0,-96.2,7.6,0.0,125.0,1
D001411,4.9,1181.0,0.97,27.0,0.5,-65.6,-50.9,23.1,44.0,-95.3,7.7,1.0,126.0,1
D001412,4.8,1182.0,1.08,28.5,0.44,-65.2,-51.0,24.1,41.0,-95.8,,0.0,130.0,1
D001413,5.1,1181.0,1.19,28.0,0.52,-64.7,-51.0,23.1,41.0,-95.8,6.2,0.0,131.0,1
D001414,,1113.0,1.02,26.5,0.46,-65.7,-48.5,24.3,49.0,-96.7,8.1,0.0,122.0,1
D001415,6.3,1350.0,1.38,33.0,0.33,-65.2,-47.2,26.4,58.0,-95.0,19.3,0.0,143.0,0
D001416,4.0,1150.0,0.91,25.5,0.44,-64.9,-49.7,25.4,48.0,-96.0,11.7,0.0,131.0,0
D001417,5.4,1227.0,1.09,26.5,0.49,-66.4,-51.2,,42.0,-94.9,8.7,1.0,122.0,1
D001418,4.0,1196.0,1.07,31.0,0.44,-66.6,-50.6,24.1,50.0,-95.7,10.5,1.0,128.0,1
D001419,5.6,1161.0,1.06,31.5,0.48,-63.2,-48.0,24.5,45.0,-96.1,5.7,0.0,123.0,1
D001420,4.6,1260.0,1.03,28.0,0.56,-64.8,-50.5,23.7,43.0,-95.2,7.0,1.0,124.0,1
D001421,5.6,1119.0,0.95,32.0,0.3,-65.0,-45.7,26.5,47.0,-95.5,11.7,0.0,110.0,1
D001422,,1232.0,1.22,30.0,0.47,-64.6,-50.6,22.2,47.0,-96.6,11.5,0.0,130.0,1
D001423,4.4,1181.0,1.15,27.0,0.5,-64.0,-50.0,23.9,45.0,-97.1,9.9,0.0,124.0,1
D001424,4.8,1188.0,0.99,29.5,0.42,-67.5,-52.1,22.2,44.0,-95.0,9.1,1.0,132.0,1
D001425,5.3,1267.0,1.02,34.0,0.67,-61.5,-50.4,20.9,33.0,-99.7,0.6,1.0,146.0,1
D001426,4.9,1171.0,1.09,31.0,0.5,-66.3,-52.0,24.1,41.0,-96.8,8.5,1.0,,1
D001427,4.9,1182.0,1.15,29.5,0.57,-64.9,-50.0,25.3,47.0,-94.0,11.8,0.0,130.0,1
D001428,4.8,1170.0,1.01,30.5,0.54,-65.3,-50.3,23.7,45.0,-95.4,10.4,1.0,127.0,1
D001429,5.6,1152.0,1.29,24.0,0.59,-66.8,-50.3,29.1,48.0,-93.2,1.8,0.0,139.0,0
D001430,5.4,1232.0,1.07,32.0,0.46,-65.5,-51.1,22.4,43.0,-94.7,9.2,1.0,128.0,1
D001431,6.6,1097.0,1.51,36.0,0.49,-62.4,-52.6,25.5,,-96.5,9.9,0.0,122.0,1
D001432,5.5,1157.0,1.15,29.5,0.51,-64.6,-51.5,24.5,39.0,-94.7,9.3,1.0,126.0,1
D001433,4.3,1149.0,1.09,29.0,0.53,-65.6,-49.3,24.1,47.0,-96.3,4.2,1.0,126.0,0
D001434,3.1,1398.0,0.83,21.5,0.57,-62.7,-47.2,24.1,37.0,-99.7,3.2,0.0,131.0,1
D001435,4.4,1175.0,1.18,26.5,0.53,-66.9,-51.2,24.0,45.0,-94.3,8.7,1.0,122.0,1
D001436,4.4,1250.0,0.97,29.0,0.44,-65.2,-50.8,24.0,48.0,-94.6,7.4,1.0,129.0,1
D001437,4.7,,0.97,30.0,0.39,-65.4,-50.3,22.8,43.0,-95.1,10.6,0.0,135.0,1
D001438,5.6,1084.0,1.18,31.0,0.51,-65.0,-49.8,23.4,45.0,-95.3,9.0,0.0,,1
D001439,4.7,1257.0,1.17,34.0,0.4,-64.2,-49.2,24.4,45.0,-95.6,9.4,0.0,130.0,1
D001440,5.9,1350.0,0.93,20.5,0.46,-62.3,-45.8,26.3,34.0,-97.1,14.2,1.0,147.0,1
D001441,5.1,1337.0,0.95,27.5,0.34,-62.9,-48.7,22.5,51.0,-90.3,10.1,0.0,,1
D001442,5.0,1189.0,1.03,34.5,0.54,-66.8,-49.5,23.5,43.0,-96.5,10.8,0.0,130.0,1
D001443,4.9,1240.0,1.16,31.0,0.45,-66.2,-49.8,24.7,43.0,-97.5,7.0,1.0,130.0,1
D001444,5.4,1135.0,0.85,34.5,0.4,-68.6,-48.6,23.0,57.0,-99.8,6.0,1.0,144.0,1
D001445,5.4,1197.0,1.07,28.0,0.45,-65.6,-50.3,24.3,47.0,-96.3,5.4,0.0,126.0,1
D001446,5.2,1111.0,1.03,29.0,0.43,-64.4,-51.2,23.6,42.0,-96.0,12.6,1.0,127.0,1
D001447,4.5,1237.0,1.17,29.0,0.45,-66.0,-49.0,24.7,41.0,-96.7,13.8,1.0,128.0,1
D001448,5.4,1366.0,1.49,23.0,0.46,-68.0,-51.9,20.3,42.0,-99.4,20.7,1.0,128.0,1
D001449,4.5,1218.0,1.36,27.5,0.5,-66.0,-51.1,24.9,42.0,-94.2,11.1,1.0,130.0,1
D001450,5.0,1180.0,1.07,29.0,0.49,-66.1,-52.1,23.6,48.0,-95.4,4.7,1.0,120.0,1
D001451,5.1,1166.0,1.16,31.0,0.49,-67.9,-51.3,23.5,44.0,-95.5,5.8,1.0,132.0,1
D001452,5.0,1073.0,0.96,32.5,0.5,-66.2,-50.3,24.2,42.0,-94.4,5.2,1.0,,1
D001453,6.1,1237.0,0.97,30.5,0.56,-65.5,-49.1,25.0,43.0,-96.7,10.3,0.0,127.0,1
D001454,5.6,1175.0,1.13,33.0,0.47,-64.7,-48.5,24.5,44.0,-94.9,11.6,1.0,122.0,1
D001455,5.2,1199.0,1.04,29.5,0.51,-68.2,-51.9,23.7,43.0,-94.5,11.2,1.0,127.0,1
D001456,4.5,1152.0,1.16,30.5,0.48,-65.9,-48.1,23.8,45.0,-94.4,10.5,1.0,130.0,1
D001457,6.9,1148.0,1.11,27.0,0.4,-68.6,-45.2,26.0,50.0,-90.4,14.9,1.0,109.0,1
D001458,5.0,1176.0,1.08,27.5,0.47,-65.5,-49.7,23.2,50.0,-95.2,10.8,0.0,126.0,1
D001459,5.4,1217.0,1.16,31.5,0.47,-65.9,-48.8,26.2,46.0,-92.8,,0.0,122.0,1
D001460,3.8,1026.0,1.47,25.5,0.59,-65.2,-53.2,22.0,38.0,-91.4,15.2,1.0,114.0,0
D001461,5.1,1109.0,0.97,30.0,0.45,-65.9,-48.2,23.9,47.0,-96.0,7.7,1.0,120.0,1
D001462,4.1,1349.0,1.37,38.5,0.44,-64.6,-51.0,21.0,30.0,-96.4,0.3,0.0,144.0,1
D001463,6.4,1107.0,1.4,22.0,0.54,-66.9,-52.8,28.4,59.0,-92.6,13.0,1.0,104.0,0
D001464,4.3,1127.0,1.03,29.5,0.4,-65.0,-50.0,26.4,39.0,-95.8,8.2,1.0,127.0,0
D001465,5.6,1172.0,,29.0,0.51,-66.5,-50.9,24.1,44.0,-95.9,10.4,0.0,130.0,1
D001466,3.9,1182.0,1.31,25.5,0.51,-64.0,-46.1,24.5,50.0,-90.8,15.4,0.0,146.0,0
D001467,3.1,1262.0,1.13,31.5,0.7,-69.5,-46.8,28.5,49.0,-96.9,23.4,1.0,137.0,0
D001468,4.6,1187.0,1.1,30.0,0.5,-66.8,-49.4,25.3,45.0,-96.7,11.4,0.0,131.0,1
D001469,4.9,1194.0,1.12,28.0,0.46,-64.9,-50.7,,39.0,-94.0,7.3,1.0,128.0,0
D001470,4.4,1237.0,1.22,,0.55,-64.5,-49.1,21.9,50.0,-94.5,8.6,1.0,130.0,0
D001471,3.3,1064.0,1.53,21.5,0.64,-68.4,-46.5,27.4,40.0,-90.2,10.6,0.0,117.0,0
D001472,5.0,1216.0,1.16,27.0,0.49,-64.9,-51.1,23.1,39.0,-97.8,,1.0,,0
D001473,3.7,1039.0,1.27,33.0,0.66,-67.0,-52.2,28.6,39.0,,14.2,0.0,120.0,0
D001474,3.8,,1.26,34.5,0.46,-66.1,-50.8,27.2,49.0,-99.6,1.3,1.0,143.0,1
D001475,3.3,1212.0,1.3,39.0,0.34,-69.3,-49.4,25.3,36.0,-96.9,22.3,0.0,128.0,0
D001476,4.8,1140.0,0.95,31.5,0.52,-66.4,-49.2,24.9,41.0,-93.9,6.9,1.0,,1
D001477,3.9,1303.0,1.55,22.5,0.5,-61.9,-49.0,27.0,51.0,-91.4,17.0,1.0,141.0,0
D001478,4.5,1263.0,1.24,29.0,0.58,-64.8,-50.2,24.2,46.0,-94.9,,1.0,120.0,0
D001479,4.1,1173.0,1.25,29.0,0.44,-66.1,-48.4,24.7,50.0,-96.0,5.2,1.0,137.0,1
D001480,4.4,1186.0,1.02,27.0,0.52,-64.2,-49.1,22.0,39.0,-95.6,5.7,0.0,128.0,1
D001481,4.4,1244.0,1.12,34.5,0.33,-61.2,-46.8,28.6,54.0,-97.0,0.5,1.0,124.0,0
D001482,5.6,1181.0,1.49,22.0,0.61,-60.3,-49.2,22.6,45.0,-93.5,2.2,1.0,145.0,0
D001483,6.0,1200.0,1.4,40.0,0.45,-66.9,-49.7,23.6,46.0,-92.0,17.3,1.0,103.0,0
D001484,5.6,1217.0,0.81,23.0,0.66,-69.6,-53.4,28.8,56.0,-90.1,22.6,1.0,121.0,0
D001485,5.1,1204.0,1.04,28.0,0.42,-67.5,-49.8,23.4,38.0,-97.0,10.3,1.0,112.0,1
D001486,4.6,1245.0,1.07,28.0,0.47,-65.0,-51.1,24.9,49.0,-95.0,8.5,1.0,128.0,1
D001487,5.0,1193.0,1.1,28.0,0.56,-65.3,-49.9,25.0,39.0,-97.1,7.7,1.0,128.0,1
D001488,4.4,1148.0,1.06,26.5,0.5,-65.0,-49.3,25.6,48.0,-95.0,11.9,0.0,132.0,1
D001489,4.5,1242.0,1.03,24.0,0.49,-65.1,-52.3,26.2,45.0,-98.7,17.4,0.0,114.0,0
D001490,4.6,1051.0,1.42,39.0,0.64,-61.6,-53.5,23.2,47.0,-97.5,6.4,0.0,104.0,0
D001491,5.3,1184.0,1.23,28.5,0.49,-66.3,-51.6,22.1,39.0,-96.1,7.2,1.0,124.0,1
D001492,4.5,1216.0,1.16,31.5,0.49,-64.9,-51.9,23.1,44.0,-95.3,8.9,0.0,133.0,1
D001493,6.1,1337.0,1.23,34.5,0.61,-65.1,-47.5,23.1,42.0,-94.6,9.1,0.0,115.0,1
D001494,4.2,1389.0,1.58,22.0,0.53,-60.6,-54.8,29.8,56.0,-98.9,11.1,1.0,134.0,0
D001495,5.1,1173.0,1.08,29.0,0.5,-65.3,-49.4,25.3,38.0,-93.9,6.0,1.0,132.0,1
D001496,3.7,1156.0,1.04,40.0,0.37,-61.4,-54.0,28.5,32.0,-92.6,9.9,0.0,111.0,0
D001497,5.0,1234.0,1.36,27.5,0.49,-65.3,-45.5,22.7,57.0,-90.6,1.5,0.0,107.0,0
D001498,4.7,1202.0,1.12,28.5,0.47,-65.6,-49.4,24.1,42.0,-95.6,8.5,,122.0,1
D001499,5.2,1200.0,1.2,29.5,0.51,-65.6,-50.2,21.9,43.0,-96.7,11.3,1.0,135.0,1
D001500,4.3,1321.0,0.98,27.5,0.49,-65.1,-45.2,25.6,44.0,-90.7,19.9,0.0,131.0,0
D001501,3.3,1342.0,1.19,36.0,0.68,-68.7,-53.8,26.5,38.0,-95.5,19.7,1.0,139.0,0
D001502,6.7,1029.0,1.44,29.5,0.6,-65.3,-48.1,24.1,41.0,-90.8,14.1,1.0,128.0,0
D001503,5.4,1321.0,1.41,35.5,0.38,-66.1,-52.4,26.7,48.0,-95.2,14.9,1.0,128.0,0
D001504,5.2,1222.0,1.17,30.5,0.56,-65.1,-49.1,22.7,47.0,-95.5,8.3,1.0,128.0,1
D001505,4.7,1234.0,1.06,28.0,0.5,-65.3,-51.4,22.8,42.0,-94.5,9.5,1.0,128.0,1
D001506,4.7,1197.0,1.13,28.5,0.49,-66.2,-50.9,24.1,43.0,-94.6,11.8,1.0,126.0,1
D001507,5.2,1208.0,1.11,26.0,0.48,-65.5,-50.1,23.6,45.0,-97.3,9.0,1.0,128.0,0
D001508,4.2,1077.0,1.18,27.5,0.5,-65.4,-51.1,24.5,50.0,-95.8,,1.0,125.0,0
D001509,4.7,1106.0,0.97,26.5,0.7,-67.1,-46.0,22.5,48.0,-92.9,14.1,1.0,125.0,0
D001510,5.2,1105.0,1.06,26.5,,-65.5,-49.5,24.3,46.0,-95.6,8.5,1.0,128.0,1
D001511,3.7,1228.0,0.91,30.0,0.5,-68.6,-51.8,22.0,48.0,-92.4,,1.0,117.0,1
D001512,6.9,1132.0,0.99,20.0,0.52,-62.8,-54.4,29.6,42.0,-98.2,12.4,0.0,101.0,0
D001513,4.8,1198.0,1.16,29.5,0.49,-65.0,-51.0,23.3,48.0,-95.1,11.9,1.0,122.0,1
D001514,6.8,1151.0,1.13,34.0,0.64,-68.2,-54.3,20.9,45.0,-99.1,9.9,1.0,122.0,1
D001515,5.1,1220.0,1.08,27.0,0.42,-65.6,-50.3,24.9,41.0,-95.4,11.7,1.0,127.0,0
D001516,4.7,1343.0,1.16,27.0,0.68,-68.2,-47.8,21.7,33.0,-100.0,16.7,1.0,137.0,0
D001517,4.7,1366.0,1.53,37.0,0.4,-61.5,-47.7,29.5,31.0,-98.0,8.5,1.0,135.0,0
D001518,4.5,1172.0,1.18,30.0,0.53,-64.8,-49.9,24.3,42.0,-93.9,12.4,0.0,128.0,1
D001519,5.1,1199.0,1.12,,0.49,-64.0,-50.6,23.5,44.0,-96.0,11.5,1.0,120.0,1
D001520,4.7,1229.0,1.6,21.0,0.52,-61.4,-47.6,27.1,58.0,-93.4,10.0,1.0,136.0,0
D001521,4.7,1182.0,1.08,29.0,0.49,-65.2,-49.5,24.1,37.0,-94.9,6.1,1.0,131.0,1
D001522,4.5,1179.0,1.13,31.5,0.51,-65.1,-49.5,25.4,44.0,-93.4,12.7,1.0,122.0,1
D001523,5.0,1187.0,1.05,30.0,0.44,-65.7,-48.5,22.3,43.0,-95.4,9.1,0.0,129.0,1
D001524,5.1,1172.0,1.05,28.0,0.53,-66.1,-47.9,23.8,42.0,-95.0,,0.0,142.0,1
D001525,5.0,1298.0,0.92,28.0,0.58,-62.1,-53.5,,30.0,-94.0,12.1,1.0,127.0,1
D001526,4.3,1186.0,1.05,25.5,0.47,-65.7,-49.5,25.4,38.0,-94.2,9.8,1.0,126.0,1
D001527,4.7,1140.0,0.99,29.0,0.49,-64.2,-53.3,22.5,45.0,-95.0,7.2,1.0,137.0,1
D001528,5.4,1148.0,1.06,28.5,0.49,-64.2,-50.5,23.8,44.0,-95.5,3.1,1.0,124.0,1
D001529,5.0,1201.0,1.16,28.5,0.47,-64.7,-50.3,23.4,44.0,-97.2,,1.0,126.0,1
D001530,5.0,1228.0,1.14,25.0,0.51,-66.8,-50.8,25.9,41.0,-97.4,7.4,0.0,135.0,1
D001531,4.5,1322.0,0.92,29.0,0.45,-67.4,-51.7,24.6,53.0,-93.9,12.1,1.0,136.0,0
D001532,5.2,1184.0,1.22,28.5,0.48,-64.3,-50.0,25.3,41.0,-95.9,8.8,0.0,129.0,1
D001533,4.6,1165.0,1.13,27.5,0.5,-64.8,-49.5,24.1,41.0,-95.6,9.9,0.0,136.0,1
D001534,4.6,1110.0,1.07,27.0,0.44,-65.4,-49.8,24.5,45.0,-95.1,6.5,1.0,125.0,1
D001535,4.3,1198.0,1.07,30.0,0.44,-65.4,-49.6,23.9,43.0,-94.4,14.0,1.0,129.0,0
D001536,4.8,1321.0,0.9,24.0,0.58,-63.2,-49.3,26.8,45.0,-95.5,10.5,0.0,116.0,0
D001537,4.9,1113.0,1.07,30.0,0.46,-66.6,-49.4,23.4,38.0,-95.2,9.4,1.0,123.0,1
D001538,4.1,1165.0,1.03,28.0,0.5,-64.4,-52.9,24.0,45.0,-93.3,5.6,0.0,129.0,1
D001539,4.3,1389.0,0.9,37.0,0.4,-64.2,-53.7,29.1,45.0,-94.6,21.8,0.0,117.0,0
D001540,5.1,1091.0,1.06,30.5,0.42,-66.8,-51.1,22.7,47.0,-95.2,10.1,0.0,132.0,1
D001541,5.7,1244.0,1.02,28.5,0.54,-64.1,-48.7,22.0,51.0,-95.7,7.2,0.0,123.0,1
D001542,3.9,1005.0,1.37,32.5,0.59,-66.6,-53.9,24.0,51.0,-90.6,9.7,1.0,115.0,0
D001543,4.7,1152.0,1.06,29.0,0.46,-66.2,-50.8,23.3,43.0,-97.0,8.0,1.0,129.0,1
D001544,4.7,1205.0,1.26,27.5,0.44,-65.3,-52.3,24.8,43.0,-96.4,7.6,0.0,122.0,1
D001545,5.3,1166.0,1.22,31.0,0.49,-65.5,-50.7,23.3,45.0,-94.5,4.7,1.0,135.0,1
D001546,,1228.0,1.13,26.5,0.5,-65.4,-49.9,26.2,42.0,-95.2,7.4,0.0,136.0,1
D001547,4.1,1154.0,1.09,34.5,0.47,-64.8,-50.1,22.5,37.0,-95.1,7.3,1.0,121.0,1
D001548,4.5,1161.0,1.23,28.5,0.46,-65.2,-49.6,24.7,44.0,-95.3,8.3,1.0,125.0,0
D001549,3.8,1008.0,1.1,21.0,0.49,-62.9,-47.5,25.0,43.0,-96.2,5.7,0.0,148.0,0
D001550,4.6,1164.0,1.13,31.5,0.43,-65.9,-49.7,24.2,45.0,-95.4,10.9,0.0,133.0,1
D001551,4.8,1145.0,1.18,29.5,0.51,-64.5,-49.7,24.2,40.0,-94.1,7.5,0.0,131.0,1
D001552,5.0,1152.0,1.16,28.0,0.57,-64.2,-51.7,23.8,43.0,-96.0,7.1,0.0,126.0,1
D001553,3.1,1342.0,0.86,24.0,0.43,-62.8,-49.6,26.4,49.0,-97.4,17.8,1.0,144.0,0
D001554,4.8,1210.0,0.97,30.5,0.46,-64.7,-49.9,21.6,42.0,-94.1,7.2,1.0,125.0,1
D001555,4.6,1165.0,1.21,27.0,0.47,-63.8,-49.5,25.7,37.0,-94.1,8.2,1.0,123.0,0
D001556,5.2,1211.0,1.23,30.0,0.55,-63.6,-49.6,23.8,43.0,-96.2,11.7,1.0,125.0,1
D001557,5.2,1167.0,0.98,26.5,0.48,-65.6,-49.7,23.2,49.0,-96.4,12.7,1.0,141.0,1
D001558,3.9,1166.0,1.19,29.5,0.47,-67.0,-50.4,23.8,46.0,-95.0,5.0,0.0,135.0,1
D001559,4.5,1191.0,1.08,30.0,0.54,-65.9,-50.5,23.6,43.0,-95.6,11.3,1.0,128.0,1
D001560,5.1,1143.0,1.21,31.0,0.48,-65.8,-49.5,22.5,52.0,-96.0,10.0,0.0,130.0,1
D001561,4.5,1206.0,1.11,31.5,0.51,-64.8,-49.5,24.5,45.0,-94.7,15.9,1.0,132.0,0
D001562,4.8,1280.0,1.03,32.5,0.43,-64.3,-50.3,23.8,41.0,-95.2,13.4,0.0,123.0,1
D001563,4.8,1171.0,1.14,28.0,0.42,-62.2,-51.4,24.3,43.0,-94.6,8.0,0.0,129.0,0
D001564,5.0,1183.0,1.08,27.5,0.5,-66.0,-50.0,24.2,47.0,-96.7,8.7,1.0,128.0,1
D001565,4.8,1221.0,1.03,21.0,0.53,-69.1,-52.5,27.3,55.0,-98.0,23.7,0.0,130.0,0
D001566,5.0,1248.0,1.05,28.5,0.39,-67.0,-49.8,24.5,41.0,-97.2,11.0,0.0,129.0,1
D001567,4.3,1282.0,1.15,22.5,0.68,-67.7,-54.7,23.1,41.0,-92.3,18.4,1.0,148.0,0
D001568,4.5,1164.0,1.22,32.5,0.47,-64.0,,24.4,46.0,-95.8,11.0,0.0,126.0,1
D001569,4.7,1178.0,1.01,29.0,0.42,-64.9,-50.4,25.1,41.0,-96.4,9.6,0.0,126.0,1
D001570,5.3,1165.0,1.11,29.5,0.47,-66.8,-49.8,24.1,42.0,-93.9,14.0,1.0,119.0,1
D001571,5.8,1053.0,1.35,34.0,0.6,-61.5,-54.0,29.2,50.0,-99.8,2.9,0.0,128.0,0
D001572,5.2,1188.0,0.97,28.5,0.58,-65.8,-50.0,25.0,49.0,-95.1,6.8,1.0,129.0,1
D001573,4.3,1142.0,1.13,27.5,0.47,-65.1,-51.7,25.1,45.0,-96.4,7.5,1.0,129.0,1
D001574,4.0,1187.0,0.99,28.5,0.49,-64.7,-49.5,24.0,,-95.9,7.7,1.0,126.0,1
D001575,6.5,,1.49,36.5,0.59,-62.1,-53.7,22.5,35.0,-96.9,0.7,1.0,143.0,1
D001576,6.9,1342.0,1.17,31.5,0.54,-66.9,-51.5,21.0,48.0,-92.4,5.9,1.0,126.0,1
D001577,4.4,1198.0,0.99,29.0,0.5,-66.9,-49.8,,45.0,-95.0,,1.0,118.0,1
D001578,4.2,1149.0,1.13,30.5,0.53,-65.6,-50.1,23.5,41.0,-94.7,6.7,0.0,124.0,1
D001579,4.2,1148.0,1.5,23.5,0.49,-65.4,-47.3,27.1,59.0,-97.2,1.7,1.0,120.0,0
D001580,3.7,1035.0,1.25,23.5,0.45,-67.5,-47.8,25.9,54.0,-94.6,23.3,0.0,136.0,0
D001581,5.2,1219.0,0.96,30.5,0.46,-66.5,-49.9,23.9,45.0,-94.2,7.2,0.0,134.0,1
D001582,3.8,1305.0,1.21,38.0,0.61,-67.1,,29.2,35.0,-91.2,2.7,1.0,,0
D001583,4.7,1178.0,1.04,27.5,0.48,-67.3,-51.5,23.2,45.0,-95.8,9.6,1.0,128.0,1
D001584,4.6,1172.0,1.11,29.5,0.42,-66.0,-50.2,24.4,47.0,-95.0,10.2,0.0,128.0,1
D001585,4.9,1193.0,0.97,28.5,0.47,-65.2,-49.2,23.4,52.0,-95.0,13.7,,128.0,1
D001586,4.6,1275.0,1.52,23.5,0.46,-63.8,-47.6,21.6,52.0,-99.3,9.0,0.0,150.0,0
D001587,4.8,1142.0,1.01,28.0,0.44,-66.2,-49.9,22.1,45.0,-96.8,,1.0,118.0,1
D001588,6.9,1151.0,1.28,31.0,0.7,-70.0,-52.8,22.5,42.0,-95.4,16.8,1.0,103.0,0
D001589,4.9,1165.0,1.05,32.0,0.47,-65.4,-50.7,25.5,38.0,-95.6,10.2,0.0,129.0,1
D001590,4.8,,0.99,27.5,0.37,-66.5,-49.5,23.6,44.0,-98.2,21.2,0.0,106.0,0
D001591,4.5,1162.0,1.1,30.0,0.54,-64.5,-49.4,23.9,44.0,-95.5,6.3,1.0,125.0,1
D001592,5.2,1135.0,0.96,32.5,0.43,-67.6,-49.2,29.1,54.0,-93.2,10.1,1.0,132.0,0
D001593,5.2,1349.0,1.09,26.5,0.35,-68.8,-45.2,26.7,36.0,-95.4,4.5,1.0,133.0,1
D001594,3.3,1305.0,1.51,32.0,0.31,-61.4,-51.8,22.5,55.0,-94.2,11.4,1.0,138.0,0
D001595,6.7,1379.0,1.0,22.0,0.54,-62.4,-55.0,21.4,37.0,-91.2,7.7,0.0,143.0,1
D001596,4.2,1128.0,1.09,29.0,0.48,-65.2,-48.2,25.1,44.0,-93.7,11.2,1.0,131.0,0
D001597,6.5,1246.0,0.9,33.5,0.69,-63.7,-45.9,25.1,55.0,-93.4,11.0,1.0,148.0,1
D001598,3.1,1171.0,0.84,26.0,0.54,-68.5,-53.4,21.1,56.0,-90.6,16.0,0.0,147.0,1
D001599,5.5,1166.0,0.88,30.0,0.42,-65.4,-50.1,23.6,43.0,-94.9,10.5,0.0,127.0,1
D001600,4.2,1139.0,1.17,28.5,0.52,-66.5,-51.2,24.0,40.0,-93.7,13.5,1.0,130.0,0
D001601,5.1,1168.0,1.11,35.0,0.54,-65.3,-50.9,24.1,,-97.2,7.9,1.0,130.0,1
D001602,4.7,1202.0,1.03,29.5,0.49,-67.3,-50.5,22.5,46.0,-95.2,10.8,0.0,123.0,1
D001603,4.3,1183.0,1.27,29.0,0.46,-65.5,-49.6,24.3,47.0,-95.5,11.0,1.0,135.0,1
D001604,5.0,1190.0,1.06,30.5,0.51,-64.9,-50.3,23.7,40.0,-96.1,6.9,0.0,138.0,1
D001605,6.5,1335.0,1.58,33.0,0.65,-67.1,-48.1,24.9,42.0,-96.1,9.9,0.0,128.0,1
D001606,4.5,1131.0,0.98,26.5,0.43,-66.0,-52.1,21.6,41.0,-97.0,11.8,0.0,131.0,1
D001607,4.6,1197.0,1.07,27.5,0.52,-63.9,-48.7,24.9,48.0,-96.8,7.2,0.0,123.0,1
D001608,6.4,1253.0,1.01,29.0,0.58,-69.3,-52.2,21.0,59.0,-93.8,23.8,1.0,142.0,1
D001609,4.6,1141.0,1.12,28.5,0.55,-66.2,-49.5,25.9,48.0,-94.4,9.7,1.0,129.0,1
D001610,4.8,1193.0,1.57,30.0,0.43,-67.4,-54.1,24.2,47.0,-94.1,14.8,1.0,110.0,0
D001611,3.1,1289.0,1.6,33.0,0.66,-62.5,-46.7,27.2,47.0,-97.5,18.4,0.0,129.0,0
D001612,3.4,1046.0,0.9,37.0,0.66,-60.6,-53.9,23.4,34.0,-97.1,12.9,1.0,102.0,0
D001613,6.7,1206.0,1.15,27.0,0.53,-69.6,-50.2,28.9,33.0,-95.6,16.1,1.0,128.0,1
D001614,4.9,1178.0,0.96,27.5,0.45,,-50.8,23.2,37.0,-94.1,6.4,1.0,132.0,1
D001615,6.5,1241.0,1.21,37.5,0.42,-65.0,-48.1,27.8,36.0,-92.1,8.6,0.0,123.0,1
D001616,6.2,1287.0,1.4,31.0,0.64,-66.1,-52.6,26.6,44.0,-94.0,4.6,0.0,150.0,1
D001617,4.9,1200.0,1.19,30.0,0.43,-65.7,-50.4,24.1,40.0,-95.5,9.0,1.0,118.0,1
D001618,4.3,1192.0,1.17,30.5,0.43,-65.1,-50.5,22.9,44.0,-94.7,12.5,1.0,131.0,1
D001619,4.2,1217.0,1.1,27.5,0.49,-65.2,,23.3,50.0,-95.4,10.8,1.0,119.0,0
D001620,4.9,1117.0,1.03,31.0,0.44,-64.7,-52.1,25.2,45.0,-94.8,8.6,1.0,125.0,0
D001621,3.4,1381.0,0.91,37.0,0.43,-63.7,-45.7,28.2,38.0,-90.8,9.2,0.0,103.0,1
D001622,4.9,1192.0,1.16,26.5,0.46,-65.7,-48.8,25.1,44.0,-95.2,9.5,1.0,136.0,0
D001623,5.1,1157.0,1.06,29.5,0.47,-64.6,-48.7,24.1,45.0,-96.9,11.9,,132.0,1
D001624,4.3,1149.0,1.05,27.0,0.46,-64.8,-49.3,23.7,39.0,-97.2,12.3,1.0,124.0,0
D001625,5.0,1109.0,1.14,28.5,0.5,-66.8,-49.5,25.4,41.0,-96.8,4.2,1.0,132.0,1
D001626,5.0,1217.0,1.11,27.0,0.55,-66.0,-49.1,24.4,43.0,-95.6,7.7,1.0,123.0,1
D001627,4.9,1191.0,1.13,31.5,0.47,-67.0,-49.7,23.6,42.0,-95.1,15.4,0.0,130.0,1
D001628,4.3,1053.0,1.11,33.0,0.44,-68.3,-49.1,20.9,54.0,-91.5,5.9,1.0,114.0,0
D001629,4.1,1017.0,0.9,32.0,0.39,-67.1,-54.7,21.3,53.0,-93.5,11.8,1.0,129.0,0
D001630,4.4,1118.0,1.2,27.5,0.41,-64.4,-50.0,23.9,46.0,-95.2,9.2,0.0,130.0,0
D001631,4.9,1262.0,1.23,,0.47,-64.4,-49.1,23.8,46.0,-95.9,4.7,0.0,126.0,1
D001632,6.3,1010.0,1.48,30.5,0.33,-69.2,-54.7,28.3,42.0,-90.7,5.1,0.0,113.0,0
D001633,4.6,1245.0,1.1,28.5,0.46,-64.8,-50.5,24.4,44.0,-94.3,6.0,0.0,125.0,1
D001634,4.8,1129.0,1.24,28.5,0.49,-64.9,-49.8,23.8,46.0,-95.8,9.4,1.0,112.0,0
D001635,5.2,1232.0,1.13,31.0,0.47,-65.2,-51.3,23.9,45.0,-96.3,5.2,0.0,122.0,1
D001636,5.2,1241.0,1.07,26.5,0.54,-65.5,-50.7,24.7,47.0,-96.6,13.3,1.0,122.0,1
D001637,6.4,1064.0,1.3,24.5,0.63,-66.2,-46.7,26.0,48.0,-91.0,7.7,0.0,144.0,1
D001638,3.4,1278.0,1.56,26.5,0.5,-62.0,-46.8,24.8,43.0,-99.7,18.0,1.0,101.0,0
D001639,4.8,1176.0,1.11,27.0,0.49,-66.5,-50.5,23.4,44.0,-96.2,8.7,0.0,123.0,1
D001640,5.0,1152.0,1.07,29.0,0.51,-66.0,-49.7,23.5,40.0,-94.3,5.6,1.0,,1
D001641,4.5,1121.0,1.13,29.5,0.42,-64.1,-49.6,24.9,47.0,-97.2,9.3,0.0,125.0,0
D001642,5.1,1149.0,1.08,29.5,0.5,-64.9,-48.4,23.3,,-94.8,8.4,0.0,132.0,1
D001643,5.3,1213.0,1.02,29.5,0.49,-66.9,-51.5,24.5,,-96.1,9.3,1.0,128.0,1
D001644,4.8,1089.0,1.15,25.5,0.51,-66.3,-49.8,25.6,46.0,-95.4,7.3,1.0,133.0,1
D001645,4.3,1003.0,1.46,27.5,0.37,-64.9,-49.9,25.0,49.0,-98.8,12.3,0.0,127.0,0
D001646,5.3,1002.0,1.44,31.5,0.56,-61.0,-54.7,23.8,42.0,-95.6,3.2,,107.0,0
D001647,5.1,1154.0,1.1,29.0,0.45,-65.4,-52.2,23.9,47.0,-95.3,7.8,1.0,139.0,1
D001648,5.1,1331.0,1.12,22.5,0.63,-61.6,-51.4,20.4,42.0,-95.3,23.6,1.0,117.0,0
D001649,5.5,1031.0,1.04,31.0,0.69,-62.6,-54.9,25.7,58.0,-98.9,11.5,0.0,121.0,0
D001650,3.7,1380.0,0.84,30.5,0.56,-69.6,-48.9,20.4,43.0,-96.5,11.6,1.0,138.0,1
D001651,4.6,1190.0,1.06,27.5,0.47,-66.1,-48.8,23.0,46.0,-95.4,11.3,1.0,130.0,1
D001652,4.4,1182.0,1.07,29.5,0.5,-65.6,-50.2,23.0,44.0,-95.8,11.4,1.0,133.0,1
D001653,5.4,1102.0,1.04,30.5,0.44,-64.8,-49.8,23.0,48.0,-95.8,8.8,0.0,123.0,1
D001654,4.7,1299.0,1.51,20.0,0.42,-62.6,-50.6,26.6,44.0,-95.7,3.0,1.0,133.0,0
D001655,5.4,1195.0,1.03,28.5,0.48,-66.5,-51.0,24.9,44.0,-98.5,7.2,1.0,131.0,1
D001656,4.4,1180.0,1.13,30.0,0.48,-66.4,-50.3,23.7,48.0,-95.9,5.8,1.0,128.0,1
D001657,5.4,1224.0,1.07,29.5,0.49,-66.9,-51.6,23.3,41.0,,11.5,1.0,122.0,1
D001658,5.4,1208.0,1.09,27.5,0.54,-66.9,-50.1,22.6,50.0,-95.4,5.5,1.0,130.0,1
D001659,5.3,1210.0,1.17,29.0,0.53,-65.4,-49.9,25.4,42.0,-96.0,4.8,0.0,120.0,1
D001660,4.5,1242.0,1.11,30.0,0.51,-64.0,-49.1,24.3,47.0,-95.5,9.1,1.0,124.0,1
D001661,4.6,1171.0,1.15,28.5,0.45,-65.1,-50.7,23.6,51.0,-94.8,9.0,1.0,131.0,1
D001662,6.1,1218.0,1.15,35.0,0.59,-66.6,-45.8,26.1,54.0,-90.2,2.6,1.0,141.0,1
D001663,4.8,1220.0,0.82,30.0,0.57,-65.7,-52.1,28.9,30.0,-93.2,0.4,1.0,108.0,0
D001664,4.9,1215.0,1.12,25.5,,-66.6,-48.8,23.1,41.0,-96.5,11.8,0.0,120.0,1
D001665,4.6,1205.0,1.12,31.5,0.49,-65.0,-50.5,22.1,42.0,-97.1,8.3,1.0,124.0,1
D001666,4.6,1198.0,1.14,30.0,0.44,-64.6,-50.7,25.3,40.0,-95.8,,0.0,130.0,1
D001667,4.8,1151.0,1.13,28.5,0.47,,,23.7,50.0,-94.5,5.7,1.0,126.0,1
D001668,5.4,1168.0,1.08,31.0,0.44,-66.0,-49.5,22.7,41.0,-96.3,9.4,1.0,122.0,1
D001669,5.1,1191.0,1.15,30.5,0.48,-65.9,-47.0,25.8,43.0,-95.7,11.7,1.0,137.0,0
D001670,5.2,1114.0,1.08,30.0,0.4,-65.7,-50.1,21.6,40.0,-98.0,8.3,,128.0,1
D001671,4.9,1193.0,0.98,26.5,0.51,-64.6,-49.2,22.8,46.0,-95.4,12.8,1.0,122.0,0
D001672,4.8,1260.0,1.06,27.5,0.47,-65.6,-49.7,25.8,43.0,-95.5,9.9,1.0,122.0,1
D001673,3.5,1215.0,0.92,31.5,0.45,-60.1,-46.6,27.3,32.0,-97.2,4.8,0.0,116.0,1
D001674,6.4,1390.0,1.5,34.5,0.62,-65.7,-49.4,23.8,36.0,-98.1,10.6,0.0,118.0,1
D001675,6.9,1397.0,1.06,30.0,0.41,-66.8,-54.3,24.3,37.0,-93.5,2.1,,125.0,1
D001676,5.4,1216.0,1.24,28.5,0.54,-65.0,-49.3,24.8,52.0,-96.0,11.0,0.0,130.0,1
D001677,4.8,,1.15,29.5,0.41,-67.6,-50.6,24.8,43.0,-96.9,8.9,1.0,124.0,0
D001678,4.8,1214.0,1.15,28.0,0.53,-65.5,-49.3,23.3,45.0,-93.4,7.3,0.0,126.0,1
D001679,5.3,1192.0,1.1,26.0,0.43,-65.7,-48.7,23.6,41.0,-95.1,9.7,1.0,132.0,1
D001680,4.3,1192.0,1.12,27.0,0.49,-66.2,-49.8,23.1,48.0,-95.3,6.9,1.0,125.0,0
D001681,5.0,1209.0,1.2,29.5,0.49,-64.5,-51.1,23.3,47.0,-93.6,8.3,0.0,136.0,0
D001682,5.3,1138.0,1.13,26.0,0.43,-64.2,-50.3,23.3,41.0,-96.2,,1.0,130.0,1
D001683,4.9,1180.0,1.22,30.0,0.56,-66.9,-48.8,23.0,45.0,-96.0,6.9,0.0,138.0,1
D001684,4.8,1155.0,1.16,26.5,0.47,-66.8,-48.6,23.5,45.0,-94.8,9.5,1.0,123.0,1
D001685,5.0,1218.0,0.99,,0.52,-63.7,-50.1,24.8,49.0,-96.6,15.2,,132.0,1
D001686,5.7,1394.0,1.34,31.5,0.36,-68.9,-45.5,26.1,45.0,-90.8,7.1,1.0,136.0,1
D001687,4.6,1060.0,1.21,27.5,0.45,-60.2,-51.6,25.7,42.0,-99.4,15.5,0.0,109.0,0
D001688,5.1,1195.0,1.1,34.0,0.45,-65.0,-48.9,24.9,46.0,-96.5,8.1,1.0,125.0,1
D001689,5.0,1248.0,1.08,27.5,0.49,-65.3,-48.7,24.5,44.0,-96.1,7.7,0.0,131.0,1
D001690,3.9,1037.0,1.33,36.0,0.65,-65.0,-48.4,27.1,37.0,-95.7,0.4,1.0,100.0,0
D001691,5.7,1202.0,1.4,37.0,0.34,-68.1,-48.6,27.5,41.0,-93.8,18.4,0.0,138.0,0
D001692,4.6,1158.0,1.18,29.5,0.5,-64.2,-50.3,24.7,45.0,-96.0,7.3,0.0,126.0,1
D001693,5.2,1169.0,0.99,28.0,0.52,-66.9,-49.7,23.8,43.0,-94.7,6.8,0.0,129.0,1
D001694,5.2,1155.0,1.05,31.0,0.51,-66.9,-51.4,26.9,42.0,-95.9,10.7,1.0,139.0,0
D001695,4.4,1220.0,1.53,32.5,0.64,-60.5,-51.6,22.6,52.0,-93.9,16.9,1.0,104.0,0
D001696,6.3,1261.0,1.51,39.5,0.67,-67.9,-55.0,27.5,39.0,-91.8,4.4,0.0,115.0,1
D001697,5.8,1375.0,1.32,31.5,0.38,-67.8,-49.5,25.7,57.0,-92.3,8.9,1.0,137.0,1
D001698,3.4,1397.0,0.87,34.5,0.31,-64.1,-48.6,28.1,32.0,-91.6,23.6,0.0,136.0,0
D001699,4.8,1086.0,1.06,31.5,,-65.5,-50.5,23.0,42.0,-94.5,6.6,1.0,138.0,1
D001700,4.5,1182.0,1.12,29.5,0.52,-65.8,-50.2,21.9,43.0,,9.1,0.0,127.0,1
D001701,6.9,1369.0,0.88,36.0,0.52,-62.6,-48.4,29.0,32.0,-94.3,20.8,0.0,115.0,0
D001702,4.8,1196.0,1.09,28.5,0.49,-64.5,-49.8,23.9,42.0,-95.8,9.1,1.0,125.0,1
D001703,4.9,1223.0,1.09,29.0,0.42,-65.0,-48.9,24.8,39.0,-96.2,8.4,1.0,128.0,1
D001704,4.5,1309.0,1.41,27.0,0.64,-62.4,-51.7,26.3,43.0,-98.6,22.8,1.0,108.0,0
D001705,4.4,1182.0,1.06,29.5,0.49,-66.4,-51.1,23.5,38.0,-96.0,7.7,1.0,129.0,1
D001706,5.6,1205.0,1.48,23.5,0.67,-60.8,-47.4,23.4,47.0,-93.9,0.3,1.0,106.0,0
D001707,6.9,1324.0,1.56,25.0,0.57,-67.8,-45.8,20.7,50.0,-98.8,,1.0,102.0,0
D001708,5.3,1169.0,0.95,29.0,0.4,-65.7,-49.6,24.4,43.0,-96.1,11.1,1.0,126.0,1
D001709,4.4,1185.0,1.18,27.5,0.43,-66.0,-50.4,23.7,44.0,-94.8,12.8,1.0,132.0,1
D001710,4.7,1105.0,1.36,25.5,0.43,-63.2,-48.6,23.6,46.0,-99.7,18.3,0.0,133.0,0
D001711,4.7,1124.0,1.11,27.5,0.48,-63.1,-48.9,22.9,43.0,-96.1,10.3,0.0,131.0,0
D001712,4.3,,1.51,38.5,0.34,-65.6,-51.9,28.1,58.0,-96.0,20.0,1.0,125.0,0
D001713,5.2,1167.0,1.05,29.5,0.46,-67.9,-50.1,23.9,45.0,-96.7,9.5,1.0,121.0,1
D001714,5.3,1319.0,1.18,29.5,0.55,-64.8,-53.5,21.9,44.0,,16.6,1.0,134.0,1
D001715,5.6,1181.0,1.2,30.0,0.57,-66.3,-51.6,26.5,43.0,-96.5,7.5,1.0,124.0,1
D001716,4.8,1081.0,1.12,28.5,0.47,-65.1,-50.9,25.8,43.0,-95.4,4.0,1.0,131.0,0
D001717,4.6,1186.0,1.1,29.5,0.44,-65.7,-50.0,26.4,45.0,-96.6,8.5,1.0,121.0,1
D001718,5.3,1170.0,1.08,26.5,0.52,-65.7,-50.8,22.9,45.0,-96.9,9.1,1.0,126.0,1
D001719,4.7,1193.0,1.06,33.5,0.39,-66.0,-48.5,24.4,46.0,-94.7,5.6,0.0,,1
D001720,3.3,1339.0,1.33,27.0,0.48,-65.5,-52.8,25.1,44.0,-93.4,10.7,1.0,137.0,0
D001721,4.7,1138.0,1.1,35.5,0.47,-65.3,-49.9,24.6,44.0,-96.3,12.0,1.0,133.0,1
D001722,5.3,1157.0,1.07,27.0,0.48,-66.4,-50.1,24.1,36.0,-95.5,5.6,1.0,132.0,1
D001723,3.6,1283.0,0.95,36.0,0.37,-61.4,-50.9,24.8,50.0,-98.3,9.9,1.0,147.0,1
D001724,6.4,1367.0,0.9,37.0,0.34,,-50.8,28.8,50.0,-98.5,3.5,1.0,121.0,1
D001725,5.5,1185.0,1.19,28.0,0.48,-65.2,-49.3,25.7,43.0,-95.4,10.5,1.0,129.0,1
D001726,3.2,1263.0,1.12,27.5,0.43,-60.5,-46.0,20.7,31.0,-91.2,8.5,0.0,124.0,0
D001727,4.6,1170.0,1.13,28.0,0.45,-65.7,-49.1,24.5,,-97.7,13.7,0.0,138.0,1
D001728,6.5,1311.0,0.98,32.0,0.56,-62.9,-51.1,23.5,49.0,-94.3,20.1,0.0,142.0,1
D001729,5.6,1196.0,1.09,33.5,0.53,-62.7,-50.5,26.7,42.0,-95.1,10.3,1.0,132.0,1
D001730,5.8,1310.0,1.19,26.0,0.6,-63.3,-48.2,24.4,55.0,-90.8,7.9,0.0,148.0,1
D001731,4.7,1168.0,1.19,30.0,0.55,-66.2,-48.5,22.9,45.0,-95.6,10.6,0.0,131.0,1
D001732,5.3,1069.0,1.27,31.0,0.35,-67.1,-52.9,28.4,31.0,-93.3,15.4,1.0,107.0,0
D001733,4.7,1173.0,1.09,28.0,0.44,-65.8,-51.5,24.6,45.0,-96.0,7.6,1.0,131.0,1
D001734,4.6,1215.0,1.06,28.5,0.48,-64.5,-48.9,25.0,52.0,-94.6,7.1,0.0,133.0,1
D001735,5.0,1237.0,1.17,30.0,0.44,-66.6,-49.5,24.7,47.0,-94.1,9.3,0.0,127.0,1
D001736,3.3,1013.0,0.9,30.5,0.63,-67.5,-53.8,29.6,37.0,-94.9,7.3,1.0,123.0,0
D001737,4.7,1206.0,1.12,29.0,0.48,-64.7,-50.5,22.1,46.0,-94.8,5.9,1.0,125.0,1
D001738,4.3,1226.0,1.13,,0.45,-64.6,-49.6,23.6,45.0,-95.1,11.9,1.0,128.0,0
D001739,4.7,1153.0,0.99,26.5,0.52,-64.1,-50.0,25.6,42.0,-95.8,6.1,1.0,130.0,1
D001740,5.1,1275.0,1.06,31.5,0.43,-63.7,-48.0,24.9,38.0,-95.1,4.1,0.0,139.0,1
D001741,5.4,1060.0,1.49,25.0,0.41,-64.5,-54.3,23.3,32.0,-97.0,19.0,0.0,138.0,1
D001742,6.5,1177.0,1.51,37.0,0.48,-63.7,-52.3,21.0,,-90.3,,1.0,138.0,1
D001743,5.1,1241.0,1.17,32.0,0.48,-67.5,-49.5,23.7,47.0,-94.0,10.4,1.0,128.0,1
D001744,5.1,1120.0,1.08,29.5,0.5,-65.5,-50.4,24.2,44.0,-94.5,9.3,0.0,124.0,1
D001745,4.9,1216.0,1.05,27.0,0.45,-64.6,-49.7,23.4,45.0,-95.7,9.4,1.0,133.0,0
D001746,4.7,1082.0,1.15,29.0,0.58,-65.7,-49.6,25.3,47.0,-94.9,7.3,0.0,129.0,1
D001747,4.9,1184.0,1.11,27.0,0.52,-65.9,-51.7,25.6,49.0,-95.4,9.9,1.0,121.0,1
D001748,4.4,1241.0,0.97,27.5,0.45,-64.6,-48.8,22.5,,-95.7,11.4,0.0,125.0,1
D001749,4.6,,1.07,26.5,0.52,-65.2,-48.8,24.8,42.0,-94.9,7.8,1.0,123.0,1
D001750,5.4,1092.0,1.06,29.5,0.46,-65.9,-49.2,22.6,43.0,-97.7,5.7,0.0,131.0,1
D001751,4.7,1241.0,1.06,26.0,0.59,-65.2,-50.5,25.6,44.0,-96.1,9.4,1.0,128.0,1
D001752,5.1,1206.0,1.15,28.0,0.49,-65.4,-51.3,23.5,46.0,-96.1,13.2,0.0,133.0,1
D001753,4.7,1084.0,1.11,28.5,0.46,-65.5,-50.8,23.2,48.0,-95.5,8.5,1.0,131.0,1
D001754,5.3,1160.0,0.99,31.5,0.44,-65.3,-51.0,23.4,43.0,-95.1,6.2,0.0,121.0,1
D001755,5.4,1197.0,1.04,29.5,0.42,-66.8,-49.2,24.4,50.0,-93.5,,0.0,136.0,1
D001756,5.2,1160.0,1.1,30.0,0.45,-65.4,-50.0,25.0,,-95.4,8.8,1.0,117.0,0
D001757,6.0,1029.0,1.27,35.0,0.51,,-47.2,22.0,32.0,-92.3,20.1,0.0,145.0,1
D001758,4.1,1158.0,1.2,29.0,0.44,-66.5,-49.9,24.6,45.0,-95.7,5.3,1.0,131.0,1
D001759,4.4,1209.0,1.03,31.5,0.41,-65.1,-48.4,25.6,45.0,-95.7,10.0,0.0,130.0,1
D001760,5.0,1126.0,1.22,27.5,0.54,-66.5,-50.4,25.1,41.0,-95.6,6.6,1.0,131.0,1
D001761,3.9,1362.0,1.28,24.5,0.43,-62.4,-45.0,22.9,47.0,-91.0,3.3,0.0,124.0,1
D001762,6.6,1395.0,1.2,37.5,0.64,-60.6,-52.9,22.7,40.0,-99.8,18.5,0.0,140.0,1
D001763,4.5,1181.0,1.18,30.5,0.46,-63.0,-50.8,22.0,39.0,-96.4,12.1,1.0,138.0,0
D001764,4.7,1171.0,1.11,27.0,0.47,-64.8,-50.2,24.3,44.0,-95.3,9.0,0.0,123.0,0
D001765,4.1,1139.0,1.14,28.5,0.48,-63.6,-47.7,25.3,45.0,-95.5,9.3,0.0,137.0,1
D001766,3.0,1095.0,1.28,31.5,0.57,-64.4,-54.0,20.2,43.0,-98.5,3.8,1.0,116.0,0
D001767,7.0,1178.0,0.97,33.5,0.36,-63.1,-50.5,24.5,44.0,-95.4,5.2,1.0,138.0,1
D001768,4.7,1186.0,1.03,32.5,0.56,-65.9,,23.4,45.0,-94.1,7.6,0.0,129.0,1
D001769,5.0,1128.0,1.17,31.0,0.49,-65.3,-50.0,25.1,49.0,-96.1,7.6,1.0,122.0,1
D001770,4.8,1202.0,1.17,29.5,0.45,-66.4,-50.0,24.0,40.0,-96.7,6.2,0.0,118.0,1
D001771,5.1,1062.0,0.81,33.5,0.59,-62.5,-49.4,21.2,32.0,-94.7,19.1,1.0,105.0,0
D001772,6.3,1272.0,0.85,26.0,0.48,-61.5,-52.8,21.5,34.0,-91.0,18.0,,140.0,1
D001773,5.9,1306.0,1.17,33.5,0.56,-66.7,-50.4,24.8,49.0,-98.1,5.8,1.0,101.0,0
D001774,5.0,1133.0,1.08,24.0,0.56,,-51.3,23.8,43.0,-94.5,9.9,0.0,121.0,1
D001775,3.7,1161.0,,31.0,0.52,-64.9,-50.5,25.2,45.0,-93.3,12.9,1.0,128.0,1
D001776,5.8,1343.0,0.9,40.0,0.49,-68.1,-46.6,20.9,59.0,-91.3,5.5,0.0,150.0,1
D001777,6.5,1146.0,1.13,38.5,0.36,-69.4,-51.6,26.6,44.0,-90.3,11.3,,127.0,1
D001778,5.4,1018.0,1.55,22.5,0.54,-69.1,-48.2,28.4,57.0,-95.4,0.3,0.0,123.0,0
D001779,4.2,1216.0,0.99,26.5,0.52,-65.9,-49.6,24.0,48.0,-95.5,7.7,1.0,136.0,1
D001780,4.8,1045.0,1.36,34.5,,-62.0,-47.8,29.0,41.0,-91.6,16.9,1.0,130.0,0
D001781,5.2,1212.0,1.17,26.5,0.48,-65.9,-48.6,23.8,44.0,-95.8,5.7,0.0,130.0,1
D001782,4.6,1192.0,1.02,30.0,0.44,-65.2,-50.3,23.9,37.0,-97.6,2.8,1.0,132.0,0
D001783,3.1,1283.0,1.46,30.0,0.56,-65.4,-52.5,25.9,52.0,-92.2,17.9,1.0,126.0,0
D001784,5.3,1207.0,0.97,28.5,0.47,-65.4,-48.4,23.9,42.0,-96.2,11.4,0.0,129.0,1
D001785,4.0,1165.0,0.98,24.5,0.45,-65.1,-50.3,24.2,44.0,-94.6,5.5,0.0,127.0,1
D001786,3.5,1291.0,1.11,38.0,0.42,-61.1,-47.0,21.8,51.0,-93.9,7.1,0.0,142.0,1
D001787,4.6,1219.0,1.0,32.0,0.43,-65.1,-49.4,24.3,41.0,-94.6,6.8,1.0,121.0,1
D001788,4.6,1207.0,0.92,24.0,0.39,-65.5,-53.7,21.8,58.0,-99.3,8.6,1.0,112.0,0
D001789,4.8,1220.0,1.07,32.0,0.53,-66.3,-49.7,24.5,42.0,-96.9,6.3,0.0,131.0,1
D001790,4.4,1222.0,1.11,30.5,0.49,-64.9,-49.9,23.0,42.0,-96.0,13.2,1.0,121.0,0
D001791,4.9,1159.0,1.3,36.5,0.46,-67.0,,20.9,54.0,-93.6,,1.0,127.0,1
D001792,4.7,1158.0,1.1,26.0,0.51,-65.2,-48.7,24.9,47.0,-94.0,8.7,1.0,137.0,0
D001793,5.1,1186.0,1.1,32.0,0.48,-64.9,-49.8,24.1,50.0,-96.4,9.9,1.0,128.0,1
D001794,5.2,1145.0,1.13,31.0,0.41,-66.1,-50.1,23.5,41.0,-94.1,14.2,1.0,123.0,1
D001795,4.8,1002.0,1.27,24.0,,-66.7,-53.6,27.5,48.0,-93.0,19.1,0.0,105.0,0
D001796,5.5,1177.0,1.19,29.0,0.52,-66.5,-50.3,25.4,46.0,-95.6,9.0,1.0,117.0,1
D001797,4.4,1036.0,1.59,39.0,0.62,-69.9,-53.3,27.2,47.0,-98.7,9.3,1.0,134.0,1
D001798,5.0,1340.0,0.81,36.5,0.67,-62.5,-45.1,22.6,49.0,-92.7,12.2,1.0,122.0,0
D001799,4.7,1206.0,1.17,31.0,0.45,-65.4,,24.3,46.0,-95.1,,1.0,127.0,1
D001800,4.5,1198.0,1.17,28.5,0.55,-64.9,-48.8,23.8,44.0,-95.4,7.5,1.0,125.0,1
D001801,5.1,1202.0,1.18,27.0,0.55,-64.3,-52.2,23.9,45.0,-95.9,10.5,1.0,121.0,1
D001802,4.8,1068.0,1.0,29.0,0.45,-66.1,-49.3,23.5,47.0,-94.9,10.9,0.0,125.0,1
D001803,3.7,1162.0,1.14,25.0,0.46,-64.9,-49.5,22.5,44.0,-93.8,16.7,0.0,127.0,0
D001804,6.6,1177.0,0.81,37.5,0.65,-68.1,-52.7,20.4,34.0,-94.6,4.5,0.0,141.0,1
D001805,5.3,1173.0,1.14,29.5,0.46,-66.2,-49.5,24.3,47.0,-95.9,7.9,1.0,131.0,0
D001806,6.0,1078.0,1.4,24.5,0.64,-63.4,-49.2,27.2,42.0,-96.5,20.1,1.0,115.0,0
D001807,4.6,1271.0,1.26,21.5,0.41,-63.9,-45.1,29.6,55.0,-90.4,14.8,1.0,143.0,0
D001808,5.1,1166.0,1.18,30.0,0.51,-66.1,-49.5,21.7,47.0,-94.7,12.5,0.0,133.0,1
D001809,4.3,1141.0,1.19,31.0,0.5,-65.4,-49.2,,44.0,-94.2,7.7,1.0,124.0,0
D001810,4.5,1241.0,1.18,27.0,0.45,,-50.5,25.1,48.0,-96.5,9.3,1.0,128.0,1
D001811,4.8,1233.0,1.18,27.0,0.49,-65.5,-49.9,23.1,44.0,-93.8,10.3,1.0,126.0,1
D001812,5.1,1332.0,1.4,29.0,0.37,-66.8,-47.5,23.6,47.0,-90.6,17.4,0.0,139.0,1
D001813,4.4,1077.0,,24.5,0.47,-67.2,-45.9,21.1,32.0,-92.0,8.2,1.0,143.0,0
D001814,5.5,1203.0,1.09,27.5,0.45,-65.1,-50.7,23.6,46.0,-95.6,12.3,1.0,136.0,1
D001815,3.2,1326.0,0.83,24.5,0.36,-63.3,-47.8,22.2,55.0,-97.6,8.6,1.0,109.0,0
D001816,4.9,1132.0,1.09,31.5,0.47,-65.6,-49.8,23.7,37.0,-96.4,9.1,0.0,131.0,1
D001817,5.5,1227.0,1.13,29.5,0.51,-66.2,-48.8,23.5,43.0,-94.5,6.3,0.0,125.0,1
D001818,6.9,1147.0,1.37,30.5,0.6,-68.9,-52.2,27.9,57.0,-95.2,14.2,1.0,120.0,1
D001819,3.6,1233.0,1.37,23.0,0.5,-63.6,-52.8,21.7,60.0,-98.7,1.6,1.0,137.0,0
D001820,5.7,1359.0,1.35,30.5,0.55,-65.5,-48.5,25.9,,-97.3,4.3,1.0,112.0,1
D001821,3.3,1205.0,1.27,39.0,0.34,-66.9,-54.7,21.7,33.0,-95.1,12.3,0.0,139.0,0
D001822,3.4,1023.0,1.14,22.5,0.31,-62.4,-47.6,24.5,33.0,-98.9,6.8,1.0,121.0,0
D001823,4.5,1147.0,1.2,25.0,0.43,-66.6,-50.9,23.0,38.0,-95.9,9.0,1.0,131.0,0
D001824,4.1,1329.0,1.44,26.5,0.39,-61.0,-46.0,24.6,54.0,-97.9,3.7,1.0,104.0,0
D001825,5.0,1124.0,1.2,27.0,0.48,-65.8,-49.3,24.1,46.0,-96.1,11.6,1.0,127.0,0
D001826,5.0,1215.0,1.13,30.0,0.48,-64.3,-50.4,23.6,43.0,-96.1,11.7,0.0,125.0,1
D001827,3.6,1259.0,1.53,26.5,0.41,-67.3,-48.9,25.9,55.0,-91.0,22.4,0.0,144.0,0
D001828,5.0,1136.0,1.16,28.5,0.48,-65.2,,24.5,45.0,-95.8,4.0,1.0,,0
D001829,5.2,1194.0,1.08,28.0,0.48,-65.0,-51.3,23.0,43.0,-94.6,6.4,1.0,128.0,1
D001830,5.7,1153.0,1.06,28.5,0.47,-65.6,-50.2,24.3,44.0,-95.1,13.4,0.0,116.0,1
D001831,,1101.0,1.06,35.5,0.38,-61.6,-53.9,24.8,41.0,-99.5,11.3,1.0,118.0,1
D001832,6.3,1108.0,1.42,38.0,0.39,,-53.6,25.6,52.0,-90.3,9.0,1.0,113.0,1
D001833,6.1,1051.0,1.47,27.0,0.67,-69.9,-48.1,23.0,30.0,-90.9,13.6,0.0,124.0,0
D001834,4.3,1218.0,1.12,28.5,0.41,-64.9,-50.1,23.2,47.0,-95.6,8.6,,127.0,0
D001835,4.5,1160.0,0.97,24.5,0.46,-64.7,-50.7,23.3,,-94.5,11.6,0.0,128.0,0
D001836,4.4,1199.0,1.14,28.5,0.47,-65.4,-49.6,24.2,47.0,-95.7,10.7,1.0,134.0,1
D001837,5.9,1115.0,1.08,23.5,0.52,-69.5,-49.7,28.2,39.0,-93.4,3.0,1.0,140.0,1
D001838,5.8,1070.0,1.28,35.0,0.66,-62.7,-51.4,23.4,33.0,-97.3,21.6,1.0,110.0,0
D001839,6.4,1046.0,1.07,36.5,0.67,-65.9,-48.2,24.2,49.0,-96.9,21.7,1.0,133.0,0
D001840,4.7,1335.0,1.52,22.5,0.53,-68.9,-45.8,20.8,50.0,-97.4,13.7,1.0,120.0,0
D001841,3.6,1227.0,1.0,24.0,0.32,-68.5,-49.9,22.8,36.0,-95.7,10.8,1.0,146.0,0
D001842,5.6,1189.0,1.14,28.0,0.47,-66.4,-47.6,23.9,45.0,-95.8,8.0,1.0,129.0,1
D001843,4.1,1188.0,1.23,31.5,0.51,-66.6,-48.7,24.8,40.0,-96.6,13.0,1.0,128.0,1
D001844,4.1,1140.0,0.91,29.0,0.34,-67.3,-48.9,20.5,31.0,-91.2,23.7,1.0,121.0,0
D001845,4.3,1382.0,1.03,36.0,0.34,-60.7,-46.5,28.0,34.0,-91.3,10.7,0.0,110.0,0
D001846,3.0,1016.0,1.59,35.0,0.64,-64.6,-46.8,25.8,56.0,-91.0,7.3,1.0,128.0,0
D001847,4.6,1159.0,0.92,31.0,0.51,-65.6,-49.2,24.1,46.0,-97.8,5.8,1.0,135.0,1
D001848,4.5,1150.0,1.13,30.5,0.49,-65.0,-49.2,24.7,49.0,-94.9,7.7,0.0,123.0,1
D001849,5.3,1223.0,1.05,31.0,0.45,-65.5,-49.7,24.3,45.0,-94.8,7.2,,126.0,1
D001850,5.3,1204.0,,29.0,0.43,-67.5,-50.4,24.9,42.0,-94.9,10.4,1.0,109.0,1
D001851,5.0,1133.0,1.14,25.5,0.48,-66.5,-49.7,26.4,43.0,-94.7,3.8,1.0,136.0,1
D001852,4.9,1305.0,0.95,30.0,0.5,-65.8,-51.6,24.3,44.0,-94.7,5.7,1.0,127.0,1
D001853,6.7,1298.0,1.52,23.0,0.64,-65.2,-50.7,27.1,42.0,-99.0,7.9,0.0,120.0,0
D001854,4.2,1091.0,1.08,25.0,0.46,-66.2,-49.8,24.9,45.0,-94.9,8.1,1.0,128.0,1
D001855,6.0,1220.0,0.98,36.5,0.62,-64.6,-46.0,26.0,31.0,-94.6,21.2,1.0,108.0,1
D001856,4.8,1239.0,1.1,25.0,0.47,-65.7,-50.5,24.6,43.0,-95.4,10.1,0.0,129.0,1
D001857,5.0,1204.0,1.01,28.0,0.5,-65.0,-51.4,25.5,47.0,-96.8,8.2,1.0,135.0,1
D001858,5.1,1179.0,1.06,28.0,0.53,-65.5,-51.0,24.1,46.0,,10.3,0.0,139.0,1
D001859,4.4,1339.0,1.28,33.5,0.47,-62.1,-50.6,22.6,49.0,-95.4,23.0,0.0,117.0,0
D001860,4.4,1214.0,,20.0,0.33,-64.1,-51.0,23.5,57.0,-92.8,14.6,1.0,129.0,0
D001861,4.7,1223.0,1.47,28.0,0.37,-66.0,-54.8,28.6,55.0,-94.9,0.0,0.0,122.0,0
D001862,6.0,1268.0,,34.0,0.32,-69.3,-46.0,27.4,60.0,-92.1,9.0,1.0,128.0,0
D001863,4.5,1216.0,1.04,28.5,0.5,-65.8,-51.0,24.1,48.0,-95.7,8.3,1.0,130.0,0
D001864,,1199.0,1.15,28.0,0.49,-67.4,-48.8,24.6,45.0,-93.8,4.6,1.0,122.0,1
D001865,4.5,,1.06,,0.53,-64.5,-48.6,23.8,51.0,-96.3,7.8,0.0,131.0,1
D001866,5.7,1190.0,1.54,26.0,0.45,-70.0,-50.1,28.0,,-91.4,7.1,1.0,146.0,0
D001867,4.7,1181.0,1.09,29.0,0.53,-65.3,-51.6,22.1,44.0,-97.8,5.5,1.0,125.0,0
D001868,4.3,1206.0,1.01,31.5,0.52,-66.2,-51.3,25.1,,-96.3,10.5,0.0,121.0,1
D001869,5.8,1285.0,1.5,31.5,0.37,-69.6,-47.7,26.7,43.0,-98.5,2.6,1.0,123.0,1
D001870,4.7,1217.0,1.09,28.5,0.46,-66.1,-48.9,25.1,41.0,-96.6,9.0,1.0,142.0,1
D001871,4.0,1235.0,1.13,30.0,0.5,-65.3,-50.8,23.4,40.0,-94.7,10.8,1.0,122.0,1
D001872,5.3,1159.0,1.24,29.5,0.43,-64.4,-48.9,24.0,40.0,-95.2,8.0,0.0,133.0,1
D001873,4.8,1192.0,1.0,28.0,0.51,-66.6,-47.4,22.4,41.0,-95.6,7.7,0.0,130.0,1
D001874,,1204.0,1.06,30.5,0.51,-65.1,-48.4,23.9,45.0,-96.2,7.0,0.0,120.0,1
D001875,4.7,1176.0,1.07,28.0,0.48,-65.2,-51.3,24.0,44.0,-94.5,10.7,0.0,126.0,1
D001876,3.9,1168.0,1.17,28.0,0.4,-63.1,-48.1,25.0,48.0,-95.1,4.8,0.0,123.0,0
D001877,4.0,1168.0,1.12,31.0,0.48,-65.5,-50.0,22.6,44.0,-94.6,11.2,1.0,134.0,0
D001878,3.5,1210.0,1.02,24.5,0.59,-61.8,-46.9,21.5,33.0,-93.8,20.5,0.0,125.0,0
D001879,4.8,1166.0,1.05,29.0,0.41,-66.3,-48.2,25.6,45.0,-93.6,13.0,1.0,131.0,0
D001880,4.8,1206.0,1.14,26.5,0.48,-66.9,-50.2,25.6,47.0,-94.9,12.3,1.0,122.0,1
D001881,5.2,1165.0,0.99,31.0,0.54,-65.4,-51.2,23.2,43.0,-94.7,10.7,0.0,128.0,1
D001882,5.7,1209.0,1.07,31.0,0.45,-66.2,-51.2,24.3,46.0,-95.3,8.0,1.0,128.0,1
D001883,4.6,1152.0,1.03,28.0,0.46,-64.4,-49.7,27.1,51.0,-95.6,7.4,0.0,128.0,1
D001884,4.3,1165.0,1.14,31.5,0.5,-64.4,-51.4,23.8,45.0,-95.9,8.8,0.0,138.0,1
D001885,4.8,1207.0,1.24,27.5,0.47,-63.3,-50.4,25.2,47.0,-96.1,12.0,1.0,132.0,0
D001886,5.0,1136.0,1.1,30.0,0.45,-66.0,-49.9,24.9,42.0,-95.2,8.7,0.0,130.0,1
D001887,5.0,1198.0,1.25,29.0,0.54,-64.0,-48.7,25.8,47.0,-97.7,5.5,1.0,129.0,1
D001888,4.1,,1.11,30.0,0.51,-65.5,-51.1,23.9,47.0,-95.6,8.3,1.0,127.0,0
D001889,4.7,1215.0,1.15,29.5,0.52,-65.4,-51.3,23.2,38.0,-93.6,9.4,0.0,124.0,1
D001890,6.3,1339.0,1.1,32.0,0.57,-63.4,-52.0,28.4,51.0,-92.3,4.4,0.0,116.0,0
D001891,4.8,1195.0,1.17,31.0,0.51,-64.7,-49.8,25.2,42.0,-94.3,6.0,0.0,129.0,1
D001892,6.7,1256.0,1.45,29.5,0.32,-66.4,-51.0,25.3,56.0,-94.6,8.6,1.0,140.0,1
D001893,5.0,1226.0,1.08,30.0,0.48,-66.2,-49.9,24.3,48.0,-92.0,,1.0,134.0,1
D001894,5.3,1198.0,1.27,33.0,0.46,-66.2,-51.3,24.3,46.0,-95.5,7.2,1.0,128.0,1
D001895,6.8,1043.0,1.07,34.5,0.59,-61.4,-47.4,29.6,43.0,-95.4,10.5,0.0,105.0,0
D001896,5.4,,1.13,31.5,0.52,-66.8,-48.5,23.1,40.0,-95.8,3.4,0.0,122.0,1
D001897,4.3,1191.0,1.19,28.5,0.46,-66.4,-51.1,23.2,49.0,-96.2,7.8,1.0,136.0,1
D001898,4.6,1198.0,1.08,29.0,0.49,-65.2,-50.7,22.3,41.0,-96.9,8.2,0.0,128.0,1
D001899,4.5,1154.0,1.11,28.0,0.48,-64.3,-50.0,23.5,42.0,-95.9,9.4,1.0,124.0,1
D001900,5.3,1105.0,1.27,30.0,0.46,-65.5,-51.2,23.6,43.0,-95.5,12.8,1.0,133.0,1
D001901,4.9,1193.0,1.06,29.0,0.46,-65.0,-49.7,23.1,41.0,-96.5,7.0,0.0,132.0,1
D001902,4.7,1191.0,1.19,29.5,0.45,-65.6,-49.8,25.5,36.0,-96.2,7.0,0.0,125.0,1
D001903,3.3,1384.0,1.23,33.5,0.32,,-50.6,21.8,50.0,-97.0,18.8,1.0,141.0,0
D001904,5.0,1209.0,1.1,27.0,0.47,-66.3,-51.1,24.0,38.0,-96.4,7.3,1.0,125.0,1
D001905,5.4,1181.0,0.93,27.0,0.42,-63.9,-50.6,23.4,44.0,-94.8,8.8,1.0,128.0,1
D001906,4.7,1133.0,1.09,26.0,0.45,-64.2,-50.1,23.6,46.0,-95.5,7.6,0.0,135.0,1
D001907,4.3,1183.0,1.04,26.5,0.49,-65.9,-50.9,22.0,43.0,-95.1,8.7,0.0,135.0,1
D001908,4.1,1270.0,1.07,28.5,0.45,-65.4,-52.7,23.7,52.0,-95.3,11.5,1.0,122.0,1
D001909,4.0,1178.0,1.1,29.0,0.49,-66.3,-50.3,22.9,47.0,-94.6,10.0,1.0,121.0,0
D001910,3.2,1134.0,1.26,31.0,0.53,-61.4,-49.2,29.1,53.0,-93.0,21.1,0.0,122.0,0
D001911,4.7,1194.0,1.11,30.0,0.53,-66.2,-51.1,22.4,46.0,-95.9,5.0,1.0,131.0,1
D001912,4.1,1331.0,1.17,38.5,0.32,-60.1,-54.6,25.1,53.0,-96.4,5.4,1.0,141.0,0
D001913,5.2,1282.0,1.56,34.5,0.57,-68.5,-52.1,21.9,46.0,-98.7,19.8,,143.0,1
D001914,6.0,1192.0,1.47,25.5,0.45,-62.9,-47.2,30.0,38.0,-96.4,2.6,1.0,136.0,0
D001915,4.2,1210.0,1.24,26.5,0.44,-65.5,-50.5,25.4,40.0,-95.2,5.4,1.0,126.0,0
D001916,6.2,1391.0,1.23,33.5,0.43,-64.9,-52.9,20.8,57.0,-97.8,21.1,1.0,110.0,0
D001917,5.6,1192.0,1.41,32.0,0.38,-62.0,-52.0,26.5,50.0,-95.9,22.6,1.0,113.0,0
D001918,4.6,1172.0,1.12,30.5,0.53,-66.7,-49.6,22.2,45.0,-95.6,11.2,1.0,135.0,1
D001919,5.2,1187.0,1.11,30.0,,-66.6,-48.7,24.1,42.0,-94.3,11.2,0.0,128.0,1
D001920,5.1,1396.0,1.2,32.0,0.41,-65.0,-50.4,21.0,54.0,-97.9,21.2,0.0,129.0,0
D001921,4.2,1160.0,1.02,26.5,0.54,-67.1,-51.2,23.6,45.0,-98.1,7.6,0.0,128.0,1
D001922,5.2,1200.0,0.98,30.5,0.5,-66.7,-49.8,24.9,42.0,-95.9,9.6,0.0,120.0,1
D001923,4.7,1159.0,1.15,28.0,0.51,-66.0,-50.2,25.6,48.0,-95.9,11.1,0.0,128.0,1
D001924,6.8,1107.0,1.32,28.0,0.41,-68.1,-49.9,22.3,39.0,-94.0,0.4,1.0,108.0,1
D001925,3.1,1347.0,1.21,39.0,0.32,-65.1,-51.6,21.7,57.0,-95.3,7.5,0.0,107.0,0
D001926,4.7,1188.0,1.07,26.0,0.47,-65.1,-51.3,25.8,42.0,-93.2,5.1,1.0,119.0,1
D001927,4.0,1217.0,1.1,28.5,0.52,-64.8,-49.8,24.2,45.0,-93.5,9.2,1.0,120.0,0
D001928,6.3,1249.0,0.93,26.5,0.38,-63.1,-54.8,25.4,57.0,-96.1,22.3,0.0,145.0,1
D001929,6.9,1280.0,1.02,31.5,0.64,-61.1,-54.0,29.8,43.0,-91.6,15.9,0.0,130.0,0
D001930,4.4,1005.0,0.89,25.0,0.66,-62.5,-45.0,26.6,35.0,-92.5,15.0,0.0,,0
D001931,4.7,1184.0,1.19,32.0,0.49,-67.3,-51.7,22.5,48.0,-94.4,10.1,1.0,125.0,1
D001932,4.6,1172.0,1.14,37.0,0.49,-64.7,-50.4,25.5,47.0,-95.7,3.6,1.0,134.0,1
D001933,5.0,1239.0,1.24,30.0,0.51,-65.6,-48.8,24.4,,-94.7,,1.0,133.0,1
D001934,4.2,1146.0,1.09,29.0,0.53,-66.0,-49.0,23.7,45.0,-97.0,8.7,0.0,127.0,1
D001935,4.1,1181.0,1.09,30.5,0.52,-63.5,-50.5,23.3,46.0,-96.5,2.7,0.0,129.0,1
D001936,4.5,1206.0,1.12,31.0,0.44,-66.9,-49.0,23.3,43.0,-96.6,13.6,0.0,131.0,0
D001937,5.1,1221.0,1.17,26.0,0.49,-64.4,-48.7,25.5,43.0,-94.2,6.5,1.0,128.0,1
D001938,4.4,1172.0,0.99,27.0,0.6,-65.5,-52.1,22.5,42.0,-93.2,,0.0,125.0,1
D001939,4.7,1214.0,1.12,29.0,0.58,-66.1,-50.7,23.4,43.0,-95.8,6.8,0.0,129.0,1
D001940,4.6,1239.0,1.02,30.0,0.48,-65.7,-50.4,25.6,,-95.2,8.5,0.0,127.0,1
D001941,4.5,1024.0,0.8,21.5,0.59,-65.8,-54.0,29.7,51.0,-92.7,13.3,1.0,135.0,0
D001942,5.6,1180.0,1.06,31.5,0.5,-66.2,-50.6,23.7,42.0,-95.3,9.6,0.0,131.0,1
D001943,4.9,1143.0,1.14,27.5,0.49,-64.7,-50.2,25.3,46.0,-95.5,11.1,1.0,127.0,0
D001944,5.0,1155.0,1.11,31.0,0.51,-65.3,-50.9,23.6,44.0,-97.1,10.7,0.0,128.0,1
D001945,4.3,1076.0,1.07,31.0,0.66,-65.6,-48.1,26.9,43.0,-94.7,2.6,1.0,136.0,1
D001946,4.2,1195.0,1.14,31.5,0.52,-66.5,-50.4,24.6,46.0,-95.5,7.8,1.0,134.0,1
D001947,4.9,1089.0,1.0,29.0,0.44,-65.6,-49.1,21.8,47.0,-95.9,3.4,0.0,125.0,0
D001948,4.4,1371.0,0.81,36.5,0.44,-67.9,-53.4,26.5,57.0,-98.1,11.3,1.0,113.0,1
D001949,5.3,1095.0,1.0,26.0,0.47,-65.4,,24.4,44.0,-95.9,8.6,1.0,128.0,1
D001950,5.3,1159.0,1.29,28.0,0.48,-66.8,-49.8,24.1,50.0,-94.6,7.5,0.0,138.0,1
D001951,4.7,1227.0,0.98,31.5,0.45,-66.2,-49.3,23.7,41.0,-96.8,7.4,0.0,133.0,1
D001952,5.3,1179.0,1.07,28.5,0.5,-65.8,-49.6,20.7,39.0,-95.2,6.4,1.0,127.0,1
D001953,4.9,1197.0,1.2,28.5,0.51,-62.8,-50.3,24.8,44.0,-96.2,13.7,0.0,135.0,1
D001954,6.1,1212.0,1.31,30.5,0.37,-65.6,-49.7,24.2,40.0,-95.6,12.0,0.0,133.0,1
D001955,5.4,1164.0,1.35,26.5,0.53,-61.8,-46.0,29.4,55.0,-96.1,15.4,1.0,122.0,0
D001956,4.0,1168.0,1.19,29.0,0.42,-65.8,-50.3,24.0,42.0,-94.0,7.1,1.0,133.0,0
D001957,3.0,1306.0,1.34,39.0,0.51,-63.8,-50.2,26.8,51.0,-92.8,6.3,1.0,126.0,0
D001958,3.4,1058.0,1.44,39.5,0.57,-65.9,-50.9,27.0,42.0,-95.8,3.6,0.0,125.0,1
D001959,5.4,1163.0,1.07,28.0,0.48,-64.7,-49.8,24.9,47.0,-95.8,8.4,0.0,128.0,1
D001960,4.4,1116.0,1.08,26.0,0.5,-65.8,-50.5,24.3,48.0,-95.9,8.4,1.0,140.0,1
D001961,6.8,,1.29,22.5,0.68,-67.5,-50.8,27.5,37.0,-96.7,7.5,0.0,100.0,0
D001962,4.5,1159.0,1.12,27.5,0.45,-67.1,-48.9,22.8,47.0,-94.3,6.0,1.0,118.0,1
D001963,4.2,1198.0,1.18,29.0,0.51,-65.6,-48.5,24.9,37.0,-95.7,12.7,1.0,137.0,1
D001964,3.2,1236.0,1.04,29.5,0.48,-64.3,-51.4,24.9,50.0,-96.3,0.2,1.0,110.0,0
D001965,4.1,1237.0,1.13,28.5,0.57,-60.6,-50.3,23.6,44.0,-98.2,14.9,1.0,135.0,0
D001966,4.5,1132.0,1.1,37.5,0.47,-63.4,-47.1,29.5,54.0,-98.8,13.5,1.0,126.0,0
D001967,4.7,1159.0,1.22,28.0,0.39,-63.0,-48.9,24.4,46.0,-96.0,11.9,1.0,125.0,0
D001968,5.7,1398.0,1.02,26.0,0.34,-61.5,-46.8,29.4,40.0,-100.0,14.4,1.0,110.0,0
D001969,4.3,1213.0,1.09,31.0,0.45,-65.1,-48.7,21.4,43.0,-93.9,5.6,1.0,128.0,1
D001970,4.0,1095.0,1.3,28.0,0.42,-67.2,-46.4,28.8,48.0,-93.9,5.7,0.0,150.0,0
D001971,6.8,1177.0,1.1,24.0,0.59,-62.5,-54.5,20.9,53.0,-96.4,10.8,0.0,147.0,1
D001972,4.6,1167.0,1.1,26.5,0.46,-65.8,-50.4,25.1,44.0,-94.8,6.9,1.0,137.0,1
D001973,4.8,1105.0,0.91,28.0,0.44,-64.7,-50.0,23.7,46.0,-96.1,12.0,1.0,132.0,0
D001974,5.0,1145.0,1.1,28.5,0.45,-64.5,-51.2,22.2,43.0,-94.0,9.5,0.0,121.0,0
D001975,4.6,1240.0,1.14,27.5,0.49,-65.8,-49.1,23.1,44.0,-96.3,7.5,0.0,125.0,1
D001976,4.6,1232.0,1.07,29.0,0.43,-66.4,-54.1,29.7,37.0,-91.3,10.2,1.0,107.0,0
D001977,4.3,1196.0,1.1,30.0,0.48,-64.3,-49.6,24.1,42.0,-95.0,12.3,0.0,142.0,1
D001978,4.3,1208.0,1.16,28.0,0.53,-65.1,-49.1,24.2,47.0,-94.0,10.4,1.0,135.0,1
D001979,4.8,1200.0,1.03,31.5,0.55,-63.6,-49.6,23.7,43.0,-94.1,11.4,0.0,135.0,1
D001980,4.5,1148.0,1.01,31.0,0.55,-64.2,-49.4,24.1,40.0,-96.6,5.3,1.0,128.0,1
D001981,4.8,1231.0,1.01,28.0,0.54,-65.9,-51.0,23.7,41.0,-97.1,12.2,0.0,126.0,1
D001982,4.8,1334.0,0.99,38.0,0.6,-68.9,-51.9,21.3,45.0,-99.2,14.0,0.0,123.0,1
D001983,4.6,1153.0,1.01,31.5,0.54,-64.9,-49.8,,41.0,-95.6,9.0,0.0,131.0,1
D001984,5.3,1134.0,1.17,26.0,0.48,-65.9,-51.6,24.3,39.0,-96.1,10.5,0.0,132.0,1
D001985,4.3,1317.0,1.2,38.5,0.44,-62.7,-45.1,25.4,32.0,-98.6,14.8,1.0,140.0,1
D001986,5.1,1200.0,1.09,30.0,0.48,-65.5,-50.4,23.9,38.0,-96.5,8.2,1.0,116.0,1
D001987,4.3,1219.0,1.14,26.5,0.48,-64.0,-47.6,24.9,43.0,-94.4,10.8,1.0,128.0,1
D001988,4.7,1165.0,1.17,31.0,0.49,-65.8,-50.7,26.1,43.0,-95.4,11.5,0.0,119.0,0
D001989,5.2,1165.0,1.06,32.0,0.53,-65.7,-50.6,24.4,44.0,-94.2,3.4,0.0,122.0,1
D001990,5.0,1169.0,1.19,29.5,0.52,-65.1,-49.0,25.3,47.0,-94.8,13.8,1.0,130.0,0
D001991,6.6,1293.0,1.33,32.5,0.41,-61.0,-47.0,26.8,48.0,-96.3,0.9,1.0,,1
D001992,4.5,1238.0,1.18,28.0,0.5,-65.2,-50.0,25.4,41.0,-94.8,7.3,1.0,130.0,0
D001993,5.0,1173.0,0.87,29.0,0.48,-67.7,-50.7,23.3,47.0,-95.0,13.7,,122.0,1
D001994,4.3,1274.0,1.0,30.5,0.52,-63.2,-46.2,20.6,32.0,-96.9,3.3,0.0,147.0,1
D001995,4.7,1167.0,1.25,25.5,0.4,-65.4,-48.6,26.3,46.0,-95.3,11.8,1.0,139.0,0
D001996,6.7,1078.0,1.49,20.5,0.63,-64.8,-52.1,21.2,59.0,-98.3,5.3,1.0,130.0,1
D001997,5.1,1172.0,1.21,28.5,0.46,-65.7,-50.1,23.2,43.0,-95.5,,1.0,125.0,1
D001998,4.3,1168.0,1.07,32.0,0.47,-66.5,-50.0,23.1,41.0,-97.2,14.6,1.0,132.0,0
D001999,4.7,1369.0,1.15,24.0,0.41,-63.0,-45.9,21.8,46.0,-99.6,5.9,0.0,148.0,1
D002000,4.3,1106.0,1.21,28.5,0.59,-60.3,-45.1,29.8,55.0,-96.1,3.7,1.0,124.0,0
D002001,5.9,1052.0,1.59,33.5,0.41,-69.7,-45.6,22.2,35.0,-99.0,17.3,1.0,122.0,0
D002002,4.6,1215.0,1.04,26.0,0.45,-65.1,-48.3,24.6,45.0,-96.2,,0.0,123.0,1
D002003,4.4,1172.0,1.11,29.5,0.45,-64.0,-51.3,23.0,45.0,-93.8,8.7,1.0,137.0,1
D002004,4.7,1229.0,1.12,29.5,0.48,-66.5,-51.2,22.8,43.0,-95.5,9.0,0.0,126.0,1
D002005,7.0,1175.0,1.42,40.0,0.58,-68.2,-50.5,,49.0,-96.4,8.5,0.0,103.0,0
D002006,6.5,1165.0,1.01,32.0,0.5,-60.6,-50.7,26.3,54.0,-90.9,8.0,0.0,101.0,1
D002007,4.2,1217.0,1.05,27.0,0.5,-66.0,-49.9,24.7,40.0,-94.5,9.5,1.0,132.0,0
D002008,4.7,1201.0,1.07,30.0,0.46,-65.6,-50.9,24.0,45.0,-95.4,7.4,1.0,132.0,1
D002009,6.4,1008.0,0.85,21.5,0.61,-63.9,-54.5,22.4,38.0,-92.2,4.2,0.0,121.0,1
D002010,4.7,1147.0,1.13,29.0,0.5,-66.2,-49.2,22.5,43.0,-95.4,13.9,0.0,123.0,0
D002011,6.5,1312.0,1.24,21.0,0.38,-66.7,-51.1,27.8,59.0,-97.2,7.9,0.0,116.0,1
D002012,3.4,1331.0,1.39,34.5,0.53,-62.5,-49.7,27.4,48.0,-96.6,19.7,0.0,106.0,0
D002013,4.9,1134.0,1.19,26.0,0.5,-65.1,-48.9,22.8,41.0,-94.2,11.7,0.0,137.0,1
D002014,5.4,1132.0,1.03,31.0,0.46,-66.5,-49.8,26.1,46.0,-94.2,7.3,1.0,136.0,1
D002015,4.6,1232.0,0.93,31.0,0.51,-64.2,-50.9,22.9,43.0,-96.5,8.1,0.0,123.0,1
D002016,4.2,1278.0,0.83,33.0,0.62,-65.4,-50.6,20.7,42.0,-90.3,8.7,0.0,124.0,1
D002017,4.5,1243.0,1.07,24.5,0.52,-65.7,-50.1,24.6,,-95.1,6.2,0.0,134.0,1
D002018,6.5,1123.0,1.44,30.5,0.47,-60.3,-46.5,25.5,48.0,-91.6,8.8,1.0,130.0,1
D002019,5.0,1143.0,,27.0,0.46,-67.0,-48.7,24.4,44.0,-96.2,8.6,0.0,122.0,1
D002020,5.9,1259.0,1.26,27.5,0.49,-66.3,-48.2,22.0,51.0,-98.6,1.2,1.0,104.0,1
D002021,5.5,1346.0,0.99,35.5,0.68,-69.4,-45.2,22.3,33.0,-98.9,19.3,0.0,128.0,1
D002022,4.5,1185.0,1.1,29.5,0.51,-65.3,-48.9,23.1,46.0,-95.9,7.1,1.0,132.0,1
D002023,4.4,1223.0,1.08,30.0,0.46,-66.9,-48.8,24.2,46.0,-94.9,4.1,0.0,127.0,1
D002024,5.8,1138.0,0.92,29.0,0.46,-63.1,-50.2,24.6,34.0,-97.1,7.5,1.0,131.0,1
D002025,6.1,1325.0,1.18,25.5,0.62,-62.7,-48.6,20.0,42.0,-98.5,15.2,0.0,149.0,1
D002026,5.1,1112.0,0.96,,0.49,-67.1,-49.5,24.0,41.0,-96.8,7.5,1.0,135.0,1
D002027,5.3,1163.0,1.11,27.0,0.46,-66.5,-51.5,25.5,47.0,-97.0,10.6,1.0,124.0,1
D002028,5.1,1387.0,1.23,25.0,0.42,-69.5,-48.3,26.0,56.0,-98.6,11.5,0.0,124.0,0
D002029,6.2,1069.0,0.84,21.0,0.56,-66.3,-45.2,22.1,41.0,-95.8,20.0,1.0,,1
D002030,6.6,1059.0,1.55,35.0,0.51,-68.2,-49.9,27.2,38.0,-98.0,6.4,1.0,149.0,1
D002031,4.4,1150.0,1.14,28.0,,-66.0,-50.1,24.6,44.0,-95.5,7.3,1.0,133.0,1
D002032,4.8,1229.0,1.18,29.5,0.47,-66.2,-49.9,24.2,46.0,-96.1,9.9,0.0,131.0,1
D002033,5.7,1144.0,1.55,28.5,0.4,-60.9,-47.9,27.7,60.0,-94.2,2.8,1.0,100.0,0
D002034,5.4,1036.0,0.83,39.5,0.58,-61.8,-50.0,29.3,58.0,-92.2,5.4,1.0,146.0,0
D002035,6.4,1277.0,1.58,23.0,0.35,-66.0,-49.5,25.5,54.0,-96.5,19.7,1.0,113.0,0
D002036,5.2,1132.0,1.02,27.5,0.54,-64.4,-49.9,23.7,44.0,-96.1,12.0,1.0,124.0,1
D002037,5.0,1197.0,,28.5,0.51,-65.7,-49.7,23.6,37.0,-95.5,7.3,1.0,125.0,1
D002038,3.4,1376.0,1.24,34.5,0.6,-69.6,-52.1,25.1,36.0,-99.9,19.1,0.0,149.0,1
D002039,6.6,1240.0,1.06,27.0,0.46,-64.6,-47.8,24.2,30.0,-99.7,4.2,1.0,133.0,1
D002040,5.0,1198.0,1.25,28.0,0.52,-65.0,-51.6,22.2,44.0,-95.0,8.5,0.0,118.0,1
D002041,4.3,1182.0,1.04,28.5,0.45,-65.4,-47.9,23.6,44.0,-95.7,11.9,0.0,,1
D002042,6.7,1112.0,0.92,32.0,0.45,-66.4,-48.9,20.6,32.0,-99.8,3.4,1.0,119.0,1
D002043,3.6,1361.0,,31.5,0.53,-62.3,-47.4,28.4,39.0,-91.1,15.5,0.0,120.0,0
D002044,6.7,1259.0,1.17,39.0,0.55,-66.5,-49.3,25.4,32.0,-99.8,23.7,1.0,113.0,1
D002045,4.4,1206.0,1.15,27.5,0.45,-64.1,-49.1,24.8,51.0,-95.7,13.1,1.0,123.0,0
D002046,6.1,1072.0,1.57,23.5,0.64,-60.6,-54.6,28.4,59.0,-90.6,21.4,0.0,,0
D002047,6.3,1381.0,,26.5,0.48,-60.9,-48.6,,43.0,-93.6,0.7,0.0,128.0,0
D002048,4.7,1218.0,1.09,30.5,0.47,-66.6,-50.6,24.3,39.0,,8.6,0.0,,1
D002049,4.5,1178.0,1.09,31.0,0.47,-65.5,-49.9,23.4,42.0,-94.3,11.8,0.0,131.0,1
D002050,5.8,1106.0,1.54,26.5,0.34,-61.0,-53.1,23.9,38.0,-93.6,17.1,0.0,138.0,0
D002051,5.4,1135.0,1.19,29.5,0.48,-63.3,-49.4,24.7,42.0,-94.7,11.7,1.0,140.0,1
D002052,4.5,1134.0,0.97,36.0,0.4,-65.8,-47.4,23.3,46.0,-92.3,21.9,0.0,123.0,1
D002053,,1217.0,1.23,26.5,0.49,-65.7,-50.5,23.4,45.0,-96.3,10.8,1.0,129.0,1
D002054,4.4,1250.0,1.32,33.0,0.46,-68.1,-50.5,24.1,48.0,-94.6,14.4,0.0,118.0,1
D002055,3.8,1021.0,1.47,29.0,0.57,-60.0,-45.0,27.6,52.0,-95.0,8.5,1.0,143.0,0
D002056,4.8,1240.0,1.13,28.5,0.43,-65.8,-50.5,23.6,,-94.5,8.8,0.0,124.0,1
D002057,4.5,1166.0,1.18,25.5,0.5,-65.5,-51.3,24.0,,-95.7,10.5,1.0,122.0,1
D002058,4.2,1315.0,1.46,33.0,0.66,-68.1,-47.3,30.0,41.0,-95.5,22.6,0.0,134.0,0
D002059,5.8,1135.0,1.34,38.0,0.33,-65.4,-54.7,23.1,40.0,-94.4,18.6,1.0,110.0,0
D002060,,1171.0,0.99,28.5,0.47,-64.5,-49.3,26.2,41.0,-94.4,10.6,0.0,135.0,1
D002061,5.2,1181.0,1.35,37.5,0.64,-67.1,-53.2,28.2,40.0,-98.2,12.4,1.0,138.0,1
D002062,4.4,1193.0,1.05,30.0,0.51,-65.4,-49.1,23.3,50.0,-95.3,12.4,1.0,129.0,0
D002063,4.1,1271.0,1.47,35.0,0.39,-61.7,-46.8,24.1,39.0,-93.3,12.9,0.0,136.0,0
D002064,4.8,1182.0,1.13,28.5,0.42,-64.3,-50.3,23.3,46.0,-95.5,9.8,0.0,128.0,1
D002065,4.3,1245.0,1.15,31.0,0.51,-66.1,-49.6,23.5,42.0,-94.8,11.2,1.0,130.0,1
D002066,4.6,1204.0,1.22,28.0,0.5,-64.4,,24.4,45.0,-93.7,6.5,0.0,128.0,0
D002067,4.5,1095.0,1.39,22.5,0.62,-69.1,-49.1,23.6,42.0,-90.0,7.5,0.0,100.0,0
D002068,4.3,1198.0,,28.5,0.43,-64.8,-48.7,23.7,42.0,-95.5,5.7,1.0,135.0,1
D002069,5.2,1188.0,1.11,29.5,0.44,-64.3,-50.8,22.1,44.0,-96.4,7.3,0.0,125.0,1
D002070,5.2,1238.0,1.58,26.0,0.69,-61.2,-46.9,21.6,33.0,-92.0,12.8,1.0,124.0,0
D002071,4.6,1175.0,1.49,28.5,0.59,-64.9,-50.7,27.1,39.0,-92.9,14.2,0.0,131.0,0
D002072,4.2,1200.0,1.54,35.5,0.54,-62.6,-53.5,24.3,45.0,-94.8,15.3,0.0,138.0,1
D002073,3.1,,1.04,30.0,0.67,-70.0,-45.7,29.0,36.0,-99.4,21.6,0.0,105.0,0
D002074,3.9,1178.0,,27.5,0.5,-66.7,-49.7,23.0,41.0,-97.1,8.7,0.0,125.0,1
D002075,5.1,1183.0,1.16,27.5,0.47,-64.4,-50.6,23.3,42.0,,8.4,0.0,123.0,0
D002076,5.0,1168.0,0.88,20.5,0.39,-64.7,-53.1,20.4,32.0,-98.7,10.8,1.0,114.0,1
D002077,4.9,1206.0,0.96,28.0,0.49,-66.6,-50.0,25.3,44.0,-95.7,8.6,0.0,132.0,1
D002078,4.6,1212.0,1.14,28.5,0.48,-66.5,-49.4,23.9,41.0,-94.5,8.4,1.0,127.0,1
D002079,5.5,,1.59,32.5,0.45,-64.1,-51.2,23.8,59.0,-99.3,3.0,0.0,,1
D002080,4.7,1148.0,1.04,28.0,0.45,-64.6,-51.5,23.0,45.0,-95.7,12.9,1.0,129.0,0
D002081,5.0,1198.0,1.11,29.0,,,-50.7,24.3,47.0,-93.8,10.3,1.0,132.0,1
D002082,4.8,1139.0,1.41,29.0,0.67,-61.9,-49.7,20.1,30.0,-99.6,16.4,1.0,122.0,0
D002083,4.4,1196.0,1.07,27.0,0.44,-63.4,-50.6,22.3,45.0,-94.9,10.2,1.0,127.0,0
D002084,4.6,1145.0,1.21,28.0,0.57,-66.5,-50.3,23.7,44.0,-96.1,7.7,1.0,142.0,1
D002085,5.1,1210.0,0.98,29.0,0.49,-65.3,-49.9,26.1,42.0,-95.0,8.2,1.0,129.0,0
D002086,6.3,1105.0,1.27,39.5,0.48,-64.6,-49.5,21.6,30.0,-91.4,3.6,1.0,114.0,1
D002087,5.9,1355.0,1.25,31.0,0.55,-67.3,-46.8,26.3,41.0,-93.6,11.6,0.0,145.0,1
D002088,5.3,1298.0,1.37,30.0,0.53,-65.1,-51.2,25.9,48.0,-98.2,8.6,0.0,149.0,1
D002089,4.5,1165.0,1.48,21.5,0.39,-67.7,-54.8,21.8,36.0,-91.2,13.3,1.0,123.0,0
D002090,3.0,1269.0,1.21,34.0,0.51,-63.5,-54.3,24.2,47.0,-92.9,5.6,1.0,138.0,0
D002091,4.9,1215.0,1.1,35.5,0.6,-65.6,-49.3,22.5,50.0,-92.9,13.1,0.0,121.0,1
D002092,4.9,1147.0,1.12,31.5,0.52,-66.3,-51.2,23.3,41.0,-93.9,7.5,0.0,124.0,1
D002093,4.5,1183.0,1.11,28.0,0.4,-64.5,-49.9,23.2,,-95.0,11.7,1.0,133.0,1
D002094,4.1,1333.0,1.51,39.5,0.35,-69.8,-48.3,26.1,39.0,-91.3,6.2,1.0,142.0,1
D002095,4.7,1220.0,1.07,27.5,0.5,-66.2,-51.2,23.0,43.0,-94.0,8.7,0.0,134.0,1
D002096,6.0,1269.0,1.51,36.0,0.59,-66.1,-53.3,28.3,47.0,-94.0,0.3,1.0,142.0,1
D002097,5.1,1150.0,1.19,28.0,0.44,-65.2,-50.6,22.1,44.0,-94.9,8.7,1.0,133.0,1
D002098,4.7,1153.0,1.19,26.0,0.5,-63.0,-50.2,24.7,40.0,-95.2,5.4,1.0,119.0,0
D002099,5.1,1219.0,1.06,29.0,0.54,-66.1,-50.6,23.5,45.0,-94.1,13.2,0.0,127.0,1
D002100,4.5,1033.0,0.87,20.0,0.39,-68.5,-49.2,29.6,,-96.1,14.0,0.0,110.0,0
D002101,4.2,1154.0,1.19,26.5,0.52,-64.5,-49.6,26.3,42.0,-94.8,6.8,0.0,120.0,0
D002102,4.2,1377.0,1.12,31.5,0.55,-60.9,-47.1,23.3,31.0,-94.8,19.3,1.0,106.0,0
D002103,5.6,1294.0,1.49,32.0,0.41,-68.0,-51.5,28.6,57.0,-91.0,15.1,0.0,149.0,1
D002104,4.4,1186.0,1.17,32.5,0.55,-67.2,-51.6,24.1,42.0,-95.1,8.8,0.0,126.0,1
D002105,6.4,1295.0,0.85,21.0,0.64,-61.0,-54.2,28.3,54.0,-93.1,23.0,1.0,135.0,0
D002106,4.4,1072.0,1.22,32.5,0.48,-60.8,-48.4,29.6,59.0,-92.3,15.4,0.0,130.0,0
D002107,4.7,1114.0,1.19,35.0,0.67,-60.6,-51.4,,39.0,-97.0,22.4,1.0,103.0,0
D002108,5.5,,1.03,26.0,0.46,-65.5,-51.0,24.5,40.0,-95.1,,1.0,139.0,1
D002109,4.3,1186.0,1.04,26.0,0.49,-64.7,-48.8,24.0,46.0,-97.0,9.2,1.0,123.0,0
D002110,4.7,1251.0,1.14,26.0,0.47,-65.3,-51.2,24.0,45.0,-95.2,5.7,1.0,122.0,1
D002111,4.0,1158.0,1.02,31.5,0.47,-65.0,-52.0,25.6,51.0,-95.3,10.3,0.0,123.0,1
D002112,6.3,1278.0,1.07,28.0,0.36,-66.6,-48.3,25.7,57.0,-98.5,8.3,0.0,100.0,1
D002113,5.3,1149.0,1.18,27.5,0.39,-65.2,-48.9,25.2,44.0,-95.3,6.2,1.0,125.0,0
D002114,4.6,1169.0,1.08,34.5,0.5,-65.2,-49.5,24.2,35.0,-96.4,10.8,1.0,118.0,1
D002115,5.3,1136.0,1.1,30.5,0.43,-65.3,-49.7,22.5,46.0,-94.8,10.5,0.0,124.0,1
D002116,4.2,1162.0,1.21,27.0,0.46,-65.5,-49.8,23.0,51.0,-95.5,9.3,0.0,134.0,0
D002117,4.7,1152.0,1.06,27.5,0.54,-66.6,-49.4,23.1,45.0,-94.5,8.8,1.0,139.0,1
D002118,5.0,1236.0,1.07,25.5,0.44,-64.5,-50.5,22.7,50.0,-94.7,7.6,1.0,124.0,0
D002119,5.5,1192.0,1.08,30.5,0.45,-66.1,-49.9,23.0,,-94.0,10.9,1.0,140.0,1
D002120,4.6,1001.0,1.57,36.0,0.45,-68.3,-52.7,28.9,47.0,-99.8,21.6,1.0,110.0,0
D002121,5.8,1299.0,,24.5,0.54,-61.6,-51.3,23.0,54.0,-93.1,4.6,1.0,126.0,0
D002122,5.0,1212.0,1.04,28.0,0.51,-67.9,-48.9,24.2,40.0,-96.0,9.9,0.0,131.0,1
D002123,4.8,1164.0,1.11,30.0,0.48,-65.9,-49.4,23.8,40.0,-95.7,12.8,0.0,136.0,1
D002124,4.9,1169.0,1.02,29.5,0.43,-65.8,,23.7,51.0,-96.4,7.4,0.0,126.0,1
D002125,5.2,1200.0,1.12,24.5,0.49,-67.4,-51.7,22.6,41.0,-96.0,8.0,1.0,130.0,1
D002126,5.1,1174.0,0.98,30.0,0.45,-64.9,-50.1,22.8,47.0,-95.6,11.2,1.0,124.0,1
D002127,6.9,1110.0,1.04,30.0,0.61,-63.1,-46.2,,51.0,-93.1,15.8,0.0,108.0,0
D002128,5.4,1175.0,1.11,27.5,0.42,-65.9,,25.3,43.0,-96.1,7.3,0.0,131.0,1
D002129,3.8,1293.0,0.83,27.5,0.49,-66.7,-50.9,29.1,30.0,-92.9,8.7,1.0,136.0,0
D002130,4.2,1005.0,1.28,23.0,0.69,-69.5,-47.0,20.0,33.0,-98.5,20.3,1.0,101.0,0
D002131,5.8,1186.0,1.05,30.5,0.52,-65.2,-48.4,24.8,50.0,-94.2,12.4,1.0,133.0,1
D002132,5.6,1124.0,1.19,,0.44,-65.5,-49.6,23.4,39.0,-95.7,6.8,1.0,131.0,1
D002133,4.5,1160.0,1.08,28.5,0.52,-64.8,-49.8,23.7,44.0,-95.3,7.2,1.0,122.0,1
D002134,5.0,1165.0,1.23,28.0,,-66.5,-49.3,23.4,47.0,-97.0,9.2,0.0,125.0,1
D002135,5.5,1240.0,0.94,30.0,0.45,-66.9,-49.9,23.3,42.0,-95.7,10.5,1.0,130.0,1
D002136,4.9,1168.0,1.1,28.5,0.45,-66.1,-49.1,24.2,47.0,-95.5,9.4,1.0,124.0,1
D002137,4.4,1202.0,1.11,28.5,0.48,-63.9,-50.5,23.0,41.0,-95.9,8.3,0.0,118.0,1
D002138,4.8,1222.0,1.15,29.0,0.55,-64.7,-50.0,25.1,44.0,-96.9,6.6,1.0,123.0,1
D002139,5.1,1085.0,0.94,28.5,0.52,-64.3,-48.7,23.7,42.0,-96.2,6.5,1.0,131.0,1
D002140,,1156.0,1.24,29.0,0.46,-63.4,-51.0,22.8,46.0,-94.7,10.0,1.0,137.0,1
D002141,4.0,1222.0,0.95,39.5,0.54,-66.3,-53.4,28.7,59.0,-92.0,23.4,0.0,117.0,1
D002142,3.6,1385.0,0.96,39.0,0.35,-67.5,-52.5,24.4,43.0,-93.5,11.2,1.0,126.0,0
D002143,4.8,1221.0,1.06,30.0,0.53,-64.5,-50.5,23.9,44.0,-94.0,10.6,0.0,126.0,1
D002144,4.7,1279.0,1.23,28.5,0.37,-64.2,-50.2,23.5,42.0,-95.3,5.7,0.0,130.0,1
D002145,5.3,1109.0,1.09,30.5,0.47,-66.8,-49.3,24.0,46.0,-93.6,13.7,0.0,126.0,1
D002146,4.8,1157.0,1.0,31.5,0.4,-65.5,-49.0,22.9,43.0,-94.9,2.0,0.0,126.0,1
D002147,4.4,1168.0,1.06,31.0,0.5,-66.0,-50.1,23.1,41.0,-95.0,7.8,1.0,127.0,1
D002148,4.3,1048.0,1.32,23.0,0.33,-69.5,-46.1,20.2,50.0,-98.4,1.6,1.0,144.0,0
D002149,4.0,1273.0,0.87,39.0,0.46,-65.0,-49.2,20.4,38.0,-95.9,4.0,0.0,107.0,1
D002150,4.8,1155.0,1.16,30.0,0.55,-68.2,-50.0,23.1,49.0,-96.4,8.0,0.0,129.0,1
D002151,4.6,1257.0,1.03,32.5,0.44,-63.8,-50.9,24.5,45.0,-95.8,8.0,0.0,135.0,1
D002152,6.0,1059.0,1.43,35.0,0.63,-67.7,-52.7,25.5,39.0,-93.0,23.0,0.0,115.0,1
D002153,4.8,1198.0,1.17,30.5,0.41,-65.5,,22.3,47.0,-95.9,8.3,0.0,125.0,1
D002154,5.4,1118.0,1.24,29.5,0.5,-65.8,-54.8,26.5,,-97.3,10.1,0.0,140.0,1
D002155,4.8,,1.1,31.5,0.48,-66.5,-48.9,23.3,43.0,-94.0,,1.0,121.0,1
D002156,3.7,1312.0,1.16,37.0,0.43,-60.8,-48.2,29.0,43.0,-92.5,,1.0,129.0,0
D002157,3.1,1259.0,1.04,29.0,0.61,-61.2,-45.8,23.5,45.0,-93.6,3.4,1.0,118.0,0
D002158,4.6,1164.0,0.98,30.5,0.44,-64.5,-50.1,22.0,47.0,-95.7,6.3,1.0,128.0,0
D002159,3.2,1188.0,0.85,23.5,0.3,-69.2,-50.5,25.7,33.0,-91.2,2.1,0.0,130.0,1
D002160,4.1,1217.0,1.13,32.0,0.51,-67.8,-50.4,22.2,45.0,-95.2,8.9,0.0,124.0,1
D002161,6.0,1193.0,0.91,36.5,0.56,-66.1,-49.6,20.2,41.0,-92.2,14.4,1.0,146.0,1
D002162,5.4,1154.0,0.99,27.5,0.48,-66.3,-49.6,23.1,50.0,-97.4,12.8,0.0,125.0,1
D002163,4.6,1310.0,1.51,38.5,0.64,-66.3,-51.8,24.1,47.0,-90.0,21.0,0.0,115.0,0
D002164,6.3,1369.0,1.21,31.0,0.43,-69.1,-54.9,21.3,33.0,-96.8,4.5,1.0,143.0,1
D002165,5.4,1118.0,1.14,26.5,0.49,-65.6,-48.4,23.1,41.0,-95.6,5.0,0.0,128.0,1
D002166,4.5,1222.0,1.01,29.5,0.51,-65.6,-50.4,22.9,48.0,-93.8,4.2,1.0,132.0,1
D002167,4.9,1187.0,,,0.53,-64.6,-48.7,24.8,40.0,-95.4,9.1,1.0,125.0,1
D002168,5.2,1194.0,1.17,30.5,0.46,-64.7,-47.2,24.5,50.0,-94.4,5.4,1.0,134.0,1
D002169,5.6,1302.0,1.53,21.5,0.49,-62.9,-45.0,23.1,37.0,-93.1,19.1,0.0,100.0,0
D002170,4.5,1184.0,1.07,29.5,0.51,-65.1,-51.5,22.4,45.0,-96.5,9.4,1.0,131.0,1
D002171,5.1,1190.0,1.07,30.0,0.46,-66.8,,24.4,45.0,-95.7,6.4,1.0,127.0,1
D002172,4.6,1276.0,0.93,29.5,0.52,-65.6,-48.8,22.6,43.0,-95.0,9.7,0.0,123.0,1
D002173,4.6,1149.0,,36.5,0.68,-61.9,-53.3,21.8,49.0,-90.3,6.3,1.0,127.0,0
D002174,6.4,1328.0,0.9,20.5,0.62,-62.9,-47.4,28.3,36.0,-90.3,11.5,1.0,103.0,0
D002175,4.6,1147.0,1.21,31.5,0.42,-66.7,-50.9,23.5,45.0,-96.3,7.9,1.0,122.0,1
D002176,4.7,1134.0,1.1,30.0,0.53,-67.2,-50.9,24.5,43.0,,11.0,1.0,125.0,1
D002177,4.3,1204.0,1.01,29.0,0.46,-65.9,,23.8,43.0,-94.3,8.8,0.0,126.0,1
D002178,6.7,1167.0,1.22,33.5,0.41,-60.2,-52.4,26.6,36.0,-98.0,15.2,0.0,146.0,1
D002179,5.3,1145.0,0.99,29.0,0.45,-64.0,-51.8,23.9,44.0,-95.6,8.9,0.0,131.0,1
D002180,5.3,1130.0,1.06,27.0,0.49,-66.0,-47.7,24.2,47.0,-95.5,11.1,1.0,126.0,0
D002181,5.1,1214.0,1.07,27.5,0.41,-66.3,-49.6,23.6,42.0,-95.9,10.0,1.0,121.0,0
D002182,5.2,1148.0,1.11,30.5,0.51,,-48.8,24.2,39.0,-96.6,7.9,0.0,127.0,1
D002183,4.8,1201.0,0.96,31.0,0.44,-65.8,-52.4,23.6,44.0,-95.5,11.0,1.0,,1
D002184,4.8,1176.0,1.12,28.5,0.41,-65.1,-51.4,24.5,42.0,-95.0,9.0,0.0,135.0,1
D002185,4.6,1341.0,1.51,24.5,0.52,-62.8,-49.5,21.1,58.0,-98.8,,,117.0,0
D002186,5.2,1162.0,,25.0,0.52,-67.7,-50.6,22.1,39.0,-94.7,7.3,1.0,127.0,1
D002187,5.2,1119.0,1.06,27.5,0.41,-66.6,-50.8,22.7,41.0,-95.6,9.8,1.0,135.0,1
D002188,5.9,1125.0,1.43,35.0,0.6,-67.6,-45.9,25.9,46.0,-94.1,2.3,0.0,134.0,1
D002189,5.1,1150.0,1.06,28.0,0.47,-67.4,-50.2,24.2,47.0,-96.9,9.7,0.0,127.0,1
D002190,4.7,1235.0,1.17,26.0,0.48,-64.2,-49.1,23.3,43.0,-95.5,10.3,1.0,127.0,1
D002191,5.7,1297.0,0.82,,0.35,-62.3,-51.8,29.5,41.0,-93.0,1.4,0.0,140.0,1
D002192,4.8,1200.0,1.02,29.5,0.52,-65.1,-50.6,23.8,43.0,-93.7,9.5,1.0,130.0,1
D002193,4.9,1178.0,1.1,29.0,0.49,-66.0,-50.2,22.4,45.0,-95.6,11.9,0.0,127.0,1
D002194,5.1,1196.0,1.33,29.5,0.55,-65.7,-48.8,25.6,41.0,-94.5,13.0,0.0,134.0,0
D002195,4.8,1223.0,1.09,30.0,0.47,-65.3,-50.6,25.1,53.0,-94.2,6.9,1.0,120.0,1
D002196,4.5,1154.0,0.98,26.5,0.44,-65.3,-50.5,23.3,46.0,-95.9,6.6,1.0,127.0,1
D002197,3.4,1200.0,1.04,34.0,0.32,-68.9,-46.4,27.4,44.0,-94.1,0.8,1.0,131.0,0
D002198,5.5,1201.0,1.19,30.0,0.47,-65.4,-50.6,22.9,45.0,-95.5,13.0,1.0,128.0,1
D002199,4.7,1158.0,1.23,31.0,0.52,-65.3,-48.9,22.9,40.0,-95.2,9.1,1.0,,1
D002200,5.0,1183.0,,26.5,0.48,-64.0,-51.6,24.3,47.0,-93.4,10.1,1.0,120.0,0
D002201,5.4,1137.0,1.53,28.0,0.52,-65.7,-50.4,27.0,38.0,-99.1,22.5,0.0,149.0,1
D002202,5.5,1150.0,1.06,28.5,0.47,-66.8,-50.0,24.6,44.0,-96.6,8.3,1.0,127.0,1
D002203,5.2,1159.0,1.2,31.0,0.48,-66.3,-49.4,,48.0,-94.8,8.6,0.0,128.0,1
D002204,5.5,1070.0,1.3,35.5,0.38,-68.3,-48.3,28.2,52.0,-94.6,9.3,0.0,111.0,0
D002205,4.9,1175.0,1.11,30.0,0.51,-64.6,-50.1,24.3,48.0,-95.2,9.9,1.0,122.0,1
D002206,4.0,1220.0,1.19,28.0,0.51,-65.8,-49.2,22.9,40.0,-95.3,12.6,0.0,119.0,0
D002207,5.2,1192.0,1.06,30.5,0.47,-65.2,-49.2,20.3,38.0,-94.6,4.5,1.0,,1
D002208,5.2,1193.0,1.29,31.5,0.45,-64.7,-47.8,24.7,44.0,-95.7,11.1,1.0,120.0,0
D002209,3.9,1290.0,0.84,23.5,0.67,-64.0,,22.4,38.0,-93.3,13.3,0.0,134.0,1
D002210,6.5,1095.0,0.9,23.5,0.59,-66.9,-45.3,27.7,33.0,-93.8,1.0,1.0,127.0,1
D002211,4.1,1222.0,1.11,26.0,0.46,-60.1,-46.1,21.2,45.0,-97.8,15.7,1.0,119.0,0
D002212,4.7,1250.0,1.05,30.5,0.5,-66.4,-47.7,24.2,44.0,-96.7,10.5,0.0,125.0,1
D002213,5.6,1263.0,1.18,23.5,0.4,-61.9,-49.5,22.7,48.0,-99.3,6.9,1.0,148.0,1
D002214,5.2,1124.0,1.43,32.0,0.6,-60.5,-54.4,26.8,55.0,-98.2,17.3,1.0,141.0,0
D002215,5.1,1118.0,1.56,20.5,0.68,-66.8,-45.8,23.5,55.0,-98.1,14.7,1.0,121.0,0
D002216,5.3,1166.0,1.11,27.5,0.42,-65.4,-51.2,23.7,37.0,-95.5,7.7,1.0,123.0,1
D002217,5.3,1212.0,1.15,27.5,0.53,-65.1,-50.4,24.5,41.0,-95.7,6.6,0.0,132.0,1
D002218,4.8,1177.0,1.15,28.5,0.51,-66.0,-49.7,25.0,44.0,-96.2,10.0,0.0,133.0,1
D002219,4.1,1240.0,0.81,30.5,0.37,-68.7,-52.8,20.9,35.0,-92.9,4.1,1.0,,1
D002220,4.7,1200.0,1.18,23.5,0.51,-65.9,-49.1,24.4,47.0,-95.4,4.3,1.0,126.0,0
D002221,3.3,1388.0,1.13,34.0,0.45,,-51.0,21.1,42.0,-96.7,22.0,1.0,119.0,0
D002222,5.9,1215.0,1.11,27.0,0.47,-67.2,-51.2,25.1,46.0,-94.8,9.3,0.0,128.0,1
D002223,5.2,1258.0,1.17,30.0,0.43,-65.8,-48.6,24.4,41.0,-92.8,9.2,0.0,126.0,1
D002224,4.8,1172.0,1.04,27.0,0.45,-65.1,-48.7,25.9,40.0,-96.4,7.3,0.0,118.0,1
D002225,4.8,1142.0,1.1,30.5,0.45,-65.7,-49.0,23.8,45.0,-96.0,10.0,0.0,126.0,1
D002226,5.2,1208.0,1.05,30.5,0.42,-65.6,-50.7,22.7,48.0,-94.6,9.2,0.0,127.0,1
D002227,4.5,1236.0,1.26,30.0,0.46,-64.7,-50.0,23.9,48.0,-94.6,10.5,1.0,130.0,0
D002228,5.2,1181.0,1.09,32.5,0.49,-65.9,-50.6,24.7,50.0,-95.6,13.0,1.0,134.0,1
D002229,4.8,1138.0,1.12,27.5,0.51,-65.4,-49.0,22.8,36.0,-94.3,6.0,1.0,132.0,1
D002230,4.9,1160.0,1.02,27.0,0.47,-66.1,,25.6,,-94.5,9.4,1.0,119.0,0
D002231,4.7,1251.0,1.23,27.5,0.46,-66.0,-50.5,23.5,,-94.8,8.5,1.0,134.0,0
D002232,4.7,1013.0,1.25,30.5,0.33,-63.6,-54.1,23.8,45.0,-91.2,1.9,0.0,134.0,1
D002233,,,1.18,28.5,0.46,-66.1,-48.1,23.9,44.0,-95.7,11.3,1.0,119.0,0
D002234,5.4,1245.0,1.18,30.0,0.5,-67.5,-50.9,23.5,45.0,-95.2,2.3,0.0,130.0,1
D002235,5.2,1212.0,1.11,31.5,0.49,-64.7,-51.3,23.4,47.0,-95.9,10.4,1.0,131.0,1
D002236,5.0,1127.0,1.06,29.5,0.44,-63.2,-50.6,24.6,38.0,-96.3,13.5,1.0,120.0,0
D002237,5.8,1171.0,1.5,32.0,0.37,-68.2,-52.9,22.7,42.0,-94.9,24.0,1.0,140.0,1
D002238,6.7,1189.0,0.88,,0.4,-65.5,-53.7,25.8,43.0,-96.2,0.2,0.0,103.0,1
D002239,5.2,1170.0,1.06,26.5,0.51,-66.2,-48.8,24.5,49.0,-97.0,13.5,1.0,136.0,1
D002240,4.7,1208.0,0.98,22.5,0.51,-64.7,-54.9,20.5,60.0,-93.1,4.9,1.0,,1
D002241,3.7,1220.0,1.36,34.0,0.58,-68.2,-49.7,22.6,45.0,-94.3,6.9,0.0,108.0,0
D002242,4.5,1198.0,1.09,28.0,0.52,-66.1,-48.9,25.4,46.0,-95.0,6.8,1.0,132.0,0
D002243,4.5,1109.0,1.58,34.0,0.66,-65.0,-45.5,23.4,58.0,-90.5,1.5,0.0,112.0,0
D002244,6.0,1360.0,0.91,34.0,0.39,-64.7,-54.7,27.8,33.0,-92.4,10.3,1.0,144.0,1
D002245,4.9,1228.0,1.17,27.0,0.49,-65.9,-49.3,22.6,,,6.5,1.0,128.0,1
D002246,4.0,1215.0,1.09,30.0,0.49,-65.6,-49.4,24.8,42.0,-96.2,8.0,0.0,125.0,1
D002247,5.3,1093.0,,22.0,0.44,-68.6,-53.2,27.8,47.0,-95.6,18.7,1.0,141.0,1
D002248,4.9,1175.0,1.05,32.0,0.49,-64.3,-49.8,25.1,42.0,-95.0,,0.0,123.0,1
D002249,5.5,1062.0,1.46,24.5,0.68,-68.4,-47.7,24.6,37.0,-92.4,7.9,1.0,110.0,0
D002250,5.4,1156.0,0.8,32.5,0.33,-60.0,-46.1,28.5,40.0,-90.8,8.6,1.0,102.0,0
D002251,4.5,1145.0,1.01,32.0,0.5,-65.7,-49.6,23.2,44.0,-96.8,12.8,0.0,135.0,1
D002252,4.6,1221.0,0.93,30.5,0.56,-65.9,-50.1,22.9,43.0,-97.0,7.7,0.0,128.0,1
D002253,4.4,1138.0,0.98,28.0,0.55,-66.6,-50.0,23.0,45.0,-94.4,8.3,0.0,127.0,1
D002254,4.9,1152.0,1.01,30.0,0.45,-65.7,-49.0,23.9,44.0,,4.6,0.0,139.0,1
D002255,5.4,1247.0,1.4,39.5,0.35,-60.3,-49.0,26.2,39.0,-92.7,22.1,0.0,127.0,1
D002256,4.5,1156.0,1.04,28.0,0.44,-64.0,-49.4,22.4,47.0,-95.9,8.4,0.0,130.0,1
D002257,5.0,1198.0,1.14,30.0,,-65.1,-49.4,24.0,46.0,-95.7,12.1,1.0,137.0,1
D002258,4.7,1142.0,1.57,25.5,0.49,-67.8,-53.3,23.1,55.0,-99.6,20.2,1.0,117.0,0
D002259,4.4,1148.0,1.11,29.0,0.48,-65.9,,24.1,43.0,-94.5,10.4,0.0,133.0,1
D002260,6.9,1314.0,0.96,27.0,0.61,-67.5,-45.4,29.6,32.0,-96.7,15.4,1.0,142.0,1
D002261,5.4,1221.0,1.11,29.0,0.48,-64.3,-49.8,24.4,37.0,-94.4,12.5,1.0,136.0,1
D002262,5.2,1106.0,1.08,28.5,0.52,-67.1,-49.6,23.9,48.0,-95.4,8.4,1.0,137.0,1
D002263,4.9,1187.0,1.21,30.0,0.46,-65.7,-50.2,,41.0,-95.3,8.1,,,1
D002264,5.3,1166.0,1.13,31.0,0.47,-66.2,-50.9,22.8,40.0,-95.2,9.7,1.0,136.0,1
D002265,4.6,1194.0,1.33,29.0,0.49,-65.5,-49.2,24.3,41.0,-94.8,11.7,1.0,129.0,1
D002266,5.4,1187.0,1.15,27.0,0.57,-65.0,-51.0,24.4,49.0,-95.6,10.1,1.0,,1
D002267,5.7,1338.0,1.23,39.5,0.45,-67.6,-53.7,25.9,43.0,-94.5,22.5,1.0,106.0,1
D002268,6.2,1028.0,1.29,36.0,0.52,-62.7,-50.3,24.9,55.0,-92.6,1.6,0.0,115.0,1
D002269,6.9,1264.0,1.41,28.5,0.41,-66.9,-45.7,29.4,44.0,,20.2,1.0,123.0,0
D002270,4.6,1112.0,1.28,28.5,0.49,-65.5,-48.9,22.7,45.0,-95.7,8.3,1.0,129.0,0
D002271,7.0,1227.0,1.49,32.5,0.51,-64.0,-54.1,21.4,58.0,-92.6,19.5,1.0,143.0,1
D002272,3.3,1146.0,0.99,31.5,0.7,-60.2,-47.4,27.8,46.0,-90.8,,1.0,144.0,0
D002273,4.1,1188.0,1.04,30.5,0.5,-65.8,-50.2,24.9,46.0,-95.5,9.2,0.0,121.0,1
D002274,4.5,1231.0,1.03,31.0,0.43,-66.1,-49.0,24.0,45.0,-95.5,4.9,0.0,124.0,1
D002275,5.0,1168.0,1.13,27.5,0.41,-65.2,-50.5,22.9,46.0,-94.8,6.7,0.0,127.0,1
D002276,4.5,1144.0,1.22,27.0,0.5,-64.9,-50.1,23.9,42.0,-95.5,12.3,0.0,134.0,1
D002277,5.2,,1.11,30.5,0.43,-66.4,-49.0,24.6,47.0,-95.1,8.3,0.0,129.0,1
D002278,5.1,1207.0,1.11,28.0,0.49,-65.3,-50.8,23.0,49.0,-94.7,7.1,1.0,124.0,1
D002279,3.6,1373.0,1.55,26.5,0.37,-61.6,-53.5,28.8,36.0,-94.7,2.8,0.0,135.0,0
D002280,3.6,1118.0,1.31,27.5,0.36,-60.6,-54.9,24.4,54.0,-94.1,23.2,1.0,138.0,0
D002281,5.2,1106.0,1.25,21.0,0.61,-62.9,-54.7,27.0,32.0,-92.3,2.9,0.0,132.0,0
D002282,5.9,1207.0,1.13,21.5,0.56,-63.6,-53.3,29.5,59.0,,16.5,1.0,120.0,0
D002283,4.6,1154.0,1.14,27.5,0.45,-66.2,-50.4,23.3,50.0,-95.9,9.6,1.0,126.0,0
D002284,4.5,1317.0,1.41,39.5,0.38,-63.8,-48.3,28.2,49.0,-91.7,24.0,1.0,134.0,0
D002285,4.6,1205.0,1.09,29.5,0.43,-65.4,-49.7,25.6,,-95.3,10.5,1.0,129.0,0
D002286,4.5,,1.13,29.5,0.5,-66.0,-49.4,24.0,42.0,-94.0,11.8,0.0,128.0,1
D002287,5.0,1201.0,1.1,31.5,0.51,-66.1,-50.3,25.1,42.0,-95.2,9.5,0.0,139.0,1
D002288,4.8,1112.0,1.18,30.5,0.43,-64.2,-50.9,25.8,47.0,-96.4,7.7,1.0,127.0,1
D002289,4.6,1233.0,1.2,31.0,0.48,-66.0,-51.3,23.9,45.0,-94.6,5.9,1.0,126.0,1
D002290,4.7,1212.0,0.97,29.0,0.46,-65.1,-49.9,24.2,46.0,-96.1,8.1,0.0,125.0,1
D002291,4.7,1137.0,1.25,33.0,0.51,-66.4,-51.7,23.6,48.0,-95.5,9.0,0.0,128.0,1
D002292,5.6,1317.0,1.53,27.5,0.51,-68.2,-46.7,21.7,57.0,-90.3,2.3,0.0,120.0,1
D002293,3.5,1335.0,,28.0,0.66,-60.3,-47.2,21.7,51.0,-97.5,21.7,1.0,104.0,0
D002294,6.4,1275.0,1.54,21.5,0.38,-64.2,-45.1,29.6,39.0,-99.6,10.9,1.0,135.0,0
D002295,3.5,1143.0,1.48,39.5,0.45,-65.7,-49.3,24.3,57.0,-92.6,4.7,0.0,130.0,1
D002296,5.9,1124.0,1.41,37.0,0.58,-61.8,-51.9,28.5,50.0,-94.5,4.8,1.0,101.0,0
D002297,4.4,1156.0,1.14,29.0,0.47,-66.4,-49.0,24.7,46.0,-95.7,4.7,1.0,129.0,1
D002298,4.0,1034.0,1.34,21.0,0.36,-63.0,-50.7,29.3,43.0,-94.8,14.6,1.0,135.0,0
D002299,4.9,1145.0,0.97,30.0,0.42,-66.4,-48.2,23.4,49.0,-95.9,12.4,1.0,121.0,0
D002300,4.9,1194.0,1.11,29.0,0.47,-64.6,-50.6,24.9,42.0,-95.1,7.0,1.0,121.0,1
D002301,5.7,1019.0,1.08,32.5,0.68,-63.6,-49.8,24.9,41.0,-92.3,3.9,0.0,130.0,1
D002302,4.5,1189.0,1.15,28.5,0.47,-67.3,-49.7,24.5,39.0,-96.7,9.1,1.0,133.0,1
D002303,5.2,1181.0,1.11,29.5,0.45,-66.1,-49.7,22.7,44.0,,9.5,0.0,127.0,1
D002304,4.5,1183.0,1.01,26.5,0.47,-65.1,-52.4,,46.0,-95.6,8.9,0.0,124.0,1
D002305,4.4,1194.0,1.08,27.5,0.48,-66.5,-50.3,23.1,43.0,-96.4,9.5,1.0,124.0,1
D002306,4.7,1159.0,1.32,34.5,0.56,-66.8,-50.4,23.5,49.0,-96.8,13.9,1.0,133.0,0
D002307,4.3,1204.0,1.06,29.5,0.48,-65.5,-50.1,24.6,44.0,-94.6,5.2,0.0,136.0,1
D002308,5.1,1122.0,1.06,29.5,0.49,-64.7,-49.8,22.2,46.0,-95.3,9.5,0.0,140.0,1
D002309,,1190.0,1.05,33.0,0.42,-65.1,-50.1,25.6,47.0,-96.8,7.2,0.0,131.0,1
D002310,5.4,1165.0,1.2,30.5,0.54,-64.2,-48.8,23.5,47.0,-96.5,10.6,1.0,128.0,0
D002311,5.5,1173.0,1.04,31.0,0.46,-66.5,-49.0,23.9,45.0,-95.4,11.2,1.0,137.0,1
D002312,4.9,1141.0,1.13,29.0,0.52,-64.3,-50.9,22.6,37.0,-95.9,13.6,0.0,126.0,1
D002313,5.0,1260.0,1.06,29.0,0.42,-65.3,-48.8,24.7,43.0,-96.2,6.1,0.0,124.0,1
D002314,5.2,1156.0,0.98,31.0,0.53,-65.2,-50.7,25.2,40.0,,9.6,1.0,125.0,1
D002315,5.0,1123.0,1.02,30.5,0.53,-64.8,-51.4,22.8,43.0,-96.1,4.6,0.0,123.0,1
D002316,5.6,1039.0,1.25,27.0,0.54,-64.8,-53.7,20.2,37.0,-96.3,16.7,0.0,100.0,0
D002317,4.4,1214.0,1.03,31.5,0.47,-64.7,-48.7,23.8,43.0,-96.1,8.6,1.0,128.0,1
D002318,3.9,1077.0,1.56,20.0,0.56,-62.9,-52.5,20.3,37.0,-90.4,11.1,0.0,103.0,0
D002319,5.8,1250.0,1.39,27.5,0.64,-61.7,-48.0,26.0,39.0,-91.7,11.2,1.0,109.0,0
D002320,5.4,1265.0,1.08,28.5,0.46,-64.2,-51.6,23.9,44.0,-96.1,10.3,0.0,133.0,1
D002321,5.0,1210.0,1.11,30.5,0.51,-63.3,-50.0,23.6,48.0,-96.6,3.6,1.0,119.0,0
D002322,5.1,1205.0,1.1,29.5,0.54,-64.8,-50.4,22.8,49.0,-97.0,10.3,0.0,131.0,1
D002323,4.3,1130.0,1.05,30.0,0.44,-63.9,-50.9,24.5,45.0,-95.0,9.1,0.0,126.0,1
D002324,4.4,1173.0,1.28,27.5,0.49,-65.7,-49.9,23.5,50.0,-95.9,9.9,1.0,125.0,1
D002325,6.8,1251.0,1.25,35.0,0.37,-62.6,-50.1,20.9,44.0,-92.3,1.4,0.0,134.0,1
D002326,6.5,1125.0,1.11,30.5,0.35,-65.4,-45.0,29.6,33.0,-95.2,21.7,1.0,134.0,0
D002327,5.5,1199.0,1.14,27.0,0.44,-66.0,-48.4,22.8,47.0,-94.3,12.9,1.0,133.0,1
D002328,5.1,1396.0,1.3,39.5,0.49,-65.9,-47.8,22.8,31.0,-96.8,15.2,1.0,131.0,1
D002329,3.6,1024.0,1.34,28.5,0.63,-61.3,-45.5,28.5,46.0,-97.7,12.0,1.0,131.0,0
D002330,4.1,1050.0,1.46,31.0,0.34,-69.0,-47.9,29.7,51.0,-90.5,18.6,1.0,142.0,0
D002331,4.5,1161.0,1.1,25.0,0.41,-64.5,-49.9,26.1,45.0,-96.5,9.0,0.0,127.0,0
D002332,4.8,1192.0,1.19,30.5,,-66.1,-52.0,23.8,45.0,-96.4,7.7,1.0,133.0,1
D002333,4.6,,1.12,28.0,0.49,-64.9,-51.9,24.6,42.0,-96.0,11.0,1.0,137.0,1
D002334,5.0,1293.0,1.02,26.0,0.42,-69.8,-45.9,28.0,57.0,-98.7,9.9,1.0,137.0,0
D002335,4.5,1130.0,1.01,28.5,0.51,-64.0,-49.2,25.9,46.0,-97.8,8.6,0.0,122.0,1
D002336,4.9,1156.0,1.13,30.0,0.48,-67.3,-50.1,24.6,47.0,-94.6,10.7,1.0,125.0,1
D002337,4.8,1165.0,1.22,27.0,0.48,-66.6,-51.2,24.8,44.0,-96.0,7.9,0.0,124.0,1
D002338,5.9,1347.0,1.4,28.5,0.37,-63.0,-49.9,26.4,50.0,-97.2,22.6,0.0,115.0,0
D002339,3.8,1253.0,1.44,26.5,0.43,-62.1,-49.7,22.5,51.0,-97.6,17.2,1.0,145.0,0
D002340,4.9,1397.0,1.5,26.5,0.44,-67.3,-53.6,26.4,43.0,-96.6,7.9,1.0,145.0,1
D002341,4.4,1149.0,1.1,27.5,0.49,-65.4,-50.4,23.7,46.0,-94.5,9.5,1.0,131.0,0
D002342,5.1,1211.0,1.47,38.5,0.62,-64.5,-46.1,26.9,33.0,-95.6,6.5,1.0,147.0,1
D002343,,1317.0,1.46,24.5,0.34,-62.2,-49.5,22.9,35.0,-95.7,19.6,1.0,126.0,0
D002344,4.7,1181.0,1.03,27.0,0.54,-64.9,-50.6,23.3,,-95.9,9.6,0.0,122.0,1
D002345,5.6,1178.0,0.98,30.0,0.53,-64.2,-48.9,23.1,41.0,-95.2,9.3,1.0,121.0,1
D002346,4.9,1171.0,1.23,30.0,0.44,-64.9,-50.1,23.7,40.0,-95.1,8.7,1.0,120.0,0
D002347,4.2,1324.0,1.49,30.5,0.32,-69.8,-52.6,27.2,45.0,-96.8,11.8,0.0,128.0,0
D002348,5.0,1196.0,1.09,28.5,0.42,-66.3,-49.0,25.0,44.0,-94.9,2.9,0.0,129.0,1
D002349,4.5,1151.0,0.99,30.0,0.43,-65.3,-47.7,23.0,42.0,-96.2,9.6,1.0,111.0,0
D002350,4.4,1282.0,0.81,29.0,0.32,-63.2,-45.1,29.4,50.0,-95.0,2.7,1.0,136.0,0
D002351,5.5,1115.0,1.06,30.5,0.5,-65.9,-51.0,24.7,44.0,-95.1,12.8,1.0,,1
D002352,5.6,1365.0,0.95,26.5,0.66,-68.0,-52.6,25.1,43.0,-97.7,23.6,0.0,147.0,1
D002353,5.1,1283.0,1.03,37.5,0.35,-61.4,-46.1,27.4,37.0,-98.0,18.5,0.0,,0
D002354,4.2,1009.0,1.55,35.5,0.61,-60.2,-52.5,29.0,34.0,-95.2,4.1,0.0,114.0,0
D002355,4.6,1114.0,1.19,29.0,0.54,-65.8,-50.7,22.0,46.0,-96.8,8.9,1.0,134.0,1
D002356,5.0,1064.0,1.06,31.0,0.7,-65.0,-52.3,27.1,45.0,-99.0,20.9,0.0,144.0,0
D002357,6.5,1044.0,0.91,28.5,0.32,-64.5,-52.1,29.4,37.0,-94.0,21.9,1.0,132.0,0
D002358,4.3,1112.0,1.13,28.0,0.45,-65.0,-47.8,23.5,44.0,-96.0,5.2,1.0,130.0,1
D002359,5.3,1109.0,0.91,25.0,0.5,-66.8,-50.1,23.0,46.0,-94.3,9.3,0.0,130.0,1
D002360,3.0,1356.0,1.14,24.0,0.41,-62.3,-48.8,22.8,49.0,-95.3,7.7,1.0,105.0,0
D002361,4.7,1127.0,1.13,28.0,0.48,-66.5,-50.6,24.5,47.0,-94.2,10.5,1.0,135.0,1
D002362,6.5,1053.0,1.21,24.0,0.47,-61.4,-46.1,26.4,43.0,-96.4,4.3,0.0,110.0,0
D002363,4.7,1224.0,1.08,30.5,0.47,-66.1,-50.7,23.8,47.0,-97.1,6.7,0.0,137.0,1
D002364,4.5,1142.0,1.11,29.5,0.45,-67.5,-49.4,24.4,49.0,-93.5,10.1,1.0,129.0,1
D002365,4.5,1196.0,1.2,28.5,0.49,-64.7,-50.4,22.9,46.0,-96.7,9.3,0.0,130.0,1
D002366,5.1,1193.0,1.16,29.0,0.52,-64.6,-50.2,23.9,43.0,-94.6,7.8,0.0,129.0,1
D002367,3.6,1197.0,1.13,29.5,0.51,-64.0,-50.1,24.0,42.0,-96.9,,1.0,127.0,1
D002368,6.9,1253.0,1.4,29.0,0.38,-65.0,-51.9,21.9,46.0,-98.1,2.4,1.0,141.0,1
D002369,4.7,1155.0,1.1,27.0,0.47,-64.7,-50.8,22.4,44.0,-94.7,12.4,1.0,133.0,0
D002370,6.7,1208.0,1.02,28.5,0.43,-62.7,-48.6,20.4,53.0,-91.0,3.8,1.0,102.0,1
D002371,5.4,1239.0,1.03,26.5,0.47,-65.5,-49.7,23.4,49.0,-96.3,7.2,1.0,133.0,1
D002372,6.2,1150.0,0.95,20.0,0.63,-67.1,-53.2,22.2,57.0,-96.5,11.3,1.0,122.0,1
D002373,5.1,1200.0,1.3,28.5,0.46,-66.3,-51.1,24.5,44.0,-94.5,10.6,1.0,124.0,1
D002374,,1225.0,0.99,25.5,0.55,-65.3,-52.2,26.3,31.0,-93.1,6.6,0.0,130.0,1
D002375,4.8,1150.0,1.21,24.5,0.49,-67.2,-50.9,22.5,42.0,-97.3,4.8,0.0,126.0,1
D002376,4.8,1253.0,1.03,31.0,0.44,-66.0,-51.1,25.1,44.0,-94.7,8.8,1.0,129.0,1
D002377,3.9,1179.0,1.03,31.0,0.5,-65.7,-49.7,24.6,43.0,-97.6,9.3,0.0,134.0,1
D002378,4.5,1177.0,1.2,29.0,0.46,,-51.2,24.6,40.0,-95.1,8.2,0.0,129.0,1
D002379,4.3,1242.0,1.07,26.5,0.43,-65.0,-50.2,24.0,43.0,-96.4,10.0,0.0,136.0,1
D002380,5.3,1205.0,1.25,29.0,0.48,-67.3,-48.6,22.2,44.0,-97.0,7.7,0.0,120.0,1
D002381,4.5,1125.0,1.13,26.0,0.49,-66.3,-50.9,23.1,45.0,-95.0,7.8,0.0,132.0,1
D002382,4.2,1175.0,1.11,31.5,,,-48.4,24.2,47.0,-95.7,4.8,0.0,124.0,1
D002383,3.2,1081.0,1.39,39.0,0.55,-61.2,-53.6,26.0,60.0,-92.7,22.5,0.0,112.0,0
D002384,4.9,,1.04,31.0,0.47,-66.3,-51.7,24.1,41.0,-96.8,6.7,0.0,128.0,1
D002385,4.5,,0.86,28.0,0.65,-63.1,-47.8,29.8,38.0,-96.4,17.6,1.0,130.0,0
D002386,5.5,1250.0,0.98,37.0,0.51,-67.1,-45.9,20.3,59.0,-90.4,13.6,0.0,118.0,1
D002387,,1105.0,1.16,31.0,0.44,-66.4,-47.6,23.6,48.0,-96.3,9.2,1.0,133.0,0
D002388,4.7,1172.0,1.28,32.0,0.41,-66.1,-51.2,22.8,43.0,-96.4,8.5,1.0,126.0,1
D002389,3.7,1201.0,1.2,28.0,0.55,-66.1,-50.1,24.1,44.0,-94.9,7.7,1.0,123.0,0
D002390,6.2,1260.0,1.02,26.0,0.45,-65.6,-51.6,25.2,37.0,-98.3,18.3,1.0,119.0,1
D002391,4.2,1210.0,1.08,25.5,0.51,-65.4,-48.3,25.3,46.0,-95.7,11.5,0.0,125.0,1
D002392,4.3,1250.0,1.47,32.0,0.4,-67.3,-46.4,27.3,,,,0.0,130.0,1
D002393,4.8,1130.0,1.02,30.0,0.49,-65.5,-49.2,22.0,41.0,-94.9,11.0,1.0,,1
D002394,4.1,1260.0,1.07,30.5,0.52,-64.9,-50.2,23.3,47.0,-95.0,5.9,0.0,127.0,1
D002395,5.3,1165.0,1.25,27.5,0.62,-61.2,-54.5,28.6,34.0,-100.0,17.0,1.0,116.0,0
D002396,5.1,1136.0,1.07,30.0,0.48,-68.3,-49.5,24.5,46.0,-96.8,7.6,1.0,120.0,1
D002397,4.6,1179.0,1.14,27.5,0.52,-66.3,-50.9,23.2,45.0,-94.9,9.3,1.0,129.0,1
D002398,4.7,1185.0,1.04,27.5,0.43,-65.4,-50.9,24.0,41.0,-95.3,9.4,1.0,126.0,1
D002399,4.6,1105.0,1.08,27.5,0.53,-68.0,-48.6,21.9,45.0,-97.2,10.2,1.0,129.0,0
D002400,3.4,1394.0,1.09,23.5,0.3,-61.2,-45.8,24.9,39.0,-94.2,8.9,,,0
D002401,5.2,1129.0,1.11,28.0,0.39,-65.0,-50.8,24.8,44.0,-96.1,12.2,0.0,121.0,1
D002402,4.8,1022.0,1.33,24.5,0.65,-68.0,-52.4,29.1,41.0,-95.6,7.3,1.0,136.0,0
D002403,4.8,1208.0,1.07,29.5,0.46,-64.9,-51.9,23.8,45.0,-95.3,10.3,1.0,129.0,1
D002404,4.4,1208.0,1.11,30.0,0.49,-65.0,-51.0,23.5,43.0,-96.7,9.9,1.0,136.0,1
D002405,4.4,1347.0,1.33,20.5,0.4,-67.6,-49.7,21.2,55.0,-92.0,1.4,1.0,106.0,0
D002406,5.9,1032.0,0.8,,0.57,-67.0,-54.1,22.3,51.0,-91.1,9.0,0.0,133.0,1
D002407,5.1,1102.0,1.08,26.0,0.57,-65.0,-50.2,22.8,48.0,-94.6,9.6,1.0,123.0,1
D002408,4.5,1154.0,,29.5,0.48,-65.5,-50.3,24.7,44.0,-95.5,8.6,1.0,129.0,0
D002409,6.8,1057.0,1.23,39.5,0.48,-63.8,-48.7,20.9,51.0,-93.9,2.2,0.0,135.0,1
D002410,4.8,1225.0,0.99,26.0,0.46,-64.7,-49.8,23.1,44.0,-95.7,8.0,0.0,128.0,1
D002411,4.8,1191.0,,28.0,0.5,-65.4,-48.6,23.9,42.0,-95.9,9.3,1.0,128.0,1
D002412,5.0,1193.0,1.01,30.5,0.5,-64.6,-51.3,23.0,40.0,-95.4,5.7,1.0,131.0,1
D002413,4.7,1200.0,1.05,27.0,0.46,-66.8,-50.3,24.4,47.0,-96.7,6.4,1.0,122.0,1
D002414,3.8,1001.0,1.36,39.0,0.61,-65.9,-46.4,22.0,56.0,-94.2,1.9,1.0,145.0,0
D002415,5.7,1114.0,1.07,26.0,0.45,-69.6,-50.6,26.4,49.0,-91.9,15.2,0.0,139.0,1
D002416,4.9,1200.0,1.17,27.0,0.55,-66.9,-51.1,23.0,46.0,-95.6,,0.0,122.0,1
D002417,5.5,1207.0,1.29,36.0,0.57,-67.0,-50.7,29.7,60.0,-92.3,4.3,0.0,141.0,1
D002418,4.8,1179.0,1.17,28.5,0.43,-65.3,-49.3,25.2,39.0,-95.9,10.5,1.0,133.0,1
D002419,,1207.0,1.06,28.0,0.5,-64.8,-50.5,22.7,42.0,-96.5,10.0,1.0,137.0,1
D002420,3.1,1390.0,0.92,31.0,0.56,-63.2,-47.7,25.8,38.0,-97.4,9.2,0.0,113.0,1
D002421,4.2,1255.0,1.26,36.0,0.46,-69.6,-47.3,27.3,59.0,-92.9,4.7,1.0,116.0,0
D002422,4.2,1208.0,1.15,31.0,0.47,-65.7,-49.2,24.9,44.0,-95.5,9.1,0.0,135.0,1
D002423,5.0,1121.0,,29.5,0.47,-64.2,-49.6,24.4,44.0,-94.6,4.7,1.0,122.0,0
D002424,5.0,,1.0,28.5,0.56,-68.1,-48.6,25.3,41.0,-97.6,12.9,1.0,135.0,1
D002425,5.4,1079.0,1.04,29.0,0.44,-64.9,-50.1,22.5,44.0,-94.2,7.6,0.0,126.0,1
D002426,5.4,1133.0,1.14,32.0,0.41,,-50.3,24.4,46.0,-96.7,8.9,0.0,131.0,1
D002427,3.9,1121.0,1.23,29.0,0.45,-65.9,-51.5,23.7,42.0,-95.2,9.3,0.0,130.0,1
D002428,4.1,1168.0,0.95,29.0,0.49,-64.1,-50.2,24.4,42.0,-94.0,6.5,1.0,139.0,1
D002429,5.4,1142.0,1.31,23.5,0.61,-69.3,-51.1,20.0,43.0,-98.7,22.7,0.0,141.0,1
D002430,4.9,1012.0,0.88,23.0,0.65,,-52.4,22.1,33.0,-98.2,16.8,0.0,140.0,1
D002431,4.2,1157.0,1.1,31.0,0.47,-67.0,-50.4,22.1,43.0,-95.4,9.8,0.0,125.0,1
D002432,3.8,1207.0,1.15,27.5,0.51,-65.0,-49.1,25.5,42.0,-94.3,11.2,1.0,132.0,0
D002433,5.2,1173.0,1.06,30.5,0.46,-68.7,-49.2,23.9,50.0,-94.7,9.5,0.0,124.0,1
D002434,4.5,1141.0,0.97,29.0,0.51,-65.7,-51.3,25.7,44.0,-96.0,5.4,1.0,129.0,1
D002435,4.8,1165.0,1.14,27.0,0.41,-65.5,-50.0,23.4,45.0,-94.7,9.7,1.0,134.0,1
D002436,,1194.0,0.95,28.0,0.47,-67.2,-49.5,25.0,50.0,-93.8,12.2,1.0,123.0,1
D002437,6.6,1247.0,,29.5,0.5,-61.2,-47.0,25.1,51.0,-96.2,1.1,0.0,149.0,1
D002438,4.3,1187.0,1.08,30.5,0.54,-65.4,-49.8,23.5,45.0,-96.1,9.5,1.0,133.0,1
D002439,6.9,1015.0,1.59,23.0,0.59,-63.0,-52.1,30.0,36.0,-93.0,7.4,1.0,125.0,0
D002440,3.3,1261.0,1.06,27.0,0.61,-65.9,-48.1,24.8,56.0,-91.8,20.8,1.0,148.0,0
D002441,4.7,1155.0,1.2,28.0,0.55,-65.8,-48.9,22.7,46.0,-93.0,6.1,1.0,136.0,1
D002442,6.0,1126.0,1.22,35.0,0.5,-69.0,-46.2,29.1,52.0,-99.9,9.9,1.0,148.0,1
D002443,5.0,1197.0,1.11,29.5,0.51,-64.5,-51.2,24.2,43.0,-94.8,7.5,1.0,126.0,1
D002444,4.2,1238.0,1.23,27.5,0.45,-66.8,-50.1,24.6,44.0,-93.9,7.7,1.0,134.0,1
D002445,4.6,1171.0,1.07,28.0,0.52,-66.6,-50.6,22.3,42.0,-96.0,8.5,1.0,132.0,0
D002446,5.1,1124.0,1.15,29.0,0.45,-66.8,-50.1,22.4,45.0,-95.6,15.4,0.0,125.0,1
D002447,4.6,1085.0,1.44,21.0,0.46,-67.9,-52.4,23.6,59.0,-94.5,21.8,1.0,112.0,0
D002448,5.1,1162.0,1.1,34.0,0.43,-65.9,-50.1,23.4,40.0,-96.8,13.4,0.0,127.0,1
D002449,5.4,1173.0,1.33,24.0,0.55,-67.9,,21.1,55.0,-98.0,15.4,1.0,139.0,1
D002450,4.5,1282.0,1.06,29.5,0.46,-64.9,,26.5,42.0,-93.8,9.3,0.0,124.0,1
D002451,4.8,1167.0,1.16,31.0,0.44,-65.6,-51.2,24.7,42.0,-94.1,9.1,0.0,122.0,1
D002452,5.6,1157.0,0.84,29.5,0.44,-65.8,-50.5,23.6,45.0,-96.4,8.5,1.0,126.0,1
D002453,5.2,1161.0,1.03,27.5,0.5,-64.3,-50.6,23.7,41.0,-95.8,4.7,0.0,126.0,1
D002454,4.7,1156.0,0.98,30.5,0.53,-65.5,-49.0,25.4,45.0,-96.2,8.9,1.0,127.0,1
D002455,4.6,1172.0,1.07,31.5,0.44,-67.4,-50.8,24.7,42.0,-95.5,5.3,1.0,127.0,1
D002456,4.2,1181.0,1.09,29.5,0.5,-66.0,-49.1,24.1,45.0,-96.2,9.9,0.0,129.0,1
D002457,4.9,1193.0,1.22,31.0,0.56,-66.7,-49.6,24.1,45.0,,5.2,1.0,123.0,1
D002458,4.6,1218.0,1.12,28.5,0.53,-66.5,-49.5,24.5,46.0,-95.5,4.6,1.0,123.0,1
D002459,4.6,1162.0,1.16,31.0,0.49,-65.0,-49.5,24.3,44.0,-95.5,8.8,1.0,115.0,1
D002460,4.7,1217.0,1.14,28.5,0.46,-66.3,-49.9,22.1,48.0,-95.1,9.8,1.0,121.0,1
D002461,4.5,1115.0,1.08,30.5,0.4,-65.5,-48.8,24.3,43.0,-95.7,11.2,1.0,137.0,1
D002462,4.3,1225.0,1.02,30.0,0.46,-65.9,-49.6,24.9,44.0,-96.6,5.4,0.0,127.0,1
D002463,4.6,1028.0,1.34,29.5,0.44,-62.2,-54.5,24.9,38.0,,13.2,1.0,141.0,0
D002464,4.7,1174.0,1.15,30.5,0.5,-66.4,-50.0,24.3,46.0,-95.4,8.5,0.0,126.0,1
D002465,4.9,1162.0,1.26,30.5,0.55,-65.5,-49.9,23.8,42.0,-96.3,17.5,1.0,128.0,1
D002466,5.6,1197.0,1.12,29.0,0.51,-64.1,-48.8,25.3,43.0,-95.4,8.4,0.0,133.0,1
D002467,6.1,1065.0,0.81,39.5,0.44,-66.8,-54.7,24.7,39.0,-91.8,,1.0,131.0,1
D002468,3.7,1255.0,1.3,33.0,0.39,-67.6,-47.3,26.9,36.0,,16.8,1.0,102.0,0
D002469,4.8,1187.0,1.02,30.5,0.45,-67.5,-48.7,22.8,40.0,-95.2,7.8,0.0,128.0,1
D002470,4.4,1228.0,1.21,25.5,0.52,-65.2,-50.5,24.4,47.0,-95.9,13.8,,127.0,0
D002471,4.7,1173.0,1.08,26.0,0.46,-64.4,-49.7,25.6,40.0,-96.1,11.3,1.0,122.0,1
D002472,4.4,1155.0,1.09,27.5,0.45,-66.8,,25.3,45.0,-96.5,11.6,1.0,132.0,1
D002473,5.9,1240.0,0.97,21.5,0.36,-62.5,-51.0,22.8,38.0,-96.6,23.5,0.0,123.0,0
D002474,,1128.0,1.25,28.5,0.44,-65.1,-50.3,24.1,42.0,-96.0,7.9,1.0,131.0,0
D002475,4.6,1166.0,1.16,31.5,0.51,-65.9,-50.4,25.1,45.0,-96.3,3.3,0.0,125.0,1
D002476,4.7,1190.0,1.12,30.0,0.5,-65.9,-48.8,23.2,50.0,-95.9,6.6,0.0,130.0,1
D002477,4.6,1190.0,1.05,28.5,0.5,-65.5,-51.2,21.7,44.0,-96.0,9.1,0.0,124.0,1
D002478,5.2,1262.0,1.11,29.0,0.54,,-50.7,24.0,40.0,-97.7,5.3,0.0,135.0,1
D002479,4.9,1215.0,0.98,30.0,0.48,-67.9,-50.3,24.5,46.0,-95.4,11.8,1.0,130.0,1
D002480,5.0,1247.0,1.13,29.5,0.49,-64.2,-49.4,25.5,45.0,-94.9,10.1,0.0,135.0,1
D002481,4.4,1126.0,1.33,26.0,0.41,-63.2,-54.8,22.7,38.0,-93.7,3.3,1.0,131.0,1
D002482,5.3,1321.0,1.04,30.0,0.55,-61.4,-52.0,26.7,55.0,-96.7,,0.0,134.0,1
D002483,3.9,1396.0,1.38,35.5,0.68,-63.5,-51.2,21.6,46.0,-97.8,6.6,1.0,125.0,0
D002484,5.4,1123.0,1.13,31.5,0.46,-64.3,-48.8,23.2,39.0,-95.7,10.8,0.0,130.0,1
D002485,4.4,1160.0,1.04,31.0,0.43,-66.5,-49.5,24.0,43.0,-92.8,8.4,1.0,126.0,1
D002486,5.1,1153.0,1.1,26.0,0.46,-65.4,-50.8,25.5,38.0,-96.1,5.0,1.0,123.0,1
D002487,3.3,1206.0,1.03,30.5,0.34,-66.2,-54.4,21.6,37.0,-95.3,9.3,1.0,114.0,0
D002488,5.0,1173.0,1.08,29.5,0.49,-65.4,-48.8,22.9,42.0,-95.1,9.1,0.0,123.0,1
D002489,4.2,1015.0,1.09,26.0,0.63,-69.4,-48.0,21.4,48.0,-94.1,11.2,1.0,116.0,0
D002490,4.1,1243.0,1.13,26.0,0.45,-64.5,-50.4,23.6,45.0,-96.3,8.4,0.0,134.0,1
D002491,4.9,1167.0,1.02,28.5,0.55,-67.2,-48.9,24.9,47.0,-94.4,9.6,1.0,131.0,1
D002492,5.3,1176.0,1.08,30.5,0.47,-66.2,-49.7,23.9,43.0,-96.2,6.6,1.0,131.0,1
D002493,5.2,1180.0,1.08,32.5,0.48,-66.3,-50.9,24.0,45.0,-93.8,6.8,0.0,126.0,1
D002494,4.2,1330.0,1.41,21.5,0.4,-65.9,-47.3,21.8,34.0,-93.1,23.6,1.0,120.0,0
D002495,6.1,1385.0,1.09,20.0,0.38,-63.7,-50.3,25.1,58.0,-92.3,10.2,0.0,132.0,0
D002496,4.9,1103.0,1.35,25.5,0.4,-66.7,-51.5,23.4,42.0,-91.4,5.0,1.0,130.0,0
D002497,4.6,1095.0,1.12,29.5,0.46,-66.3,-50.3,24.5,42.0,-95.3,5.2,0.0,127.0,1
D002498,5.1,1198.0,0.91,29.0,0.44,-65.9,-49.5,23.5,46.0,-95.7,7.3,1.0,131.0,1
D002499,5.1,1152.0,1.18,29.0,0.48,-65.6,-51.2,25.1,43.0,-94.2,3.9,1.0,126.0,1
D002500,4.0,1178.0,,31.0,0.63,-68.4,-48.0,29.3,54.0,-93.4,11.5,1.0,111.0,0
D002501,4.4,1170.0,1.04,26.0,0.51,-64.9,-50.6,23.9,41.0,-97.0,5.4,0.0,129.0,1
D002502,4.9,1257.0,1.02,28.5,0.43,-65.6,-50.2,23.1,46.0,-96.0,10.8,0.0,131.0,1
D002503,4.8,1220.0,0.81,33.0,0.35,-69.6,-50.4,27.1,35.0,-91.7,4.5,1.0,120.0,1
D002504,5.2,,1.1,29.0,0.46,-65.7,-49.6,24.4,,-95.5,12.6,1.0,132.0,1
D002505,4.3,1233.0,0.94,26.0,0.45,-65.5,-50.4,24.0,47.0,-94.8,5.3,1.0,138.0,1
D002506,4.0,1143.0,0.96,29.0,0.48,-65.5,-48.7,24.3,48.0,-96.7,10.3,1.0,126.0,0
D002507,4.5,1205.0,1.13,29.0,0.52,-64.5,-48.9,,39.0,-96.1,10.1,1.0,133.0,1
D002508,5.8,1242.0,1.13,32.0,0.56,-67.3,-49.1,23.7,44.0,-96.6,10.6,1.0,117.0,0
D002509,5.7,1155.0,0.91,29.5,0.33,-64.7,-46.4,21.6,57.0,-93.6,20.1,1.0,110.0,0
D002510,4.5,1305.0,0.87,30.0,0.43,-68.9,-50.7,23.4,58.0,,,1.0,113.0,1
D002511,6.7,1098.0,1.16,28.5,0.57,-68.5,-53.3,22.1,36.0,-93.3,7.7,1.0,114.0,1
D002512,5.5,1222.0,1.04,28.0,0.52,-66.1,-50.5,26.0,40.0,-96.1,8.8,0.0,127.0,1
D002513,5.1,1148.0,0.97,29.0,0.48,-65.8,-50.2,23.5,42.0,,11.6,0.0,133.0,1
D002514,3.3,1061.0,1.3,21.5,0.64,-60.8,-47.7,21.0,43.0,-96.3,7.0,1.0,147.0,0
D002515,4.5,1106.0,1.48,21.0,0.65,-67.7,-52.2,24.8,45.0,-92.9,8.8,1.0,150.0,0
D002516,5.6,1391.0,1.3,21.5,0.3,-63.2,-53.0,20.8,44.0,-99.4,11.5,1.0,127.0,0
D002517,4.6,1352.0,1.06,26.0,0.54,-65.6,,24.2,34.0,-94.0,15.2,1.0,102.0,1
D002518,4.8,1173.0,1.11,29.5,0.48,-65.5,-48.7,,,-94.8,12.4,0.0,137.0,1
D002519,4.3,1250.0,1.37,26.0,0.68,-65.0,-51.6,24.7,42.0,-97.9,16.8,0.0,137.0,0
D002520,4.5,1233.0,,28.5,0.51,-64.4,-49.0,24.1,44.0,-95.4,,0.0,128.0,0
D002521,5.2,1148.0,,31.5,0.48,-65.0,-50.4,23.9,44.0,-97.3,5.6,1.0,125.0,1
D002522,6.7,1218.0,0.9,34.0,0.63,-68.0,-49.6,26.3,,-96.4,23.1,1.0,101.0,1
D002523,4.9,1111.0,1.1,29.0,0.47,-67.9,-49.6,24.5,47.0,-94.2,7.3,1.0,124.0,1
D002524,5.7,1196.0,1.49,38.5,0.64,-68.1,-45.8,,43.0,-94.3,0.8,0.0,146.0,1
D002525,6.1,1317.0,1.36,27.0,0.58,-68.3,-47.0,20.1,41.0,-93.8,6.8,0.0,112.0,0
D002526,4.4,1209.0,1.06,28.5,0.54,-64.7,-51.3,22.8,49.0,-95.8,8.8,0.0,122.0,1
D002527,4.1,1210.0,1.02,29.0,0.52,-64.8,-49.8,25.2,43.0,-95.4,10.6,0.0,135.0,1
D002528,4.7,1246.0,1.06,30.5,0.47,-65.5,-49.9,22.8,41.0,-96.9,12.9,0.0,130.0,1
D002529,5.7,1183.0,1.16,29.5,0.52,-62.9,-48.7,25.7,43.0,-95.1,8.0,1.0,124.0,1
D002530,6.0,1087.0,0.96,34.0,0.61,-64.7,-51.3,22.8,34.0,-94.6,22.0,0.0,110.0,1
D002531,5.3,1140.0,1.13,29.0,0.56,-66.2,-50.2,22.7,40.0,-94.8,12.5,1.0,124.0,1
D002532,4.5,1263.0,1.19,28.5,0.51,-65.4,-48.8,21.7,43.0,-96.1,,1.0,125.0,0
D002533,4.5,1191.0,1.0,28.5,0.45,-65.0,-50.5,23.6,40.0,-95.6,,1.0,125.0,1
D002534,5.1,1311.0,1.04,27.0,0.53,-67.5,-50.5,25.1,46.0,-95.9,8.3,0.0,124.0,1
D002535,4.5,1315.0,1.57,23.5,0.46,-61.9,-54.3,25.4,54.0,-92.5,22.1,1.0,120.0,0
D002536,4.5,1155.0,1.07,30.5,0.48,-66.1,-49.7,26.0,39.0,-95.6,7.5,0.0,126.0,1
D002537,4.8,1207.0,0.93,28.5,0.43,-66.0,-49.2,25.3,43.0,-95.4,9.0,0.0,123.0,1
D002538,4.7,1115.0,1.06,30.0,0.48,-65.7,-51.0,25.0,42.0,-94.2,7.7,0.0,137.0,1
D002539,5.0,1087.0,1.07,,0.46,-65.4,-49.6,24.2,44.0,-95.9,7.5,0.0,127.0,1
D002540,4.8,1225.0,0.89,30.5,0.48,-65.0,-49.8,24.4,,-96.0,14.9,0.0,124.0,1
D002541,5.4,1208.0,1.12,29.5,0.44,-66.1,-50.5,22.8,48.0,-94.8,10.3,0.0,132.0,1
D002542,4.6,1205.0,1.19,29.0,0.48,-65.8,-51.3,24.5,45.0,-95.9,4.1,0.0,133.0,1
D002543,3.9,1214.0,1.15,26.0,0.45,-64.9,-50.3,22.3,47.0,-96.7,8.2,1.0,130.0,0
D002544,,1224.0,1.24,31.0,0.49,-64.4,-51.1,24.3,47.0,-95.5,14.9,0.0,126.0,1
D002545,3.4,1010.0,1.25,29.5,0.69,-60.8,-53.4,24.8,58.0,-93.4,5.8,0.0,117.0,0
D002546,4.5,1391.0,0.91,24.5,0.55,-61.1,-47.7,22.3,40.0,-98.5,10.7,1.0,138.0,0
D002547,6.2,1064.0,0.97,35.0,0.59,-67.2,-46.9,22.4,45.0,-94.2,8.2,0.0,112.0,1
D002548,6.9,1326.0,0.96,27.0,0.58,-61.1,-50.6,25.6,55.0,-97.1,10.0,0.0,150.0,1
D002549,6.3,1120.0,1.47,32.0,0.31,-62.1,-54.1,23.7,56.0,-91.2,23.3,0.0,117.0,0
D002550,5.2,1206.0,0.91,32.5,0.54,-60.6,-52.6,24.9,32.0,-99.6,22.5,1.0,106.0,1
D002551,4.4,1130.0,1.1,30.5,0.43,-65.0,-50.5,24.6,44.0,-95.0,8.0,0.0,129.0,1
D002552,4.5,1165.0,1.16,28.5,0.45,-65.0,-51.1,25.4,43.0,-93.3,11.2,0.0,141.0,0
D002553,5.0,1143.0,0.96,30.5,0.45,-64.8,-50.2,23.6,44.0,-97.2,7.0,0.0,124.0,1
D002554,4.8,1206.0,1.04,28.5,0.47,-66.0,-49.7,24.7,47.0,-95.6,8.3,0.0,128.0,1
D002555,6.0,1323.0,0.96,33.0,0.55,-65.1,-48.1,26.8,54.0,-96.9,11.6,1.0,115.0,1
D002556,5.4,1189.0,1.23,30.0,0.45,-65.2,-46.7,23.6,45.0,-95.2,5.7,1.0,133.0,1
D002557,5.3,1181.0,1.02,28.0,0.44,-64.9,-51.3,23.0,46.0,-94.1,7.1,1.0,135.0,1
D002558,5.3,1131.0,1.02,32.5,0.49,-67.1,-50.7,24.4,44.0,-95.7,8.3,0.0,124.0,1
D002559,4.8,1321.0,1.5,33.5,0.33,-68.9,-50.9,20.4,32.0,-97.3,7.3,1.0,133.0,0
D002560,4.5,1163.0,1.25,28.0,0.44,-65.0,-50.8,25.0,45.0,-95.6,,0.0,124.0,1
D002561,5.8,1161.0,1.14,27.0,0.51,-64.7,-50.1,24.5,45.0,-95.7,10.2,0.0,134.0,1
D002562,4.4,1185.0,1.16,30.0,0.53,-65.2,-49.5,24.1,47.0,-94.5,7.4,1.0,128.0,0
D002563,5.6,1214.0,0.93,28.0,0.7,-68.7,-47.1,29.4,42.0,-97.0,1.0,1.0,140.0,0
D002564,5.4,1149.0,0.97,30.5,0.45,-66.0,-50.4,25.3,44.0,-95.4,10.8,0.0,132.0,1
D002565,3.5,1169.0,0.97,37.0,0.34,-65.4,-52.8,27.0,53.0,-93.2,21.0,0.0,122.0,0
D002566,4.5,1135.0,1.02,37.5,0.61,-68.0,-50.1,22.0,50.0,-90.4,2.8,1.0,105.0,1
D002567,5.4,1298.0,0.93,33.5,0.35,-61.5,-48.4,26.1,39.0,-92.9,20.2,0.0,147.0,0
D002568,4.5,1159.0,1.12,27.0,0.52,-64.5,-51.6,24.2,39.0,-95.4,13.9,0.0,126.0,1
D002569,4.6,1183.0,1.11,32.5,0.53,-64.2,-50.6,24.9,44.0,-95.3,11.4,0.0,127.0,1
D002570,5.4,1159.0,0.98,25.0,0.47,-66.1,-49.6,23.4,44.0,-96.3,9.8,1.0,129.0,1
D002571,6.2,1297.0,1.11,24.5,0.41,-67.7,-46.8,25.1,59.0,-97.9,10.8,1.0,110.0,1
D002572,5.0,1170.0,1.1,30.5,0.43,-65.0,-50.9,24.0,42.0,-95.0,10.2,0.0,127.0,1
D002573,4.3,1084.0,1.17,30.5,0.5,-65.9,-49.2,25.3,45.0,-94.9,9.5,1.0,130.0,1
D002574,5.3,1118.0,1.09,30.0,0.5,-64.6,-49.3,23.4,46.0,-95.5,15.1,1.0,133.0,1
D002575,5.1,1162.0,1.07,30.0,0.42,-64.2,-48.8,24.7,45.0,-96.0,10.2,0.0,128.0,1
D002576,6.8,1181.0,1.58,26.5,0.57,-66.7,-45.4,25.2,44.0,-90.7,3.7,1.0,132.0,1
D002577,4.7,1245.0,1.24,30.0,0.47,-65.6,-50.2,24.5,41.0,-95.1,11.7,1.0,135.0,1
D002578,5.1,1062.0,1.18,35.0,0.51,-64.9,-50.9,20.7,49.0,-96.8,13.9,1.0,116.0,0
D002579,4.8,1202.0,1.18,25.5,0.5,,-48.6,23.0,42.0,-96.6,10.1,0.0,116.0,1
D002580,3.1,1022.0,0.96,23.5,,-61.3,-45.1,26.6,42.0,-90.8,6.6,0.0,124.0,0
D002581,3.2,1146.0,1.21,36.5,0.43,-63.6,-52.0,21.5,34.0,-91.0,1.3,1.0,102.0,0
D002582,4.5,1216.0,1.12,28.0,0.54,-64.9,-51.1,24.4,41.0,-96.0,7.2,1.0,129.0,1
D002583,4.7,1189.0,1.23,28.5,,-64.6,-50.3,23.3,43.0,-95.3,6.7,1.0,129.0,0
D002584,4.3,1137.0,0.98,30.5,0.48,-65.8,-50.3,23.8,37.0,-94.7,7.4,0.0,,1
D002585,3.5,1353.0,1.17,30.0,0.52,-63.7,-51.9,24.7,39.0,-96.3,14.3,1.0,114.0,0
D002586,3.4,1023.0,1.34,21.5,0.64,-68.4,-50.3,20.8,47.0,-92.4,20.5,1.0,140.0,0
D002587,3.6,1169.0,1.02,34.5,0.56,-67.6,-45.5,28.7,38.0,-93.0,0.6,0.0,117.0,0
D002588,6.0,1036.0,0.89,39.0,0.42,-62.4,-53.5,23.7,58.0,-92.1,19.0,0.0,123.0,1
D002589,4.6,1195.0,0.9,,0.65,-69.5,-48.6,24.7,34.0,-97.4,23.2,1.0,139.0,1
D002590,4.9,1121.0,1.17,29.5,0.45,-64.5,-50.3,25.7,43.0,-95.9,7.0,1.0,128.0,1
D002591,5.0,1159.0,1.07,30.0,0.43,-64.9,-49.6,24.4,44.0,-95.5,9.9,0.0,134.0,1
D002592,4.7,1178.0,1.18,32.0,,-65.2,-48.7,25.2,49.0,-94.4,7.0,0.0,120.0,1
D002593,5.2,1158.0,1.12,,0.48,-67.0,-49.8,22.8,45.0,-95.8,12.1,1.0,136.0,1
D002594,4.6,1223.0,1.2,31.5,0.5,-65.9,-49.3,24.9,44.0,-95.3,4.4,1.0,131.0,1
D002595,5.0,1276.0,1.35,38.5,0.43,-65.4,-47.5,24.7,48.0,-91.8,18.3,1.0,131.0,1
D002596,4.0,1228.0,0.99,30.5,0.41,-65.8,-50.4,23.3,43.0,-93.3,7.3,1.0,123.0,0
D002597,6.8,1009.0,0.85,31.5,0.66,-67.6,-46.1,23.4,40.0,-97.6,21.1,1.0,127.0,1
D002598,4.5,1157.0,1.08,,0.47,-66.6,-49.6,24.3,42.0,-96.1,7.3,0.0,129.0,1
D002599,6.5,1356.0,1.31,27.0,0.63,-63.7,-50.8,22.2,40.0,-91.8,20.6,0.0,101.0,0
D002600,3.9,1190.0,1.12,31.0,0.46,-66.1,-49.3,24.2,40.0,-95.2,5.3,1.0,122.0,1
D002601,4.1,1138.0,1.11,27.0,0.46,-64.5,-50.7,22.7,47.0,-95.0,9.7,0.0,122.0,1
D002602,5.0,1213.0,0.94,26.0,0.57,-66.1,-49.8,23.1,49.0,-95.5,6.9,1.0,128.0,0
D002603,5.2,1368.0,1.57,21.5,0.61,-63.5,-45.4,24.0,46.0,-92.1,21.9,0.0,148.0,0
D002604,4.5,1354.0,0.95,24.0,0.43,-65.0,-45.7,28.3,58.0,-99.9,9.5,1.0,118.0,0
D002605,4.2,1147.0,0.91,31.0,0.53,-66.3,-49.4,22.8,41.0,-96.9,4.0,0.0,132.0,1
D002606,,1194.0,1.05,25.5,0.45,-64.4,-48.8,24.8,46.0,-96.2,10.0,1.0,129.0,1
D002607,4.6,1206.0,1.12,28.0,0.49,-64.7,-48.8,24.3,40.0,-97.5,5.4,0.0,121.0,1
D002608,,1254.0,1.07,25.0,0.51,-66.6,-51.7,24.7,44.0,-97.0,,1.0,127.0,0
D002609,4.7,1155.0,1.03,29.5,0.48,-65.1,-47.6,23.5,43.0,-94.3,7.0,1.0,125.0,1
D002610,3.4,1036.0,0.9,29.5,0.53,-62.8,-48.4,25.7,35.0,-96.5,22.3,1.0,123.0,0
D002611,4.8,1142.0,1.1,33.0,0.53,-63.9,-49.9,,44.0,-97.4,9.3,1.0,138.0,1
D002612,4.6,1165.0,1.27,32.0,0.43,-65.3,-49.7,24.7,39.0,-93.9,11.1,0.0,131.0,1
D002613,4.7,1393.0,0.82,28.5,0.51,-61.2,-52.8,25.5,,-92.0,21.8,1.0,139.0,0
D002614,3.9,1143.0,1.01,23.5,0.58,-69.3,-49.8,27.4,48.0,-96.2,23.8,1.0,100.0,0
D002615,4.4,1230.0,1.13,29.0,0.49,-66.1,-49.4,23.8,43.0,-94.2,9.9,0.0,130.0,1
D002616,5.1,1161.0,0.94,30.0,0.47,-66.4,-50.5,24.4,45.0,-96.6,9.3,0.0,122.0,1
D002617,3.6,1005.0,0.98,22.5,0.46,-65.3,-45.7,24.5,39.0,-90.9,11.2,0.0,148.0,0
D002618,4.2,1187.0,1.07,24.5,0.45,-65.2,-49.3,23.9,46.0,-94.1,6.1,1.0,134.0,0
D002619,4.3,1148.0,1.15,27.0,0.45,-65.2,-49.9,22.1,46.0,-95.6,6.9,1.0,127.0,0
D002620,4.1,1160.0,1.1,30.5,0.48,-64.9,-49.2,24.2,40.0,-93.6,12.0,1.0,127.0,1
D002621,5.3,1241.0,,29.0,0.48,-65.6,-48.7,24.9,40.0,-94.0,10.5,1.0,132.0,1
D002622,6.5,1266.0,1.4,30.0,0.64,-61.6,-49.0,29.4,38.0,-99.5,9.6,1.0,104.0,0
D002623,7.0,1077.0,1.07,25.5,0.61,-65.4,-48.9,22.1,36.0,-98.2,0.3,0.0,117.0,1
D002624,4.7,1119.0,1.13,29.0,0.44,-66.1,-50.2,,38.0,-95.5,7.4,0.0,129.0,1
D002625,5.0,1187.0,1.02,26.0,0.5,-65.5,-50.5,24.7,43.0,-94.4,13.3,1.0,137.0,1
D002626,4.5,1135.0,1.19,30.0,0.49,-66.1,-50.0,23.8,47.0,-94.1,6.5,0.0,129.0,1
D002627,4.6,1163.0,0.86,28.0,0.46,-66.8,-50.8,22.8,44.0,-94.0,5.5,1.0,134.0,1
D002628,5.3,1069.0,,35.5,0.58,-60.6,-45.4,20.1,47.0,-96.8,14.2,1.0,128.0,0
D002629,4.5,1395.0,0.98,35.5,0.35,-64.3,-49.6,22.6,50.0,-94.0,22.7,0.0,113.0,0
D002630,4.8,1160.0,1.12,28.0,0.42,-64.5,-48.6,22.7,44.0,-95.0,9.6,1.0,125.0,0
D002631,3.4,1009.0,1.35,34.5,0.67,-63.3,-50.7,22.8,60.0,-93.2,13.9,0.0,133.0,0
D002632,4.5,1216.0,1.07,29.0,0.47,-66.0,-49.7,25.5,42.0,-96.2,11.0,0.0,138.0,1
D002633,3.8,1117.0,1.43,35.0,0.47,-69.6,-46.0,25.1,50.0,-92.4,7.6,0.0,131.0,0
D002634,4.3,1207.0,1.03,28.0,0.5,,-48.6,23.4,41.0,-95.5,9.9,1.0,130.0,1
D002635,6.7,1153.0,0.88,21.0,0.47,-67.4,-50.1,24.5,43.0,-95.5,3.7,1.0,141.0,1
D002636,4.1,1088.0,1.18,24.0,0.37,-67.2,-52.0,29.2,49.0,-95.4,18.5,0.0,134.0,0
D002637,4.6,1070.0,0.91,38.0,0.38,-67.1,-48.0,20.6,40.0,-93.7,19.8,1.0,119.0,0
D002638,4.5,1182.0,1.15,31.0,0.56,-64.6,-50.7,23.6,38.0,-97.3,11.8,1.0,129.0,1
D002639,5.4,1156.0,1.22,27.5,0.5,-65.1,-51.0,23.2,44.0,-97.3,7.9,1.0,132.0,1
D002640,4.8,1169.0,1.09,27.0,0.53,-63.9,-49.2,25.5,47.0,-94.9,12.5,1.0,123.0,0
D002641,4.5,1112.0,1.07,31.0,0.48,-65.2,-51.5,26.1,47.0,-95.5,10.6,1.0,119.0,0
D002642,5.1,1170.0,1.03,31.0,0.5,-64.8,-50.5,22.4,38.0,-96.0,10.1,0.0,129.0,1
D002643,4.6,1257.0,1.13,29.5,0.36,-67.4,-50.1,24.2,43.0,-96.2,14.8,1.0,128.0,1
D002644,4.7,1183.0,1.14,28.5,0.52,-65.8,-50.4,25.5,44.0,-97.7,13.6,0.0,122.0,1
D002645,5.7,1384.0,1.42,37.0,0.6,-64.8,-50.6,26.3,47.0,-98.7,8.7,1.0,132.0,1
D002646,5.4,1168.0,0.99,28.0,0.53,-66.2,-50.2,22.7,44.0,-97.2,8.6,1.0,117.0,1
D002647,5.1,1201.0,1.05,31.0,0.49,-66.9,-49.0,25.0,43.0,-97.8,12.5,1.0,131.0,1
D002648,6.7,1213.0,1.1,26.5,0.48,-67.1,-52.7,23.5,,-90.1,20.7,1.0,116.0,1
D002649,3.6,1253.0,1.24,31.5,0.62,-63.5,-52.5,20.7,59.0,-96.6,22.7,1.0,135.0,0
D002650,5.7,1272.0,1.29,31.5,0.47,-63.2,-46.7,22.3,46.0,-93.2,13.3,1.0,137.0,1
D002651,4.9,1159.0,0.99,30.0,0.4,-66.2,-49.1,23.9,41.0,-92.2,8.3,0.0,124.0,1
D002652,4.3,1132.0,1.12,29.5,0.4,-66.1,-49.5,24.1,43.0,-96.0,7.8,1.0,140.0,1
D002653,4.8,1129.0,1.3,34.5,0.37,-68.2,-49.3,28.6,55.0,-91.0,13.3,0.0,110.0,0
D002654,4.3,1193.0,1.09,27.0,0.44,-66.1,-49.3,25.0,45.0,,10.6,0.0,129.0,1
D002655,4.9,1216.0,1.25,26.5,0.5,-64.5,-49.1,25.1,46.0,-94.9,12.6,0.0,134.0,1
D002656,3.9,1167.0,1.09,28.0,0.42,-64.9,-48.8,21.7,44.0,-97.4,10.5,0.0,133.0,1
D002657,4.6,1207.0,1.13,27.0,0.5,-65.7,-49.4,23.4,46.0,-93.4,10.7,1.0,140.0,1
D002658,5.5,1213.0,1.15,31.0,0.61,-65.2,-49.6,26.6,34.0,-95.8,13.3,1.0,134.0,1
D002659,4.9,1212.0,1.16,29.5,0.55,-65.5,-49.0,24.6,43.0,-94.0,5.1,1.0,122.0,1
D002660,5.0,1313.0,1.34,28.0,0.66,-67.1,-45.0,26.6,39.0,-97.1,15.3,,102.0,0
D002661,4.4,1231.0,1.03,28.5,0.46,-64.9,-49.4,23.6,44.0,-96.3,7.2,0.0,134.0,1
D002662,4.7,1232.0,1.11,30.5,0.44,-65.7,-48.2,22.3,43.0,-96.5,6.4,1.0,127.0,1
D002663,4.4,1122.0,1.12,27.5,0.49,-65.5,-49.4,23.6,41.0,-96.2,10.1,1.0,136.0,1
D002664,4.7,1079.0,1.16,27.0,0.47,-65.9,-52.5,23.1,49.0,-94.0,14.3,1.0,137.0,1
D002665,4.7,1136.0,1.15,29.5,0.46,-68.5,-50.3,24.8,46.0,-93.9,12.1,1.0,129.0,1
D002666,3.4,1359.0,1.2,24.5,0.66,-65.4,-52.0,22.2,59.0,-98.9,9.8,1.0,110.0,0
D002667,4.1,1183.0,1.13,31.0,0.41,-64.5,-50.2,23.3,40.0,-95.6,10.1,0.0,131.0,1
D002668,3.9,1311.0,1.45,30.5,0.63,-62.5,-46.0,28.0,50.0,-92.6,12.2,1.0,146.0,0
D002669,5.2,1161.0,1.16,30.5,0.51,-65.7,-50.1,24.2,43.0,-94.9,9.7,1.0,129.0,1
D002670,6.9,1307.0,0.88,27.5,0.46,-61.3,-47.9,22.8,35.0,-95.5,19.6,1.0,102.0,1
D002671,3.9,1204.0,1.07,28.5,0.52,-65.7,-52.0,25.7,43.0,-95.5,8.2,1.0,129.0,0
D002672,6.3,1009.0,0.85,34.5,0.31,-65.4,-50.6,22.2,36.0,-98.7,15.1,0.0,135.0,0
D002673,4.6,1187.0,1.13,29.0,0.51,-66.6,-49.7,25.4,43.0,-95.8,11.3,0.0,122.0,1
D002674,5.2,1387.0,1.22,27.0,0.44,-66.0,-52.2,23.6,53.0,-95.8,13.4,1.0,,0
D002675,4.9,1080.0,0.99,39.5,0.43,-68.8,-45.3,25.3,39.0,-97.0,2.2,1.0,144.0,1
D002676,5.1,1288.0,,22.5,0.46,-68.9,-53.6,23.2,54.0,-98.7,14.5,,127.0,1
D002677,5.1,1185.0,1.18,32.0,0.52,-66.5,-50.7,29.7,48.0,-95.9,9.2,1.0,127.0,0
D002678,5.0,1151.0,1.04,28.5,0.46,-65.5,-49.1,21.9,44.0,-93.7,,1.0,126.0,0
D002679,5.3,1122.0,0.93,29.5,0.48,-65.8,-50.8,22.4,53.0,-94.7,10.2,1.0,131.0,1
D002680,4.3,1020.0,0.97,22.5,0.37,-61.6,-47.7,23.4,56.0,-99.6,19.1,1.0,101.0,0
D002681,4.8,1196.0,0.99,28.5,0.55,-65.5,-50.6,23.0,45.0,-94.1,6.7,0.0,131.0,1
D002682,4.8,1227.0,1.09,28.5,0.49,-65.2,-50.0,24.3,40.0,-94.4,11.7,0.0,118.0,0
D002683,4.4,1171.0,1.13,27.5,0.43,-66.6,-51.0,24.6,48.0,-97.2,6.7,1.0,119.0,0
D002684,5.2,1265.0,1.16,31.0,0.48,-65.4,-47.5,26.6,44.0,-95.4,10.0,1.0,132.0,1
D002685,3.8,1018.0,1.54,37.5,0.36,-65.0,-47.2,21.1,46.0,-92.9,12.1,0.0,149.0,0
D002686,5.0,1128.0,1.03,,,-65.1,-50.4,23.4,47.0,-96.3,6.5,0.0,126.0,1
D002687,4.6,1369.0,0.85,21.0,0.36,-66.0,-53.2,23.8,35.0,-98.6,11.1,1.0,137.0,1
D002688,4.0,1171.0,1.29,26.0,0.63,-61.4,-46.4,20.6,40.0,-98.3,0.8,0.0,135.0,0
D002689,5.1,1205.0,1.06,30.0,0.49,-66.4,-48.0,23.4,45.0,-95.6,5.9,0.0,126.0,1
D002690,4.6,1155.0,1.21,29.5,0.52,-64.6,-49.2,24.6,46.0,-95.3,9.5,0.0,127.0,1
D002691,6.8,1186.0,0.87,26.5,0.32,-63.4,-54.4,21.4,37.0,-99.8,3.4,1.0,146.0,1
D002692,5.0,1119.0,1.12,29.0,0.48,-65.1,-49.6,24.6,44.0,-96.2,10.1,1.0,133.0,0
D002693,5.3,1178.0,1.21,30.5,0.5,-65.1,-50.1,24.4,45.0,-94.9,11.2,0.0,128.0,0
D002694,4.8,1193.0,1.1,32.0,0.5,-67.4,-50.4,23.2,39.0,-96.0,8.0,1.0,133.0,1
D002695,4.2,1123.0,,30.0,0.41,-63.7,-49.3,23.8,43.0,-96.7,5.8,0.0,127.0,1
D002696,4.9,1090.0,1.29,29.0,0.54,-65.0,-50.4,23.7,39.0,-95.5,10.9,0.0,132.0,1
D002697,5.5,1199.0,1.18,26.0,0.47,-64.5,-49.2,24.0,43.0,-96.3,9.0,1.0,121.0,1
D002698,5.3,1196.0,0.98,28.0,0.45,-64.9,-50.4,24.3,45.0,-97.1,6.5,0.0,133.0,1
D002699,4.9,1266.0,1.04,26.0,0.42,-64.6,-48.8,24.5,46.0,-95.7,10.2,1.0,116.0,1
D002700,4.7,1135.0,1.15,27.5,0.55,-67.5,-49.4,23.0,45.0,-95.4,7.8,1.0,128.0,1
D002701,3.9,1143.0,1.4,35.0,0.53,-62.9,-45.9,20.9,37.0,-98.6,9.1,0.0,137.0,1
D002702,3.6,1211.0,1.5,30.5,0.59,-67.8,-46.5,27.4,60.0,-95.2,0.4,0.0,101.0,0
D002703,4.3,1370.0,1.34,23.5,0.45,-68.4,-45.6,26.5,51.0,-92.9,,1.0,105.0,0
D002704,4.3,1313.0,1.28,21.5,0.37,-68.3,-53.1,20.9,39.0,-97.1,20.4,0.0,109.0,0
D002705,,1054.0,1.2,38.0,0.44,-64.2,-51.7,25.2,55.0,-91.1,23.4,0.0,116.0,0
D002706,4.5,1160.0,1.07,30.5,0.48,-66.3,-49.1,24.8,43.0,-94.0,10.5,1.0,127.0,1
D002707,4.2,1102.0,1.12,,0.44,-64.4,-47.8,23.1,43.0,-96.9,9.5,1.0,128.0,1
D002708,5.4,1190.0,1.17,26.5,0.5,-64.7,-50.7,23.1,44.0,-93.7,6.0,1.0,,1
D002709,5.1,1180.0,1.07,24.5,0.47,-65.6,-49.2,22.4,41.0,-95.3,10.7,1.0,133.0,1
D002710,4.3,1177.0,1.1,27.0,0.45,-66.1,-50.6,24.3,45.0,-96.4,5.3,1.0,131.0,1
D002711,6.9,1244.0,1.22,33.0,0.46,-60.8,-45.2,26.9,49.0,-98.1,0.3,1.0,111.0,1
D002712,5.9,1048.0,1.15,26.5,0.6,-63.1,-46.3,26.3,55.0,-93.6,11.9,0.0,118.0,0
D002713,6.0,1219.0,1.46,24.5,0.52,-62.0,-53.8,24.8,58.0,-90.3,7.2,1.0,102.0,0
D002714,4.7,1223.0,0.82,29.0,0.52,-64.8,-50.8,21.8,47.0,-94.5,10.0,1.0,131.0,1
D002715,6.4,1312.0,1.31,,0.33,-63.0,-45.8,21.3,53.0,-97.6,1.8,1.0,113.0,0
D002716,6.7,1272.0,0.87,30.5,0.34,-60.9,-49.0,29.7,59.0,-94.0,4.6,0.0,100.0,0
D002717,5.0,1343.0,1.16,26.0,0.49,-64.6,-52.9,22.1,31.0,-95.5,7.6,1.0,100.0,0
D002718,4.8,1237.0,1.02,28.5,0.46,-65.3,-50.5,24.0,46.0,,9.7,0.0,132.0,1
D002719,5.9,1069.0,1.26,39.5,0.64,-65.7,,27.4,42.0,-98.3,18.3,1.0,115.0,1
D002720,5.7,1202.0,1.18,25.5,0.46,-64.4,-50.1,24.9,43.0,-94.6,6.3,1.0,121.0,1
D002721,4.7,1200.0,0.99,29.5,,-65.9,-50.7,22.5,46.0,-94.8,8.3,1.0,123.0,1
D002722,7.0,1159.0,1.47,32.5,0.39,-68.6,-48.8,29.2,43.0,-97.1,18.9,0.0,139.0,1
D002723,3.1,1227.0,0.83,32.5,0.55,-64.0,-50.6,21.2,44.0,-92.7,15.1,0.0,145.0,1
D002724,4.6,1266.0,1.06,29.0,0.52,-65.5,-50.2,25.2,45.0,-94.1,10.0,1.0,126.0,0
D002725,4.8,1197.0,1.11,30.0,0.46,-66.7,,23.8,47.0,-96.2,7.0,0.0,135.0,1
D002726,3.2,1039.0,1.52,27.5,0.54,-64.7,-45.3,28.6,39.0,-97.6,18.2,1.0,124.0,0
D002727,4.0,1388.0,1.0,27.5,0.65,-62.0,-52.1,25.3,56.0,-91.7,15.0,0.0,146.0,0
D002728,4.3,1178.0,0.99,29.0,0.45,-64.9,-49.0,24.0,46.0,-96.8,9.9,1.0,129.0,1
D002729,4.9,1260.0,1.07,30.0,0.52,-66.8,-51.2,23.2,43.0,-94.7,11.6,0.0,129.0,1
D002730,6.8,1396.0,1.32,22.5,0.39,-61.5,-45.5,22.6,52.0,-96.1,8.0,1.0,101.0,0
D002731,5.8,1259.0,1.24,30.0,0.47,,-49.5,23.2,45.0,-96.4,13.3,1.0,132.0,1
D002732,5.5,1256.0,1.48,37.5,0.58,-63.9,-52.1,,55.0,-98.0,11.5,0.0,137.0,1
D002733,4.4,1234.0,1.17,27.5,0.51,-64.6,-51.0,22.3,45.0,-95.1,4.7,0.0,128.0,1
D002734,4.4,1196.0,1.03,28.5,0.49,-63.6,-49.2,23.8,41.0,-95.4,14.0,1.0,132.0,0
D002735,4.1,1144.0,1.33,34.5,0.47,-64.4,-47.7,28.4,40.0,-92.0,18.4,0.0,113.0,0
D002736,4.2,1088.0,1.03,29.5,0.39,-63.6,-54.4,20.7,40.0,,20.1,,141.0,0
D002737,4.6,1173.0,1.18,27.0,0.4,-66.2,-51.6,24.3,41.0,-95.9,4.2,1.0,126.0,1
D002738,4.8,1198.0,1.1,29.5,0.47,-64.0,-50.3,24.1,43.0,-96.2,2.3,0.0,129.0,1
D002739,5.0,1283.0,1.16,22.0,0.62,-60.5,-50.8,29.6,52.0,-96.8,4.3,0.0,145.0,0
D002740,4.7,1276.0,1.17,27.5,0.45,-66.1,-50.6,24.4,44.0,-95.4,5.6,0.0,120.0,1
D002741,5.3,1138.0,0.96,,0.47,-66.1,-49.5,24.8,45.0,-96.2,7.4,1.0,127.0,1
D002742,3.9,1211.0,1.23,25.0,0.69,-62.5,-45.3,29.8,33.0,-96.3,4.3,0.0,125.0,0
D002743,4.4,1017.0,1.55,33.0,0.33,-64.0,-51.2,21.6,35.0,-97.1,,0.0,111.0,0
D002744,5.4,1203.0,1.04,30.5,0.45,-65.5,-50.1,,48.0,-95.5,11.2,1.0,129.0,1
D002745,6.1,1296.0,1.44,40.0,0.63,-63.8,-52.6,27.1,56.0,-97.4,9.1,0.0,137.0,1
D002746,5.0,1204.0,1.04,26.0,0.48,-65.2,-50.0,22.1,45.0,-96.3,8.8,1.0,130.0,1
D002747,4.4,1178.0,1.09,30.5,0.43,-65.6,-49.1,24.7,42.0,-95.1,7.1,1.0,128.0,0
D002748,6.8,1115.0,1.37,20.5,0.64,-66.4,-45.5,22.5,31.0,-91.2,2.3,1.0,143.0,1
D002749,5.0,1223.0,0.99,29.0,0.48,-66.1,-49.8,24.9,37.0,-95.4,13.0,1.0,127.0,0
D002750,4.3,1184.0,0.96,30.0,0.47,-62.4,-48.8,24.4,42.0,-95.9,11.3,0.0,130.0,1
D002751,4.8,1175.0,1.08,30.5,0.48,-65.0,-52.5,24.4,44.0,-94.9,9.7,0.0,128.0,1
D002752,5.8,1104.0,1.33,24.5,0.42,-69.2,-46.8,25.0,35.0,-92.6,18.5,1.0,117.0,1
D002753,6.4,1386.0,1.57,31.0,0.35,-65.2,-45.9,26.5,31.0,-93.6,1.3,1.0,129.0,1
D002754,4.8,1197.0,1.2,30.5,0.54,-65.9,-50.1,22.1,47.0,-93.7,10.5,1.0,126.0,0
D002755,4.3,1127.0,1.16,28.0,0.47,-64.5,-50.3,26.7,44.0,-95.6,9.4,1.0,128.0,1
D002756,4.6,1169.0,1.08,29.0,0.49,-67.3,-49.7,22.8,53.0,,7.3,0.0,128.0,1
D002757,4.7,1209.0,1.08,30.0,0.43,-65.4,-49.7,24.4,41.0,-97.3,10.9,0.0,134.0,1
D002758,5.0,1234.0,1.12,32.0,0.53,-65.1,-50.2,25.3,43.0,-94.2,6.5,1.0,127.0,1
D002759,4.8,1219.0,1.21,31.5,0.41,-66.9,-51.5,25.7,46.0,-96.1,10.5,1.0,124.0,1
D002760,4.8,1157.0,1.06,30.5,0.55,-64.8,-49.9,24.7,49.0,-94.9,9.9,1.0,131.0,1
D002761,5.3,1211.0,1.26,24.0,0.46,-65.0,-49.6,25.0,44.0,-96.4,6.4,1.0,128.0,1
D002762,5.4,1044.0,1.49,21.0,0.31,-64.7,-52.8,21.2,43.0,-99.8,15.4,0.0,127.0,0
D002763,3.5,1132.0,1.41,29.0,0.51,-60.5,-48.8,22.3,38.0,-93.9,12.7,1.0,115.0,0
D002764,4.1,1260.0,1.42,40.0,0.56,-69.6,-47.8,29.7,50.0,-95.7,19.7,1.0,108.0,0
D002765,5.1,1166.0,1.06,33.5,0.54,-65.9,-49.8,24.5,48.0,-94.2,4.6,1.0,133.0,1
D002766,4.3,1124.0,1.07,26.5,0.44,,-50.7,23.1,45.0,-95.8,9.2,1.0,125.0,1
D002767,5.5,1163.0,1.09,27.5,0.48,-65.0,-50.4,23.7,45.0,-94.5,10.6,1.0,128.0,1
D002768,3.4,1374.0,1.52,31.5,0.42,-64.2,-52.7,24.5,36.0,-96.8,1.2,0.0,129.0,1
D002769,4.9,1208.0,1.01,29.0,0.47,-67.1,-51.4,23.0,43.0,-96.1,5.7,1.0,130.0,1
D002770,4.8,1158.0,1.13,30.5,0.49,-65.3,-49.7,24.5,46.0,-94.2,6.6,1.0,133.0,0
D002771,3.8,1210.0,1.19,31.5,0.44,-64.0,-51.3,24.2,41.0,-95.5,10.9,1.0,,0
D002772,4.5,1224.0,1.12,28.5,0.51,-66.2,-48.2,,45.0,-95.5,3.7,0.0,134.0,1
D002773,4.6,1396.0,1.08,33.5,0.62,-64.7,-54.1,23.2,58.0,-94.4,10.4,0.0,125.0,0
D002774,4.6,1254.0,1.09,27.5,0.49,-65.0,-50.7,26.0,49.0,-95.8,7.6,1.0,127.0,1
D002775,3.8,1294.0,1.02,23.0,0.52,-63.6,-50.1,27.8,43.0,-90.2,3.3,1.0,128.0,0
D002776,4.9,1161.0,1.29,24.5,0.47,-65.4,-50.7,26.0,43.0,-94.4,8.5,1.0,128.0,1
D002777,4.0,1383.0,1.2,34.5,0.5,-63.7,-50.7,28.7,55.0,-96.3,4.4,1.0,106.0,0
D002778,6.7,1300.0,1.44,26.5,0.64,-63.4,-45.6,28.4,31.0,-94.2,1.2,0.0,111.0,0
D002779,4.7,1111.0,1.14,27.0,0.56,-64.7,-50.5,22.9,40.0,-96.2,8.8,0.0,125.0,1
D002780,4.0,1373.0,1.02,27.5,0.45,-60.6,-51.8,20.4,44.0,-96.9,9.0,1.0,144.0,0
D002781,5.1,1187.0,1.11,31.0,0.53,-64.6,-50.8,24.2,43.0,-95.2,11.0,0.0,118.0,1
D002782,,1195.0,1.08,27.0,0.52,-64.2,-49.7,24.3,43.0,-95.3,9.2,1.0,117.0,0
D002783,4.4,1178.0,1.24,28.5,0.41,-63.3,-49.6,23.1,41.0,-94.0,6.7,0.0,120.0,1
D002784,5.1,1177.0,1.4,35.0,0.53,-68.9,-52.3,29.1,39.0,-93.1,17.2,1.0,103.0,0
D002785,4.6,1196.0,1.14,26.0,0.53,-66.1,-48.8,23.1,42.0,-95.0,9.5,1.0,126.0,1
D002786,5.9,1176.0,1.14,30.5,0.46,-64.9,-48.3,25.3,46.0,-95.0,7.3,0.0,131.0,1
D002787,6.0,1004.0,1.47,36.0,0.6,-69.0,-53.7,24.4,38.0,-93.8,10.2,1.0,120.0,1
D002788,6.6,1117.0,1.57,29.0,0.67,-69.7,-50.8,25.9,34.0,-91.4,16.4,0.0,125.0,0
D002789,5.2,1216.0,1.22,26.0,0.45,-66.1,-50.6,23.3,48.0,-93.9,10.7,1.0,126.0,0
D002790,4.7,1149.0,1.18,38.5,0.59,-68.0,-52.7,21.1,51.0,-98.3,3.5,1.0,147.0,1
D002791,4.8,1184.0,,28.5,0.45,-66.1,-50.5,23.5,38.0,-95.7,4.1,0.0,133.0,1
D002792,4.6,1273.0,1.13,27.5,0.43,-66.7,-50.2,22.6,50.0,-96.6,7.5,0.0,131.0,1
D002793,5.1,1184.0,0.96,28.5,0.5,-65.1,-50.6,23.2,43.0,-96.4,10.2,0.0,128.0,1
D002794,3.6,1284.0,1.09,33.5,0.32,-60.4,-51.7,23.0,37.0,-94.5,1.5,1.0,107.0,0
D002795,4.9,1154.0,0.99,30.0,0.47,-67.2,-50.5,24.3,42.0,-95.6,6.1,0.0,133.0,1
D002796,4.0,1230.0,0.97,40.0,0.69,-62.8,-47.4,27.9,50.0,-95.1,3.2,0.0,113.0,0
D002797,5.0,1188.0,1.03,30.0,0.45,-66.3,-50.9,23.5,43.0,-95.7,,1.0,136.0,1
D002798,4.4,1209.0,1.15,29.5,0.44,-66.3,-50.6,24.9,42.0,-94.1,7.8,1.0,130.0,1
D002799,3.7,1360.0,0.97,26.0,0.69,-69.4,-52.4,29.4,39.0,-94.1,12.1,1.0,103.0,0
D002800,4.7,1165.0,1.1,27.5,0.47,-66.3,-48.3,23.4,45.0,-96.9,11.5,0.0,127.0,0
D002801,5.4,1143.0,1.18,31.0,0.56,-65.6,-50.4,22.7,39.0,-96.3,7.1,0.0,133.0,1
D002802,4.6,1192.0,1.06,28.5,0.54,-65.5,-48.3,25.2,46.0,-94.5,6.0,0.0,131.0,1
D002803,3.2,1245.0,1.57,33.5,0.34,-67.6,-48.5,21.4,48.0,-98.9,11.8,1.0,147.0,0
D002804,4.8,1248.0,1.21,32.0,0.48,-64.0,-49.1,22.3,46.0,-95.9,7.3,0.0,117.0,1
D002805,5.5,1315.0,0.92,21.5,0.32,-67.3,-52.2,27.4,41.0,-96.6,22.8,1.0,143.0,1
D002806,4.6,1215.0,1.13,27.5,0.48,-64.6,-51.5,24.0,49.0,-96.0,8.4,0.0,127.0,1
D002807,5.5,1158.0,1.16,30.5,0.54,-65.9,-49.6,,43.0,-96.9,7.6,0.0,136.0,1
D002808,4.3,1182.0,0.99,26.5,0.48,-64.2,-49.8,25.5,46.0,-95.3,10.2,0.0,128.0,0
D002809,5.0,1173.0,1.47,22.5,0.52,-65.5,-45.8,27.3,47.0,-90.9,18.8,0.0,128.0,0
D002810,4.1,1104.0,1.07,26.5,0.34,-69.7,-49.4,20.7,44.0,-98.6,13.2,0.0,111.0,0
D002811,4.9,1157.0,1.07,28.5,0.49,-66.9,-50.6,23.8,43.0,-95.6,8.3,0.0,130.0,1
D002812,4.8,1241.0,1.14,29.5,0.44,-66.5,-48.7,23.7,44.0,-95.0,8.6,1.0,129.0,1
D002813,4.8,1111.0,1.16,30.5,0.32,-62.5,-54.7,28.9,53.0,-92.2,17.2,0.0,123.0,0
D002814,5.3,1220.0,1.08,30.5,0.52,-66.4,-50.8,24.3,40.0,-95.1,8.1,1.0,129.0,1
D002815,4.7,1206.0,1.18,29.0,0.46,-65.3,-50.2,25.7,45.0,-97.5,7.8,1.0,131.0,1
D002816,5.2,1200.0,1.1,31.5,0.45,-64.1,-49.9,24.1,47.0,-94.4,8.5,0.0,121.0,1
D002817,4.9,1207.0,1.14,29.0,0.52,-67.3,-50.6,24.7,45.0,-93.5,5.6,0.0,124.0,1
D002818,6.2,1299.0,1.46,21.5,0.63,-66.2,-45.2,23.2,57.0,-96.9,0.6,1.0,141.0,1
D002819,6.0,1189.0,1.01,23.5,0.34,-66.8,-45.6,20.2,46.0,-94.5,6.5,1.0,109.0,1
D002820,5.3,1165.0,1.24,27.5,0.55,-64.2,-50.4,24.8,41.0,-94.1,10.4,1.0,121.0,1
D002821,4.6,1125.0,1.0,26.0,0.51,-65.2,-50.7,24.8,40.0,-97.4,11.3,1.0,115.0,1
D002822,5.0,1157.0,1.22,27.0,0.41,-65.5,-51.0,23.8,47.0,-96.5,10.4,1.0,124.0,1
D002823,6.9,1223.0,1.45,33.0,0.45,-64.4,-53.0,22.3,42.0,-91.3,7.7,1.0,100.0,1
D002824,5.6,1156.0,1.49,27.5,0.3,-62.6,-52.6,23.6,45.0,-95.2,7.6,1.0,130.0,0
D002825,4.6,1180.0,1.03,33.0,0.46,-63.8,-51.1,25.6,46.0,-93.6,10.8,0.0,128.0,1
D002826,4.9,1209.0,1.14,28.0,0.49,-64.9,-50.2,23.0,44.0,-96.8,4.8,0.0,129.0,1
D002827,4.4,1197.0,1.1,28.5,0.49,-66.8,-48.3,22.2,40.0,-94.3,7.8,0.0,129.0,1
D002828,4.1,1174.0,1.32,28.5,0.5,-65.0,-49.9,23.1,45.0,-94.6,7.1,0.0,123.0,1
D002829,4.8,1227.0,1.06,28.5,0.44,-64.3,-49.6,23.2,45.0,-96.3,13.5,1.0,126.0,0
D002830,4.6,1118.0,1.12,28.5,0.41,-63.5,-50.2,26.1,44.0,-96.2,9.9,0.0,128.0,0
D002831,5.3,1190.0,1.01,29.5,0.48,-65.5,-48.2,23.9,43.0,,10.5,0.0,128.0,1
D002832,4.5,1103.0,1.02,25.5,0.56,-65.6,-49.4,23.3,50.0,-97.5,11.6,0.0,128.0,1
D002833,4.6,1176.0,1.09,31.0,0.52,-65.0,-50.1,25.3,44.0,-95.9,12.4,1.0,125.0,0
D002834,6.6,1158.0,1.01,26.5,0.58,-60.6,-45.2,29.2,38.0,-94.2,17.3,1.0,137.0,0
D002835,3.3,1168.0,1.15,32.5,0.48,-64.7,-54.3,27.0,56.0,-95.4,2.5,0.0,142.0,1
D002836,4.1,1259.0,1.08,26.5,0.48,-67.5,-49.3,26.3,44.0,-95.3,,1.0,119.0,0
D002837,4.3,1245.0,1.12,26.0,0.67,-66.9,-52.1,22.2,51.0,-99.1,15.5,1.0,105.0,0
D002838,6.8,1083.0,1.26,26.5,0.55,-63.0,-46.9,28.3,31.0,-97.3,2.7,0.0,121.0,1
D002839,4.9,1192.0,1.21,28.5,0.51,-65.1,-50.1,23.4,46.0,-95.8,4.3,0.0,125.0,1
D002840,4.1,1297.0,1.55,39.5,0.57,-69.8,-50.2,21.4,55.0,-96.6,0.4,0.0,134.0,1
D002841,4.6,1195.0,1.04,33.0,0.5,-65.8,-50.7,22.2,47.0,-96.1,6.3,1.0,120.0,1
D002842,5.9,1095.0,1.52,22.5,0.44,-65.5,-53.2,23.3,34.0,-90.5,6.3,1.0,,0
D002843,4.7,1251.0,1.12,28.5,0.46,-65.9,-49.0,24.2,46.0,-95.3,11.0,0.0,118.0,1
D002844,6.6,1311.0,1.27,26.5,0.47,-60.7,-52.6,23.3,34.0,-97.9,17.7,1.0,134.0,0
D002845,4.8,1316.0,1.23,35.5,0.35,-68.5,-53.8,27.6,31.0,-91.6,0.8,0.0,106.0,1
D002846,3.8,1148.0,,36.5,0.49,-61.3,-48.0,21.6,35.0,-90.3,12.1,1.0,144.0,0
D002847,4.6,1167.0,1.34,28.0,0.5,-67.1,-47.2,25.7,43.0,-96.1,12.6,0.0,136.0,1
D002848,3.1,1119.0,0.85,28.5,0.52,-68.6,-54.8,29.5,58.0,-92.1,13.2,0.0,124.0,0
D002849,4.6,1147.0,1.1,31.5,0.52,-65.9,-48.9,23.6,45.0,-94.5,9.7,1.0,123.0,0
D002850,4.7,1201.0,1.03,25.5,0.56,-66.4,-49.3,24.9,43.0,-94.6,7.5,0.0,123.0,1
D002851,4.9,1217.0,1.13,31.0,0.49,-64.2,-48.0,24.7,48.0,-97.1,6.7,1.0,122.0,1
D002852,4.1,1275.0,1.01,31.5,0.45,-64.8,-49.9,24.1,45.0,-95.8,10.1,1.0,129.0,1
D002853,5.9,1091.0,0.96,32.0,0.45,-61.2,-53.1,20.2,33.0,-96.2,21.4,1.0,138.0,1
D002854,4.5,1203.0,1.16,28.0,0.47,-65.4,-51.6,24.6,47.0,-94.4,10.2,0.0,124.0,1
D002855,5.4,1184.0,1.01,28.5,0.44,-64.0,-49.5,25.0,53.0,-96.4,10.8,0.0,130.0,1
D002856,,1220.0,1.05,30.0,0.47,-66.6,-51.0,23.0,44.0,-94.9,16.0,0.0,128.0,1
D002857,5.6,1273.0,1.4,24.5,0.57,-68.8,-47.3,24.0,37.0,-93.2,22.0,1.0,147.0,1
D002858,6.0,1204.0,1.29,37.5,0.49,-60.6,-51.5,23.7,45.0,-90.2,9.0,0.0,142.0,1
D002859,4.4,1141.0,0.98,28.0,0.43,-65.5,-51.4,24.1,44.0,-94.5,10.2,1.0,123.0,1
D002860,4.2,1229.0,0.82,20.5,0.32,-60.7,-48.5,24.8,51.0,-94.6,5.1,0.0,140.0,0
D002861,4.6,1151.0,,25.0,0.47,-64.6,-50.4,23.1,40.0,-94.3,3.5,1.0,125.0,1
D002862,4.7,1190.0,1.21,30.0,0.51,-65.4,-49.6,23.4,49.0,-97.5,12.4,0.0,127.0,1
D002863,5.5,1228.0,1.08,27.5,0.44,-66.6,-51.5,23.0,43.0,-96.0,6.8,1.0,121.0,1
D002864,4.2,1192.0,1.1,29.0,0.47,-63.1,-49.7,24.3,48.0,-96.0,12.6,1.0,123.0,0
D002865,3.2,1395.0,1.36,36.0,0.66,-68.7,-49.8,24.9,35.0,-95.7,4.0,1.0,113.0,0
D002866,6.6,1198.0,0.91,26.0,0.33,-67.5,-54.3,28.7,54.0,-92.7,12.1,0.0,125.0,0
D002867,4.2,1284.0,0.93,40.0,0.48,-63.0,-47.1,,59.0,-92.6,13.3,1.0,107.0,0
D002868,5.1,1161.0,1.12,30.5,0.49,-66.1,-51.6,22.9,39.0,-94.5,12.4,1.0,124.0,0
D002869,5.1,1102.0,0.89,28.5,0.35,-69.2,-45.3,28.6,48.0,-94.3,21.4,1.0,129.0,0
D002870,4.6,1164.0,1.15,28.0,0.49,-67.1,-50.9,24.1,47.0,-96.1,8.3,0.0,,1
D002871,5.0,1091.0,1.21,32.5,0.5,-63.6,-49.6,23.5,43.0,-95.4,3.3,0.0,132.0,1
D002872,3.8,1190.0,0.86,26.5,0.51,-68.6,-50.2,28.1,55.0,-95.3,9.6,0.0,135.0,1
D002873,4.4,1166.0,1.1,27.0,0.53,-66.3,-49.7,22.8,50.0,-96.5,8.0,1.0,128.0,0
D002874,4.9,1186.0,1.4,21.0,0.65,-66.4,-53.4,24.1,60.0,-91.6,3.0,0.0,117.0,0
D002875,3.7,1217.0,1.33,34.5,0.61,-60.4,-54.6,28.8,55.0,-93.2,2.4,0.0,138.0,0
D002876,5.7,1177.0,1.08,29.0,0.48,-64.2,-50.7,24.9,,-96.1,11.0,0.0,120.0,1
D002877,4.3,1154.0,1.03,29.0,0.49,-64.2,-49.9,23.3,47.0,-94.9,7.1,0.0,134.0,1
D002878,4.8,1068.0,0.88,23.5,0.56,-69.7,-46.0,27.0,49.0,-96.7,4.5,0.0,128.0,1
D002879,4.2,1149.0,1.17,31.5,0.47,-66.0,-47.9,25.7,40.0,-96.0,7.7,1.0,127.0,1
D002880,5.3,1216.0,1.19,28.0,0.47,-65.4,-50.4,23.5,43.0,-95.0,11.8,1.0,133.0,1
D002881,4.6,1152.0,1.01,30.0,0.44,-64.9,-50.2,23.7,42.0,-94.7,13.5,0.0,128.0,1
D002882,4.9,1128.0,1.01,27.0,0.37,-69.9,-49.1,26.6,54.0,-99.6,,1.0,118.0,0
D002883,5.1,1280.0,0.97,32.0,0.32,-61.2,-50.7,27.1,51.0,-97.5,18.2,1.0,128.0,0
D002884,4.6,1211.0,1.05,29.0,0.6,-65.5,-49.9,23.0,42.0,,8.0,1.0,134.0,1
D002885,5.1,1211.0,1.13,22.5,0.41,-64.7,-48.4,25.4,40.0,-96.4,8.7,1.0,128.0,0
D002886,4.2,1086.0,1.3,29.5,0.68,-66.7,-51.6,27.4,54.0,-95.3,8.8,1.0,113.0,0
D002887,5.0,1164.0,1.42,36.0,0.61,-65.1,-53.3,27.3,59.0,-95.5,1.4,1.0,141.0,1
D002888,5.0,1035.0,0.92,29.5,0.64,-69.8,-52.5,21.3,35.0,-99.0,1.4,1.0,103.0,1
D002889,5.7,1194.0,1.31,37.0,0.37,-62.9,-53.3,21.5,37.0,-92.0,8.6,1.0,112.0,0
D002890,6.1,1095.0,1.06,35.5,0.46,-65.8,-48.7,27.0,37.0,-93.7,20.9,1.0,108.0,1
D002891,4.8,1083.0,0.83,36.0,0.32,-66.3,-53.9,23.9,50.0,-96.6,20.1,1.0,119.0,0
D002892,4.2,1216.0,1.02,29.5,0.49,-64.9,-49.6,22.8,44.0,-94.6,11.7,1.0,128.0,1
D002893,5.1,1183.0,,26.5,0.46,-64.1,-49.2,23.7,39.0,-95.7,,1.0,127.0,1
D002894,3.9,1298.0,0.98,30.5,0.67,-62.7,-51.3,28.6,36.0,-92.2,21.1,0.0,115.0,0
D002895,4.7,1182.0,1.06,30.5,0.48,-65.2,-48.7,24.3,38.0,-96.0,7.9,0.0,119.0,1
D002896,5.3,1136.0,1.12,29.5,0.51,-66.9,-50.4,24.6,45.0,-94.3,11.7,0.0,130.0,1
D002897,5.1,1219.0,1.17,29.5,0.45,-66.4,-49.9,22.2,42.0,-95.5,9.7,1.0,128.0,1
D002898,4.7,1198.0,1.27,27.0,0.46,-64.9,-50.7,23.1,48.0,-96.1,13.1,0.0,127.0,0
D002899,4.8,1212.0,1.14,23.5,0.45,-66.7,-50.9,24.1,42.0,-96.6,8.1,1.0,133.0,1
D002900,5.4,1236.0,1.22,30.5,0.46,-64.8,-49.8,22.2,42.0,-95.4,10.6,1.0,127.0,1
D002901,4.8,1261.0,1.1,,0.48,-67.5,-50.8,23.6,46.0,-95.4,8.9,0.0,129.0,1
D002902,6.0,1097.0,1.28,24.5,0.34,-61.6,-46.7,28.0,58.0,-91.3,22.6,0.0,105.0,0
D002903,4.3,,1.28,32.0,0.51,-66.2,-50.2,26.2,46.0,-96.8,10.7,0.0,127.0,1
D002904,4.3,1297.0,1.39,33.5,0.5,-62.0,-46.8,26.3,60.0,-97.6,14.5,1.0,114.0,0
D002905,4.6,1287.0,1.06,27.0,0.63,-69.7,-50.4,20.0,38.0,-96.0,22.9,0.0,106.0,0
D002906,3.3,1074.0,1.45,29.5,0.67,-69.0,-53.5,20.8,36.0,-96.1,1.3,1.0,101.0,0
D002907,4.5,1170.0,1.15,27.5,0.54,-64.5,-50.0,23.0,38.0,-95.5,7.2,1.0,132.0,1
D002908,4.4,1199.0,1.04,31.5,0.52,-66.5,-50.0,23.1,44.0,-95.0,7.2,1.0,139.0,1
D002909,3.3,1075.0,1.31,39.5,0.59,-62.1,-49.6,29.6,50.0,-97.8,12.4,1.0,114.0,0
D002910,5.6,1252.0,1.09,29.5,0.42,-66.1,-49.5,23.1,41.0,-92.6,4.5,0.0,125.0,1
D002911,4.7,1115.0,1.03,30.5,0.54,-66.9,-48.7,24.4,48.0,-95.1,10.9,0.0,130.0,1
D002912,5.4,1169.0,0.96,27.0,0.43,-64.4,-49.8,24.3,44.0,-95.0,10.7,1.0,113.0,1
D002913,4.8,1230.0,1.16,26.0,0.49,-64.6,-49.9,24.0,41.0,-94.9,6.8,0.0,123.0,1
D002914,5.1,1109.0,1.03,29.5,0.51,-64.2,-49.7,23.7,43.0,-95.8,10.1,1.0,125.0,1
D002915,4.4,1140.0,1.06,30.5,0.51,-64.3,-49.5,24.6,40.0,-94.7,8.3,1.0,121.0,0
D002916,4.9,1141.0,1.14,31.0,0.47,-64.9,-49.1,23.0,46.0,-94.2,7.0,1.0,125.0,1
D002917,4.9,1115.0,1.25,22.5,0.42,-60.8,-49.1,27.7,59.0,-97.2,9.3,1.0,135.0,0
D002918,5.0,1229.0,0.9,29.0,0.43,-66.1,-48.3,21.8,46.0,-95.0,10.2,0.0,124.0,1
D002919,4.8,1213.0,1.21,,0.48,-65.2,-49.2,24.0,38.0,-97.0,11.2,1.0,121.0,0
D002920,5.1,1221.0,1.07,29.5,,-65.9,-50.4,23.9,42.0,-95.6,8.8,1.0,120.0,1
D002921,6.5,1359.0,1.17,34.0,0.55,-66.5,-45.1,27.0,37.0,-98.0,10.1,1.0,141.0,1
D002922,4.8,1149.0,1.07,33.0,0.51,-65.2,-50.8,23.4,47.0,-95.3,8.8,1.0,127.0,1
D002923,5.0,1172.0,1.14,30.0,0.54,-66.2,-51.0,24.7,43.0,-95.0,10.1,1.0,127.0,1
D002924,5.4,1084.0,0.92,33.5,0.44,-68.4,-53.0,27.2,44.0,-98.9,14.4,1.0,111.0,1
D002925,5.5,1072.0,0.98,26.5,0.52,-63.8,-54.0,29.8,41.0,,9.9,1.0,125.0,1
D002926,4.3,1212.0,1.11,30.5,0.5,-67.7,-49.5,25.7,50.0,-96.8,10.6,0.0,120.0,1
D002927,6.0,1157.0,1.0,27.5,0.45,-69.5,-47.8,27.0,56.0,-98.3,1.8,1.0,,1
D002928,4.5,1123.0,1.05,32.0,0.43,-66.9,-49.8,22.5,42.0,-95.2,9.3,0.0,130.0,1
D002929,5.1,1129.0,1.12,29.5,0.49,-65.3,-50.5,25.0,43.0,-94.4,8.2,0.0,141.0,1
D002930,5.0,1111.0,1.05,28.5,0.53,-65.3,-49.0,23.7,47.0,-96.7,5.7,0.0,121.0,1
D002931,5.5,,1.17,36.5,0.67,-69.9,-50.7,24.2,47.0,-96.2,13.7,1.0,120.0,1
D002932,6.2,1032.0,1.31,28.5,0.36,-68.3,-49.0,28.0,52.0,-92.4,13.2,0.0,117.0,0
D002933,4.4,1056.0,1.16,21.0,0.65,-65.0,-45.0,22.0,,-98.4,4.4,0.0,129.0,0
D002934,4.8,1160.0,1.14,29.0,0.46,-65.2,-50.8,23.8,43.0,-95.6,13.8,1.0,138.0,1
D002935,5.0,1214.0,,26.5,0.42,-63.8,-50.8,25.9,46.0,-95.0,11.6,0.0,124.0,0
D002936,3.5,1379.0,1.1,27.0,0.54,-67.3,-52.7,27.6,56.0,-99.1,12.2,1.0,139.0,0
D002937,5.1,1180.0,1.17,28.5,0.49,-64.7,-51.2,24.8,44.0,-95.9,12.8,0.0,133.0,1
D002938,4.5,1195.0,1.13,27.0,0.57,-64.9,-50.2,23.0,43.0,-94.4,4.9,1.0,136.0,1
D002939,4.6,1151.0,1.17,27.0,0.54,-66.0,-50.9,24.3,48.0,-93.9,9.9,,124.0,0
D002940,6.3,1135.0,1.52,37.5,0.48,-63.3,-47.7,29.2,60.0,-97.5,3.6,1.0,136.0,0
D002941,4.4,1240.0,1.25,28.5,0.47,-64.8,-49.6,23.2,42.0,-95.9,5.1,1.0,128.0,0
D002942,3.2,1200.0,0.95,40.0,0.45,-69.8,-46.8,26.8,,-95.6,18.0,1.0,128.0,1
D002943,5.5,1198.0,1.08,29.0,0.5,-65.9,-50.6,23.7,40.0,-94.6,10.1,0.0,120.0,0
D002944,4.9,1203.0,1.23,29.5,0.57,-65.7,-49.4,24.8,47.0,-93.3,8.3,1.0,129.0,0
D002945,5.8,1212.0,1.14,35.5,0.65,-66.5,-45.3,26.9,55.0,-93.6,11.5,1.0,117.0,0
D002946,3.7,1145.0,1.21,30.5,0.61,-62.6,-53.7,23.7,44.0,-94.5,4.8,0.0,138.0,1
D002947,4.1,1034.0,1.21,35.0,0.67,-69.1,-49.1,25.8,45.0,-99.8,12.1,0.0,130.0,0
D002948,4.6,1220.0,1.34,27.0,0.5,-65.8,-49.6,23.9,,-93.2,6.9,1.0,118.0,0
D002949,5.3,1232.0,1.14,29.5,0.48,-64.9,-50.7,22.4,43.0,-96.6,7.4,1.0,131.0,1
D002950,4.0,1235.0,1.06,27.5,0.5,-65.7,-49.2,24.0,46.0,-94.8,9.4,0.0,130.0,1
D002951,5.5,1371.0,1.16,21.0,0.44,-63.6,-47.4,22.6,49.0,-98.9,22.6,1.0,132.0,0
D002952,4.8,1143.0,0.89,25.0,0.43,-66.7,-53.8,24.6,58.0,-97.8,9.6,1.0,125.0,0
D002953,4.6,1167.0,1.11,29.0,0.45,-64.6,-49.9,22.7,48.0,-94.5,4.4,1.0,130.0,1
D002954,5.2,1132.0,1.14,31.5,0.43,-65.4,-49.9,25.0,44.0,-94.8,7.5,0.0,122.0,1
D002955,4.7,1112.0,1.14,26.0,0.43,-66.1,-48.7,23.4,43.0,-94.8,8.2,1.0,121.0,0
D002956,4.3,1154.0,1.09,28.0,0.42,-65.3,-50.1,24.9,44.0,-95.7,3.6,0.0,128.0,0
D002957,4.6,1150.0,1.1,32.5,0.48,-65.9,-50.0,24.8,44.0,-96.0,9.8,0.0,128.0,1
D002958,5.2,1094.0,1.23,28.0,0.51,-65.6,-50.5,22.8,,-95.7,8.9,1.0,130.0,1
D002959,4.7,1146.0,1.08,30.0,0.47,-64.5,-50.2,22.6,43.0,-95.9,10.3,0.0,129.0,1
D002960,4.8,1176.0,1.01,29.0,0.43,-66.3,-49.4,23.8,48.0,-94.0,12.7,1.0,119.0,0
D002961,,1133.0,1.11,29.5,0.5,-64.9,-51.7,23.7,45.0,-94.7,11.4,1.0,128.0,1
D002962,6.5,1350.0,1.29,27.5,0.48,-64.9,-50.3,25.2,55.0,-90.4,23.9,1.0,105.0,0
D002963,3.3,1215.0,1.07,29.5,0.46,-66.0,-50.7,23.0,41.0,-97.1,7.0,1.0,136.0,0
D002964,4.8,1162.0,1.22,35.0,0.46,-65.1,-50.6,23.7,46.0,-95.3,9.0,0.0,134.0,1
D002965,4.7,1188.0,0.96,37.5,0.55,-64.4,-53.4,29.8,52.0,,7.8,1.0,137.0,0
D002966,5.2,1172.0,1.07,31.5,0.5,-65.3,-47.4,22.9,43.0,-95.3,10.4,0.0,139.0,1
D002967,5.4,1140.0,1.04,27.0,0.52,-65.1,-50.2,,50.0,-95.4,7.6,1.0,127.0,1
D002968,,1186.0,1.13,29.5,0.49,-65.2,-48.4,22.3,42.0,-94.3,9.5,1.0,133.0,1
D002969,5.4,1207.0,1.09,30.5,,-65.7,-52.1,22.7,45.0,-94.8,11.5,1.0,124.0,1
D002970,5.1,1136.0,1.03,33.0,0.49,-64.8,-49.7,24.1,48.0,-95.8,7.3,0.0,132.0,1
D002971,4.7,1203.0,1.07,29.0,0.53,-66.5,-49.2,25.2,44.0,-94.4,9.5,1.0,129.0,1
D002972,4.7,1240.0,1.25,29.0,0.45,-66.2,-48.7,23.0,42.0,-95.1,13.1,0.0,124.0,1
D002973,5.0,1174.0,1.04,27.5,0.51,-65.5,-50.3,25.1,45.0,-96.2,10.4,0.0,133.0,1
D002974,4.4,1232.0,1.21,29.5,0.52,-64.6,-50.8,24.4,41.0,-94.5,6.9,0.0,127.0,1
D002975,,1209.0,1.04,26.5,0.63,-62.7,-46.1,28.7,41.0,-94.9,3.3,1.0,143.0,0
D002976,4.5,1147.0,1.14,28.0,0.49,-65.3,-50.5,24.2,42.0,-95.9,7.5,1.0,120.0,1
D002977,5.4,1191.0,1.15,27.5,0.5,-64.6,-50.0,,45.0,-94.7,8.2,0.0,130.0,1
D002978,5.0,1103.0,0.86,33.5,0.45,-66.7,-51.1,25.6,45.0,-95.2,8.8,0.0,121.0,1
D002979,3.6,1108.0,1.08,28.5,0.53,-64.7,-49.6,23.5,,-94.6,7.7,1.0,128.0,1
D002980,5.0,1210.0,0.85,30.0,0.44,-64.9,-50.2,23.4,39.0,-95.9,6.9,1.0,130.0,1
D002981,4.2,,,32.5,0.45,-65.7,-49.8,24.4,44.0,-95.6,9.7,1.0,130.0,1
D002982,3.5,1396.0,0.83,34.0,0.61,-64.9,-54.0,24.7,49.0,-90.5,5.8,0.0,144.0,1
D002983,6.8,1233.0,1.48,23.5,0.45,-60.6,,26.5,55.0,-98.3,12.7,1.0,100.0,0
D002984,5.2,1082.0,1.5,29.0,0.37,-64.6,-47.3,21.6,37.0,-99.8,14.0,1.0,149.0,0
D002985,4.5,1212.0,1.13,28.0,0.45,-66.7,-49.9,23.3,49.0,-95.3,9.6,1.0,126.0,1
D002986,5.2,1173.0,1.28,27.5,0.43,-65.5,-49.2,22.9,41.0,-97.3,6.2,0.0,122.0,1
D002987,3.5,1185.0,0.89,25.5,0.7,-66.2,-45.2,25.8,36.0,-96.9,21.3,1.0,147.0,0
D002988,5.1,1174.0,1.01,28.0,0.5,-66.7,-49.2,21.6,45.0,-96.7,11.1,1.0,132.0,1
D002989,4.5,1212.0,0.95,30.5,0.49,-64.2,-50.1,24.5,47.0,-95.4,9.5,1.0,121.0,1
D002990,4.7,1265.0,1.19,29.0,0.41,-66.0,-50.4,25.5,48.0,-95.4,9.4,1.0,131.0,1
D002991,4.5,1199.0,1.07,31.0,0.59,-64.3,-50.5,23.0,47.0,-96.2,10.9,1.0,125.0,0
D002992,4.2,1085.0,1.07,26.5,0.43,-65.3,-51.1,24.3,42.0,-98.0,10.9,1.0,130.0,1
D002993,5.0,1160.0,1.12,30.0,0.53,-64.6,-51.2,25.2,49.0,-96.4,12.1,0.0,123.0,1
D002994,4.9,1188.0,0.94,36.0,0.58,-62.2,-55.0,22.7,51.0,-99.7,20.1,0.0,123.0,0
D002995,4.4,1196.0,1.14,27.5,0.46,-65.0,-49.4,24.1,44.0,-94.8,11.4,1.0,124.0,0
D002996,4.5,1140.0,1.13,27.5,0.49,-66.8,-50.3,21.6,44.0,-96.3,13.8,0.0,129.0,1
D002997,4.9,1305.0,1.08,39.5,0.64,-69.2,-53.7,29.3,51.0,-98.2,1.9,1.0,104.0,0
D002998,4.6,1174.0,1.07,29.0,0.51,-64.9,-50.8,23.7,47.0,-95.3,10.0,1.0,126.0,0
D002999,5.2,1211.0,1.04,28.0,0.44,-65.2,-49.4,25.0,40.0,-95.9,12.2,1.0,126.0,1
D003000,5.2,1232.0,1.07,30.0,0.47,-65.6,-50.5,22.5,43.0,-94.9,7.8,0.0,136.0,1
D003001,3.7,1267.0,1.55,34.0,0.45,-62.5,-53.3,29.7,,-99.1,2.7,0.0,112.0,0
D003002,5.4,1278.0,1.54,36.5,0.56,-65.8,-50.1,21.2,36.0,-93.3,18.6,1.0,125.0,0
D003003,6.1,,1.06,32.5,0.43,-67.5,-45.5,27.1,31.0,-95.9,9.9,0.0,147.0,1
D003004,4.1,1032.0,1.03,29.0,0.44,-63.3,-52.8,24.3,51.0,-92.0,21.2,0.0,114.0,0
D003005,5.4,1163.0,1.13,30.0,0.5,-65.3,-49.7,23.9,44.0,-96.2,15.3,1.0,131.0,1
D003006,4.4,1123.0,1.1,30.0,0.46,-65.2,-50.2,25.0,46.0,-94.2,9.9,0.0,134.0,0
D003007,5.0,1122.0,1.26,30.0,0.43,-65.0,-50.8,24.4,45.0,-97.1,10.0,0.0,117.0,0
D003008,5.0,1230.0,1.08,27.0,0.47,-65.6,-50.6,24.8,,-94.1,9.1,1.0,132.0,1
D003009,4.6,1201.0,0.89,28.0,0.45,-64.6,-51.1,23.5,40.0,-97.3,9.1,1.0,133.0,1
D003010,5.9,1059.0,1.23,29.5,0.66,-67.3,-52.1,28.8,52.0,-91.1,20.6,0.0,127.0,0
D003011,6.3,1172.0,1.54,24.5,0.3,-62.7,-54.3,24.9,45.0,-99.0,1.1,1.0,134.0,1
D003012,4.4,1223.0,1.1,29.0,0.56,-64.5,-51.7,25.0,45.0,-95.3,7.4,0.0,131.0,1
D003013,4.9,1292.0,1.57,32.0,0.69,-68.7,-50.5,22.9,58.0,-96.4,2.6,1.0,132.0,0
D003014,5.1,1247.0,1.01,30.5,0.43,-64.6,-50.7,23.5,46.0,-93.4,6.9,0.0,134.0,1
D003015,4.5,1200.0,0.98,30.0,0.48,-66.3,-50.1,26.8,46.0,-95.7,9.9,0.0,125.0,1
D003016,5.0,1171.0,1.12,31.5,0.51,-65.8,-51.1,25.5,42.0,-94.9,9.3,1.0,125.0,1
D003017,3.7,1059.0,1.21,34.0,0.59,-69.0,-50.6,26.1,50.0,-96.6,16.2,0.0,137.0,1
D003018,4.9,1136.0,,29.0,0.46,-63.9,-50.8,,51.0,-94.9,8.4,0.0,123.0,1
D003019,4.4,1177.0,1.07,28.0,0.53,-65.5,-49.7,24.0,48.0,-96.0,6.0,0.0,129.0,1
D003020,4.1,1145.0,1.0,28.5,0.48,-66.4,-49.8,23.3,47.0,-95.6,8.7,1.0,124.0,1
D003021,7.0,1044.0,1.41,24.0,0.57,-63.6,-50.9,27.8,30.0,-93.0,12.3,1.0,136.0,1
D003022,4.8,1195.0,1.04,31.5,0.41,-64.4,-51.8,24.2,36.0,-95.6,9.8,0.0,138.0,1
D003023,5.0,1164.0,1.11,29.0,0.39,-66.1,-49.9,23.0,51.0,-95.4,12.2,0.0,130.0,1
D003024,4.2,1160.0,1.26,29.0,0.42,-66.4,-48.9,25.4,44.0,-96.4,,1.0,116.0,0
D003025,4.1,1179.0,0.95,27.5,0.48,-66.4,-49.5,23.0,46.0,-95.2,7.4,0.0,118.0,1
D003026,4.5,1086.0,0.99,27.5,0.38,-65.5,-49.3,24.0,42.0,-95.4,8.3,0.0,125.0,1
D003027,4.7,1191.0,1.07,28.5,0.59,-64.8,-49.5,26.6,40.0,-95.8,13.2,0.0,124.0,0
D003028,5.1,1237.0,0.98,29.5,0.55,-63.9,-48.0,25.0,46.0,-95.6,7.7,1.0,133.0,1
D003029,4.8,1169.0,1.03,26.0,0.4,,-49.7,23.9,46.0,-94.2,8.8,1.0,123.0,0
D003030,4.7,1221.0,0.96,26.5,0.49,-65.2,-49.5,23.7,40.0,-94.6,7.4,1.0,136.0,1
D003031,4.7,1238.0,1.15,28.0,0.51,-65.1,-49.5,22.4,47.0,-95.2,10.4,0.0,133.0,0
D003032,4.3,1242.0,1.17,39.5,0.48,-62.2,-52.5,24.2,42.0,-93.1,9.7,0.0,139.0,1
D003033,4.7,1196.0,1.18,29.0,0.51,-67.3,-49.4,25.0,44.0,-94.9,6.0,1.0,131.0,1
D003034,4.4,1120.0,1.1,30.5,,-66.7,-50.8,25.0,39.0,-97.1,5.9,1.0,126.0,1
D003035,5.2,1271.0,1.46,38.0,0.62,-61.1,-53.9,27.7,57.0,-97.9,,0.0,135.0,0
D003036,5.1,1167.0,1.16,26.5,0.49,-64.8,-49.8,23.9,46.0,-94.1,8.5,,119.0,0
D003037,5.9,1152.0,0.85,37.5,0.48,-65.4,-54.8,27.6,34.0,-90.3,22.4,0.0,119.0,1
D003038,4.9,1120.0,1.21,32.0,0.55,-64.0,-49.7,22.2,48.0,-94.0,10.6,1.0,133.0,1
D003039,4.7,1087.0,1.15,28.0,0.49,-64.3,-50.3,24.8,44.0,-96.6,8.0,1.0,131.0,0
D003040,4.0,1169.0,1.08,29.0,0.49,-65.0,-50.8,24.2,42.0,-95.1,8.0,1.0,128.0,1
D003041,4.5,1138.0,1.2,29.0,0.52,-66.2,-49.7,23.3,46.0,-95.8,9.0,0.0,131.0,1
D003042,5.3,1229.0,1.08,27.5,0.41,-63.2,-50.7,25.5,39.0,-96.7,,1.0,119.0,0
D003043,5.5,1222.0,1.05,27.5,0.47,-66.8,-50.4,25.2,42.0,-95.4,8.9,1.0,131.0,1
D003044,5.0,1142.0,1.09,30.0,0.46,-66.7,-50.0,24.3,,-97.1,9.7,0.0,128.0,1
D003045,5.1,1222.0,1.05,25.5,0.43,-66.0,-49.2,24.5,43.0,-95.5,10.3,0.0,130.0,1
D003046,5.1,1205.0,1.16,27.5,0.44,-66.8,-50.9,24.3,47.0,-95.5,6.3,1.0,123.0,1
D003047,4.2,1110.0,1.12,29.5,0.52,-65.8,-50.3,24.0,47.0,-96.1,,0.0,128.0,1
D003048,4.7,1152.0,1.15,32.0,0.49,-65.3,-49.5,24.8,47.0,-94.5,12.1,1.0,136.0,1
D003049,3.0,1070.0,1.11,37.0,0.43,-60.8,-54.1,28.3,57.0,-99.0,10.4,1.0,120.0,0
D003050,5.2,1017.0,1.17,24.0,0.56,-66.9,-49.1,23.2,32.0,-90.1,19.8,1.0,128.0,0
D003051,4.4,1121.0,1.14,28.0,0.5,-65.1,-48.5,24.5,45.0,-94.9,4.6,0.0,122.0,1
D003052,5.6,1384.0,0.91,24.5,0.51,-69.8,-52.7,23.6,47.0,-97.8,2.5,1.0,138.0,1
D003053,3.4,1114.0,1.3,23.0,0.44,-66.8,-46.3,27.0,36.0,-95.1,,0.0,115.0,0
D003054,3.8,1228.0,1.38,32.0,0.55,-67.0,-47.9,29.9,38.0,-90.5,16.4,1.0,141.0,0
D003055,5.1,1149.0,1.06,24.5,0.47,-64.4,-49.1,24.0,44.0,-95.1,7.5,1.0,125.0,1
D003056,5.6,1250.0,1.08,29.5,0.45,-66.1,-50.2,24.1,47.0,-96.3,10.0,1.0,126.0,1
D003057,6.3,1313.0,1.27,31.5,0.38,-68.6,-49.7,29.9,39.0,-92.8,4.3,1.0,107.0,0
D003058,5.4,1185.0,0.92,29.5,0.49,-65.4,-50.8,22.5,40.0,-95.2,6.7,0.0,125.0,1
D003059,4.3,1209.0,1.2,27.5,0.42,-64.5,-49.6,24.8,43.0,-94.2,9.8,1.0,129.0,0
D003060,4.9,1106.0,1.07,28.5,0.52,-64.0,-49.2,24.9,42.0,-95.2,8.3,1.0,124.0,1
D003061,4.2,1171.0,1.14,28.0,0.51,-65.3,-49.9,23.2,46.0,-96.6,11.0,0.0,120.0,1
D003062,4.4,1038.0,1.48,27.5,0.64,-60.8,-47.7,22.0,41.0,-99.6,2.6,0.0,137.0,0
D003063,4.1,1315.0,0.96,28.0,0.64,-61.1,-49.3,21.5,60.0,-97.2,1.4,1.0,122.0,0
D003064,4.8,1147.0,1.14,30.0,0.54,-66.5,-49.7,23.3,44.0,-95.4,8.0,1.0,124.0,1
D003065,4.6,1378.0,1.01,23.0,0.7,-66.1,-45.5,29.2,32.0,-95.9,19.1,1.0,122.0,0
D003066,5.3,1153.0,1.18,26.5,0.49,-65.6,-49.8,26.1,44.0,-96.4,6.9,1.0,130.0,1
D003067,4.7,1161.0,1.16,31.0,0.51,-66.4,-50.2,24.3,45.0,-94.8,8.3,0.0,134.0,1
D003068,5.1,1169.0,0.95,26.5,0.57,-66.2,-51.0,,47.0,-94.8,8.7,0.0,120.0,1
D003069,4.3,1223.0,1.12,30.0,0.51,-66.4,-51.2,23.9,48.0,-95.9,9.3,1.0,136.0,1
D003070,5.3,1162.0,0.98,29.0,0.46,-65.2,-50.5,25.2,43.0,-95.5,6.4,1.0,134.0,1
D003071,5.1,1141.0,1.12,28.0,0.52,-65.3,-50.5,21.0,47.0,-94.8,9.6,1.0,128.0,0
D003072,4.6,1160.0,1.09,31.5,0.5,-64.9,-48.9,23.2,47.0,-94.8,10.1,0.0,126.0,1
D003073,4.9,1189.0,1.06,28.5,0.46,-64.9,-50.6,23.7,50.0,-95.6,6.9,1.0,132.0,1
D003074,6.3,1240.0,1.25,30.5,0.7,-69.9,-51.5,29.6,38.0,-91.3,10.1,1.0,125.0,0
D003075,5.7,1182.0,1.07,26.0,0.45,-64.4,-50.4,26.0,45.0,-96.0,9.6,0.0,134.0,1
D003076,3.9,1100.0,1.33,39.5,0.67,-69.1,-52.9,28.7,52.0,-95.6,19.2,1.0,140.0,0
D003077,4.5,1243.0,1.04,30.0,0.48,-65.2,-49.7,24.8,45.0,-96.3,7.3,0.0,126.0,1
D003078,6.7,1366.0,1.02,39.5,0.54,-66.1,-54.6,24.7,48.0,-91.7,21.5,0.0,121.0,1
D003079,5.5,1222.0,1.08,27.0,0.49,-66.3,-50.9,23.7,35.0,-97.1,9.5,1.0,134.0,1
D003080,5.2,1181.0,0.99,31.0,0.5,-63.9,,25.4,51.0,-95.4,11.5,1.0,132.0,1
D003081,5.3,1303.0,1.09,37.0,,-68.4,-45.4,26.3,53.0,-95.9,18.5,0.0,135.0,1
D003082,5.2,1188.0,1.11,28.0,0.5,-65.2,-50.2,22.6,42.0,-95.8,6.7,1.0,122.0,1
D003083,5.7,1180.0,1.17,31.0,0.48,-63.9,-50.0,22.9,44.0,-96.3,9.6,0.0,132.0,1
D003084,,1369.0,,25.5,0.36,-62.4,-53.9,24.7,37.0,-93.3,18.5,1.0,116.0,0
D003085,5.6,1335.0,1.29,33.5,0.64,-66.1,-52.8,27.7,55.0,-93.6,12.1,1.0,146.0,1
D003086,6.8,1085.0,1.54,33.5,0.69,-68.0,-51.0,,34.0,-92.2,9.1,0.0,122.0,0
D003087,5.6,1070.0,0.97,27.0,0.52,-62.3,-47.5,27.3,59.0,-92.9,3.1,1.0,129.0,0
D003088,4.5,1185.0,1.15,33.0,0.39,-65.7,-48.3,24.2,43.0,-97.1,5.4,1.0,127.0,0
D003089,5.5,1172.0,1.15,31.0,0.36,-65.1,-50.2,24.2,48.0,-96.9,5.5,0.0,131.0,1
D003090,5.8,1248.0,0.81,38.0,0.36,-65.2,-51.9,28.7,51.0,-94.0,4.7,1.0,113.0,1
D003091,4.5,1178.0,1.09,22.0,0.46,-64.2,-49.7,22.3,49.0,-93.9,10.8,,131.0,0
D003092,5.3,1166.0,1.11,29.5,0.5,-66.8,-50.4,23.7,47.0,-96.5,8.3,1.0,128.0,1
D003093,4.9,1225.0,1.02,30.5,0.48,-66.9,-50.0,24.5,45.0,-96.2,11.9,0.0,120.0,1
D003094,4.5,1152.0,1.14,35.0,0.47,-63.7,-49.8,24.3,41.0,-95.3,14.2,1.0,122.0,1
D003095,3.8,1152.0,1.33,28.0,0.61,-61.7,-46.6,20.9,31.0,-95.6,2.9,0.0,142.0,0
D003096,4.2,1252.0,0.86,30.5,0.42,-60.6,-49.5,28.6,57.0,-96.2,23.6,0.0,124.0,0
D003097,4.9,1197.0,1.12,25.5,0.44,-63.3,-49.5,24.2,43.0,-95.7,5.7,0.0,133.0,1
D003098,4.8,1186.0,1.11,29.0,0.5,-64.7,-49.6,23.3,43.0,-95.8,14.5,0.0,129.0,1
D003099,4.2,1195.0,0.94,21.0,0.33,-70.0,-51.5,29.9,57.0,,21.4,1.0,104.0,0
D003100,5.0,1153.0,1.05,29.0,0.47,-65.4,-48.5,22.6,41.0,-96.1,11.7,1.0,,1
D003101,4.4,1135.0,1.09,28.0,0.45,-67.1,-50.0,25.3,45.0,-96.8,12.0,1.0,137.0,1
D003102,4.8,1372.0,0.98,31.5,0.47,-64.5,-54.8,29.6,,-94.4,17.2,1.0,147.0,1
D003103,4.9,1173.0,1.07,27.5,0.56,-64.4,-49.6,24.5,47.0,-96.9,,1.0,132.0,0
D003104,5.0,1164.0,1.02,30.5,0.52,-64.8,-48.8,26.5,45.0,-95.3,9.0,0.0,134.0,1
D003105,4.9,1177.0,1.02,25.5,0.46,-64.5,-50.5,25.1,,-93.1,8.9,0.0,118.0,1
D003106,4.7,1191.0,1.06,29.0,0.5,-63.9,-50.7,,44.0,-95.9,3.9,0.0,132.0,1
D003107,4.6,1143.0,0.99,31.0,0.51,-65.9,-50.9,24.3,48.0,-94.8,9.2,0.0,129.0,1
D003108,4.2,1056.0,1.26,28.0,0.44,-69.6,-53.2,25.1,40.0,-91.4,13.9,1.0,140.0,1
D003109,5.8,1017.0,1.01,32.5,0.3,-61.5,-48.0,28.6,58.0,-96.7,2.2,0.0,131.0,0
D003110,5.0,1184.0,1.27,30.5,0.53,-64.6,-51.4,24.2,47.0,-95.8,9.6,0.0,124.0,0
D003111,6.9,1347.0,0.84,32.5,0.31,-60.1,-49.3,26.8,57.0,-99.7,1.1,0.0,144.0,1
D003112,4.8,1249.0,1.1,28.0,0.45,-66.3,-49.9,22.1,43.0,-96.8,9.2,0.0,123.0,1
D003113,5.0,1154.0,1.02,32.5,0.31,-65.2,-46.8,21.5,56.0,-94.2,12.0,1.0,122.0,0
D003114,3.7,1206.0,1.08,33.5,0.32,-63.5,-53.0,22.4,46.0,-93.5,14.8,0.0,149.0,0
D003115,4.8,1266.0,1.1,29.5,,-64.7,-49.8,25.1,47.0,-95.8,10.4,0.0,131.0,1
D003116,4.1,1036.0,1.6,26.0,0.32,-60.3,-54.1,23.8,48.0,-96.7,2.6,0.0,136.0,0
D003117,5.2,1187.0,1.15,29.0,0.45,-65.9,-51.2,24.1,43.0,-95.3,8.9,1.0,127.0,0
D003118,4.6,1263.0,1.03,28.5,0.45,-64.9,-49.9,23.4,46.0,-95.5,6.8,0.0,130.0,1
D003119,4.5,1143.0,0.89,36.5,0.38,-64.9,-52.8,20.5,43.0,-90.9,2.0,0.0,133.0,0
D003120,4.7,1124.0,0.95,27.5,0.48,-64.8,-49.8,24.8,43.0,-96.0,3.5,1.0,124.0,0
D003121,5.0,1337.0,0.85,35.5,0.69,-65.2,-50.7,26.5,47.0,-95.2,6.7,1.0,142.0,1
D003122,5.8,1057.0,1.2,38.0,0.4,-62.4,-54.9,22.8,43.0,-94.3,3.3,0.0,103.0,1
D003123,4.8,1209.0,1.11,30.0,0.56,-66.0,-49.1,24.0,45.0,-96.7,3.9,1.0,136.0,1
D003124,5.3,1037.0,1.54,23.5,0.59,-60.6,-53.5,20.7,33.0,-94.3,5.9,1.0,148.0,0
D003125,4.9,1167.0,1.17,26.0,0.45,-66.0,-49.3,21.8,39.0,-93.5,8.6,1.0,126.0,0
D003126,6.9,1006.0,1.46,22.5,0.33,-69.9,-45.4,20.1,44.0,-92.7,14.1,0.0,112.0,0
D003127,5.0,1191.0,1.08,31.0,0.46,-66.9,-49.8,24.0,38.0,-95.3,9.6,0.0,137.0,1
D003128,5.3,1183.0,1.01,29.0,0.5,-65.4,-50.0,24.2,42.0,-93.9,7.6,1.0,129.0,1
D003129,5.3,1131.0,1.06,28.5,0.51,-66.5,-48.2,24.3,45.0,-95.7,5.6,0.0,127.0,1
D003130,4.5,1162.0,1.18,27.0,0.49,-65.0,-50.4,24.0,44.0,-95.8,10.9,1.0,131.0,0
D003131,5.0,1224.0,1.05,29.5,0.47,-65.3,-50.8,,39.0,-94.2,9.5,0.0,136.0,1
D003132,5.2,1163.0,1.13,27.5,0.5,-65.3,-51.0,24.6,44.0,-95.1,11.3,0.0,130.0,1
D003133,5.4,1027.0,1.03,26.5,0.64,-64.1,-54.0,24.3,33.0,-92.9,1.8,1.0,146.0,1
D003134,4.8,1211.0,1.01,28.5,0.54,-65.0,-50.8,25.2,41.0,-95.0,12.3,1.0,121.0,1
D003135,4.4,1170.0,1.1,30.5,0.5,-65.2,-49.4,24.7,42.0,-95.1,6.8,1.0,131.0,1
D003136,5.5,1234.0,1.13,26.0,0.42,-69.2,-46.7,23.1,41.0,-97.3,10.1,1.0,121.0,1
D003137,4.8,1309.0,1.42,25.5,0.49,-63.1,-51.2,24.3,50.0,-94.3,3.4,1.0,135.0,1
D003138,4.5,1205.0,1.09,29.0,0.52,-65.6,-48.4,22.8,45.0,-96.0,7.6,0.0,130.0,1
D003139,3.6,1131.0,0.81,26.5,0.68,-65.3,-50.9,20.9,51.0,-100.0,20.1,0.0,136.0,0
D003140,5.5,1211.0,1.11,26.5,0.53,-64.2,-49.2,22.5,46.0,-95.1,10.2,1.0,124.0,1
D003141,5.1,1308.0,1.26,39.5,0.47,-65.6,-54.8,24.3,49.0,-96.7,21.1,1.0,,1
D003142,4.6,1193.0,1.08,29.5,0.55,,-49.6,23.7,45.0,,7.9,0.0,132.0,1
D003143,4.9,1092.0,1.08,26.0,0.43,-65.7,-49.1,23.7,46.0,-95.3,,1.0,128.0,1
D003144,4.7,1169.0,1.12,28.5,0.45,-63.0,-50.0,23.5,40.0,-97.2,7.8,1.0,121.0,0
D003145,4.8,1242.0,1.22,30.0,0.51,-66.4,-49.2,23.3,44.0,-95.3,11.3,1.0,132.0,1
D003146,4.3,1156.0,1.0,30.0,0.5,-64.0,-51.3,23.3,45.0,-95.1,10.8,1.0,133.0,1
D003147,4.1,1195.0,1.06,29.0,,-65.8,-51.8,24.2,39.0,-98.1,11.0,0.0,126.0,1
D003148,4.5,1179.0,1.19,28.0,0.52,-66.8,-49.3,24.1,54.0,-97.2,3.8,0.0,,1
D003149,5.7,1133.0,1.14,26.5,0.45,-66.8,-51.0,24.5,44.0,-95.5,9.9,0.0,124.0,1
D003150,5.1,1201.0,1.33,38.5,0.49,-66.1,-45.2,27.9,50.0,-90.3,5.4,0.0,112.0,0
D003151,4.6,1294.0,0.87,40.0,0.57,-69.8,-50.2,23.0,55.0,-90.7,11.6,1.0,102.0,1
D003152,5.0,1213.0,1.08,30.0,0.43,-66.8,-49.4,25.7,48.0,-95.3,9.9,0.0,129.0,1
D003153,5.0,1144.0,1.18,28.5,0.5,-65.8,-50.3,23.4,41.0,-95.4,6.4,0.0,123.0,1
D003154,4.0,1158.0,1.07,30.0,0.46,-66.0,-49.6,23.7,44.0,-94.9,11.3,1.0,128.0,1
D003155,3.7,1038.0,0.87,20.5,0.34,-65.0,-52.3,27.1,43.0,-92.1,7.8,1.0,121.0,0
D003156,4.5,1201.0,1.08,29.5,0.47,-65.4,-49.4,24.6,43.0,-96.2,8.6,0.0,129.0,1
D003157,4.5,1180.0,1.04,29.0,,-65.8,-51.0,24.9,36.0,-95.2,11.5,1.0,134.0,1
D003158,5.4,1158.0,1.2,39.0,0.63,-60.5,-47.9,25.6,56.0,-90.7,16.9,1.0,137.0,0
D003159,3.4,1146.0,1.03,38.0,0.59,-63.8,-51.9,27.6,39.0,-95.6,6.4,1.0,140.0,0
D003160,4.9,1162.0,1.18,28.0,0.51,-65.5,-47.8,23.5,43.0,-94.8,6.4,0.0,124.0,1
D003161,3.5,1091.0,0.93,,0.31,-69.3,-54.2,27.8,44.0,-93.7,2.8,1.0,111.0,0
D003162,5.0,1163.0,0.96,27.5,0.49,-66.3,-48.4,24.5,46.0,-95.8,,1.0,127.0,1
D003163,4.4,1161.0,1.07,27.5,0.45,-64.3,-48.4,25.1,46.0,-94.1,10.3,0.0,129.0,1
D003164,5.2,1230.0,1.24,29.0,0.47,-67.1,-50.5,23.6,47.0,-96.3,10.3,0.0,135.0,1
D003165,5.6,,1.33,26.5,0.49,-67.5,-51.4,23.5,46.0,-95.2,6.6,1.0,117.0,1
D003166,4.7,1237.0,1.16,32.5,0.49,-64.0,-51.1,26.0,48.0,-94.6,8.5,1.0,127.0,0
D003167,4.4,1372.0,0.91,38.0,0.61,-66.5,-53.7,23.5,45.0,-97.6,23.1,0.0,140.0,1
D003168,5.1,1002.0,1.26,27.0,0.33,-62.2,-48.1,20.4,36.0,-96.9,17.5,0.0,116.0,0
D003169,4.5,1176.0,1.09,30.5,0.47,-65.9,-50.6,24.3,43.0,-95.6,9.5,0.0,126.0,1
D003170,5.0,1155.0,1.04,26.5,0.46,-66.4,-51.3,24.0,48.0,-95.5,8.7,1.0,129.0,1
D003171,4.8,1203.0,1.03,31.0,0.43,-66.1,-50.2,,44.0,-96.3,7.8,0.0,132.0,1
D003172,3.4,1396.0,1.53,40.0,0.54,-60.5,-47.3,24.0,32.0,-93.5,,0.0,149.0,1
D003173,5.4,1167.0,1.27,28.5,0.48,-65.4,-51.5,23.3,43.0,-95.4,11.1,0.0,129.0,1
D003174,5.6,1150.0,0.98,29.5,0.54,-65.1,-51.0,24.0,48.0,-94.2,9.4,0.0,117.0,1
D003175,5.0,1169.0,1.08,31.0,0.41,-65.3,-52.1,24.2,44.0,-96.1,10.7,0.0,130.0,1
D003176,5.1,1124.0,1.19,30.0,0.48,-64.1,-49.0,23.0,46.0,-94.0,9.2,1.0,128.0,0
D003177,3.6,1105.0,1.18,31.0,0.42,-65.0,-47.3,20.0,46.0,-95.1,18.1,0.0,143.0,0
D003178,3.7,1003.0,0.95,32.0,0.38,-64.1,-46.1,29.4,40.0,-97.1,21.9,1.0,118.0,0
D003179,5.3,1214.0,0.9,27.0,0.46,-67.0,,23.8,45.0,-97.6,8.0,0.0,126.0,1
D003180,4.1,1213.0,1.04,25.5,0.49,-64.5,-48.6,24.6,46.0,-95.7,9.6,1.0,123.0,1
D003181,5.3,1175.0,1.14,24.0,0.47,-65.6,,23.0,42.0,-94.8,7.4,1.0,128.0,1
D003182,3.6,1347.0,1.42,28.5,0.4,-60.3,-53.7,25.4,39.0,-98.1,14.0,0.0,111.0,0
D003183,5.0,1199.0,1.05,33.5,0.51,-66.1,-49.5,24.4,42.0,-95.1,14.2,1.0,124.0,1
D003184,4.6,1203.0,1.22,32.0,0.46,-65.4,-50.4,23.2,48.0,-94.2,12.3,1.0,142.0,1
D003185,4.2,1179.0,1.16,28.0,0.52,-65.0,-50.3,24.9,46.0,-95.0,11.4,1.0,123.0,1
D003186,5.0,1226.0,0.95,27.5,0.53,-66.2,-50.1,23.7,43.0,-94.1,7.5,0.0,125.0,1
D003187,5.1,1149.0,1.56,40.0,0.49,-64.8,-45.8,22.5,,-96.2,23.1,1.0,112.0,0
D003188,4.9,1155.0,1.25,28.5,,-64.4,-51.0,25.3,42.0,-96.5,10.0,0.0,114.0,1
D003189,5.3,1309.0,1.21,35.0,0.55,-65.9,-54.3,27.9,33.0,-96.6,14.9,0.0,124.0,1
D003190,4.7,1189.0,1.16,27.5,0.44,-68.0,-50.8,22.0,45.0,-93.1,4.8,0.0,136.0,1
D003191,4.8,1137.0,1.06,29.5,0.48,-64.3,-50.6,24.3,41.0,-95.4,12.7,1.0,127.0,1
D003192,3.3,1267.0,0.97,29.0,0.47,-68.8,-49.7,25.6,46.0,-98.0,18.6,1.0,150.0,1
D003193,4.9,1212.0,1.03,32.5,0.46,-66.0,-51.6,24.7,50.0,-94.7,7.1,1.0,127.0,1
D003194,3.2,1279.0,1.15,20.0,0.68,-60.4,-48.7,21.9,32.0,-90.4,12.5,0.0,118.0,0
D003195,5.8,1037.0,1.27,24.0,0.36,-61.2,-48.9,24.8,53.0,-92.2,23.5,1.0,124.0,0
D003196,4.9,1136.0,1.12,26.5,0.52,-65.0,-50.5,24.5,46.0,-98.0,7.5,0.0,132.0,1
D003197,3.4,1335.0,0.84,23.5,0.58,-65.4,-48.2,20.4,60.0,-99.8,5.3,1.0,110.0,0
D003198,4.9,1153.0,1.07,29.5,0.54,-64.6,-49.5,23.0,48.0,-94.8,10.7,1.0,,1
D003199,4.6,1146.0,1.17,30.5,0.5,-65.0,-49.6,23.4,41.0,-94.7,7.1,0.0,131.0,1
D003200,4.8,1098.0,1.29,29.5,0.59,-63.3,-53.0,27.1,38.0,-98.4,0.1,1.0,124.0,1
D003201,4.5,1034.0,1.6,38.5,0.36,-65.5,-48.7,21.9,32.0,-96.2,14.3,0.0,121.0,0
D003202,5.6,1259.0,1.13,27.5,0.53,-64.9,-49.6,24.7,45.0,-95.9,9.9,,141.0,1
D003203,6.4,1063.0,1.18,36.5,0.4,-61.9,-48.0,23.9,32.0,-99.6,15.4,1.0,141.0,1
D003204,4.0,1190.0,0.94,31.0,0.49,-65.6,-49.0,23.5,48.0,-95.4,12.0,1.0,125.0,0
D003205,6.7,1313.0,1.08,30.0,0.67,-66.3,-51.8,23.3,56.0,-99.7,14.0,1.0,125.0,1
D003206,5.3,1161.0,1.16,25.5,0.46,-65.0,-48.9,23.4,48.0,-94.3,8.6,0.0,133.0,1
D003207,4.8,1168.0,1.11,37.0,0.49,-65.5,-49.0,27.8,50.0,-95.3,11.2,0.0,118.0,1
D003208,4.0,1242.0,1.11,29.0,0.46,-65.4,-49.6,24.6,46.0,-94.4,,1.0,123.0,1
D003209,5.8,1354.0,1.3,32.0,0.54,-63.9,-47.0,22.3,41.0,-97.2,14.4,0.0,136.0,1
D003210,4.9,1224.0,0.94,28.5,0.51,-64.2,-50.3,23.9,43.0,-95.5,10.5,0.0,130.0,1
D003211,3.8,1147.0,1.19,28.5,0.37,-67.3,-50.2,23.1,50.0,-93.8,9.7,1.0,121.0,0
D003212,5.4,1258.0,,29.5,0.48,-65.8,-48.1,24.4,47.0,-96.4,8.7,0.0,128.0,1
D003213,6.7,1181.0,1.24,20.0,0.43,-63.9,-45.1,27.5,30.0,-95.5,4.3,0.0,122.0,1
D003214,4.7,1231.0,0.95,31.0,0.41,-64.8,-51.6,22.6,44.0,-97.2,13.3,1.0,118.0,0
D003215,4.7,1139.0,1.13,30.0,0.41,-66.3,-51.0,24.1,38.0,-95.7,7.1,0.0,131.0,1
D003216,4.4,1182.0,0.96,28.5,0.49,-65.2,-51.6,24.6,43.0,-96.2,10.7,1.0,135.0,1
D003217,4.7,1242.0,1.1,29.5,0.52,-64.0,-48.5,24.6,47.0,-96.5,8.3,0.0,133.0,0
D003218,5.3,1126.0,1.02,28.0,0.5,-65.4,,23.4,44.0,-94.9,11.3,0.0,123.0,1
D003219,4.4,1072.0,0.91,28.0,0.37,-61.6,-47.9,24.4,53.0,-97.4,5.3,0.0,107.0,1
D003220,3.4,1328.0,1.53,30.0,0.66,-66.0,-47.2,26.8,,-96.7,8.2,0.0,116.0,0
D003221,4.4,1172.0,1.03,32.5,0.52,-65.6,-48.5,21.8,42.0,-94.7,10.3,1.0,123.0,1
D003222,4.9,1122.0,1.13,30.0,0.45,-65.4,-50.1,26.2,43.0,-95.2,7.2,1.0,129.0,1
D003223,4.4,1165.0,1.07,29.0,0.41,-65.3,-49.6,24.1,46.0,-95.0,6.5,0.0,131.0,1
D003224,4.7,1160.0,1.24,26.0,0.46,-66.4,-49.1,23.9,43.0,-95.2,8.2,0.0,127.0,1
D003225,4.9,1161.0,1.19,28.0,0.46,-64.6,-50.7,24.4,42.0,-96.6,9.9,1.0,127.0,0
D003226,5.1,1280.0,0.97,29.0,0.47,-65.7,-50.1,24.0,42.0,-95.4,9.7,0.0,128.0,1
D003227,5.7,1089.0,1.1,35.0,0.51,-67.4,-48.6,20.6,50.0,-90.4,15.5,1.0,106.0,1
D003228,4.3,1188.0,1.15,25.5,0.46,-65.8,-48.7,24.7,41.0,-95.7,12.3,0.0,128.0,0
D003229,4.8,1182.0,1.04,29.5,0.47,-66.2,-49.1,23.0,39.0,-94.2,10.5,0.0,122.0,1
D003230,4.9,1164.0,1.19,28.5,0.49,-65.3,-50.7,23.2,38.0,-95.1,11.4,1.0,142.0,1
D003231,5.2,1184.0,1.13,28.0,0.5,-65.5,-50.3,25.0,45.0,-95.1,8.3,1.0,118.0,1
D003232,3.0,1060.0,1.0,23.5,0.47,-60.1,-49.1,23.2,49.0,-91.5,11.6,1.0,122.0,0
D003233,4.7,1170.0,1.16,28.5,0.49,-67.1,-49.0,24.0,43.0,-93.9,6.8,1.0,129.0,1
D003234,5.8,1362.0,0.95,23.0,0.36,-64.1,-53.4,23.5,58.0,-95.5,23.0,,100.0,0
D003235,6.1,,1.06,26.0,0.47,-67.5,-49.5,24.4,46.0,-96.1,7.4,1.0,,1
D003236,4.7,1165.0,1.11,25.0,0.49,-65.7,-49.6,24.8,43.0,-94.4,8.7,0.0,,1
D003237,4.9,1141.0,1.24,30.0,0.39,-64.5,-48.5,23.5,41.0,-95.6,10.5,1.0,125.0,0
D003238,5.1,1156.0,1.07,29.5,0.48,-65.9,-49.1,26.4,49.0,-95.8,9.3,1.0,134.0,1
D003239,4.9,1199.0,1.09,27.5,0.53,-64.7,-49.5,25.1,41.0,-93.1,7.3,0.0,129.0,1
D003240,5.0,1172.0,1.11,29.0,0.44,-67.2,-49.9,23.3,46.0,-95.9,6.8,1.0,128.0,1
D003241,3.6,1324.0,1.26,27.5,0.36,-64.9,-48.3,26.5,47.0,-95.3,21.8,1.0,137.0,0
D003242,6.1,1193.0,0.91,28.0,0.44,-67.9,-50.3,27.3,46.0,-97.4,14.0,1.0,106.0,1
D003243,4.5,1178.0,1.02,30.0,0.48,-65.0,-52.3,24.3,44.0,-96.1,11.7,1.0,136.0,1
D003244,5.0,1191.0,1.53,25.5,0.45,-68.8,-54.9,29.5,35.0,-100.0,1.9,1.0,117.0,0
D003245,5.1,1155.0,0.89,29.5,0.43,-62.0,-52.3,,39.0,-93.1,19.1,0.0,147.0,1
D003246,4.6,1174.0,1.15,27.0,0.46,-66.1,-49.1,23.1,48.0,-94.9,,1.0,127.0,0
D003247,4.2,1084.0,1.36,30.0,0.44,-69.2,-52.3,21.1,38.0,-99.1,17.3,1.0,104.0,0
D003248,4.4,1212.0,1.01,31.0,0.47,-65.0,-50.5,25.4,49.0,-95.0,10.3,1.0,132.0,1
D003249,4.5,1148.0,1.17,23.0,0.48,-64.4,-49.3,22.5,41.0,-95.0,9.1,1.0,141.0,0
D003250,4.3,1204.0,1.06,23.0,0.42,-67.6,-49.5,24.0,44.0,-93.2,10.0,1.0,132.0,0
D003251,4.4,1192.0,1.02,29.5,0.46,-65.8,-49.5,23.2,43.0,-95.3,6.4,1.0,124.0,1
D003252,4.6,1180.0,0.95,27.0,0.51,,-49.3,23.4,49.0,-95.1,9.2,0.0,,1
D003253,3.1,,1.56,26.5,0.43,-65.2,-46.9,25.6,50.0,-91.0,12.6,0.0,110.0,0
D003254,4.7,1125.0,1.23,20.0,0.37,-63.5,-45.5,24.8,37.0,-90.2,5.0,1.0,122.0,0
D003255,5.1,1148.0,1.38,22.5,0.57,-60.0,-54.0,27.8,48.0,-95.8,6.5,0.0,112.0,0
D003256,5.4,1193.0,1.03,31.0,0.43,-66.2,-50.5,23.0,42.0,-97.2,12.0,1.0,139.0,1
D003257,4.7,1162.0,1.12,29.0,0.4,-66.3,-49.9,25.4,40.0,-96.1,11.9,0.0,131.0,0
D003258,4.4,1212.0,1.04,28.5,0.51,-66.1,-51.9,22.4,47.0,-94.8,10.9,1.0,121.0,1
D003259,5.4,1187.0,1.14,29.5,0.42,-66.1,-48.6,22.7,45.0,-97.5,7.1,1.0,122.0,1
D003260,4.8,1216.0,1.02,29.5,0.44,-66.5,-49.9,23.5,44.0,-96.8,9.5,0.0,124.0,1
D003261,3.9,1089.0,1.2,30.5,0.46,-65.7,-49.5,22.1,49.0,-94.2,11.4,1.0,127.0,0
D003262,4.4,1119.0,1.1,30.0,0.46,-65.2,-50.8,24.3,45.0,-97.1,10.2,0.0,131.0,0
D003263,5.9,1360.0,1.55,27.0,0.44,-64.1,-50.8,21.4,37.0,-95.3,12.7,0.0,133.0,1
D003264,5.3,1240.0,1.01,29.5,0.49,-68.3,-50.6,24.0,43.0,-96.5,9.9,1.0,139.0,1
D003265,4.2,1368.0,1.51,36.0,0.6,-69.4,-50.0,28.3,39.0,-94.7,15.2,1.0,129.0,1
D003266,6.0,1022.0,1.31,33.5,0.45,-69.5,-52.2,26.3,58.0,-97.2,8.7,1.0,106.0,0
D003267,5.0,1231.0,1.12,27.0,0.45,-65.1,-51.7,22.7,40.0,-96.6,11.2,1.0,125.0,1
D003268,5.0,1196.0,1.15,25.5,0.4,-66.4,-50.0,23.9,47.0,-94.8,11.9,1.0,116.0,0
D003269,4.8,1203.0,1.11,28.5,0.49,-65.9,-51.3,22.2,41.0,-96.1,8.4,1.0,128.0,1
D003270,4.5,1255.0,1.01,28.0,0.52,-65.2,-51.0,23.1,43.0,-95.9,10.6,0.0,126.0,1
D003271,4.2,1119.0,1.13,26.0,0.46,-64.9,-50.8,23.9,52.0,-96.8,11.5,1.0,131.0,0
D003272,5.1,1162.0,1.04,31.5,0.46,-64.7,-50.1,25.0,41.0,-95.1,9.7,0.0,124.0,1
D003273,4.3,1117.0,1.03,30.5,0.46,-65.9,-51.1,23.1,42.0,-95.7,6.1,1.0,128.0,1
D003274,5.5,1160.0,1.14,30.5,0.53,-66.2,-50.4,24.1,45.0,-94.2,6.7,1.0,129.0,1
D003275,6.5,1288.0,1.0,36.0,0.66,-60.6,-53.9,26.4,43.0,-94.7,4.2,1.0,124.0,1
D003276,5.1,1184.0,1.11,30.0,0.47,-64.6,-50.0,23.4,42.0,-95.6,8.4,1.0,130.0,1
D003277,3.4,1073.0,1.46,24.5,0.61,-69.2,-51.6,27.9,46.0,-93.0,1.6,0.0,130.0,0
D003278,4.1,1209.0,1.06,28.0,0.51,-65.0,-49.8,25.4,42.0,-97.1,9.8,1.0,129.0,0
D003279,5.5,1231.0,1.0,30.0,0.45,-66.3,-49.8,22.9,39.0,-93.2,10.6,1.0,127.0,1
D003280,4.2,1141.0,1.1,29.0,0.51,-64.6,-50.7,24.2,50.0,-96.4,7.1,1.0,134.0,1
D003281,4.2,1162.0,1.17,27.0,0.49,-64.3,-49.9,22.9,44.0,-95.1,8.5,0.0,124.0,1
D003282,4.9,1128.0,1.13,25.0,0.48,-65.2,-50.2,24.3,46.0,-97.9,10.6,0.0,123.0,1
D003283,4.6,1218.0,1.1,32.5,0.57,-63.5,-51.1,25.4,47.0,-95.7,11.0,0.0,125.0,0
D003284,4.9,1097.0,1.21,27.0,0.49,-67.2,-51.0,23.3,42.0,-95.6,6.0,1.0,117.0,1
D003285,4.2,1234.0,1.1,30.0,0.48,-65.3,-49.5,24.7,47.0,-94.7,5.0,1.0,131.0,0
D003286,4.6,1178.0,1.02,31.0,0.52,-66.5,-49.0,24.1,46.0,-94.1,9.7,1.0,138.0,1
D003287,4.8,1103.0,1.2,28.5,0.55,-65.5,,24.7,49.0,-95.5,8.4,0.0,124.0,1
D003288,4.6,1119.0,1.06,30.0,0.44,-65.3,-49.4,24.5,48.0,-95.8,12.0,0.0,129.0,1
D003289,3.5,1365.0,0.84,24.5,0.63,-68.9,-52.2,20.2,48.0,-91.7,19.0,0.0,118.0,0
D003290,4.7,1160.0,1.17,28.0,0.5,-65.8,-51.3,23.6,45.0,-95.4,8.8,1.0,127.0,1
D003291,4.6,1117.0,1.12,27.0,0.39,-65.5,-49.1,24.2,39.0,-95.0,7.9,,132.0,1
D003292,4.5,1205.0,1.38,24.5,0.56,-61.4,-52.7,,49.0,-90.8,10.7,0.0,106.0,0
D003293,3.9,1207.0,1.28,23.0,0.57,-65.9,-54.0,26.4,32.0,-98.4,7.9,1.0,147.0,1
D003294,5.9,1171.0,1.54,28.5,0.56,-68.3,-51.0,27.6,40.0,-95.2,23.9,1.0,140.0,1
D003295,6.2,1286.0,1.47,26.5,0.68,-65.1,-53.0,27.6,31.0,-95.1,2.2,0.0,119.0,0
D003296,4.9,1171.0,0.93,,0.47,-66.0,-50.7,26.0,43.0,-95.4,8.4,0.0,127.0,1
D003297,4.6,1119.0,1.16,28.5,0.5,-67.5,-50.3,24.8,46.0,-95.4,10.7,1.0,128.0,1
D003298,5.0,1160.0,1.28,29.5,0.49,-64.0,-50.3,22.8,44.0,-95.0,12.9,0.0,129.0,0
D003299,5.3,1174.0,0.9,29.0,0.45,-63.3,-49.6,23.5,43.0,-95.0,10.0,1.0,127.0,1
D003300,5.5,1138.0,1.07,28.0,0.44,-64.7,-49.8,24.2,40.0,-95.5,11.0,0.0,127.0,1
D003301,5.8,1172.0,1.09,30.0,0.52,-66.3,-50.9,22.9,45.0,-96.5,7.7,0.0,131.0,1
D003302,6.9,1331.0,1.05,33.5,0.36,-69.1,-53.7,23.0,44.0,-92.9,19.1,,108.0,1
D003303,5.0,1266.0,1.51,27.5,0.52,-67.6,-47.4,23.4,54.0,-98.9,7.7,0.0,148.0,1
D003304,4.6,1382.0,0.95,30.0,0.43,-67.3,-51.7,29.6,,-91.4,13.2,0.0,127.0,1
D003305,4.6,1171.0,1.06,25.0,0.42,-65.3,-49.0,23.4,43.0,-96.2,11.0,1.0,134.0,0
D003306,5.0,1195.0,1.06,27.5,0.45,-65.4,-51.3,23.3,45.0,-94.5,8.6,1.0,127.0,1
D003307,5.2,1158.0,1.05,28.0,0.51,-64.4,-50.1,24.2,50.0,-95.1,7.5,1.0,120.0,1
D003308,6.1,1001.0,1.27,26.0,0.48,-69.5,-51.7,24.6,36.0,-95.9,20.4,0.0,129.0,1
D003309,5.8,1119.0,1.34,28.0,0.51,-66.5,-48.9,24.2,38.0,-94.8,11.0,0.0,130.0,1
D003310,4.3,1148.0,1.32,22.5,0.49,-61.0,-47.7,22.5,33.0,-99.8,13.1,1.0,119.0,0
D003311,6.6,1119.0,1.43,33.0,0.61,-69.2,-47.6,29.4,,-91.1,13.6,1.0,116.0,0
D003312,4.6,1136.0,1.1,29.0,0.42,-68.3,-49.7,25.2,45.0,-95.6,11.5,0.0,124.0,1
D003313,5.0,1195.0,1.29,31.5,0.46,-64.4,-51.2,24.6,41.0,-95.4,10.6,1.0,124.0,1
D003314,5.3,1171.0,1.2,30.5,0.54,-66.1,-49.9,25.1,45.0,-94.1,11.2,1.0,126.0,1
D003315,3.6,1009.0,1.17,34.5,0.44,-67.4,-49.1,24.0,38.0,-98.8,19.5,0.0,101.0,0
D003316,4.3,1321.0,1.03,24.5,0.4,-67.3,-48.6,21.8,32.0,-95.7,23.6,0.0,123.0,0
D003317,4.1,1124.0,1.16,28.0,0.47,-63.8,-48.3,23.6,42.0,-96.5,8.9,0.0,121.0,1
D003318,4.8,1109.0,1.03,29.5,0.47,-65.7,-49.7,25.3,45.0,-95.0,11.3,1.0,132.0,1
D003319,4.4,1118.0,1.14,31.0,0.49,-67.1,-51.1,24.0,44.0,-96.5,9.4,1.0,134.0,1
D003320,4.5,1171.0,,31.5,0.51,-65.7,-48.5,22.2,42.0,-95.9,11.4,0.0,121.0,1
D003321,5.3,1188.0,1.13,29.5,0.42,-64.6,-48.8,23.5,41.0,-96.9,6.4,1.0,127.0,0
D003322,3.9,1171.0,1.12,30.0,0.5,-65.3,-49.2,24.1,46.0,-94.9,13.2,0.0,132.0,1
D003323,4.6,1168.0,0.97,29.0,0.46,-65.1,-51.0,24.4,44.0,-95.1,9.5,1.0,128.0,0
D003324,4.4,1170.0,1.2,27.5,0.47,-65.9,-48.2,,43.0,-96.3,8.5,1.0,128.0,0
D003325,5.0,1211.0,1.18,31.0,0.5,-64.4,-49.9,22.9,42.0,-96.0,8.1,1.0,122.0,1
D003326,6.8,1370.0,1.43,38.0,0.51,-64.3,-54.5,20.6,58.0,-93.3,3.2,1.0,102.0,1
D003327,5.5,1294.0,1.13,28.5,0.49,-65.8,-50.1,23.3,,-95.2,7.9,1.0,133.0,1
D003328,4.6,1039.0,1.12,24.0,0.48,-61.2,-45.0,29.4,44.0,-93.9,21.7,1.0,120.0,0
D003329,4.6,1114.0,1.14,30.0,0.45,-65.5,-48.7,25.1,46.0,-95.0,8.1,,128.0,0
D003330,5.9,,1.59,31.5,0.46,-61.7,-49.0,23.1,40.0,-98.8,4.9,0.0,124.0,1
D003331,4.1,1140.0,1.22,28.0,0.52,-65.4,-50.5,23.4,44.0,-95.7,10.7,1.0,137.0,1
D003332,4.8,1165.0,1.16,29.5,0.48,-63.4,-49.8,24.2,48.0,-94.5,8.1,1.0,123.0,0
D003333,4.9,1149.0,1.09,31.0,0.5,-65.3,-51.6,,43.0,-93.6,5.7,0.0,128.0,1
D003334,4.8,1158.0,1.17,27.0,0.49,-65.1,-52.7,,43.0,-95.3,11.2,0.0,125.0,1
D003335,4.9,1217.0,1.07,26.5,0.42,-64.0,-51.3,24.7,47.0,-94.2,13.9,1.0,133.0,1
D003336,4.3,1219.0,1.16,30.0,0.49,-65.7,-51.3,25.3,49.0,-94.4,7.0,0.0,125.0,1
D003337,4.9,1223.0,1.03,32.0,0.52,-66.1,-48.7,23.0,44.0,,10.4,1.0,133.0,1
D003338,5.0,1201.0,1.15,26.0,0.44,-64.9,-50.9,24.5,47.0,-94.7,11.4,1.0,133.0,1
D003339,4.7,1182.0,1.23,30.5,0.55,-66.5,-49.1,23.5,38.0,-96.4,7.9,0.0,126.0,1
D003340,4.7,1163.0,1.12,31.5,0.49,-64.2,-49.0,22.7,46.0,-96.5,11.8,1.0,131.0,0
D003341,6.5,1094.0,0.92,22.0,0.44,-63.7,-51.6,20.4,49.0,-94.0,15.6,1.0,111.0,1
D003342,4.5,1197.0,1.13,28.0,0.43,-65.7,-48.3,25.0,43.0,-92.9,10.3,1.0,130.0,0
D003343,4.4,1093.0,1.2,29.5,0.47,-65.1,-48.5,24.8,39.0,-95.2,8.8,0.0,119.0,1
D003344,4.0,1089.0,0.84,34.0,0.56,-64.5,-46.5,24.5,43.0,-96.4,10.3,1.0,102.0,0
D003345,4.9,1210.0,1.02,28.0,0.53,-66.5,-48.8,21.5,43.0,-95.7,10.6,0.0,136.0,1
D003346,5.9,1309.0,1.29,23.0,0.68,-67.8,-47.2,23.1,40.0,-93.9,6.1,1.0,100.0,0
D003347,4.9,1225.0,1.02,27.5,0.43,-67.5,-50.7,24.2,45.0,-96.9,6.7,1.0,,1
D003348,4.9,1151.0,1.22,30.5,0.46,-63.3,-49.7,23.7,48.0,-96.7,10.1,1.0,129.0,0
D003349,6.0,1072.0,1.38,32.0,0.61,-68.2,-52.8,23.6,59.0,-93.6,5.0,1.0,108.0,1
D003350,4.6,1226.0,1.1,31.0,0.45,-63.4,-49.7,23.8,50.0,-94.7,7.5,0.0,130.0,0
D003351,4.6,1145.0,1.15,26.5,0.44,-66.5,-50.8,24.2,42.0,-95.4,9.9,1.0,124.0,1
D003352,3.1,1281.0,1.17,26.5,0.31,-66.9,-50.0,,36.0,-90.7,10.9,1.0,,0
D003353,3.9,1174.0,0.9,36.0,0.62,-61.2,-49.4,20.3,33.0,-93.1,21.0,1.0,117.0,0
D003354,5.0,1247.0,1.17,28.5,0.47,-65.5,-49.8,22.5,45.0,-94.5,8.7,1.0,128.0,1
D003355,4.4,1198.0,1.1,30.5,0.51,-66.2,-50.1,24.6,43.0,-95.0,13.6,0.0,125.0,0
D003356,3.6,1044.0,0.96,31.0,0.65,-60.2,-45.8,23.3,39.0,-98.6,2.8,0.0,125.0,1
D003357,5.0,1145.0,0.96,27.5,0.45,-65.3,-50.0,24.4,42.0,-95.4,11.2,1.0,130.0,1
D003358,4.7,1137.0,1.11,28.5,0.54,-64.5,-52.1,25.6,47.0,-95.0,8.7,0.0,135.0,1
D003359,5.5,1241.0,1.01,31.0,0.44,-65.9,-49.5,25.0,51.0,-97.2,8.5,1.0,126.0,1
D003360,4.5,1149.0,0.98,31.5,0.51,-65.3,-51.2,22.8,43.0,-95.1,5.9,0.0,123.0,1
D003361,4.6,1191.0,1.32,28.5,0.56,-61.7,-49.1,30.0,54.0,-97.6,3.9,0.0,128.0,0
D003362,4.6,1166.0,0.99,30.0,0.46,-66.1,-49.9,25.7,48.0,-97.1,8.7,1.0,129.0,1
D003363,3.5,1184.0,,28.0,0.56,-61.4,-47.8,28.1,33.0,-98.5,24.0,1.0,121.0,0
D003364,5.3,1193.0,1.07,30.0,0.45,-64.5,-49.9,22.6,46.0,-96.1,7.1,0.0,133.0,1
D003365,3.9,1009.0,1.28,24.0,0.46,-69.5,-54.2,24.1,50.0,-96.2,,0.0,137.0,0
D003366,5.1,1211.0,1.16,,0.49,-65.0,-50.9,25.1,45.0,-94.8,9.4,1.0,140.0,1
D003367,4.7,1173.0,1.23,29.5,0.49,,-48.5,23.3,44.0,,9.1,0.0,127.0,1
D003368,4.8,1177.0,1.15,27.0,0.47,-64.5,-49.4,23.6,40.0,-93.6,8.6,0.0,128.0,1
D003369,4.5,1217.0,1.1,26.0,0.5,-64.5,-49.3,25.3,43.0,-94.8,4.4,0.0,125.0,1
D003370,5.5,1173.0,0.99,27.0,0.46,-66.7,-51.3,24.1,45.0,-96.2,7.4,,126.0,1
D003371,4.6,1261.0,1.18,34.5,0.51,-62.1,-46.7,21.1,51.0,-96.9,9.1,0.0,147.0,1
D003372,4.8,1203.0,0.94,25.0,0.44,-66.5,-51.1,24.1,47.0,-93.3,10.2,1.0,129.0,0
D003373,4.8,1179.0,1.2,28.5,0.48,-64.1,-50.9,24.7,44.0,-95.2,4.8,0.0,125.0,1
D003374,3.1,1166.0,0.89,34.0,0.59,-69.1,-51.9,27.9,42.0,-97.9,1.9,0.0,145.0,1
D003375,4.8,1163.0,1.08,30.0,0.41,-63.9,-49.8,24.6,48.0,-96.1,7.8,0.0,130.0,1
D003376,3.3,,1.08,36.5,0.56,-69.5,-49.9,24.2,38.0,-92.4,17.8,1.0,139.0,0
D003377,3.8,1327.0,1.43,24.5,0.4,-60.8,-50.8,27.5,39.0,-94.6,6.4,0.0,124.0,0
D003378,4.4,1134.0,1.06,30.5,0.56,-65.8,-50.6,24.8,48.0,-96.1,5.9,0.0,130.0,1
D003379,6.6,1010.0,1.31,26.5,0.51,-66.6,-53.7,,59.0,-94.7,7.3,0.0,117.0,1
D003380,6.6,1160.0,0.91,23.0,0.62,-62.5,-46.6,27.3,51.0,-96.8,4.5,0.0,105.0,0
D003381,5.9,1211.0,0.94,26.0,0.5,-64.2,-48.1,23.8,48.0,-95.1,6.9,0.0,132.0,1
D003382,4.7,1298.0,1.4,26.0,0.65,-66.1,-46.8,22.3,51.0,-96.3,6.8,1.0,108.0,0
D003383,5.1,1144.0,1.02,28.5,0.45,-65.1,-48.6,26.2,43.0,-96.2,8.7,0.0,137.0,1
D003384,5.0,1167.0,1.11,28.5,0.51,-64.8,-50.3,24.1,46.0,-95.7,8.6,0.0,121.0,1
D003385,4.7,1210.0,1.13,28.5,0.45,-67.1,-49.5,25.5,46.0,-97.2,11.0,0.0,127.0,1
D003386,4.9,1213.0,1.04,25.5,0.5,-65.6,-50.0,26.3,46.0,-95.9,9.6,1.0,128.0,1
D003387,3.3,,1.29,29.0,0.47,-62.7,-52.9,20.2,39.0,-99.5,9.6,0.0,135.0,0
D003388,5.0,1253.0,1.0,31.5,0.53,-65.9,-51.1,24.4,45.0,-94.6,7.8,0.0,132.0,1
D003389,5.2,1198.0,1.11,28.5,0.49,-67.5,-49.8,24.2,46.0,-93.7,11.3,0.0,122.0,1
D003390,4.3,1163.0,1.16,32.5,0.45,-66.2,-50.6,25.2,46.0,-95.4,9.8,1.0,124.0,0
D003391,5.2,1108.0,1.11,30.5,0.55,-63.0,-50.0,26.2,40.0,-95.6,8.5,1.0,127.0,0
D003392,3.9,1335.0,0.87,26.0,0.69,-67.1,-51.9,27.0,50.0,-91.0,23.8,0.0,118.0,0
D003393,5.3,1127.0,1.47,36.5,0.61,-67.7,-50.6,24.4,57.0,-94.3,17.8,1.0,120.0,1
D003394,5.0,1257.0,0.98,25.0,0.48,-62.8,-51.4,23.7,43.0,-95.4,8.3,1.0,131.0,1
D003395,4.9,1187.0,1.09,28.0,0.51,-67.2,-51.1,24.0,47.0,-94.7,10.3,1.0,124.0,1
D003396,4.7,1292.0,1.58,33.5,0.37,-61.0,-45.3,26.9,38.0,-98.4,23.8,0.0,136.0,0
D003397,4.5,1180.0,1.11,29.0,0.46,-65.3,-51.5,23.6,44.0,-94.4,10.9,1.0,126.0,1
D003398,5.8,1193.0,1.09,36.5,0.52,-61.2,-46.2,25.0,34.0,-97.2,21.9,0.0,126.0,1
D003399,4.8,1103.0,1.16,31.5,0.54,-65.6,-49.4,25.0,48.0,-95.9,4.2,1.0,130.0,1
D003400,4.7,1186.0,1.14,32.0,0.45,-65.8,-49.3,25.8,39.0,-95.6,9.2,1.0,127.0,1
D003401,6.4,1147.0,1.02,28.0,0.55,-68.1,-46.2,22.2,53.0,-95.7,0.5,1.0,109.0,1
D003402,5.2,1262.0,1.03,32.0,0.44,-64.2,-48.0,24.2,42.0,-94.6,7.7,1.0,129.0,1
D003403,5.2,1157.0,1.18,26.0,0.52,-66.4,-48.8,24.4,50.0,-96.3,7.0,0.0,120.0,1
D003404,5.6,1218.0,0.95,27.5,0.47,-64.7,-48.7,25.2,48.0,-97.1,8.7,0.0,124.0,1
D003405,5.7,1136.0,1.13,26.5,0.52,-67.8,-49.6,23.4,41.0,-95.1,6.7,0.0,131.0,1
D003406,6.2,1173.0,1.1,29.5,0.68,-69.4,-53.4,27.1,58.0,-90.6,10.4,0.0,111.0,0
D003407,4.7,1074.0,1.16,28.5,0.46,-65.5,-50.4,24.1,44.0,-97.3,9.1,1.0,131.0,1
D003408,4.6,1135.0,1.22,26.0,0.48,-65.4,-50.2,23.4,45.0,-96.6,9.4,1.0,123.0,1
D003409,5.2,1214.0,1.06,26.0,0.48,-65.2,-49.1,24.9,44.0,-95.0,6.8,0.0,134.0,1
D003410,5.5,1179.0,1.15,31.0,0.5,-66.3,-50.5,23.5,41.0,-94.4,9.8,0.0,127.0,1
D003411,3.8,1304.0,1.44,35.5,0.35,-69.8,-54.2,22.0,38.0,-99.0,11.1,1.0,113.0,0
D003412,5.5,1134.0,0.83,33.0,0.6,-66.3,-49.7,25.2,44.0,-99.0,11.1,0.0,104.0,1
D003413,5.1,1208.0,1.14,31.0,0.48,-64.9,-49.7,24.4,38.0,-95.7,8.3,1.0,137.0,1
D003414,5.8,1247.0,1.03,25.0,0.35,-67.3,-45.2,28.5,49.0,-92.2,9.1,0.0,106.0,0
D003415,4.2,1017.0,0.91,26.0,0.34,-60.8,-50.0,29.8,46.0,-95.2,7.0,1.0,106.0,0
D003416,5.8,1079.0,1.07,25.0,0.39,-68.5,-53.5,21.2,43.0,-99.7,9.4,0.0,140.0,1
D003417,4.8,1180.0,1.1,28.0,0.44,-66.6,-50.5,23.7,49.0,-94.6,8.0,0.0,134.0,1
D003418,6.1,1269.0,1.54,34.5,0.47,-61.2,-45.6,27.4,30.0,-100.0,0.6,0.0,105.0,0
D003419,4.4,1086.0,0.99,29.0,0.46,-65.2,-50.2,24.0,48.0,-94.5,1.6,1.0,124.0,0
D003420,5.3,1171.0,1.14,32.0,0.51,-65.5,-48.7,23.6,46.0,-93.9,10.8,0.0,122.0,1
D003421,5.3,1156.0,1.22,28.0,0.52,-64.9,-49.8,24.3,46.0,-93.7,6.8,0.0,134.0,0
D003422,4.7,1173.0,1.07,29.0,0.43,-65.3,-50.7,24.7,44.0,-97.4,10.5,1.0,131.0,1
D003423,5.7,1084.0,1.51,27.5,0.4,-69.1,-47.7,23.8,,-93.6,1.3,1.0,116.0,0
D003424,4.0,1200.0,1.14,29.5,0.43,-66.1,-51.2,25.1,39.0,-96.1,6.3,0.0,125.0,1
D003425,6.4,1244.0,1.05,25.5,0.61,-68.2,-48.1,28.2,39.0,-94.3,12.0,0.0,119.0,1
D003426,5.1,1199.0,1.48,27.0,0.61,-65.1,-54.0,22.9,46.0,-92.4,10.3,1.0,133.0,0
D003427,3.9,1383.0,1.53,20.5,0.62,-67.3,-53.3,27.8,59.0,-94.2,10.4,1.0,125.0,0
D003428,5.4,1183.0,1.18,30.0,0.5,-65.2,-49.1,24.4,46.0,-95.2,8.9,1.0,131.0,1
D003429,5.6,1375.0,1.33,31.0,0.68,-65.8,-48.3,25.0,46.0,-90.3,0.6,0.0,135.0,0
D003430,3.8,1156.0,1.04,20.0,0.57,-69.1,-47.4,21.8,52.0,-94.1,21.0,1.0,106.0,0
D003431,4.6,1173.0,1.04,29.0,0.46,-64.6,-51.7,23.6,46.0,-94.1,8.4,0.0,127.0,1
D003432,4.9,1129.0,0.86,31.0,0.49,-66.1,-50.7,24.5,46.0,-94.7,9.7,1.0,135.0,1
D003433,3.7,1009.0,1.23,26.5,0.33,-64.2,-54.3,26.9,37.0,-93.0,18.0,0.0,114.0,0
D003434,5.3,1233.0,1.08,29.0,0.46,-65.7,-49.5,22.9,43.0,-95.5,10.3,0.0,133.0,1
D003435,5.2,1170.0,0.98,29.5,0.41,-66.1,-51.1,25.0,46.0,-94.7,6.1,1.0,121.0,1
D003436,5.0,1199.0,1.16,25.5,0.45,-65.8,-50.0,22.8,43.0,-96.1,6.4,0.0,128.0,1
D003437,5.3,1130.0,1.57,28.0,0.61,-67.1,-53.4,28.4,34.0,-98.3,13.8,0.0,109.0,0
D003438,5.2,1177.0,1.19,30.0,0.43,-65.4,-49.3,23.4,46.0,-94.5,8.7,1.0,126.0,1
D003439,4.8,1175.0,1.03,,,-63.2,-50.6,24.3,43.0,-94.9,9.2,1.0,129.0,1
D003440,6.4,1259.0,1.13,34.0,0.68,-65.8,-48.4,23.0,41.0,-95.7,23.5,1.0,113.0,0
D003441,4.5,1142.0,1.09,25.5,0.51,-64.4,-50.5,25.0,44.0,-94.4,10.1,1.0,117.0,0
D003442,,1224.0,0.9,35.0,0.41,-66.9,-50.3,27.9,40.0,-94.7,,1.0,114.0,1
D003443,5.2,1184.0,1.24,24.5,0.48,,-50.2,24.3,42.0,-95.5,6.5,1.0,138.0,1
D003444,4.7,1134.0,1.05,31.0,0.47,-66.3,-48.3,23.3,47.0,-95.7,10.8,1.0,130.0,1
D003445,6.7,1040.0,1.45,34.0,0.43,-65.9,-45.8,30.0,51.0,-92.5,,1.0,135.0,0
D003446,4.3,1191.0,1.02,35.0,0.47,-64.8,-50.7,23.1,42.0,-94.9,10.8,1.0,129.0,1
D003447,5.7,1020.0,0.96,33.0,0.63,-65.5,-54.9,21.0,48.0,-92.1,15.5,1.0,150.0,0
D003448,5.0,1161.0,1.21,28.5,0.48,-66.1,-51.6,23.9,46.0,-96.8,10.5,1.0,130.0,1
D003449,5.2,1335.0,1.03,29.5,0.33,-69.0,-50.3,25.6,55.0,-91.7,4.2,1.0,101.0,1
D003450,3.9,1176.0,1.14,26.5,0.47,-65.7,-51.2,26.0,47.0,-96.7,12.1,1.0,133.0,0
D003451,4.4,1180.0,1.13,30.5,0.41,-63.7,-51.2,23.1,45.0,-95.1,11.6,0.0,120.0,1
D003452,5.8,1375.0,1.28,39.0,0.31,-62.7,-49.0,24.0,34.0,-92.6,1.4,1.0,138.0,1
D003453,4.4,1195.0,1.09,29.5,0.39,-65.1,-50.0,23.2,45.0,-94.3,11.4,1.0,122.0,0
D003454,5.1,1189.0,1.13,32.5,0.48,-65.6,-50.3,22.4,47.0,-95.2,6.5,1.0,128.0,1
D003455,3.9,1395.0,0.82,22.0,0.68,-63.8,-50.7,27.6,51.0,-93.5,10.5,0.0,135.0,0
D003456,5.0,1193.0,1.04,29.5,0.5,-65.8,-50.2,25.7,43.0,-97.3,8.8,1.0,128.0,1
D003457,,1172.0,,37.5,0.67,-62.9,-49.5,28.6,34.0,-94.4,9.6,1.0,148.0,0
D003458,3.1,1231.0,1.33,28.0,0.48,-63.7,-46.3,28.3,35.0,-96.5,4.7,0.0,143.0,0
D003459,4.4,1226.0,1.1,31.0,0.48,-63.0,-47.7,22.2,43.0,-95.6,9.8,1.0,131.0,1
D003460,4.7,1136.0,0.86,22.0,0.62,-61.4,-47.8,24.3,60.0,-90.0,20.2,1.0,128.0,0
D003461,6.3,1030.0,1.26,23.0,0.59,-69.0,-53.1,21.2,53.0,-91.9,10.6,0.0,149.0,1
D003462,4.9,1058.0,1.02,33.5,0.51,-66.2,-51.6,20.5,54.0,-95.2,1.3,0.0,117.0,1
D003463,4.2,1150.0,,28.5,0.47,-66.6,-50.3,25.0,43.0,-96.0,7.5,0.0,131.0,1
D003464,4.8,1145.0,1.22,28.5,0.47,-67.3,-50.4,24.6,45.0,-94.9,8.6,0.0,122.0,1
D003465,5.0,1188.0,1.12,28.0,0.41,-65.1,-50.0,25.4,45.0,-94.4,4.2,0.0,128.0,1
D003466,3.8,1089.0,1.11,32.0,0.39,-65.8,-45.9,23.9,32.0,-90.6,17.4,0.0,120.0,0
D003467,4.6,,1.1,29.0,0.45,-65.5,-49.3,24.6,40.0,-93.8,11.2,0.0,136.0,1
D003468,,1143.0,1.12,27.0,0.43,-64.2,-51.5,24.2,42.0,-95.4,11.9,1.0,124.0,0
D003469,6.4,1085.0,1.2,37.5,0.58,-60.9,-51.2,20.8,52.0,-92.7,6.1,0.0,112.0,0
D003470,4.9,1129.0,1.07,30.5,0.45,-65.3,-50.5,23.9,46.0,-96.0,7.0,1.0,134.0,1
D003471,4.8,1198.0,1.04,30.0,0.42,-63.1,-48.6,23.1,46.0,-95.1,7.7,0.0,130.0,1
D003472,4.7,1132.0,1.14,31.5,0.46,-65.8,-52.1,24.3,38.0,-94.4,8.1,1.0,130.0,1
D003473,5.4,1250.0,,30.0,,-65.4,-50.6,22.9,42.0,-96.3,11.7,0.0,132.0,1
D003474,5.5,1177.0,1.15,28.0,0.44,-67.8,-50.2,24.6,43.0,-97.3,13.0,1.0,127.0,1
D003475,4.4,1103.0,1.16,27.0,0.4,-64.2,-49.0,23.6,45.0,-95.6,9.9,0.0,137.0,0
D003476,3.3,1323.0,1.35,26.0,0.52,-63.3,-46.4,27.7,,-98.9,23.5,0.0,109.0,0
D003477,4.3,1185.0,1.15,30.0,0.46,-65.1,-50.0,23.5,44.0,-95.4,12.0,1.0,135.0,0
D003478,5.2,1165.0,1.07,30.0,0.44,-65.9,-49.2,25.3,40.0,-96.0,11.1,0.0,130.0,1
D003479,4.8,1220.0,1.02,31.0,0.53,-63.2,-52.0,24.4,44.0,-96.4,10.9,1.0,129.0,1
D003480,4.1,1184.0,1.01,36.0,0.51,-65.2,-49.1,24.8,41.0,-95.1,9.5,,131.0,1
D003481,5.4,1176.0,0.81,23.0,0.64,-61.2,-48.2,24.7,52.0,-97.6,22.5,1.0,142.0,0
D003482,3.7,1084.0,,30.0,0.43,-68.5,-50.0,25.9,30.0,-95.0,21.5,1.0,110.0,0
D003483,6.2,1398.0,1.46,35.0,0.47,-66.6,-52.1,28.3,58.0,-93.4,13.8,0.0,128.0,1
D003484,4.6,1205.0,0.98,30.5,0.45,-64.8,-52.3,24.7,39.0,-93.6,6.1,1.0,129.0,1
D003485,5.3,1203.0,1.23,30.0,0.51,-64.4,-48.5,23.0,43.0,-96.0,6.3,0.0,129.0,1
D003486,5.1,1203.0,1.14,30.5,0.47,-65.0,-49.5,23.7,41.0,-95.7,10.3,1.0,122.0,1
D003487,5.2,1191.0,1.1,31.0,0.51,-66.1,-51.3,22.9,44.0,-96.6,12.5,1.0,123.0,1
D003488,4.0,1191.0,1.08,28.0,0.46,-69.2,-50.1,22.5,47.0,-96.8,9.2,1.0,130.0,1
D003489,4.3,1172.0,1.01,27.5,0.51,-65.3,-52.2,22.7,44.0,-97.1,6.6,0.0,124.0,0
D003490,6.6,1294.0,1.57,27.0,0.53,-64.7,-50.7,20.0,45.0,-98.5,18.8,0.0,100.0,0
D003491,5.6,1249.0,1.14,33.5,0.33,-61.3,-55.0,29.8,39.0,-99.5,22.2,1.0,106.0,0
D003492,5.2,1192.0,1.03,27.5,0.52,-66.9,-48.6,22.8,45.0,-94.0,8.4,0.0,122.0,1
D003493,4.0,1189.0,1.2,34.5,0.38,-69.1,-52.6,25.8,36.0,-97.1,,0.0,123.0,0
D003494,4.6,1174.0,1.18,28.0,0.46,-66.8,-50.8,24.3,43.0,-96.1,8.5,0.0,126.0,1
D003495,5.6,1224.0,0.94,25.0,0.65,-60.3,-48.3,24.5,42.0,-97.4,8.2,1.0,107.0,1
D003496,3.8,1270.0,1.46,,0.48,-60.4,-52.8,28.2,49.0,-92.0,8.5,1.0,111.0,0
D003497,4.7,1165.0,1.07,29.5,0.53,-64.8,-50.7,22.6,,-95.8,10.0,1.0,123.0,0
D003498,4.9,1236.0,1.11,28.5,0.49,-65.0,-50.5,24.7,45.0,-97.0,6.4,1.0,126.0,1
D003499,3.9,1168.0,1.56,20.5,0.4,-62.5,-52.3,25.7,41.0,-94.0,23.3,1.0,143.0,0
D003500,4.7,1246.0,1.09,28.0,0.49,-66.4,-49.7,23.1,51.0,-96.2,5.8,0.0,130.0,1
D003501,5.0,1260.0,1.16,33.0,0.59,-65.1,-49.1,27.2,32.0,-95.6,2.6,0.0,109.0,1
D003502,4.8,1176.0,1.08,29.5,0.51,-65.7,-51.2,23.8,44.0,-95.8,6.8,0.0,121.0,1
D003503,5.0,1204.0,1.06,32.5,0.48,-65.5,-48.5,26.0,49.0,-95.2,4.7,0.0,114.0,1
D003504,4.8,1199.0,1.06,32.0,0.49,-65.9,-50.2,24.3,48.0,-95.5,9.4,1.0,126.0,1
D003505,4.5,1115.0,0.99,28.0,0.43,-63.3,-50.8,25.7,48.0,-96.0,,1.0,125.0,0
D003506,5.3,1201.0,1.12,32.0,0.45,-64.1,-51.0,24.7,43.0,-96.4,7.0,1.0,126.0,1
D003507,3.3,1142.0,0.89,31.5,0.57,-68.7,-53.2,25.2,39.0,-92.7,1.5,1.0,137.0,1
D003508,,1383.0,1.25,36.5,0.52,-64.3,-52.8,21.4,47.0,-94.4,15.0,1.0,133.0,1
D003509,3.4,1244.0,1.32,23.0,0.57,-69.0,-51.3,22.5,38.0,-95.4,15.4,1.0,130.0,0
D003510,3.1,1145.0,1.34,30.5,0.46,-64.1,-46.0,25.4,33.0,-93.1,9.9,1.0,112.0,0
D003511,4.7,1227.0,1.22,29.5,0.44,-65.0,-50.9,24.3,45.0,-96.4,8.6,1.0,124.0,1
D003512,4.7,1132.0,1.03,32.5,0.45,-64.9,-49.8,25.0,40.0,-96.4,10.5,0.0,137.0,1
D003513,5.6,,1.26,23.0,0.36,-68.6,-47.7,20.4,33.0,-91.1,9.6,0.0,101.0,0
D003514,4.3,1315.0,1.25,26.0,0.32,-68.6,-49.5,29.4,52.0,-97.8,23.8,0.0,146.0,0
D003515,5.0,1387.0,1.26,36.5,0.45,-68.8,-47.5,22.9,49.0,-95.0,17.8,1.0,141.0,1
D003516,5.1,,1.05,25.0,0.56,-65.3,-48.2,25.1,,-95.7,8.8,1.0,125.0,0
D003517,4.3,1284.0,0.95,23.5,0.64,-62.6,-53.2,22.1,56.0,-97.7,11.9,0.0,149.0,1
D003518,4.3,1122.0,0.8,39.5,0.38,-68.8,-53.1,25.6,55.0,-93.9,2.0,1.0,129.0,1
D003519,5.2,1154.0,1.07,28.5,0.51,-65.5,-49.6,24.8,42.0,-96.3,10.5,1.0,120.0,1
D003520,4.9,1152.0,1.23,30.0,0.45,-63.5,-48.3,23.7,48.0,-93.8,6.6,1.0,122.0,1
D003521,4.2,1223.0,1.1,28.5,0.5,-66.1,-48.5,24.8,49.0,-94.6,11.8,1.0,130.0,0
D003522,4.6,1205.0,0.94,30.5,0.47,-65.5,-48.5,25.9,40.0,-95.9,4.9,1.0,121.0,1
D003523,4.9,1216.0,1.2,31.0,0.48,-65.8,-49.9,23.5,47.0,-95.9,8.1,1.0,120.0,1
D003524,4.6,1245.0,1.07,29.5,0.5,-64.6,-48.8,24.4,45.0,-96.1,8.0,0.0,124.0,1
D003525,5.1,1158.0,1.02,,0.5,-65.2,-49.6,23.9,42.0,-95.6,9.4,1.0,124.0,1
D003526,4.5,1191.0,1.15,31.5,0.39,-64.7,-49.1,23.5,47.0,-96.0,7.7,1.0,127.0,0
D003527,5.0,1185.0,1.07,28.5,0.55,-64.6,-49.8,23.9,48.0,-94.9,12.0,1.0,126.0,0
D003528,5.2,1189.0,1.17,,0.46,-67.6,-50.4,22.3,45.0,-94.5,14.2,1.0,137.0,1
D003529,4.7,1214.0,1.12,30.5,0.51,,-50.2,23.0,42.0,-96.5,9.8,1.0,128.0,1
D003530,4.9,1138.0,1.01,26.0,0.55,-64.1,-50.2,24.3,46.0,-95.3,10.5,0.0,127.0,1
D003531,5.7,1177.0,0.81,32.0,0.67,-67.4,-51.7,26.4,33.0,-90.4,6.9,0.0,137.0,1
D003532,5.6,1202.0,1.07,26.5,0.5,-65.8,-48.4,24.2,40.0,-96.0,10.8,1.0,128.0,1
D003533,5.1,1183.0,1.18,30.0,0.47,-64.9,-51.1,23.9,52.0,-94.2,5.2,1.0,118.0,1
D003534,5.3,1238.0,1.0,30.0,0.45,-65.1,-47.5,23.4,45.0,-94.5,10.0,0.0,129.0,1
D003535,4.8,1091.0,1.05,28.5,0.47,-64.1,-49.7,25.0,44.0,-96.9,9.7,1.0,119.0,1
D003536,4.9,1179.0,1.04,,0.46,-62.6,-48.8,24.2,47.0,-95.3,14.1,1.0,123.0,0
D003537,6.1,1189.0,1.32,37.0,0.67,-65.2,-47.8,28.3,50.0,-91.1,0.1,0.0,132.0,0
D003538,3.9,1217.0,1.14,29.0,0.49,-65.2,-50.4,26.0,45.0,-95.7,7.4,,123.0,1
D003539,4.8,1260.0,1.18,28.0,0.48,-65.4,-50.9,24.0,40.0,-95.2,11.4,0.0,138.0,1
D003540,5.5,1211.0,0.96,27.0,0.5,-64.8,-47.9,24.5,39.0,-96.7,11.9,1.0,125.0,1
D003541,4.6,1153.0,1.02,29.5,0.42,-65.4,-49.9,22.4,43.0,-95.9,9.0,1.0,129.0,0
D003542,4.6,1084.0,1.08,30.0,0.49,-65.3,-50.6,23.6,40.0,-95.9,10.2,1.0,131.0,1
D003543,4.2,1258.0,0.97,30.0,0.44,-64.9,-49.4,22.1,45.0,-95.1,10.0,0.0,123.0,1
D003544,4.3,1215.0,1.17,32.5,0.45,-65.7,-45.5,24.8,35.0,-98.7,14.3,1.0,139.0,1
D003545,5.3,1191.0,1.07,29.5,0.47,-64.3,-50.1,24.2,39.0,-95.9,4.8,0.0,124.0,1
D003546,5.9,1024.0,1.57,21.0,0.46,-62.4,-46.2,22.3,36.0,-94.0,2.3,1.0,113.0,0
D003547,5.0,1179.0,0.93,27.0,0.45,-65.1,-49.1,23.9,41.0,-95.2,8.6,1.0,123.0,1
D003548,3.8,1203.0,0.88,22.0,0.6,-69.3,-52.8,25.8,50.0,-99.6,10.9,0.0,107.0,0
D003549,6.8,1282.0,1.46,39.5,0.33,-60.9,-47.3,29.7,46.0,-97.4,9.8,0.0,129.0,0
D003550,4.9,1152.0,1.08,29.0,0.44,-64.4,-49.9,23.9,44.0,-95.0,7.6,0.0,126.0,1
D003551,4.4,1182.0,1.07,29.0,0.5,-66.1,-49.4,25.6,38.0,-95.3,11.0,1.0,132.0,1
D003552,3.1,1272.0,1.55,29.0,0.36,-64.8,-49.9,20.8,34.0,-91.9,20.3,1.0,137.0,0
D003553,4.7,1143.0,1.04,27.5,0.45,-65.8,-50.1,23.4,43.0,-94.6,8.9,0.0,135.0,1
D003554,4.9,1170.0,1.11,33.5,0.5,-65.7,-49.2,24.3,51.0,-95.6,11.1,1.0,131.0,1
D003555,5.2,1216.0,1.07,29.0,0.52,-65.5,-49.8,22.8,41.0,-95.1,9.5,1.0,132.0,1
D003556,4.1,1198.0,1.16,31.5,0.42,-66.4,-50.1,24.3,42.0,-95.9,7.2,0.0,128.0,1
D003557,4.9,1194.0,1.19,30.5,0.53,-65.8,-51.7,24.5,43.0,-94.2,12.9,1.0,128.0,1
D003558,4.5,1207.0,0.98,28.5,0.46,-66.6,-50.5,23.2,49.0,-94.8,7.9,0.0,,1
D003559,4.8,1186.0,1.09,28.0,0.5,,-49.9,23.7,41.0,-96.1,6.0,1.0,130.0,1
D003560,5.0,1117.0,1.3,31.0,0.49,-60.4,-53.7,24.4,56.0,-91.3,17.4,1.0,136.0,0
D003561,4.5,1228.0,1.14,29.5,0.47,-64.9,-48.5,24.4,46.0,-94.3,12.0,0.0,126.0,1
D003562,5.7,1144.0,1.15,30.5,0.53,-65.6,-47.8,23.6,42.0,-96.7,4.8,0.0,124.0,1
D003563,4.8,1221.0,1.02,32.0,0.48,-65.3,-49.6,26.0,45.0,-95.8,8.6,0.0,128.0,1
D003564,4.7,1260.0,0.96,28.0,0.52,-66.3,-49.4,22.9,43.0,-97.1,10.7,0.0,130.0,1
D003565,5.7,1223.0,1.03,28.0,0.49,-65.1,-49.5,23.6,43.0,-96.6,5.4,0.0,122.0,1
D003566,4.1,1169.0,1.09,24.5,0.46,-65.7,-49.2,23.1,45.0,-96.7,11.1,0.0,130.0,1
D003567,4.8,1241.0,1.19,27.5,0.53,-64.3,-51.5,25.2,44.0,-97.1,8.7,1.0,133.0,1
D003568,6.8,1260.0,1.56,37.5,0.44,-68.4,-49.7,20.8,50.0,-92.6,16.5,1.0,120.0,1
D003569,4.5,1168.0,1.07,25.0,0.45,-64.9,-48.8,25.1,50.0,-96.3,4.9,1.0,130.0,0
D003570,5.1,1181.0,1.09,,0.49,-64.7,-50.2,24.1,45.0,-94.7,9.2,1.0,132.0,1
D003571,4.0,1263.0,1.57,23.5,0.49,-64.9,-49.0,23.1,44.0,-90.4,1.6,,121.0,0
D003572,4.7,1199.0,1.01,31.5,0.52,-67.1,-51.1,25.2,48.0,-94.5,11.8,1.0,129.0,1
D003573,5.2,1197.0,1.09,28.0,0.46,,-50.0,24.7,46.0,-94.2,6.7,1.0,127.0,1
D003574,5.2,1069.0,1.04,30.5,0.5,-65.7,-49.9,23.5,45.0,-96.7,13.0,1.0,124.0,1
D003575,4.3,1174.0,1.05,29.5,0.47,-65.2,-50.1,24.2,47.0,,6.2,1.0,130.0,1
D003576,5.1,1242.0,1.0,30.5,0.51,-65.6,-50.0,24.1,40.0,-93.9,7.4,0.0,133.0,1
D003577,5.4,1163.0,0.93,25.5,0.57,-66.2,-49.0,21.9,43.0,-96.9,6.8,1.0,125.0,1
D003578,5.4,1124.0,1.03,20.0,0.4,-69.8,-46.1,23.7,55.0,-97.1,18.2,,132.0,0
D003579,4.9,1126.0,1.45,34.0,0.67,-65.1,-48.6,23.8,50.0,-96.9,15.2,1.0,134.0,0
D003580,5.3,1182.0,1.2,28.5,0.42,-65.1,-49.2,25.3,47.0,-95.0,4.5,0.0,122.0,1
D003581,4.6,1166.0,0.82,33.5,0.32,-62.0,,26.2,47.0,-98.4,2.5,1.0,130.0,1
D003582,5.7,1081.0,1.03,27.5,0.45,-63.5,-47.4,22.3,59.0,-99.6,15.1,0.0,134.0,1
D003583,4.8,1126.0,1.01,27.0,0.48,-66.5,-49.7,23.9,46.0,-96.0,14.3,1.0,127.0,1
D003584,3.6,1398.0,1.56,30.0,0.37,-61.9,-45.6,21.4,50.0,-92.4,10.7,1.0,105.0,0
D003585,4.2,1222.0,1.55,27.5,0.68,-69.7,-45.6,28.1,50.0,-92.5,12.5,1.0,139.0,0
D003586,4.0,1149.0,1.08,26.0,0.46,-68.7,-48.3,25.5,46.0,-93.0,13.7,1.0,146.0,1
D003587,6.2,1001.0,0.93,26.5,0.54,-61.7,-45.2,29.1,55.0,-91.6,7.0,1.0,108.0,0
D003588,5.0,1197.0,1.27,28.5,0.53,-64.7,-49.9,23.3,43.0,-94.0,3.8,1.0,128.0,1
D003589,4.7,1176.0,1.13,28.5,0.51,-65.3,-52.4,22.7,44.0,-95.2,6.4,1.0,136.0,1
D003590,4.5,1214.0,1.04,27.5,0.52,-66.3,-49.6,24.0,47.0,-94.3,9.8,0.0,130.0,1
D003591,4.8,1075.0,1.09,32.0,0.48,-65.1,-49.8,24.3,51.0,-95.6,5.2,1.0,125.0,1
D003592,4.8,1173.0,0.95,30.0,0.49,-64.6,-51.7,,41.0,-96.0,10.8,1.0,128.0,1
D003593,4.5,1219.0,1.14,29.0,0.47,-65.5,-51.7,25.4,48.0,-95.7,9.8,1.0,126.0,1
D003594,4.9,1263.0,1.38,36.0,0.44,-69.8,-46.5,27.6,37.0,-96.8,10.4,0.0,135.0,1
D003595,6.3,1241.0,0.96,20.5,0.55,-68.5,-47.7,24.5,45.0,-92.5,14.9,1.0,148.0,1
D003596,5.4,1020.0,1.23,27.5,0.52,-61.4,-51.2,25.8,,-97.0,12.9,1.0,139.0,1
D003597,4.3,1091.0,1.09,31.5,0.45,-64.0,-50.7,25.8,42.0,-94.7,10.3,1.0,124.0,1
D003598,3.3,1332.0,1.53,22.5,0.6,-61.8,-53.4,22.9,60.0,-91.7,11.8,1.0,102.0,0
D003599,4.4,1234.0,1.17,25.5,0.42,-65.3,-49.4,24.3,43.0,-95.8,9.7,1.0,133.0,1
D003600,4.6,1154.0,1.05,29.5,0.44,-65.5,-49.7,25.0,48.0,-96.9,8.1,1.0,132.0,1
D003601,4.9,1165.0,0.94,29.5,0.42,-65.9,-48.9,22.0,43.0,-94.1,7.4,1.0,130.0,1
D003602,4.6,1144.0,1.17,31.5,0.54,-66.8,-50.1,23.6,45.0,-97.3,9.6,1.0,131.0,1
D003603,4.7,1247.0,1.14,,0.45,-65.2,-49.8,26.0,42.0,-95.2,6.0,0.0,125.0,1
D003604,3.4,1109.0,0.95,29.0,0.44,-65.4,-47.9,25.5,31.0,-95.4,8.1,1.0,144.0,1
D003605,4.8,1004.0,1.56,32.5,0.49,-63.6,-53.7,23.2,32.0,-96.0,8.5,1.0,,0
D003606,5.6,1394.0,0.92,20.5,0.62,-62.1,-52.0,22.0,58.0,-93.4,6.0,0.0,128.0,1
D003607,4.7,1159.0,1.2,29.0,0.48,-65.7,-51.1,24.1,,-95.7,9.7,0.0,126.0,1
D003608,4.3,1108.0,1.1,28.0,0.48,-65.4,-50.2,24.9,45.0,-96.1,8.8,0.0,126.0,1
D003609,4.9,1181.0,1.2,31.0,0.51,-65.4,,23.9,46.0,-94.5,7.0,0.0,131.0,1
D003610,4.3,1221.0,1.14,30.0,0.37,-65.2,-49.5,24.4,43.0,-96.0,11.0,1.0,130.0,0
D003611,4.1,1151.0,1.56,39.5,0.6,-67.2,-45.0,21.2,42.0,-92.0,8.4,1.0,104.0,0
D003612,5.8,1160.0,1.09,33.5,0.45,-66.6,-50.0,23.6,45.0,-96.2,7.4,1.0,129.0,1
D003613,4.7,1206.0,1.09,35.0,0.64,-63.8,-47.8,27.2,50.0,-90.9,7.3,1.0,130.0,0
D003614,5.8,1023.0,1.3,35.0,0.36,-67.5,-49.6,24.7,48.0,-99.8,19.8,1.0,122.0,1
D003615,6.8,1360.0,1.26,29.5,0.46,-60.0,-51.5,22.8,59.0,-93.4,16.9,1.0,130.0,1
D003616,3.2,1152.0,1.36,34.5,0.64,-65.8,,27.6,53.0,-96.7,9.8,1.0,104.0,0
D003617,4.8,1329.0,1.28,22.5,0.57,-69.6,-45.6,20.3,39.0,-91.2,19.6,0.0,115.0,0
D003618,4.6,1196.0,1.05,28.5,0.47,-64.7,-49.3,25.6,41.0,-95.7,8.9,1.0,128.0,0
D003619,5.1,1204.0,1.09,29.0,0.51,-65.6,-50.3,25.0,41.0,-96.3,8.0,1.0,130.0,1
D003620,6.1,1155.0,1.55,29.0,0.32,-64.1,-51.2,27.1,39.0,-95.6,18.6,1.0,110.0,0
D003621,5.0,1063.0,1.35,31.0,0.43,-64.9,-49.5,24.1,45.0,-95.0,3.1,1.0,133.0,1
D003622,5.1,1118.0,1.1,30.0,0.45,-66.4,-50.5,25.4,41.0,-94.6,7.2,0.0,127.0,1
D003623,5.8,1195.0,1.0,21.5,0.3,-61.1,-52.5,25.6,36.0,-92.9,8.0,1.0,110.0,0
D003624,4.5,1156.0,1.03,28.0,0.48,-66.1,-50.4,24.1,45.0,-95.0,11.9,1.0,129.0,0
D003625,4.2,1210.0,0.8,23.0,0.67,-68.7,-49.0,29.7,39.0,-94.9,15.4,1.0,100.0,0
D003626,4.9,1170.0,,29.5,0.44,-65.9,-49.6,24.6,41.0,-95.1,7.0,1.0,124.0,1
D003627,3.2,1027.0,1.0,38.5,0.36,-61.9,-51.4,24.0,52.0,-95.0,18.3,1.0,133.0,0
D003628,5.1,1118.0,1.17,29.5,0.52,-65.6,-50.5,23.7,44.0,-95.3,12.2,1.0,121.0,1
D003629,4.7,1157.0,1.1,26.5,0.54,-66.2,-50.5,23.2,42.0,-95.2,8.3,1.0,127.0,1
D003630,4.4,1182.0,0.99,30.5,0.48,-65.3,-52.3,23.8,49.0,-95.5,4.1,1.0,129.0,1
D003631,5.0,1161.0,1.12,30.5,,-66.9,-49.5,22.5,46.0,-95.5,11.2,0.0,122.0,1
D003632,4.9,1273.0,0.98,37.5,0.63,-68.6,-51.4,29.8,38.0,-99.0,11.2,0.0,121.0,1
D003633,4.6,,1.08,33.0,0.42,-66.0,-48.9,23.3,35.0,-97.0,6.2,0.0,130.0,1
D003634,5.4,1014.0,1.12,28.0,0.69,-62.3,-48.0,27.2,43.0,-98.4,12.1,0.0,134.0,0
D003635,6.8,1305.0,0.89,21.5,0.6,-64.7,-49.5,29.4,54.0,-91.2,21.0,0.0,104.0,0
D003636,4.8,1202.0,1.07,31.0,0.45,-63.2,-50.5,21.2,42.0,-95.4,11.2,1.0,122.0,1
D003637,5.1,1210.0,0.98,30.0,0.47,-64.3,-51.2,24.4,46.0,-95.4,7.2,1.0,136.0,1
D003638,5.3,1104.0,1.19,30.0,0.52,-64.9,-49.0,23.4,41.0,-94.2,9.3,0.0,115.0,1
D003639,3.7,1372.0,1.47,36.0,0.58,-68.5,-50.8,28.8,44.0,-99.5,20.3,0.0,109.0,0
D003640,6.5,1290.0,1.58,22.5,0.53,-67.9,-53.2,24.9,41.0,-95.0,0.9,1.0,132.0,1
D003641,4.9,1202.0,1.04,30.5,0.5,-66.0,-48.9,25.6,43.0,-97.5,6.9,0.0,120.0,1
D003642,4.3,1227.0,0.89,32.5,0.49,-64.4,-51.1,24.3,,-94.7,10.1,0.0,137.0,1
D003643,5.4,1162.0,1.28,29.0,0.48,-65.5,-50.3,23.7,44.0,-95.5,9.3,0.0,127.0,0
D003644,4.5,1210.0,1.5,21.5,0.53,-69.2,-52.6,25.3,43.0,-95.6,20.4,0.0,145.0,1
D003645,5.1,1192.0,1.18,30.5,0.54,-64.4,-52.3,22.7,45.0,,10.5,1.0,133.0,1
D003646,4.3,1218.0,1.06,28.0,0.47,-67.0,-49.2,23.0,41.0,-93.7,7.0,,122.0,1
D003647,3.0,1011.0,0.94,21.5,0.65,-61.5,-52.8,22.7,31.0,-99.8,0.5,1.0,117.0,0
D003648,4.9,1210.0,1.11,22.5,0.33,-62.5,-49.1,23.8,30.0,-92.9,17.7,,125.0,0
D003649,5.4,1176.0,1.16,27.5,0.53,-64.9,-50.2,22.4,46.0,-96.7,6.4,0.0,125.0,1
D003650,4.7,1175.0,1.11,30.5,0.48,-65.9,-50.9,23.4,41.0,-95.1,4.0,1.0,126.0,1
D003651,4.8,1127.0,1.03,26.5,0.55,-65.8,-49.8,24.1,42.0,-96.6,,1.0,129.0,1
D003652,5.8,1079.0,0.99,24.5,0.68,-65.8,-46.2,28.6,45.0,-95.6,10.3,1.0,104.0,0
D003653,3.4,1023.0,1.22,25.5,0.56,,-48.1,23.0,44.0,-92.0,19.8,0.0,115.0,0
D003654,4.4,1239.0,1.16,32.0,0.47,-65.5,-50.3,23.9,39.0,-95.6,12.4,1.0,123.0,1
D003655,3.7,1147.0,1.09,29.0,0.45,-66.5,-50.9,22.9,44.0,-94.5,7.6,0.0,130.0,1
D003656,4.8,1178.0,1.13,27.5,0.52,-66.6,-50.5,23.3,51.0,-96.1,7.9,0.0,122.0,1
D003657,5.3,1199.0,1.0,26.5,0.5,-65.6,-50.0,25.1,43.0,,11.2,0.0,130.0,1
D003658,5.0,1144.0,1.02,30.0,0.46,-65.1,-48.5,24.6,45.0,-95.0,11.6,1.0,126.0,1
D003659,4.7,1257.0,1.43,23.0,0.65,-66.8,-49.3,25.2,51.0,-97.5,11.3,1.0,142.0,0
D003660,3.3,,1.08,20.0,0.65,-60.6,-53.6,20.5,43.0,-99.4,5.7,1.0,133.0,0
D003661,5.4,1137.0,1.03,25.0,0.5,-65.6,-48.9,25.3,48.0,-94.4,7.5,0.0,134.0,1
D003662,4.9,1212.0,1.23,32.0,0.49,-65.8,-49.4,25.0,46.0,-95.6,8.6,1.0,123.0,1
D003663,5.1,1156.0,1.23,30.5,0.53,-67.7,-50.3,,45.0,-97.2,8.4,1.0,130.0,1
D003664,6.4,1264.0,1.34,37.0,0.5,-64.9,-49.3,21.4,52.0,-98.3,8.0,0.0,142.0,1
D003665,5.3,1206.0,1.11,30.5,0.44,-67.2,-49.7,25.0,43.0,-94.5,8.6,0.0,126.0,1
D003666,5.1,1188.0,1.11,28.0,0.48,-65.0,-50.4,24.3,42.0,-94.6,9.0,1.0,128.0,1
D003667,4.5,1139.0,1.15,30.5,0.43,-64.9,-48.8,24.1,,-95.5,6.4,1.0,140.0,1
D003668,3.9,1197.0,1.02,29.5,0.46,-65.2,-50.1,24.3,45.0,-95.1,12.4,1.0,126.0,0
D003669,6.1,1289.0,1.48,36.0,0.51,-69.9,-51.1,25.5,40.0,-91.9,8.3,1.0,128.0,1
D003670,4.6,1223.0,1.22,30.0,0.43,-64.2,-49.5,24.5,49.0,-95.7,8.0,0.0,122.0,1
D003671,4.6,1216.0,1.1,27.0,0.49,-65.8,-49.2,21.1,44.0,-96.4,10.8,0.0,122.0,1
D003672,5.4,1256.0,1.03,28.0,0.49,-65.6,-48.9,23.9,46.0,-94.3,8.0,0.0,128.0,1
D003673,5.1,1196.0,0.96,28.0,0.51,-67.1,-50.4,23.0,44.0,,9.0,0.0,119.0,1
D003674,4.6,1179.0,1.03,27.0,0.47,-63.7,-50.7,23.6,43.0,-96.3,10.4,1.0,130.0,0
D003675,4.6,1127.0,1.27,33.0,0.47,-65.7,-51.3,24.1,46.0,-94.1,4.1,0.0,125.0,1
D003676,4.2,1183.0,0.99,30.0,0.54,-66.2,-51.0,24.3,41.0,-95.2,6.8,0.0,123.0,1
D003677,4.5,1098.0,1.08,29.0,0.45,-65.0,-49.5,25.9,40.0,-97.2,8.6,0.0,128.0,1
D003678,5.3,1206.0,0.98,27.0,0.43,-66.5,-50.0,23.5,42.0,-96.5,7.6,1.0,141.0,1
D003679,4.3,1125.0,0.96,28.5,0.47,-66.0,-51.0,25.1,40.0,-95.9,8.0,0.0,128.0,1
D003680,5.1,1363.0,0.81,34.0,0.41,-60.7,-47.6,22.8,40.0,-92.7,11.7,0.0,130.0,1
D003681,4.5,1174.0,1.01,27.5,0.5,-65.9,-49.7,25.3,45.0,-95.4,13.4,0.0,133.0,1
D003682,4.8,1181.0,1.14,29.0,0.5,-67.0,-50.5,25.1,45.0,-94.4,8.7,0.0,118.0,1
D003683,5.1,1157.0,0.99,26.5,0.52,-64.9,-51.8,23.7,47.0,-96.1,10.0,1.0,118.0,1
D003684,4.3,1378.0,0.86,25.5,0.65,-60.6,-52.4,21.4,44.0,,19.6,0.0,103.0,0
D003685,4.8,1172.0,1.08,31.0,0.51,-64.6,-50.5,24.3,44.0,-96.1,7.9,0.0,130.0,1
D003686,5.1,1200.0,1.15,29.0,0.52,-64.6,-50.2,24.9,45.0,-95.2,,0.0,128.0,1
D003687,4.6,1090.0,1.01,29.5,0.51,-66.7,-49.7,22.5,45.0,-95.2,10.7,0.0,124.0,1
D003688,4.1,1277.0,1.34,22.0,0.36,-68.2,-47.3,24.0,38.0,-98.8,3.9,0.0,136.0,0
D003689,4.6,1178.0,1.03,30.5,0.46,-65.0,-51.0,23.5,44.0,-96.9,10.6,1.0,126.0,1
D003690,5.7,1077.0,0.98,39.5,0.44,-61.7,-46.8,22.8,,-94.3,0.2,1.0,111.0,1
D003691,4.2,1168.0,1.1,31.0,0.55,-65.8,-49.7,22.6,37.0,-94.3,13.9,1.0,122.0,1
D003692,4.4,1205.0,1.32,25.0,0.51,-67.0,-50.7,23.3,46.0,-95.8,9.0,1.0,126.0,0
D003693,5.2,1098.0,1.08,32.0,0.54,-65.5,-49.4,22.7,46.0,-97.6,8.1,0.0,136.0,1
D003694,4.4,1177.0,1.08,29.0,0.47,-64.2,-50.1,24.9,43.0,-93.1,10.6,1.0,120.0,0
D003695,5.4,1212.0,0.99,28.5,0.43,-63.7,-51.4,25.9,44.0,-97.6,9.0,1.0,131.0,1
D003696,5.0,1172.0,1.0,29.0,0.49,-64.6,-49.0,25.6,51.0,-95.9,8.7,1.0,133.0,0
D003697,5.2,1159.0,1.17,32.5,0.54,-65.6,-49.6,23.0,42.0,-94.7,8.6,1.0,137.0,1
D003698,5.1,1186.0,1.05,32.5,0.55,-64.3,-50.1,24.4,41.0,-96.9,9.6,1.0,127.0,1
D003699,4.6,1175.0,1.08,28.0,0.5,-62.2,-50.6,24.5,42.0,,10.3,0.0,128.0,1
D003700,,1311.0,,24.5,0.55,,-53.1,27.3,52.0,-92.5,,1.0,141.0,0
D003701,4.9,1254.0,,29.5,0.51,-64.8,-50.7,24.6,45.0,-93.9,9.1,0.0,128.0,1
D003702,4.9,1125.0,1.01,27.0,0.51,-65.0,-50.5,24.7,41.0,-94.8,9.5,1.0,128.0,1
D003703,4.5,1173.0,1.01,29.0,0.44,-65.9,-48.8,,46.0,-95.1,9.4,1.0,128.0,0
D003704,6.8,1175.0,1.53,36.5,0.41,-64.8,-52.0,23.7,38.0,-90.2,4.6,1.0,136.0,1
D003705,4.3,1125.0,1.05,,0.46,-66.5,-50.0,23.6,45.0,-97.0,9.4,1.0,131.0,1
D003706,4.8,1245.0,0.96,29.0,0.45,-65.2,-50.0,25.3,43.0,-94.5,11.4,0.0,126.0,1
D003707,5.0,1101.0,1.39,24.0,0.39,-65.4,-46.3,20.3,60.0,-98.3,23.4,0.0,132.0,0
D003708,4.6,1184.0,1.06,31.0,0.48,-66.3,-49.8,22.6,,-95.9,11.5,0.0,122.0,1
D003709,4.5,1297.0,1.03,29.5,0.51,-65.2,-49.7,23.3,41.0,-95.2,7.8,1.0,131.0,1
D003710,4.8,1174.0,1.17,32.5,0.54,-65.4,-50.5,26.4,45.0,-97.4,,1.0,132.0,1
D003711,4.5,1221.0,1.04,28.5,0.47,-65.5,-50.0,25.1,43.0,-97.1,7.1,1.0,120.0,1
D003712,4.7,1225.0,1.03,28.0,0.49,-65.9,-50.2,23.3,42.0,-96.7,4.9,1.0,125.0,1
D003713,4.9,1211.0,1.28,25.0,0.63,-60.7,-50.7,24.3,33.0,-94.9,14.4,0.0,129.0,0
D003714,4.5,1154.0,1.06,29.0,0.46,-65.1,-50.4,23.5,50.0,-96.1,9.9,1.0,117.0,1
D003715,4.5,1144.0,1.02,27.5,0.45,-64.8,-50.7,25.0,45.0,-95.9,,1.0,129.0,0
D003716,4.4,1221.0,1.05,,0.49,-65.4,-50.6,24.2,45.0,-96.5,9.4,1.0,134.0,1
D003717,,1159.0,1.03,34.0,0.48,-66.3,-48.4,24.5,41.0,-94.5,7.2,0.0,131.0,1
D003718,4.6,1241.0,1.19,30.0,0.52,-65.6,-50.9,22.8,42.0,-96.2,10.7,0.0,122.0,1
D003719,4.9,1207.0,1.13,28.5,0.42,-64.9,-51.5,23.9,42.0,-97.8,9.5,1.0,127.0,1
D003720,4.9,1261.0,0.87,22.0,0.34,-69.5,-48.9,27.2,47.0,-98.7,9.4,0.0,148.0,1
D003721,7.0,1303.0,1.19,21.0,0.68,-60.6,-50.6,20.6,51.0,-95.3,0.5,0.0,108.0,0
D003722,4.7,1159.0,1.22,31.0,0.48,-66.6,-51.1,24.4,45.0,-96.0,12.3,1.0,122.0,0
D003723,6.2,1009.0,1.45,31.5,0.45,-63.6,-49.2,22.1,31.0,-96.6,14.5,0.0,101.0,0
D003724,6.7,1380.0,1.0,34.0,0.37,-65.3,-48.4,28.3,46.0,-95.9,1.6,0.0,136.0,1
D003725,4.9,1158.0,1.03,29.5,0.55,-64.3,-48.5,24.9,45.0,-95.8,5.2,0.0,130.0,1
D003726,5.5,1148.0,0.84,26.0,0.48,-66.2,-51.4,23.2,48.0,-93.6,14.4,1.0,132.0,1
D003727,4.8,1105.0,1.29,27.0,0.34,-63.7,-48.5,29.0,50.0,,20.5,0.0,120.0,0
D003728,4.5,1084.0,1.11,31.5,0.48,-64.5,-48.6,24.0,45.0,-95.5,9.5,0.0,124.0,1
D003729,3.8,1048.0,0.92,29.5,0.38,-63.4,-49.8,27.1,38.0,-95.0,14.8,0.0,128.0,0
D003730,5.3,1107.0,1.01,32.0,0.52,-65.7,-49.2,25.7,39.0,-92.7,6.4,0.0,129.0,1
D003731,4.3,1176.0,1.03,32.0,0.5,-63.6,-50.1,23.9,46.0,-95.3,4.4,0.0,135.0,1
D003732,4.1,1248.0,1.07,38.5,0.39,-63.0,-46.7,25.1,55.0,-92.9,0.8,1.0,101.0,0
D003733,4.2,1135.0,1.08,26.0,0.5,-66.1,-51.4,26.0,38.0,-95.3,10.1,1.0,124.0,1
D003734,5.8,1332.0,1.12,37.0,0.51,-69.7,-49.6,29.9,60.0,-90.5,15.7,1.0,104.0,0
D003735,4.8,1204.0,0.91,27.5,0.53,-65.0,-49.6,23.7,41.0,-94.6,6.6,0.0,129.0,1
D003736,5.8,,0.97,29.0,0.49,-66.8,-50.2,23.1,43.0,-97.3,3.3,1.0,121.0,1
D003737,5.0,1211.0,1.07,31.0,0.47,,-49.2,24.9,44.0,-96.5,10.8,0.0,132.0,1
D003738,6.2,1189.0,1.38,25.0,0.35,,-53.4,20.9,56.0,-99.1,9.5,1.0,142.0,0
D003739,4.2,1122.0,1.0,28.5,0.47,-65.4,-49.9,24.2,42.0,-95.2,8.6,0.0,131.0,1
D003740,4.9,1124.0,1.2,25.5,0.5,-67.5,-49.8,24.9,49.0,-95.4,11.6,1.0,131.0,1
D003741,5.9,1258.0,1.33,26.5,0.59,-65.9,-53.1,23.5,35.0,-97.7,8.7,0.0,146.0,1
D003742,3.2,1147.0,0.94,37.0,0.46,-62.9,-47.1,20.0,45.0,-96.9,5.7,0.0,127.0,0
D003743,4.4,1253.0,1.21,22.0,0.53,-65.3,-49.8,24.0,49.0,-96.7,10.2,0.0,124.0,0
D003744,4.8,1250.0,1.22,26.5,0.46,-65.5,-51.4,22.9,47.0,-96.3,7.0,1.0,123.0,1
D003745,4.2,1140.0,1.17,25.5,0.58,-63.5,-45.7,28.4,33.0,-98.3,2.5,0.0,110.0,0
D003746,5.1,1363.0,1.47,36.0,0.6,-69.1,-53.6,25.1,38.0,-93.6,19.6,0.0,129.0,1
D003747,4.9,1217.0,1.01,29.5,0.51,-65.9,-49.8,24.7,44.0,-97.7,5.4,1.0,123.0,1
D003748,4.9,1224.0,1.15,29.5,0.55,-66.7,-51.3,21.2,43.0,-98.5,6.9,0.0,124.0,1
D003749,6.3,1052.0,0.99,22.0,0.3,-64.4,-53.3,23.0,48.0,-99.5,8.7,1.0,147.0,1
D003750,5.0,1185.0,1.08,27.0,0.47,-67.0,-50.1,22.5,45.0,-94.2,9.0,0.0,125.0,1
D003751,5.4,1229.0,1.07,31.5,0.45,-65.0,-50.8,23.7,42.0,-95.0,12.5,0.0,127.0,1
D003752,4.1,1151.0,1.23,30.5,0.44,-64.0,-53.0,27.9,31.0,-94.5,0.8,1.0,139.0,1
D003753,4.1,1189.0,1.41,36.5,0.44,-66.8,-49.3,28.7,35.0,-94.6,12.7,0.0,144.0,0
D003754,6.7,1285.0,1.53,35.5,0.4,-61.8,-51.0,20.5,57.0,-93.8,0.4,1.0,107.0,0
D003755,4.2,1217.0,1.17,22.5,0.45,-64.3,-46.6,26.6,59.0,-95.1,16.9,1.0,126.0,0
D003756,3.9,1231.0,0.81,35.5,0.41,-70.0,-51.4,21.0,52.0,-98.3,9.5,0.0,122.0,1
D003757,5.0,1151.0,1.13,30.5,0.43,-64.0,-49.6,24.9,49.0,-95.2,7.1,1.0,121.0,1
D003758,3.7,1365.0,1.59,22.0,0.32,-66.8,-54.5,28.7,39.0,-99.5,0.2,1.0,121.0,0
D003759,5.5,1192.0,1.2,27.0,0.41,-64.0,-49.0,24.0,51.0,-95.7,6.7,1.0,131.0,1
D003760,4.6,1028.0,1.5,28.0,0.65,-64.0,-54.1,21.6,,-95.5,22.5,0.0,125.0,0
D003761,6.9,1017.0,1.48,28.0,0.38,-63.3,-49.2,24.2,57.0,-100.0,21.4,1.0,129.0,0
D003762,5.0,1198.0,1.06,26.0,0.45,-66.2,-50.2,23.3,44.0,-94.7,7.3,1.0,136.0,1
D003763,4.8,1260.0,1.24,28.0,0.44,-66.5,-49.8,23.6,43.0,-93.9,6.1,1.0,131.0,1
D003764,4.5,1155.0,1.04,25.5,0.42,-66.6,-49.8,25.0,43.0,-97.7,9.1,1.0,129.0,1
D003765,5.0,1172.0,1.01,31.5,0.51,-65.1,-50.2,23.0,,-95.0,10.0,0.0,135.0,1
D003766,3.6,1146.0,1.51,32.0,0.61,-62.4,-52.9,21.2,35.0,-97.7,1.0,1.0,121.0,0
D003767,5.1,1147.0,0.81,37.5,0.68,-60.7,-49.7,28.4,48.0,-95.6,8.1,1.0,116.0,0
D003768,4.2,1191.0,1.07,28.5,0.6,-67.0,-50.2,23.2,40.0,-96.0,8.7,0.0,133.0,1
D003769,5.4,1128.0,1.06,28.0,0.55,-66.2,-50.2,24.8,43.0,-95.8,11.1,1.0,,1
D003770,5.3,1123.0,1.16,31.5,0.42,-66.5,-50.4,22.1,,-95.1,8.5,0.0,128.0,1
D003771,5.1,1022.0,0.94,27.0,0.5,-60.8,-51.4,29.9,55.0,-90.7,,0.0,113.0,0
D003772,5.1,1204.0,1.12,29.0,0.54,-64.8,-49.5,22.0,49.0,-97.5,7.1,0.0,124.0,1
D003773,4.9,1206.0,1.03,25.5,0.53,-68.3,-50.7,23.8,45.0,-94.8,6.1,0.0,122.0,1
D003774,5.1,1202.0,1.19,29.0,0.43,-66.8,-49.4,24.6,49.0,-97.0,4.4,0.0,130.0,1
D003775,5.6,1193.0,1.04,23.5,0.51,-67.8,-47.7,27.3,43.0,-92.1,21.1,0.0,132.0,0
D003776,4.9,1137.0,1.17,29.5,0.43,-66.0,-50.8,26.0,42.0,-96.1,8.3,0.0,125.0,1
D003777,5.4,1400.0,1.28,35.5,0.53,-64.8,-52.9,22.3,40.0,-91.3,17.9,1.0,132.0,1
D003778,5.1,1214.0,1.21,30.5,0.43,-66.2,-50.1,26.4,41.0,-95.3,10.7,1.0,129.0,1
D003779,4.3,1202.0,1.23,28.0,0.53,-64.1,-49.1,25.2,42.0,-96.8,10.8,0.0,120.0,1
D003780,4.6,1185.0,1.01,31.0,0.42,-66.0,-50.3,24.9,43.0,,6.5,1.0,124.0,1
D003781,4.4,1195.0,1.1,30.5,0.54,-65.1,-51.2,23.7,41.0,-93.5,13.0,0.0,123.0,1
D003782,4.8,1162.0,1.17,28.0,0.52,-65.9,-51.1,24.1,50.0,-97.5,9.7,1.0,125.0,1
D003783,3.3,1071.0,0.84,31.5,0.68,-64.6,-49.6,29.4,32.0,-95.8,0.3,1.0,125.0,0
D003784,5.5,1146.0,1.05,32.0,0.7,-64.2,-49.6,20.4,30.0,-96.2,23.1,0.0,124.0,0
D003785,6.0,1222.0,0.81,25.5,0.66,-62.1,-53.1,27.6,36.0,-97.6,9.7,0.0,143.0,1
D003786,4.4,1199.0,1.01,21.0,0.37,-60.5,-54.7,23.0,59.0,-98.9,5.2,1.0,116.0,0
D003787,4.2,1385.0,1.24,29.5,0.47,-64.7,-47.5,20.2,49.0,-93.9,12.2,1.0,117.0,0
D003788,5.0,1128.0,1.07,27.5,0.49,-65.8,-49.7,25.1,45.0,-94.8,,0.0,130.0,1
D003789,4.6,1121.0,1.05,28.5,0.5,-65.2,-49.7,22.9,47.0,-95.0,8.5,1.0,125.0,1
D003790,5.4,1081.0,0.92,27.5,0.67,-67.9,-51.3,26.6,34.0,-95.7,1.8,0.0,105.0,1
D003791,4.7,1178.0,1.15,28.5,0.45,-67.0,-50.8,23.9,39.0,-95.9,8.0,1.0,126.0,1
D003792,4.3,1204.0,0.95,30.5,0.6,-64.8,-50.3,22.3,40.0,-96.1,,0.0,123.0,0
D003793,4.5,1097.0,1.15,,0.49,-64.1,-49.4,23.6,43.0,-94.7,5.9,0.0,126.0,0
D003794,4.9,1146.0,,30.5,0.49,-66.7,-50.8,24.6,40.0,-97.0,9.2,1.0,123.0,1
D003795,4.6,1108.0,1.13,31.0,0.46,-65.8,-52.1,24.8,46.0,-96.7,11.9,1.0,131.0,1
D003796,6.8,1238.0,1.43,22.0,0.58,-68.4,-45.7,28.6,52.0,-94.1,18.3,1.0,122.0,0
D003797,6.2,1089.0,0.85,33.5,0.31,-63.6,-45.1,25.2,41.0,-95.8,6.0,1.0,122.0,1
D003798,4.7,1157.0,1.04,31.5,0.49,-64.9,-50.7,24.2,43.0,-94.6,9.4,1.0,126.0,1
D003799,5.9,1115.0,0.89,25.5,0.37,-67.5,-46.1,25.4,48.0,-90.5,12.1,,118.0,0
D003800,4.3,1080.0,0.99,26.0,0.33,-62.7,-48.3,23.6,31.0,-92.2,12.6,1.0,145.0,0
D003801,4.8,1199.0,1.2,29.5,0.46,-65.8,-50.5,23.4,44.0,-95.0,10.5,1.0,125.0,1
D003802,4.4,1137.0,1.0,30.0,0.4,-66.4,-49.4,24.8,39.0,-96.6,10.0,1.0,122.0,1
D003803,4.7,1231.0,1.0,36.5,0.43,-69.3,-46.8,21.3,48.0,-90.6,20.3,0.0,137.0,1
D003804,4.9,1189.0,1.06,28.0,0.4,-64.9,-50.8,24.3,49.0,-96.3,,1.0,136.0,0
D003805,5.1,1213.0,1.06,28.5,0.46,-65.4,-50.6,23.4,41.0,-95.1,8.3,0.0,118.0,0
D003806,4.4,1037.0,1.45,33.5,0.55,,-53.0,26.7,59.0,-98.2,8.8,0.0,140.0,1
D003807,4.2,1254.0,1.13,31.0,0.46,-67.4,-49.7,22.7,51.0,-94.4,8.8,1.0,123.0,1
D003808,4.7,1151.0,0.95,30.0,0.46,-66.2,-49.9,23.2,48.0,-92.8,11.3,0.0,123.0,1
D003809,4.3,1140.0,1.18,29.5,0.49,-65.6,-50.1,22.7,46.0,-95.9,11.3,0.0,111.0,1
D003810,5.0,1185.0,1.02,30.0,0.44,-67.7,-48.3,29.7,34.0,-97.3,15.6,0.0,107.0,0
D003811,5.1,1242.0,1.15,28.0,0.46,-65.6,-49.4,23.2,45.0,-94.6,9.1,1.0,121.0,1
D003812,5.3,1079.0,1.17,22.0,0.32,-66.1,-51.1,26.2,34.0,-96.0,4.6,1.0,140.0,1
D003813,5.3,1301.0,0.92,39.0,0.33,-66.9,-48.8,25.8,47.0,-90.2,14.7,1.0,136.0,1
D003814,4.3,1175.0,1.07,27.5,0.45,-64.2,-50.9,23.1,41.0,-94.4,12.6,0.0,121.0,1
D003815,4.8,1238.0,1.0,28.5,0.46,-63.8,-49.3,22.4,48.0,-95.6,11.0,0.0,120.0,0
D003816,5.5,1200.0,1.51,22.0,0.54,-63.6,-48.5,28.3,50.0,-97.0,22.3,0.0,135.0,0
D003817,4.0,1100.0,0.97,35.5,0.45,-67.5,-46.7,26.0,39.0,-90.6,3.1,0.0,146.0,1
D003818,5.0,1120.0,1.1,27.5,0.41,-64.9,-50.8,23.3,41.0,-95.5,9.6,1.0,124.0,1
D003819,5.1,1159.0,1.08,26.5,0.47,-65.0,-50.4,22.7,40.0,-96.5,5.6,0.0,125.0,1
D003820,4.3,1187.0,1.15,29.0,0.49,-66.6,-49.9,23.7,42.0,-95.7,10.8,0.0,141.0,1
D003821,4.4,1121.0,1.18,28.5,0.54,-64.1,-50.5,22.3,42.0,-95.9,11.1,1.0,128.0,0
D003822,5.4,1181.0,1.13,24.0,0.54,-66.0,-49.5,23.2,43.0,-95.1,10.1,0.0,131.0,1
D003823,4.9,1177.0,1.09,26.0,0.53,-67.2,-50.4,23.4,57.0,-93.1,22.2,1.0,118.0,0
D003824,4.5,1164.0,1.14,28.0,0.46,-66.2,-50.4,23.1,43.0,-94.0,11.6,1.0,128.0,1
D003825,6.1,1127.0,1.07,26.0,0.44,-63.5,-51.5,22.5,58.0,-90.8,20.8,1.0,110.0,0
D003826,4.2,1132.0,1.19,25.0,0.42,,-49.8,23.6,45.0,-96.0,9.1,0.0,136.0,0
D003827,5.4,1126.0,1.07,26.0,0.46,-66.6,-51.4,25.6,41.0,-95.4,13.9,1.0,132.0,1
D003828,5.2,1138.0,1.23,31.5,0.48,-64.8,-50.3,23.0,45.0,-94.7,6.8,0.0,131.0,1
D003829,5.2,1179.0,1.06,27.5,0.54,-64.8,-49.6,24.7,48.0,-97.8,9.4,1.0,133.0,0
D003830,5.2,1202.0,1.05,33.5,0.47,-65.3,-48.2,23.2,42.0,-94.4,10.8,0.0,126.0,1
D003831,5.0,1202.0,1.16,28.0,0.47,-65.9,-52.3,23.9,48.0,-94.8,8.9,1.0,120.0,1
D003832,5.2,1155.0,1.04,27.0,0.5,-65.0,-50.9,22.4,48.0,-96.8,5.5,1.0,129.0,1
D003833,4.5,1149.0,0.86,32.0,0.43,-64.9,-50.5,23.7,44.0,-96.0,11.9,0.0,135.0,1
D003834,4.6,1160.0,1.28,30.0,0.48,-65.1,-51.4,24.8,41.0,-94.0,8.7,1.0,119.0,1
D003835,4.7,1232.0,1.16,31.5,0.49,-66.2,-50.5,24.8,41.0,-97.4,8.7,0.0,,1
D003836,5.3,1185.0,1.02,28.0,0.41,-65.7,-50.2,22.2,44.0,-93.9,4.5,0.0,128.0,1
D003837,4.8,1102.0,1.26,32.0,0.39,-67.2,-48.2,22.6,41.0,-96.7,10.2,1.0,136.0,0
D003838,4.3,1201.0,1.13,29.0,0.49,-64.3,-49.9,,42.0,-98.0,8.0,0.0,125.0,1
D003839,4.9,1195.0,1.05,30.5,0.51,-64.1,-50.4,24.0,42.0,-95.2,11.1,1.0,127.0,1
D003840,4.1,1177.0,1.04,27.5,0.4,-64.5,-49.8,22.8,47.0,-96.0,15.5,0.0,125.0,0
D003841,4.9,1195.0,1.22,29.5,0.51,-65.0,-50.6,24.0,45.0,-94.0,11.3,0.0,126.0,1
D003842,3.9,1147.0,1.33,21.0,0.47,-64.0,-53.3,27.4,59.0,-97.8,23.5,1.0,130.0,0
D003843,6.7,1105.0,0.93,37.5,0.65,-69.1,-53.9,21.7,52.0,-96.6,7.7,0.0,121.0,1
D003844,4.5,1138.0,,26.5,0.57,-64.8,-50.8,24.2,44.0,-96.1,9.8,0.0,131.0,1
D003845,,1249.0,1.29,25.0,0.64,-61.5,-52.1,25.4,40.0,-98.8,3.8,1.0,108.0,0
D003846,4.2,1173.0,1.13,27.5,0.36,-60.0,-52.4,20.9,47.0,-96.2,18.9,1.0,136.0,0
D003847,4.2,1168.0,1.09,30.0,0.45,-65.0,-48.7,24.1,41.0,-94.8,8.0,1.0,,1
D003848,4.6,1087.0,1.16,28.0,0.5,-67.2,-51.1,23.9,45.0,-94.5,8.6,0.0,134.0,1
D003849,6.9,1228.0,0.88,21.5,0.5,-64.6,-53.0,20.5,39.0,-99.2,19.2,1.0,131.0,1
D003850,4.6,1303.0,1.6,24.5,0.65,-60.3,-53.5,22.0,32.0,-93.6,10.7,0.0,114.0,0
D003851,4.9,1190.0,1.16,31.0,0.45,-66.2,-49.9,25.9,41.0,-95.3,7.2,1.0,135.0,1
D003852,5.2,1206.0,1.03,24.5,0.45,-65.3,-50.1,24.0,45.0,-96.4,3.7,0.0,125.0,1
D003853,6.6,1200.0,1.37,22.0,0.48,-66.8,-48.8,29.4,44.0,-98.7,19.0,1.0,130.0,0
D003854,4.5,1165.0,1.03,30.0,0.45,-65.9,-49.4,24.0,51.0,-94.2,10.2,1.0,132.0,1
D003855,4.9,1032.0,1.58,37.0,0.54,-67.5,-52.8,27.4,37.0,-93.8,9.3,1.0,127.0,1
D003856,4.4,1208.0,1.1,29.0,0.46,-66.3,-49.3,25.2,46.0,-94.5,6.0,1.0,132.0,1
D003857,4.3,1220.0,1.15,28.5,0.43,-66.0,-49.3,24.3,46.0,-97.2,9.6,1.0,122.0,1
D003858,,1140.0,1.07,29.0,0.45,-64.8,-49.4,22.9,47.0,-96.9,8.1,0.0,132.0,1
D003859,6.5,1359.0,1.04,38.0,0.57,-63.4,-52.3,25.1,33.0,-92.3,12.5,1.0,143.0,1
D003860,5.1,1206.0,1.1,27.0,0.42,-64.8,-50.6,25.0,48.0,-96.9,7.0,1.0,131.0,1
D003861,4.7,,0.94,30.5,0.47,-64.0,-51.1,24.4,44.0,-94.6,5.2,1.0,125.0,1
D003862,5.6,1288.0,1.0,34.0,0.4,-64.1,-53.4,22.8,58.0,-94.7,15.4,0.0,109.0,1
D003863,3.1,1091.0,1.16,29.5,0.63,-67.0,-47.0,24.0,39.0,-99.7,10.5,0.0,138.0,1
D003864,4.3,1176.0,1.1,30.0,0.52,-65.2,-49.8,22.7,45.0,-95.9,7.1,0.0,130.0,1
D003865,4.5,1192.0,0.99,23.5,0.49,-66.9,-50.6,25.9,44.0,-95.3,8.0,0.0,123.0,1
D003866,4.8,1181.0,1.24,31.0,0.5,-67.3,-50.4,23.5,45.0,-97.1,12.7,0.0,141.0,1
D003867,4.7,1243.0,1.06,29.0,0.43,-64.6,-49.9,25.7,45.0,-96.1,10.2,1.0,127.0,1
D003868,4.4,1244.0,1.08,27.5,0.45,-66.1,-49.5,24.9,43.0,-95.8,13.9,1.0,134.0,1
D003869,5.1,1165.0,1.22,32.0,0.44,-65.9,-48.3,23.9,44.0,-95.6,13.2,0.0,,1
D003870,4.5,1182.0,1.17,34.0,0.5,-65.9,-50.1,24.8,42.0,-94.2,8.5,0.0,131.0,1
D003871,6.7,1167.0,0.97,28.0,0.49,-62.2,-51.9,29.6,42.0,-94.8,17.4,0.0,114.0,0
D003872,4.1,1178.0,1.11,32.0,0.53,-63.7,-49.9,23.6,44.0,-95.0,8.0,0.0,129.0,1
D003873,4.8,1141.0,1.02,30.5,0.44,-64.1,-51.4,22.9,41.0,-95.9,8.9,0.0,130.0,1
D003874,4.0,1223.0,1.01,31.5,0.47,-64.5,-51.1,24.1,46.0,-95.3,9.3,1.0,132.0,1
D003875,4.5,1169.0,1.15,30.0,0.47,-65.5,-49.6,23.9,48.0,-94.4,5.6,1.0,129.0,1
D003876,5.0,1151.0,1.15,29.0,0.53,-65.1,-49.4,23.3,41.0,-95.8,10.5,0.0,129.0,1
D003877,4.0,1138.0,1.09,29.5,0.45,-66.0,-49.9,22.8,42.0,-96.2,10.6,1.0,130.0,1
D003878,5.2,1183.0,1.02,29.0,0.45,-66.9,-50.2,25.0,43.0,-97.0,13.0,1.0,131.0,1
D003879,4.4,1238.0,1.08,32.5,0.41,-64.5,-49.7,23.7,42.0,-95.4,10.6,1.0,133.0,1
D003880,4.4,1152.0,1.07,33.0,0.5,-64.9,-49.8,23.7,42.0,-97.6,13.8,0.0,137.0,1
D003881,3.9,1312.0,1.23,20.5,0.57,-67.0,-51.3,22.4,32.0,-99.6,2.8,0.0,118.0,1
D003882,4.9,1226.0,1.06,25.0,0.5,-64.7,-49.8,24.8,45.0,-95.7,9.8,1.0,129.0,1
D003883,5.1,,1.13,28.0,0.42,-63.5,-48.4,21.3,46.0,,11.0,1.0,128.0,0
D003884,4.5,1140.0,0.86,28.0,0.69,-60.4,-47.2,22.8,36.0,-93.5,16.2,1.0,132.0,0
D003885,4.4,1184.0,1.08,30.5,0.5,-64.6,-49.9,22.7,46.0,-96.4,11.8,0.0,122.0,1
D003886,6.8,1235.0,1.57,28.0,0.65,-65.3,-50.9,21.4,38.0,-93.5,17.8,0.0,130.0,0
D003887,5.2,1155.0,1.14,32.0,0.41,-65.2,-49.5,25.3,40.0,-95.5,7.1,1.0,131.0,1
D003888,4.4,1165.0,1.1,28.0,0.45,-65.6,-49.9,23.6,47.0,-95.4,12.0,0.0,126.0,1
D003889,4.2,1122.0,1.08,24.5,0.42,-65.3,-50.4,24.6,45.0,-98.5,9.2,1.0,123.0,0
D003890,5.1,1128.0,1.12,30.5,0.49,-65.9,-51.7,24.0,41.0,-94.4,4.1,0.0,123.0,1
D003891,5.1,1154.0,1.1,28.5,0.38,-66.3,-49.8,25.4,47.0,-94.2,9.4,1.0,130.0,0
D003892,3.3,1282.0,1.19,26.0,0.48,-69.0,-52.3,,31.0,-92.2,5.1,1.0,112.0,0
D003893,4.5,1179.0,1.03,27.5,0.54,-65.5,-50.4,24.5,41.0,-92.5,8.5,1.0,141.0,1
D003894,6.2,1063.0,1.13,30.5,0.33,-60.4,-48.1,29.3,33.0,-95.0,3.5,,135.0,0
D003895,4.7,1083.0,1.22,28.5,0.47,-64.9,-49.1,23.6,48.0,-95.1,8.1,0.0,133.0,1
D003896,5.6,1011.0,0.8,23.0,0.69,-64.0,-46.0,21.8,36.0,-90.4,4.2,0.0,115.0,0
D003897,4.7,1146.0,1.19,27.0,0.54,-65.5,-49.9,25.3,45.0,-93.4,9.9,0.0,127.0,1
D003898,4.8,1366.0,1.31,29.0,0.66,-64.2,-52.2,25.4,56.0,-92.1,8.3,0.0,135.0,0
D003899,4.9,1133.0,1.05,26.5,0.41,-65.8,-51.1,24.6,40.0,-95.7,11.3,1.0,134.0,1
D003900,5.1,1337.0,1.32,26.5,0.69,-65.4,-46.1,24.6,35.0,-90.3,20.9,1.0,128.0,0
D003901,3.9,1213.0,1.11,29.0,0.47,-65.7,-49.6,24.5,48.0,-94.4,5.7,1.0,120.0,0
D003902,4.6,,1.11,30.5,0.47,-65.3,-49.7,23.4,41.0,-94.6,5.7,1.0,121.0,1
D003903,4.7,1253.0,1.29,26.5,0.42,-64.2,-49.1,23.9,40.0,-93.7,10.6,1.0,136.0,1
D003904,4.0,1020.0,0.82,27.5,0.49,-68.9,-52.0,26.0,55.0,-92.6,3.6,1.0,109.0,1
D003905,3.4,1207.0,0.94,28.5,0.42,-62.1,-52.3,20.7,30.0,-96.7,3.8,0.0,114.0,0
D003906,5.3,1157.0,1.32,21.5,0.38,-63.6,-48.3,22.7,38.0,-98.8,21.6,0.0,109.0,0
D003907,4.8,1183.0,1.02,27.5,0.52,-65.0,-51.3,25.2,38.0,-97.5,6.4,1.0,122.0,1
D003908,4.2,1070.0,1.56,32.0,0.66,-68.5,-46.4,24.9,38.0,-90.6,1.6,1.0,111.0,0
D003909,4.2,1292.0,0.96,32.5,0.65,-61.5,-47.7,25.7,35.0,-94.0,9.9,1.0,106.0,0
D003910,4.2,1155.0,1.19,30.5,0.49,-65.7,-48.8,24.2,48.0,-95.7,6.6,1.0,127.0,1
D003911,4.8,1182.0,1.17,25.0,0.47,-64.5,-49.0,23.0,45.0,-94.6,10.2,1.0,136.0,1
D003912,4.6,1198.0,1.06,29.5,0.41,-66.4,-50.1,24.4,53.0,-94.9,7.9,1.0,119.0,0
D003913,3.4,1300.0,1.56,36.0,0.56,-67.3,-54.8,22.2,42.0,-98.9,2.1,0.0,140.0,1
D003914,4.7,1190.0,1.0,27.5,0.54,-64.9,-50.8,24.2,47.0,-94.9,11.0,0.0,124.0,1
D003915,5.2,1163.0,1.05,25.5,0.46,-66.5,-49.4,24.4,,-95.6,11.7,0.0,132.0,1
D003916,5.3,1166.0,1.15,26.5,0.48,-65.2,-49.5,24.1,55.0,-94.9,12.2,1.0,130.0,1
D003917,5.1,1185.0,1.2,30.0,0.45,-67.7,-48.9,24.8,44.0,-96.0,11.0,1.0,121.0,1
D003918,5.2,1222.0,1.11,30.5,0.52,-63.5,-49.9,,49.0,-95.3,4.9,1.0,133.0,1
D003919,4.4,1168.0,1.12,31.0,0.46,-64.5,-51.2,25.1,43.0,-96.0,,0.0,129.0,1
D003920,5.0,1216.0,1.0,30.0,0.54,-64.0,-49.8,23.3,45.0,-94.8,9.8,0.0,129.0,1
D003921,6.5,1159.0,1.35,34.5,0.39,-64.4,-49.5,26.1,57.0,-97.9,23.8,1.0,144.0,1
D003922,5.5,1163.0,1.01,31.5,0.53,-65.9,-49.7,22.5,45.0,-94.3,7.3,0.0,126.0,1
D003923,4.7,1276.0,1.17,29.5,0.44,-65.6,-49.6,23.8,45.0,-96.3,9.6,0.0,128.0,1
D003924,4.5,1215.0,1.02,26.0,0.46,-65.6,-49.1,25.2,46.0,-94.1,12.7,0.0,137.0,0
D003925,4.2,1203.0,1.08,32.0,0.52,-66.0,-50.1,23.2,52.0,-95.7,10.8,,127.0,1
D003926,4.7,1137.0,1.06,27.5,0.47,-65.7,-50.3,22.0,46.0,-95.3,6.0,0.0,130.0,1
D003927,3.1,1141.0,1.45,37.0,0.39,-60.7,-53.4,21.1,52.0,-96.5,4.0,1.0,143.0,0
D003928,3.1,1185.0,0.83,29.0,0.43,-68.9,-51.5,21.4,56.0,-95.9,20.3,0.0,123.0,1
D003929,3.8,1256.0,1.58,39.0,0.49,-61.9,-48.7,26.2,48.0,-95.7,8.1,0.0,124.0,0
D003930,5.8,1234.0,1.15,34.0,0.56,-61.0,-45.9,27.5,49.0,-95.6,2.5,1.0,138.0,1
D003931,4.9,1169.0,1.12,27.5,0.51,-64.6,-50.7,24.9,45.0,-97.0,8.1,0.0,130.0,1
D003932,4.8,1240.0,1.1,28.0,0.51,-66.7,-49.4,24.7,52.0,-95.2,4.9,1.0,122.0,0
D003933,5.0,1140.0,1.13,27.5,0.54,-66.2,-49.0,25.4,41.0,-94.1,6.3,1.0,130.0,1
D003934,4.1,1330.0,1.12,28.0,0.45,-63.5,-45.3,27.8,58.0,-95.7,14.3,1.0,105.0,0
D003935,5.0,1206.0,1.08,30.0,0.52,-66.3,-50.8,21.6,43.0,-93.6,11.2,0.0,120.0,1
D003936,5.2,1163.0,1.11,29.5,0.45,-65.9,-49.4,24.4,45.0,-95.1,6.9,0.0,128.0,1
D003937,4.9,1171.0,0.92,32.5,0.67,-62.7,-46.6,28.8,60.0,-94.8,17.2,1.0,136.0,0
D003938,4.8,1135.0,1.1,27.5,0.46,-66.1,-49.5,25.6,46.0,-96.1,11.5,1.0,136.0,1
D003939,4.7,1223.0,1.09,29.0,0.46,-66.4,-50.0,23.5,42.0,-95.6,10.3,1.0,117.0,1
D003940,5.0,1237.0,1.13,28.5,0.54,-65.6,-50.3,23.4,48.0,-95.4,8.3,1.0,129.0,0
D003941,4.7,1188.0,1.14,30.0,0.47,-65.6,-51.2,24.6,43.0,-94.2,9.7,0.0,137.0,1
D003942,4.6,1227.0,1.06,27.0,0.43,-65.4,-50.2,23.5,40.0,-96.7,9.2,1.0,134.0,1
D003943,3.8,1247.0,1.13,33.0,0.45,-67.1,-53.7,28.5,45.0,-91.9,13.6,0.0,118.0,0
D003944,3.4,1087.0,0.83,31.5,0.44,-60.2,-53.2,25.1,39.0,-93.8,20.2,1.0,110.0,0
D003945,6.5,1004.0,0.99,21.0,0.36,-69.5,-51.3,21.3,56.0,-93.6,16.6,0.0,,0
D003946,6.6,1110.0,1.3,26.5,0.36,-66.1,-45.1,21.4,38.0,-99.8,23.0,1.0,120.0,0
D003947,5.2,1247.0,1.25,26.0,0.49,-64.7,-49.4,24.1,39.0,-93.5,8.8,0.0,125.0,0
D003948,4.6,1228.0,1.14,27.5,0.51,-64.6,-50.1,24.8,43.0,-95.6,12.0,0.0,126.0,0
D003949,4.7,1068.0,1.19,32.0,0.42,-63.2,-49.2,26.1,42.0,-94.8,7.5,1.0,127.0,0
D003950,5.9,1163.0,1.25,30.0,0.46,-64.4,-52.6,24.4,40.0,-96.1,8.0,0.0,124.0,1
D003951,6.7,1339.0,1.07,27.0,0.55,-69.1,-53.9,25.4,60.0,-98.9,,1.0,116.0,1
D003952,3.6,1053.0,1.03,23.5,0.33,-69.6,-46.1,,31.0,-98.4,15.7,0.0,149.0,0
D003953,4.5,1202.0,1.05,29.0,0.58,-64.3,-49.3,24.1,46.0,-95.8,6.5,1.0,126.0,1
D003954,4.7,1183.0,1.0,34.5,0.46,-66.2,-50.8,24.2,46.0,-94.6,10.2,1.0,118.0,1
D003955,5.8,1054.0,1.07,23.0,0.46,-68.7,-51.5,28.6,44.0,-99.1,17.4,0.0,139.0,1
D003956,4.2,1231.0,1.11,32.5,0.52,-64.7,-50.1,23.9,39.0,-96.5,7.4,1.0,134.0,1
D003957,4.7,1218.0,1.24,29.0,0.49,-65.3,-50.8,22.8,41.0,-94.5,10.8,1.0,132.0,1
D003958,5.1,1172.0,1.04,29.0,0.51,-64.0,-48.8,24.9,50.0,-95.7,8.6,0.0,129.0,1
D003959,5.1,1186.0,1.07,27.0,0.48,-64.6,-47.9,22.9,46.0,-94.6,8.5,1.0,124.0,1
D003960,5.7,1061.0,1.0,29.0,0.64,-68.9,-49.0,26.1,32.0,-90.9,22.7,1.0,104.0,1
D003961,5.1,1298.0,1.16,29.5,0.44,-66.3,-46.7,28.1,38.0,-96.1,20.7,0.0,129.0,0
D003962,4.6,1019.0,1.44,26.5,0.62,-62.6,-48.2,22.5,42.0,-99.9,13.4,1.0,138.0,0
D003963,5.1,1139.0,1.12,29.5,0.52,-66.1,-50.4,24.9,52.0,-96.8,7.4,1.0,125.0,1
D003964,5.3,1145.0,1.29,38.5,0.51,-60.6,-45.4,25.7,58.0,-99.4,18.5,0.0,123.0,0
D003965,4.7,1165.0,1.08,29.5,0.5,-66.2,-51.1,24.7,43.0,-93.8,5.0,0.0,126.0,1
D003966,3.6,1015.0,0.98,33.0,0.6,-60.6,-49.0,28.3,53.0,-91.9,11.4,0.0,145.0,0
D003967,5.5,1174.0,1.11,24.0,0.5,-64.3,-50.4,24.0,45.0,-96.0,8.8,0.0,122.0,1
D003968,5.1,1240.0,1.1,29.0,0.53,-66.7,-51.7,24.3,49.0,-94.8,6.3,1.0,117.0,1
D003969,5.2,1164.0,1.11,29.5,0.43,-66.0,-49.2,24.1,47.0,-97.2,8.6,0.0,125.0,1
D003970,5.1,1110.0,1.03,27.5,0.49,-68.2,-52.6,,40.0,-96.8,2.1,0.0,121.0,1
D003971,4.5,1174.0,1.05,28.5,0.49,-64.3,-49.6,23.1,40.0,-93.6,6.6,1.0,130.0,1
D003972,6.7,1026.0,1.49,31.0,0.63,-65.7,-51.4,29.0,34.0,-96.0,17.4,0.0,127.0,0
D003973,5.2,1193.0,1.15,27.5,0.49,-64.5,-51.1,23.0,46.0,-96.8,7.9,1.0,130.0,1
D003974,4.6,1155.0,1.07,29.5,0.48,-65.4,-50.8,23.2,46.0,-94.8,10.2,1.0,120.0,1
D003975,4.4,1153.0,0.95,29.0,0.45,-65.7,-49.2,23.5,49.0,-94.6,8.5,0.0,122.0,1
D003976,5.8,1350.0,1.0,23.5,0.43,-61.1,-49.3,22.4,60.0,-99.4,12.1,1.0,136.0,0
D003977,5.5,1175.0,1.08,26.0,0.44,-64.4,-52.4,22.7,46.0,-94.9,9.7,1.0,132.0,1
D003978,5.1,1187.0,0.99,25.5,0.49,-66.0,-47.7,,43.0,-93.6,5.7,1.0,123.0,1
D003979,4.4,1164.0,1.06,29.5,0.47,-66.3,-50.7,24.5,43.0,-96.5,13.0,1.0,124.0,0
D003980,5.3,1156.0,1.11,30.0,0.44,-68.1,-50.4,23.4,47.0,-94.3,9.0,1.0,134.0,1
D003981,6.5,1175.0,1.29,25.0,0.45,-63.9,-49.5,29.6,58.0,-90.4,13.7,1.0,125.0,0
D003982,4.3,1249.0,1.57,32.0,0.62,-68.4,-54.7,26.6,44.0,-96.0,22.7,1.0,114.0,0
D003983,4.2,1153.0,1.06,31.5,0.55,-65.8,-49.2,25.5,46.0,-96.1,8.2,0.0,122.0,1
D003984,4.7,1129.0,1.11,30.5,0.43,-63.2,-50.4,26.0,44.0,-95.2,8.0,1.0,127.0,0
D003985,4.2,1383.0,1.05,38.5,0.69,-69.6,-45.7,25.6,34.0,-94.4,4.7,0.0,127.0,1
D003986,4.2,1134.0,1.02,30.0,0.49,-65.7,-50.7,23.9,46.0,-93.5,8.8,1.0,128.0,1
D003987,5.0,1208.0,1.09,28.5,0.48,-62.9,-50.2,23.6,45.0,-96.9,8.0,0.0,126.0,1
D003988,4.7,1187.0,1.15,29.0,0.43,-64.4,-50.3,23.7,47.0,-93.0,11.8,1.0,132.0,0
D003989,5.1,1119.0,1.06,26.0,0.48,-67.3,-49.4,25.3,37.0,-94.6,9.7,1.0,142.0,1
D003990,5.2,1162.0,1.33,28.0,0.49,-64.1,-48.5,23.7,43.0,-96.6,8.6,0.0,129.0,1
D003991,5.2,1177.0,1.12,26.0,0.53,-65.7,-52.8,22.0,50.0,-94.5,7.2,1.0,135.0,1
D003992,,1176.0,1.09,26.5,0.49,-64.9,-50.3,22.9,45.0,-95.4,12.1,1.0,127.0,1
D003993,5.0,1161.0,1.01,31.0,0.55,-66.7,-49.0,23.5,42.0,-96.2,8.7,1.0,125.0,1
D003994,5.5,1223.0,1.57,22.5,0.42,-68.0,-48.3,24.8,48.0,-96.4,2.4,1.0,148.0,1
D003995,5.5,1181.0,1.01,26.5,0.47,-64.8,-48.8,24.4,44.0,-94.7,5.6,1.0,127.0,1
D003996,5.7,1096.0,1.26,30.0,0.43,-60.4,-53.2,24.9,34.0,-90.2,6.2,0.0,119.0,1
D003997,6.9,1349.0,1.54,28.0,0.64,-62.9,-51.9,20.5,45.0,-90.4,11.3,1.0,133.0,0
D003998,6.4,1016.0,1.2,34.5,0.47,-61.8,-47.3,20.0,48.0,-96.4,6.4,0.0,145.0,1
D003999,5.3,1376.0,1.2,29.0,0.38,-63.6,-48.2,25.5,52.0,-91.4,6.7,0.0,111.0,0
D004000,4.8,1153.0,1.26,28.5,0.43,-64.7,-49.5,24.6,44.0,-97.9,7.1,0.0,134.0,1
D004001,4.4,1145.0,1.05,31.5,0.54,,-51.5,26.5,38.0,-96.1,8.0,1.0,130.0,1
D004002,4.4,1226.0,1.06,31.0,0.46,-64.5,-50.7,24.4,48.0,-94.2,9.1,0.0,124.0,1
D004003,4.5,1235.0,1.24,27.5,0.47,-64.9,-50.0,25.5,41.0,-97.6,5.9,0.0,131.0,1
D004004,6.7,1256.0,1.1,26.0,0.54,-68.5,-49.9,23.4,45.0,-98.9,5.1,0.0,138.0,1
D004005,4.9,1154.0,1.2,29.0,0.59,-69.8,-45.5,21.0,58.0,-90.6,19.3,0.0,137.0,0
D004006,6.0,1297.0,1.27,25.5,0.65,-66.1,-51.8,24.0,32.0,-93.0,9.6,1.0,101.0,1
D004007,4.5,1167.0,1.24,26.0,0.46,-66.1,-50.1,23.5,48.0,-96.3,7.4,0.0,133.0,0
D004008,3.3,1341.0,0.94,27.5,0.37,-61.7,-45.5,28.8,31.0,-92.0,19.1,0.0,126.0,0
D004009,4.8,1168.0,1.11,29.0,,-65.1,,24.0,42.0,-97.3,,0.0,129.0,1
D004010,6.6,1224.0,0.94,35.5,0.68,-63.8,-48.9,22.5,55.0,-95.7,11.7,1.0,148.0,1
D004011,5.3,1227.0,0.98,29.5,0.51,-67.0,-50.9,25.2,43.0,-96.0,5.2,0.0,134.0,1
D004012,5.0,1198.0,1.09,29.0,0.48,-65.5,-50.7,24.5,49.0,-95.5,8.4,1.0,123.0,1
D004013,4.3,1199.0,1.0,32.0,0.5,-67.4,-50.2,24.8,43.0,-97.4,6.1,1.0,126.0,1
D004014,4.9,1174.0,1.0,30.5,0.43,-66.0,-50.7,24.9,44.0,-94.1,9.7,1.0,124.0,1
D004015,4.2,1230.0,1.11,29.0,0.47,-65.2,-50.0,24.8,44.0,-95.7,8.0,1.0,136.0,1
D004016,5.0,1150.0,1.17,30.5,0.47,-65.7,-49.1,23.7,44.0,-94.2,8.2,0.0,119.0,1
D004017,5.3,1188.0,1.15,30.0,0.49,-65.4,-51.0,23.2,40.0,-96.2,10.5,1.0,117.0,1
D004018,6.6,1099.0,0.94,37.0,0.49,-65.1,-52.4,20.3,50.0,-99.2,5.3,0.0,146.0,1
D004019,6.4,1280.0,1.18,29.5,0.33,-61.4,-52.0,29.9,38.0,-98.7,5.9,0.0,105.0,0
D004020,4.9,1177.0,1.15,26.0,0.48,-64.4,-49.1,24.4,51.0,-97.3,4.8,1.0,130.0,1
D004021,4.9,1176.0,0.94,29.5,0.46,-65.7,-48.9,25.5,41.0,-95.5,5.6,0.0,,1
D004022,5.9,1051.0,1.18,20.5,0.35,-61.1,-50.9,28.5,47.0,-96.5,5.4,1.0,102.0,0
D004023,4.9,1203.0,1.08,27.0,0.49,-65.1,-49.0,23.3,48.0,-95.1,10.1,0.0,125.0,1
D004024,5.2,1140.0,1.07,29.0,0.41,-65.2,-51.5,25.3,45.0,-94.5,10.5,1.0,124.0,1
D004025,5.3,1206.0,1.18,28.5,0.47,-64.4,-49.8,23.6,43.0,-95.4,11.6,1.0,121.0,0
D004026,5.5,1141.0,0.85,29.0,0.36,-66.7,-49.8,25.0,56.0,-95.7,2.4,1.0,103.0,0
D004027,4.4,1324.0,1.13,33.0,0.38,-60.9,-45.9,29.2,57.0,-97.1,2.0,1.0,148.0,0
D004028,4.8,1169.0,0.96,26.5,0.42,-64.9,-49.0,24.6,44.0,-95.9,6.8,0.0,133.0,1
D004029,5.3,1181.0,1.05,32.0,0.48,-66.1,-50.0,23.2,45.0,-95.4,7.8,0.0,127.0,1
D004030,4.6,1397.0,1.3,22.5,0.51,-63.4,-47.2,23.4,38.0,-94.2,17.9,0.0,101.0,0
D004031,4.1,1195.0,1.21,30.0,0.49,-63.4,-49.9,26.4,45.0,-95.4,8.7,0.0,129.0,1
D004032,4.8,1172.0,1.0,28.5,0.53,-65.3,-48.7,23.1,46.0,-94.4,11.2,0.0,124.0,1
D004033,4.9,1116.0,1.15,30.5,0.51,-67.0,-50.8,24.6,42.0,-97.8,7.2,0.0,134.0,1
D004034,4.6,1192.0,1.16,27.5,0.46,-65.9,-49.1,23.7,44.0,-97.0,10.1,1.0,126.0,1
D004035,4.3,1172.0,0.8,37.5,0.59,-60.1,-50.4,20.2,59.0,-98.1,12.6,1.0,109.0,0
D004036,4.9,1027.0,,23.0,0.45,-68.4,-49.4,27.3,33.0,-95.5,24.0,1.0,133.0,1
D004037,4.8,1109.0,1.17,28.0,0.43,-65.5,-50.1,23.6,49.0,-95.1,10.5,1.0,127.0,0
D004038,5.2,1133.0,1.1,31.5,0.51,-65.0,-51.6,23.8,44.0,-95.3,8.1,1.0,121.0,1
D004039,4.8,1160.0,1.19,27.5,0.44,-65.8,-49.7,24.6,46.0,-97.1,5.5,1.0,124.0,1
D004040,5.7,1393.0,1.09,25.0,0.58,-67.0,-49.1,27.5,41.0,-96.3,14.6,0.0,105.0,0
D004041,4.7,1226.0,1.13,26.5,0.49,-65.9,-50.8,25.5,42.0,-96.1,10.0,1.0,130.0,1
D004042,6.1,1289.0,1.49,31.0,0.67,-69.4,-54.8,25.6,32.0,-95.2,6.2,0.0,135.0,1
D004043,4.8,1156.0,1.27,28.5,0.51,-65.6,-49.9,23.2,43.0,-96.3,8.1,1.0,127.0,1
D004044,3.1,1205.0,1.11,35.0,0.67,-67.5,-49.6,23.0,40.0,-92.3,14.0,1.0,137.0,0
D004045,4.8,1151.0,1.19,28.5,0.46,-66.1,-48.5,23.6,43.0,-96.3,9.8,0.0,120.0,1
D004046,4.9,1172.0,1.13,29.5,0.41,-65.0,-49.9,24.2,46.0,-95.0,8.7,0.0,125.0,1
D004047,5.3,1142.0,1.13,30.5,0.4,-66.0,-48.6,25.0,44.0,-95.2,11.4,1.0,134.0,1
D004048,6.3,1136.0,0.99,30.0,0.66,-60.2,-52.8,24.9,30.0,-91.8,14.2,1.0,119.0,0
D004049,6.7,1224.0,1.26,22.0,0.43,-68.8,-51.9,20.7,54.0,-98.8,4.0,1.0,142.0,1
D004050,4.1,1111.0,1.01,29.5,0.47,-66.2,-49.0,23.4,42.0,-96.0,9.4,1.0,125.0,1
D004051,4.6,1148.0,1.15,27.0,0.52,-64.6,-49.5,23.1,43.0,-95.8,8.5,1.0,122.0,0
D004052,5.6,1224.0,1.07,33.0,0.44,-63.6,-49.4,25.0,48.0,-95.6,8.5,1.0,132.0,1
D004053,3.2,1169.0,1.41,30.0,0.48,-65.9,-53.3,26.6,57.0,-95.3,0.5,0.0,114.0,0
D004054,4.6,1194.0,1.05,30.0,0.52,-66.2,-49.1,22.5,48.0,-96.0,6.6,1.0,127.0,0
D004055,5.1,1137.0,1.0,31.0,0.46,-65.0,-47.9,22.8,44.0,-94.8,5.9,1.0,132.0,1
D004056,5.1,1183.0,0.91,30.5,0.43,-65.2,-51.2,23.3,46.0,-95.5,8.2,0.0,121.0,1
D004057,4.6,1191.0,1.01,31.5,0.51,-65.8,-50.9,23.1,51.0,-94.7,7.4,0.0,129.0,1
D004058,3.6,1264.0,1.46,30.0,0.3,-66.9,-51.0,29.4,33.0,-99.2,20.5,0.0,131.0,0
D004059,4.2,1199.0,1.11,28.5,0.47,-64.2,-51.9,,42.0,-95.5,8.4,1.0,133.0,0
D004060,4.5,1077.0,0.99,36.5,0.34,-61.8,-54.3,26.3,30.0,-92.9,11.2,0.0,129.0,0
D004061,6.8,1084.0,1.42,21.0,0.59,-62.6,-51.2,26.9,58.0,-100.0,21.6,0.0,145.0,0
D004062,3.0,1072.0,1.41,31.5,0.44,-62.3,-46.9,27.6,42.0,-94.1,5.0,1.0,150.0,0
D004063,5.8,1217.0,1.07,20.0,0.53,-64.9,-53.4,20.2,55.0,-99.5,2.9,1.0,128.0,1
D004064,6.9,1226.0,1.35,27.0,0.33,-65.3,-48.2,27.1,50.0,-97.0,,0.0,148.0,1
D004065,4.4,1206.0,1.12,,,-66.4,-49.6,24.9,47.0,-96.4,8.5,0.0,129.0,1
D004066,4.8,1206.0,1.25,28.5,0.5,-64.2,-47.7,23.9,45.0,-94.2,8.0,0.0,120.0,1
D004067,4.7,1260.0,0.99,26.5,0.5,-63.9,-47.4,23.4,,-96.7,7.5,1.0,124.0,1
D004068,4.7,1131.0,0.99,29.5,0.5,-66.9,-48.3,24.2,47.0,-94.1,9.7,1.0,128.0,1
D004069,5.0,1182.0,1.17,28.5,0.5,-65.3,-51.9,24.4,42.0,-96.0,5.4,1.0,134.0,1
D004070,5.0,1214.0,1.14,26.5,0.51,-65.8,-48.5,23.8,42.0,-95.1,5.1,0.0,123.0,1
D004071,4.6,,1.31,37.0,0.65,-68.7,-45.1,21.5,48.0,-95.4,13.5,1.0,115.0,0
D004072,4.8,1233.0,1.13,33.0,0.5,-66.0,-50.7,24.4,47.0,-96.4,11.3,1.0,122.0,1
D004073,4.7,1138.0,1.12,26.5,0.44,-65.7,-49.5,25.5,43.0,-97.1,10.6,1.0,127.0,1
D004074,4.3,1193.0,1.22,28.0,0.47,-67.6,-50.0,23.8,47.0,-96.3,7.8,0.0,,0
D004075,4.6,1202.0,1.05,27.0,0.43,-66.1,-52.9,24.0,48.0,-96.4,10.4,1.0,133.0,1
D004076,4.5,1157.0,1.18,25.5,0.43,-65.4,-51.2,25.5,,-95.6,4.3,1.0,133.0,0
D004077,4.6,1261.0,1.16,26.5,0.51,-66.2,-49.9,23.9,43.0,-95.2,7.1,0.0,141.0,1
D004078,5.4,1124.0,1.25,25.0,0.42,-60.1,-53.0,26.5,47.0,-94.5,0.5,1.0,122.0,1
D004079,5.3,1147.0,1.17,29.0,0.45,-66.5,-49.3,24.7,44.0,-95.9,5.8,1.0,139.0,1
D004080,5.0,1195.0,1.08,31.0,0.43,-64.9,-52.5,23.3,40.0,-96.6,10.6,0.0,127.0,1
D004081,4.7,1165.0,1.09,27.5,0.49,-64.9,-50.8,24.0,49.0,-96.6,8.4,0.0,119.0,0
D004082,6.4,1032.0,1.07,35.5,0.52,-67.4,-53.5,25.2,58.0,-93.5,16.7,0.0,109.0,1
D004083,4.8,1155.0,1.13,33.5,0.48,-66.0,,23.4,45.0,-96.5,5.6,1.0,131.0,1
D004084,4.6,1161.0,0.97,28.5,0.44,-65.4,-49.7,24.4,42.0,-95.9,7.1,1.0,126.0,1
D004085,5.1,1187.0,1.0,30.0,0.47,-64.5,-50.1,25.3,44.0,-95.2,3.0,0.0,132.0,1
D004086,3.3,1145.0,1.54,29.0,0.58,-60.6,-54.5,23.1,37.0,-97.6,6.7,1.0,115.0,0
D004087,3.7,1143.0,1.54,39.0,0.68,-61.5,-54.9,22.9,53.0,-94.2,10.9,0.0,132.0,0
D004088,5.3,1211.0,1.14,32.0,0.5,-64.3,-51.4,22.8,46.0,-94.9,9.6,0.0,,1
D004089,4.8,1125.0,1.06,27.5,0.44,-64.2,-50.0,23.7,49.0,-95.0,10.1,1.0,124.0,1
D004090,4.6,1197.0,1.13,31.0,0.35,-65.4,-49.5,23.2,42.0,-96.4,8.6,1.0,127.0,1
D004091,4.5,1200.0,1.09,28.0,0.43,-66.0,-51.4,24.8,39.0,-94.6,8.0,0.0,137.0,1
D004092,5.1,1134.0,1.07,27.5,0.5,-66.5,-50.2,22.8,50.0,-95.6,7.7,0.0,122.0,1
D004093,4.9,1170.0,0.87,30.5,0.43,-63.3,-49.2,23.8,47.0,-94.7,5.0,1.0,134.0,1
D004094,5.3,1172.0,0.95,27.5,,-64.3,-50.1,23.6,39.0,,7.7,0.0,133.0,0
D004095,5.6,1009.0,1.59,23.0,0.32,-64.6,-50.6,24.4,31.0,-91.4,18.8,0.0,140.0,0
D004096,5.5,1144.0,1.05,29.0,0.52,-65.3,-51.5,24.9,46.0,-95.7,6.5,0.0,126.0,1
D004097,3.5,1039.0,0.92,29.5,0.33,-64.4,-47.4,23.8,49.0,-95.3,5.3,0.0,149.0,0
D004098,4.4,1212.0,1.1,26.5,0.47,-66.6,-49.3,23.0,43.0,-96.7,,0.0,131.0,1
D004099,5.1,1198.0,1.12,29.5,0.5,-65.6,-49.2,24.1,47.0,-96.6,9.4,0.0,126.0,1
D004100,4.1,1218.0,1.1,,0.48,-64.9,-49.6,24.8,48.0,-95.0,8.7,1.0,131.0,1
D004101,4.0,1133.0,1.45,39.0,0.59,-69.5,-47.7,22.8,33.0,-98.7,20.7,1.0,108.0,0
D004102,4.2,1271.0,0.9,34.0,0.36,-68.6,-46.8,27.0,34.0,-91.7,7.5,1.0,134.0,1
D004103,4.6,1187.0,0.92,29.0,0.46,-65.3,-49.8,24.8,44.0,-94.9,6.5,1.0,122.0,1
D004104,5.2,1196.0,1.26,21.5,0.61,-66.9,-51.6,22.2,30.0,-92.1,21.2,0.0,122.0,1
D004105,4.6,1227.0,1.19,30.5,0.44,-64.7,-49.0,23.8,43.0,-96.8,9.8,0.0,125.0,1
D004106,5.4,1339.0,1.33,32.5,0.54,-67.2,-52.3,25.5,49.0,-90.9,11.0,1.0,150.0,1
D004107,4.1,1207.0,1.13,30.0,0.5,-64.3,-50.0,25.0,39.0,-96.3,5.7,0.0,126.0,1
D004108,6.6,1047.0,0.8,26.0,0.5,-68.8,-54.6,20.9,42.0,-93.1,18.5,0.0,111.0,1
D004109,5.3,1237.0,1.15,32.0,0.43,-66.1,-50.9,25.0,41.0,-96.5,14.1,0.0,131.0,1
D004110,4.9,1206.0,1.09,29.0,0.46,-64.0,-49.3,,41.0,-94.8,9.2,1.0,125.0,1
D004111,4.1,1181.0,1.12,30.0,0.4,-66.6,-47.8,25.3,47.0,-95.0,13.1,1.0,124.0,0
D004112,5.0,1148.0,1.07,28.0,0.48,-64.2,-50.8,23.8,45.0,-95.1,8.9,0.0,133.0,1
D004113,6.9,1142.0,0.88,30.0,0.31,-64.2,-46.3,26.6,56.0,-90.5,7.2,1.0,104.0,0
D004114,4.9,1201.0,1.26,27.0,0.47,-64.8,-49.8,24.4,45.0,-96.3,6.8,0.0,124.0,1
D004115,6.6,1076.0,1.38,26.5,0.58,-63.8,-51.3,23.9,45.0,-93.0,20.2,1.0,125.0,1
D004116,5.5,1048.0,1.11,32.0,0.56,-61.2,-50.7,23.8,60.0,-94.8,12.9,1.0,123.0,0
D004117,,1204.0,1.29,28.5,0.62,-63.9,-54.0,21.3,30.0,-98.1,1.2,1.0,116.0,1
D004118,4.6,1161.0,1.16,27.5,0.44,-66.1,-49.1,22.9,36.0,-95.4,9.0,0.0,126.0,1
D004119,4.6,1162.0,1.07,29.5,0.46,-66.0,-50.0,24.0,48.0,-95.8,15.5,1.0,119.0,1
D004120,4.7,1151.0,1.15,29.5,0.45,-64.4,-51.5,23.3,38.0,-92.6,9.7,1.0,131.0,1
D004121,4.9,1154.0,1.08,26.0,0.5,-64.8,-49.2,25.3,44.0,-94.7,7.0,1.0,131.0,0
D004122,4.4,1150.0,1.27,28.5,0.44,-67.7,-52.6,23.2,48.0,-98.4,12.9,1.0,133.0,1
D004123,4.5,1194.0,1.41,33.0,0.58,-64.7,-45.3,27.0,42.0,-91.0,21.1,1.0,131.0,0
D004124,4.9,1151.0,0.97,28.0,0.49,-65.6,-47.8,24.9,38.0,-95.0,8.4,0.0,124.0,1
D004125,5.4,1055.0,1.01,34.5,0.4,-65.7,-49.4,22.0,39.0,-96.1,18.8,1.0,114.0,1
D004126,4.4,1238.0,1.26,29.0,0.48,-65.2,-50.1,24.3,46.0,-94.9,7.8,1.0,125.0,0
D004127,4.2,1136.0,1.08,29.0,0.51,-64.9,-50.6,24.3,42.0,-95.1,14.8,1.0,132.0,0
D004128,6.7,1339.0,1.13,29.0,0.49,-69.4,-54.7,,34.0,-93.2,14.3,1.0,118.0,1
D004129,5.0,1136.0,1.17,,0.45,-64.3,-49.6,24.5,48.0,-95.8,9.2,1.0,130.0,1
D004130,3.5,1197.0,1.28,20.5,0.7,-61.4,-45.8,23.3,52.0,-94.7,19.7,1.0,108.0,0
D004131,4.8,1230.0,1.03,31.0,0.53,-66.4,-48.6,23.6,44.0,-92.8,11.4,0.0,132.0,1
D004132,5.3,1109.0,1.14,26.5,0.49,-65.8,-49.8,22.3,44.0,-94.4,9.5,0.0,126.0,1
D004133,4.7,1174.0,1.1,27.0,0.43,-65.3,-50.4,23.0,49.0,-96.2,5.4,1.0,125.0,0
D004134,5.0,1110.0,1.19,30.5,0.53,-65.0,-52.2,23.5,46.0,-95.8,12.6,1.0,126.0,1
D004135,4.4,1199.0,1.18,29.5,0.43,-65.3,-49.4,24.9,42.0,-97.2,10.3,1.0,123.0,1
D004136,6.9,1134.0,1.47,28.5,0.37,-67.1,-51.7,26.5,32.0,-94.0,6.1,1.0,119.0,1
D004137,4.7,1235.0,1.2,33.5,0.46,-66.6,-50.0,22.5,42.0,-94.3,8.8,0.0,,1
D004138,4.1,1267.0,1.11,26.5,0.48,-64.8,-51.1,24.2,43.0,-96.6,12.6,0.0,124.0,1
D004139,4.9,1167.0,1.24,29.5,0.49,-66.7,-50.1,21.0,37.0,-94.3,11.8,1.0,128.0,1
D004140,4.5,1229.0,1.1,28.5,0.5,-66.0,-50.9,25.5,45.0,-97.0,4.0,0.0,133.0,1
D004141,4.6,1092.0,1.14,31.5,0.54,-66.0,-49.9,25.3,43.0,-95.8,7.8,1.0,125.0,1
D004142,3.0,1363.0,0.88,27.5,0.32,-69.1,-48.4,27.8,55.0,-96.9,7.3,0.0,132.0,0
D004143,4.7,1183.0,1.03,31.5,0.42,-65.8,-49.1,22.2,43.0,-96.1,8.7,1.0,121.0,1
D004144,4.5,1214.0,1.19,30.5,0.56,-65.8,-49.3,24.0,51.0,-95.3,8.7,0.0,130.0,1
D004145,4.8,1222.0,1.07,26.0,0.48,-66.6,-51.6,24.0,45.0,-95.5,7.8,0.0,126.0,1
D004146,6.0,1347.0,1.01,24.5,0.45,-65.2,-50.5,24.8,48.0,-90.6,5.2,1.0,129.0,1
D004147,4.9,1088.0,1.03,26.5,0.41,-66.8,-49.6,24.2,41.0,-96.7,9.7,0.0,132.0,1
D004148,4.6,1163.0,1.19,31.5,0.47,-64.9,-51.4,24.3,43.0,-95.7,9.2,1.0,130.0,1
D004149,4.2,1185.0,0.95,30.5,0.43,-66.1,-50.6,26.0,48.0,-96.3,9.5,1.0,120.0,1
D004150,4.3,1153.0,1.1,29.0,0.48,-64.1,-50.0,25.9,42.0,-94.7,13.6,1.0,128.0,0
D004151,4.6,1096.0,1.13,25.0,0.44,-68.4,-49.6,23.4,44.0,-96.2,7.9,1.0,134.0,1
D004152,5.3,1184.0,1.21,32.0,0.41,-66.1,-50.0,23.8,43.0,-97.4,5.4,0.0,120.0,1
D004153,5.0,1121.0,1.08,31.0,0.46,-64.8,-47.7,25.3,44.0,-96.7,11.0,1.0,127.0,0
D004154,3.1,1244.0,1.16,37.5,0.38,-67.0,-47.8,22.1,41.0,-91.6,17.1,0.0,140.0,1
D004155,5.5,1018.0,1.2,36.5,0.47,-68.3,-47.7,28.3,50.0,-90.4,22.1,1.0,142.0,0
D004156,4.8,1228.0,1.21,28.5,,-65.7,-49.1,24.8,51.0,-96.8,8.1,0.0,124.0,1
D004157,5.0,1147.0,1.17,26.0,0.53,-64.5,-50.6,24.9,40.0,,7.3,1.0,129.0,1
D004158,4.5,1142.0,1.14,29.0,0.57,-64.4,-51.2,23.1,41.0,-95.0,6.7,0.0,127.0,1
D004159,4.7,1195.0,1.13,34.5,0.36,-65.9,-49.2,25.7,40.0,-95.3,10.1,1.0,137.0,1
D004160,4.5,1150.0,1.0,28.5,0.52,-67.6,-50.6,21.7,43.0,-93.7,11.2,0.0,128.0,1
D004161,4.6,1217.0,1.09,31.5,0.55,-64.9,-51.8,23.3,43.0,-95.7,11.4,1.0,128.0,1
D004162,5.1,1150.0,0.98,30.5,0.49,-65.0,-51.3,23.8,36.0,-95.2,7.0,1.0,132.0,1
D004163,5.0,1302.0,1.04,37.5,0.44,-66.6,-49.5,21.5,50.0,-97.4,21.1,0.0,125.0,1
D004164,5.9,1209.0,0.91,27.5,0.52,-60.7,-53.1,21.9,51.0,-95.8,2.8,0.0,123.0,1
D004165,4.7,1161.0,1.18,30.0,0.49,-65.0,-50.0,23.6,45.0,-94.2,6.7,1.0,138.0,0
D004166,5.2,1174.0,1.17,30.0,0.48,-64.5,-51.8,24.4,44.0,-95.9,5.3,0.0,130.0,1
D004167,5.1,1160.0,1.07,29.0,0.53,-65.9,-50.1,21.3,44.0,,13.1,1.0,,0
D004168,4.5,1227.0,1.09,25.5,0.42,-64.2,-48.8,23.9,44.0,-95.9,8.3,1.0,129.0,0
D004169,6.3,1230.0,1.47,36.0,0.45,-67.5,-45.6,26.2,54.0,-100.0,15.9,1.0,125.0,1
D004170,4.6,1150.0,0.86,30.5,0.49,-61.9,-53.3,21.2,,-96.9,4.9,0.0,113.0,0
D004171,4.4,1186.0,0.95,28.5,0.49,-65.4,-49.1,23.9,,-97.0,7.5,0.0,136.0,1
D004172,5.8,1099.0,1.29,35.5,0.32,-61.5,-47.2,23.0,55.0,-98.8,13.6,0.0,109.0,0
D004173,3.3,1079.0,1.57,31.5,0.48,-67.6,-51.5,24.0,43.0,-93.8,9.3,1.0,140.0,0
D004174,5.5,1182.0,1.12,25.5,0.49,-65.5,-50.0,22.8,49.0,-94.1,7.6,1.0,131.0,1
D004175,5.6,1156.0,1.51,39.0,0.59,-66.1,-48.9,23.2,47.0,-96.9,4.6,1.0,125.0,1
D004176,4.4,1137.0,1.04,30.0,0.49,-66.1,-48.7,24.2,45.0,-95.8,9.0,1.0,125.0,1
D004177,4.8,1219.0,1.0,26.0,0.43,-66.6,-50.8,24.9,45.0,-94.2,10.2,1.0,132.0,1
D004178,5.1,1238.0,1.17,29.5,0.44,-65.8,-49.3,24.1,46.0,-95.5,4.4,0.0,130.0,1
D004179,4.6,1168.0,1.17,30.0,0.53,-66.4,-50.0,25.5,44.0,-97.5,11.8,1.0,132.0,1
D004180,4.5,1132.0,1.1,32.5,,-66.5,-49.2,25.0,40.0,-95.4,11.4,0.0,118.0,1
D004181,5.2,1256.0,1.07,28.5,0.47,-67.0,-49.2,24.3,42.0,-95.9,,0.0,132.0,1
D004182,5.0,1254.0,1.17,29.5,0.46,-65.0,-49.6,24.9,42.0,-95.4,12.1,1.0,129.0,1
D004183,4.3,1195.0,1.15,31.0,0.54,-67.3,-48.7,24.0,49.0,-92.6,8.8,1.0,127.0,0
D004184,4.2,1131.0,1.04,31.5,0.56,-65.7,-49.0,22.4,39.0,-95.3,6.5,1.0,134.0,0
D004185,5.3,1128.0,1.17,25.5,0.5,-63.9,-49.6,28.1,41.0,-91.5,12.9,1.0,118.0,0
D004186,5.5,1210.0,1.12,29.5,0.48,-65.1,-51.0,23.8,40.0,-94.0,8.8,0.0,125.0,1
D004187,4.6,1203.0,1.03,30.0,0.47,-66.1,-50.6,24.2,37.0,-94.1,13.7,1.0,143.0,1
D004188,4.0,1198.0,1.02,27.5,0.53,-64.2,-50.7,23.3,44.0,-94.9,12.6,1.0,129.0,0
D004189,5.4,1232.0,1.07,28.0,0.46,-65.0,-50.2,24.0,45.0,-96.2,8.5,1.0,129.0,1
D004190,4.6,1198.0,1.03,28.5,0.51,-63.6,-49.3,22.7,44.0,-96.4,9.0,1.0,131.0,0
D004191,3.6,1375.0,0.92,32.0,0.46,-60.1,-45.8,23.3,55.0,-95.4,2.8,1.0,107.0,0
D004192,4.7,1184.0,1.15,30.0,0.48,-64.8,-50.6,23.3,40.0,-95.1,6.3,,135.0,1
D004193,4.7,1231.0,0.96,28.0,0.5,-64.6,,24.3,39.0,-92.7,5.0,0.0,126.0,1
D004194,5.0,1317.0,1.48,36.0,0.38,-67.3,-53.2,20.9,52.0,-94.1,20.7,0.0,143.0,1
D004195,,1171.0,1.17,28.0,0.51,-65.1,-49.8,23.9,49.0,-95.7,9.0,1.0,120.0,0
D004196,5.2,1148.0,1.04,29.5,0.48,-66.2,-49.9,24.0,41.0,-97.8,8.7,0.0,129.0,1
D004197,3.1,1304.0,0.93,39.5,0.64,-66.4,-48.0,26.9,30.0,-92.9,,0.0,143.0,1
D004198,4.0,1395.0,0.84,34.5,0.68,-64.9,-55.0,23.5,32.0,-96.0,2.2,0.0,137.0,1
D004199,6.6,1275.0,1.41,26.5,0.49,-69.0,-46.5,24.1,32.0,-95.1,18.5,0.0,122.0,1
D004200,4.8,1166.0,1.18,29.0,0.42,-64.9,-49.0,23.2,42.0,-95.8,7.4,0.0,135.0,1
D004201,4.6,1206.0,1.14,29.0,0.52,-66.3,-49.0,24.4,45.0,-95.2,13.1,1.0,125.0,1
D004202,5.0,1196.0,1.04,30.0,0.42,-65.3,-50.6,24.2,46.0,-95.2,9.8,0.0,128.0,1
D004203,5.2,1142.0,1.18,28.5,0.43,-65.4,-51.1,24.3,40.0,-95.8,8.8,1.0,128.0,1
D004204,5.2,1175.0,1.08,28.0,0.44,-64.3,-51.1,24.8,43.0,-94.8,11.5,0.0,124.0,1
D004205,5.0,1140.0,1.23,30.5,0.5,-64.8,-49.6,23.3,40.0,-95.7,8.7,0.0,118.0,1
D004206,4.8,1174.0,1.14,29.5,0.5,-66.5,-49.8,23.5,44.0,-97.2,11.8,1.0,128.0,1
D004207,4.8,1230.0,1.1,30.0,0.53,-64.2,-48.9,22.4,45.0,-96.1,4.9,1.0,131.0,1
D004208,5.1,1253.0,1.05,30.5,0.46,-66.6,-50.2,23.4,44.0,-95.7,11.2,0.0,122.0,1
D004209,5.2,1275.0,1.22,29.0,0.46,-66.6,-51.5,23.7,38.0,-95.7,8.2,1.0,127.0,1
D004210,4.9,1122.0,1.05,30.0,0.41,-65.0,-50.7,23.1,40.0,-93.9,7.9,0.0,132.0,1
D004211,4.3,1220.0,0.97,29.5,0.51,-64.9,,24.2,46.0,-97.1,7.0,0.0,129.0,1
D004212,4.8,1166.0,1.16,29.5,0.46,-65.9,-51.0,22.3,44.0,-95.4,11.7,1.0,132.0,1
D004213,6.3,1372.0,0.93,37.0,0.36,-62.6,-45.4,29.7,58.0,-91.0,8.7,0.0,113.0,0
D004214,4.8,1122.0,1.33,35.0,0.41,-67.0,-46.7,28.7,43.0,-98.7,,1.0,119.0,0
D004215,4.8,1158.0,1.12,27.5,0.49,-66.6,-50.7,23.3,42.0,-94.3,7.9,0.0,128.0,1
D004216,4.7,1168.0,1.12,30.5,0.46,-65.9,-49.6,24.0,46.0,-94.7,,0.0,127.0,1
D004217,5.1,1236.0,1.08,31.5,0.52,-61.7,-50.7,24.8,43.0,-94.3,7.6,1.0,127.0,1
D004218,4.8,1170.0,1.11,28.0,0.51,-66.0,-49.7,22.7,46.0,-93.5,8.9,1.0,135.0,1
D004219,5.8,1151.0,1.12,31.0,,-65.8,-48.2,22.9,44.0,-95.3,10.3,0.0,134.0,1
D004220,5.1,1108.0,0.8,27.0,0.6,-63.3,-48.7,20.0,54.0,-91.7,19.6,1.0,125.0,0
D004221,3.1,1052.0,1.0,26.0,0.63,-63.3,-54.2,28.5,38.0,-94.2,7.2,1.0,150.0,0
D004222,6.5,1161.0,1.14,39.5,0.41,-67.9,-51.1,29.7,34.0,-93.9,8.9,0.0,134.0,1
D004223,4.7,1193.0,1.21,29.0,0.53,-67.3,-49.5,24.7,46.0,-95.1,12.4,0.0,127.0,1
D004224,4.9,1158.0,1.09,30.5,0.43,-65.3,,24.2,37.0,-96.7,8.6,0.0,127.0,1
D004225,6.7,1121.0,1.33,27.0,0.35,-60.9,-51.5,29.9,38.0,-92.9,9.4,0.0,101.0,0
D004226,5.4,1140.0,1.17,29.5,0.45,-65.0,-49.2,23.2,44.0,-96.2,9.8,0.0,123.0,1
D004227,4.8,1209.0,1.15,30.0,0.46,-64.8,-50.3,25.0,48.0,-94.2,11.1,0.0,126.0,1
D004228,4.9,1138.0,1.08,28.0,0.48,-64.2,-49.6,23.7,45.0,-94.5,8.7,0.0,124.0,1
D004229,5.3,1190.0,0.98,28.5,0.66,-63.9,-51.3,21.2,32.0,-91.6,16.6,1.0,146.0,0
D004230,5.3,1134.0,1.01,29.5,0.47,-65.4,-48.8,25.2,43.0,,8.8,0.0,126.0,1
D004231,6.8,1118.0,1.31,34.0,0.59,-61.3,-51.9,29.7,51.0,-95.0,6.9,1.0,136.0,0
D004232,5.5,1188.0,1.06,28.5,0.49,-66.8,-50.2,23.7,47.0,-95.9,8.4,1.0,134.0,1
D004233,4.8,1232.0,1.07,29.5,0.45,-64.6,-51.9,24.3,36.0,-94.8,12.0,0.0,122.0,1
D004234,4.5,1180.0,1.19,26.5,0.45,-66.0,-51.1,24.0,42.0,,11.4,0.0,128.0,1
D004235,4.4,1225.0,0.99,27.5,0.44,-64.1,-49.0,24.9,42.0,-96.1,9.5,1.0,118.0,0
D004236,6.8,1148.0,,29.0,0.51,-68.3,-51.7,25.9,52.0,-93.8,9.1,0.0,133.0,1
D004237,4.9,1179.0,0.94,29.0,0.43,-64.7,-48.9,25.2,45.0,-94.0,4.4,1.0,134.0,1
D004238,5.3,1325.0,1.13,33.0,0.31,-67.8,-46.1,29.6,38.0,-90.3,8.0,0.0,112.0,0
D004239,4.5,1269.0,0.99,31.5,0.48,-66.2,-50.8,23.1,41.0,-97.4,10.4,0.0,133.0,1
D004240,5.2,1117.0,1.11,25.5,0.5,-65.4,-51.5,23.7,39.0,-96.0,7.0,0.0,131.0,1
D004241,5.5,1189.0,1.09,27.5,0.5,-65.0,-50.2,25.0,48.0,-94.8,13.1,1.0,127.0,1
D004242,4.9,1178.0,1.57,36.0,0.34,-68.2,-45.3,28.2,35.0,-93.3,13.9,0.0,139.0,0
D004243,5.2,1252.0,1.05,31.5,0.49,-66.1,-51.1,23.8,53.0,-96.1,3.2,1.0,134.0,1
D004244,6.8,1226.0,1.35,39.0,0.59,-66.9,-51.8,27.2,58.0,-93.2,16.6,0.0,109.0,1
D004245,4.5,1236.0,1.14,27.0,,-66.5,-49.4,24.1,38.0,-95.8,12.5,0.0,128.0,1
D004246,4.5,1123.0,0.9,26.0,0.57,-61.7,-53.7,24.2,36.0,-90.7,21.9,1.0,106.0,0
D004247,3.9,1193.0,1.18,27.0,0.5,-65.2,-49.2,25.2,41.0,-95.9,9.6,1.0,132.0,0
D004248,5.1,1187.0,1.06,26.0,0.54,-63.8,-48.9,25.2,42.0,-95.1,7.3,1.0,123.0,0
D004249,4.6,1355.0,1.36,36.5,0.38,-67.1,-47.5,26.1,49.0,-99.8,8.9,1.0,135.0,1
D004250,3.0,1136.0,1.07,30.5,0.54,-68.6,-46.4,20.1,50.0,-94.1,3.2,1.0,122.0,0
D004251,4.0,1122.0,1.13,29.0,0.52,-65.2,-50.3,25.1,46.0,-94.5,7.4,0.0,137.0,1
D004252,4.9,1217.0,1.14,30.5,0.51,-66.4,-50.4,24.4,47.0,-95.7,12.7,1.0,132.0,1
D004253,4.8,1260.0,1.02,29.5,0.47,-62.5,-51.0,24.0,46.0,-96.6,11.6,1.0,130.0,1
D004254,4.8,1115.0,1.22,28.5,0.51,-66.9,-49.9,23.9,43.0,-95.8,4.3,1.0,137.0,1
D004255,5.7,1060.0,0.81,33.5,0.68,-65.9,-52.6,25.9,46.0,-90.8,7.7,1.0,136.0,1
D004256,3.8,1375.0,0.85,25.5,0.53,-65.7,-47.7,20.1,42.0,-94.6,17.8,1.0,109.0,0
D004257,5.2,1198.0,1.18,29.0,0.48,-65.0,-48.5,24.9,,-96.0,14.0,,131.0,1
D004258,4.9,1170.0,1.12,31.0,0.45,-66.2,-49.2,25.0,44.0,-94.9,8.9,0.0,131.0,1
D004259,4.7,1144.0,1.24,31.5,0.49,-66.3,-47.7,23.4,42.0,-96.1,10.9,0.0,130.0,1
D004260,3.1,1335.0,0.94,31.5,0.61,-66.8,-54.6,24.2,52.0,-90.9,23.3,1.0,115.0,0
D004261,4.2,1130.0,0.9,33.0,0.53,-63.3,-52.8,25.3,55.0,-96.2,7.0,1.0,142.0,0
D004262,4.3,1194.0,1.23,30.0,0.52,-66.1,-51.0,25.5,48.0,-96.7,9.8,1.0,118.0,0
D004263,5.0,1188.0,0.96,28.5,0.49,-65.5,-49.2,24.6,41.0,-96.0,7.6,0.0,132.0,1
D004264,4.9,1202.0,1.19,34.0,0.45,-65.9,-50.4,23.5,45.0,-94.7,7.2,1.0,127.0,1
D004265,6.5,1314.0,1.38,32.5,0.64,-66.8,-45.6,22.9,56.0,-92.5,1.9,0.0,148.0,1
D004266,5.0,1291.0,1.19,38.0,0.38,-62.5,-46.0,22.1,55.0,-98.0,11.4,1.0,140.0,1
D004267,4.7,1167.0,1.02,32.5,0.54,-66.4,-49.3,24.2,41.0,-94.5,16.4,0.0,135.0,1
D004268,7.0,1277.0,0.95,23.0,0.36,-67.9,-46.0,23.4,37.0,-90.7,22.2,1.0,121.0,1
D004269,3.3,1056.0,1.5,23.5,0.42,-60.1,-47.2,27.2,,-94.0,17.6,1.0,148.0,0
D004270,3.0,1187.0,1.3,20.5,0.47,-68.3,-51.5,29.8,34.0,-92.2,19.5,0.0,114.0,0
D004271,4.7,1046.0,1.25,32.0,0.41,-62.7,-49.2,28.1,54.0,-93.0,16.5,0.0,127.0,0
D004272,4.7,1254.0,1.14,28.5,0.47,-65.8,-51.3,25.6,45.0,-94.4,7.6,1.0,121.0,1
D004273,5.0,1157.0,1.27,34.0,0.63,-62.4,-52.9,27.3,32.0,-90.6,21.0,1.0,110.0,0
D004274,5.0,1189.0,1.16,25.5,0.52,-65.6,-49.8,24.7,44.0,-93.9,9.0,1.0,129.0,1
D004275,4.7,1135.0,1.16,29.0,0.51,-66.2,-50.3,24.4,49.0,-95.2,10.1,1.0,118.0,0
D004276,4.8,1191.0,1.04,29.0,0.55,-66.5,-50.9,25.4,40.0,-94.9,,1.0,129.0,1
D004277,4.5,1173.0,1.21,27.5,0.49,-65.8,-50.6,23.7,44.0,-95.0,9.1,0.0,124.0,1
D004278,3.7,1113.0,0.98,27.5,0.45,-64.0,-49.7,25.0,40.0,-96.1,7.8,1.0,119.0,0
D004279,4.3,1060.0,1.6,35.0,0.55,-66.3,-51.0,20.7,34.0,-97.7,0.9,1.0,132.0,1
D004280,4.8,1213.0,1.22,29.5,0.56,-66.4,-51.7,25.4,46.0,-95.1,6.2,0.0,123.0,1
D004281,5.2,1205.0,1.23,29.0,0.45,-64.5,-51.2,24.8,42.0,-94.9,7.4,0.0,137.0,1
D004282,3.3,1118.0,1.43,22.5,0.56,-61.4,-49.5,23.9,55.0,-92.4,20.7,1.0,105.0,0
D004283,4.7,1196.0,1.17,31.0,0.42,-65.3,-49.6,24.7,42.0,-95.1,7.9,0.0,126.0,1
D004284,4.5,1190.0,1.28,28.0,0.46,-65.0,-50.5,23.6,41.0,-94.4,6.3,,124.0,0
D004285,4.6,1153.0,1.08,28.5,0.48,-66.1,-50.1,23.0,49.0,-97.3,8.9,0.0,133.0,1
D004286,,1183.0,1.09,31.5,0.52,-66.6,-51.2,25.2,45.0,-93.7,11.6,1.0,122.0,1
D004287,4.4,1179.0,1.29,28.0,0.52,-65.4,-49.6,24.4,46.0,-95.4,8.7,1.0,128.0,0
D004288,4.8,1208.0,1.14,25.5,0.56,-65.5,-50.6,23.2,42.0,-97.6,6.9,0.0,125.0,1
D004289,5.2,1258.0,1.03,36.0,0.37,-62.4,-51.3,24.4,60.0,-98.4,4.0,0.0,131.0,1
D004290,3.5,1305.0,1.23,29.0,0.46,-66.6,-46.5,22.6,59.0,-99.6,7.6,1.0,142.0,0
D004291,5.0,1182.0,1.04,31.0,0.5,-64.7,-49.4,24.1,,-95.5,6.2,1.0,117.0,1
D004292,6.9,1276.0,1.12,35.0,0.69,-69.3,-53.8,24.9,30.0,,4.5,1.0,107.0,1
D004293,4.7,1170.0,1.04,29.5,0.49,-65.5,-49.5,24.6,38.0,-94.3,6.0,1.0,119.0,1
D004294,4.4,1131.0,1.19,29.5,0.43,-65.3,-49.5,24.8,48.0,-96.6,11.4,0.0,125.0,0
D004295,5.6,1390.0,1.53,21.0,0.64,-60.1,-49.3,22.0,52.0,-96.6,12.2,0.0,110.0,0
D004296,3.8,1247.0,1.25,37.0,0.34,-68.4,-46.9,25.3,44.0,-99.0,13.9,1.0,144.0,0
D004297,4.7,1169.0,0.99,28.0,0.49,-65.7,-49.5,25.7,39.0,-94.6,10.4,0.0,135.0,1
D004298,5.5,1175.0,1.02,30.5,0.43,-64.7,-47.4,22.4,43.0,-94.8,2.4,0.0,134.0,1
D004299,4.9,1156.0,1.12,31.5,0.51,-64.0,-48.7,26.0,44.0,-94.6,7.5,1.0,136.0,1
D004300,7.0,1008.0,1.43,30.5,0.43,-66.2,-48.6,22.2,57.0,-91.0,6.7,0.0,104.0,1
D004301,6.0,1177.0,1.11,33.5,0.32,-69.5,-45.6,28.7,47.0,-97.1,11.1,1.0,133.0,0
D004302,3.5,1281.0,1.31,36.0,0.32,-62.0,-45.9,28.4,50.0,-90.2,3.5,0.0,130.0,0
D004303,4.4,1152.0,1.08,28.5,0.52,-65.7,-48.6,23.2,47.0,-95.2,10.2,1.0,132.0,0
D004304,4.7,1203.0,1.09,30.0,0.44,-65.7,-50.1,24.5,48.0,-95.7,10.1,0.0,125.0,1
D004305,4.9,1213.0,1.02,26.0,0.52,-65.8,-49.8,23.5,44.0,-96.7,6.0,1.0,133.0,1
D004306,4.3,1183.0,1.1,28.5,,-66.7,-50.2,23.6,43.0,-95.1,10.2,1.0,125.0,1
D004307,5.3,1199.0,1.02,28.5,0.52,-66.0,-49.4,24.5,43.0,-94.4,5.8,1.0,128.0,1
D004308,5.0,1194.0,0.99,29.0,0.45,-66.7,-50.1,24.4,,-94.7,6.3,0.0,129.0,1
D004309,5.0,1169.0,1.28,21.0,0.54,-68.0,-47.0,23.6,50.0,-91.8,14.7,1.0,146.0,0
D004310,5.6,1176.0,1.03,27.5,0.52,-67.7,-50.5,24.5,48.0,-94.6,6.6,0.0,127.0,1
D004311,5.1,1117.0,0.99,32.5,0.48,-67.2,-49.6,24.3,46.0,-94.8,,0.0,124.0,1
D004312,4.4,1220.0,1.11,25.5,0.47,-64.0,-50.5,23.2,40.0,-94.5,6.4,0.0,120.0,1
D004313,4.7,1210.0,1.15,28.0,0.45,-64.4,-50.5,24.7,48.0,-93.8,9.1,0.0,127.0,1
D004314,4.6,1148.0,1.03,30.0,0.44,-65.6,-48.0,25.2,39.0,-92.4,10.3,0.0,118.0,1
D004315,4.8,1251.0,1.22,27.0,0.55,-64.4,-50.3,23.8,48.0,-94.7,8.1,1.0,133.0,0
D004316,3.6,1173.0,1.19,37.0,0.56,-67.9,-52.4,27.8,47.0,-98.9,21.7,0.0,137.0,1
D004317,4.7,1343.0,1.32,21.5,0.48,-63.1,-46.9,23.9,35.0,-90.2,20.9,1.0,136.0,0
D004318,5.0,1180.0,1.02,30.5,0.5,-67.2,-48.0,24.4,44.0,-94.9,9.1,0.0,114.0,1
D004319,4.8,1163.0,1.11,30.0,0.49,-66.4,-51.9,24.1,43.0,-95.4,2.4,0.0,123.0,1
D004320,4.6,1167.0,1.18,33.5,0.41,-64.8,-50.8,23.8,47.0,-96.1,7.1,0.0,128.0,1
D004321,6.3,1347.0,1.35,22.0,0.7,-60.3,-54.5,26.9,43.0,-96.7,8.1,1.0,134.0,0
D004322,4.6,1131.0,1.1,29.0,0.47,-63.8,-49.7,25.4,43.0,-94.8,9.6,1.0,127.0,1
D004323,6.3,1271.0,0.8,32.5,0.4,-64.5,-49.5,26.4,37.0,-97.3,8.6,0.0,120.0,1
D004324,4.7,1173.0,1.18,27.5,0.4,-65.6,-50.9,23.3,40.0,-95.4,11.7,1.0,125.0,0
D004325,5.1,1162.0,1.19,28.5,0.49,-64.6,-50.5,22.6,46.0,-94.6,6.8,1.0,132.0,1
D004326,4.6,1244.0,1.03,25.5,0.51,-64.8,-49.6,23.6,44.0,-95.0,12.1,1.0,128.0,1
D004327,4.5,1188.0,1.11,26.0,0.49,-64.9,-52.1,24.8,47.0,-96.3,13.6,1.0,126.0,0
D004328,3.3,1292.0,1.42,33.5,0.55,-67.6,-45.2,21.1,55.0,-91.7,19.5,1.0,117.0,0
D004329,5.0,1148.0,0.97,26.5,0.41,-66.3,-50.4,21.7,44.0,-96.2,13.6,1.0,122.0,0
D004330,4.6,1179.0,1.28,31.0,0.54,-65.8,-49.2,22.1,44.0,-97.7,8.0,0.0,136.0,1
D004331,4.7,1150.0,1.2,27.5,0.5,-66.5,-51.0,23.3,43.0,-96.5,8.3,1.0,129.0,1
D004332,5.6,1147.0,1.06,27.5,0.46,-67.0,-49.1,24.5,45.0,-94.6,7.4,1.0,133.0,1
D004333,4.5,1093.0,1.07,29.5,0.52,-65.4,-50.1,23.6,44.0,-96.1,9.0,0.0,125.0,1
D004334,4.5,1221.0,1.13,30.0,0.43,-65.9,-48.4,26.2,37.0,-92.7,11.4,1.0,126.0,1
D004335,4.8,1086.0,1.15,29.0,0.47,-66.5,-49.8,25.0,48.0,-93.0,,0.0,125.0,1
D004336,4.9,1146.0,1.16,31.0,0.45,-66.2,-51.8,24.2,50.0,-95.7,7.6,1.0,133.0,1
D004337,5.1,1180.0,1.03,30.0,0.55,-66.5,-49.2,23.9,46.0,-95.5,,1.0,122.0,1
D004338,5.9,1081.0,1.57,21.0,0.31,-60.3,-51.5,27.6,56.0,-96.2,19.3,1.0,125.0,0
D004339,,1348.0,1.46,36.0,0.66,-60.3,-48.6,24.1,37.0,-91.1,24.0,1.0,118.0,0
D004340,4.7,1148.0,0.99,31.0,0.51,-65.7,-50.8,24.4,42.0,-94.3,9.8,1.0,124.0,1
D004341,4.6,1139.0,1.01,25.0,0.5,-65.1,-49.6,23.8,48.0,-96.2,11.8,0.0,128.0,0
D004342,4.4,1162.0,1.06,28.5,0.47,-66.5,-50.1,23.2,47.0,-95.2,10.2,1.0,129.0,1
D004343,4.5,1132.0,,33.0,0.49,-66.0,-49.3,,47.0,-95.1,8.8,1.0,116.0,1
D004344,5.2,1159.0,1.2,27.5,0.54,-64.6,-52.9,24.7,46.0,-94.6,10.8,1.0,134.0,1
D004345,4.6,1192.0,0.96,25.5,0.45,-63.8,-48.8,23.2,45.0,-96.0,4.7,1.0,137.0,1
D004346,4.7,1162.0,1.16,28.5,0.45,-66.6,-52.7,23.6,40.0,-94.7,7.4,1.0,127.0,1
D004347,5.4,1165.0,1.09,29.0,0.45,-63.7,-49.8,24.3,41.0,-97.1,6.5,1.0,132.0,1
D004348,4.7,1231.0,1.15,30.0,0.51,,-49.3,22.3,39.0,-97.2,6.7,1.0,,1
D004349,4.8,1221.0,1.13,31.5,0.48,-66.5,-50.2,24.4,49.0,-95.8,9.0,1.0,124.0,1
D004350,3.4,1113.0,1.01,33.5,0.52,-64.1,-52.9,20.7,40.0,-94.8,22.7,0.0,127.0,1
D004351,4.6,1176.0,1.14,25.5,0.45,-64.9,-50.3,24.4,38.0,-95.8,9.1,1.0,126.0,0
D004352,4.9,1171.0,1.16,29.5,0.48,-64.4,-49.6,24.7,42.0,-95.8,,1.0,121.0,0
D004353,4.2,,1.12,30.5,0.47,-65.6,-50.3,22.9,45.0,-96.0,9.4,0.0,132.0,1
D004354,4.4,1161.0,1.13,31.0,0.42,-65.7,-52.5,24.1,45.0,-94.9,9.7,1.0,127.0,0
D004355,6.4,,0.84,35.5,0.53,-62.7,-53.7,26.4,54.0,-93.3,15.2,0.0,100.0,1
D004356,4.4,1205.0,1.15,31.0,0.45,-64.6,-49.2,24.1,45.0,-95.8,8.9,0.0,116.0,0
D004357,4.4,1174.0,1.22,30.5,0.5,-65.9,-49.2,26.1,44.0,-96.9,8.1,0.0,125.0,1
D004358,4.6,1178.0,1.11,24.5,0.47,-67.3,-49.7,24.7,43.0,-94.3,7.8,1.0,133.0,1
D004359,4.8,1149.0,1.01,29.5,0.51,-64.9,-51.5,23.4,,-94.0,7.9,0.0,121.0,1
D004360,4.0,1180.0,1.13,27.0,0.49,-64.4,-49.5,25.2,47.0,-94.6,7.8,0.0,125.0,0
D004361,4.7,1150.0,1.14,32.0,0.46,-67.0,-50.8,23.0,44.0,-94.8,6.0,1.0,129.0,1
D004362,5.4,1088.0,1.21,33.5,0.63,-62.4,-50.1,24.1,44.0,-98.6,14.9,0.0,100.0,0
D004363,5.1,1181.0,0.97,25.0,0.57,-64.8,-50.4,23.7,42.0,-95.1,5.6,1.0,130.0,1
D004364,4.4,1147.0,1.14,31.5,0.42,-65.2,-50.0,24.0,46.0,-94.7,6.8,0.0,127.0,1
D004365,4.4,1383.0,1.04,28.5,0.6,-65.4,-53.1,25.9,43.0,-95.1,1.2,0.0,102.0,1
D004366,5.7,1152.0,0.99,31.5,0.5,-66.1,-49.7,22.8,40.0,-95.2,9.0,0.0,135.0,1
D004367,4.2,1267.0,1.15,30.0,0.55,-67.4,-49.2,23.7,40.0,-95.9,10.3,1.0,122.0,1
D004368,5.1,1177.0,1.14,29.0,0.52,-65.2,-51.0,24.3,42.0,-94.7,11.8,1.0,133.0,1
D004369,5.2,1202.0,1.09,29.5,0.51,-67.5,-50.6,23.1,45.0,-94.6,6.0,1.0,126.0,1
D004370,4.2,1205.0,1.08,28.5,0.54,-64.0,-49.5,23.2,45.0,-95.9,6.6,1.0,133.0,0
D004371,3.9,1180.0,1.14,28.0,0.59,-66.2,-48.6,26.4,46.0,-96.4,7.8,0.0,130.0,1
D004372,,1135.0,1.09,26.0,0.47,-66.5,-49.0,,47.0,-96.5,10.5,1.0,124.0,1
D004373,6.1,1229.0,1.14,31.5,0.5,-66.8,-51.8,27.8,56.0,-99.0,1.4,1.0,115.0,1
D004374,4.7,1157.0,1.11,28.0,0.44,-65.1,-50.0,23.2,43.0,-95.3,9.6,1.0,120.0,0
D004375,4.2,,1.03,33.0,0.47,-66.5,-50.3,24.0,43.0,-95.0,12.1,0.0,128.0,0
D004376,5.0,1240.0,1.17,30.0,0.47,-64.5,-49.9,23.0,46.0,-95.0,11.9,0.0,129.0,0
D004377,4.8,1168.0,1.16,28.5,0.46,-65.7,-49.8,25.1,45.0,-95.2,12.5,0.0,127.0,1
D004378,6.5,1300.0,1.23,38.5,0.56,-62.6,-53.8,27.3,57.0,-94.1,17.9,1.0,124.0,1
D004379,4.5,1281.0,1.59,24.0,0.65,-61.2,-45.9,21.4,60.0,-99.8,2.0,1.0,140.0,0
D004380,4.6,1183.0,1.07,29.0,0.47,-65.1,-51.5,26.1,40.0,-95.7,8.6,0.0,124.0,1
D004381,5.4,1174.0,1.07,31.0,0.58,-67.1,-49.1,23.1,42.0,-99.1,6.4,0.0,100.0,1
D004382,3.8,1322.0,1.37,21.0,0.63,-65.4,-48.7,28.5,60.0,-98.8,4.3,0.0,109.0,0
D004383,4.3,1155.0,1.07,30.5,0.57,-66.2,-50.2,24.4,44.0,-94.5,14.9,1.0,119.0,0
D004384,4.4,1250.0,1.09,33.0,0.55,-65.5,-49.0,24.5,40.0,-95.4,10.9,1.0,133.0,1
D004385,4.6,1211.0,1.12,30.5,0.45,-67.6,-49.6,24.6,46.0,-95.9,7.9,1.0,124.0,1
D004386,5.0,1102.0,1.05,30.5,0.4,-66.8,-51.7,23.3,48.0,,6.0,0.0,129.0,1
D004387,5.1,1101.0,1.13,31.0,0.49,-67.0,-48.3,25.7,46.0,-95.5,6.4,0.0,127.0,0
D004388,4.5,1191.0,1.22,30.5,0.46,-65.5,-50.6,24.7,39.0,-96.1,11.0,1.0,125.0,1
D004389,5.5,1161.0,1.04,30.5,0.52,-65.7,-48.2,26.9,44.0,-94.0,5.5,0.0,133.0,1
D004390,4.3,1214.0,1.05,29.5,0.53,,-49.6,23.5,42.0,-96.4,7.8,0.0,134.0,1
D004391,5.0,1147.0,1.22,28.5,0.47,-67.2,-50.3,25.2,42.0,-95.5,8.0,0.0,134.0,1
D004392,3.1,,1.5,35.0,0.31,-65.8,-47.5,23.3,39.0,-93.5,21.6,1.0,101.0,0
D004393,4.7,1174.0,1.04,30.5,0.46,-66.3,-50.1,23.9,47.0,-94.6,11.1,1.0,125.0,1
D004394,5.0,1223.0,1.14,27.0,0.5,-64.4,-50.2,24.4,47.0,-96.6,8.6,0.0,124.0,1
D004395,5.7,1259.0,1.33,25.5,0.46,-68.6,-52.9,28.8,52.0,-94.7,9.7,1.0,100.0,0
D004396,4.3,1165.0,1.05,28.5,0.52,-65.8,-51.3,24.4,41.0,-96.2,,1.0,122.0,1
D004397,4.4,1181.0,1.14,29.0,0.54,-64.8,-49.3,23.9,42.0,-94.5,9.2,1.0,124.0,1
D004398,5.0,1191.0,1.12,31.5,0.53,-67.1,-50.6,24.3,34.0,-95.3,14.1,0.0,133.0,1
D004399,4.2,1202.0,1.04,27.0,0.46,-65.6,,25.2,42.0,-95.3,2.8,1.0,131.0,1
D004400,4.9,1245.0,1.1,29.5,0.5,-66.6,-50.7,23.4,45.0,-96.6,10.8,0.0,127.0,1
D004401,5.0,1212.0,0.91,30.5,0.44,-67.1,-48.5,24.6,43.0,-94.9,9.8,1.0,125.0,1
D004402,4.3,1142.0,1.15,29.0,0.49,-67.0,-48.8,23.3,40.0,-96.4,8.6,1.0,126.0,1
D004403,4.6,1155.0,1.1,31.0,0.46,-65.9,-50.7,23.2,41.0,-95.3,11.8,0.0,118.0,1
D004404,4.6,1188.0,1.13,25.0,0.47,-65.7,-50.6,24.8,45.0,-95.4,10.0,1.0,123.0,1
D004405,4.7,1206.0,1.16,30.0,0.46,-66.0,-47.8,24.8,48.0,-94.9,7.8,1.0,128.0,1
D004406,7.0,1000.0,1.44,21.0,0.31,-68.2,-53.4,20.3,57.0,-91.1,8.3,0.0,110.0,0
D004407,4.7,1131.0,1.08,29.0,0.43,-66.3,-48.5,23.2,39.0,-95.0,7.1,1.0,126.0,1
D004408,3.9,1371.0,1.5,39.5,0.54,-64.7,-48.7,21.7,34.0,-93.6,4.6,1.0,112.0,1
D004409,3.4,1080.0,1.44,20.5,0.35,-63.7,-52.0,26.0,56.0,-98.2,4.2,0.0,117.0,0
D004410,4.4,1179.0,1.15,28.5,0.49,-65.4,-50.9,23.9,44.0,-95.4,6.3,0.0,124.0,1
D004411,3.3,1131.0,0.81,28.0,0.7,-69.1,-45.4,26.9,,-98.4,12.3,0.0,126.0,0
D004412,5.5,1166.0,1.14,26.5,0.39,-64.7,-50.3,22.8,45.0,-95.4,10.1,1.0,129.0,0
D004413,5.3,1185.0,1.03,29.5,0.41,-64.1,-49.5,22.9,42.0,-96.1,9.2,,126.0,1
D004414,4.3,1125.0,1.06,30.5,0.47,-65.0,-48.3,24.5,48.0,-95.1,11.4,1.0,119.0,0
D004415,4.6,1166.0,1.09,28.0,0.41,-64.9,-51.0,22.5,45.0,-95.9,5.1,0.0,123.0,1
D004416,5.2,1221.0,1.11,32.5,0.5,-64.1,-49.6,25.4,44.0,-94.7,7.8,1.0,122.0,0
D004417,5.5,1243.0,1.23,25.5,0.48,-65.9,-51.2,25.8,43.0,-94.9,9.9,0.0,131.0,1
D004418,5.1,1166.0,1.16,27.0,0.43,-64.1,-51.1,24.8,44.0,-94.6,12.4,1.0,131.0,1
D004419,4.7,1256.0,1.13,28.0,0.56,-66.4,-52.0,24.8,47.0,-94.4,3.6,0.0,123.0,1
D004420,5.1,1162.0,1.1,32.5,0.47,-65.2,-48.6,22.3,45.0,-97.0,6.6,1.0,117.0,1
D004421,5.1,1185.0,1.13,28.5,0.5,-63.3,-49.8,23.5,42.0,-95.6,11.2,0.0,130.0,1
D004422,7.0,,1.08,37.5,0.41,-62.2,-47.0,29.2,,-94.8,4.1,0.0,112.0,1
D004423,3.0,1125.0,0.86,20.5,0.49,-63.0,-52.0,22.8,37.0,-92.1,3.6,1.0,112.0,0
D004424,5.7,1236.0,1.03,31.5,0.38,-64.5,-51.8,21.3,34.0,-92.9,8.1,1.0,120.0,1
D004425,4.2,1196.0,1.23,28.0,0.42,-64.3,-48.3,23.8,44.0,-94.9,12.1,1.0,118.0,0
D004426,5.0,1137.0,1.18,30.5,0.48,-64.1,-49.4,24.4,39.0,-95.1,3.9,0.0,130.0,1
D004427,5.6,1024.0,1.47,33.0,0.33,-65.7,-48.0,29.2,39.0,-90.3,12.1,1.0,111.0,0
D004428,4.8,1152.0,1.12,30.5,0.51,-66.9,-49.2,24.4,47.0,-96.6,10.4,0.0,118.0,1
D004429,4.7,1262.0,1.14,21.0,0.45,-64.6,-50.0,26.3,44.0,-94.1,5.3,1.0,127.0,0
D004430,4.8,1113.0,1.06,25.0,0.48,-64.4,-47.8,24.4,46.0,-96.6,8.7,0.0,124.0,1
D004431,6.9,1280.0,1.02,32.0,0.45,-69.5,-53.0,27.6,48.0,-97.8,,0.0,136.0,1
D004432,4.5,1134.0,1.22,27.5,0.47,-65.0,-49.8,22.2,40.0,-94.6,12.4,1.0,139.0,0
D004433,5.1,1203.0,1.11,29.5,0.48,-65.1,-51.4,23.6,45.0,-96.0,6.5,1.0,128.0,1
D004434,4.9,1238.0,1.18,34.5,0.66,-60.4,-47.0,25.0,55.0,,15.1,1.0,107.0,0
D004435,4.5,1199.0,1.15,26.5,0.47,-65.7,-49.2,24.0,44.0,-95.3,13.9,1.0,135.0,0
D004436,4.2,1195.0,1.26,29.5,0.39,-64.8,-50.3,22.5,47.0,-96.7,10.4,0.0,133.0,0
D004437,4.7,1163.0,1.1,30.5,0.47,-66.6,-50.5,25.1,42.0,-94.9,10.0,0.0,120.0,1
D004438,5.3,1198.0,1.06,29.5,0.47,-64.5,-52.3,24.8,41.0,-96.9,11.8,,119.0,1
D004439,4.6,1209.0,1.23,26.0,0.54,-67.9,-52.6,23.4,36.0,-95.5,,0.0,121.0,0
D004440,4.9,1157.0,1.23,26.5,0.48,-64.9,-49.8,25.8,42.0,-95.3,12.9,1.0,,0
D004441,4.6,1194.0,0.94,26.0,0.5,-64.7,-50.7,23.0,49.0,-94.0,8.6,1.0,130.0,1
D004442,6.0,1323.0,1.47,30.5,0.56,-61.5,-50.9,25.2,,-94.6,8.3,1.0,123.0,1
D004443,5.2,1184.0,1.12,24.0,,-66.2,-50.3,23.4,45.0,-94.9,6.6,1.0,125.0,1
D004444,5.0,1195.0,1.01,32.5,0.5,-64.9,-50.6,22.3,43.0,-95.2,7.7,1.0,134.0,1
D004445,4.2,1146.0,0.93,30.5,0.44,-64.0,-49.3,24.4,41.0,-95.2,11.6,0.0,134.0,1
D004446,4.9,1175.0,1.17,27.0,0.54,-65.8,-49.5,24.4,46.0,-96.4,8.1,0.0,127.0,1
D004447,4.3,1136.0,1.13,28.0,0.49,,-49.6,24.4,46.0,-96.9,10.6,0.0,132.0,1
D004448,4.2,1152.0,1.19,30.5,0.49,-65.4,-48.0,24.2,45.0,-94.9,4.9,1.0,126.0,1
D004449,5.4,1042.0,1.44,23.0,0.58,-67.3,-48.6,29.8,33.0,-99.2,12.3,0.0,109.0,0
D004450,4.5,1158.0,0.92,26.5,0.64,-65.6,-49.6,26.1,39.0,-96.2,8.7,0.0,144.0,0
D004451,4.0,1211.0,1.27,28.0,0.62,-69.4,-45.1,28.2,33.0,-91.3,9.7,,119.0,1
D004452,4.9,1149.0,1.24,29.0,0.52,-65.4,-52.2,23.5,44.0,-94.5,9.8,0.0,126.0,1
D004453,4.6,1194.0,1.21,26.0,0.48,,-50.0,24.3,46.0,-95.3,10.6,1.0,129.0,1
D004454,4.3,1224.0,1.12,28.0,0.54,-64.4,-49.9,22.7,40.0,-95.0,10.3,1.0,126.0,1
D004455,4.8,1183.0,1.15,28.0,0.5,-65.5,-50.5,25.3,44.0,,12.1,0.0,125.0,1
D004456,5.0,1165.0,1.13,32.0,0.48,-67.3,-49.1,24.4,40.0,-96.2,14.4,1.0,133.0,1
D004457,3.3,1040.0,1.12,35.0,0.57,-64.2,-53.2,24.8,57.0,-98.1,6.4,0.0,116.0,1
D004458,4.9,1218.0,1.02,28.0,0.5,-65.4,-50.6,24.1,41.0,-96.8,11.2,1.0,126.0,1
D004459,4.8,1139.0,1.15,25.5,0.49,-64.6,-48.2,23.5,41.0,-94.9,15.6,1.0,126.0,0
D004460,4.8,1274.0,1.06,27.5,0.45,-63.0,-51.2,22.9,48.0,-95.9,10.7,1.0,127.0,0
D004461,4.6,1135.0,1.05,31.0,0.5,-66.0,-51.6,22.4,49.0,-97.1,10.1,1.0,128.0,1
D004462,4.3,1145.0,1.0,28.0,0.48,-64.7,-52.4,24.0,44.0,-95.1,11.7,0.0,126.0,1
D004463,4.9,1245.0,1.05,29.5,,-67.2,-50.6,,43.0,-94.6,8.9,0.0,125.0,1
D004464,4.8,1149.0,1.14,26.0,0.43,-67.6,-50.4,23.4,45.0,-94.4,8.2,1.0,130.0,1
D004465,4.8,1144.0,1.07,29.0,0.47,-65.5,-49.3,21.7,47.0,-96.0,5.8,1.0,122.0,0
D004466,4.7,1223.0,1.06,30.0,0.51,-67.1,-50.7,22.9,43.0,-96.6,12.7,1.0,123.0,1
D004467,5.0,1194.0,1.16,24.5,0.5,-67.8,-52.0,23.6,47.0,-95.9,14.2,0.0,125.0,1
D004468,5.0,1161.0,1.08,31.0,0.52,-65.9,-49.1,24.7,37.0,-94.3,10.3,1.0,129.0,1
D004469,3.4,1048.0,0.88,39.0,0.58,-62.5,-48.0,25.8,36.0,-99.4,21.9,1.0,116.0,0
D004470,4.9,1181.0,1.01,28.0,0.44,-66.5,-50.1,25.5,43.0,-95.9,9.5,1.0,116.0,1
D004471,4.4,1160.0,1.05,28.5,0.43,-67.5,-49.4,24.7,43.0,-96.4,9.4,1.0,136.0,1
D004472,4.6,1244.0,1.13,28.0,0.52,-64.4,-49.2,23.2,42.0,-95.5,9.0,1.0,133.0,0
D004473,4.7,1179.0,1.08,32.5,0.47,-65.1,-47.9,22.6,44.0,-96.6,9.9,1.0,135.0,1
D004474,4.4,1103.0,1.1,30.5,0.52,-62.9,-49.4,23.9,33.0,-91.5,2.4,0.0,134.0,1
D004475,5.3,1244.0,1.04,27.0,0.46,-66.4,-49.0,23.2,44.0,-94.1,9.2,0.0,132.0,1
D004476,3.8,1125.0,0.83,27.5,0.47,,-50.0,22.5,48.0,-90.3,5.6,1.0,120.0,0
D004477,4.4,1179.0,1.22,29.5,0.48,-64.6,-50.2,23.6,46.0,-96.1,8.4,1.0,125.0,1
D004478,6.5,1249.0,1.39,36.0,0.34,-67.3,-54.6,23.0,57.0,-96.6,19.7,1.0,105.0,1
D004479,5.3,1169.0,0.99,28.0,,-66.3,-50.7,23.4,39.0,-94.7,6.9,1.0,124.0,1
D004480,4.2,1349.0,0.96,24.5,0.58,-62.5,-52.6,27.4,38.0,-93.5,4.2,1.0,108.0,0
D004481,5.1,1127.0,1.15,27.5,0.45,-65.4,-51.3,23.3,47.0,-95.5,9.4,1.0,127.0,1
D004482,5.3,1164.0,1.1,26.5,0.5,-65.8,-51.3,23.8,47.0,-95.1,7.6,0.0,119.0,1
D004483,5.2,1126.0,1.08,27.5,0.49,-66.3,-50.3,23.5,39.0,-96.0,8.5,1.0,126.0,1
D004484,4.9,1169.0,1.06,29.0,0.45,-64.7,-50.3,24.2,40.0,-95.3,10.1,1.0,130.0,1
D004485,4.8,1134.0,1.05,28.5,0.47,-65.4,-50.4,24.2,45.0,-95.9,11.3,0.0,126.0,1
D004486,5.5,1223.0,1.08,29.5,0.48,-64.4,-50.7,23.1,42.0,-97.7,6.7,1.0,127.0,0
D004487,4.2,1278.0,0.98,23.0,0.41,-67.0,-53.3,28.9,59.0,-97.0,7.7,0.0,115.0,0
D004488,5.5,1160.0,1.07,30.5,0.48,-65.9,-50.0,24.6,48.0,-94.3,9.6,1.0,132.0,1
D004489,4.3,1138.0,1.05,33.5,0.51,-64.2,-50.3,25.8,45.0,-96.7,8.1,0.0,127.0,0
D004490,4.7,1149.0,1.51,20.5,0.63,-62.6,-52.7,20.9,42.0,-95.8,6.8,0.0,106.0,0
D004491,4.3,1122.0,1.07,28.0,0.51,-66.0,-49.6,26.3,40.0,-95.0,5.6,1.0,127.0,1
D004492,5.0,1230.0,0.87,,0.5,-66.7,-49.6,25.0,43.0,-95.2,6.6,1.0,137.0,1
D004493,4.9,1218.0,1.16,29.0,0.52,-65.3,-50.8,26.0,38.0,-95.6,7.7,0.0,128.0,1
D004494,6.8,1206.0,0.92,36.0,0.43,-64.5,-51.8,22.1,43.0,-95.7,8.2,0.0,107.0,1
D004495,5.3,1191.0,1.46,33.0,0.53,-62.4,-54.3,26.9,49.0,-91.1,22.6,1.0,144.0,0
D004496,5.6,1170.0,0.88,36.5,0.35,-61.8,-54.7,27.9,42.0,-97.3,4.1,0.0,139.0,1
D004497,4.0,1287.0,1.33,23.0,0.37,-64.4,-51.7,25.1,60.0,-93.3,9.0,1.0,148.0,0
D004498,4.9,1096.0,1.11,25.0,0.49,-65.0,-50.1,25.0,43.0,-95.0,9.5,0.0,130.0,1
D004499,5.4,1167.0,1.04,27.5,0.55,-66.6,-48.1,24.4,42.0,-94.5,10.5,0.0,121.0,1
D004500,5.4,1270.0,1.26,35.5,0.45,-63.0,-47.6,26.0,51.0,-98.5,3.7,1.0,141.0,1
D004501,3.4,1230.0,1.19,37.5,0.39,-60.9,-54.3,23.6,43.0,-93.7,15.9,0.0,124.0,0
D004502,7.0,1275.0,1.56,27.0,0.5,-67.8,-48.6,22.2,45.0,-95.3,12.3,1.0,148.0,1
D004503,4.0,1153.0,1.08,32.0,0.5,-65.3,-50.8,25.5,40.0,-95.9,12.8,0.0,129.0,1
D004504,5.4,1206.0,1.15,31.0,0.49,-65.7,-51.5,24.7,46.0,-96.4,,0.0,133.0,1
D004505,5.7,1153.0,1.01,30.5,0.46,-66.6,-48.9,24.3,45.0,-96.4,8.1,1.0,127.0,1
D004506,5.3,1259.0,1.06,32.5,0.52,-64.9,-49.4,22.6,44.0,,6.2,0.0,132.0,1
D004507,6.5,1133.0,1.38,22.0,0.35,-63.4,-49.5,29.4,34.0,,2.3,1.0,116.0,0
D004508,4.2,1297.0,0.97,26.0,0.43,-68.3,-52.0,,48.0,-98.7,5.6,1.0,133.0,0
D004509,,1388.0,1.24,20.0,0.55,-63.0,-51.6,20.8,55.0,-98.8,4.0,1.0,129.0,1
D004510,4.5,1186.0,1.09,26.0,,-65.3,-50.3,23.2,41.0,-94.2,6.7,1.0,123.0,0
D004511,4.8,1118.0,1.0,27.0,0.49,-66.5,-49.7,23.0,49.0,-94.9,7.2,0.0,122.0,1
D004512,3.9,1368.0,,39.5,0.56,-66.4,-51.6,27.6,42.0,-91.4,11.3,1.0,134.0,1
D004513,5.0,1144.0,1.11,28.5,0.54,-63.2,-49.1,22.2,38.0,-95.8,9.1,0.0,129.0,1
D004514,5.1,1201.0,1.06,27.0,0.54,-64.4,-49.5,22.1,41.0,-94.4,9.5,1.0,119.0,1
D004515,5.8,1329.0,1.12,37.0,0.66,-67.8,-49.4,25.4,58.0,-98.4,11.2,1.0,132.0,1
D004516,4.9,1201.0,1.12,28.0,0.49,-64.9,-50.0,24.1,44.0,-95.3,7.9,1.0,122.0,1
D004517,4.4,1171.0,1.13,30.0,0.48,-65.7,-50.2,24.0,43.0,-94.6,11.3,1.0,124.0,1
D004518,3.6,1098.0,1.03,26.0,0.6,-69.1,-54.5,27.6,46.0,-92.9,21.9,0.0,147.0,0
D004519,4.0,1153.0,1.27,25.0,0.5,-66.3,-46.7,30.0,38.0,-93.0,11.0,1.0,128.0,0
D004520,4.7,1187.0,0.94,31.0,0.54,-66.8,-50.1,23.1,41.0,-95.4,12.6,0.0,128.0,1
D004521,4.8,1107.0,1.01,26.5,0.51,-65.6,-50.1,24.0,37.0,-97.4,6.0,1.0,135.0,1
D004522,6.1,1129.0,0.92,28.0,0.63,-67.4,-47.1,29.3,42.0,-90.4,19.9,1.0,123.0,0
D004523,4.6,1163.0,1.18,29.5,0.45,-64.8,-49.7,23.0,42.0,-96.0,12.6,1.0,122.0,0
D004524,5.7,1293.0,1.2,21.5,0.36,-66.9,-54.6,28.8,59.0,-94.1,16.3,1.0,126.0,0
D004525,5.1,1257.0,1.26,28.5,0.51,-66.5,-50.1,23.0,48.0,-95.9,4.9,1.0,116.0,1
D004526,5.6,1032.0,1.23,32.5,0.54,-66.1,-46.8,28.0,48.0,-96.3,0.3,0.0,100.0,1
D004527,,1053.0,1.07,28.5,0.38,-68.5,-47.8,29.2,35.0,-95.6,19.2,1.0,130.0,0
D004528,6.4,1007.0,1.33,26.5,0.4,-61.5,-52.3,22.5,49.0,-92.5,3.7,1.0,112.0,1
D004529,5.6,1251.0,1.0,30.0,0.48,-66.5,-49.9,23.3,50.0,-95.2,7.8,0.0,130.0,1
D004530,4.0,1140.0,1.14,24.5,0.49,-64.7,-50.4,22.9,46.0,-95.3,11.2,1.0,126.0,0
D004531,4.5,1275.0,1.52,28.5,0.52,-65.8,-46.5,27.0,,-95.4,4.8,0.0,120.0,0
D004532,5.4,1132.0,1.11,28.0,0.51,-66.6,-50.9,22.3,43.0,-96.6,8.5,1.0,134.0,1
D004533,6.2,1396.0,0.93,23.5,0.7,-61.9,-52.1,29.9,30.0,,18.4,0.0,124.0,0
D004534,5.1,1198.0,1.12,27.0,0.47,-65.0,-48.3,23.6,46.0,-95.5,8.1,1.0,138.0,1
D004535,6.0,1185.0,1.24,39.5,0.4,-61.6,-50.3,24.3,43.0,-94.0,2.2,1.0,104.0,1
D004536,6.3,1170.0,0.95,36.5,0.68,,-49.2,28.5,44.0,-90.7,19.3,0.0,129.0,0
D004537,4.0,1234.0,1.06,30.0,,-67.5,-48.5,24.3,45.0,-96.7,8.5,1.0,133.0,1
D004538,4.1,1082.0,1.05,26.5,0.51,-64.8,-49.5,23.8,47.0,-96.0,7.0,0.0,129.0,1
D004539,4.9,1195.0,1.23,29.0,0.54,,-50.7,23.9,48.0,-95.4,10.6,1.0,128.0,1
D004540,5.1,1040.0,1.32,38.0,0.46,-64.3,-47.4,23.1,59.0,-97.2,11.2,0.0,,1
D004541,5.1,1236.0,1.21,27.5,0.51,-65.2,-49.3,24.7,47.0,-95.9,11.0,1.0,124.0,1
D004542,4.3,1275.0,1.25,25.5,0.46,-66.2,-48.7,22.3,44.0,-95.4,7.7,1.0,129.0,1
D004543,4.7,1138.0,1.17,29.0,0.45,-64.0,-50.4,23.3,42.0,-94.6,6.8,1.0,132.0,1
D004544,4.5,1150.0,1.08,33.5,0.47,-66.0,-51.7,24.1,45.0,-94.6,10.4,0.0,134.0,1
D004545,4.2,,0.91,30.5,0.5,-64.2,-50.0,24.4,42.0,-93.3,7.5,1.0,127.0,1
D004546,3.3,1081.0,0.97,38.5,0.49,-66.5,-47.4,22.7,37.0,-93.2,12.1,1.0,136.0,0
D004547,5.2,1283.0,1.38,29.0,0.36,-67.6,-49.1,20.8,55.0,-98.6,,0.0,145.0,1
D004548,6.9,1083.0,1.2,36.5,0.6,-66.9,-46.9,26.4,51.0,-96.6,0.4,1.0,134.0,1
D004549,5.6,1140.0,1.09,24.0,0.46,-63.9,-47.9,23.1,43.0,-94.0,10.9,1.0,132.0,1
D004550,3.9,1070.0,1.42,27.0,0.34,-60.8,-54.0,28.1,54.0,-92.8,22.1,0.0,132.0,0
D004551,4.9,1235.0,1.11,26.5,0.49,-67.0,-50.7,24.4,41.0,-95.3,8.7,0.0,129.0,1
D004552,4.6,1210.0,1.12,29.5,0.51,-66.8,-49.2,23.7,40.0,-95.6,8.5,0.0,130.0,1
D004553,5.1,1014.0,0.94,38.5,0.56,-65.3,-51.0,25.2,34.0,-99.7,9.8,0.0,117.0,1
D004554,4.2,1274.0,1.12,29.5,0.33,-60.7,-52.7,22.4,53.0,-91.4,1.7,1.0,133.0,0
D004555,5.0,1229.0,1.01,28.5,0.53,-66.9,-50.5,23.8,47.0,-95.7,7.7,1.0,139.0,1
D004556,6.7,1001.0,1.36,37.0,0.45,-67.2,-52.4,20.9,35.0,-97.2,13.5,0.0,111.0,1
D004557,4.2,1171.0,1.2,24.0,0.41,-66.4,-51.4,,44.0,-94.4,10.2,1.0,136.0,0
D004558,4.0,1324.0,1.07,31.5,0.61,-66.5,-51.8,28.6,43.0,-94.6,22.3,0.0,114.0,0
D004559,5.1,1155.0,1.06,30.5,0.42,-66.9,-48.7,24.6,,-97.0,9.3,0.0,128.0,1
D004560,5.0,1155.0,1.08,28.0,0.52,-65.9,-52.7,26.2,44.0,-94.3,7.2,0.0,131.0,1
D004561,5.0,1181.0,1.11,29.5,0.46,,-49.7,23.4,43.0,-93.8,10.5,1.0,116.0,1
D004562,6.8,1184.0,0.98,39.5,0.4,-67.9,-48.0,24.1,50.0,-94.2,11.7,0.0,136.0,1
D004563,5.0,1218.0,1.06,30.5,0.48,-65.0,-51.0,24.3,39.0,-95.3,8.9,1.0,127.0,1
D004564,5.4,1130.0,1.19,32.5,0.47,-66.0,-52.0,23.9,48.0,-95.6,7.8,1.0,126.0,1
D004565,6.7,1081.0,0.89,,0.6,-67.8,-48.5,23.4,32.0,-90.3,10.1,1.0,125.0,1
D004566,6.3,1360.0,1.0,40.0,0.55,-61.6,-46.7,21.7,33.0,-96.1,19.6,1.0,132.0,1
D004567,5.4,1152.0,1.11,26.5,0.48,-66.4,-49.9,23.0,40.0,-93.5,8.5,0.0,121.0,1
D004568,4.5,1181.0,0.97,31.5,0.41,,-51.9,,41.0,-96.1,13.4,1.0,132.0,0
D004569,4.8,1206.0,1.13,28.0,0.45,-64.5,-50.0,23.5,45.0,-96.5,8.2,1.0,122.0,1
D004570,6.8,1247.0,1.58,21.5,0.52,-63.2,-45.4,22.5,39.0,-94.7,2.1,,130.0,1
D004571,4.8,1196.0,1.06,26.0,0.48,-66.9,-50.7,24.9,42.0,-95.2,8.1,1.0,126.0,1
D004572,5.5,1139.0,1.03,28.5,0.46,-65.3,-50.6,23.9,41.0,,12.5,0.0,128.0,1
D004573,5.3,1116.0,1.23,25.0,0.47,-65.8,-48.2,23.6,45.0,-94.3,8.0,0.0,129.0,1
D004574,4.0,1088.0,0.84,24.0,0.37,-64.4,-54.9,27.9,33.0,-98.3,2.8,1.0,137.0,0
D004575,7.0,1175.0,1.52,31.5,0.42,-62.0,-53.2,29.0,48.0,,8.3,0.0,136.0,0
D004576,3.1,1333.0,1.02,32.0,0.44,-61.6,-50.7,22.1,41.0,-95.6,21.7,0.0,147.0,0
D004577,4.0,1071.0,1.6,31.5,0.31,-60.5,-47.2,29.7,53.0,-90.7,16.3,0.0,147.0,0
D004578,3.6,1146.0,1.11,,0.48,-65.3,-48.2,26.1,46.0,-95.8,7.6,0.0,125.0,0
D004579,3.4,1187.0,1.36,37.5,0.46,-68.1,-48.9,20.3,30.0,-99.0,,0.0,137.0,1
D004580,4.9,1278.0,1.17,27.5,0.47,-65.5,-51.1,23.9,42.0,-96.0,7.9,1.0,129.0,1
D004581,6.5,1170.0,0.84,22.5,0.36,-67.1,-51.1,27.6,52.0,-99.1,21.1,0.0,123.0,0
D004582,4.7,1166.0,1.14,28.5,0.47,-67.0,-50.3,24.8,42.0,-94.3,8.5,0.0,122.0,0
D004583,5.3,1151.0,0.92,27.5,0.45,-66.0,-51.0,24.3,46.0,-96.1,8.8,1.0,126.0,1
D004584,5.3,1145.0,0.99,30.0,0.49,-64.8,-51.2,24.9,43.0,-94.1,10.0,1.0,139.0,1
D004585,4.7,1224.0,1.16,29.5,0.46,-66.4,-51.9,23.9,44.0,-93.5,7.9,1.0,125.0,1
D004586,3.8,1304.0,1.07,34.0,0.68,-60.8,-47.3,21.7,54.0,-97.2,15.4,1.0,142.0,0
D004587,4.5,1162.0,1.07,33.0,0.55,-66.7,-49.8,24.0,41.0,-97.3,6.1,0.0,127.0,1
D004588,4.7,1165.0,1.15,25.0,0.47,-66.3,-49.8,25.5,49.0,-96.5,9.7,0.0,131.0,1
D004589,4.5,1214.0,1.04,30.5,0.49,-64.2,-50.9,23.8,43.0,,10.1,1.0,133.0,1
D004590,6.7,1008.0,1.53,34.0,0.33,-64.5,-52.9,24.6,49.0,-90.7,2.2,1.0,,1
D004591,4.5,1394.0,1.09,35.0,0.49,-65.0,-48.6,20.0,38.0,-97.9,4.0,1.0,110.0,0
D004592,4.1,1005.0,1.03,28.5,0.63,-64.4,-50.7,24.2,53.0,-94.0,1.9,0.0,143.0,1
D004593,5.0,,1.06,27.0,0.46,-66.0,-49.3,24.3,41.0,-96.2,8.1,,118.0,1
D004594,4.5,1159.0,1.19,27.5,0.48,-65.6,-49.0,22.8,37.0,-95.7,10.4,1.0,119.0,1
D004595,6.9,1257.0,1.11,38.5,0.54,-64.8,-52.1,21.6,,-97.4,,1.0,107.0,1
D004596,5.2,1216.0,0.96,26.0,0.51,,-50.9,25.0,46.0,-95.7,4.7,1.0,124.0,1
D004597,5.7,1123.0,1.14,29.0,0.51,-61.5,-48.4,23.6,34.0,-93.8,9.6,1.0,139.0,1
D004598,4.3,1148.0,1.43,31.0,0.61,-64.1,-48.8,22.4,49.0,-91.8,13.7,1.0,138.0,0
D004599,3.2,1118.0,1.24,30.5,0.6,-65.0,-51.2,28.8,59.0,-95.8,14.8,0.0,139.0,0
D004600,5.1,1176.0,1.16,29.5,0.45,-65.1,-51.1,25.3,38.0,-95.3,11.4,1.0,118.0,1
D004601,5.4,1153.0,1.14,29.0,0.47,-65.1,-47.7,23.9,49.0,-95.9,9.2,1.0,132.0,1
D004602,6.9,1254.0,1.43,31.5,0.56,-63.3,-45.8,21.4,36.0,-90.7,3.7,0.0,100.0,0
D004603,5.9,1195.0,1.15,30.0,0.57,-64.1,-49.9,24.7,42.0,-97.0,5.1,1.0,129.0,1
D004604,4.6,1159.0,1.02,28.0,0.52,-65.3,-50.5,24.1,41.0,-94.9,10.9,1.0,132.0,1
D004605,3.6,1158.0,1.54,34.5,0.36,-68.1,-47.3,27.2,44.0,-96.4,8.7,0.0,110.0,0
D004606,4.6,1065.0,1.27,34.5,0.61,-65.1,-46.3,27.3,54.0,-95.2,0.2,1.0,123.0,0
D004607,4.2,1341.0,1.26,21.5,0.44,-68.3,-49.6,21.4,42.0,-99.0,,0.0,142.0,1
D004608,6.7,1269.0,0.85,30.5,0.4,-61.1,-45.0,26.5,32.0,-91.4,0.1,1.0,129.0,1
D004609,5.0,1212.0,1.07,30.5,0.47,-63.1,-51.4,23.0,41.0,-96.0,9.5,1.0,123.0,1
D004610,5.2,1183.0,1.2,32.0,0.45,-65.2,-48.4,24.4,45.0,-96.4,8.8,0.0,125.0,1
D004611,5.2,1218.0,1.11,29.5,0.46,-66.3,-50.2,25.0,39.0,-95.4,5.9,0.0,131.0,1
D004612,4.6,1172.0,1.13,29.0,0.51,-64.3,-50.3,22.3,36.0,-95.1,6.5,0.0,127.0,1
D004613,5.1,1158.0,1.15,28.5,0.46,-64.8,-50.4,23.0,43.0,-95.6,10.5,0.0,121.0,1
D004614,5.0,1231.0,1.08,27.0,0.43,-66.0,-53.5,24.3,43.0,-95.0,8.5,0.0,123.0,1
D004615,4.5,1157.0,1.03,29.5,0.47,,-51.2,23.6,41.0,-95.9,9.8,0.0,133.0,0
D004616,5.4,1152.0,1.08,29.5,0.43,-67.4,-50.4,22.5,45.0,-95.6,8.3,1.0,126.0,1
D004617,4.5,1210.0,1.18,27.5,0.38,-64.1,-50.1,23.4,50.0,-95.8,8.4,1.0,129.0,0
D004618,5.8,1067.0,1.02,23.5,0.46,-66.5,-49.0,,32.0,-92.7,20.2,1.0,103.0,0
D004619,5.8,1135.0,1.08,25.0,0.58,-65.6,-49.5,30.0,57.0,-92.9,12.6,1.0,104.0,0
D004620,5.3,1195.0,1.06,28.0,0.48,-65.5,-50.8,26.2,43.0,-95.2,7.5,0.0,132.0,1
D004621,4.9,1147.0,1.27,37.5,0.49,-60.1,-45.5,25.2,54.0,-97.4,21.0,0.0,118.0,0
D004622,4.8,1155.0,0.98,32.0,0.49,-65.0,-50.9,23.8,40.0,-95.5,8.7,0.0,131.0,1
D004623,5.7,1124.0,1.2,31.5,0.65,-68.5,-50.6,24.4,,-98.0,22.7,0.0,126.0,1
D004624,5.0,1134.0,0.96,28.5,0.46,-66.6,-49.5,23.8,46.0,-95.0,12.7,0.0,119.0,1
D004625,6.9,1303.0,1.53,24.0,0.41,-68.4,-54.8,,41.0,-93.4,12.9,1.0,149.0,1
D004626,5.3,1183.0,1.12,27.0,0.45,-64.9,-49.9,24.6,42.0,-95.6,6.1,0.0,130.0,1
D004627,,1187.0,1.04,28.0,0.49,-66.2,-51.3,22.5,44.0,-94.2,11.1,0.0,133.0,1
D004628,5.2,1219.0,0.84,22.5,0.36,-67.2,-51.0,29.8,60.0,-90.6,9.0,1.0,122.0,0
D004629,4.9,1152.0,,29.5,0.41,-64.8,-51.5,23.9,42.0,-97.5,11.3,0.0,137.0,1
D004630,6.0,1267.0,1.38,21.0,0.61,,-51.0,20.4,41.0,-97.2,10.6,0.0,110.0,0
D004631,3.4,1114.0,1.1,22.5,0.37,-66.2,-52.8,,37.0,-92.4,23.2,0.0,105.0,0
D004632,4.5,1070.0,1.32,23.5,0.62,-60.6,-50.2,27.7,47.0,-93.5,18.6,0.0,119.0,0
D004633,4.6,1003.0,1.09,33.5,0.31,-63.4,-51.6,24.1,46.0,-91.1,21.4,1.0,133.0,0
D004634,4.8,1260.0,0.98,27.5,0.55,-66.3,-50.7,23.8,44.0,-94.6,6.5,1.0,134.0,1
D004635,4.0,1005.0,0.84,30.5,0.47,-61.9,-52.7,28.1,53.0,-94.3,19.1,0.0,116.0,0
D004636,4.6,1177.0,1.11,29.0,0.52,-64.6,-50.7,24.9,46.0,-97.2,5.8,0.0,127.0,1
D004637,5.8,1373.0,1.4,29.0,0.34,-64.7,-47.1,28.5,37.0,-93.5,18.0,0.0,112.0,0
D004638,5.1,1270.0,1.18,27.5,0.53,-64.8,-48.0,24.7,48.0,-95.3,12.3,1.0,116.0,0
D004639,4.8,1176.0,1.19,29.0,0.39,-66.0,-49.4,24.0,35.0,-96.0,10.1,1.0,123.0,0
D004640,,1150.0,1.32,30.0,,-61.6,-45.6,23.0,34.0,-98.1,0.8,1.0,138.0,1
D004641,5.5,1171.0,1.06,30.5,0.45,-64.9,-48.2,22.4,40.0,-97.3,9.9,0.0,137.0,1
D004642,4.9,1127.0,0.97,29.0,0.54,-65.0,-49.9,24.4,47.0,-95.2,10.7,,127.0,1
D004643,4.3,1234.0,1.05,38.0,0.69,-63.5,-47.2,20.8,38.0,-92.7,13.7,0.0,129.0,0
D004644,3.4,1235.0,1.39,36.5,0.58,-66.7,-52.0,24.9,54.0,-91.0,11.0,0.0,111.0,0
D004645,4.8,1153.0,1.06,30.5,0.51,-66.1,-48.4,23.6,41.0,-94.8,8.2,1.0,136.0,1
D004646,5.5,1034.0,1.41,,0.68,-61.5,-50.7,23.5,35.0,-94.7,19.9,0.0,139.0,0
D004647,4.2,1157.0,0.86,32.5,0.49,-66.1,-48.7,24.0,43.0,-96.1,9.9,1.0,121.0,1
D004648,5.2,1147.0,1.25,21.5,0.55,-63.3,-49.2,29.0,31.0,-90.1,12.2,1.0,140.0,0
D004649,4.5,1223.0,0.96,27.0,0.44,-66.0,-48.5,25.4,43.0,-96.4,11.2,1.0,131.0,1
D004650,4.7,1228.0,1.12,30.5,0.45,-64.9,-48.8,22.0,47.0,-96.3,11.6,1.0,129.0,1
D004651,5.0,1154.0,1.15,30.5,0.48,-64.7,-50.5,24.9,38.0,-95.0,8.8,0.0,122.0,1
D004652,6.5,1362.0,0.88,23.0,0.33,-67.7,-45.6,23.8,44.0,-92.8,16.2,1.0,103.0,0
D004653,4.8,1234.0,1.16,28.5,0.56,-65.4,-50.0,23.4,43.0,-94.1,5.6,1.0,131.0,1
D004654,6.3,1078.0,1.21,28.0,0.44,-62.8,-47.9,26.1,53.0,-98.0,7.3,0.0,133.0,1
D004655,5.3,1181.0,1.1,27.5,0.46,-66.2,-50.6,23.9,42.0,-97.2,7.5,1.0,120.0,1
D004656,4.9,1215.0,0.95,23.5,0.47,-66.5,-48.8,24.3,44.0,-96.0,9.9,0.0,132.0,1
D004657,4.9,1301.0,1.52,22.0,0.47,-67.7,-45.5,23.7,36.0,-97.2,11.6,1.0,143.0,1
D004658,4.6,1179.0,1.31,26.5,0.51,-68.1,-51.0,22.8,50.0,-95.5,10.6,1.0,128.0,1
D004659,6.1,1056.0,1.46,38.0,0.47,-69.4,-53.2,21.9,43.0,-93.0,21.0,0.0,112.0,1
D004660,6.0,1163.0,1.52,33.0,0.64,-64.8,-50.3,22.8,54.0,-98.4,22.2,1.0,107.0,0
D004661,6.1,1285.0,1.55,26.0,0.55,-68.2,-53.4,22.6,33.0,-95.9,21.8,1.0,120.0,1
D004662,4.9,1186.0,1.17,28.0,0.52,-66.1,-49.4,23.7,40.0,-95.3,10.3,1.0,124.0,0
D004663,4.7,1161.0,1.1,30.0,0.56,-64.6,-49.3,25.2,44.0,-94.6,7.0,,132.0,1
D004664,5.4,1081.0,0.9,33.0,0.33,-69.2,-53.0,22.3,34.0,-97.3,,0.0,102.0,1
D004665,5.2,1112.0,1.32,27.5,0.45,-65.0,-50.8,22.8,42.0,-95.9,12.7,1.0,131.0,1
D004666,4.6,1223.0,1.12,31.0,0.44,-64.7,-52.7,22.5,45.0,-95.9,7.4,1.0,130.0,1
D004667,4.8,1161.0,0.96,29.5,0.43,-64.5,-50.3,22.2,42.0,,12.2,1.0,130.0,1
D004668,6.5,1028.0,1.34,,0.47,-64.0,-54.9,22.9,39.0,-93.1,6.8,1.0,107.0,1
D004669,4.7,1234.0,1.31,27.0,0.49,-66.1,-51.2,23.9,38.0,-95.7,7.6,0.0,120.0,1
D004670,4.3,1208.0,1.16,28.5,0.47,-66.8,-49.2,24.3,45.0,-94.1,5.6,0.0,134.0,1
D004671,3.0,1102.0,1.59,31.5,0.6,-60.9,-47.4,28.8,41.0,-90.1,6.7,1.0,138.0,0
D004672,5.3,1245.0,1.17,32.0,0.5,-64.4,-49.2,23.9,47.0,,13.3,1.0,135.0,1
D004673,4.6,1125.0,1.06,30.5,0.43,-64.1,-50.9,22.5,39.0,-95.3,6.3,0.0,125.0,1
D004674,5.1,1110.0,1.2,30.0,0.46,-66.3,-49.0,23.1,41.0,-97.6,7.5,1.0,133.0,1
D004675,5.3,1000.0,1.35,29.5,0.6,-69.5,-45.6,22.0,43.0,-91.9,23.6,0.0,102.0,0
D004676,5.4,1170.0,1.1,28.0,0.44,-67.3,-49.1,24.0,44.0,-95.0,14.0,0.0,127.0,1
D004677,4.1,1162.0,1.12,29.0,0.54,-65.7,-50.9,22.2,38.0,-93.8,12.4,0.0,137.0,0
D004678,4.7,1165.0,1.19,29.5,0.52,-66.1,-49.7,23.2,45.0,-96.6,12.5,0.0,128.0,1
D004679,6.2,1227.0,0.89,20.5,0.48,-67.5,-48.9,22.3,40.0,-92.7,0.8,1.0,144.0,1
D004680,5.9,1393.0,1.5,30.0,0.52,-66.5,-53.8,27.6,48.0,-92.9,2.5,0.0,149.0,1
D004681,5.1,1234.0,0.97,27.5,0.57,,-50.8,22.8,41.0,-95.7,9.0,0.0,129.0,1
D004682,5.7,1331.0,1.05,32.0,0.44,-64.8,-51.4,21.3,57.0,-94.8,14.2,0.0,149.0,1
D004683,4.0,1182.0,1.1,,0.5,-65.1,-49.2,23.3,42.0,-93.1,8.1,1.0,130.0,1
D004684,4.5,1184.0,1.05,28.0,0.43,-65.7,-49.4,25.3,44.0,-96.0,11.0,0.0,123.0,0
D004685,4.8,1208.0,1.21,30.0,0.44,-64.9,-48.3,22.4,37.0,-95.2,10.6,1.0,135.0,0
D004686,3.9,1138.0,1.17,29.0,,-65.2,-50.4,24.4,39.0,-93.0,11.6,1.0,129.0,0
D004687,4.8,1151.0,1.07,27.5,0.48,-65.8,-48.7,23.2,45.0,-96.0,7.9,1.0,,0
D004688,6.8,1025.0,1.41,37.5,0.69,-61.7,-49.5,27.5,37.0,-90.8,18.8,0.0,106.0,0
D004689,3.2,1112.0,1.23,33.0,0.35,-69.1,-48.2,23.4,30.0,-91.7,13.4,1.0,112.0,0
D004690,5.3,1303.0,1.09,25.5,0.51,-65.5,-49.3,26.7,59.0,-98.4,17.4,0.0,125.0,1
D004691,5.0,1160.0,1.06,32.5,0.38,-66.6,-49.8,24.3,45.0,-96.1,7.7,1.0,125.0,1
D004692,4.7,1201.0,1.08,29.0,0.42,-65.8,-49.9,23.8,45.0,-95.7,8.5,1.0,122.0,1
D004693,5.3,1204.0,0.85,27.5,0.49,-65.2,-49.7,23.7,44.0,-94.3,6.0,1.0,123.0,1
D004694,5.7,1085.0,1.26,28.5,0.36,-69.4,-55.0,28.9,34.0,-92.7,7.0,0.0,110.0,1
D004695,5.5,1254.0,1.16,36.5,0.32,-64.8,-48.2,27.9,53.0,-97.2,11.8,0.0,126.0,0
D004696,5.4,1144.0,1.02,26.5,0.44,-66.4,-50.1,22.8,49.0,-95.9,9.8,1.0,135.0,1
D004697,5.0,1329.0,1.4,36.0,0.44,-63.6,-47.7,23.2,53.0,-93.8,17.5,1.0,119.0,0
D004698,5.6,1114.0,0.99,20.0,0.3,-61.6,-48.5,24.3,32.0,-97.8,16.4,0.0,128.0,0
D004699,4.6,1154.0,1.18,30.0,0.49,-64.2,-49.5,25.4,45.0,-94.4,9.3,0.0,124.0,0
D004700,4.3,1014.0,1.13,34.0,0.62,-61.4,-49.3,24.1,48.0,-100.0,3.4,0.0,102.0,1
D004701,4.7,1213.0,1.06,28.0,0.5,-64.4,-50.3,26.0,41.0,-95.9,6.7,1.0,126.0,0
D004702,5.0,1148.0,1.26,26.0,0.45,-65.4,-49.1,24.7,47.0,-94.5,10.7,0.0,128.0,0
D004703,4.8,1183.0,1.0,32.0,0.47,-65.7,-49.0,23.7,45.0,-96.0,12.0,0.0,126.0,1
D004704,4.1,1203.0,1.07,29.5,0.49,-66.6,-50.2,23.1,44.0,-96.7,10.7,0.0,127.0,1
D004705,4.4,1228.0,1.09,24.0,0.46,-63.8,-49.7,25.0,43.0,-95.0,7.8,1.0,128.0,1
D004706,4.8,1176.0,1.23,28.5,0.51,-67.2,-50.0,25.0,47.0,-95.0,6.7,1.0,132.0,1
D004707,4.3,1232.0,1.21,26.0,0.5,-65.8,-48.6,23.3,42.0,-93.3,10.9,0.0,122.0,1
D004708,4.6,1159.0,1.12,27.5,0.5,-65.2,-48.6,23.2,46.0,-96.1,6.9,1.0,130.0,1
D004709,4.5,1250.0,1.29,27.0,0.53,-65.7,-48.4,23.8,45.0,-95.6,7.7,0.0,131.0,0
D004710,4.9,1213.0,1.09,29.5,0.42,-65.6,-50.3,23.4,45.0,-95.1,10.2,1.0,127.0,1
D004711,5.1,1180.0,1.19,25.5,0.48,-66.8,-50.3,23.6,43.0,-94.2,8.6,0.0,140.0,1
D004712,4.4,1224.0,1.03,27.0,0.49,-66.9,-49.9,25.2,45.0,-94.8,9.1,1.0,122.0,0
D004713,6.3,1059.0,0.95,20.0,0.51,-66.8,-53.9,22.8,45.0,-92.8,21.0,0.0,114.0,1
D004714,4.6,1231.0,1.1,30.0,0.5,-65.7,-49.4,23.4,43.0,,13.5,1.0,137.0,1
D004715,4.3,1176.0,1.17,28.0,0.48,-65.3,-48.8,25.1,39.0,-94.6,12.4,1.0,126.0,0
D004716,7.0,1293.0,0.99,32.5,0.59,-64.9,-48.4,23.4,48.0,-94.0,13.6,1.0,149.0,1
D004717,5.3,1135.0,1.02,34.5,0.46,-65.2,-52.8,23.8,46.0,,6.0,1.0,127.0,1
D004718,4.7,1152.0,1.07,27.0,0.49,-64.7,-51.3,23.7,45.0,-94.7,9.3,1.0,125.0,1
D004719,3.1,1335.0,1.55,38.0,0.6,-63.5,-48.7,20.6,58.0,-96.9,15.1,0.0,140.0,0
D004720,6.3,1055.0,1.11,36.5,0.36,-64.6,-54.3,21.4,53.0,-96.3,14.5,1.0,112.0,0
D004721,4.7,1220.0,1.19,27.5,0.54,-65.3,-49.3,24.7,41.0,-96.8,10.0,1.0,126.0,1
D004722,4.8,1122.0,1.01,27.0,0.52,-66.4,-49.9,25.0,47.0,-95.2,8.1,0.0,121.0,1
D004723,5.2,1198.0,1.24,26.5,0.51,-65.2,-49.8,25.3,40.0,-94.9,9.8,1.0,121.0,1
D004724,4.3,1236.0,1.15,28.0,0.42,-65.8,-49.0,24.3,46.0,-95.9,12.1,1.0,128.0,0
D004725,4.8,1203.0,1.13,31.0,0.43,-65.3,-48.7,22.4,46.0,-94.2,11.2,0.0,138.0,1
D004726,4.1,1177.0,1.23,26.5,0.58,-66.4,-50.1,24.2,44.0,-93.5,8.7,0.0,130.0,1
D004727,6.5,1138.0,1.57,33.0,0.59,-62.7,-53.7,22.3,45.0,-92.3,13.9,0.0,102.0,0
D004728,3.0,1043.0,1.55,24.0,0.34,-64.2,-54.6,23.1,54.0,-91.6,13.7,1.0,138.0,0
D004729,4.4,1230.0,1.17,30.0,0.51,-65.8,-48.5,24.3,43.0,-95.1,9.1,1.0,128.0,0
D004730,3.3,1262.0,1.09,40.0,0.44,-64.4,-49.1,23.0,60.0,-94.9,7.2,0.0,111.0,0
D004731,3.9,1307.0,1.46,32.0,0.7,-65.8,-46.6,22.2,47.0,-90.4,,0.0,109.0,0
D004732,3.6,1086.0,1.01,33.5,0.63,-60.0,-50.1,26.6,46.0,-95.5,11.0,1.0,133.0,0
D004733,5.2,1214.0,1.24,30.0,0.49,-64.6,-49.9,24.2,,-95.8,6.7,1.0,121.0,1
D004734,4.7,1203.0,1.12,29.0,0.44,-66.6,-49.4,22.9,,-95.8,8.5,1.0,135.0,1
D004735,,1285.0,1.54,20.5,0.46,-63.8,-54.4,21.6,38.0,-92.4,7.8,0.0,122.0,0
D004736,5.0,1161.0,1.02,31.0,0.44,-65.0,-48.7,24.0,41.0,-95.9,10.4,0.0,124.0,1
D004737,5.2,1185.0,1.01,39.5,0.38,-67.7,-50.1,22.8,59.0,-93.2,4.4,,146.0,1
D004738,5.2,1155.0,1.12,29.0,0.43,-64.5,-50.0,26.2,40.0,-94.0,11.8,0.0,128.0,1
D004739,5.0,1168.0,1.07,31.0,,-65.0,-50.3,23.0,,-95.0,8.3,0.0,131.0,1
D004740,4.2,1143.0,1.39,30.0,0.36,-60.9,-45.6,26.9,49.0,-91.8,4.1,1.0,114.0,0
D004741,4.5,1199.0,1.03,33.5,0.46,-67.2,-49.8,23.3,41.0,-96.0,3.8,1.0,129.0,1
D004742,5.1,1182.0,1.29,30.0,0.46,-65.3,-49.9,24.4,,-94.6,6.6,0.0,124.0,1
D004743,5.0,1249.0,1.13,,0.46,-65.3,-50.0,23.2,,-95.6,11.5,1.0,134.0,0
D004744,3.0,1092.0,1.38,28.0,0.51,-64.9,-53.1,28.1,44.0,-95.7,3.0,1.0,109.0,0
D004745,4.9,1123.0,0.96,31.5,0.47,-65.1,-50.1,23.8,42.0,-96.6,10.0,0.0,127.0,1
D004746,,1378.0,1.01,36.0,0.61,-66.4,-45.9,21.2,57.0,-95.6,13.2,0.0,110.0,0
D004747,4.7,1168.0,1.18,29.0,0.48,-66.9,-50.5,23.2,38.0,-97.1,8.4,0.0,131.0,1
D004748,4.9,1184.0,1.19,30.0,0.5,-67.6,-50.7,22.2,45.0,-95.0,7.5,1.0,123.0,0
D004749,5.2,1179.0,1.02,27.0,0.46,-63.4,-49.0,24.0,48.0,-96.3,7.8,0.0,131.0,1
D004750,4.3,1201.0,1.11,27.0,0.46,-66.7,-49.2,24.2,47.0,-93.3,10.4,0.0,129.0,1
D004751,5.1,1201.0,1.01,26.0,0.49,-63.6,-50.4,26.3,47.0,-97.3,8.1,1.0,118.0,1
D004752,3.9,1261.0,1.14,33.5,0.46,-64.3,-50.0,23.3,42.0,-96.5,12.4,1.0,130.0,1
D004753,4.8,1214.0,1.04,29.5,0.44,-63.9,-48.2,22.6,45.0,-94.9,3.7,1.0,132.0,1
D004754,4.3,1183.0,0.96,30.0,0.46,-67.2,-49.0,24.9,41.0,-93.5,12.0,1.0,123.0,1
D004755,5.7,1224.0,1.09,31.0,0.46,-65.6,-50.9,25.5,45.0,-94.0,8.4,1.0,124.0,1
D004756,5.5,1323.0,0.94,22.0,0.55,-65.3,-47.7,20.3,53.0,-93.3,5.4,1.0,103.0,1
D004757,,1188.0,1.08,,0.49,-65.3,-50.4,25.8,41.0,-92.9,10.8,0.0,123.0,1
D004758,5.3,1155.0,1.33,29.0,0.52,-65.0,-49.0,22.8,47.0,-95.1,9.8,0.0,129.0,1
D004759,4.7,1164.0,1.06,30.5,0.47,-65.6,-48.5,23.5,47.0,-95.9,7.4,1.0,129.0,1
D004760,4.1,1333.0,1.16,25.0,0.52,-62.8,-54.9,28.9,40.0,-99.8,0.8,1.0,113.0,0
D004761,6.2,1213.0,1.16,28.0,0.52,-65.4,-50.6,26.3,44.0,-95.0,8.7,0.0,131.0,1
D004762,3.1,1059.0,1.39,39.0,0.32,-65.2,-53.3,23.4,56.0,-97.4,23.3,1.0,139.0,0
D004763,5.5,1274.0,1.44,34.5,0.69,-62.2,-46.9,29.5,32.0,-100.0,20.4,1.0,105.0,0
D004764,5.2,1133.0,1.3,31.5,0.5,-60.3,-46.5,29.2,41.0,-95.5,1.8,1.0,137.0,0
D004765,4.8,1143.0,1.2,28.0,0.55,-64.5,-50.0,24.2,43.0,-95.3,10.0,1.0,122.0,0
D004766,4.6,1159.0,1.11,31.0,0.55,-66.0,-49.4,24.2,42.0,-93.0,14.9,1.0,128.0,1
D004767,4.6,1129.0,1.06,29.0,0.41,-64.0,-51.2,25.2,48.0,-95.6,12.4,0.0,130.0,1
D004768,6.0,1269.0,1.12,39.5,0.42,-66.7,-45.4,21.7,46.0,-95.6,13.8,0.0,105.0,1
D004769,5.3,1263.0,1.15,29.5,0.47,-65.9,-51.1,24.5,45.0,-95.7,5.1,1.0,132.0,1
D004770,4.0,1251.0,1.23,28.5,0.41,-66.9,-51.2,23.0,47.0,-96.1,8.2,1.0,128.0,1
D004771,4.4,1150.0,1.15,32.0,0.45,-65.3,-49.5,,48.0,-95.4,6.7,0.0,128.0,1
D004772,4.4,1017.0,0.96,22.5,0.6,-62.5,-53.9,25.9,47.0,-95.8,8.1,1.0,142.0,1
D004773,5.4,1103.0,1.19,28.5,0.44,-65.6,-49.0,25.0,,-98.2,7.8,1.0,130.0,1
D004774,6.8,1173.0,1.19,40.0,0.47,-69.0,-50.1,20.6,38.0,-90.6,17.2,1.0,135.0,1
D004775,5.1,1029.0,1.12,25.0,0.68,-64.6,-46.5,24.0,42.0,-91.8,19.8,1.0,135.0,0
D004776,5.1,1108.0,1.18,27.0,0.52,-64.9,-51.3,22.6,44.0,-95.1,5.9,0.0,131.0,1
D004777,5.1,1180.0,1.16,26.5,0.56,-64.5,-46.3,24.2,40.0,-98.0,9.4,1.0,135.0,0
D004778,7.0,1200.0,0.99,23.0,0.61,-67.8,-47.7,22.9,,-91.2,19.6,0.0,106.0,1
D004779,4.2,1206.0,1.18,27.5,0.53,-65.5,-49.1,24.0,43.0,-97.1,9.9,0.0,125.0,1
D004780,5.6,1186.0,0.98,32.0,0.42,-65.8,-49.5,24.9,42.0,-94.8,11.3,1.0,127.0,1
D004781,4.1,1200.0,1.24,21.0,0.51,-66.2,-50.5,28.7,34.0,-95.9,5.8,1.0,138.0,0
D004782,6.4,1313.0,1.3,29.5,0.36,-64.4,-53.6,27.7,,-95.9,11.5,1.0,137.0,1
D004783,5.1,1178.0,1.18,30.0,0.53,-66.0,-51.1,23.2,45.0,-95.3,9.9,1.0,132.0,1
D004784,,1014.0,1.2,23.5,0.33,-63.4,-46.0,25.2,50.0,-91.7,21.6,0.0,106.0,0
D004785,3.9,1084.0,1.23,22.5,0.61,-65.8,-45.3,20.0,55.0,-92.6,0.3,0.0,134.0,0
D004786,5.3,1176.0,1.15,26.0,0.53,-65.6,-49.6,25.2,39.0,-95.3,4.9,1.0,128.0,1
D004787,5.0,,1.27,27.0,0.45,-66.0,-49.0,24.8,44.0,-94.6,,0.0,123.0,1
D004788,4.6,1243.0,1.17,28.5,0.42,-66.6,-49.2,23.1,42.0,-95.0,9.8,1.0,129.0,1
D004789,4.6,1195.0,1.08,29.0,0.47,-65.4,-49.7,25.4,47.0,-97.0,5.1,1.0,121.0,1
D004790,4.9,1155.0,1.0,27.5,0.49,-65.8,-51.1,24.8,44.0,-95.0,12.2,0.0,134.0,1
D004791,4.3,1139.0,1.06,30.0,0.51,-65.8,-50.5,24.0,47.0,-93.6,12.4,0.0,125.0,1
D004792,5.7,1198.0,,30.0,0.52,-64.8,-50.9,22.4,45.0,-93.0,8.8,0.0,122.0,1
D004793,3.5,1223.0,1.08,35.0,0.53,-66.7,-47.8,28.8,,-98.8,9.2,1.0,134.0,1
D004794,4.9,1129.0,1.14,26.5,0.43,-65.5,-49.8,23.1,47.0,-95.8,8.4,1.0,124.0,0
D004795,4.9,1089.0,1.22,28.5,0.5,-64.4,-49.9,24.4,46.0,-96.0,,1.0,139.0,0
D004796,6.7,1241.0,1.09,37.5,0.62,-67.4,-48.5,29.2,41.0,-94.6,20.0,1.0,108.0,0
D004797,6.4,1288.0,1.33,26.5,0.32,-66.2,-49.1,29.2,41.0,-98.5,15.4,1.0,147.0,0
D004798,4.6,1193.0,1.03,30.0,0.48,-63.2,-48.6,24.0,50.0,-95.9,3.8,1.0,128.0,1
D004799,4.9,1145.0,0.95,32.5,0.45,-65.5,-49.3,24.4,44.0,-94.2,7.4,0.0,124.0,1
D004800,4.8,1213.0,1.05,31.5,0.5,-64.3,-50.3,24.3,48.0,-94.5,9.5,1.0,130.0,1
D004801,4.2,1227.0,1.11,29.0,0.5,-66.8,-50.2,23.8,42.0,,7.9,0.0,123.0,1
D004802,5.0,1210.0,1.07,30.0,0.53,-64.6,-48.5,25.2,42.0,-96.8,7.2,1.0,132.0,1
D004803,4.0,1269.0,0.94,38.5,0.38,-68.5,-53.3,24.6,30.0,-95.4,23.8,0.0,147.0,1
D004804,5.0,1139.0,1.14,29.5,0.51,-67.1,-51.8,22.7,42.0,-95.2,8.9,1.0,124.0,1
D004805,4.2,1225.0,1.19,,0.42,-63.9,-48.1,24.1,45.0,-96.0,8.6,1.0,127.0,0
D004806,5.6,1154.0,1.38,34.5,0.65,-60.4,-54.1,21.5,43.0,-94.1,2.5,1.0,149.0,0
D004807,5.5,1093.0,1.24,22.5,0.63,-63.4,-54.4,29.4,55.0,-91.0,6.9,1.0,112.0,0
D004808,4.7,1207.0,1.06,30.0,0.49,-65.3,-49.8,23.0,45.0,-96.1,11.1,0.0,124.0,1
D004809,4.9,1118.0,1.0,26.0,0.56,-65.4,-51.6,23.2,,-93.7,10.0,1.0,127.0,1
D004810,4.6,1225.0,1.16,33.0,,-66.3,-50.6,22.8,40.0,-94.8,8.0,0.0,126.0,1
D004811,4.5,1319.0,1.51,31.0,0.69,-65.2,-50.9,20.6,38.0,-97.8,16.3,1.0,120.0,0
D004812,4.6,1142.0,1.11,27.5,0.55,-65.6,-49.5,22.2,43.0,-94.7,10.8,1.0,122.0,0
D004813,5.3,1267.0,0.96,28.0,0.47,-63.3,-50.5,27.2,42.0,-95.8,5.8,0.0,119.0,1
D004814,3.2,1062.0,1.12,37.5,0.66,-61.8,-47.8,26.8,43.0,-96.2,4.9,0.0,143.0,0
D004815,5.1,1160.0,0.95,28.0,0.47,-69.1,-48.9,23.2,42.0,-97.5,8.4,0.0,124.0,1
D004816,4.5,1166.0,1.12,26.0,0.48,-66.0,-49.4,23.4,,-95.6,11.0,0.0,133.0,1
D004817,4.6,1141.0,1.09,28.5,0.48,-66.2,-48.9,25.1,42.0,-97.3,10.5,0.0,120.0,1
D004818,4.9,1161.0,1.18,31.0,0.47,-65.5,-50.6,23.3,45.0,-95.9,13.3,1.0,128.0,0
D004819,4.9,1163.0,1.01,31.0,,-66.5,-50.1,23.0,47.0,-96.2,8.7,1.0,131.0,1
D004820,4.9,1196.0,1.08,28.5,0.45,-66.6,-49.7,23.2,41.0,-94.4,10.1,0.0,126.0,1
D004821,,1049.0,1.54,20.0,0.62,-68.1,-53.2,20.9,42.0,-93.4,3.7,0.0,112.0,0
D004822,5.2,1178.0,1.2,29.0,0.43,-66.8,-49.3,24.4,42.0,-95.6,7.2,0.0,121.0,1
D004823,4.9,1187.0,1.11,26.0,0.46,-66.1,-50.0,25.3,39.0,-95.3,6.5,0.0,135.0,1
D004824,4.5,1140.0,1.03,32.5,0.5,-65.8,-49.9,24.6,41.0,-97.0,12.5,1.0,131.0,1
D004825,4.9,1144.0,1.05,28.5,0.47,,-50.2,23.1,41.0,-96.6,4.3,1.0,130.0,1
D004826,5.6,1214.0,1.06,31.5,0.44,-65.1,-50.1,25.0,47.0,-95.8,7.4,1.0,127.0,1
D004827,4.6,1208.0,1.04,28.5,0.49,-64.8,-52.0,23.2,46.0,-95.9,5.2,0.0,128.0,1
D004828,4.8,1207.0,1.05,,0.43,-64.9,-49.4,23.8,39.0,-95.7,6.5,0.0,128.0,1
D004829,5.1,1371.0,0.96,29.0,0.42,-63.5,-50.2,24.5,47.0,-95.9,9.3,0.0,134.0,1
D004830,4.9,1153.0,1.03,29.5,0.49,-65.9,-49.7,23.8,43.0,-94.7,9.8,0.0,141.0,1
D004831,7.0,1047.0,1.1,24.0,0.38,-68.2,-52.7,20.2,32.0,-91.1,15.5,1.0,125.0,1
D004832,3.4,1076.0,0.85,28.5,0.36,-61.0,-46.7,26.0,47.0,-95.0,20.3,1.0,134.0,0
D004833,5.2,1176.0,1.22,29.5,0.46,-66.3,-50.9,22.9,42.0,-96.6,8.3,0.0,130.0,1
D004834,5.5,1129.0,1.1,28.0,0.49,-66.7,-51.8,25.1,41.0,-95.5,7.0,1.0,120.0,1
D004835,4.9,1199.0,1.02,28.5,0.5,-65.8,-49.4,24.7,42.0,-94.4,8.5,0.0,126.0,1
D004836,4.2,1204.0,1.19,30.0,0.52,-66.6,-50.4,23.5,42.0,-95.6,11.5,0.0,127.0,1
D004837,5.4,1076.0,1.0,27.0,0.46,-66.5,-50.3,22.4,39.0,-95.1,2.4,1.0,137.0,1
D004838,5.8,1039.0,1.23,37.5,0.59,-63.0,-53.2,24.3,44.0,-97.8,7.3,0.0,138.0,1
D004839,4.2,1232.0,1.14,28.0,0.5,-65.1,-49.8,24.2,38.0,-96.2,9.6,0.0,136.0,1
D004840,4.9,1222.0,1.16,26.0,0.44,-63.4,-50.3,23.0,46.0,-96.6,9.4,1.0,125.0,0
D004841,3.8,1272.0,0.99,31.0,0.53,-65.7,-49.4,26.0,42.0,-94.0,8.3,1.0,129.0,1
D004842,5.6,1313.0,1.4,21.5,0.33,-67.9,-49.4,22.2,37.0,-99.6,10.3,0.0,135.0,0
D004843,5.0,1132.0,1.16,30.5,0.41,-64.6,-51.9,24.4,46.0,-95.8,7.2,1.0,133.0,1
D004844,3.6,1043.0,0.96,36.0,0.7,-60.0,-50.7,22.0,45.0,-96.8,4.7,0.0,136.0,0
D004845,4.3,1199.0,1.04,29.5,0.47,-67.2,-48.8,23.8,42.0,-96.8,9.8,1.0,129.0,1
D004846,4.2,1179.0,1.13,28.5,,-64.7,-52.0,,49.0,-96.8,9.0,0.0,128.0,1
D004847,4.5,1212.0,1.26,27.5,0.51,-66.8,-48.9,21.5,49.0,-94.1,14.1,1.0,130.0,0
D004848,4.4,1154.0,1.11,29.5,0.48,-63.1,-50.9,23.2,45.0,-97.0,12.5,1.0,132.0,0
D004849,5.2,1164.0,1.12,30.5,0.44,-68.0,-48.7,24.4,44.0,-96.3,7.6,0.0,137.0,1
D004850,5.8,1256.0,1.41,31.0,0.42,-69.5,-53.9,,46.0,-90.4,16.6,1.0,103.0,0
D004851,5.1,1378.0,1.28,25.5,0.49,-61.5,-50.3,22.2,43.0,-93.8,15.5,0.0,115.0,0
D004852,3.9,,1.17,29.0,0.47,-64.8,-49.8,23.5,47.0,-94.8,10.1,1.0,135.0,0
D004853,3.2,1014.0,0.85,26.0,0.67,-66.4,-52.4,20.2,30.0,-93.9,22.7,0.0,134.0,0
D004854,4.8,1216.0,1.11,29.0,0.51,-66.2,-50.3,25.3,,-94.7,6.8,1.0,132.0,1
D004855,5.2,1102.0,0.93,23.5,0.38,-66.2,-46.2,25.0,39.0,-99.4,8.5,1.0,147.0,1
D004856,4.2,1360.0,1.16,33.5,0.56,-64.7,-51.4,27.2,39.0,-95.9,23.1,0.0,113.0,0
D004857,4.3,1167.0,0.93,27.0,0.45,-66.8,-49.4,,41.0,-98.5,22.1,1.0,103.0,0
D004858,5.3,1387.0,1.45,22.0,0.6,-63.0,-48.7,28.6,50.0,-98.2,1.3,1.0,104.0,0
D004859,4.1,1260.0,0.92,30.5,0.44,,-49.9,23.2,48.0,-97.2,5.0,1.0,129.0,1
D004860,4.6,1208.0,1.03,30.0,0.45,-64.2,-49.4,24.2,47.0,-94.3,6.9,1.0,138.0,1
D004861,5.2,1159.0,1.2,25.5,,-65.1,-49.8,,48.0,,7.2,1.0,135.0,1
D004862,4.9,1185.0,1.07,30.0,0.46,-64.2,-50.2,23.2,41.0,-96.2,9.7,0.0,119.0,1
D004863,5.4,1176.0,1.17,28.5,0.47,-65.1,-49.2,26.2,45.0,-95.9,9.3,0.0,132.0,1
D004864,4.4,1150.0,1.1,28.0,0.49,,-50.0,25.0,44.0,-94.3,8.6,0.0,130.0,1
D004865,7.0,1159.0,1.05,28.5,0.59,-60.1,-50.7,20.1,50.0,-95.9,9.2,0.0,136.0,0
D004866,4.9,1141.0,1.13,32.0,0.48,-64.3,-48.8,25.0,47.0,-94.4,7.1,0.0,118.0,1
D004867,4.1,1215.0,1.13,29.5,0.39,-66.3,-49.5,23.9,40.0,-95.4,10.2,1.0,133.0,0
D004868,3.1,1084.0,1.35,32.0,0.48,-68.7,-47.1,23.4,34.0,-92.6,20.4,1.0,119.0,0
D004869,5.8,1215.0,1.08,26.0,0.54,-65.6,-49.9,27.1,45.0,-95.0,15.7,1.0,136.0,1
D004870,6.3,1203.0,1.58,38.0,0.49,-66.6,-54.2,20.9,41.0,-95.5,15.3,1.0,104.0,1
D004871,5.4,1178.0,1.07,28.0,0.45,-65.8,-47.8,25.0,42.0,-97.0,8.1,1.0,132.0,1
D004872,6.1,1312.0,0.94,38.5,0.51,-68.4,-49.4,29.7,50.0,-93.0,18.6,1.0,118.0,1
D004873,5.7,1167.0,1.17,32.0,0.52,-63.2,-50.2,22.5,43.0,-94.6,12.8,0.0,125.0,1
D004874,4.8,1174.0,1.1,28.0,0.47,-63.9,-48.8,24.9,43.0,-94.6,12.8,1.0,136.0,0
D004875,4.5,1160.0,0.97,30.5,0.47,-65.3,-50.4,22.9,46.0,-96.5,9.1,1.0,127.0,1
D004876,6.1,1364.0,0.93,27.5,0.42,-67.5,-48.9,28.1,39.0,-91.6,18.7,0.0,112.0,1
D004877,4.1,1187.0,1.23,31.0,0.46,-67.0,-50.9,24.3,41.0,-96.3,5.8,1.0,135.0,1
D004878,5.2,1212.0,1.25,27.0,0.52,-66.5,-47.9,24.8,45.0,-95.9,5.1,0.0,124.0,1
D004879,4.9,1177.0,1.03,25.0,0.52,-65.0,-49.1,22.9,42.0,-96.7,9.9,1.0,128.0,1
D004880,4.8,1180.0,1.0,26.0,0.51,-65.4,-49.4,23.6,45.0,-95.4,6.6,0.0,127.0,1
D004881,4.5,1173.0,1.07,26.5,0.52,-65.6,-50.2,26.2,49.0,-97.2,8.5,0.0,128.0,1
D004882,5.1,1125.0,1.16,32.5,0.45,-65.8,-50.2,22.6,47.0,-94.6,8.2,1.0,136.0,1
D004883,5.7,1255.0,1.02,35.5,0.33,-64.8,-47.0,29.9,32.0,-92.1,9.7,1.0,110.0,0
D004884,6.1,1132.0,0.85,23.5,0.51,-68.8,-49.7,22.2,50.0,-96.1,19.1,1.0,135.0,1
D004885,6.9,1092.0,1.07,24.0,0.62,-67.9,-50.8,21.2,34.0,-90.2,2.6,0.0,126.0,1
D004886,5.0,1189.0,1.07,32.0,0.51,-69.2,-51.8,22.6,40.0,-95.8,8.5,0.0,134.0,1
D004887,4.2,1121.0,1.06,28.5,0.38,-65.0,-50.6,23.0,45.0,-95.8,10.1,0.0,127.0,1
D004888,6.8,1308.0,1.48,39.5,0.65,-68.0,-48.1,24.6,57.0,-93.3,1.4,1.0,121.0,1
D004889,4.7,1143.0,1.06,30.5,0.44,-65.4,-51.7,24.7,41.0,-97.3,8.2,1.0,134.0,1
D004890,4.5,1302.0,1.49,23.5,0.52,-69.7,-52.5,29.0,52.0,-99.1,6.9,0.0,149.0,1
D004891,4.1,1364.0,0.94,29.0,0.66,-64.4,-50.3,27.4,48.0,-98.9,12.2,1.0,132.0,0
D004892,5.2,1167.0,1.13,33.0,0.49,-64.9,-49.3,23.4,47.0,-96.1,9.4,1.0,128.0,1
D004893,5.0,1265.0,1.3,32.5,0.63,-60.2,-54.8,29.0,43.0,-93.6,4.7,1.0,128.0,1
D004894,5.5,1180.0,1.2,28.0,0.43,-65.0,-50.5,25.7,42.0,-93.8,7.4,,131.0,1
D004895,4.7,1191.0,1.22,29.0,0.51,-65.6,-49.1,24.7,46.0,-94.4,4.5,1.0,127.0,1
D004896,4.8,1159.0,1.1,29.5,0.44,-63.3,-51.2,22.5,42.0,-94.7,7.4,0.0,125.0,1
D004897,4.0,1107.0,1.06,29.0,0.4,-65.7,-49.9,23.1,50.0,-95.4,8.7,0.0,126.0,1
D004898,4.5,1042.0,0.9,22.5,0.62,-64.6,-48.1,21.3,37.0,-91.3,0.8,1.0,127.0,0
D004899,5.2,1266.0,1.3,34.5,0.58,-64.1,-48.8,27.3,36.0,-91.2,13.7,0.0,135.0,1
D004900,4.8,1176.0,1.04,29.0,0.56,-64.8,-51.0,24.8,45.0,-98.9,5.1,0.0,126.0,1
D004901,4.3,1212.0,1.2,27.5,0.49,-66.1,-50.0,23.6,48.0,-94.2,8.3,1.0,132.0,1
D004902,4.6,1199.0,1.16,29.0,0.47,-65.0,-51.5,25.0,41.0,-95.8,10.0,1.0,129.0,1
D004903,5.4,1264.0,1.11,25.5,0.51,-64.5,-49.9,23.6,46.0,-97.3,10.3,1.0,137.0,1
D004904,4.5,1187.0,1.0,30.0,0.52,-64.8,-49.5,23.8,45.0,-94.8,2.2,1.0,124.0,1
D004905,4.6,1213.0,1.15,28.5,0.54,-64.5,-48.5,24.8,46.0,-95.9,7.9,1.0,133.0,1
D004906,5.6,1224.0,1.1,26.5,0.32,-65.8,-52.6,24.5,38.0,-96.8,5.3,1.0,122.0,1
D004907,4.4,1177.0,1.22,32.5,0.56,-65.9,,25.3,43.0,-95.8,10.3,1.0,131.0,1
D004908,4.6,1158.0,1.12,29.5,0.5,-65.5,-50.5,23.2,49.0,-96.6,6.8,1.0,136.0,1
D004909,4.8,1186.0,1.11,31.0,0.52,-64.8,-51.3,23.9,49.0,-95.9,8.4,0.0,126.0,1
D004910,4.3,1217.0,0.99,31.0,0.51,-64.0,-49.4,22.9,40.0,-94.8,9.1,1.0,133.0,1
D004911,4.3,1158.0,1.12,28.5,0.5,-64.6,-48.8,25.0,50.0,-95.8,5.6,1.0,126.0,0
D004912,4.7,1090.0,1.27,27.0,0.52,-64.0,-48.5,24.5,43.0,-94.8,12.2,0.0,131.0,1
D004913,4.9,1220.0,1.0,34.5,0.52,-65.7,-51.4,24.0,41.0,-95.7,6.8,1.0,123.0,1
D004914,6.0,1356.0,1.21,33.5,0.51,-63.2,-53.2,29.5,50.0,-95.5,7.2,0.0,108.0,0
D004915,5.0,1183.0,1.08,30.0,0.41,-66.1,-50.0,24.2,40.0,-95.2,4.7,0.0,134.0,1
D004916,5.4,1157.0,1.21,32.5,0.49,-67.1,-51.5,25.7,46.0,-96.0,12.0,1.0,123.0,1
D004917,5.3,1177.0,1.07,32.0,0.43,-64.8,-51.6,24.3,44.0,-94.7,8.3,1.0,123.0,1
D004918,5.3,1168.0,1.06,28.0,0.57,-62.1,-48.3,23.0,39.0,-97.0,10.4,1.0,131.0,1
D004919,4.9,1202.0,1.06,26.0,0.58,-66.7,-49.6,23.0,40.0,-96.4,10.0,0.0,131.0,1
D004920,5.1,1215.0,1.19,29.0,0.51,-65.5,-50.4,24.1,40.0,-95.2,8.0,1.0,124.0,1
D004921,6.4,1123.0,1.48,33.5,0.49,-61.1,-47.1,28.9,41.0,-95.7,2.8,1.0,142.0,1
D004922,4.4,1189.0,1.12,29.0,0.5,-64.6,-49.6,25.1,45.0,-94.1,11.0,1.0,122.0,0
D004923,5.1,1124.0,1.12,28.5,0.5,-64.7,-50.8,22.9,46.0,-96.6,10.2,1.0,,1
D004924,6.0,1325.0,1.15,34.5,0.3,-66.1,-45.8,25.4,45.0,-93.5,18.0,1.0,109.0,0
D004925,4.9,1228.0,1.12,30.0,0.49,-66.1,-49.9,23.0,42.0,-94.9,7.9,0.0,116.0,1
D004926,5.2,1155.0,1.2,31.0,0.49,-67.7,-49.0,21.9,,-95.3,13.6,1.0,134.0,1
D004927,5.4,1159.0,0.96,26.5,0.69,-65.5,-54.8,25.6,50.0,-95.4,2.5,1.0,121.0,0
D004928,3.6,1239.0,1.4,35.0,0.47,-69.4,-53.1,23.5,58.0,-96.7,18.0,1.0,149.0,1
D004929,4.5,1147.0,1.21,29.5,0.49,-65.4,-52.7,24.3,40.0,-95.4,9.1,1.0,127.0,1
D004930,5.0,1177.0,1.08,28.0,0.49,-63.1,-50.1,22.0,46.0,-94.6,12.1,0.0,126.0,0
D004931,5.1,1120.0,1.16,31.5,0.47,-65.0,-50.7,23.9,41.0,-95.8,8.2,1.0,117.0,1
D004932,4.9,1111.0,1.56,23.0,0.34,-65.1,,26.5,49.0,-94.9,9.9,1.0,105.0,0
D004933,4.2,1158.0,1.17,31.0,0.53,-66.2,-51.2,26.1,42.0,-94.4,4.2,1.0,128.0,1
D004934,4.5,1264.0,1.11,30.0,0.46,-66.2,-50.1,25.2,44.0,-95.1,6.5,1.0,118.0,1
D004935,6.0,1265.0,0.88,29.5,0.46,-60.5,-47.9,28.4,48.0,-97.9,4.8,1.0,142.0,1
D004936,4.8,1201.0,1.24,25.0,0.47,-66.0,-50.8,24.8,45.0,-93.9,5.1,1.0,137.0,1
D004937,4.9,1163.0,1.04,31.0,0.55,-64.5,-49.8,24.3,49.0,-95.7,6.2,1.0,122.0,1
D004938,4.4,1159.0,1.09,30.0,0.45,-66.8,-50.1,22.8,45.0,-93.8,9.7,1.0,136.0,1
D004939,4.9,1233.0,1.12,31.0,0.5,-65.7,-48.5,24.7,47.0,-94.5,6.8,1.0,139.0,1
D004940,4.3,1233.0,1.1,26.5,0.48,-66.8,-50.8,24.2,36.0,-96.3,7.2,0.0,129.0,1
D004941,4.6,1198.0,1.01,30.0,0.49,-66.0,-52.5,23.6,44.0,-94.6,,0.0,131.0,1
D004942,4.8,1218.0,0.97,31.5,0.48,-65.2,-49.5,24.8,47.0,-94.5,10.8,1.0,127.0,0
D004943,4.9,1146.0,1.08,27.0,0.52,-63.7,-48.6,25.2,49.0,-96.1,10.7,0.0,130.0,1
D004944,4.3,1313.0,1.1,25.0,0.33,-68.7,,20.6,57.0,-97.2,13.5,1.0,130.0,0
D004945,4.6,1225.0,1.11,29.5,0.43,-64.0,-49.3,24.3,44.0,-95.4,10.5,1.0,137.0,1
D004946,4.7,1174.0,1.1,26.0,0.48,-64.9,-50.5,23.0,39.0,-95.5,11.9,0.0,123.0,1
D004947,5.0,1086.0,1.01,28.5,0.5,-65.1,-49.1,23.7,44.0,-97.0,10.8,0.0,127.0,1
D004948,4.5,1164.0,1.28,28.5,0.3,-61.9,-53.4,23.3,59.0,-98.3,6.9,1.0,112.0,0
D004949,3.7,1101.0,1.06,30.0,0.48,-66.4,-51.8,24.0,49.0,-95.3,7.2,1.0,135.0,1
D004950,3.8,1172.0,0.86,29.5,0.39,-63.9,-53.6,28.2,38.0,-97.0,3.9,0.0,130.0,1
D004951,4.7,1163.0,1.26,27.5,0.47,-64.8,-49.8,23.2,46.0,-94.9,6.5,0.0,135.0,1
D004952,4.2,1093.0,0.84,30.0,0.48,-60.2,-54.9,29.3,47.0,-98.8,13.9,1.0,148.0,0
D004953,5.0,1148.0,1.02,29.5,0.49,-65.0,-49.7,21.9,48.0,-96.4,,,131.0,1
D004954,4.7,1175.0,1.07,33.0,0.49,-67.3,-50.6,23.0,46.0,-96.6,11.1,0.0,126.0,1
D004955,4.2,1219.0,1.1,29.0,0.45,-66.1,-50.5,24.0,49.0,-96.9,5.2,1.0,133.0,1
D004956,4.7,1132.0,1.09,29.0,0.47,-66.6,-49.9,22.3,42.0,-95.4,10.8,1.0,124.0,1
D004957,5.1,1185.0,1.17,31.0,0.51,-66.9,-50.0,23.9,47.0,-95.9,10.0,1.0,134.0,1
D004958,4.3,1202.0,1.01,31.0,0.44,-65.6,-47.8,24.9,46.0,-95.0,7.8,1.0,117.0,1
D004959,5.2,1238.0,1.1,29.5,0.49,-64.5,-50.5,24.8,43.0,-95.5,7.4,0.0,132.0,1
D004960,5.2,1145.0,1.05,31.0,0.48,-66.0,-49.5,23.2,43.0,-96.9,7.8,1.0,122.0,1
D004961,5.1,1127.0,1.09,31.0,0.52,-65.3,-49.9,22.3,46.0,-95.0,11.9,1.0,130.0,1
D004962,4.5,1233.0,1.03,31.0,0.53,-67.5,-49.5,24.1,43.0,-96.3,8.5,0.0,127.0,1
D004963,6.4,1344.0,1.43,24.0,0.31,-62.8,-47.9,25.9,57.0,-91.6,20.1,1.0,111.0,0
D004964,4.8,1208.0,1.11,28.5,0.48,-65.8,-50.1,25.4,39.0,-94.8,10.4,1.0,134.0,1
D004965,7.0,1357.0,1.6,34.5,0.65,-67.3,-46.3,23.7,58.0,-91.3,7.7,1.0,143.0,1
D004966,5.0,1125.0,0.98,30.0,0.64,-65.8,-45.7,23.8,33.0,-96.9,21.8,0.0,117.0,1
D004967,4.6,1201.0,1.15,31.0,0.53,-63.7,-49.7,24.5,46.0,-96.5,8.6,0.0,134.0,1
D004968,6.3,1371.0,1.09,37.5,0.48,-65.6,-49.6,26.3,51.0,-90.2,5.6,1.0,108.0,1
D004969,4.9,1164.0,1.11,29.0,0.48,-63.7,-49.7,24.1,45.0,-96.8,7.3,1.0,135.0,1
D004970,5.2,1361.0,1.57,25.0,0.37,-61.0,-54.1,20.9,40.0,-97.6,9.9,0.0,134.0,0
D004971,5.6,1211.0,1.2,29.0,0.47,-66.1,-50.6,24.6,49.0,-95.8,9.5,0.0,125.0,1
D004972,5.7,1174.0,1.08,29.5,0.41,-65.2,-48.9,23.3,44.0,-95.5,11.5,1.0,126.0,1
D004973,5.0,1136.0,0.99,32.0,,-66.1,-50.6,26.5,,-96.1,7.6,0.0,124.0,1
D004974,6.2,1204.0,1.09,37.5,0.5,-60.7,-47.8,29.2,48.0,-96.2,13.6,0.0,148.0,1
D004975,4.5,1244.0,1.09,26.5,0.45,-66.9,-51.1,25.3,45.0,-94.8,13.3,0.0,126.0,1
D004976,4.5,1348.0,1.21,35.5,0.49,-60.9,-53.0,20.7,59.0,-90.3,16.2,0.0,112.0,0
D004977,4.2,1170.0,1.14,29.5,0.5,-65.4,-50.5,23.7,43.0,,4.8,1.0,128.0,1
D004978,4.9,1209.0,1.08,29.0,0.55,-66.1,-50.5,25.4,45.0,-96.3,8.1,0.0,131.0,1
D004979,4.9,1255.0,1.03,27.0,,-64.6,-48.8,23.5,46.0,-95.1,7.8,0.0,126.0,1
D004980,5.0,1398.0,1.02,38.0,0.67,-69.1,-47.9,26.3,33.0,-96.8,22.6,0.0,140.0,1
D004981,3.5,,1.51,20.5,0.49,-69.1,-54.9,29.3,44.0,-94.0,16.4,0.0,117.0,0
D004982,4.9,1142.0,1.22,29.5,0.53,-65.1,-51.3,23.6,45.0,-94.4,5.9,1.0,137.0,1
D004983,6.9,1317.0,0.95,30.5,0.56,-66.5,-48.0,20.1,35.0,-98.3,8.2,0.0,144.0,1
D004984,5.2,1131.0,1.08,30.0,0.5,-67.3,-49.9,25.6,45.0,-95.7,6.6,1.0,130.0,1
D004985,5.0,1111.0,1.09,31.5,0.42,-67.7,-50.0,25.5,43.0,-93.8,,0.0,124.0,1
D004986,4.6,1188.0,1.56,38.5,0.39,-63.7,-49.4,29.5,60.0,-91.5,7.3,1.0,135.0,0
D004987,4.1,1380.0,1.39,39.0,0.69,-69.7,-54.9,27.5,47.0,-98.9,18.1,1.0,138.0,0
D004988,3.9,1127.0,1.05,27.5,0.63,-60.2,-53.5,20.1,40.0,-98.9,11.9,0.0,117.0,0
D004989,3.2,1381.0,1.11,23.0,0.37,-60.2,-52.3,20.6,51.0,-97.3,19.9,0.0,130.0,0
D004990,5.2,1197.0,1.16,31.0,0.45,-65.1,-48.5,25.5,44.0,-94.9,12.2,0.0,132.0,1
D004991,4.4,1167.0,0.97,28.5,0.47,-66.4,-50.4,22.5,46.0,-96.0,11.3,1.0,120.0,0
D004992,3.2,1329.0,1.04,30.5,0.43,-64.2,-46.0,23.2,42.0,-92.4,7.4,0.0,103.0,0
D004993,5.0,1147.0,1.06,28.5,0.48,-67.2,-49.9,26.0,42.0,-95.5,8.5,0.0,123.0,1
D004994,3.1,1178.0,1.26,33.0,0.55,-66.3,,24.9,46.0,-96.9,13.7,0.0,137.0,0
D004995,4.7,1278.0,1.55,35.0,0.44,-69.9,-54.4,27.2,59.0,-93.0,5.2,1.0,116.0,1
D004996,5.0,1225.0,1.0,26.5,0.54,-64.5,-50.9,23.5,44.0,-96.0,9.5,1.0,138.0,1
D004997,4.4,1197.0,0.97,32.0,0.54,-65.6,-49.1,24.6,46.0,-97.1,11.0,0.0,136.0,1
D004998,5.6,1384.0,1.21,31.0,0.59,-65.0,-49.0,21.3,39.0,-98.5,15.6,1.0,147.0,1
D004999,5.5,1209.0,1.13,31.0,0.49,-66.3,-48.5,24.8,42.0,-94.1,10.2,1.0,130.0,1
D005000,5.2,1245.0,1.11,30.0,0.48,-66.1,-50.6,22.7,45.0,-94.0,3.7,0.0,135.0,1
D005001,4.9,1177.0,1.01,29.5,0.53,-65.2,-49.4,22.1,43.0,-93.0,10.0,1.0,123.0,1
D005002,4.3,1223.0,1.14,27.5,0.46,-64.8,-49.0,23.9,44.0,-95.5,7.3,1.0,128.0,0
D005003,5.5,1193.0,1.11,31.5,0.48,-65.2,-50.9,23.5,45.0,-97.7,8.6,1.0,137.0,1
D005004,5.5,1165.0,1.14,32.0,0.48,-66.8,-48.8,23.1,40.0,-96.8,5.8,1.0,132.0,1
D005005,5.0,1167.0,1.26,27.5,0.56,-66.3,-51.6,24.2,49.0,-94.6,14.0,1.0,126.0,1
D005006,4.5,1181.0,1.16,30.0,0.48,-63.4,-51.3,24.0,41.0,-98.6,7.3,1.0,122.0,0
D005007,3.1,1277.0,1.56,40.0,0.37,-63.6,-50.8,30.0,40.0,-90.2,15.9,1.0,128.0,0
D005008,3.7,1208.0,1.5,37.0,0.61,-69.0,-50.6,25.3,45.0,-94.6,6.7,0.0,105.0,0
D005009,4.5,1227.0,1.12,27.5,0.52,-63.5,-50.6,24.3,42.0,-93.8,7.3,0.0,127.0,1
D005010,3.0,1358.0,1.49,33.0,0.57,-65.4,-48.2,25.3,47.0,-92.2,2.0,1.0,147.0,1
D005011,5.1,1186.0,1.22,30.0,0.47,-67.2,-50.3,24.1,40.0,,8.0,1.0,127.0,1
D005012,4.5,1239.0,1.03,27.0,0.53,-66.7,-48.3,22.8,46.0,-94.6,,0.0,131.0,1
D005013,3.8,1182.0,1.12,28.0,0.54,-64.6,-50.3,25.5,45.0,-96.2,10.5,0.0,127.0,1
D005014,4.2,1148.0,1.1,31.0,0.4,-65.8,-48.8,22.8,44.0,-95.9,12.5,0.0,127.0,1
D005015,5.1,1362.0,0.87,29.5,0.3,-68.9,-46.3,21.4,38.0,-93.1,8.6,1.0,107.0,0
D005016,4.1,1178.0,1.08,31.5,0.46,-64.3,-50.5,22.1,46.0,-95.7,12.1,1.0,132.0,1
D005017,5.5,1198.0,1.0,31.5,0.45,-64.7,-51.2,,39.0,-94.8,10.9,1.0,129.0,1
D005018,5.5,1056.0,1.15,38.0,0.58,-66.0,-46.2,26.1,56.0,-95.0,19.5,1.0,130.0,0
D005019,5.1,1210.0,1.12,27.5,0.47,-67.5,-49.8,22.8,46.0,-96.1,4.6,1.0,130.0,1
D005020,4.9,1268.0,1.14,33.0,0.45,-66.4,-50.0,23.5,40.0,-96.6,10.5,1.0,129.0,1
D005021,4.8,1291.0,1.32,20.5,0.32,-66.6,-54.7,21.8,31.0,-97.0,10.3,0.0,143.0,0
D005022,4.8,1146.0,1.1,29.0,0.52,-66.2,-50.6,25.1,44.0,-95.0,12.4,1.0,127.0,1
D005023,5.0,1169.0,1.08,31.0,0.43,-64.5,-50.3,21.9,45.0,-97.2,8.6,0.0,135.0,1
D005024,4.6,1151.0,1.22,31.0,0.42,-65.4,-51.7,24.8,46.0,-93.8,11.4,1.0,124.0,1
D005025,4.7,1219.0,1.11,31.0,0.49,-66.9,-48.6,23.3,42.0,-96.7,8.5,1.0,138.0,1
D005026,4.2,1223.0,1.19,30.5,0.52,-65.9,-49.5,23.5,42.0,-95.2,6.3,0.0,121.0,1
D005027,6.3,1083.0,0.87,25.5,0.43,-62.4,-52.5,27.9,54.0,-97.2,12.6,1.0,136.0,0
D005028,4.8,1183.0,1.2,27.5,0.48,-64.4,-50.2,24.8,44.0,-95.3,10.5,1.0,125.0,0
D005029,4.4,1183.0,1.04,28.0,0.47,-67.7,,24.4,42.0,-95.6,10.3,0.0,133.0,1
D005030,4.1,1172.0,1.1,28.0,0.51,-66.0,-49.4,24.0,41.0,-96.5,11.8,1.0,132.0,0
D005031,6.4,1110.0,1.32,20.0,0.53,-70.0,-48.0,29.1,39.0,-91.4,14.0,,124.0,0
D005032,5.9,1208.0,1.24,38.0,0.5,-62.6,-50.3,21.4,31.0,-94.5,17.1,0.0,110.0,1
D005033,5.0,1201.0,,28.0,0.51,-65.5,,22.8,43.0,-97.6,10.4,0.0,131.0,1
D005034,4.9,1219.0,0.91,31.0,0.48,-66.4,-50.7,23.4,44.0,-94.6,7.9,1.0,118.0,1
D005035,3.1,1233.0,1.1,32.0,0.67,-69.8,-51.7,29.1,51.0,,13.4,0.0,125.0,0
D005036,3.9,1316.0,1.31,34.0,0.47,-69.1,-50.8,28.4,31.0,-91.8,0.3,1.0,140.0,1
D005037,4.0,1199.0,1.02,32.5,0.48,-65.1,-49.5,21.5,45.0,-96.5,8.7,0.0,122.0,1
D005038,5.3,1126.0,1.05,30.5,0.51,-64.7,-50.2,23.4,41.0,-95.7,10.0,0.0,127.0,1
D005039,4.6,1111.0,1.12,27.5,0.53,-64.5,-49.6,24.2,50.0,-94.6,10.6,,134.0,0
D005040,5.8,1138.0,1.49,36.0,0.51,-66.2,-45.9,29.6,36.0,-91.9,4.2,1.0,108.0,0
D005041,5.0,1107.0,1.16,27.0,0.51,-65.4,-50.4,24.1,44.0,-95.0,6.6,1.0,137.0,1
D005042,5.9,1156.0,1.55,30.5,0.44,-63.5,-50.6,22.9,36.0,-90.7,12.7,1.0,119.0,0
D005043,5.6,1200.0,1.22,22.5,0.49,-65.1,-51.8,26.8,51.0,-98.9,17.5,1.0,121.0,0
D005044,4.7,1176.0,1.15,29.0,0.5,-65.5,-50.7,22.9,47.0,-94.2,6.2,1.0,123.0,0
D005045,5.2,1195.0,0.99,31.5,0.53,-65.5,-51.4,25.1,40.0,-95.4,5.2,0.0,126.0,1
D005046,4.5,1230.0,1.05,30.5,0.48,-66.6,-51.2,24.5,48.0,-96.6,10.9,0.0,138.0,1
D005047,5.0,1091.0,1.09,30.5,0.48,-65.8,-49.4,23.2,43.0,-94.4,14.9,1.0,130.0,1
D005048,6.2,1263.0,1.04,28.0,0.52,-60.8,-52.8,21.9,38.0,,22.5,1.0,124.0,0
D005049,4.8,1191.0,1.21,27.5,0.45,-64.9,-50.9,21.6,,-96.1,,1.0,126.0,0
D005050,4.3,1311.0,1.57,26.0,0.56,-69.0,-54.9,21.3,59.0,-91.4,19.7,1.0,,0
D005051,3.9,1187.0,1.2,31.0,0.38,-66.7,-49.5,24.4,46.0,-95.7,,0.0,124.0,1
D005052,4.4,1273.0,1.16,30.0,0.47,-65.3,-51.9,24.4,41.0,-96.2,8.6,1.0,125.0,1
D005053,4.7,1120.0,1.08,27.5,0.41,-64.3,-50.7,23.6,50.0,-95.9,10.6,0.0,121.0,1
D005054,5.9,1268.0,1.49,33.0,0.6,-66.5,-50.7,23.3,37.0,-95.2,10.3,1.0,145.0,1
D005055,4.2,1128.0,1.01,33.0,0.31,-62.1,-46.1,29.4,,-98.6,3.1,1.0,115.0,0
D005056,5.7,1221.0,1.05,27.5,0.45,-63.6,-49.4,24.7,47.0,-96.5,7.1,1.0,126.0,1
D005057,4.6,1255.0,1.16,29.5,0.44,-65.9,-48.3,23.2,43.0,-95.0,10.9,0.0,132.0,1
D005058,5.2,1253.0,1.0,36.0,0.51,-60.7,-45.8,27.8,58.0,-93.3,12.2,1.0,120.0,0
D005059,4.6,1214.0,1.07,28.0,0.54,-67.9,-47.4,22.6,45.0,-94.1,11.7,1.0,133.0,1
D005060,4.3,1154.0,,30.5,0.54,-65.3,-52.0,23.5,45.0,-95.4,6.3,1.0,129.0,1
D005061,6.6,1165.0,1.14,21.5,0.32,-64.6,-52.1,23.5,57.0,-96.0,4.4,0.0,102.0,0
D005062,4.4,1192.0,1.08,30.0,0.45,-64.7,-51.0,24.7,40.0,-95.4,11.7,1.0,128.0,1
D005063,5.3,1157.0,1.09,23.5,0.32,-69.0,-49.7,27.2,42.0,-91.9,14.4,1.0,107.0,0
D005064,5.3,1248.0,1.15,26.5,0.53,-66.0,-50.4,23.2,40.0,-96.3,9.2,1.0,119.0,1
D005065,4.6,1101.0,1.2,28.0,0.49,-65.2,-49.3,26.6,45.0,-94.8,10.4,0.0,131.0,0
D005066,4.1,1220.0,1.07,30.0,0.47,-65.3,-50.6,24.3,42.0,-93.8,8.4,1.0,120.0,1
D005067,4.9,1214.0,1.15,27.5,0.53,-66.9,-50.4,23.6,47.0,-94.7,7.6,0.0,135.0,1
D005068,5.6,1160.0,1.15,30.5,0.46,-65.0,-52.5,26.1,46.0,-95.4,10.9,0.0,120.0,1
D005069,5.6,1176.0,1.13,29.5,0.55,-64.5,-49.8,24.8,47.0,-95.3,10.6,0.0,126.0,1
D005070,5.0,1284.0,0.89,34.0,0.39,-69.3,-47.1,25.1,37.0,-97.3,20.2,0.0,118.0,1
D005071,5.0,1258.0,1.13,31.0,0.42,-65.1,-49.4,23.9,,-96.7,10.4,0.0,114.0,1
D005072,5.1,1190.0,1.23,30.0,0.43,-65.0,-49.4,25.9,47.0,,11.1,1.0,128.0,1
D005073,3.6,1299.0,1.17,33.5,0.34,-67.4,-50.7,29.2,37.0,-97.8,9.0,1.0,121.0,0
D005074,4.1,1199.0,1.09,30.5,0.39,-65.7,-50.5,23.6,45.0,-95.7,9.2,1.0,128.0,0
D005075,4.7,1177.0,1.05,30.0,0.43,-65.5,-49.6,25.6,44.0,,7.3,1.0,134.0,1
D005076,4.8,1218.0,0.98,29.5,0.5,-64.5,-48.0,23.0,47.0,-95.4,10.9,0.0,123.0,1
D005077,4.7,1122.0,1.23,27.5,0.46,-65.3,-52.7,25.6,40.0,-95.3,,1.0,131.0,1
D005078,5.5,1116.0,1.02,27.5,0.46,-64.6,-50.8,24.8,48.0,-94.8,7.0,0.0,133.0,1
D005079,3.4,1003.0,1.6,35.0,0.37,-69.9,-48.5,27.6,43.0,-91.4,1.5,1.0,136.0,0
D005080,4.0,1362.0,1.29,37.5,0.47,-61.5,-53.8,27.1,32.0,-99.9,12.7,1.0,115.0,0
D005081,4.1,1137.0,1.04,28.5,0.57,-64.3,-50.9,22.1,45.0,-94.0,9.6,0.0,131.0,1
D005082,4.5,1201.0,1.21,27.5,0.48,-66.5,-50.7,23.7,45.0,-96.4,,0.0,133.0,1
D005083,4.3,1207.0,1.21,27.5,0.48,-63.5,-50.9,24.2,44.0,-94.0,4.1,1.0,126.0,0
D005084,5.6,1215.0,1.07,28.0,0.4,-66.7,-49.5,23.3,47.0,-96.5,7.4,1.0,118.0,1
D005085,4.2,1153.0,0.94,31.0,0.51,-64.2,-48.1,23.5,45.0,-95.6,7.3,0.0,121.0,1
D005086,4.1,1212.0,1.14,31.5,0.51,-66.1,-49.1,25.1,50.0,-94.3,4.5,1.0,127.0,1
D005087,4.5,1149.0,1.09,27.5,0.5,-65.9,-50.3,24.0,51.0,-95.3,7.5,0.0,131.0,1
D005088,5.4,1187.0,1.01,27.0,0.37,-64.4,-51.3,24.3,46.0,-93.5,7.0,0.0,124.0,1
D005089,5.0,1191.0,1.25,26.5,0.47,-65.7,-49.2,25.5,41.0,-94.1,,1.0,135.0,1
D005090,4.9,1175.0,1.05,29.5,0.54,-65.4,-51.9,27.6,,-95.5,10.0,0.0,126.0,0
D005091,4.6,1271.0,1.37,23.0,0.38,-60.3,-53.4,28.5,58.0,-99.3,13.0,0.0,100.0,0
D005092,4.6,1124.0,1.17,29.5,0.48,-64.6,-50.0,,44.0,-95.4,7.0,0.0,136.0,1
D005093,4.6,1172.0,0.97,33.0,0.54,-65.7,-47.0,24.0,45.0,-95.3,8.9,0.0,125.0,1
D005094,4.9,1154.0,1.07,24.5,0.5,-65.8,-51.1,25.1,41.0,-94.9,7.1,0.0,122.0,1
D005095,6.7,1216.0,1.59,32.5,0.52,-69.1,,27.9,51.0,-93.6,6.5,0.0,139.0,1
D005096,5.4,1192.0,1.07,26.0,0.48,-65.3,-48.5,24.7,43.0,-95.8,12.7,0.0,132.0,1
D005097,4.5,1184.0,1.21,29.0,0.49,-63.6,-50.3,24.0,45.0,-98.0,12.7,0.0,127.0,1
D005098,4.4,1399.0,0.92,30.5,0.7,-66.4,-45.2,22.9,48.0,-90.5,15.9,1.0,142.0,0
D005099,6.1,1232.0,1.05,23.5,0.32,-63.9,-49.9,21.5,31.0,-92.5,6.8,1.0,106.0,0
D005100,4.7,1310.0,1.0,29.0,0.41,-65.6,-49.5,25.0,57.0,-99.4,,0.0,106.0,1
D005101,5.3,1184.0,1.17,29.5,0.52,-65.9,-48.7,23.5,42.0,,8.2,1.0,132.0,1
D005102,4.9,1027.0,1.56,39.5,0.47,-60.2,-50.3,22.1,35.0,-99.6,0.3,1.0,104.0,0
D005103,4.3,1134.0,1.24,31.0,0.49,-64.7,-50.0,24.1,41.0,-94.7,7.6,1.0,127.0,0
D005104,6.3,1353.0,0.96,27.5,0.42,-69.5,-46.6,25.5,45.0,-93.1,8.0,1.0,143.0,1
D005105,4.7,1136.0,1.04,30.0,0.4,-64.3,-49.9,26.4,39.0,,10.1,1.0,136.0,1
D005106,5.0,1231.0,0.97,30.0,0.44,-66.8,-50.1,23.5,49.0,-93.5,8.9,1.0,130.0,1
D005107,5.1,1141.0,1.12,29.5,0.47,-64.5,-50.2,24.1,43.0,-94.8,12.5,1.0,123.0,1
D005108,4.8,1179.0,1.11,32.5,0.43,-64.8,-48.4,22.0,47.0,-96.4,10.0,1.0,130.0,1
D005109,4.5,1176.0,1.04,32.0,0.51,-65.7,-50.8,22.2,46.0,-95.7,9.8,0.0,132.0,1
D005110,4.7,1185.0,1.0,26.0,0.48,-67.3,-49.0,22.3,44.0,-96.2,11.7,1.0,123.0,1
D005111,5.0,1184.0,1.15,30.5,0.53,-66.2,-49.1,23.6,51.0,-95.1,10.9,0.0,138.0,1
D005112,6.5,1002.0,0.98,36.0,0.68,-69.1,-47.3,27.1,40.0,-93.8,7.8,0.0,125.0,1
D005113,4.3,1187.0,1.18,30.0,0.43,-65.1,-50.5,24.5,44.0,-94.1,9.7,0.0,121.0,1
D005114,5.1,1172.0,1.15,30.5,0.46,-64.1,-49.8,25.2,43.0,-94.9,9.5,1.0,127.0,1
D005115,5.0,1148.0,1.06,33.0,0.42,-66.1,-51.2,24.3,46.0,-93.8,9.1,0.0,135.0,1
D005116,5.2,1174.0,1.09,25.5,0.46,-65.7,-50.7,23.2,48.0,-96.1,7.7,1.0,124.0,1
D005117,6.3,1192.0,1.0,27.0,0.53,-67.2,-54.6,21.3,34.0,-98.7,4.0,0.0,122.0,1
D005118,4.8,1171.0,1.12,31.5,0.46,-64.3,-50.1,23.2,41.0,-96.4,,1.0,131.0,1
D005119,4.6,1206.0,1.04,29.5,0.45,-66.0,-49.6,25.1,44.0,-95.7,9.9,1.0,128.0,1
D005120,5.0,1239.0,0.99,29.5,0.45,-66.0,-50.4,23.5,46.0,-94.8,8.0,0.0,119.0,1
D005121,4.4,1132.0,1.15,30.5,0.52,-65.5,-50.6,23.7,44.0,-96.1,6.7,0.0,136.0,1
D005122,4.7,1258.0,1.04,28.0,0.51,-65.3,-49.8,22.7,38.0,-96.5,10.6,0.0,137.0,1
D005123,5.8,1251.0,1.3,30.0,0.67,-66.7,-54.1,21.8,39.0,-94.7,2.2,1.0,130.0,1
D005124,4.6,1178.0,1.08,30.5,0.49,-64.6,-49.2,23.3,46.0,-96.4,9.8,1.0,128.0,1
D005125,4.1,1230.0,1.01,29.5,0.46,-66.0,-49.4,25.1,37.0,-95.7,9.3,0.0,136.0,1
D005126,5.5,1091.0,1.09,26.5,0.47,-65.5,-49.0,24.6,43.0,-95.3,8.6,1.0,130.0,1
D005127,5.6,1252.0,1.09,34.0,0.52,-64.1,-54.0,28.7,48.0,-91.9,,0.0,144.0,1
D005128,5.6,1165.0,1.06,28.0,0.55,-64.0,-50.5,24.7,48.0,-93.2,16.9,1.0,123.0,1
D005129,5.9,1204.0,1.17,25.5,0.39,-65.6,-46.8,20.7,52.0,-91.8,18.4,0.0,137.0,0
D005130,6.2,1014.0,0.86,34.5,0.47,-60.6,-47.8,21.3,58.0,-97.7,20.8,1.0,134.0,0
D005131,4.5,1196.0,1.25,27.0,0.48,-65.9,-50.6,25.1,46.0,-94.0,13.9,0.0,118.0,0
D005132,5.9,1141.0,1.59,37.0,0.44,-64.1,-53.8,23.8,38.0,-95.4,23.1,1.0,119.0,0
D005133,4.2,1201.0,,27.5,0.47,-64.6,-52.4,23.9,42.0,-94.3,8.5,1.0,132.0,1
D005134,5.0,1193.0,1.09,26.5,0.51,-65.4,,24.4,41.0,-94.2,8.2,1.0,,1
D005135,4.9,1184.0,1.25,28.5,0.5,-64.5,-49.9,25.8,43.0,-95.6,8.8,1.0,128.0,1
D005136,6.1,1185.0,0.84,28.5,0.4,-69.3,-54.7,25.0,50.0,-94.0,23.9,0.0,133.0,1
D005137,4.7,1182.0,1.06,33.5,0.49,-65.4,-52.0,25.3,,-94.7,7.8,0.0,123.0,0
D005138,5.5,1212.0,1.26,26.5,0.49,-67.0,-49.2,23.8,38.0,-94.0,9.9,1.0,130.0,1
D005139,4.4,1160.0,,32.0,0.5,-63.7,-48.3,24.5,40.0,-96.5,6.2,0.0,122.0,1
D005140,3.6,1338.0,1.48,38.5,0.45,-62.6,-54.1,20.5,56.0,-90.5,1.7,1.0,116.0,0
D005141,4.5,1162.0,1.2,30.0,0.43,-65.2,-48.5,,47.0,-96.1,9.6,0.0,125.0,1
D005142,5.1,1175.0,1.06,29.0,0.42,-65.0,-51.1,23.6,46.0,-96.1,7.5,1.0,132.0,1
D005143,4.2,1173.0,1.17,30.0,0.53,-67.1,-48.0,24.3,45.0,-94.7,12.7,1.0,126.0,0
D005144,5.6,1221.0,,26.5,0.43,,-48.1,23.5,51.0,-97.2,13.4,1.0,128.0,1
D005145,5.2,1195.0,1.41,38.0,0.57,-64.2,-50.8,21.7,41.0,-92.8,14.4,1.0,136.0,1
D005146,6.2,1274.0,1.54,34.0,0.6,-68.7,-48.3,20.8,54.0,-92.7,19.6,0.0,113.0,0
D005147,4.8,1161.0,1.1,31.0,0.54,-65.3,-50.0,24.0,39.0,-95.5,6.3,1.0,130.0,1
D005148,6.5,1348.0,0.8,30.0,0.62,-64.3,-49.2,21.8,39.0,-98.6,1.5,1.0,145.0,1
D005149,4.9,1164.0,1.19,28.0,0.47,-64.7,,24.5,45.0,-96.8,4.6,0.0,130.0,1
D005150,3.1,1278.0,0.85,35.5,0.57,-68.4,-54.1,26.4,42.0,-90.9,21.1,1.0,140.0,1
D005151,4.2,1150.0,0.96,23.0,0.6,-63.9,-49.0,26.8,50.0,-95.0,18.9,0.0,103.0,0
D005152,4.5,1109.0,1.08,,0.53,-65.6,-50.1,23.1,43.0,-94.5,2.9,0.0,125.0,1
D005153,5.9,1124.0,1.31,29.5,0.39,-63.3,-48.7,21.6,44.0,-91.7,2.6,0.0,100.0,0
D005154,4.8,1231.0,1.07,30.5,0.49,-66.1,-50.0,24.3,46.0,-95.8,9.0,1.0,127.0,1
D005155,5.6,1045.0,1.52,23.0,0.38,-61.7,-45.3,29.8,37.0,-93.6,17.1,1.0,,0
D005156,5.4,1167.0,1.12,29.0,0.46,-67.3,-49.5,24.1,41.0,-96.8,,1.0,125.0,1
D005157,4.5,1163.0,1.13,27.5,0.48,-65.5,-49.0,23.5,43.0,-95.6,9.9,0.0,128.0,0
D005158,3.9,1281.0,1.55,20.5,0.3,-65.4,-46.8,24.0,59.0,-96.3,19.7,0.0,145.0,0
D005159,6.4,1348.0,1.13,37.5,0.57,-67.7,-46.0,29.0,54.0,-96.5,10.5,1.0,135.0,1
D005160,5.2,1204.0,1.13,30.0,0.52,-64.3,-49.9,23.1,47.0,-95.7,6.6,1.0,127.0,1
D005161,6.3,1246.0,1.24,29.0,0.63,-64.4,-50.3,29.0,40.0,-98.1,16.4,1.0,100.0,0
D005162,5.8,1074.0,0.83,22.5,0.5,-62.7,-48.1,21.5,,-92.7,1.4,1.0,118.0,0
D005163,4.8,1181.0,1.12,30.5,0.49,-64.8,-50.7,23.9,44.0,-95.0,7.4,0.0,126.0,0
D005164,5.1,1166.0,1.15,29.0,0.52,-65.2,-49.3,23.4,45.0,-94.7,8.3,1.0,129.0,0
D005165,5.1,1129.0,1.09,31.0,0.47,-65.2,-49.7,25.3,42.0,-96.9,10.1,1.0,136.0,1
D005166,4.3,1205.0,1.2,27.5,0.51,-66.5,-49.4,24.8,48.0,-95.9,8.2,1.0,130.0,0
D005167,6.6,1138.0,1.35,,0.36,-60.2,-54.3,24.5,34.0,-97.2,17.6,1.0,143.0,1
D005168,5.4,1131.0,0.8,31.5,0.47,-65.5,-48.9,24.4,31.0,-90.2,11.7,0.0,132.0,1
D005169,4.7,1220.0,1.1,29.5,0.47,-66.3,-49.9,24.2,,-97.0,8.3,1.0,131.0,1
D005170,4.1,1278.0,0.9,37.5,0.45,-61.7,-51.2,22.8,41.0,-93.2,11.9,0.0,105.0,0
D005171,3.8,1283.0,1.2,21.5,0.69,-66.0,-53.5,25.7,59.0,-93.5,1.4,0.0,113.0,0
D005172,4.6,1306.0,1.22,28.0,0.34,-67.1,-47.2,22.5,57.0,-94.6,9.0,1.0,145.0,0
D005173,5.0,1104.0,0.97,29.5,0.5,-65.1,-50.9,24.0,,-98.1,12.2,0.0,121.0,1
D005174,5.1,1157.0,,27.0,0.47,-65.8,-50.3,24.9,41.0,-94.8,9.0,1.0,141.0,1
D005175,5.1,1182.0,1.14,30.0,0.52,-65.3,-50.3,23.6,37.0,-95.5,9.6,1.0,140.0,1
D005176,5.9,1388.0,0.82,39.5,0.37,-66.2,-53.8,21.6,34.0,-99.2,3.7,1.0,100.0,1
D005177,5.5,1209.0,0.98,25.5,0.46,-65.8,-50.7,24.6,47.0,-94.6,9.0,0.0,128.0,1
D005178,4.8,1206.0,0.98,28.0,0.42,-65.3,-49.5,22.4,36.0,-97.2,8.4,1.0,124.0,1
D005179,3.1,1189.0,1.12,33.5,0.58,-66.2,-48.1,26.5,38.0,-98.2,23.7,1.0,148.0,1
D005180,4.9,1171.0,1.07,30.5,0.53,-64.5,-49.5,22.7,49.0,,8.2,1.0,130.0,1
D005181,6.9,1053.0,1.11,39.0,0.42,-63.8,-49.6,,53.0,-90.8,18.3,1.0,139.0,1
D005182,4.6,1243.0,1.03,30.0,0.49,-65.7,-49.1,24.9,46.0,-94.8,9.6,0.0,130.0,1
D005183,3.9,1293.0,0.85,21.0,0.68,-68.8,-53.5,20.4,44.0,-93.7,22.8,0.0,116.0,0
D005184,5.1,1201.0,1.06,29.5,0.51,-66.4,-51.2,24.1,43.0,-95.7,12.4,1.0,136.0,1
D005185,3.7,1253.0,1.09,34.0,0.44,-62.8,-48.8,20.3,55.0,-99.2,18.2,1.0,149.0,0
D005186,4.7,1201.0,1.12,26.5,0.44,-65.3,-48.9,26.4,44.0,-94.0,9.0,1.0,132.0,0
D005187,5.2,1146.0,1.14,29.0,0.58,-64.8,-49.3,24.6,40.0,-96.2,11.6,0.0,133.0,1
D005188,4.3,1182.0,1.16,26.5,0.49,-66.4,-50.8,25.0,46.0,-93.6,5.6,0.0,128.0,1
D005189,5.0,1164.0,1.05,21.0,0.51,-61.2,-52.1,29.6,34.0,-99.7,1.2,0.0,135.0,1
D005190,4.4,,1.06,28.0,0.56,-63.5,-51.7,24.0,45.0,-96.1,9.0,0.0,128.0,1
D005191,5.1,1182.0,1.54,29.0,0.42,-61.6,-54.8,23.1,,-94.4,,1.0,127.0,0
D005192,5.3,1247.0,1.13,32.5,0.44,-65.2,-49.1,24.0,37.0,-94.7,9.0,1.0,127.0,1
D005193,5.3,1205.0,1.6,33.0,0.37,-65.2,-54.6,28.5,31.0,-98.2,3.9,0.0,123.0,0
D005194,4.3,1152.0,1.2,27.5,0.5,-64.7,-49.8,25.3,47.0,-94.9,9.6,1.0,126.0,0
D005195,4.8,1170.0,1.14,30.0,0.5,-63.7,-50.8,23.0,48.0,-95.4,5.9,1.0,128.0,0
D005196,5.3,1143.0,1.13,31.5,0.47,-66.5,-49.0,23.3,42.0,-94.7,8.8,1.0,,1
D005197,5.1,1102.0,1.23,28.0,0.47,-65.4,-51.4,24.1,47.0,-93.3,12.5,0.0,127.0,1
D005198,3.0,1173.0,0.87,33.0,0.55,-69.1,-47.3,28.0,51.0,-97.9,18.9,0.0,111.0,1
D005199,4.6,1156.0,1.03,29.0,0.5,-65.8,-48.9,26.4,45.0,-94.6,8.3,1.0,124.0,1
D005200,4.8,1160.0,,27.5,0.46,-65.0,-50.1,,43.0,-95.1,9.5,1.0,,0
D005201,4.6,1160.0,1.16,26.0,0.5,-64.6,-51.6,25.0,47.0,-96.7,7.2,0.0,131.0,1
D005202,4.6,,1.01,32.0,0.45,-63.8,-50.5,24.7,46.0,-94.5,13.8,1.0,129.0,0
D005203,4.7,1201.0,1.07,29.0,0.48,-65.1,-48.1,24.0,46.0,-94.6,8.5,1.0,124.0,0
D005204,6.4,1282.0,1.45,28.0,0.43,-60.3,-46.4,28.7,39.0,-95.8,7.7,1.0,123.0,0
D005205,5.2,1023.0,1.49,34.0,0.41,-66.3,-53.6,24.3,36.0,-99.6,4.8,1.0,133.0,1
D005206,4.4,1188.0,0.93,30.5,0.65,-61.9,-51.6,22.4,32.0,-91.9,15.5,0.0,137.0,0
D005207,4.5,1174.0,1.21,24.0,0.48,-67.6,-51.6,23.6,43.0,-96.0,11.7,1.0,124.0,0
D005208,4.8,1129.0,1.08,31.0,0.5,-66.1,-49.1,23.1,47.0,-96.7,8.0,0.0,131.0,1
D005209,3.1,1186.0,1.47,23.5,0.57,-69.5,-49.9,28.0,41.0,-90.2,18.6,0.0,105.0,0
D005210,5.5,1167.0,1.0,27.5,0.48,-64.2,-48.3,23.3,42.0,-94.7,6.0,0.0,123.0,1
D005211,5.0,1240.0,0.92,28.0,0.46,-64.1,-50.2,,47.0,-92.9,9.4,,126.0,0
D005212,4.5,1176.0,1.0,30.5,0.53,-66.3,-50.9,23.1,41.0,-95.7,11.5,0.0,132.0,1
D005213,5.7,1045.0,1.31,36.0,0.57,-61.5,-52.6,25.3,39.0,-98.1,12.0,1.0,144.0,1
D005214,6.9,1038.0,1.01,38.5,,-68.5,-48.9,22.2,38.0,-93.7,23.4,1.0,115.0,1
D005215,5.2,1135.0,1.04,26.5,0.48,-66.9,-49.9,24.7,43.0,-94.4,5.4,1.0,134.0,1
D005216,5.0,1383.0,1.39,21.5,0.55,-69.2,-45.7,,40.0,-99.9,23.6,1.0,125.0,0
D005217,6.7,1298.0,1.13,37.5,0.6,-63.8,-53.5,22.5,51.0,-99.6,17.7,0.0,102.0,1
D005218,5.2,1196.0,1.04,28.5,0.44,-66.4,-49.5,23.8,42.0,-93.8,9.0,1.0,133.0,1
D005219,5.0,1221.0,1.25,28.0,0.49,-66.4,-51.4,24.6,44.0,-96.2,11.3,0.0,121.0,1
D005220,6.1,1244.0,1.56,30.5,0.5,-62.4,-45.3,25.9,52.0,-91.1,19.2,1.0,124.0,0
D005221,4.8,1175.0,1.19,25.0,0.43,-64.5,-51.9,23.3,45.0,-93.6,13.2,1.0,128.0,0
D005222,3.5,1283.0,1.1,30.0,0.3,-65.5,-53.1,27.3,58.0,-99.1,6.0,0.0,119.0,0
D005223,4.3,1166.0,1.04,25.5,0.46,-66.1,-50.0,25.1,40.0,-95.8,9.5,1.0,128.0,0
D005224,5.6,1075.0,1.38,34.0,0.35,-60.7,-49.4,27.6,40.0,-93.8,13.1,0.0,124.0,0
D005225,5.2,1168.0,1.08,31.0,0.54,-66.3,-51.2,,46.0,-95.5,10.5,1.0,131.0,1
D005226,5.4,1157.0,1.15,27.5,0.56,-66.2,-49.5,23.9,46.0,-94.9,8.7,0.0,131.0,1
D005227,4.9,1222.0,0.96,30.0,0.58,-64.0,-51.0,24.5,47.0,-95.7,11.2,1.0,134.0,1
D005228,4.1,1129.0,1.27,24.5,0.41,-65.4,-53.3,30.0,46.0,-94.3,13.0,1.0,116.0,0
D005229,,1222.0,1.18,30.0,0.47,-65.2,-50.9,23.2,51.0,-96.9,13.2,1.0,124.0,0
D005230,4.5,1378.0,1.51,30.0,0.7,-63.0,-47.8,22.5,45.0,-93.9,5.7,0.0,103.0,0
D005231,4.3,1182.0,1.11,33.5,0.44,-65.9,-50.4,24.2,45.0,-94.8,12.8,1.0,121.0,0
D005232,4.5,1192.0,1.02,,0.49,-66.0,-50.4,24.5,45.0,-95.6,13.7,1.0,114.0,1
D005233,5.8,1332.0,1.26,,0.6,-61.1,-51.9,22.3,39.0,-98.0,22.0,1.0,143.0,1
D005234,5.3,1211.0,1.05,31.0,0.47,-66.3,-50.7,24.9,47.0,-95.6,5.4,1.0,126.0,1
D005235,5.4,1127.0,1.13,28.5,0.46,-65.6,-49.6,25.2,45.0,-95.4,6.4,1.0,116.0,0
D005236,4.3,1173.0,1.17,26.0,0.5,-66.0,-49.2,25.1,42.0,-94.0,8.4,1.0,129.0,1
D005237,6.5,1162.0,1.06,26.5,0.3,-64.7,,26.7,52.0,-94.9,18.8,0.0,,0
D005238,,1328.0,1.35,30.5,,-63.0,-49.6,26.0,36.0,-90.7,8.4,1.0,137.0,1
D005239,4.5,1189.0,1.16,32.0,0.39,-65.5,-51.3,23.7,47.0,-96.7,9.5,0.0,133.0,1
D005240,4.2,1181.0,0.86,20.5,0.64,-65.1,-49.2,23.4,58.0,-91.0,4.0,1.0,143.0,0
D005241,3.9,1025.0,0.94,39.5,0.46,-61.9,-52.8,26.8,42.0,-94.2,6.0,0.0,128.0,1
D005242,4.9,1247.0,1.16,24.5,0.52,-65.7,-50.5,25.0,41.0,-95.0,10.0,0.0,124.0,1
D005243,3.7,1150.0,1.11,28.0,0.44,-65.5,-49.3,23.9,43.0,-94.8,4.4,0.0,129.0,1
D005244,4.9,1189.0,1.19,28.5,0.45,-64.2,-50.9,,41.0,-95.2,9.7,1.0,141.0,1
D005245,4.7,1139.0,1.07,27.5,0.5,-66.4,-49.0,25.2,37.0,-95.9,8.5,0.0,127.0,1
D005246,5.1,1217.0,1.03,30.0,0.52,-66.1,-52.2,23.0,47.0,-96.0,8.0,0.0,135.0,1
D005247,4.8,1216.0,0.98,26.0,0.52,-66.7,-50.6,23.5,45.0,-95.5,8.9,1.0,126.0,1
D005248,4.3,1189.0,1.17,26.5,0.53,-64.9,-49.5,23.3,45.0,-95.1,11.4,0.0,131.0,0
D005249,4.7,1306.0,0.88,20.5,0.53,-69.8,-45.4,20.5,48.0,-99.5,12.2,1.0,105.0,1
D005250,5.2,1116.0,1.11,25.5,0.48,-64.5,-51.2,23.1,43.0,-95.4,7.9,1.0,127.0,1
D005251,4.9,1123.0,1.13,30.5,0.54,-66.5,-49.9,23.8,47.0,-96.6,5.7,1.0,129.0,1
D005252,4.8,1182.0,1.0,,0.58,-66.5,-51.1,25.3,43.0,-96.4,11.0,0.0,127.0,1
D005253,5.4,1159.0,1.1,30.0,0.55,-65.8,-49.8,25.3,43.0,,11.4,0.0,131.0,1
D005254,5.1,1176.0,1.06,26.5,0.46,-64.6,-49.9,23.1,41.0,-95.4,5.6,0.0,133.0,1
D005255,3.9,1218.0,1.2,28.0,0.45,-65.6,-51.3,23.4,40.0,-96.1,10.8,0.0,125.0,1
D005256,4.3,1159.0,1.05,25.5,0.55,-65.7,-51.6,24.8,41.0,-97.3,12.4,1.0,120.0,1
D005257,7.0,1331.0,0.94,33.5,0.6,-60.3,-49.5,22.2,44.0,-97.7,,1.0,148.0,1
D005258,5.0,1241.0,1.17,32.0,0.52,-62.9,-50.9,22.4,41.0,-96.8,11.8,1.0,130.0,1
D005259,4.9,1168.0,1.09,28.5,0.54,-65.0,-50.7,24.6,47.0,-95.5,3.2,1.0,127.0,1
D005260,4.6,1150.0,1.19,27.0,0.47,-65.4,-50.5,25.7,47.0,-96.6,10.3,0.0,127.0,0
D005261,4.9,1011.0,1.15,27.5,0.49,-67.5,-48.2,27.7,33.0,-99.0,14.9,1.0,121.0,1
D005262,3.7,1198.0,1.22,37.0,0.63,-64.4,-53.1,30.0,34.0,-92.9,19.7,1.0,100.0,0
D005263,6.5,1357.0,1.24,24.5,0.48,-63.3,-54.9,25.8,30.0,-96.7,14.6,1.0,150.0,1
D005264,4.4,1267.0,1.24,31.0,0.41,-66.7,-50.5,24.0,,-95.1,12.1,1.0,122.0,1
D005265,4.8,1199.0,0.92,29.5,0.5,-65.4,-50.1,24.6,43.0,-95.3,8.8,0.0,124.0,1
D005266,6.5,1075.0,0.89,31.0,0.56,-65.7,-52.1,27.1,43.0,-97.9,3.1,1.0,118.0,1
D005267,4.6,1175.0,1.14,30.5,0.42,-66.6,-50.2,25.0,43.0,-94.7,5.7,1.0,121.0,0
D005268,4.8,1171.0,1.19,30.5,0.47,-64.5,-50.3,25.1,44.0,-94.2,8.9,1.0,132.0,1
D005269,4.7,1161.0,1.21,30.0,0.53,-66.9,-50.1,24.8,47.0,-93.8,11.7,1.0,134.0,1
D005270,3.3,1378.0,,25.0,0.7,-64.7,-55.0,23.4,41.0,-95.9,9.9,0.0,119.0,0
D005271,4.4,1204.0,1.06,26.0,0.5,-61.1,-48.6,24.0,44.0,-94.1,16.3,1.0,113.0,0
D005272,3.2,1362.0,1.01,37.5,0.53,-66.7,-45.5,23.1,50.0,-92.0,20.3,1.0,118.0,0
D005273,6.4,1046.0,1.34,29.0,0.62,-68.1,-46.0,24.1,45.0,-98.6,11.7,1.0,100.0,1
D005274,4.1,1307.0,0.84,32.0,0.65,-69.6,-47.1,27.4,46.0,-90.3,10.4,,147.0,1
D005275,4.7,1191.0,1.12,31.0,0.41,-65.6,-49.8,24.9,43.0,-95.9,9.2,0.0,138.0,1
D005276,5.5,1208.0,1.09,30.5,0.6,-65.6,-46.5,28.0,59.0,-93.0,12.6,0.0,106.0,0
D005277,5.7,1145.0,0.86,25.5,0.61,-61.6,-45.5,21.2,,-99.1,20.2,1.0,132.0,0
D005278,,1174.0,1.11,30.0,0.52,-65.8,-50.9,23.0,34.0,-92.7,9.8,0.0,126.0,1
D005279,4.0,1154.0,0.97,32.5,0.46,-64.6,-50.9,24.7,47.0,-96.1,6.4,0.0,129.0,1
D005280,5.0,1182.0,1.19,28.5,0.49,-66.2,-50.4,25.1,42.0,-97.2,6.8,0.0,129.0,1
D005281,4.1,1236.0,1.44,29.0,0.5,-60.3,-53.8,27.3,59.0,-99.7,0.5,1.0,118.0,0
D005282,3.1,1150.0,1.57,28.0,0.33,-65.6,-46.2,27.8,32.0,-95.0,8.6,1.0,123.0,0
D005283,5.8,1068.0,1.12,39.5,0.46,-62.4,-52.5,21.5,49.0,-99.4,7.6,1.0,147.0,1
D005284,5.1,1219.0,1.12,32.0,0.49,-65.4,-48.3,23.0,48.0,-92.2,7.9,0.0,126.0,1
D005285,6.9,1214.0,1.57,27.0,0.63,-64.0,-46.1,25.5,44.0,-90.5,11.5,0.0,141.0,0
D005286,4.3,1203.0,1.02,29.5,0.46,-66.7,-49.9,23.2,39.0,-96.1,11.7,1.0,130.0,0
D005287,4.7,1180.0,1.11,29.5,0.42,-65.9,-50.8,23.6,43.0,-94.6,7.8,0.0,137.0,1
D005288,4.9,1243.0,1.15,27.0,0.44,-66.0,-49.7,25.2,40.0,-96.3,12.5,1.0,124.0,1
D005289,5.2,1153.0,1.02,32.5,0.49,-65.3,-49.8,25.0,43.0,-95.8,8.1,0.0,129.0,1
D005290,6.7,1338.0,1.49,28.5,0.47,-68.0,-52.2,25.0,33.0,-93.5,0.2,1.0,116.0,1
D005291,3.4,1181.0,0.86,39.0,0.52,-66.7,-51.2,25.5,52.0,-96.5,17.1,0.0,111.0,1
D005292,6.9,1098.0,1.35,34.5,0.48,-68.6,-47.4,28.8,38.0,-91.0,1.6,1.0,120.0,1
D005293,4.0,1203.0,1.16,,0.54,-65.5,-51.3,24.5,45.0,-96.5,9.8,1.0,128.0,0
D005294,4.9,1198.0,1.18,29.0,0.48,-64.2,-48.4,23.9,44.0,-96.2,10.2,1.0,129.0,1
D005295,4.9,1239.0,1.21,30.0,0.58,-66.8,-47.7,25.4,31.0,-98.5,11.9,1.0,148.0,1
D005296,4.4,1161.0,1.13,29.0,0.51,-63.7,-49.8,,43.0,-94.2,10.4,1.0,138.0,0
D005297,4.7,1280.0,1.57,27.0,0.33,-62.3,-50.1,23.5,53.0,-92.3,2.6,0.0,,0
D005298,4.3,1108.0,0.91,20.5,0.53,-67.9,-47.4,24.3,56.0,-98.5,10.9,0.0,147.0,1
D005299,3.6,1011.0,0.95,23.0,0.37,-62.0,-45.1,23.4,49.0,-93.9,2.5,0.0,,0
D005300,6.7,1177.0,0.85,39.0,0.65,-67.0,-45.5,28.6,49.0,-96.3,6.1,1.0,127.0,1
D005301,4.1,1156.0,1.2,26.0,0.53,,-50.6,,45.0,-95.3,,1.0,138.0,1
D005302,5.3,1185.0,1.06,27.0,0.41,-64.7,-48.6,23.8,46.0,-94.6,9.7,0.0,127.0,1
D005303,4.5,1193.0,1.09,27.5,0.47,-63.4,-48.6,23.5,47.0,,7.1,0.0,132.0,1
D005304,4.0,1109.0,1.58,37.5,0.42,-67.9,-54.4,24.1,45.0,-94.2,13.6,1.0,111.0,0
D005305,4.9,1027.0,1.41,34.0,0.33,-63.8,-45.4,22.4,60.0,-94.0,0.6,1.0,,0
D005306,3.5,1121.0,0.97,27.0,0.39,-64.7,-47.9,22.0,57.0,-91.1,19.0,1.0,121.0,0
D005307,4.9,1181.0,1.01,30.5,0.44,-65.5,-51.1,24.9,52.0,-94.2,5.8,1.0,134.0,1
D005308,4.4,1240.0,1.22,25.5,0.46,-66.2,-50.3,24.1,45.0,-95.5,9.3,1.0,134.0,1
D005309,4.9,1367.0,1.33,25.5,0.35,-62.8,-46.0,20.8,47.0,-98.2,14.2,1.0,111.0,0
D005310,4.7,1197.0,1.09,27.0,0.49,-65.1,-50.6,23.5,42.0,-94.2,14.8,0.0,129.0,1
D005311,5.5,1241.0,1.1,28.5,0.52,-65.7,-51.4,25.7,44.0,-95.1,10.8,1.0,133.0,1
D005312,3.6,1188.0,1.1,21.5,0.37,-61.5,-51.2,29.1,57.0,-92.0,13.3,1.0,141.0,0
D005313,4.9,1221.0,1.06,31.0,0.48,-66.4,-49.7,23.2,46.0,-94.7,9.4,0.0,130.0,1
D005314,6.6,1208.0,1.59,21.0,0.58,-65.5,-46.5,23.5,32.0,-95.1,15.8,1.0,106.0,0
D005315,5.3,1222.0,,31.0,0.47,-68.0,-50.7,24.5,37.0,-94.9,11.6,1.0,135.0,1
D005316,4.9,1117.0,1.03,32.0,0.54,-65.8,-50.6,23.3,42.0,-95.4,9.4,,134.0,1
D005317,5.0,1214.0,1.11,29.0,0.38,-64.7,-48.6,24.5,44.0,-96.6,11.2,0.0,125.0,1
D005318,3.4,1293.0,0.92,30.0,0.38,-63.3,-45.4,21.1,46.0,,16.6,0.0,117.0,0
D005319,5.0,1138.0,1.18,32.0,0.49,-65.4,-51.1,23.9,43.0,-95.1,4.2,0.0,132.0,1
D005320,5.1,1134.0,1.03,27.5,0.5,-64.3,-51.0,22.8,40.0,-94.5,12.1,1.0,125.0,0
D005321,5.0,1182.0,1.06,29.0,0.46,-65.1,-49.7,24.1,46.0,-96.5,13.3,1.0,120.0,0
D005322,4.7,1343.0,1.05,24.5,0.41,-63.8,-54.8,20.7,31.0,-91.0,13.9,0.0,150.0,1
D005323,5.6,1171.0,0.96,37.0,0.61,-65.4,-48.0,26.9,47.0,-91.6,10.9,0.0,116.0,1
D005324,4.7,1168.0,1.13,26.5,0.49,-65.0,-50.5,24.7,43.0,-96.7,13.1,0.0,119.0,1
D005325,4.6,1211.0,1.06,26.5,0.52,-65.2,-49.4,24.9,44.0,-94.8,7.1,1.0,132.0,1
D005326,5.1,1189.0,1.16,26.5,0.53,-65.1,-49.6,22.5,47.0,-96.0,5.3,0.0,127.0,1
D005327,4.5,1198.0,1.19,,0.51,-63.7,-49.5,24.4,41.0,-95.7,6.8,0.0,129.0,0
D005328,5.2,1189.0,1.05,28.5,0.5,-65.5,-49.2,23.9,48.0,-94.3,6.8,0.0,124.0,1
D005329,3.9,1190.0,1.07,28.5,0.49,-65.3,-52.0,25.2,43.0,-96.1,9.1,0.0,127.0,1
D005330,4.2,1041.0,1.02,33.0,0.52,-68.7,-54.8,27.0,56.0,-99.2,4.9,0.0,124.0,1
D005331,4.4,1186.0,1.19,29.5,0.46,-65.6,-49.9,22.6,41.0,-95.1,6.6,1.0,122.0,0
D005332,3.8,1190.0,1.16,21.0,0.31,-61.7,-54.3,26.1,52.0,-90.1,8.0,0.0,126.0,0
D005333,5.3,1169.0,1.05,30.0,0.54,-63.9,-50.9,23.2,41.0,-95.5,9.3,1.0,132.0,1
D005334,6.8,1206.0,1.46,34.0,0.68,-63.4,-50.6,27.3,43.0,-93.1,18.1,0.0,114.0,0
D005335,4.3,1183.0,1.11,28.0,0.48,-64.5,-49.7,24.4,44.0,-96.8,7.9,1.0,131.0,0
D005336,4.9,1114.0,1.0,24.5,0.53,-65.0,-49.3,23.5,44.0,-93.9,6.4,1.0,132.0,1
D005337,5.3,1165.0,0.98,33.0,0.5,-65.5,-49.9,22.4,44.0,-94.0,6.6,0.0,131.0,1
D005338,4.8,1137.0,1.16,29.5,0.44,-64.7,-50.6,23.5,49.0,-96.6,12.8,0.0,119.0,1
D005339,5.1,1086.0,1.05,31.0,0.46,-63.9,-50.1,22.7,44.0,-95.4,7.0,0.0,126.0,1
D005340,4.9,1214.0,1.12,29.5,0.47,-66.5,-50.8,23.4,43.0,-96.2,7.6,1.0,128.0,1
D005341,4.5,1172.0,1.14,30.5,0.52,-66.2,-49.8,24.1,47.0,,11.1,1.0,131.0,1
D005342,4.7,1119.0,1.11,31.5,0.43,-64.5,-49.4,23.0,43.0,-94.3,7.3,0.0,,1
D005343,5.7,1189.0,0.95,30.0,0.6,-62.5,-50.9,27.5,30.0,-95.1,16.6,0.0,109.0,1
D005344,4.4,1210.0,1.22,26.5,0.48,-64.8,-48.8,23.6,,-95.6,7.9,1.0,134.0,1
D005345,3.5,1296.0,1.53,31.5,0.6,-67.4,-54.2,27.8,38.0,-97.9,,0.0,143.0,1
D005346,5.8,1329.0,,34.0,0.32,-61.1,-53.8,24.9,45.0,-95.2,5.6,0.0,130.0,1
D005347,4.9,1129.0,1.15,28.0,0.47,-64.5,-50.4,24.9,45.0,-96.0,8.1,0.0,133.0,1
D005348,6.6,1127.0,0.98,25.0,0.52,-64.7,-47.3,26.5,37.0,-94.3,8.0,0.0,126.0,1
D005349,5.2,1147.0,1.24,29.0,0.52,-65.5,-50.9,24.0,38.0,-96.0,9.8,1.0,128.0,1
D005350,4.4,1275.0,1.18,38.0,0.54,-60.1,-51.1,21.3,59.0,-90.2,20.8,,145.0,0
D005351,5.5,1278.0,1.0,28.5,0.48,-65.5,-51.6,24.8,37.0,-94.5,7.4,0.0,133.0,1
D005352,4.8,1023.0,1.22,31.0,0.32,-61.4,-46.6,25.5,48.0,-94.3,7.4,0.0,137.0,0
D005353,5.2,1021.0,0.98,20.5,0.56,-65.4,-52.0,26.9,54.0,-92.2,3.0,1.0,101.0,0
D005354,4.8,1131.0,1.13,35.0,0.48,-65.8,-49.1,24.4,42.0,-94.7,7.3,1.0,129.0,1
D005355,4.2,1170.0,1.06,28.0,0.47,-64.4,-49.4,24.5,41.0,-95.8,8.3,1.0,125.0,0
D005356,4.9,1063.0,1.01,28.0,0.47,-66.1,-50.0,24.9,46.0,-96.2,7.6,0.0,124.0,1
D005357,5.2,1203.0,0.91,35.5,0.4,-65.4,-54.7,,34.0,-99.1,13.5,0.0,120.0,1
D005358,4.7,1140.0,1.15,30.0,0.42,-66.2,-49.5,23.8,42.0,-97.6,8.6,0.0,125.0,1
D005359,4.5,1166.0,1.04,29.5,0.56,-65.8,-49.2,24.9,45.0,-94.5,6.1,1.0,133.0,1
D005360,4.9,1223.0,1.08,30.0,0.43,-65.5,-51.3,24.7,43.0,-94.1,7.6,1.0,116.0,1
D005361,4.5,1072.0,0.9,26.5,0.49,-60.0,-53.2,24.7,35.0,-99.7,7.4,1.0,105.0,0
D005362,5.1,1180.0,1.16,25.5,0.45,-65.3,-50.7,23.5,39.0,-96.0,7.1,1.0,131.0,1
D005363,4.9,1166.0,1.2,28.0,0.41,-65.8,-49.0,24.4,40.0,,15.5,1.0,122.0,0
D005364,4.6,1210.0,1.0,31.0,0.53,-64.4,,23.1,41.0,,8.3,1.0,134.0,1
D005365,4.7,1264.0,1.41,25.5,0.63,-66.5,-52.1,28.7,45.0,-92.3,1.1,0.0,125.0,0
D005366,4.4,1267.0,1.08,31.0,0.46,-65.2,-49.4,24.0,45.0,,9.8,0.0,131.0,1
D005367,4.2,1241.0,1.11,28.0,0.49,-63.9,-50.8,22.3,39.0,-95.2,3.7,1.0,120.0,0
D005368,5.1,1102.0,1.24,28.0,0.5,-64.4,-48.9,24.0,49.0,-97.9,11.0,1.0,135.0,0
D005369,5.1,1188.0,1.04,31.0,0.46,-64.4,-48.2,23.5,45.0,-96.6,11.7,1.0,126.0,1
D005370,4.4,1167.0,1.32,29.0,0.44,-65.5,-49.8,21.7,42.0,-96.1,6.0,1.0,137.0,1
D005371,4.9,1177.0,1.06,31.0,0.52,-65.9,-51.1,24.4,48.0,-93.4,12.2,1.0,129.0,1
D005372,4.5,1375.0,1.32,30.0,0.53,-66.2,-45.9,21.5,40.0,-96.0,20.8,1.0,100.0,0
D005373,4.6,1188.0,1.09,27.0,0.44,-64.8,-50.1,23.6,48.0,-95.4,6.0,0.0,,1
D005374,6.2,1142.0,1.5,22.5,0.33,-68.4,-49.1,20.3,45.0,-93.4,,1.0,126.0,0
D005375,4.0,1045.0,0.9,35.0,0.69,,-50.1,20.5,30.0,-92.1,9.7,0.0,115.0,0
D005376,6.4,1238.0,1.57,22.0,0.48,-61.8,-52.4,26.2,37.0,-93.9,10.2,0.0,110.0,0
D005377,3.7,1188.0,1.11,23.0,0.45,-61.1,-52.4,26.0,37.0,-96.8,16.3,1.0,125.0,1
D005378,4.6,1169.0,1.09,29.5,0.54,-64.3,-52.7,24.3,47.0,-93.6,6.5,0.0,127.0,1
D005379,6.9,1316.0,0.92,24.0,0.61,,-49.4,25.7,37.0,-95.1,11.1,1.0,103.0,1
D005380,4.2,1192.0,1.17,30.5,0.5,-64.2,-49.8,23.3,42.0,-94.7,12.8,0.0,126.0,1
D005381,4.8,1146.0,1.04,28.0,0.44,-66.8,-51.6,24.6,41.0,-94.6,7.5,0.0,131.0,1
D005382,3.7,1170.0,1.16,28.0,0.45,-65.7,-49.3,25.4,40.0,-95.8,7.0,1.0,128.0,0
D005383,4.4,1178.0,1.22,32.5,0.4,-66.3,-50.7,23.6,42.0,-94.7,7.4,0.0,137.0,1
D005384,4.8,1247.0,1.06,25.5,0.51,-65.6,-49.2,25.2,42.0,-95.3,11.5,1.0,127.0,0
D005385,6.4,1338.0,1.4,36.0,0.42,-63.7,-45.9,26.3,47.0,-99.4,3.2,1.0,,1
D005386,5.1,1154.0,0.93,29.0,0.43,-65.9,-48.0,20.8,41.0,-100.0,0.6,1.0,110.0,1
D005387,5.2,1212.0,0.98,26.0,0.42,-65.7,-51.0,25.4,47.0,-96.8,7.8,1.0,128.0,1
D005388,5.1,1101.0,1.06,31.5,0.48,-64.9,-50.8,23.2,41.0,-94.9,11.1,1.0,131.0,1
D005389,5.0,1170.0,1.13,32.0,0.44,-65.0,-49.7,24.3,39.0,-93.9,9.2,1.0,126.0,1
D005390,5.3,1120.0,1.17,30.0,0.47,-65.9,-48.0,23.9,42.0,-94.7,6.6,0.0,136.0,1
D005391,,1141.0,1.08,25.0,0.55,-64.8,-50.9,23.7,52.0,-97.4,10.1,0.0,126.0,1
D005392,4.5,1152.0,1.11,25.5,0.5,-65.6,-51.0,24.2,44.0,-96.7,6.5,1.0,122.0,0
D005393,4.6,1253.0,1.05,25.0,0.44,-65.3,-51.0,24.1,45.0,-94.1,8.3,1.0,130.0,1
D005394,6.6,1078.0,1.28,33.5,0.66,-63.8,-50.9,26.7,33.0,-90.1,6.1,1.0,143.0,1
D005395,4.5,1251.0,1.07,25.5,0.52,-63.3,-50.4,24.3,41.0,-97.4,12.9,0.0,120.0,1
D005396,,1226.0,1.09,29.5,0.53,-65.5,-49.5,22.9,45.0,-92.7,9.2,0.0,125.0,1
D005397,6.4,1125.0,1.12,20.5,0.58,-63.2,-48.6,27.2,56.0,-92.6,8.4,0.0,147.0,0
D005398,5.0,1175.0,1.01,30.0,0.47,-65.0,-51.2,25.2,46.0,-95.4,7.6,0.0,125.0,1
D005399,5.0,1219.0,1.28,29.5,0.47,-63.9,-52.2,24.0,45.0,-96.0,7.4,1.0,131.0,1
D005400,5.1,1143.0,1.24,30.0,0.41,-65.2,-48.9,24.4,45.0,-95.4,1.3,1.0,126.0,1
D005401,5.9,1255.0,0.95,29.0,0.56,-66.0,-50.6,23.3,43.0,-96.5,9.9,0.0,127.0,1
D005402,,1305.0,1.3,34.0,0.3,-69.7,-50.4,27.7,39.0,-99.3,17.0,1.0,138.0,0
D005403,4.5,1143.0,1.12,29.0,0.5,-66.2,-50.3,24.8,45.0,-96.3,5.9,0.0,140.0,1
D005404,5.3,1144.0,1.1,33.5,0.45,-67.9,-50.6,24.4,45.0,-95.0,6.9,1.0,130.0,1
D005405,4.6,1193.0,1.1,27.5,0.46,-64.3,-48.9,,43.0,-95.4,13.6,1.0,128.0,0
D005406,4.8,1150.0,,28.0,0.51,-65.6,-48.1,23.2,42.0,-95.7,9.1,0.0,129.0,1
D005407,4.7,1141.0,1.08,27.5,0.44,-65.4,-49.2,23.3,43.0,-96.8,9.2,,134.0,1
D005408,6.0,1212.0,0.88,35.5,0.51,-66.0,-54.3,29.3,43.0,-95.7,1.1,1.0,105.0,1
D005409,3.1,1210.0,1.43,25.0,0.57,-60.6,-48.5,22.1,57.0,,10.4,0.0,137.0,0
D005410,5.4,1194.0,1.0,29.5,0.46,-66.3,-51.5,24.0,35.0,-94.1,4.3,0.0,128.0,1
D005411,4.8,1193.0,1.15,30.0,0.49,-65.2,-50.7,23.6,44.0,-95.3,10.0,1.0,136.0,1
D005412,4.8,1173.0,1.06,31.0,0.45,-64.5,-50.0,23.2,44.0,-95.6,10.5,0.0,127.0,1
D005413,4.3,1196.0,1.1,30.5,0.5,-65.8,-47.9,23.2,41.0,-94.8,7.1,1.0,123.0,1
D005414,4.9,1274.0,1.09,29.5,0.52,-66.4,-50.8,23.7,39.0,-95.0,5.4,1.0,130.0,1
D005415,4.4,1035.0,1.46,38.0,0.41,,-48.7,24.2,45.0,-93.4,3.4,,140.0,1
D005416,4.6,1230.0,1.08,29.0,0.49,-64.3,-49.5,23.1,39.0,-94.6,7.8,1.0,128.0,1
D005417,4.8,1147.0,1.16,31.0,0.52,-67.1,-48.8,24.6,44.0,-93.9,8.6,1.0,134.0,1
D005418,4.6,1164.0,1.05,27.5,0.52,-67.2,-50.0,22.6,44.0,-94.7,6.9,1.0,120.0,0
D005419,4.2,1188.0,1.18,27.5,0.36,-64.6,-49.8,23.0,40.0,-94.8,7.2,1.0,120.0,0
D005420,4.7,1171.0,1.15,32.5,0.48,,-49.3,23.4,47.0,-97.0,10.0,1.0,135.0,1
D005421,4.7,1288.0,1.07,25.5,0.52,-66.1,-50.1,24.6,44.0,-97.4,8.8,0.0,130.0,1
D005422,6.0,1068.0,1.59,34.0,0.66,-66.4,-52.4,24.9,53.0,-97.4,1.6,0.0,108.0,1
D005423,4.7,1120.0,1.14,32.0,0.49,-65.8,-51.6,24.4,39.0,-95.7,13.2,1.0,136.0,1
D005424,4.9,1214.0,1.05,26.5,0.51,-66.2,-51.1,24.6,44.0,-95.4,5.9,0.0,134.0,1
D005425,5.4,1151.0,1.12,27.0,0.57,-63.7,-49.5,23.7,42.0,-94.4,5.4,1.0,131.0,0
D005426,6.8,1111.0,0.84,24.5,0.38,-61.7,-49.5,25.8,32.0,-97.2,23.5,1.0,104.0,1
D005427,5.1,1225.0,1.03,31.5,0.45,-67.1,-49.2,22.5,45.0,-95.3,9.4,,133.0,1
D005428,5.1,1222.0,1.08,28.0,0.47,-64.8,-50.7,23.3,45.0,-95.1,9.8,0.0,135.0,1
D005429,4.5,,1.19,30.5,0.45,-65.0,-51.4,23.8,37.0,-96.1,7.9,0.0,129.0,1
D005430,5.3,1127.0,1.0,28.0,0.53,-65.0,-50.4,22.6,39.0,-96.2,7.9,0.0,126.0,1
D005431,5.1,1227.0,1.12,27.0,0.48,-65.9,-48.3,24.3,43.0,-96.4,13.0,1.0,129.0,0
D005432,3.7,1021.0,1.47,20.5,0.59,-61.4,-53.5,22.7,43.0,-94.3,1.0,0.0,137.0,0
D005433,3.9,1201.0,1.04,27.5,0.46,-66.7,-49.6,25.2,49.0,-97.7,10.8,1.0,130.0,0
D005434,4.1,1199.0,1.2,30.5,0.52,-65.5,-49.6,23.4,47.0,-95.7,7.9,0.0,123.0,1
D005435,4.5,1243.0,1.11,28.5,0.49,-65.5,-49.5,,39.0,-95.2,7.8,1.0,129.0,1
D005436,4.5,1222.0,,31.0,0.45,-64.6,-51.7,22.5,43.0,-95.7,7.5,1.0,131.0,1
D005437,4.7,1101.0,1.18,30.0,0.53,-66.5,-52.0,23.9,42.0,-96.0,10.7,1.0,130.0,1
D005438,6.7,1209.0,0.86,37.5,0.41,-61.4,-52.5,28.0,38.0,-97.0,11.7,0.0,124.0,1
D005439,4.3,1121.0,1.17,31.0,0.53,-66.8,-49.5,25.2,,-97.1,8.2,1.0,130.0,1
D005440,5.1,1210.0,1.13,23.5,0.51,-65.8,-49.0,23.6,40.0,-95.0,10.1,1.0,129.0,1
D005441,6.8,1285.0,1.47,23.5,0.57,-60.7,-47.4,25.6,51.0,-98.1,4.5,1.0,148.0,1
D005442,4.7,1123.0,1.39,26.0,0.7,-61.6,-47.3,20.8,44.0,-92.4,20.4,1.0,107.0,0
D005443,4.9,1234.0,1.13,31.0,0.48,-65.3,-50.3,24.2,39.0,-95.4,9.9,1.0,126.0,1
D005444,5.1,1299.0,0.93,35.0,0.44,-61.4,-52.0,24.4,34.0,-94.9,17.7,1.0,111.0,1
D005445,4.8,1170.0,1.04,27.5,0.43,-66.1,-47.1,23.1,45.0,-95.6,4.7,0.0,128.0,1
D005446,5.1,1218.0,1.01,27.0,0.48,-65.1,-49.8,23.5,39.0,-95.3,12.8,0.0,127.0,1
D005447,4.2,1137.0,1.1,29.5,0.5,-67.8,-50.6,21.5,45.0,-95.5,9.8,1.0,127.0,1
D005448,4.2,1240.0,1.11,29.5,0.48,-66.6,-49.6,23.0,43.0,-94.2,11.2,0.0,129.0,1
D005449,5.1,1343.0,1.46,27.0,0.39,-67.5,-45.4,21.3,54.0,-90.9,21.1,0.0,113.0,0
D005450,4.4,1366.0,0.83,38.0,0.67,-63.8,-51.8,24.6,55.0,-95.1,19.2,1.0,104.0,0
D005451,5.0,1295.0,0.85,36.0,0.41,-64.7,-47.6,20.3,54.0,-92.1,19.2,1.0,105.0,0
D005452,4.9,1196.0,1.02,29.5,0.47,-66.3,-50.4,24.6,47.0,-94.5,10.7,0.0,131.0,1
D005453,4.2,1205.0,1.02,26.5,0.47,-67.4,-49.6,24.6,42.0,-99.1,6.7,0.0,129.0,1
D005454,3.4,1174.0,1.17,29.0,0.41,-67.0,-50.7,23.9,50.0,-95.5,8.4,0.0,121.0,0
D005455,3.2,1334.0,1.28,37.5,0.36,-64.0,-54.5,29.1,59.0,-92.4,12.4,1.0,133.0,0
D005456,4.6,1139.0,1.13,26.5,0.42,-64.4,-48.8,23.5,43.0,-96.2,8.4,1.0,132.0,1
D005457,4.6,1243.0,1.12,31.5,0.53,-64.5,-50.1,24.4,45.0,-96.0,11.0,0.0,128.0,1
D005458,4.2,1376.0,1.05,,0.36,-62.2,-47.9,27.9,44.0,-91.5,20.8,0.0,115.0,0
D005459,6.2,1116.0,1.59,31.5,0.66,-65.0,-49.5,26.0,52.0,-94.8,9.4,0.0,101.0,0
D005460,3.7,1144.0,0.83,20.5,0.41,-68.1,-46.0,27.6,43.0,-96.4,7.2,1.0,106.0,0
D005461,4.7,1109.0,1.23,29.5,0.48,-63.5,-48.8,24.6,46.0,-94.3,3.2,0.0,127.0,1
D005462,4.9,1172.0,0.99,28.5,0.48,-65.1,-49.0,23.0,43.0,-96.9,9.3,1.0,133.0,1
D005463,5.8,1047.0,1.16,26.5,0.64,,-45.5,28.8,60.0,-97.3,8.6,0.0,132.0,0
D005464,3.3,1033.0,0.92,28.0,0.63,-61.0,-50.9,25.3,42.0,-99.9,21.0,1.0,114.0,0
D005465,3.6,1025.0,1.33,38.5,0.67,-64.5,-52.3,23.2,40.0,-93.1,20.4,1.0,143.0,0
D005466,4.3,1191.0,1.1,29.5,0.46,-65.5,-50.3,24.7,46.0,-96.2,11.3,1.0,126.0,0
D005467,6.2,1115.0,1.58,25.0,0.69,-62.1,-49.5,,41.0,-98.2,19.7,0.0,111.0,0
D005468,4.1,1208.0,1.08,31.5,0.46,-65.2,-50.3,25.5,45.0,-95.9,8.8,0.0,137.0,1
D005469,5.1,1128.0,1.05,24.0,0.5,-65.2,-49.9,26.7,38.0,-95.1,6.8,0.0,129.0,1
D005470,4.8,1161.0,0.93,32.5,0.46,-67.1,-50.6,23.8,45.0,-96.8,11.7,0.0,127.0,1
D005471,4.1,1194.0,1.18,31.5,0.53,-65.8,-51.7,24.8,51.0,-95.4,6.3,1.0,127.0,0
D005472,5.1,1232.0,1.02,28.5,0.48,-65.6,-50.6,23.7,49.0,-96.0,5.0,0.0,130.0,1
D005473,5.3,1007.0,1.06,28.0,0.59,-61.5,-50.9,23.1,33.0,,19.8,,106.0,0
D005474,5.4,1201.0,1.14,29.5,0.45,-65.3,-49.0,24.5,37.0,-96.4,8.2,1.0,126.0,1
D005475,4.6,1215.0,1.07,28.5,0.48,-65.4,-49.3,22.4,46.0,-96.0,6.6,0.0,122.0,1
D005476,3.5,1227.0,1.48,31.0,0.38,-60.1,-50.4,27.3,32.0,-98.0,5.5,0.0,131.0,0
D005477,5.2,1161.0,1.2,32.0,0.43,-65.2,-51.9,23.8,44.0,-94.1,11.4,1.0,129.0,0
D005478,5.4,1167.0,1.15,27.5,0.55,-65.9,-49.9,24.5,42.0,-97.1,12.4,0.0,121.0,0
D005479,6.2,1150.0,1.11,22.0,0.41,-60.4,-48.9,29.9,33.0,-96.1,21.8,0.0,144.0,0
D005480,3.7,1244.0,1.15,23.5,0.65,-67.4,-55.0,28.0,42.0,-97.7,2.3,1.0,148.0,0
D005481,3.4,1204.0,1.23,26.5,0.54,-69.7,-47.1,23.8,57.0,-92.8,,0.0,117.0,0
D005482,4.8,1131.0,1.42,33.0,0.65,-69.3,-54.9,27.4,58.0,-91.8,1.9,0.0,138.0,1
D005483,4.4,1170.0,1.04,25.5,0.6,-65.6,-48.9,24.4,46.0,-96.6,7.0,1.0,139.0,0
D005484,4.5,1091.0,1.2,26.5,0.52,-64.7,-49.3,24.1,45.0,-95.0,6.2,1.0,124.0,0
D005485,6.1,1233.0,0.84,27.5,0.34,-62.6,-54.3,25.2,33.0,-98.7,11.4,0.0,119.0,1
D005486,5.2,1132.0,1.13,29.5,0.45,-63.7,-49.3,,42.0,-94.4,8.3,0.0,122.0,1
D005487,3.1,1073.0,1.35,38.0,0.33,-68.8,-45.5,26.5,39.0,-94.1,1.9,1.0,106.0,0
D005488,5.5,1090.0,1.07,38.0,0.6,-69.8,-54.4,20.5,37.0,-95.5,12.1,1.0,150.0,1
D005489,5.0,1168.0,1.01,29.5,0.51,-65.4,-49.9,21.9,42.0,-95.5,10.1,1.0,130.0,1
D005490,5.1,1245.0,1.16,22.0,0.4,-68.1,-47.2,21.8,49.0,-97.1,5.3,0.0,106.0,0
D005491,3.0,1399.0,1.07,27.5,0.54,-68.8,-47.8,26.9,46.0,-94.0,18.9,0.0,100.0,0
D005492,7.0,1249.0,,21.5,0.68,-69.6,-51.1,28.2,57.0,-91.1,23.4,0.0,117.0,0
D005493,5.1,1152.0,1.14,28.5,0.47,-64.3,-49.7,22.1,40.0,-95.3,5.1,0.0,127.0,1
D005494,3.3,1059.0,0.89,24.0,0.67,-69.8,-46.9,25.6,38.0,-93.0,23.7,1.0,115.0,0
D005495,5.4,1183.0,1.04,33.5,0.52,,-50.0,25.5,41.0,-94.5,5.3,1.0,132.0,1
D005496,4.4,1184.0,1.11,30.0,0.51,-65.0,-52.5,25.5,48.0,-96.2,8.0,1.0,133.0,1
D005497,3.5,1250.0,1.59,35.5,0.66,-63.6,-49.7,29.3,34.0,-98.5,15.6,0.0,142.0,0
D005498,6.3,1140.0,,31.0,0.66,-69.8,-46.4,26.1,51.0,-97.5,2.6,0.0,131.0,1
D005499,4.4,1162.0,1.11,29.0,0.5,-65.9,-47.7,22.0,40.0,-97.0,9.1,1.0,137.0,0
D005500,3.5,1121.0,1.08,34.5,0.59,-61.1,-46.0,23.1,58.0,-95.3,16.4,1.0,150.0,0
D005501,4.0,1124.0,1.3,,0.36,-60.9,-52.9,24.7,36.0,-90.0,1.8,1.0,118.0,0
D005502,4.8,1116.0,0.92,37.0,0.58,-61.7,-49.0,24.4,32.0,-91.2,11.5,1.0,144.0,1
D005503,4.1,1084.0,0.83,37.0,0.54,-62.7,-48.7,21.9,33.0,-92.9,4.7,1.0,132.0,1
D005504,3.7,1189.0,1.16,29.5,0.36,-65.0,-47.8,22.6,40.0,-96.5,9.9,1.0,126.0,0
D005505,5.3,1218.0,0.97,30.0,0.52,-64.8,-50.0,24.6,47.0,-95.0,9.2,1.0,126.0,1
D005506,4.3,1161.0,0.92,32.5,0.51,-65.4,-49.7,23.7,46.0,-94.5,6.1,0.0,129.0,1
D005507,3.2,1257.0,1.48,22.5,0.5,-65.8,-48.2,27.3,38.0,-99.5,13.9,0.0,103.0,0
D005508,4.3,1192.0,1.01,29.0,,-64.9,-48.3,22.9,43.0,-96.0,10.9,1.0,135.0,0
D005509,4.1,1154.0,1.05,28.5,0.49,-62.9,-49.2,24.4,47.0,-95.1,6.0,1.0,133.0,0
D005510,5.2,1331.0,1.01,28.0,0.58,-65.3,-53.4,29.5,45.0,-96.2,23.5,1.0,131.0,0
D005511,5.9,1049.0,1.59,20.5,0.52,-65.1,-54.9,25.6,59.0,-97.2,12.9,0.0,121.0,0
D005512,6.0,1171.0,1.21,25.0,0.7,-65.5,-49.6,22.8,39.0,-95.5,10.7,0.0,147.0,0
D005513,4.9,1218.0,1.2,28.0,0.47,-65.8,-50.2,24.7,,-95.2,13.6,0.0,130.0,1
D005514,5.7,1207.0,1.19,29.5,0.41,-65.9,-50.7,23.0,50.0,-95.8,9.1,1.0,126.0,1
D005515,4.8,1120.0,1.09,32.0,0.45,-66.2,-48.7,22.9,45.0,,11.9,0.0,130.0,1
D005516,4.1,1133.0,1.05,30.0,0.5,-65.9,-49.5,24.0,44.0,-96.6,7.6,1.0,133.0,1
D005517,4.3,1204.0,0.92,21.5,0.51,-66.0,-47.8,20.0,34.0,-96.2,23.9,1.0,120.0,0
D005518,6.8,1349.0,1.0,22.0,0.68,-68.8,-46.6,25.7,36.0,-93.9,3.8,1.0,115.0,1
D005519,4.9,1174.0,1.18,28.0,0.52,-66.2,,23.3,49.0,,9.4,0.0,126.0,1
D005520,5.3,1138.0,0.97,28.0,0.43,-65.0,-51.9,24.1,46.0,,4.4,1.0,131.0,1
D005521,4.3,1276.0,1.06,26.0,0.48,-66.2,-50.7,24.9,45.0,-94.3,6.3,0.0,129.0,1
D005522,4.9,1224.0,1.04,27.5,0.49,-65.3,-51.1,24.9,45.0,-96.0,13.4,1.0,139.0,1
D005523,4.8,1251.0,1.1,27.5,0.49,-66.5,-50.2,24.4,49.0,-96.2,13.9,1.0,133.0,0
D005524,6.3,1394.0,1.06,29.5,0.53,-65.6,-51.0,23.4,38.0,-96.4,5.8,0.0,110.0,1
D005525,5.7,1199.0,1.05,29.5,0.51,-64.9,-50.6,25.2,46.0,-95.7,9.8,1.0,131.0,1
D005526,4.8,1212.0,1.04,30.5,0.47,-66.4,-50.6,21.7,48.0,-98.0,10.9,0.0,122.0,1
D005527,4.2,1001.0,1.43,27.5,0.42,-68.9,-49.1,26.0,43.0,-90.4,2.2,1.0,101.0,0
D005528,3.9,1204.0,1.17,29.0,0.39,-65.7,-50.7,23.8,46.0,-94.4,10.0,0.0,128.0,1
D005529,4.6,1144.0,1.14,28.5,0.49,-66.1,-51.9,23.6,44.0,-95.7,7.3,0.0,128.0,1
D005530,4.7,1255.0,1.57,24.5,0.57,-61.0,-48.4,23.6,52.0,-98.0,20.1,0.0,121.0,0
D005531,4.2,1229.0,1.23,27.0,0.49,-62.7,-48.6,24.7,47.0,-95.8,8.5,1.0,137.0,0
D005532,4.6,1175.0,1.1,30.0,0.47,,-50.7,23.4,40.0,-93.3,9.1,0.0,124.0,1
D005533,5.2,1202.0,1.01,24.5,0.48,-66.0,-50.2,22.6,41.0,-97.4,10.4,0.0,127.0,1
D005534,4.8,1185.0,1.04,30.0,0.47,-65.1,-49.9,25.3,47.0,-95.9,7.2,1.0,130.0,1
D005535,5.6,1212.0,1.15,30.5,0.46,-63.4,-50.6,23.1,40.0,-94.3,8.8,0.0,133.0,1
D005536,5.0,1225.0,1.26,24.5,0.65,-69.7,-50.8,24.8,54.0,-96.9,22.5,0.0,113.0,0
D005537,5.2,1259.0,1.09,27.5,0.48,-65.2,-51.4,24.2,38.0,-94.5,9.7,0.0,125.0,1
D005538,3.6,1216.0,1.09,25.5,0.44,-65.8,-49.2,23.3,36.0,-95.8,10.3,0.0,128.0,0
D005539,4.6,1197.0,1.18,28.0,0.43,-65.7,-50.5,24.9,46.0,-96.5,11.6,0.0,130.0,1
D005540,5.3,1174.0,1.08,26.5,0.5,-65.4,-49.8,25.3,43.0,-96.3,9.9,0.0,126.0,1
D005541,5.3,1184.0,1.01,31.5,0.49,-65.5,-50.8,25.8,39.0,-96.4,11.5,0.0,122.0,1
D005542,,1042.0,1.55,29.0,0.58,-62.8,-48.3,22.0,36.0,-99.8,14.1,1.0,132.0,0
D005543,4.6,1186.0,1.17,28.0,0.47,-66.0,-49.6,25.8,46.0,-95.5,6.4,0.0,121.0,1
D005544,6.3,1017.0,1.53,40.0,0.61,-63.5,-48.8,23.9,57.0,-97.8,13.9,0.0,134.0,1
D005545,5.5,1244.0,1.2,30.5,0.46,-66.1,-48.8,24.0,42.0,-96.8,8.9,0.0,124.0,1
D005546,4.9,1249.0,1.1,31.0,0.51,-65.8,-48.3,24.7,41.0,-95.4,7.3,0.0,140.0,1
D005547,6.3,1309.0,1.01,21.5,0.42,-65.8,-48.6,27.9,38.0,-96.5,12.8,1.0,125.0,0
D005548,5.0,1212.0,1.21,31.5,0.54,-65.8,-49.4,22.8,39.0,-95.8,10.2,0.0,139.0,1
D005549,4.6,1128.0,1.15,32.0,0.44,-65.2,-49.2,23.4,39.0,-93.8,8.5,0.0,123.0,1
D005550,3.3,1174.0,0.83,35.5,0.55,-67.7,-54.2,20.6,,-93.5,15.8,1.0,132.0,1
D005551,4.9,1166.0,1.16,24.5,0.47,-65.6,-51.6,23.2,46.0,-95.8,5.6,0.0,124.0,1
D005552,4.6,1339.0,0.83,36.5,0.38,-62.6,-46.0,21.5,34.0,-94.2,20.6,0.0,123.0,0
D005553,5.5,1034.0,1.03,37.5,0.42,-69.4,-53.7,25.4,35.0,-92.8,1.0,1.0,132.0,1
D005554,4.6,1121.0,1.1,28.0,0.57,-64.3,-49.5,25.6,43.0,-95.0,8.3,1.0,136.0,0
D005555,4.3,1208.0,1.2,27.0,0.42,,-50.1,23.8,44.0,-94.0,10.8,0.0,128.0,0
D005556,5.1,1179.0,1.03,32.0,0.53,-65.9,-49.3,24.3,49.0,-95.8,5.6,1.0,130.0,1
D005557,4.7,1196.0,0.93,27.0,0.46,-65.2,-48.6,23.5,48.0,-94.8,,1.0,129.0,1
D005558,5.0,1158.0,1.12,29.0,0.5,-63.6,-49.8,26.0,45.0,-95.4,8.4,1.0,124.0,1
D005559,4.8,1266.0,1.42,35.5,0.64,-63.0,-53.8,23.8,32.0,-90.0,12.3,1.0,111.0,0
D005560,4.6,1147.0,1.16,28.5,0.53,-65.3,-49.4,24.8,41.0,-94.3,6.3,0.0,121.0,1
D005561,4.2,1149.0,1.17,,0.42,-65.9,-49.1,24.4,42.0,-96.3,9.6,1.0,131.0,1
D005562,5.0,1189.0,1.13,,0.44,-65.2,-50.2,26.1,44.0,-94.8,11.6,0.0,121.0,1
D005563,5.2,1199.0,1.02,28.0,0.49,-65.7,-50.3,25.5,42.0,-95.2,7.8,0.0,129.0,1
D005564,5.6,1129.0,1.14,28.5,0.48,-64.5,-49.3,22.1,45.0,-96.8,6.5,1.0,128.0,1
D005565,5.1,1201.0,1.06,29.5,0.47,-64.8,-51.4,23.9,41.0,-93.9,9.6,1.0,125.0,1
D005566,5.0,1184.0,1.07,28.0,0.44,-66.9,-49.7,24.4,44.0,-94.9,4.7,1.0,126.0,1
D005567,4.3,1255.0,1.13,31.5,0.51,-65.8,-49.7,23.4,48.0,-94.6,6.0,1.0,126.0,1
D005568,5.5,1378.0,1.22,30.5,0.56,-62.7,-53.9,25.3,35.0,-91.6,5.4,1.0,137.0,1
D005569,4.0,1198.0,1.6,20.0,0.42,-66.8,-46.0,21.6,48.0,-98.7,9.8,1.0,140.0,0
D005570,6.0,1042.0,1.16,38.5,0.37,-63.2,,22.6,36.0,,12.6,0.0,124.0,1
D005571,4.2,,1.13,28.0,0.49,-65.3,,22.9,49.0,-94.1,8.2,0.0,126.0,1
D005572,5.0,1237.0,1.15,30.0,0.46,-66.3,-49.0,25.1,43.0,-97.7,8.4,0.0,129.0,1
D005573,5.0,1278.0,1.24,24.5,0.45,-64.8,-49.3,24.0,50.0,-96.5,10.4,1.0,126.0,0
D005574,6.1,1359.0,1.16,24.0,0.51,-68.7,-54.4,27.3,58.0,-90.2,14.3,0.0,119.0,1
D005575,4.6,1190.0,1.14,30.0,0.43,-62.9,-49.9,25.6,43.0,-96.4,11.5,1.0,127.0,0
D005576,4.6,1225.0,0.92,29.0,0.45,-66.8,-50.3,24.5,47.0,-95.1,7.8,1.0,129.0,1
D005577,4.7,1203.0,0.99,29.0,0.51,-64.7,-50.7,23.7,42.0,-94.4,14.6,1.0,113.0,1
D005578,5.0,1221.0,0.96,30.0,0.42,-64.3,-48.1,23.4,44.0,-93.8,6.6,1.0,131.0,1
D005579,5.2,1242.0,1.02,32.0,0.47,-66.9,-52.4,23.2,45.0,-95.4,5.7,1.0,134.0,1
D005580,4.1,1176.0,1.51,21.0,0.62,-65.0,-50.5,26.7,58.0,-93.2,23.7,0.0,103.0,0
D005581,4.4,1211.0,0.99,31.5,0.38,-63.7,-49.1,24.0,44.0,-94.8,10.3,0.0,133.0,0
D005582,5.1,1204.0,1.17,29.5,0.48,-64.8,-49.8,23.0,45.0,-97.4,4.8,0.0,129.0,1
D005583,5.8,1250.0,1.22,32.5,0.61,,-51.1,26.0,41.0,-91.8,1.8,0.0,100.0,1
D005584,,1322.0,1.05,29.0,0.5,-61.3,-50.3,22.7,53.0,-93.4,8.7,0.0,150.0,1
D005585,6.5,1184.0,1.4,31.0,0.53,-62.4,-47.5,28.6,50.0,-90.2,12.8,1.0,114.0,0
D005586,5.9,1264.0,0.93,28.0,0.48,-67.8,-51.8,22.3,40.0,-93.6,21.7,1.0,117.0,1
D005587,4.9,1180.0,1.1,25.5,0.51,-66.0,-50.6,24.5,43.0,-94.8,10.1,0.0,124.0,1
D005588,4.6,1137.0,1.09,28.5,0.45,-66.3,-49.3,24.2,39.0,-94.8,9.9,0.0,130.0,1
D005589,4.6,1197.0,1.13,31.5,0.51,-65.0,-48.4,23.9,45.0,,15.1,1.0,136.0,1
D005590,5.4,1179.0,1.07,27.5,0.5,-65.0,-51.5,23.8,48.0,-94.6,7.9,1.0,132.0,1
D005591,4.5,1046.0,1.35,23.5,0.39,-60.4,-54.4,29.0,48.0,-93.6,7.5,0.0,149.0,0
D005592,5.6,1158.0,1.0,29.0,0.37,-64.2,-46.9,27.3,47.0,-92.5,3.8,0.0,122.0,0
D005593,5.0,1225.0,1.11,28.5,0.46,-66.5,-51.1,23.1,47.0,-95.1,5.9,0.0,131.0,1
D005594,6.5,1070.0,1.35,24.5,0.65,-64.7,,20.8,46.0,-91.6,5.1,1.0,144.0,1
D005595,5.2,1223.0,1.0,26.0,0.45,-65.1,-50.7,22.5,44.0,,8.9,0.0,131.0,1
D005596,4.6,1145.0,1.08,30.0,0.41,-63.9,-50.1,25.2,43.0,-95.7,6.2,1.0,131.0,1
D005597,6.2,1302.0,1.52,22.5,0.64,-69.7,-50.3,21.6,,-92.1,13.1,1.0,122.0,0
D005598,4.4,,1.02,30.0,0.49,-66.8,-50.6,24.0,48.0,-95.0,11.2,1.0,132.0,1
D005599,4.4,1248.0,1.03,39.0,0.67,-60.7,-53.4,26.9,48.0,-98.0,5.0,1.0,120.0,0
D005600,4.5,1223.0,1.03,29.5,0.46,-66.4,-49.3,23.8,42.0,-95.0,7.0,0.0,128.0,1
D005601,5.2,1216.0,1.1,27.5,0.5,-64.1,-49.0,23.5,46.0,-95.9,6.9,0.0,128.0,1
D005602,5.2,1235.0,1.09,28.5,0.5,,-50.2,25.8,47.0,-96.3,7.3,0.0,124.0,0
D005603,5.4,1252.0,1.42,32.0,0.45,-60.5,-47.0,22.1,51.0,-90.1,1.9,1.0,112.0,0
D005604,5.3,1194.0,1.12,30.5,0.45,-68.4,-50.3,24.1,45.0,-97.5,8.7,1.0,126.0,1
D005605,5.2,1137.0,1.18,,0.51,-63.9,-48.9,23.0,44.0,-95.4,9.3,1.0,122.0,0
D005606,6.8,1080.0,1.58,33.0,0.58,-66.6,-52.4,28.5,40.0,-97.2,1.3,0.0,117.0,0
D005607,4.0,1343.0,0.82,27.5,0.65,-69.7,-53.7,24.1,35.0,-92.5,10.1,1.0,128.0,1
D005608,4.6,1173.0,1.14,31.0,0.5,-66.4,-48.3,23.4,40.0,-96.2,11.4,0.0,134.0,1
D005609,5.1,1222.0,1.22,33.5,0.45,-65.3,-51.4,23.7,48.0,-94.8,10.1,0.0,135.0,1
D005610,4.1,1040.0,1.31,27.5,0.48,-67.3,-50.2,20.5,,-91.6,17.5,1.0,125.0,0
D005611,4.5,1090.0,0.94,33.5,0.44,-65.6,-47.7,28.1,31.0,-90.2,19.6,0.0,132.0,0
D005612,4.9,1086.0,1.0,26.5,0.49,-66.0,-50.7,25.7,44.0,-94.2,16.1,0.0,123.0,1
D005613,4.8,1179.0,1.16,31.0,0.51,-64.9,-49.3,23.4,48.0,-97.8,6.1,1.0,129.0,1
D005614,4.6,1225.0,1.12,30.0,0.44,-65.0,-49.1,25.4,38.0,-95.6,13.7,1.0,126.0,0
D005615,4.7,1117.0,1.04,39.0,0.31,-67.9,-52.1,22.9,30.0,-90.9,4.1,0.0,110.0,1
D005616,3.4,1003.0,1.35,28.0,0.33,-61.9,-47.4,24.3,52.0,-95.1,10.4,0.0,114.0,0
D005617,5.1,1126.0,1.16,29.0,0.5,-64.3,-50.4,23.6,49.0,-92.7,5.7,1.0,,1
D005618,4.3,1124.0,1.19,32.0,0.44,-64.6,-49.7,22.7,46.0,-96.7,,1.0,125.0,1
D005619,6.1,1175.0,1.59,24.0,0.37,-65.8,-52.6,25.0,40.0,-90.9,19.2,0.0,105.0,0
D005620,4.7,1214.0,1.13,30.0,0.48,-65.1,-50.1,25.3,43.0,-96.7,10.0,1.0,128.0,1
D005621,6.0,1234.0,1.6,26.0,0.67,-65.8,-47.2,29.8,50.0,-92.4,18.8,1.0,149.0,0
D005622,4.9,1225.0,1.27,27.0,0.45,-65.4,-50.5,25.5,43.0,-96.9,7.6,0.0,127.0,1
D005623,6.9,1117.0,1.17,26.0,0.33,-66.4,-48.8,25.7,44.0,-97.2,12.0,0.0,146.0,1
D005624,5.1,1242.0,1.19,29.5,0.41,-64.9,-50.8,26.5,43.0,-93.3,,1.0,123.0,1
D005625,6.9,1214.0,0.83,25.5,0.49,-61.6,-52.9,29.6,59.0,,23.4,0.0,137.0,0
D005626,5.2,1147.0,1.16,29.0,0.5,-64.8,-49.2,23.0,46.0,-95.8,7.6,1.0,132.0,0
D005627,5.5,1276.0,1.52,20.5,0.69,-60.3,-53.9,29.2,50.0,-94.3,15.0,0.0,142.0,0
D005628,4.4,1202.0,1.23,29.5,0.54,-64.5,-50.9,23.8,41.0,-94.8,11.8,1.0,136.0,1
D005629,4.8,1176.0,1.08,30.0,0.51,-65.1,-49.4,23.9,46.0,-95.1,9.8,1.0,140.0,1
D005630,5.6,1208.0,1.14,29.5,0.53,-66.5,-49.9,21.4,39.0,-97.2,8.0,1.0,119.0,1
D005631,4.0,1261.0,1.12,30.5,0.45,-65.2,-50.0,23.8,39.0,-95.9,9.9,0.0,126.0,1
D005632,4.8,1244.0,1.13,27.5,0.47,-62.0,-50.5,24.1,44.0,-93.2,7.8,0.0,127.0,1
D005633,4.7,1197.0,1.14,30.0,0.43,-65.1,-50.4,24.3,47.0,,8.6,1.0,134.0,1
D005634,5.0,1190.0,0.98,29.5,0.45,-65.4,-49.0,24.1,43.0,-95.7,8.3,1.0,130.0,1
D005635,4.4,1196.0,0.97,30.5,0.47,-66.2,-51.8,23.0,43.0,-95.5,8.3,1.0,124.0,1
D005636,4.8,1189.0,1.15,27.0,0.44,-66.2,-49.7,25.1,41.0,-94.4,9.1,1.0,121.0,1
D005637,6.0,1242.0,1.6,25.0,0.58,-61.3,-50.7,26.9,50.0,-96.8,4.1,0.0,134.0,1
D005638,4.5,1225.0,1.1,26.0,0.44,-67.0,-49.9,23.9,45.0,-95.6,12.7,0.0,120.0,0
D005639,4.6,1089.0,1.27,25.0,0.5,-65.2,-49.1,22.8,43.0,-95.5,7.9,1.0,125.0,0
D005640,4.7,1156.0,1.16,29.0,0.47,-64.7,-49.8,23.6,46.0,-94.8,7.4,0.0,127.0,1
D005641,3.4,1217.0,1.51,37.0,0.61,-60.8,-49.1,21.3,53.0,-98.3,11.1,1.0,134.0,0
D005642,5.0,1154.0,1.11,27.5,0.55,-64.3,-48.2,24.3,43.0,-94.3,10.8,1.0,126.0,0
D005643,4.6,1187.0,1.15,28.0,0.46,-66.2,-53.4,22.5,46.0,-93.4,9.3,0.0,124.0,1
D005644,4.7,1185.0,1.12,34.0,0.53,-64.9,-50.3,22.9,47.0,-95.2,9.1,1.0,128.0,1
D005645,4.0,1173.0,1.07,28.0,0.37,-67.3,-53.4,25.1,31.0,-90.3,12.2,0.0,116.0,0
D005646,,1176.0,0.97,28.5,0.49,-64.8,-50.3,23.2,45.0,-96.0,9.5,0.0,124.0,1
D005647,,1131.0,1.14,30.5,0.4,-65.6,-49.1,24.6,43.0,-96.2,4.5,0.0,134.0,1
D005648,4.0,1160.0,1.09,25.0,0.51,-65.2,-50.5,23.7,46.0,-95.5,11.2,1.0,131.0,0
D005649,4.8,1179.0,1.02,29.5,0.45,-67.6,-52.0,24.6,45.0,-97.4,7.0,1.0,134.0,1
D005650,4.7,1180.0,1.16,28.0,0.46,-65.8,,24.3,43.0,-94.6,11.7,0.0,120.0,1
D005651,4.8,1236.0,1.19,29.0,0.47,-65.8,-50.6,24.6,46.0,-94.2,13.5,1.0,132.0,1
D005652,4.7,1244.0,1.23,30.5,0.53,-66.7,-49.2,22.8,48.0,-95.6,9.4,0.0,132.0,1
D005653,3.3,1039.0,0.91,31.0,0.42,-67.5,-50.2,29.9,44.0,-93.4,9.2,0.0,127.0,0
D005654,5.2,1167.0,1.12,29.0,0.47,-67.1,-51.0,23.1,41.0,-95.5,10.8,0.0,125.0,1
D005655,5.5,1171.0,1.05,31.5,0.47,-66.9,-48.7,25.2,46.0,-94.3,11.2,0.0,118.0,1
D005656,5.0,1242.0,1.11,29.5,0.43,-64.4,-49.5,24.5,43.0,-96.0,11.0,0.0,127.0,1
D005657,5.0,1154.0,1.07,29.5,0.53,-67.7,-51.9,26.2,40.0,-95.9,9.1,0.0,133.0,1
D005658,6.7,1085.0,1.5,29.5,0.33,-61.9,-50.2,21.6,41.0,,20.7,0.0,147.0,0
D005659,4.9,1130.0,1.11,30.0,0.57,-64.7,-51.1,24.4,45.0,-96.1,11.4,0.0,135.0,1
D005660,5.3,1231.0,1.16,28.0,0.53,-64.0,-51.5,24.1,43.0,-94.5,4.4,1.0,131.0,1
D005661,5.5,1174.0,1.06,28.5,0.44,-64.8,-50.7,24.9,40.0,-96.8,10.1,1.0,123.0,1
D005662,5.0,1137.0,1.23,27.0,0.51,-64.8,-50.3,24.5,45.0,-95.0,6.8,0.0,131.0,1
D005663,4.4,1173.0,1.01,26.5,0.47,-65.8,-49.1,22.9,43.0,-97.6,11.6,0.0,119.0,1
D005664,5.0,1122.0,1.15,31.5,0.49,-66.4,-50.0,23.4,41.0,-95.6,9.4,0.0,130.0,1
D005665,5.4,1060.0,1.03,39.0,0.34,-62.6,-46.3,27.2,56.0,-92.7,7.1,1.0,134.0,0
D005666,5.1,1260.0,1.11,27.0,0.52,-66.6,-49.7,24.5,45.0,-95.2,10.7,1.0,131.0,1
D005667,5.1,1266.0,1.07,28.0,0.4,-66.3,-50.7,24.1,45.0,-94.1,8.4,1.0,,1
D005668,4.3,1129.0,1.07,25.0,0.4,-67.5,-49.5,25.1,45.0,-95.3,9.7,1.0,132.0,1
D005669,4.9,1124.0,1.08,23.0,0.47,-65.6,-49.9,24.0,42.0,-95.6,8.2,0.0,139.0,1
D005670,5.7,1228.0,0.91,29.5,0.31,-60.7,-54.3,,46.0,-96.5,5.1,1.0,147.0,0
D005671,5.7,1241.0,1.47,25.0,0.61,-62.7,-50.0,24.3,45.0,-90.4,4.8,1.0,133.0,0
D005672,4.9,1160.0,1.19,26.5,0.44,-67.0,-49.4,23.1,41.0,-95.1,5.8,1.0,136.0,1
D005673,4.3,1207.0,1.01,30.0,0.53,-66.8,-49.4,23.6,42.0,-94.8,8.9,0.0,130.0,0
D005674,4.5,1204.0,1.05,29.5,0.55,-65.8,-48.1,24.1,40.0,-94.9,13.0,0.0,122.0,1
D005675,4.4,1349.0,0.89,38.5,0.44,,-50.6,20.2,48.0,-95.6,23.1,1.0,125.0,0
D005676,5.5,1064.0,0.92,30.0,0.42,-62.7,-45.9,22.9,55.0,-97.2,23.6,0.0,117.0,0
D005677,4.6,1145.0,0.97,28.5,0.44,-65.6,-49.7,23.5,44.0,-94.2,8.2,0.0,122.0,1
D005678,4.8,1209.0,1.15,26.5,0.49,-65.2,-49.5,24.5,41.0,-96.2,9.0,1.0,134.0,1
D005679,5.0,1094.0,1.03,31.5,0.48,-66.3,-50.6,24.3,46.0,-95.4,9.3,0.0,134.0,1
D005680,4.3,1241.0,1.14,29.5,0.47,-66.5,-50.4,24.2,45.0,-93.8,10.1,0.0,120.0,1
D005681,4.1,1244.0,1.58,32.5,0.6,-60.2,-53.5,27.8,47.0,-95.2,16.4,0.0,107.0,0
D005682,5.3,1236.0,0.81,33.0,0.68,-66.0,-49.3,25.0,49.0,-99.2,2.1,0.0,133.0,1
D005683,6.6,1141.0,1.43,28.0,0.69,-63.7,-50.7,20.4,40.0,-90.6,4.8,1.0,137.0,1
D005684,4.4,1180.0,1.13,27.5,0.47,-64.4,-50.2,23.2,48.0,-96.0,6.7,0.0,121.0,1
D005685,5.1,1134.0,1.1,31.0,0.45,-66.6,-52.0,23.2,49.0,-95.8,10.5,0.0,135.0,1
D005686,4.8,1118.0,1.19,28.0,0.53,-65.6,-50.5,22.8,45.0,-96.8,10.8,0.0,126.0,1
D005687,3.8,,1.32,34.0,0.47,-65.3,-49.6,22.8,30.0,-91.1,4.1,1.0,103.0,0
D005688,4.8,,1.22,29.0,0.54,-66.9,-50.8,24.1,47.0,-95.7,7.8,0.0,130.0,1
D005689,4.5,1246.0,1.15,34.5,0.44,-64.2,-50.7,23.6,48.0,-94.6,4.3,1.0,122.0,1
D005690,4.6,1244.0,0.97,38.5,0.52,-65.0,-47.4,21.0,42.0,-90.8,18.7,0.0,131.0,1
D005691,4.5,1219.0,0.99,27.5,0.54,-65.2,-50.1,22.2,46.0,-95.9,9.9,1.0,125.0,1
D005692,4.9,1149.0,1.13,32.0,0.44,-64.9,-49.2,24.3,46.0,-95.3,10.8,0.0,126.0,1
D005693,4.8,1169.0,1.13,33.0,0.49,-66.0,-50.7,22.0,45.0,-96.1,3.8,1.0,134.0,1
D005694,4.2,1174.0,1.01,28.5,0.52,-67.1,-49.8,24.2,43.0,-96.4,7.1,0.0,128.0,1
D005695,4.2,1181.0,,31.5,0.54,-64.7,,23.7,45.0,-95.9,10.6,0.0,127.0,1
D005696,3.4,1257.0,0.97,21.5,0.61,-63.3,-51.0,28.1,57.0,-90.0,5.8,0.0,132.0,0
D005697,5.6,1157.0,1.04,28.5,0.46,-65.5,-48.1,22.9,44.0,-94.1,8.2,1.0,128.0,1
D005698,5.2,1088.0,1.05,37.5,0.33,-69.8,-49.7,25.8,41.0,-96.1,22.0,0.0,141.0,1
D005699,4.6,1167.0,1.3,27.0,0.56,-65.7,-48.5,24.4,43.0,-94.0,6.0,1.0,121.0,1
D005700,5.4,1251.0,0.88,20.5,0.56,-67.7,-46.3,28.4,35.0,-98.9,16.9,0.0,129.0,0
D005701,4.9,1185.0,,36.0,0.6,-60.2,-54.4,29.7,45.0,-96.5,23.2,0.0,139.0,0
D005702,5.3,1207.0,0.86,21.0,0.46,-68.0,-53.0,29.1,33.0,-93.3,10.6,1.0,117.0,1
D005703,3.7,1074.0,1.38,32.5,0.35,-64.2,-45.9,22.0,54.0,-92.5,0.3,1.0,111.0,0
D005704,3.3,1177.0,1.31,39.0,0.44,-68.7,-48.1,28.3,48.0,-94.0,0.2,1.0,121.0,0
D005705,3.9,1337.0,1.56,33.0,0.67,-68.6,-46.2,21.5,50.0,-98.4,23.8,1.0,103.0,0
D005706,4.8,1289.0,0.89,27.0,0.37,-67.5,-50.9,28.2,49.0,-99.0,0.5,1.0,105.0,1
D005707,4.0,1198.0,1.21,27.5,0.5,,-49.0,25.2,39.0,-94.8,6.1,0.0,132.0,0
D005708,5.4,1045.0,1.02,38.5,0.59,-65.5,-51.1,26.9,45.0,-95.0,16.7,1.0,120.0,1
D005709,5.1,1212.0,0.93,30.0,0.48,-64.5,-49.3,24.0,48.0,-94.0,6.7,0.0,135.0,1
D005710,5.5,1201.0,1.22,32.5,0.48,-63.6,-51.1,24.1,45.0,-92.5,6.5,0.0,128.0,1
D005711,5.3,1195.0,1.12,24.5,0.45,-65.4,-49.0,22.5,46.0,,8.0,1.0,131.0,1
D005712,5.3,,1.1,30.0,0.44,-63.9,-50.3,25.0,45.0,-95.5,8.1,1.0,132.0,1
D005713,5.2,1176.0,1.05,28.5,0.43,-66.5,-48.1,23.8,45.0,-95.4,12.5,1.0,124.0,1
D005714,5.0,1189.0,1.15,30.5,0.45,-64.0,-50.3,23.5,42.0,,10.4,0.0,121.0,1
D005715,6.7,1384.0,0.97,39.5,0.48,-69.3,-45.2,23.4,37.0,-93.6,,1.0,103.0,1
D005716,4.3,1225.0,1.22,31.0,0.58,-63.9,-48.3,23.0,42.0,-95.2,8.3,1.0,120.0,0
D005717,4.7,1184.0,1.1,33.5,0.47,-66.5,-50.3,23.9,45.0,-97.2,5.5,0.0,133.0,1
D005718,5.3,1135.0,1.21,32.0,0.44,-65.5,-50.4,24.9,44.0,-94.0,13.4,1.0,127.0,1
D005719,4.9,1201.0,1.03,28.0,0.55,-64.8,-50.8,23.5,42.0,-94.6,10.1,1.0,129.0,1
D005720,4.2,1181.0,1.07,32.0,0.46,-66.3,-50.4,23.7,49.0,-96.5,10.0,0.0,131.0,1
D005721,5.0,1131.0,1.22,29.0,0.5,-66.4,-48.6,23.4,43.0,-95.1,6.6,0.0,122.0,1
D005722,4.1,1161.0,1.07,32.5,0.49,-65.6,-51.2,23.7,41.0,-95.5,11.2,1.0,129.0,1
D005723,4.6,1173.0,1.23,28.5,0.48,-65.7,-50.1,24.9,48.0,-92.8,9.5,1.0,117.0,0
D005724,4.1,1364.0,1.13,20.0,0.66,-60.3,-52.9,28.6,48.0,-94.9,19.7,1.0,116.0,0
D005725,4.5,1144.0,1.03,29.5,0.44,-65.5,-49.0,26.0,49.0,-95.6,8.4,1.0,136.0,1
D005726,5.3,1160.0,1.11,30.0,0.55,-65.0,-50.5,25.7,45.0,-94.9,5.3,0.0,130.0,1
D005727,5.8,1379.0,0.9,22.5,0.46,-66.3,-52.2,21.7,,-92.1,7.9,1.0,101.0,1
D005728,5.2,1190.0,1.12,33.0,0.5,-65.8,-50.4,24.5,44.0,,12.1,0.0,124.0,1
D005729,5.1,1154.0,0.98,28.5,0.49,-64.5,-50.8,23.9,44.0,-96.0,8.6,0.0,124.0,1
D005730,5.7,1299.0,1.59,38.0,0.52,-66.0,-52.5,24.2,59.0,-95.1,0.6,0.0,137.0,1
D005731,4.4,1229.0,1.03,32.0,0.44,-64.0,,23.6,46.0,-96.6,8.8,0.0,130.0,1
D005732,6.8,1349.0,0.86,31.0,,-64.1,-45.4,20.2,41.0,-95.9,16.0,1.0,126.0,1
D005733,6.5,1239.0,1.59,35.5,0.66,-62.0,-49.6,20.3,40.0,-96.0,,0.0,130.0,0
D005734,3.1,1134.0,1.34,30.0,0.35,-67.3,-54.6,28.8,35.0,-92.5,22.6,0.0,102.0,0
D005735,4.8,1121.0,1.05,32.0,0.51,-65.7,-50.6,23.5,,,9.2,0.0,128.0,1
D005736,4.9,1157.0,1.12,28.5,0.5,-64.0,-48.7,23.6,46.0,-95.3,10.6,1.0,128.0,1
D005737,5.0,1160.0,1.19,27.5,0.44,-64.2,-48.5,25.4,47.0,-96.9,11.9,1.0,121.0,1
D005738,4.5,1160.0,1.19,30.0,0.43,-65.2,-49.1,22.9,45.0,-95.1,6.0,1.0,125.0,1
D005739,4.1,1187.0,1.13,31.0,0.48,-65.8,-50.0,24.9,48.0,-96.3,12.9,0.0,126.0,1
D005740,4.5,1146.0,1.11,28.0,0.5,-65.0,-50.4,25.2,45.0,-96.1,8.2,1.0,125.0,1
D005741,5.0,1159.0,1.05,24.5,0.51,-64.3,-51.4,24.5,42.0,-95.5,10.4,0.0,125.0,1
D005742,4.9,1185.0,1.13,29.0,0.55,-66.9,-51.1,24.2,45.0,-95.1,9.5,1.0,136.0,1
D005743,4.4,1226.0,1.18,27.0,0.47,-65.3,-50.0,24.1,43.0,-95.0,4.6,0.0,126.0,1
D005744,3.4,1102.0,1.15,21.0,0.45,-62.4,-50.9,22.1,60.0,-99.1,15.7,1.0,110.0,0
D005745,6.1,1287.0,1.52,36.5,0.53,-66.1,-54.6,21.5,,-90.7,7.1,0.0,150.0,1
D005746,4.8,1170.0,1.25,26.5,0.54,-66.0,-49.4,24.0,41.0,-94.8,9.7,1.0,136.0,1
D005747,4.6,1248.0,1.13,30.5,0.54,,-50.5,25.1,47.0,-94.6,9.0,0.0,130.0,1
D005748,4.6,1225.0,1.25,31.5,0.44,-64.2,-50.0,25.3,42.0,-95.9,2.8,1.0,120.0,1
D005749,4.4,1197.0,1.16,32.0,0.53,-67.3,-48.9,23.5,47.0,-95.8,8.6,1.0,128.0,0
D005750,5.2,1176.0,1.1,28.0,0.47,-63.6,-48.5,24.9,42.0,-95.8,7.8,1.0,129.0,1
D005751,4.7,1135.0,1.19,30.0,0.44,-67.2,-46.9,22.8,43.0,-96.7,7.9,1.0,128.0,1
D005752,5.3,1271.0,1.02,28.0,0.45,-65.2,-49.0,27.2,48.0,-94.9,7.8,1.0,126.0,1
D005753,5.3,1188.0,1.05,26.5,0.48,-66.8,-51.7,25.5,42.0,-97.0,6.0,1.0,133.0,1
D005754,4.8,1143.0,1.08,27.5,0.51,-64.7,-48.9,22.3,46.0,-95.0,10.3,1.0,130.0,0
D005755,6.5,1189.0,0.91,22.0,0.38,-63.3,-49.6,23.0,40.0,-96.5,23.8,0.0,118.0,0
D005756,3.5,1265.0,1.13,24.0,0.58,-60.7,-51.5,21.3,53.0,-93.3,3.8,0.0,144.0,0
D005757,4.4,1171.0,1.5,,0.42,-65.9,-46.8,28.5,59.0,-98.2,18.5,1.0,131.0,0
D005758,3.4,1024.0,0.94,30.5,0.49,-62.8,,28.1,41.0,-96.7,15.3,1.0,100.0,0
D005759,4.2,1182.0,1.08,29.0,0.53,-65.0,-50.2,24.2,44.0,-97.5,8.2,0.0,126.0,0
D005760,5.5,1204.0,1.22,39.0,0.65,-62.4,-53.0,,33.0,-92.1,9.4,1.0,124.0,1
D005761,4.9,1202.0,1.01,28.0,0.56,-65.0,-50.4,22.9,43.0,-94.7,8.2,0.0,132.0,1
D005762,5.6,1254.0,1.13,25.0,0.49,-65.4,-50.0,22.3,48.0,-95.5,12.6,1.0,129.0,1
D005763,4.2,1163.0,1.3,37.0,0.39,-69.9,-53.3,22.8,38.0,-95.3,9.9,1.0,124.0,0
D005764,5.1,1075.0,1.07,28.0,0.44,-64.9,-50.2,24.9,40.0,-96.6,10.1,0.0,128.0,1
D005765,5.1,1201.0,1.09,30.5,0.41,-67.4,-48.9,24.0,42.0,-95.8,9.9,1.0,123.0,1
D005766,6.0,1176.0,1.13,29.0,0.5,-65.4,-50.0,23.1,44.0,-95.6,9.0,1.0,127.0,1
D005767,4.5,1255.0,1.12,28.0,0.5,-64.2,-49.4,24.3,45.0,-96.0,5.3,1.0,126.0,1
D005768,5.6,1251.0,1.09,29.0,0.45,-64.5,-50.6,23.1,41.0,-95.6,10.1,0.0,121.0,1
D005769,4.4,1174.0,1.08,29.5,0.52,-63.0,-49.4,23.9,44.0,-96.6,7.8,1.0,139.0,0
D005770,5.3,1207.0,1.07,30.5,0.48,-65.8,-50.7,22.3,43.0,-96.4,13.1,0.0,126.0,1
D005771,5.4,1196.0,1.11,27.5,0.43,-64.6,-49.2,22.3,45.0,-96.0,9.1,1.0,120.0,0
D005772,6.1,1016.0,1.58,29.5,,-66.5,-47.5,26.8,32.0,-94.3,0.5,1.0,105.0,0
D005773,3.9,1002.0,1.18,38.0,0.35,-66.7,-53.7,24.4,39.0,-96.3,21.5,0.0,146.0,1
D005774,6.9,1132.0,1.55,33.0,0.38,-60.7,-54.8,28.0,46.0,-99.2,16.3,1.0,119.0,0
D005775,4.7,1126.0,0.96,21.0,0.56,-65.2,-47.0,29.5,50.0,-93.5,14.6,1.0,112.0,0
D005776,4.7,1141.0,1.15,27.0,0.46,-64.7,-51.0,23.3,43.0,-93.9,9.2,0.0,134.0,1
D005777,5.0,1050.0,1.1,26.5,0.44,-66.3,-50.3,23.9,43.0,-94.9,10.6,1.0,117.0,0
D005778,5.8,1006.0,1.01,35.5,0.63,-67.4,-49.0,27.0,46.0,-97.1,22.6,0.0,104.0,1
D005779,4.0,1389.0,0.94,38.0,0.38,-66.1,-53.9,26.5,35.0,-94.3,4.0,0.0,109.0,1
D005780,5.3,1140.0,1.05,28.5,0.5,-65.5,-49.8,24.0,46.0,-96.8,9.8,1.0,130.0,1
D005781,5.4,1187.0,1.28,31.5,0.46,-64.4,-49.5,24.4,46.0,-95.0,7.5,0.0,122.0,1
D005782,3.7,1030.0,0.97,25.5,0.3,-62.9,-46.4,24.0,54.0,-91.6,7.0,1.0,143.0,0
D005783,5.3,1133.0,1.0,26.5,0.51,-67.1,-51.1,22.0,43.0,-96.3,9.0,0.0,129.0,1
D005784,5.1,1169.0,1.01,33.0,0.49,-66.5,-48.5,25.2,43.0,-96.4,,1.0,131.0,1
D005785,4.9,1203.0,1.05,29.5,0.52,-65.8,-49.2,24.5,41.0,-95.0,9.3,0.0,135.0,1
D005786,4.2,1232.0,1.02,26.0,0.54,-66.0,-49.4,25.5,,-96.8,8.4,1.0,133.0,1
D005787,5.0,1170.0,1.0,28.5,0.51,-64.7,-49.9,23.9,40.0,-95.1,7.4,0.0,142.0,1
D005788,6.5,1299.0,1.11,21.0,0.48,-62.8,-45.8,22.9,52.0,-94.2,13.5,0.0,138.0,0
D005789,5.1,1321.0,0.86,23.0,0.43,-65.1,-45.6,26.5,43.0,-91.5,16.1,1.0,148.0,0
D005790,4.7,,1.04,28.0,0.42,-65.7,-52.0,25.8,46.0,-95.6,10.9,0.0,125.0,1
D005791,6.7,1130.0,1.25,20.0,0.54,-60.3,-48.4,20.5,39.0,-93.8,22.7,0.0,128.0,0
D005792,5.9,1102.0,0.89,34.5,0.54,-65.3,-45.9,29.0,55.0,,16.4,1.0,105.0,0
D005793,5.2,1175.0,1.05,31.5,0.51,-64.7,-50.2,22.9,50.0,-96.1,9.6,0.0,130.0,1
D005794,5.1,1255.0,1.03,27.5,0.48,-65.2,-51.7,25.3,50.0,-95.8,9.1,1.0,128.0,1
D005795,5.9,1255.0,1.15,25.0,0.68,-60.2,-54.6,29.8,47.0,-94.6,10.8,1.0,107.0,0
D005796,4.8,1167.0,1.12,27.5,0.45,-65.6,-48.6,23.6,51.0,-96.1,,0.0,131.0,1
D005797,4.9,1225.0,1.12,32.5,0.46,-65.1,-52.0,23.0,44.0,-94.9,9.9,0.0,133.0,1
D005798,5.2,1304.0,1.46,22.5,0.66,-60.8,-46.6,24.4,46.0,-99.7,,1.0,147.0,0
D005799,6.6,1262.0,1.21,39.0,0.46,-61.8,-51.0,24.3,49.0,-94.1,18.5,0.0,149.0,1
D005800,4.3,1032.0,1.41,32.5,0.55,-68.9,-54.4,24.7,37.0,-93.9,1.1,1.0,120.0,1
D005801,4.0,1253.0,1.1,26.0,0.41,-65.3,-50.6,23.6,43.0,-94.9,8.2,1.0,131.0,0
D005802,5.2,1208.0,0.92,31.5,0.48,-65.8,-49.4,25.2,43.0,-95.4,4.4,1.0,125.0,1
D005803,6.5,1152.0,1.49,27.0,0.57,-68.1,-52.8,24.8,53.0,-93.8,13.5,1.0,130.0,1
D005804,4.5,1140.0,1.08,23.5,0.44,-66.0,-51.2,23.2,42.0,-94.4,7.5,0.0,126.0,0
D005805,6.6,1096.0,1.58,31.0,0.57,-64.4,-45.8,27.7,44.0,-99.1,23.1,1.0,108.0,0
D005806,6.1,1102.0,1.56,39.0,0.64,-63.1,-48.7,20.9,35.0,-91.3,13.3,1.0,110.0,0
D005807,4.6,1213.0,1.22,28.0,0.42,-66.7,-51.2,,46.0,-95.0,6.3,0.0,133.0,1
D005808,5.4,1147.0,1.17,29.5,0.48,-64.3,-47.7,23.8,40.0,-97.2,5.9,0.0,128.0,1
D005809,4.8,1216.0,1.15,29.5,0.5,-66.4,-48.4,25.1,43.0,-95.5,13.1,1.0,125.0,0
D005810,3.8,1220.0,1.43,39.0,0.3,-63.6,-53.6,24.8,33.0,-90.6,12.0,0.0,103.0,0
D005811,4.6,1180.0,1.07,30.5,0.49,-64.8,-51.6,24.5,43.0,-96.3,7.3,0.0,134.0,1
D005812,4.5,1212.0,1.18,26.5,0.46,-67.0,-49.9,24.9,48.0,-94.3,9.2,1.0,139.0,1
D005813,5.7,1141.0,0.93,29.5,0.5,-66.9,-51.0,24.1,45.0,-95.1,7.7,1.0,127.0,1
D005814,3.7,1253.0,1.28,26.0,0.58,-61.9,-46.9,20.0,56.0,-93.6,4.4,1.0,129.0,0
D005815,3.4,1336.0,1.32,34.5,0.51,-67.5,-53.4,22.8,41.0,-96.1,23.5,1.0,139.0,0
D005816,3.8,,0.95,26.5,0.63,-62.4,-51.9,29.9,34.0,-91.1,4.3,1.0,136.0,0
D005817,4.7,1199.0,1.01,29.5,0.46,-65.0,-48.8,24.4,44.0,-97.6,8.2,1.0,131.0,0
D005818,4.4,1178.0,1.13,33.5,0.41,-60.9,-50.6,22.2,57.0,-91.9,21.2,0.0,143.0,1
D005819,5.7,1119.0,1.27,27.0,0.47,-66.4,-50.0,23.7,43.0,-94.3,12.1,1.0,129.0,1
D005820,5.3,1218.0,1.09,28.5,0.45,-63.2,-51.1,23.2,43.0,-98.9,6.8,0.0,122.0,1
D005821,5.8,1326.0,1.25,23.0,0.4,-60.6,-46.5,20.5,48.0,-98.3,13.4,1.0,120.0,0
D005822,4.7,1217.0,1.04,28.5,0.49,-66.3,-50.2,23.4,47.0,-95.7,8.9,0.0,123.0,0
D005823,5.0,1196.0,1.1,29.0,0.47,-65.4,-49.6,23.1,43.0,-95.3,6.1,1.0,127.0,1
D005824,5.1,1131.0,1.14,26.5,0.53,-65.2,-49.1,23.8,50.0,-96.0,11.8,1.0,131.0,0
D005825,5.5,,1.15,26.0,0.51,-67.7,-51.1,24.1,50.0,-97.0,7.6,0.0,128.0,1
D005826,6.9,1243.0,1.0,37.0,0.41,-65.6,-51.5,20.4,50.0,-95.7,5.0,0.0,113.0,1
D005827,3.1,1153.0,1.58,23.0,0.6,-69.0,-47.1,22.5,43.0,-96.0,19.5,1.0,148.0,0
D005828,4.6,1226.0,1.29,35.0,0.67,-61.0,-50.4,24.9,54.0,-99.1,18.2,0.0,117.0,0
D005829,4.8,1232.0,1.18,27.5,0.43,-66.8,-52.2,24.1,44.0,-93.7,8.7,0.0,132.0,1
D005830,4.4,1195.0,1.25,31.5,0.53,-66.2,-50.3,22.9,43.0,-95.4,5.6,1.0,130.0,1
D005831,4.5,1134.0,1.14,31.0,0.47,-66.9,-50.0,24.2,45.0,-95.8,11.3,0.0,131.0,1
D005832,4.6,1256.0,1.02,30.5,0.47,-66.7,-50.0,23.9,41.0,,7.5,1.0,129.0,1
D005833,4.7,1218.0,1.17,30.0,0.47,-63.7,-51.4,23.7,48.0,-97.6,10.3,1.0,126.0,1
D005834,4.9,1182.0,1.01,26.5,0.49,-66.1,-50.1,22.6,,-95.0,6.1,0.0,131.0,1
D005835,4.1,1188.0,,26.5,0.54,-64.4,-51.0,23.9,42.0,-94.5,7.5,1.0,124.0,1
D005836,4.8,1203.0,0.99,32.0,0.45,-67.4,-49.5,25.7,38.0,-93.6,9.8,1.0,127.0,1
D005837,5.2,1199.0,1.11,27.5,0.55,-65.7,-51.0,22.9,38.0,-96.0,9.6,0.0,129.0,1
D005838,4.8,1117.0,1.09,31.5,0.46,-65.4,-48.5,24.2,46.0,-97.3,10.2,1.0,125.0,1
D005839,4.8,1129.0,1.16,28.0,0.4,-63.7,-51.0,25.1,46.0,-93.7,7.6,1.0,127.0,0
D005840,5.0,1189.0,1.09,31.5,,-66.7,-51.2,24.8,44.0,-96.7,9.6,1.0,131.0,1
D005841,4.5,1035.0,,37.5,0.64,-62.3,-51.6,26.9,40.0,-90.0,10.9,1.0,101.0,0
D005842,4.6,1181.0,1.18,31.5,0.41,-65.3,-51.3,24.6,45.0,-97.4,8.8,0.0,125.0,1
D005843,4.9,1279.0,1.16,30.5,0.38,-63.9,-49.4,24.0,42.0,-97.4,8.2,0.0,135.0,1
D005844,5.8,1157.0,1.06,21.5,0.32,-63.5,-47.9,27.6,58.0,-97.3,17.2,1.0,103.0,0
D005845,5.2,1168.0,1.1,34.0,0.51,-63.2,-51.2,22.2,42.0,-96.5,7.4,0.0,134.0,1
D005846,4.7,1186.0,1.2,28.5,0.46,-65.4,-49.8,24.5,44.0,-93.9,7.5,0.0,122.0,1
D005847,5.1,1187.0,1.08,30.5,0.45,-65.0,-50.7,23.4,48.0,-97.5,8.4,1.0,136.0,1
D005848,6.0,1255.0,1.18,26.5,0.4,-67.0,-51.0,29.7,47.0,-92.6,11.9,1.0,,0
D005849,5.8,1248.0,0.92,26.5,0.62,-66.0,-47.7,21.3,57.0,-91.5,19.1,1.0,137.0,1
D005850,4.2,1090.0,0.81,38.5,0.55,-62.5,-48.6,25.9,58.0,-99.9,1.0,0.0,102.0,1
D005851,5.8,1345.0,1.43,27.5,,-60.2,-47.9,24.7,37.0,-90.6,10.9,1.0,120.0,0
D005852,5.4,1072.0,0.98,34.0,0.39,-68.8,-54.9,25.8,47.0,,22.1,1.0,140.0,1
D005853,5.5,1052.0,1.09,25.0,0.58,-64.5,-45.6,26.4,54.0,-91.1,16.8,1.0,137.0,0
D005854,4.6,1350.0,1.52,37.0,0.38,-61.5,-51.2,29.7,50.0,-97.4,2.0,1.0,115.0,0
D005855,4.7,1073.0,1.07,27.0,0.48,-64.7,-52.0,23.8,41.0,-95.4,12.7,0.0,134.0,1
D005856,5.0,1236.0,1.11,27.5,0.43,-66.8,-49.5,25.0,42.0,-95.7,11.2,1.0,124.0,1
D005857,5.5,1076.0,1.44,23.0,0.36,-68.2,-53.2,23.9,52.0,-97.6,4.9,1.0,117.0,1
D005858,5.3,1151.0,1.16,30.5,0.44,-65.4,-50.4,24.3,40.0,-94.3,10.2,1.0,139.0,1
D005859,4.7,1261.0,1.07,29.5,0.51,-66.5,-51.3,22.7,45.0,-95.3,9.4,1.0,118.0,1
D005860,6.8,1097.0,0.95,35.5,0.33,-65.3,-50.3,29.7,38.0,-93.8,19.6,1.0,110.0,0
D005861,5.6,1223.0,1.24,28.0,0.44,-66.2,-50.8,25.9,47.0,-97.0,9.3,0.0,129.0,1
D005862,5.2,1218.0,1.11,31.5,0.5,-65.3,-51.3,21.9,41.0,-95.2,9.4,1.0,127.0,1
D005863,5.8,1203.0,1.19,29.0,0.49,-66.2,-47.8,24.3,47.0,,7.8,0.0,137.0,1
D005864,4.4,1167.0,1.05,27.5,0.35,-66.9,-50.5,23.7,41.0,-94.7,7.9,0.0,128.0,1
D005865,3.9,1156.0,0.93,30.0,0.47,-64.8,-47.2,23.5,38.0,-95.7,,1.0,130.0,0
D005866,5.3,1228.0,1.1,27.5,0.45,-65.3,-50.3,22.4,44.0,-97.0,10.1,1.0,127.0,0
D005867,4.6,1148.0,1.09,25.0,0.5,-65.9,-48.9,23.3,36.0,-95.5,7.6,0.0,135.0,1
D005868,4.5,1137.0,1.18,29.5,0.51,-66.2,-50.4,24.3,46.0,-95.1,7.5,0.0,122.0,1
D005869,3.3,1221.0,0.9,36.5,0.36,-60.4,-45.2,29.8,53.0,-90.5,8.0,0.0,148.0,0
D005870,5.5,1163.0,1.08,30.5,0.49,-66.2,-49.6,24.9,51.0,-95.0,5.9,0.0,127.0,1
D005871,5.9,1071.0,1.28,25.0,0.36,-60.9,-53.9,23.4,44.0,-91.9,22.3,0.0,104.0,0
D005872,5.4,1018.0,1.53,22.0,0.33,-69.5,-48.5,29.9,31.0,-95.5,6.3,1.0,121.0,0
D005873,4.6,1202.0,1.06,25.5,0.46,-65.4,-50.4,25.0,48.0,-93.7,7.2,0.0,129.0,1
D005874,6.0,1046.0,1.24,37.5,0.52,-66.0,-49.8,24.9,49.0,-93.7,16.9,0.0,135.0,1
D005875,5.0,1115.0,1.12,31.0,0.5,-65.9,-50.6,21.9,43.0,-93.8,9.6,1.0,132.0,1
D005876,6.1,1268.0,1.59,27.0,0.31,-69.8,-54.4,25.0,33.0,-99.1,23.9,1.0,105.0,0
D005877,4.9,1143.0,1.02,27.5,0.48,-64.8,-50.1,24.0,38.0,-95.7,10.8,1.0,127.0,1
D005878,4.1,1152.0,1.09,25.5,0.52,-64.3,-50.7,24.7,40.0,-96.2,11.6,1.0,123.0,1
D005879,4.4,1203.0,1.16,28.5,0.4,-65.8,-48.6,23.9,42.0,-96.3,11.7,0.0,119.0,1
D005880,4.7,1253.0,1.06,25.5,0.52,-64.8,-48.9,24.6,46.0,-95.1,5.1,1.0,127.0,1
D005881,4.5,1184.0,1.02,24.5,0.45,-65.1,-48.2,24.2,46.0,-96.4,3.2,1.0,123.0,1
D005882,5.3,1235.0,1.11,30.0,0.46,-66.1,-50.0,23.2,49.0,-95.0,7.8,1.0,121.0,1
D005883,5.1,1219.0,1.15,29.0,0.47,-65.0,-50.7,23.8,40.0,-94.2,7.0,0.0,120.0,1
D005884,3.5,1028.0,1.38,34.0,0.39,-64.1,-53.9,20.6,53.0,-90.3,17.8,0.0,105.0,0
D005885,5.1,1176.0,1.05,27.5,0.52,-65.6,-51.1,24.9,44.0,-95.7,10.1,1.0,131.0,1
D005886,4.5,1194.0,1.19,31.5,0.47,-65.5,-49.6,24.5,46.0,-96.7,5.6,1.0,126.0,0
D005887,3.1,1381.0,1.24,22.0,0.43,-68.9,-52.2,28.5,31.0,-99.0,18.7,1.0,122.0,0
D005888,4.7,1135.0,1.08,30.5,0.47,-66.8,-49.0,23.8,43.0,-93.6,11.6,1.0,131.0,1
D005889,4.3,1237.0,1.21,,0.39,-66.6,-49.4,23.9,42.0,-95.3,6.9,1.0,132.0,1
D005890,4.3,1179.0,1.08,33.5,0.46,-65.8,-50.9,26.5,49.0,-96.6,7.1,0.0,123.0,1
D005891,4.8,1123.0,1.06,29.5,0.44,-65.2,-50.4,23.8,44.0,-96.5,11.5,1.0,131.0,1
D005892,6.8,1392.0,1.18,25.5,0.68,-61.1,-50.2,25.7,31.0,-98.0,2.9,0.0,107.0,1
D005893,3.3,1315.0,1.52,38.5,0.33,-60.4,-47.7,24.1,48.0,-95.4,22.7,1.0,124.0,0
D005894,6.3,1283.0,1.18,25.5,0.5,-62.6,-46.7,26.3,55.0,-96.0,5.3,1.0,149.0,1
D005895,4.9,1392.0,1.23,29.0,0.34,-68.7,-54.0,21.4,43.0,-90.1,20.6,1.0,142.0,1
D005896,5.5,1064.0,1.39,34.0,0.46,-69.7,-45.8,26.3,47.0,-99.4,7.9,0.0,135.0,1
D005897,4.5,1339.0,1.54,,0.67,-65.6,-48.1,28.0,56.0,-99.2,17.9,0.0,102.0,0
D005898,3.1,1358.0,1.39,30.0,0.5,-65.8,-47.7,22.2,60.0,-90.3,14.5,0.0,102.0,0
D005899,4.1,1044.0,0.86,26.0,0.68,-63.4,-53.5,24.9,40.0,-92.6,4.0,0.0,146.0,1
D005900,3.4,1067.0,1.21,34.0,0.52,-67.9,-47.7,25.3,45.0,-97.3,0.4,0.0,132.0,1
D005901,4.5,1154.0,1.09,28.0,0.52,-65.6,-50.5,23.3,47.0,-96.2,8.2,1.0,121.0,1
D005902,6.0,1257.0,1.08,32.0,0.47,-69.9,-52.6,26.2,49.0,-92.9,5.6,1.0,124.0,1
D005903,5.6,1180.0,1.05,29.0,0.48,-65.1,-51.9,23.8,48.0,-96.2,7.2,1.0,125.0,1
D005904,4.7,1131.0,1.18,27.5,0.41,-65.6,-49.6,23.4,41.0,-95.2,9.4,1.0,120.0,0
D005905,5.1,1166.0,1.2,28.5,0.42,-66.7,-49.9,24.3,42.0,-95.4,11.3,0.0,134.0,1
D005906,4.1,1120.0,1.03,28.5,0.53,-65.9,-51.1,25.1,36.0,-96.2,13.6,0.0,127.0,1
D005907,4.3,1062.0,1.13,28.0,0.54,-65.1,-50.7,23.1,48.0,-94.4,10.6,1.0,136.0,0
D005908,6.1,1027.0,1.58,35.0,0.66,-62.7,-51.6,21.6,56.0,-94.8,22.2,1.0,125.0,0
D005909,5.9,1177.0,1.07,31.5,0.46,-65.4,-49.8,24.5,47.0,-94.9,9.2,1.0,130.0,1
D005910,4.3,1112.0,1.04,39.0,0.31,-65.6,-50.4,20.7,41.0,-98.6,7.3,1.0,149.0,1
D005911,4.6,1173.0,1.19,28.5,0.43,-66.9,-50.1,24.3,49.0,-96.0,7.6,0.0,127.0,1
D005912,3.3,1341.0,1.08,30.0,0.35,-63.3,,29.9,39.0,-99.8,9.4,1.0,101.0,0
D005913,7.0,,1.16,29.0,0.52,-69.7,-49.2,25.5,50.0,-99.7,6.2,1.0,147.0,1
D005914,5.2,1171.0,1.09,27.5,0.4,-65.3,-50.6,24.1,47.0,-95.0,12.3,0.0,116.0,0
D005915,5.0,1189.0,1.11,32.0,0.57,-64.7,-50.8,23.3,49.0,-96.1,9.9,1.0,120.0,1
D005916,5.2,1186.0,1.24,27.5,0.49,-66.2,-49.4,23.0,46.0,-95.2,8.6,0.0,129.0,1
D005917,5.5,1182.0,0.98,28.5,0.46,-67.0,-49.9,21.8,46.0,-96.1,10.7,1.0,141.0,1
D005918,6.6,1242.0,1.25,21.5,0.63,-63.9,-45.9,20.4,38.0,-92.2,,1.0,135.0,0
D005919,4.7,1169.0,1.07,31.0,0.44,-65.9,-48.8,24.0,43.0,-94.9,7.4,1.0,130.0,0
D005920,5.3,1161.0,1.16,27.5,0.51,-65.2,-48.9,23.0,43.0,-95.3,10.8,0.0,134.0,1
D005921,6.8,1260.0,1.52,40.0,0.59,-60.3,-46.2,28.7,40.0,-97.8,16.0,1.0,131.0,0
D005922,4.8,1189.0,1.16,26.5,0.55,-65.6,-49.3,23.9,38.0,-95.6,8.0,1.0,117.0,1
D005923,4.8,1164.0,1.05,26.0,0.44,-64.8,-50.1,24.3,45.0,-95.0,11.5,1.0,124.0,0
D005924,5.4,1209.0,1.13,28.0,0.47,-64.9,-49.9,24.4,,-95.9,,1.0,134.0,1
D005925,4.3,1250.0,1.1,31.0,0.5,-66.7,-50.9,24.7,41.0,-94.4,11.3,1.0,128.0,1
D005926,5.0,1224.0,0.98,30.5,0.49,-65.9,-49.5,24.5,38.0,-94.3,9.4,1.0,128.0,1
D005927,4.3,1156.0,0.96,29.5,0.46,-64.0,-49.8,23.7,41.0,-95.4,4.8,0.0,125.0,1
D005928,5.2,1169.0,1.13,30.0,0.42,-65.3,-51.8,23.1,47.0,,10.7,1.0,136.0,1
D005929,4.8,1168.0,1.14,27.5,0.41,-65.3,-51.3,24.0,49.0,-94.7,12.1,0.0,130.0,0
D005930,4.3,1051.0,1.49,35.5,0.31,-63.3,-49.7,25.7,52.0,-92.0,0.0,1.0,,0
D005931,6.1,1065.0,1.23,22.5,0.69,-68.8,-54.5,27.8,38.0,-91.8,18.4,0.0,141.0,0
D005932,4.2,1220.0,,27.0,0.44,-65.7,-49.6,24.4,37.0,-94.8,,0.0,133.0,1
D005933,5.0,1181.0,0.94,25.0,0.53,-66.9,,23.2,46.0,-97.7,9.2,1.0,129.0,1
D005934,3.8,1220.0,1.09,30.0,0.48,-65.5,-50.5,24.5,46.0,-97.0,11.8,1.0,136.0,1
D005935,3.7,1300.0,1.26,39.0,0.43,-65.0,-51.7,29.0,45.0,-92.8,20.1,0.0,100.0,0
D005936,4.5,1132.0,1.36,30.5,0.34,-66.8,-51.3,23.0,40.0,-90.6,6.6,0.0,135.0,1
D005937,5.5,1223.0,1.01,30.5,0.48,-65.3,-50.4,21.9,45.0,-96.2,,1.0,131.0,1
D005938,4.7,1245.0,0.96,29.0,0.49,-64.4,-51.4,23.3,45.0,-95.8,9.3,1.0,132.0,1
D005939,4.7,1222.0,1.02,29.0,0.44,-65.7,-49.4,22.6,48.0,-96.2,8.5,1.0,129.0,0
D005940,4.3,1234.0,1.04,29.0,0.45,-66.4,-51.4,25.6,46.0,-96.0,6.9,0.0,123.0,1
D005941,4.9,1193.0,1.01,30.5,0.45,-66.2,-50.6,25.3,48.0,-95.5,8.5,1.0,129.0,1
D005942,4.2,1365.0,,37.5,0.67,-68.0,-47.0,21.8,36.0,-94.3,10.7,1.0,130.0,1
D005943,4.7,1181.0,1.11,30.5,0.42,-65.1,-49.0,23.9,46.0,-95.4,7.1,1.0,130.0,0
D005944,,1314.0,1.3,28.5,0.52,-69.0,-50.9,27.9,38.0,-95.9,5.1,0.0,148.0,1
D005945,3.4,1214.0,1.26,35.0,0.58,-69.4,-50.5,21.3,30.0,-92.7,17.4,0.0,126.0,1
D005946,6.6,1217.0,1.17,25.0,0.67,-63.8,-53.1,24.0,35.0,,3.7,0.0,127.0,1
D005947,6.5,1260.0,0.93,26.0,0.39,-60.1,-51.0,29.3,55.0,-94.2,20.2,0.0,119.0,0
D005948,4.7,,1.13,28.5,0.48,-66.4,-47.7,23.9,43.0,-94.8,5.3,0.0,123.0,1
D005949,3.4,1197.0,1.51,36.5,0.44,-68.2,-48.8,27.0,35.0,-99.6,7.5,0.0,135.0,1
D005950,4.9,1204.0,1.2,29.0,0.5,-65.4,-49.5,23.4,46.0,-92.5,11.2,0.0,133.0,1
D005951,4.3,1208.0,1.06,26.5,0.49,-65.8,-49.8,24.4,39.0,-96.6,6.2,1.0,130.0,1
D005952,4.5,1170.0,1.12,30.5,0.47,-66.0,-52.3,24.2,48.0,-96.6,4.4,1.0,128.0,1
D005953,5.0,1179.0,1.0,29.5,0.48,-66.6,-49.1,24.6,43.0,-98.0,10.7,1.0,123.0,1
D005954,4.2,1193.0,1.22,26.0,0.49,-64.3,-51.4,22.6,45.0,-96.1,12.2,1.0,129.0,1
D005955,4.8,1223.0,1.09,26.0,0.44,-65.3,-50.6,23.5,52.0,-96.4,8.7,1.0,130.0,0
D005956,4.4,1181.0,1.11,31.5,0.48,-67.0,-50.7,23.6,44.0,-94.8,9.0,1.0,134.0,1
D005957,5.4,1163.0,1.0,29.0,0.46,-66.9,-49.3,23.5,44.0,-95.9,10.7,0.0,129.0,1
D005958,4.3,1292.0,1.11,21.5,0.52,-67.7,-46.8,27.3,57.0,-91.8,8.1,1.0,,0
D005959,4.8,1163.0,1.24,29.0,0.43,-66.0,-49.0,23.7,44.0,-98.7,6.2,1.0,133.0,1
D005960,5.4,1390.0,1.27,36.5,0.41,-62.0,-47.0,21.6,43.0,-91.6,10.0,0.0,108.0,0
D005961,4.3,1206.0,1.0,27.0,0.55,-65.6,-50.5,23.4,45.0,-96.4,6.8,0.0,127.0,1
D005962,,1268.0,1.43,38.0,0.43,-65.3,-50.7,27.4,34.0,-94.5,3.8,1.0,102.0,1
D005963,3.0,1104.0,1.36,34.5,0.59,-69.8,-48.9,21.4,47.0,-96.4,18.6,1.0,143.0,1
D005964,4.1,1203.0,1.25,33.0,,-66.1,-48.8,22.3,43.0,-96.7,,1.0,137.0,1
D005965,4.8,1172.0,1.09,31.0,0.44,-64.0,-50.2,23.7,50.0,-93.9,7.6,0.0,131.0,1
D005966,5.3,1129.0,1.18,30.5,0.41,-66.3,-49.3,23.6,40.0,-94.3,8.2,1.0,131.0,1
D005967,5.3,1266.0,1.24,29.5,0.54,-65.9,-51.2,22.0,48.0,-95.1,3.7,0.0,123.0,1
D005968,5.0,1240.0,1.1,28.0,0.45,-65.4,-50.4,23.1,45.0,-95.5,15.3,1.0,129.0,1
D005969,4.7,1203.0,1.22,29.5,0.47,-66.1,-50.6,24.0,43.0,-94.0,11.8,1.0,130.0,1
D005970,5.0,1158.0,1.02,29.5,0.53,-65.6,-49.2,23.5,42.0,-95.4,6.0,1.0,127.0,1
D005971,5.4,1117.0,0.95,29.5,0.49,-66.8,-49.9,24.7,51.0,-96.2,6.0,1.0,132.0,1
D005972,4.1,1194.0,1.01,29.5,0.48,-65.6,-50.5,25.0,40.0,-95.8,8.8,1.0,129.0,0
D005973,5.1,1131.0,0.96,27.5,0.48,-65.0,-48.4,24.3,39.0,-94.9,6.3,1.0,128.0,1
D005974,4.6,1147.0,0.86,29.5,0.57,-66.4,-50.5,24.3,50.0,-94.6,10.7,0.0,126.0,1
D005975,5.1,1381.0,1.59,31.5,0.5,-60.8,-46.5,28.1,41.0,-93.1,4.0,1.0,109.0,0
D005976,4.1,1243.0,1.1,29.5,0.42,-64.0,-49.9,24.2,,-94.3,8.3,1.0,130.0,1
D005977,4.1,1377.0,1.14,27.0,0.58,-62.8,-52.3,27.0,44.0,-92.0,23.0,1.0,127.0,0
D005978,6.5,1317.0,1.13,35.5,0.54,-60.5,-45.9,28.8,42.0,-97.8,5.3,0.0,122.0,1
D005979,6.0,1091.0,0.92,21.5,0.42,-62.0,-46.3,27.6,53.0,-97.2,20.5,0.0,116.0,0
D005980,4.6,1245.0,1.1,31.0,0.46,,-49.5,21.2,41.0,-94.6,4.0,1.0,123.0,1
D005981,4.2,1119.0,1.15,30.5,0.46,-65.2,-48.4,23.1,47.0,-96.6,11.8,1.0,126.0,1
D005982,4.7,1227.0,1.2,30.0,0.4,-64.0,-50.0,23.4,46.0,-94.4,8.4,0.0,124.0,1
D005983,3.1,1390.0,0.98,37.0,0.69,-68.2,-53.8,27.6,59.0,-97.2,4.7,0.0,125.0,0
D005984,4.7,1184.0,1.14,32.5,0.49,-65.4,-47.9,22.9,42.0,-95.1,7.9,1.0,124.0,1
D005985,3.4,1004.0,1.55,23.5,,-61.0,-50.7,27.6,58.0,-96.2,0.8,0.0,117.0,0
D005986,5.3,1182.0,1.23,30.5,0.49,-65.8,-49.9,24.4,42.0,-95.0,5.9,1.0,120.0,0
D005987,4.5,1066.0,0.86,37.5,0.6,-66.0,-47.5,28.5,49.0,-95.6,12.8,1.0,124.0,0
D005988,5.3,1191.0,1.13,34.5,0.43,-61.6,-48.7,22.0,31.0,-99.4,3.8,1.0,120.0,1
D005989,5.2,1091.0,1.11,31.0,0.43,-66.0,-51.2,25.0,46.0,-94.7,8.4,1.0,126.0,1
D005990,4.4,1188.0,1.17,,0.48,-65.9,-47.9,22.7,41.0,-95.2,12.3,1.0,128.0,1
D005991,5.2,1144.0,0.99,31.5,0.43,-65.6,-49.8,21.8,45.0,-96.3,12.3,1.0,128.0,1
D005992,4.8,1003.0,1.25,28.0,0.32,-69.1,-50.1,28.3,55.0,-97.9,21.7,0.0,136.0,0
D005993,5.1,1212.0,1.22,31.0,0.49,-65.7,,23.5,45.0,-95.2,9.8,0.0,132.0,1
D005994,5.5,1252.0,1.12,22.0,,-65.4,-50.4,24.4,42.0,-95.9,8.6,1.0,118.0,1
D005995,3.1,1164.0,1.1,28.0,0.35,-65.3,-52.4,20.2,54.0,-90.4,23.6,,140.0,0
D005996,5.0,1074.0,0.98,28.5,0.49,-65.9,-51.1,25.7,43.0,-95.6,8.5,1.0,128.0,1
D005997,4.0,1191.0,1.12,30.0,0.5,-64.1,-50.5,23.5,43.0,-96.3,11.3,1.0,129.0,0
D005998,4.9,1211.0,1.01,26.0,0.46,-63.5,-51.0,25.1,42.0,-96.0,6.8,,119.0,1
D005999,4.4,1172.0,1.12,25.5,0.46,-64.5,-52.4,23.2,41.0,-94.9,8.7,1.0,123.0,1
D006000,5.4,1219.0,0.98,31.0,0.46,-64.8,-49.2,23.6,45.0,-95.2,11.6,0.0,133.0,1
D006001,,1191.0,1.07,25.5,0.47,-65.8,-51.5,23.1,44.0,-97.7,7.8,0.0,130.0,1
D006002,4.2,1209.0,1.2,27.0,,-65.8,-48.0,23.6,42.0,-97.3,9.2,1.0,124.0,0
D006003,3.6,1264.0,1.06,31.0,0.36,-61.5,,25.4,53.0,-99.2,,0.0,134.0,0
D006004,4.9,1042.0,0.81,32.5,0.55,-68.6,-45.6,20.3,33.0,-97.2,3.0,1.0,147.0,1
D006005,5.0,1165.0,1.05,28.0,0.48,-62.8,-51.5,22.5,45.0,-95.0,9.9,1.0,129.0,1
D006006,4.1,1152.0,1.08,36.5,0.47,-69.9,-45.0,22.9,48.0,-95.3,12.0,1.0,,1
D006007,4.2,1129.0,1.05,35.0,0.45,-60.6,-50.9,29.0,56.0,-92.9,21.6,0.0,103.0,0
D006008,4.8,1166.0,1.02,31.5,0.49,-64.7,-49.8,24.3,39.0,-94.6,9.7,,126.0,1
D006009,4.6,1214.0,1.01,30.5,0.49,-64.9,-50.1,24.0,42.0,-94.9,8.6,0.0,130.0,1
D006010,4.1,1147.0,1.18,25.0,0.5,-64.5,-49.4,25.6,47.0,-95.5,11.1,1.0,137.0,0
D006011,4.9,1177.0,1.17,30.0,0.49,-65.6,-50.4,24.6,,-93.1,5.6,1.0,124.0,0
D006012,4.4,1210.0,1.04,28.5,0.42,-67.7,-48.6,22.6,45.0,-93.8,5.8,0.0,130.0,1
D006013,4.0,1162.0,,35.0,0.61,-63.2,-45.3,28.3,50.0,-91.2,13.2,0.0,145.0,0
D006014,5.8,1022.0,1.36,30.0,0.51,-66.4,-53.7,23.2,37.0,-97.8,18.2,1.0,123.0,1
D006015,4.4,1186.0,1.1,28.0,0.52,-67.0,-50.0,25.6,48.0,-95.8,8.1,0.0,126.0,1
D006016,4.7,1215.0,1.11,27.0,0.5,-66.4,-49.2,22.8,45.0,-97.2,9.0,1.0,130.0,1
D006017,3.2,1324.0,0.95,36.0,0.44,-61.3,-49.4,24.6,53.0,-91.5,4.6,1.0,122.0,0
D006018,4.6,1195.0,1.23,29.5,0.49,-65.6,-51.2,23.7,42.0,-95.0,6.8,0.0,125.0,1
D006019,4.0,1223.0,0.83,24.0,0.66,-66.2,-50.7,28.9,51.0,-96.1,0.4,1.0,116.0,0
D006020,5.4,1198.0,1.15,28.0,0.49,-66.4,-50.2,,48.0,-95.7,11.6,0.0,128.0,1
D006021,3.2,1178.0,1.59,39.5,0.38,-60.5,-45.9,22.4,,-95.0,8.5,,146.0,0
D006022,5.5,1157.0,1.22,28.5,0.42,-65.0,-51.1,24.9,44.0,-95.4,8.9,1.0,134.0,1
D006023,4.8,1214.0,1.07,28.0,0.44,-66.5,-51.5,24.9,43.0,-93.9,9.3,1.0,131.0,1
D006024,5.0,1182.0,1.19,27.5,0.48,-67.2,-51.5,24.7,36.0,-94.6,10.8,0.0,,1
D006025,6.8,1199.0,0.99,31.0,0.6,-68.4,-48.8,26.8,50.0,-92.3,9.9,1.0,148.0,1
D006026,5.5,1154.0,1.25,32.5,0.45,-64.0,-50.6,23.4,46.0,-97.0,4.3,1.0,132.0,1
D006027,5.3,1239.0,1.06,31.5,0.48,-63.2,-49.1,22.0,45.0,-96.8,11.5,1.0,135.0,1
D006028,4.7,1172.0,1.01,29.0,0.51,-65.8,-49.5,23.0,48.0,-94.1,6.9,1.0,125.0,0
D006029,5.1,1128.0,1.02,28.5,0.45,-65.4,-49.8,23.2,41.0,-94.9,10.5,0.0,128.0,1
D006030,5.7,1154.0,1.32,29.5,0.44,-65.2,-49.4,22.6,47.0,-94.3,7.5,1.0,126.0,1
D006031,4.4,1299.0,0.8,25.5,0.7,-69.2,-53.1,26.2,43.0,-90.4,7.4,0.0,116.0,0
D006032,4.4,1172.0,1.11,27.5,0.52,-66.2,-49.2,24.7,46.0,-94.6,7.9,1.0,130.0,0
D006033,4.3,1157.0,1.2,28.5,0.48,-66.1,-48.5,25.7,39.0,-95.5,7.9,1.0,122.0,1
D006034,5.1,1073.0,1.33,25.0,0.46,-64.1,-52.6,29.9,,-90.4,20.3,1.0,120.0,0
D006035,4.1,1175.0,1.13,27.5,0.56,-63.6,-48.9,23.7,45.0,-96.6,11.8,0.0,124.0,0
D006036,5.4,1234.0,1.06,35.5,0.7,-65.2,-51.5,21.3,46.0,-93.0,3.7,0.0,144.0,1
D006037,5.1,1280.0,1.16,25.5,0.3,-61.1,-53.3,24.3,34.0,-90.9,5.6,1.0,129.0,0
D006038,5.5,1250.0,1.07,31.5,0.52,-65.0,-50.0,24.3,47.0,-94.8,12.7,1.0,140.0,1
D006039,4.3,1041.0,1.06,24.0,0.46,-67.2,-49.8,27.6,53.0,-97.9,4.8,0.0,107.0,0
D006040,5.0,1264.0,1.07,30.0,0.51,-64.8,-49.7,22.5,43.0,,14.3,0.0,131.0,1
D006041,4.3,1126.0,1.01,30.5,0.52,-67.1,-49.7,,48.0,-94.3,13.1,1.0,132.0,1
D006042,4.1,1161.0,0.95,27.5,0.52,-65.9,-48.5,25.9,47.0,-96.7,7.2,0.0,129.0,1
D006043,5.6,1129.0,0.98,29.5,0.45,-68.4,-51.0,24.3,46.0,-96.2,6.8,0.0,123.0,1
D006044,5.2,1209.0,1.08,30.0,0.48,-63.4,-50.7,25.4,42.0,-95.7,11.7,,129.0,1
D006045,4.7,1111.0,1.17,33.0,0.52,-65.4,-49.3,23.3,42.0,-97.5,11.0,1.0,129.0,1
D006046,4.6,1055.0,1.17,28.0,0.47,-65.5,-48.6,23.3,,-94.0,9.1,1.0,129.0,0
D006047,4.8,1169.0,1.17,31.0,0.44,-65.3,-50.0,23.0,41.0,-94.4,8.5,0.0,136.0,1
D006048,4.7,1249.0,1.05,31.5,0.5,-65.2,-49.1,23.2,45.0,-95.2,10.7,1.0,121.0,1
D006049,,1241.0,0.92,21.0,0.43,-63.5,-53.6,22.5,39.0,-98.0,17.1,,133.0,0
D006050,4.3,1164.0,1.12,28.5,0.46,-65.5,-49.0,23.4,40.0,,7.9,1.0,128.0,1
D006051,3.2,1238.0,0.8,31.5,0.69,-62.4,-50.8,,,-92.9,1.1,0.0,149.0,0
D006052,4.8,1248.0,1.08,32.0,0.5,-66.7,-49.3,23.7,46.0,-96.7,9.6,0.0,123.0,1
D006053,6.8,1055.0,1.34,23.5,0.35,-70.0,-54.4,20.6,,-92.1,12.7,1.0,118.0,1
D006054,5.6,1305.0,1.15,22.0,0.33,-61.7,-49.9,23.7,43.0,-95.4,14.5,0.0,102.0,0
D006055,4.2,1131.0,1.02,27.5,0.33,-69.1,-47.6,24.0,54.0,-91.5,17.7,0.0,124.0,0
D006056,4.9,1113.0,0.99,25.0,0.46,-66.0,-50.6,,44.0,-97.2,9.7,1.0,128.0,1
D006057,5.5,1208.0,1.15,26.5,0.51,-64.9,-50.5,23.3,48.0,-96.5,10.2,1.0,114.0,1
D006058,4.2,1169.0,1.02,26.0,0.47,-65.4,-51.3,23.3,46.0,-94.9,8.6,1.0,126.0,0
D006059,3.2,1249.0,0.81,34.0,0.4,-66.6,-48.6,27.4,49.0,-93.4,0.6,1.0,122.0,1
D006060,4.9,1205.0,1.08,33.0,0.52,-65.3,-49.1,22.0,49.0,-96.0,9.1,0.0,133.0,0
D006061,4.1,1166.0,0.99,29.5,0.53,-64.6,-50.7,24.6,45.0,-94.8,11.9,0.0,130.0,1
D006062,4.6,1158.0,1.17,30.5,0.46,-66.4,-51.7,24.6,48.0,-93.6,,1.0,128.0,1
D006063,4.2,1208.0,1.13,29.5,0.51,-63.6,-49.1,23.2,41.0,-94.2,4.0,1.0,125.0,0
D006064,5.0,1193.0,0.94,27.5,0.54,-67.5,-49.4,25.2,42.0,-95.0,11.2,1.0,128.0,1
D006065,5.1,1199.0,1.06,27.0,0.49,-64.9,-51.4,24.3,43.0,-95.9,7.8,0.0,131.0,1
D006066,4.9,1142.0,1.17,30.0,0.49,-66.0,-49.8,25.1,36.0,-93.6,6.0,0.0,125.0,1
D006067,5.7,1279.0,1.34,24.0,0.59,-65.5,-51.3,22.3,53.0,-98.6,6.3,0.0,110.0,1
D006068,4.3,1188.0,1.04,26.5,0.51,-64.3,-50.8,23.8,45.0,-94.5,6.5,0.0,122.0,1
D006069,4.6,1196.0,1.13,30.0,0.48,-67.1,-48.3,23.9,47.0,-96.7,7.1,1.0,123.0,1
D006070,4.0,1240.0,1.28,25.5,0.46,-69.3,,23.1,32.0,-91.5,11.9,1.0,143.0,1
D006071,4.2,1369.0,0.83,32.5,0.48,-62.1,-46.7,29.7,33.0,-93.0,,1.0,,0
D006072,4.4,1241.0,1.05,32.0,0.47,-65.8,-48.2,22.2,48.0,-96.1,5.1,1.0,125.0,1
D006073,5.6,1191.0,1.07,28.0,0.51,-64.1,-48.9,24.7,38.0,-96.2,8.0,1.0,126.0,1
D006074,4.6,1318.0,1.13,,0.53,-66.0,-48.5,24.4,43.0,-94.9,,1.0,129.0,0
D006075,5.1,1194.0,1.02,27.0,0.49,-65.3,-51.1,23.8,43.0,,9.4,0.0,127.0,1
D006076,5.4,1298.0,1.58,30.5,0.55,-67.0,-49.7,20.7,31.0,-99.9,11.3,0.0,136.0,1
D006077,4.9,1001.0,1.41,30.0,0.33,-69.9,-47.5,23.2,33.0,-90.9,5.1,0.0,131.0,0
D006078,5.3,1241.0,1.21,29.5,0.43,-64.1,-49.2,22.7,47.0,-96.2,8.9,1.0,129.0,1
D006079,5.1,1127.0,1.47,31.5,0.52,-68.7,-46.9,28.7,42.0,-98.8,5.2,0.0,112.0,0
D006080,3.4,1046.0,1.19,27.0,0.57,-66.4,-50.2,20.5,33.0,-92.6,13.8,1.0,120.0,0
D006081,5.1,1207.0,1.32,26.5,0.62,-60.6,-47.5,24.6,33.0,-95.1,23.2,1.0,128.0,0
D006082,5.8,1203.0,1.17,25.5,0.41,-66.6,-51.8,25.2,46.0,-96.3,12.2,0.0,122.0,1
D006083,5.9,1328.0,0.94,33.5,0.63,-61.6,-45.6,29.1,46.0,-99.9,7.1,1.0,118.0,0
D006084,4.5,1163.0,1.14,28.0,0.43,-66.1,-50.4,23.6,47.0,-95.6,9.5,1.0,125.0,1
D006085,4.9,1150.0,1.06,28.5,0.52,-65.0,-50.0,24.6,41.0,,7.8,1.0,126.0,1
D006086,4.9,1175.0,1.11,32.5,0.5,-66.1,-48.5,25.9,40.0,-96.8,6.5,0.0,137.0,1
D006087,4.5,1143.0,1.08,27.5,0.52,-64.9,-49.4,24.6,43.0,-95.8,6.1,,121.0,1
D006088,5.5,1206.0,1.14,32.5,0.47,-65.4,-48.1,24.2,,-96.7,11.0,0.0,120.0,1
D006089,7.0,1147.0,1.06,29.5,0.63,-61.3,-53.2,20.9,37.0,-97.2,1.4,0.0,128.0,1
D006090,4.6,1173.0,0.92,29.0,0.52,-64.9,-49.5,25.2,42.0,-94.8,7.1,1.0,134.0,1
D006091,4.5,1240.0,1.15,30.0,0.43,-66.0,-49.6,21.8,44.0,,8.3,0.0,,1
D006092,6.6,1227.0,1.0,25.5,0.66,-61.1,-46.0,27.6,57.0,-98.0,5.8,1.0,142.0,0
D006093,3.6,,1.1,29.0,0.42,-65.6,-50.1,23.1,47.0,-94.4,12.6,0.0,130.0,0
D006094,5.6,1170.0,1.03,31.0,0.45,-65.2,-50.0,23.7,45.0,-95.8,4.1,1.0,126.0,1
D006095,5.0,1127.0,1.09,30.0,0.44,-65.0,-51.0,24.5,50.0,-94.6,10.9,1.0,130.0,0
D006096,4.6,1125.0,1.07,33.5,0.46,-65.8,-50.5,23.6,42.0,-97.4,10.7,0.0,125.0,1
D006097,3.4,1278.0,1.43,25.5,0.41,-62.0,-47.5,22.0,60.0,-92.4,13.4,1.0,137.0,0
D006098,5.4,1230.0,1.15,29.5,0.53,-64.0,-50.1,23.9,44.0,-95.7,11.9,1.0,130.0,1
D006099,5.4,1221.0,,35.0,0.61,-67.3,-48.5,27.2,35.0,-94.5,19.1,1.0,114.0,0
D006100,4.8,1157.0,1.1,30.5,,-64.0,-50.0,21.8,48.0,-96.7,8.4,1.0,130.0,0
D006101,4.6,1163.0,1.13,27.0,0.5,-65.3,-49.6,24.3,41.0,-95.7,9.7,1.0,122.0,1
D006102,4.7,1214.0,1.12,27.5,0.49,-66.4,-50.2,23.0,43.0,-97.1,14.6,1.0,125.0,1
D006103,4.8,,1.15,27.5,0.5,-64.6,-51.0,24.1,46.0,-96.4,10.3,0.0,122.0,1
D006104,4.7,1188.0,1.19,25.5,0.54,-65.7,-50.4,24.1,46.0,-94.4,6.1,0.0,132.0,1
D006105,5.3,1151.0,1.07,32.5,0.49,-66.1,-49.3,24.8,44.0,-96.5,6.3,1.0,127.0,1
D006106,5.4,1223.0,1.57,20.5,0.31,-62.2,-54.9,21.3,39.0,-98.1,5.7,0.0,110.0,0
D006107,5.0,1176.0,1.13,32.0,0.48,-64.8,-50.7,24.4,45.0,-96.9,6.9,1.0,121.0,1
D006108,7.0,1010.0,1.46,37.0,0.45,-68.1,-50.6,26.1,51.0,-98.5,11.7,0.0,112.0,1
D006109,4.7,1202.0,1.06,26.5,0.41,-63.8,-52.3,22.5,48.0,-95.4,9.9,1.0,133.0,0
D006110,5.2,1187.0,1.14,29.5,0.51,-65.2,-47.5,25.0,38.0,-96.4,9.4,1.0,133.0,1
D006111,5.3,1184.0,1.07,30.0,0.48,-66.7,-49.8,24.6,42.0,-96.3,5.3,1.0,128.0,1
D006112,,1007.0,,25.0,0.33,-60.0,-46.7,26.4,53.0,-97.8,20.9,0.0,149.0,0
D006113,4.3,1227.0,1.13,30.0,0.5,-66.6,-50.1,25.7,43.0,-95.5,7.5,1.0,120.0,0
D006114,5.1,1130.0,1.07,29.0,0.54,-65.4,-49.4,24.9,46.0,-94.7,10.2,1.0,130.0,1
D006115,5.3,1067.0,1.57,37.5,0.67,-63.9,-49.8,26.2,50.0,-92.1,8.1,1.0,144.0,1
D006116,4.2,1124.0,1.22,28.5,0.42,-63.4,-48.7,22.5,44.0,-95.8,10.2,1.0,133.0,0
D006117,4.7,1251.0,1.11,30.0,0.42,-65.7,-49.6,24.8,43.0,-96.4,9.7,1.0,127.0,0
D006118,4.4,1140.0,1.11,29.0,0.46,-63.1,-48.8,23.7,45.0,-95.2,9.3,1.0,125.0,0
D006119,,1205.0,0.98,27.5,0.31,-61.6,-48.1,28.9,59.0,-92.8,7.8,1.0,119.0,0
D006120,5.0,1068.0,0.94,33.5,0.49,-67.1,-49.8,25.4,47.0,-96.4,4.8,1.0,123.0,1
D006121,4.6,1244.0,1.0,22.0,0.34,-63.4,-50.9,20.4,44.0,-94.4,23.5,1.0,117.0,0
D006122,3.2,1190.0,1.46,25.0,0.37,-61.1,-48.5,25.0,37.0,-98.7,,1.0,134.0,0
D006123,5.2,1173.0,1.22,31.0,0.49,,-51.5,23.8,46.0,-96.0,5.0,1.0,,1
D006124,4.8,1151.0,1.09,29.5,0.55,-64.6,-50.0,24.3,40.0,-95.8,8.9,0.0,134.0,1
D006125,5.3,1200.0,1.06,32.0,0.47,,-48.3,23.5,46.0,-94.8,7.3,0.0,125.0,1
D006126,5.0,1221.0,1.09,30.5,0.49,-64.9,-50.5,22.4,45.0,-94.3,12.1,1.0,127.0,1
D006127,6.6,1334.0,1.6,28.0,0.42,-62.7,-48.5,23.7,45.0,-93.2,2.9,0.0,131.0,1
D006128,4.2,1323.0,1.59,36.0,0.64,-66.5,-53.8,24.1,60.0,-97.4,8.4,0.0,143.0,1
D006129,3.1,1190.0,0.82,36.0,0.42,-60.3,-45.2,27.6,46.0,-96.8,3.5,1.0,120.0,0
D006130,5.0,1166.0,1.0,29.5,0.46,-65.5,-50.7,23.5,44.0,-95.1,10.0,0.0,133.0,1
D006131,4.9,1242.0,0.97,30.5,0.52,-65.1,-49.8,24.8,48.0,-94.1,8.2,1.0,131.0,1
D006132,5.0,1141.0,1.25,28.0,0.51,-65.1,-47.8,23.9,40.0,-95.3,8.5,1.0,125.0,1
D006133,4.4,1316.0,0.81,23.5,0.5,-65.9,-53.4,27.4,56.0,-95.8,18.0,0.0,129.0,0
D006134,5.2,1323.0,0.9,24.0,0.37,-60.5,-54.6,26.4,48.0,-96.0,12.5,0.0,130.0,0
D006135,4.6,1172.0,1.16,28.0,0.53,-66.3,-50.4,24.2,48.0,-95.2,6.2,0.0,,1
D006136,3.6,1142.0,0.85,32.5,0.69,-60.2,-46.8,29.7,58.0,-99.4,17.8,1.0,107.0,0
D006137,5.1,1206.0,1.08,31.0,0.45,-65.4,-50.4,23.8,41.0,-94.5,7.8,1.0,128.0,1
D006138,3.5,1396.0,0.87,25.5,0.41,-65.1,-53.4,25.7,,-97.2,21.1,1.0,105.0,0
D006139,5.9,1153.0,1.56,34.5,0.65,-65.6,-45.5,23.4,42.0,-97.5,10.6,0.0,106.0,0
D006140,4.6,1207.0,1.13,32.0,0.53,-66.6,-49.7,25.4,44.0,-95.7,7.2,0.0,133.0,1
D006141,4.1,1147.0,0.96,26.5,0.46,-64.7,-50.4,24.4,,-95.1,11.2,1.0,126.0,0
D006142,4.1,1143.0,1.02,21.5,0.51,-65.8,-50.1,24.5,44.0,-94.1,8.8,1.0,123.0,0
D006143,3.8,1244.0,1.18,,0.55,-65.9,-53.2,24.9,34.0,-90.4,0.9,1.0,105.0,0
D006144,5.2,1194.0,1.2,28.5,0.45,-66.4,-52.3,24.1,43.0,-95.8,12.3,0.0,127.0,1
D006145,4.7,1169.0,,31.0,0.57,-67.0,-50.3,24.6,,-95.1,15.1,,123.0,1
D006146,4.9,1167.0,1.04,28.5,0.48,-64.7,-49.9,24.0,45.0,-96.7,6.4,1.0,131.0,1
D006147,5.1,1250.0,1.21,32.0,0.45,-65.1,-49.8,23.6,44.0,-95.7,6.8,0.0,121.0,1
D006148,5.5,1151.0,1.06,29.5,0.47,-65.4,-50.2,,43.0,-93.1,10.3,1.0,133.0,1
D006149,4.9,1256.0,1.04,26.0,0.45,-64.4,-50.5,24.3,45.0,-96.5,7.2,1.0,116.0,0
D006150,6.3,1138.0,1.22,20.5,0.51,-62.3,-46.3,25.1,31.0,-92.6,22.7,0.0,127.0,0
D006151,4.0,1380.0,1.08,37.0,0.44,-62.4,-54.3,22.7,56.0,-93.5,19.2,1.0,110.0,0
D006152,6.1,1380.0,1.21,37.0,0.38,-62.9,-52.9,20.3,32.0,-92.6,5.8,0.0,126.0,1
D006153,4.7,1137.0,1.16,31.5,0.47,-64.6,-49.7,23.8,48.0,-96.7,10.8,1.0,130.0,0
D006154,3.9,1071.0,1.32,33.0,0.37,-61.9,-48.6,20.4,42.0,-96.7,12.5,0.0,130.0,0
D006155,4.9,1111.0,1.15,30.5,0.44,-66.8,-50.8,24.2,41.0,-94.3,10.8,1.0,131.0,1
D006156,5.9,1338.0,1.04,36.0,0.43,-66.2,-49.9,23.6,53.0,-98.7,16.9,1.0,113.0,1
D006157,5.2,1145.0,1.12,27.0,0.42,-64.4,-50.0,24.6,42.0,-95.6,6.4,0.0,133.0,1
D006158,4.7,1195.0,1.1,31.0,0.54,-64.7,-50.6,22.9,46.0,-95.6,8.0,1.0,133.0,1
D006159,3.4,1354.0,1.48,33.0,0.42,-64.7,-54.0,24.1,37.0,-96.9,10.3,0.0,112.0,1
D006160,6.0,1114.0,0.82,29.5,0.58,-61.0,-49.5,24.6,48.0,-91.7,11.8,0.0,117.0,1
D006161,5.0,1154.0,1.17,27.0,0.48,-63.8,-50.0,23.7,42.0,-94.7,6.5,1.0,132.0,1
D006162,4.6,1189.0,1.09,27.0,0.46,-66.2,-49.6,25.6,43.0,-95.4,9.7,1.0,137.0,1
D006163,6.4,1035.0,0.94,34.5,0.67,-68.5,-49.2,20.9,55.0,-93.3,11.9,1.0,142.0,1
D006164,6.8,1326.0,1.1,29.5,0.45,,-54.0,22.8,45.0,-91.4,6.4,0.0,118.0,1
D006165,4.4,1210.0,1.12,,0.5,-65.4,-48.8,22.7,44.0,-96.3,8.6,1.0,133.0,1
D006166,4.8,1212.0,1.17,26.5,0.45,-63.3,-51.0,22.5,49.0,-94.9,12.8,0.0,133.0,0
D006167,,1117.0,1.12,31.0,0.52,-65.2,-49.6,23.9,48.0,-96.9,9.1,0.0,128.0,1
D006168,4.2,1239.0,0.81,27.5,0.7,-67.8,-54.7,21.3,37.0,-94.2,2.2,0.0,148.0,1
D006169,4.3,1174.0,1.09,29.0,0.48,-65.8,-49.9,23.3,42.0,-94.5,12.3,1.0,133.0,0
D006170,5.4,1161.0,1.26,31.0,0.42,-66.4,-51.8,23.1,45.0,-95.9,12.5,0.0,120.0,1
D006171,5.9,1025.0,1.29,35.5,0.57,-62.1,-45.4,20.3,40.0,-92.1,15.3,1.0,132.0,0
D006172,4.1,1147.0,1.16,27.0,0.49,-64.6,-50.1,23.1,43.0,-95.6,10.7,1.0,127.0,0
D006173,5.2,1306.0,1.15,32.0,0.34,-63.6,-49.8,24.0,54.0,-98.2,4.8,1.0,102.0,1
D006174,4.6,1160.0,1.01,27.5,0.42,-65.9,-50.8,23.2,44.0,-97.5,6.8,1.0,,0
D006175,3.8,1162.0,1.12,29.5,0.45,-66.2,-49.8,24.3,40.0,-95.6,9.5,1.0,127.0,0
D006176,4.8,1169.0,1.06,31.5,0.5,-65.5,-49.7,24.4,44.0,-94.1,9.5,1.0,123.0,1
D006177,4.5,1017.0,1.32,22.0,0.51,-65.7,-53.9,22.3,55.0,-93.5,4.9,0.0,114.0,1
D006178,4.8,1182.0,1.26,27.5,0.48,-66.4,-49.4,25.3,46.0,-95.8,11.3,0.0,126.0,0
D006179,3.5,1211.0,1.6,22.0,,-61.7,-45.2,22.3,56.0,-99.5,14.5,1.0,118.0,0
D006180,6.0,1200.0,1.25,21.0,0.52,-60.6,-49.7,22.2,36.0,-91.3,14.8,1.0,144.0,1
D006181,6.3,1337.0,0.93,21.5,0.57,-65.1,-47.8,20.3,47.0,-99.9,19.1,0.0,103.0,0
D006182,6.9,1239.0,1.39,29.5,0.46,-69.2,-45.7,25.9,39.0,-97.1,,0.0,107.0,1
D006183,6.3,1128.0,1.41,34.5,0.38,,-46.4,29.5,55.0,-96.6,9.7,1.0,147.0,0
D006184,4.4,1210.0,1.21,30.5,0.5,-66.7,-50.8,23.3,42.0,-95.9,5.8,1.0,119.0,1
D006185,4.1,1196.0,1.26,26.5,0.52,-62.3,-50.9,23.1,45.0,-95.0,8.0,1.0,101.0,0
D006186,4.4,1168.0,0.93,25.5,0.5,-66.1,-53.8,22.5,55.0,-92.3,15.3,0.0,118.0,1
D006187,5.7,1180.0,1.32,38.5,0.56,-66.4,-50.9,22.0,33.0,-96.2,19.4,1.0,108.0,1
D006188,4.7,1165.0,1.16,31.0,0.52,-65.4,-52.8,24.6,48.0,-93.6,8.4,1.0,128.0,1
D006189,6.1,1124.0,1.05,33.0,0.53,-69.4,-52.1,28.0,44.0,-97.7,,0.0,122.0,1
D006190,6.0,1367.0,1.08,32.0,0.54,-61.0,-50.9,21.3,44.0,-95.7,15.3,0.0,102.0,0
D006191,5.1,1158.0,1.13,33.0,0.52,-66.5,-49.5,22.9,49.0,-97.4,9.3,1.0,125.0,1
D006192,5.2,1173.0,1.19,32.0,0.52,-65.8,-50.6,23.5,46.0,-96.4,12.2,1.0,135.0,1
D006193,4.7,1253.0,1.17,27.0,0.45,-66.6,-50.4,23.7,45.0,-95.7,8.0,1.0,125.0,1
D006194,4.9,1183.0,1.11,28.0,0.47,-64.5,-50.9,23.4,45.0,-95.6,8.5,0.0,134.0,1
D006195,4.0,1353.0,1.53,39.5,0.66,-61.1,-53.7,26.2,49.0,-90.8,13.9,0.0,126.0,0
D006196,3.4,1245.0,1.49,39.0,0.35,-61.7,-49.8,28.2,55.0,-90.7,12.9,1.0,115.0,0
D006197,4.6,1095.0,1.29,26.5,0.54,-66.8,-51.4,25.8,47.0,-95.4,6.7,0.0,124.0,1
D006198,4.6,1090.0,1.24,29.5,0.54,-69.4,-51.2,27.1,40.0,-91.9,2.6,1.0,107.0,1
D006199,4.8,1246.0,0.88,30.0,0.5,-65.7,-50.5,23.5,42.0,-97.6,9.0,1.0,128.0,1
D006200,4.6,1259.0,0.8,27.0,0.68,-64.5,-47.4,22.2,39.0,-97.6,13.8,1.0,134.0,0
D006201,6.3,1214.0,0.97,25.5,0.44,-62.7,-53.3,23.0,,-97.7,18.0,0.0,136.0,1
D006202,5.0,1235.0,1.11,30.0,0.48,-65.7,-51.2,22.7,48.0,-95.9,10.9,1.0,130.0,1
D006203,5.1,1170.0,1.15,30.5,0.4,-65.0,-50.3,21.1,48.0,-97.0,8.1,1.0,132.0,1
D006204,4.7,1236.0,1.01,26.5,0.53,-65.8,-51.1,24.1,46.0,-95.8,10.0,0.0,123.0,1
D006205,5.2,1256.0,1.1,27.0,0.54,-65.4,-49.7,21.3,42.0,-97.5,11.7,,121.0,1
D006206,4.9,1173.0,1.09,29.5,0.47,-65.2,-50.6,22.7,43.0,-94.2,5.2,1.0,132.0,1
D006207,5.0,1075.0,0.95,36.5,0.63,-61.4,-52.0,22.4,60.0,-90.6,10.2,0.0,131.0,1
D006208,5.3,1251.0,1.19,26.5,0.48,-65.1,-50.2,23.3,45.0,-95.1,6.4,0.0,130.0,1
D006209,5.4,1196.0,1.16,27.0,0.46,-65.5,-52.2,24.7,46.0,-95.9,9.3,1.0,119.0,1
D006210,3.9,1216.0,1.12,29.0,0.53,-68.4,-53.1,25.3,34.0,-98.0,0.5,0.0,101.0,1
D006211,4.4,1136.0,1.21,27.5,0.41,-64.6,-49.5,24.9,41.0,-95.5,8.6,1.0,123.0,0
D006212,5.0,1177.0,0.95,30.0,0.52,-66.1,-47.0,23.6,42.0,-95.3,10.2,0.0,123.0,1
D006213,4.3,1106.0,1.13,28.5,0.46,-66.0,-49.7,23.1,41.0,-94.7,9.8,0.0,121.0,1
D006214,4.0,1112.0,1.56,28.0,0.37,-62.5,-54.5,26.5,30.0,-91.5,1.1,1.0,108.0,0
D006215,4.8,1233.0,1.21,29.0,0.46,-65.8,-49.1,24.6,39.0,-93.7,5.3,0.0,114.0,1
D006216,4.6,1158.0,1.13,26.5,0.5,-65.8,-50.4,24.4,39.0,-96.7,11.9,1.0,128.0,1
D006217,4.6,1209.0,1.11,31.0,0.5,-65.5,-50.2,22.6,45.0,-96.2,5.5,0.0,129.0,1
D006218,4.8,1129.0,1.26,30.5,0.51,-66.5,-49.0,24.4,44.0,-95.0,11.1,0.0,,1
D006219,4.7,1164.0,1.07,27.5,0.47,-65.6,-50.1,23.8,49.0,-96.4,10.6,1.0,135.0,1
D006220,4.6,1214.0,1.19,28.5,0.6,-62.7,-50.1,26.0,46.0,-98.4,4.9,1.0,104.0,0
D006221,4.8,1209.0,1.2,24.5,0.41,-66.0,-50.3,23.7,42.0,-96.2,7.0,1.0,125.0,1
D006222,4.1,1124.0,1.12,28.0,0.47,-65.5,-48.9,24.0,46.0,-95.2,,0.0,134.0,1
D006223,4.6,1183.0,0.98,29.5,0.46,-66.2,-52.0,25.0,41.0,-95.5,5.9,0.0,137.0,1
D006224,,1210.0,1.22,31.5,0.42,-67.1,-47.9,24.1,45.0,-96.2,12.4,1.0,126.0,0
D006225,5.1,1163.0,1.03,30.0,0.43,-64.6,-48.5,25.2,43.0,-94.8,7.4,0.0,133.0,1
D006226,4.7,1208.0,0.94,29.5,0.42,-67.6,-49.2,23.3,44.0,-94.0,8.3,0.0,124.0,1
D006227,5.5,1121.0,1.01,34.5,0.44,-63.5,-45.4,20.2,45.0,-99.1,1.9,1.0,135.0,1
D006228,4.7,1249.0,1.52,33.0,0.63,-63.2,-50.8,28.6,,-97.7,3.6,0.0,112.0,0
D006229,5.0,1209.0,0.96,24.5,0.5,-65.9,-50.8,,43.0,-95.9,13.8,0.0,133.0,1
D006230,5.0,1198.0,1.1,32.0,0.49,-65.4,-50.9,23.5,46.0,-97.1,8.0,0.0,131.0,1
D006231,4.7,1226.0,1.01,28.5,0.55,-65.7,-50.3,23.2,47.0,-95.6,9.9,0.0,128.0,1
D006232,4.5,1217.0,1.29,23.5,0.48,-65.3,-50.4,24.4,,-96.1,10.7,1.0,136.0,0
D006233,5.1,1108.0,1.09,28.5,0.48,-66.6,-51.4,24.2,48.0,,5.0,1.0,132.0,1
D006234,5.0,1128.0,1.1,25.5,0.46,-67.4,-50.8,24.5,42.0,-94.7,9.6,0.0,127.0,1
D006235,3.9,1015.0,1.14,31.5,0.64,-68.0,-50.2,24.9,49.0,-93.5,3.4,1.0,150.0,1
D006236,6.6,1209.0,1.12,33.5,0.37,-63.6,-46.4,28.8,59.0,-99.6,18.1,0.0,118.0,0
D006237,4.6,1165.0,1.18,31.0,0.47,-65.6,-50.4,25.3,44.0,-94.4,11.3,1.0,,1
D006238,4.2,1190.0,1.39,32.5,0.3,-65.1,-52.9,24.2,31.0,-92.5,,0.0,107.0,0
D006239,4.9,1133.0,1.1,29.5,0.37,-66.2,-49.6,23.1,43.0,-94.4,8.6,0.0,132.0,1
D006240,5.0,1213.0,1.02,29.0,0.44,-65.1,-50.1,23.2,48.0,-95.4,8.7,0.0,121.0,0
D006241,4.3,1263.0,1.19,29.0,0.32,-61.9,-48.9,28.0,34.0,,2.4,1.0,121.0,0
D006242,5.2,1256.0,1.08,31.5,0.49,-65.0,-49.5,23.9,41.0,-96.3,10.9,1.0,,1
D006243,6.9,1005.0,1.53,27.0,0.48,-63.8,-52.4,22.5,40.0,-91.7,23.6,1.0,106.0,0
D006244,4.3,1192.0,1.0,28.0,0.49,-64.9,-51.2,24.4,43.0,-95.8,10.4,1.0,134.0,0
D006245,4.7,1139.0,1.26,24.0,0.62,-61.0,-54.4,24.3,47.0,-98.5,18.1,0.0,105.0,0
D006246,5.0,1135.0,1.07,31.5,0.39,-64.4,-48.7,26.0,42.0,-94.7,6.9,1.0,133.0,0
D006247,5.0,1203.0,1.12,26.0,0.51,-66.1,-49.7,25.6,44.0,-95.6,8.6,1.0,135.0,1
D006248,4.9,1159.0,1.01,31.5,0.44,-66.5,-48.1,23.7,44.0,-96.0,8.1,0.0,136.0,1
D006249,5.6,1251.0,1.28,39.5,0.45,-65.6,-51.5,24.7,37.0,-99.5,15.3,1.0,138.0,1
D006250,5.7,1036.0,1.18,26.5,0.44,-64.7,-46.7,21.4,56.0,-92.8,5.3,0.0,146.0,1
D006251,4.5,1195.0,0.97,29.5,0.47,-63.8,-48.0,24.0,48.0,-96.7,10.1,1.0,138.0,0
D006252,6.4,1302.0,1.41,33.0,0.37,-64.0,-53.5,22.6,35.0,-95.7,13.6,1.0,115.0,1
D006253,5.3,1032.0,0.94,34.5,0.34,-66.7,-47.0,28.7,48.0,-97.2,1.4,0.0,118.0,0
D006254,4.9,1217.0,1.05,26.5,0.48,-64.2,-48.9,23.8,44.0,-93.7,6.3,1.0,132.0,0
D006255,4.6,1228.0,1.11,29.0,0.48,-66.5,-48.8,23.8,44.0,-94.7,7.8,0.0,124.0,1
D006256,4.0,1342.0,1.18,35.5,0.67,-65.4,-48.0,20.1,49.0,-99.9,11.6,0.0,111.0,0
D006257,6.9,1021.0,1.07,32.5,0.35,-61.7,-50.2,27.7,30.0,-91.7,3.3,1.0,137.0,1
D006258,6.0,1085.0,1.08,27.5,0.55,-67.2,-54.4,29.7,45.0,-97.2,,1.0,109.0,0
D006259,3.1,1178.0,1.5,,0.38,-67.9,-50.0,28.7,43.0,-99.7,20.4,0.0,115.0,0
D006260,4.8,1145.0,1.03,29.0,0.52,-65.7,-50.5,25.3,45.0,-93.6,10.1,0.0,131.0,1
D006261,4.0,1188.0,1.15,29.0,0.47,-64.3,-48.7,24.7,46.0,-96.4,13.9,1.0,120.0,0
D006262,4.4,1159.0,1.04,34.0,0.48,-65.8,-48.6,24.7,44.0,-94.0,11.8,0.0,127.0,1
D006263,4.6,1115.0,1.18,31.5,0.44,-64.8,-51.2,25.0,47.0,-95.1,8.8,1.0,136.0,1
D006264,5.6,1327.0,0.94,33.5,,-63.6,-50.7,26.9,44.0,-97.5,19.3,0.0,121.0,1
D006265,4.5,1144.0,0.98,30.0,0.45,-65.6,-50.2,24.4,40.0,-96.3,8.4,0.0,116.0,1
D006266,4.8,1221.0,1.15,27.0,0.5,-66.2,-50.8,23.3,46.0,-95.8,10.9,1.0,133.0,1
D006267,6.9,1363.0,1.44,27.5,0.56,-60.3,-46.8,27.8,55.0,-98.4,2.4,1.0,127.0,0
D006268,4.8,1209.0,0.92,21.0,0.65,-62.4,-45.7,24.0,,-94.6,12.0,1.0,118.0,0
D006269,5.1,1121.0,1.06,23.5,0.5,-65.6,-48.9,24.5,41.0,-95.7,11.5,1.0,127.0,1
D006270,6.4,1292.0,,36.5,0.7,-65.1,-48.0,25.6,32.0,,3.7,0.0,138.0,1
D006271,,1153.0,1.04,20.0,0.33,-62.6,-51.6,25.5,55.0,-98.7,10.5,1.0,134.0,0
D006272,3.8,1201.0,1.21,27.0,0.5,-65.6,-50.8,24.2,46.0,-97.4,5.5,0.0,124.0,1
D006273,4.8,1160.0,1.12,28.5,0.44,-65.4,-52.1,24.6,46.0,-95.3,9.7,1.0,131.0,1
D006274,4.2,1195.0,1.09,28.0,0.42,-66.3,-50.2,25.5,47.0,-94.7,9.4,1.0,130.0,0
D006275,3.7,1186.0,0.96,29.0,0.67,-63.7,-52.3,21.4,56.0,-95.2,23.9,0.0,128.0,0
D006276,4.0,1212.0,0.86,22.5,0.4,-61.3,-47.3,22.6,32.0,-91.0,5.3,1.0,147.0,1
D006277,4.4,1125.0,1.47,34.0,0.7,-65.1,-47.3,24.9,40.0,-99.0,5.0,0.0,112.0,1
D006278,4.3,1233.0,1.24,31.0,0.49,-66.5,-49.5,22.8,40.0,-94.5,6.9,1.0,124.0,1
D006279,4.7,1246.0,1.01,30.0,0.55,-64.7,-50.6,24.7,44.0,-95.4,8.1,1.0,131.0,1
D006280,4.9,1145.0,1.4,32.5,0.59,-66.7,-49.6,27.9,33.0,-92.7,15.3,0.0,139.0,1
D006281,4.7,1125.0,1.13,29.0,0.48,-66.8,-50.3,22.9,44.0,-94.7,7.8,0.0,125.0,1
D006282,4.8,1136.0,1.07,30.5,0.48,-67.0,-50.7,23.9,45.0,-98.1,2.6,1.0,122.0,1
D006283,4.4,1081.0,1.1,27.0,0.51,-64.5,-49.5,23.7,45.0,-95.3,13.9,1.0,126.0,0
D006284,3.0,1091.0,1.27,24.0,0.56,-68.8,,25.3,35.0,-98.4,15.3,0.0,125.0,0
D006285,4.8,1143.0,1.0,28.5,0.49,-65.7,-47.8,25.8,45.0,-93.8,9.1,0.0,136.0,1
D006286,4.3,1173.0,1.12,22.5,0.47,-69.2,-50.0,26.4,39.0,-96.1,14.8,1.0,106.0,0
D006287,4.5,1232.0,1.07,27.5,0.38,-64.2,-49.5,25.0,45.0,-94.0,9.6,1.0,123.0,0
D006288,5.5,1260.0,1.33,28.5,0.45,-66.2,-49.8,22.3,43.0,-95.5,6.1,1.0,132.0,1
D006289,6.5,1129.0,1.19,34.0,0.4,-64.2,-52.8,24.4,34.0,-96.7,15.1,1.0,106.0,1
D006290,4.7,1149.0,1.05,23.5,0.63,-60.4,-48.4,27.6,41.0,-95.4,20.0,0.0,129.0,0
D006291,3.5,1240.0,1.11,31.0,0.43,-65.9,-50.1,25.0,48.0,-95.1,10.5,1.0,131.0,0
D006292,5.1,1302.0,1.09,33.0,0.5,-67.5,-53.4,23.8,40.0,-93.2,12.0,1.0,122.0,1
D006293,4.3,1052.0,1.54,26.0,0.62,-68.2,-53.9,24.7,44.0,-96.1,16.8,0.0,148.0,1
D006294,4.8,1165.0,1.18,30.0,0.45,-66.0,-50.0,24.8,43.0,-96.6,7.3,0.0,132.0,1
D006295,4.5,1167.0,1.06,33.0,0.51,-63.3,,24.6,43.0,-95.7,12.4,0.0,125.0,1
D006296,5.2,1114.0,1.08,29.5,0.48,-65.6,-48.6,22.4,47.0,-94.4,7.7,1.0,132.0,1
D006297,3.1,1125.0,1.31,30.0,0.53,-63.6,-52.0,23.8,32.0,-99.4,17.2,0.0,137.0,0
D006298,4.6,1216.0,1.59,24.0,0.44,-64.1,-47.9,27.3,54.0,-98.1,16.6,1.0,141.0,0
D006299,5.4,1097.0,0.9,29.0,0.65,-63.7,-52.0,20.3,44.0,-97.6,19.1,1.0,123.0,0
D006300,6.9,1267.0,0.94,40.0,0.38,-61.9,-51.2,27.4,34.0,-92.6,15.1,0.0,125.0,1
D006301,3.2,1153.0,1.09,34.0,0.33,-68.0,-48.0,28.4,48.0,-97.1,22.0,0.0,120.0,0
D006302,4.1,1001.0,1.18,38.5,0.49,-63.6,-46.1,25.3,50.0,-98.9,15.7,0.0,131.0,0
D006303,6.5,1018.0,0.87,29.5,0.5,-60.5,-48.6,23.5,51.0,-98.3,18.3,0.0,128.0,1
D006304,5.1,1166.0,1.14,31.5,0.48,-63.9,-49.9,23.1,44.0,-95.9,10.2,0.0,133.0,1
D006305,4.7,1176.0,0.98,28.0,0.48,-65.7,-50.6,24.3,46.0,-94.9,9.1,0.0,131.0,1
D006306,4.5,1165.0,1.15,28.5,0.41,-64.9,-48.6,22.6,41.0,-96.6,6.6,1.0,132.0,0
D006307,3.8,1147.0,1.34,37.0,0.42,-60.6,-50.8,24.0,44.0,-95.3,0.2,0.0,114.0,0
D006308,4.7,1172.0,1.12,33.0,0.52,-65.3,-49.0,23.5,47.0,-93.6,8.6,1.0,136.0,1
D006309,4.0,1193.0,1.07,40.0,0.67,-64.6,-53.8,28.1,37.0,-98.1,17.9,1.0,118.0,0
D006310,4.4,1205.0,1.08,29.0,0.47,-65.1,-49.0,25.0,43.0,-95.5,8.8,1.0,128.0,1
D006311,5.6,1250.0,1.02,29.5,0.44,-65.9,-50.7,24.5,42.0,-93.4,11.0,0.0,135.0,1
D006312,4.6,1244.0,1.07,26.5,0.39,-66.6,-49.6,24.2,45.0,-94.7,12.6,1.0,134.0,0
D006313,5.2,1183.0,1.08,26.5,0.51,-65.1,-48.7,23.9,39.0,-95.5,8.9,1.0,122.0,1
D006314,4.7,1121.0,1.21,27.0,0.39,-64.4,-50.6,23.2,44.0,-94.8,10.2,0.0,120.0,0
D006315,4.6,1160.0,1.01,27.0,0.5,-65.0,-50.3,25.1,41.0,-97.2,12.5,0.0,119.0,0
D006316,4.3,1156.0,1.07,30.0,0.52,-64.0,-49.2,26.2,45.0,-95.4,11.7,1.0,126.0,0
D006317,4.6,1182.0,1.18,32.0,0.55,-64.9,-50.7,23.9,34.0,-94.1,9.1,1.0,129.0,1
D006318,4.5,1138.0,1.21,28.0,0.52,-65.6,-49.7,23.7,40.0,-95.7,9.8,0.0,133.0,1
D006319,5.1,1215.0,1.06,28.5,0.41,-65.5,-47.7,22.3,43.0,-96.6,8.5,1.0,125.0,1
D006320,4.3,1220.0,1.13,,0.48,-65.6,-50.3,23.8,38.0,-93.6,10.2,1.0,138.0,0
D006321,4.6,1199.0,1.12,29.0,0.58,-64.7,-50.0,24.3,47.0,-95.9,13.0,1.0,126.0,1
D006322,5.0,1221.0,1.1,30.0,0.48,-64.6,-49.5,23.9,41.0,,10.6,1.0,126.0,1
D006323,4.9,1230.0,1.04,31.5,0.43,-65.2,-50.1,24.1,43.0,-95.3,10.2,0.0,127.0,1
D006324,5.1,1135.0,1.15,27.0,0.48,-66.2,-50.4,24.2,47.0,-95.7,10.5,1.0,124.0,0
D006325,6.7,1167.0,1.35,29.0,0.65,-68.8,-52.3,26.1,40.0,-95.2,16.9,0.0,125.0,0
D006326,3.2,1304.0,1.54,24.0,0.69,-62.0,-49.4,22.0,33.0,-94.0,6.8,0.0,124.0,0
D006327,4.7,1129.0,1.23,26.0,0.53,-66.0,-50.0,23.2,39.0,-93.7,6.4,0.0,133.0,1
D006328,4.7,1249.0,1.11,27.5,0.5,-65.0,-50.4,22.6,46.0,-94.8,10.6,0.0,137.0,1
D006329,4.4,1204.0,0.99,,0.56,-65.7,-50.7,23.3,40.0,-94.8,5.5,1.0,139.0,1
D006330,5.6,1117.0,1.0,27.5,0.47,-65.0,-50.4,24.0,44.0,-96.1,11.1,0.0,135.0,1
D006331,7.0,1004.0,1.34,29.0,0.51,-62.3,-49.4,28.8,39.0,-99.2,2.5,1.0,116.0,1
D006332,4.8,1174.0,1.05,29.0,0.47,-64.1,-49.0,24.2,45.0,-94.2,4.2,1.0,134.0,1
D006333,4.2,1104.0,1.44,32.5,0.59,-65.6,-45.1,21.3,38.0,-94.7,16.9,1.0,146.0,0
D006334,5.7,1191.0,1.05,31.0,0.44,-65.1,-48.9,23.6,45.0,-96.1,11.6,1.0,123.0,1
D006335,4.4,1178.0,1.03,31.0,0.49,-66.1,-51.7,22.9,41.0,-95.6,11.2,0.0,130.0,1
D006336,4.6,1154.0,1.06,29.0,0.44,-64.5,-49.1,24.4,42.0,-94.7,10.0,1.0,128.0,1
D006337,4.1,1197.0,1.18,29.0,0.47,-65.2,-50.2,25.9,50.0,-98.1,8.5,0.0,127.0,1
D006338,4.7,1204.0,1.13,31.0,0.42,-65.4,-47.9,23.5,41.0,-96.1,12.5,1.0,132.0,1
D006339,4.5,1184.0,1.16,26.5,0.49,-66.5,-49.9,24.5,49.0,-95.8,14.2,0.0,130.0,1
D006340,4.2,1105.0,1.14,28.0,0.48,-66.0,-50.2,22.9,46.0,-95.6,9.6,1.0,132.0,0
D006341,5.1,1195.0,1.13,30.5,0.45,-65.9,-50.1,23.7,41.0,-95.5,9.6,,129.0,1
D006342,4.8,1188.0,0.93,31.0,0.47,-65.0,-50.8,25.0,46.0,-94.9,8.2,0.0,125.0,1
D006343,4.7,1227.0,1.01,28.0,0.44,-65.4,-49.9,24.8,44.0,-94.6,2.7,1.0,129.0,1
D006344,6.1,1188.0,0.82,26.5,0.47,-69.6,-50.1,27.4,41.0,-93.9,19.3,0.0,117.0,1
D006345,5.4,1068.0,1.22,39.0,,-67.4,-45.6,24.8,35.0,-90.0,17.6,1.0,108.0,0
D006346,4.4,1143.0,1.14,30.0,0.42,-62.9,-49.6,24.1,43.0,-96.3,10.1,1.0,128.0,0
D006347,5.3,1146.0,1.17,31.5,0.56,-65.5,-50.1,22.3,44.0,-95.0,10.4,0.0,118.0,1
D006348,5.6,1251.0,0.8,35.5,0.57,-69.7,-49.5,28.7,58.0,-93.4,13.5,1.0,118.0,1
D006349,3.4,1084.0,1.27,39.5,0.58,-65.7,-49.4,28.2,50.0,-91.6,,1.0,122.0,0
D006350,5.3,1180.0,1.14,29.0,0.44,-65.4,-50.1,24.6,40.0,-94.3,4.1,0.0,136.0,1
D006351,5.2,1199.0,1.11,26.5,0.57,-66.6,-51.4,22.0,43.0,,10.8,1.0,124.0,1
D006352,4.8,1185.0,1.0,28.5,0.44,-64.9,-51.1,24.9,39.0,-95.6,2.2,1.0,133.0,1
D006353,5.1,1174.0,1.03,31.5,0.45,-65.9,-51.6,24.5,48.0,-94.7,11.6,0.0,129.0,1
D006354,4.5,1171.0,1.15,31.5,0.47,-64.6,-49.2,24.2,39.0,-94.6,7.6,1.0,128.0,1
D006355,4.6,1227.0,1.07,30.5,0.46,-65.1,-49.3,23.2,44.0,-95.8,10.4,1.0,126.0,1
D006356,5.1,1207.0,1.1,24.5,0.47,-66.4,-50.0,23.8,38.0,-95.3,10.4,1.0,127.0,1
D006357,4.9,1143.0,,28.5,0.51,-66.9,-48.2,24.1,45.0,-95.8,12.5,0.0,123.0,1
D006358,4.7,1121.0,1.15,21.0,0.36,-68.1,-51.1,25.3,47.0,-95.5,16.0,1.0,146.0,0
D006359,4.7,1147.0,1.33,26.5,0.47,-64.9,-51.3,24.8,42.0,-95.8,4.7,0.0,132.0,1
D006360,4.5,1211.0,1.53,32.5,0.36,-65.6,-47.6,20.3,38.0,-93.6,13.6,1.0,104.0,0
D006361,5.3,1210.0,1.22,26.5,0.47,-67.4,-51.7,24.6,46.0,-96.4,9.1,1.0,119.0,1
D006362,4.9,1211.0,0.86,30.5,0.47,-65.3,-50.4,25.3,46.0,-95.1,5.4,1.0,122.0,1
D006363,5.2,1132.0,1.06,31.5,0.47,-64.7,-49.4,23.8,48.0,-94.5,7.1,,127.0,1
D006364,5.8,1209.0,1.0,38.0,0.61,-63.4,-49.5,20.7,55.0,-95.9,4.5,1.0,136.0,0
D006365,5.1,1123.0,1.27,29.5,0.42,-65.4,-50.2,24.1,43.0,-94.9,9.0,1.0,127.0,1
D006366,5.1,1139.0,1.13,26.0,0.48,-64.7,-49.7,25.5,41.0,-96.8,8.5,0.0,130.0,1
D006367,4.8,1180.0,1.16,28.5,0.47,-65.7,-51.6,22.6,45.0,-95.8,10.7,0.0,121.0,1
D006368,6.2,1298.0,1.4,27.5,0.47,-65.3,-51.9,26.2,56.0,-92.0,0.7,1.0,123.0,1
D006369,4.7,1228.0,1.18,28.5,0.45,-64.1,-49.1,24.3,42.0,-96.0,9.6,0.0,125.0,1
D006370,5.6,1174.0,1.14,29.5,0.48,-65.0,-49.9,25.3,42.0,-96.8,10.5,0.0,131.0,1
D006371,4.3,1160.0,1.03,30.5,0.53,-66.4,-50.2,23.6,44.0,-95.9,8.8,0.0,131.0,1
D006372,3.3,1068.0,1.19,34.5,0.39,-68.9,-45.5,20.4,56.0,-97.4,12.6,1.0,119.0,0
D006373,4.9,1183.0,1.14,26.0,0.47,-65.1,-49.8,24.4,44.0,-96.0,11.5,0.0,130.0,1
D006374,4.8,1164.0,1.11,30.0,0.46,-66.3,-49.4,24.5,46.0,-94.8,8.5,1.0,122.0,1
D006375,5.4,1178.0,1.06,34.5,0.44,,-47.2,22.4,47.0,-95.8,10.7,0.0,129.0,1
D006376,6.2,1140.0,1.29,21.0,0.68,-65.1,-50.3,24.4,56.0,-96.7,13.5,1.0,129.0,0
D006377,4.2,1027.0,1.17,29.0,0.43,-62.0,-45.3,26.1,33.0,-91.6,8.4,0.0,102.0,0
D006378,5.0,1169.0,1.25,27.0,0.54,-66.1,-50.0,25.2,44.0,-94.7,10.3,1.0,131.0,0
D006379,5.0,1236.0,1.33,35.5,0.3,-69.3,-55.0,28.3,42.0,-98.3,5.1,,117.0,0
D006380,3.1,1366.0,1.52,34.0,0.32,-62.1,-49.7,26.7,34.0,-94.5,15.1,0.0,107.0,0
D006381,4.4,1169.0,1.16,28.5,0.53,-65.2,-51.1,25.5,43.0,-95.6,4.8,1.0,125.0,1
D006382,3.6,1341.0,0.97,32.0,0.34,-62.8,-46.7,23.0,44.0,-96.7,22.2,0.0,114.0,0
D006383,4.9,1206.0,1.11,28.0,0.52,-63.4,-50.7,25.2,41.0,-95.3,11.7,0.0,132.0,0
D006384,6.4,1380.0,1.39,38.0,0.33,-67.7,-47.0,22.6,50.0,-95.1,17.6,0.0,116.0,1
D006385,4.4,1180.0,1.01,31.5,0.47,-65.7,-49.0,22.3,43.0,-97.4,2.9,1.0,125.0,0
D006386,5.4,1169.0,1.36,25.5,0.64,-63.9,-49.8,22.6,33.0,-95.2,4.5,0.0,121.0,0
D006387,4.9,1171.0,1.01,27.0,0.42,-65.9,-49.9,25.3,41.0,-96.0,6.5,0.0,130.0,1
D006388,5.4,1184.0,1.09,27.5,0.43,-66.2,-50.9,23.1,48.0,-95.0,13.5,1.0,125.0,1
D006389,4.7,1205.0,1.04,30.0,0.42,-64.5,-50.1,22.6,44.0,-94.4,10.1,0.0,129.0,1
D006390,5.0,1195.0,0.97,30.0,0.47,-63.7,-50.2,25.2,45.0,-96.3,11.7,1.0,123.0,1
D006391,6.9,1128.0,1.51,21.5,0.49,-63.2,-47.9,21.9,34.0,-97.7,11.3,1.0,101.0,0
D006392,4.3,1128.0,1.17,30.0,0.44,-65.9,-50.5,24.0,40.0,-94.6,11.4,1.0,133.0,1
D006393,4.9,1176.0,1.08,25.5,0.54,-66.0,-51.8,24.5,46.0,-94.7,6.0,0.0,136.0,1
D006394,,1186.0,1.25,28.5,0.48,-65.3,-52.6,23.3,47.0,-95.0,6.0,0.0,119.0,1
D006395,5.6,1363.0,1.47,28.5,,-60.8,-53.2,28.3,33.0,-91.0,8.4,0.0,129.0,0
D006396,3.5,1022.0,0.8,39.5,0.68,-69.9,-46.0,24.8,38.0,-96.9,2.0,1.0,115.0,0
D006397,4.4,1230.0,1.11,28.5,0.5,-67.0,-48.7,23.3,43.0,-94.9,8.8,1.0,125.0,0
D006398,5.2,1206.0,1.08,30.5,0.42,,-52.0,24.1,41.0,-95.0,8.0,0.0,,1
D006399,5.2,1178.0,1.1,28.0,0.53,-65.6,-49.8,23.5,41.0,-93.6,12.5,0.0,132.0,1
D006400,4.6,1120.0,1.16,30.5,0.52,-65.9,-49.2,24.3,50.0,-96.2,8.0,0.0,133.0,1
D006401,4.8,1167.0,1.09,27.5,0.47,-64.1,-49.9,23.3,50.0,-95.9,12.4,1.0,127.0,0
D006402,4.1,1101.0,1.17,27.0,0.48,-65.0,-49.9,26.5,46.0,-96.2,12.8,1.0,125.0,0
D006403,4.8,1235.0,1.03,26.5,0.48,-65.5,-49.9,23.5,39.0,-94.4,9.7,1.0,126.0,1
D006404,3.9,1092.0,1.14,28.0,0.38,-66.6,-49.6,24.0,43.0,-97.4,7.7,0.0,136.0,1
D006405,5.0,1159.0,1.14,29.5,0.53,-64.8,-50.2,23.5,39.0,-96.4,7.5,0.0,135.0,1
D006406,4.3,1198.0,1.2,29.5,0.47,-63.4,-50.6,24.4,43.0,-95.6,5.7,1.0,123.0,1
D006407,5.1,1200.0,1.16,30.5,0.42,-66.5,-50.5,22.8,48.0,-96.7,9.1,,117.0,1
D006408,4.6,1144.0,1.1,31.5,0.43,-65.7,-50.5,23.6,41.0,-94.0,10.9,0.0,123.0,1
D006409,5.8,1010.0,1.17,24.5,0.68,-65.1,,29.4,53.0,-93.9,4.9,1.0,111.0,0
D006410,3.8,1140.0,0.92,26.5,0.46,-67.9,-50.9,22.8,34.0,-97.8,19.3,0.0,147.0,1
D006411,4.6,1152.0,1.09,28.0,0.43,-65.7,-48.9,24.2,46.0,,8.3,0.0,127.0,1
D006412,3.3,1173.0,,35.0,0.34,-69.6,-47.0,28.9,43.0,-93.1,21.9,0.0,116.0,0
D006413,4.5,1095.0,1.05,,0.42,-65.6,-49.4,23.5,47.0,-95.5,7.2,1.0,125.0,1
D006414,4.9,1145.0,1.11,26.0,0.49,-65.0,-50.3,25.5,37.0,-94.1,9.1,1.0,131.0,1
D006415,6.6,1351.0,1.53,37.5,0.39,-65.9,-51.0,23.6,35.0,-93.3,4.9,0.0,,1
D006416,4.7,1247.0,0.95,36.5,0.61,-66.4,-52.5,22.5,42.0,,6.3,0.0,110.0,1
D006417,5.0,1185.0,1.25,33.5,0.43,-66.8,-48.7,21.4,47.0,-94.6,9.8,1.0,133.0,0
D006418,6.7,1361.0,0.99,28.0,0.63,-67.2,-47.2,27.6,44.0,-98.9,5.0,1.0,141.0,1
D006419,4.1,1240.0,0.92,28.0,0.45,-65.3,-49.4,24.6,47.0,-96.0,7.1,0.0,123.0,1
D006420,4.9,1114.0,1.22,28.0,0.47,-67.0,-49.9,23.3,43.0,-96.7,8.0,0.0,129.0,1
D006421,4.7,1236.0,1.13,29.5,,-66.0,-50.1,24.4,43.0,-96.3,8.3,0.0,137.0,1
D006422,3.8,1052.0,1.32,32.0,0.5,-67.3,-51.3,29.6,37.0,-91.2,5.2,0.0,137.0,1
D006423,4.3,1104.0,1.02,24.0,0.49,-65.8,-49.7,25.9,43.0,-94.4,9.8,1.0,127.0,0
D006424,6.5,1075.0,1.4,20.0,0.59,-61.9,-52.8,21.0,48.0,-90.9,14.9,1.0,108.0,0
D006425,3.1,1048.0,1.18,25.5,0.57,-61.7,-54.7,25.9,40.0,-94.1,6.8,1.0,128.0,0
D006426,4.9,1255.0,1.12,31.0,0.44,-64.1,-49.2,24.3,42.0,-96.3,8.4,0.0,138.0,1
D006427,5.1,1159.0,0.99,30.5,0.51,-64.5,-50.6,23.9,44.0,-93.1,8.8,0.0,128.0,1
D006428,5.1,1154.0,1.26,29.0,0.46,-67.6,-48.8,23.5,44.0,-94.4,8.6,1.0,130.0,1
D006429,4.6,1067.0,1.52,38.5,0.5,-66.0,-51.1,26.3,42.0,-92.5,23.4,1.0,116.0,0
D006430,5.0,1224.0,1.19,30.0,0.43,-64.1,-50.0,24.9,43.0,-95.4,6.0,0.0,132.0,1
D006431,5.2,1243.0,1.07,31.0,0.46,-65.4,-49.1,23.8,39.0,-95.4,7.1,0.0,133.0,1
D006432,5.2,1128.0,1.16,28.5,0.51,-65.9,-49.1,23.6,48.0,-93.8,7.2,0.0,127.0,1
D006433,4.8,1179.0,1.08,28.0,0.51,-65.7,-49.6,23.8,39.0,-96.2,6.8,0.0,127.0,1
D006434,4.6,1171.0,0.98,26.5,0.48,-64.7,-49.4,24.6,44.0,-95.8,6.7,1.0,128.0,0
D006435,5.1,1265.0,0.91,28.5,0.45,-63.5,-49.2,24.5,46.0,-96.4,8.1,0.0,128.0,1
D006436,5.6,1381.0,0.87,38.0,0.53,-69.3,-53.2,25.2,48.0,-97.5,12.3,1.0,122.0,1
D006437,5.8,1181.0,1.2,28.0,0.46,-63.2,-51.3,25.2,45.0,-94.1,7.4,1.0,138.0,1
D006438,4.7,1182.0,1.26,31.5,0.5,-66.1,-51.5,23.6,39.0,-96.3,7.7,1.0,127.0,1
D006439,5.0,1234.0,1.03,25.0,0.52,-64.9,-50.6,24.0,45.0,-94.1,11.5,0.0,133.0,1
D006440,4.6,1112.0,1.09,31.0,0.52,-66.7,-49.6,23.9,48.0,-95.7,12.1,1.0,134.0,1
D006441,4.6,1211.0,0.97,31.5,0.39,-65.5,-50.0,23.9,44.0,-95.3,10.3,1.0,125.0,1
D006442,4.3,1232.0,1.1,30.0,0.47,-66.0,-51.2,24.5,44.0,-93.2,9.6,1.0,134.0,1
D006443,5.5,1136.0,1.22,24.5,0.52,-65.4,-49.3,25.9,44.0,-95.0,6.8,0.0,122.0,1
D006444,3.9,1128.0,1.14,31.0,0.51,-67.5,-50.7,23.0,49.0,-95.8,9.4,1.0,139.0,1
D006445,5.0,1211.0,0.98,27.0,0.53,-67.0,-52.1,24.0,44.0,-96.5,8.3,1.0,127.0,1
D006446,5.1,1152.0,1.13,26.5,0.49,-66.4,,25.2,49.0,-97.8,7.7,1.0,129.0,1
D006447,6.9,1282.0,1.23,25.0,0.54,-62.5,-51.2,27.0,39.0,-91.6,16.5,0.0,109.0,1
D006448,5.4,1113.0,,32.5,0.48,-65.1,-52.1,24.4,49.0,-96.4,9.4,1.0,116.0,0
D006449,4.8,1166.0,1.15,27.5,0.53,-66.4,-51.3,23.6,41.0,-95.3,12.1,1.0,125.0,1
D006450,4.8,1160.0,1.03,31.0,0.53,-66.7,-51.4,22.6,43.0,-95.7,8.4,1.0,131.0,1
D006451,4.8,1177.0,1.16,26.5,0.45,-65.7,-49.3,24.3,49.0,-95.1,8.4,1.0,126.0,1
D006452,3.9,1303.0,1.49,25.5,0.65,-66.0,-52.4,22.6,52.0,-95.9,12.2,1.0,124.0,0
D006453,6.2,1263.0,1.4,30.5,0.68,-64.6,-46.5,25.9,32.0,-97.1,16.4,1.0,121.0,0
D006454,4.6,1202.0,1.1,26.0,0.44,-66.6,-50.0,23.7,46.0,-96.5,9.7,0.0,128.0,1
D006455,4.2,1336.0,1.31,37.0,0.34,-65.9,-51.9,23.2,32.0,-93.1,19.4,1.0,109.0,0
D006456,4.7,1389.0,1.55,36.5,0.63,-67.3,-54.6,23.7,51.0,-91.7,14.1,0.0,135.0,1
D006457,4.7,1179.0,1.03,32.0,0.42,-64.1,-50.1,23.1,41.0,-94.4,11.7,1.0,139.0,1
D006458,5.1,1154.0,1.06,29.0,0.47,-65.7,-51.3,24.7,43.0,-96.7,3.6,0.0,132.0,1
D006459,,1198.0,1.12,29.5,0.55,-65.7,-50.1,22.6,43.0,-95.8,9.9,1.0,126.0,0
D006460,4.9,1092.0,1.25,30.5,0.49,-65.6,-49.0,23.0,45.0,-95.4,7.0,0.0,127.0,1
D006461,5.3,1369.0,0.89,31.0,0.68,-61.9,-52.7,27.0,58.0,-91.3,3.0,0.0,132.0,0
D006462,3.1,1038.0,1.52,36.0,0.36,-61.8,-51.3,27.3,45.0,-98.0,20.4,0.0,108.0,0
D006463,4.7,1211.0,1.01,31.0,0.44,-65.3,-50.6,24.7,39.0,-94.9,11.0,1.0,131.0,0
D006464,4.8,1195.0,1.14,28.0,0.52,-62.9,-48.4,24.0,41.0,-96.1,,1.0,131.0,0
D006465,4.0,1335.0,1.5,23.0,0.49,-60.8,-45.0,29.5,46.0,-96.5,18.2,1.0,121.0,0
D006466,5.4,1143.0,1.12,25.5,0.51,-65.3,-51.0,24.6,45.0,-95.6,11.6,1.0,121.0,1
D006467,4.6,1138.0,1.16,27.5,0.46,-65.5,-48.3,23.8,43.0,-94.0,8.5,1.0,130.0,1
D006468,4.7,1213.0,1.2,31.5,0.53,-64.3,-48.7,23.6,45.0,-94.7,10.5,1.0,128.0,1
D006469,3.5,1227.0,1.07,37.5,0.69,-62.2,-54.6,20.3,59.0,-96.1,15.6,0.0,116.0,0
D006470,6.0,1109.0,1.02,20.0,0.56,-62.5,-46.1,20.6,53.0,-94.4,17.1,1.0,119.0,0
D006471,6.8,1222.0,0.84,30.5,0.4,-64.6,-45.1,26.5,57.0,-95.9,10.6,1.0,131.0,1
D006472,5.2,1186.0,1.09,25.5,0.52,-65.2,-48.9,24.0,37.0,-94.2,7.7,0.0,130.0,1
D006473,4.5,1186.0,1.1,27.5,0.47,-66.7,-50.7,23.8,43.0,-96.0,6.7,0.0,116.0,1
D006474,5.1,1188.0,1.14,30.0,0.46,-65.7,-49.7,24.7,41.0,-94.6,5.9,1.0,124.0,1
D006475,5.5,1123.0,1.46,30.5,0.35,-60.6,-54.2,26.1,59.0,-99.4,5.3,1.0,113.0,0
D006476,5.8,1376.0,0.85,29.5,0.54,-61.2,-46.2,20.6,52.0,,16.8,0.0,126.0,1
D006477,,1181.0,1.15,30.0,0.52,,-51.8,23.5,46.0,-95.6,10.2,1.0,133.0,1
D006478,5.0,1131.0,0.99,28.5,0.47,-65.8,-48.1,23.8,46.0,-95.2,8.4,0.0,129.0,1
D006479,4.4,1203.0,1.06,30.5,0.52,-64.9,-49.0,23.6,43.0,-97.5,12.6,0.0,133.0,1
D006480,4.7,1142.0,1.01,25.5,0.49,-64.7,,23.7,,-95.3,12.8,,132.0,1
D006481,4.4,1108.0,0.95,25.5,0.45,-66.2,-48.9,22.6,43.0,-97.2,11.0,0.0,120.0,1
D006482,4.5,1245.0,1.08,22.5,0.5,-69.1,-48.6,23.3,39.0,-95.8,10.7,1.0,104.0,0
D006483,5.5,1109.0,1.24,25.0,0.62,-63.5,-49.2,26.3,49.0,-91.7,13.0,1.0,118.0,0
D006484,5.0,1172.0,1.06,31.5,0.43,-64.3,-52.0,24.1,42.0,-95.5,9.0,0.0,129.0,1
D006485,4.9,1176.0,1.09,28.0,0.42,-64.9,-49.7,23.3,40.0,-95.0,,0.0,123.0,1
D006486,5.1,1182.0,1.1,28.5,0.49,-66.0,-51.1,24.2,43.0,-95.4,2.1,1.0,133.0,1
D006487,4.1,1199.0,1.1,29.0,0.48,-66.7,-49.8,23.9,44.0,-94.3,7.8,0.0,139.0,1
D006488,6.0,1251.0,1.09,20.5,0.39,-60.6,-51.5,28.2,44.0,-98.8,17.4,0.0,147.0,0
D006489,4.7,1200.0,1.01,29.5,0.43,-65.6,-49.0,27.0,45.0,-96.5,5.2,0.0,129.0,1
D006490,3.9,1216.0,1.26,29.0,0.54,-65.7,-50.4,24.2,44.0,-95.6,14.0,0.0,117.0,0
D006491,5.1,1194.0,1.2,28.5,0.51,-65.4,-49.1,23.8,48.0,-95.9,13.7,1.0,133.0,0
D006492,5.2,1022.0,1.54,,0.45,-68.0,-48.3,22.9,46.0,-92.1,11.1,1.0,130.0,0
D006493,5.6,1198.0,1.12,29.5,0.46,-64.6,-49.7,22.1,47.0,-94.8,8.1,1.0,130.0,1
D006494,5.3,1231.0,1.16,31.0,0.43,-65.5,-49.7,25.3,,-95.3,8.8,0.0,122.0,1
D006495,4.3,1360.0,1.47,36.0,0.33,-68.1,-47.4,29.1,36.0,-92.7,5.2,1.0,122.0,0
D006496,3.8,1219.0,1.3,27.5,0.69,-63.7,-50.4,22.0,41.0,,,0.0,134.0,0
D006497,4.9,1389.0,1.48,34.0,0.61,-61.6,-52.1,23.9,45.0,-91.1,3.1,1.0,132.0,0
D006498,4.7,1222.0,1.05,30.0,0.46,-64.5,-48.7,23.1,39.0,-94.4,8.9,0.0,138.0,0
D006499,5.0,1305.0,0.82,38.0,0.52,,-46.8,26.3,37.0,-90.5,7.4,1.0,109.0,1
D006500,5.0,1222.0,1.13,29.5,0.44,-66.0,-48.6,24.3,51.0,-96.1,7.1,0.0,135.0,1
D006501,4.0,1257.0,1.44,26.5,0.62,-61.5,-47.1,27.9,56.0,-96.1,19.4,1.0,127.0,0
D006502,4.4,1327.0,0.89,25.5,0.69,-68.3,-50.0,27.7,37.0,-96.5,4.6,0.0,110.0,0
D006503,4.6,1233.0,1.12,28.5,0.53,-66.4,-48.0,24.5,43.0,-97.6,10.4,1.0,125.0,1
D006504,4.7,1088.0,,27.5,0.61,-61.5,-53.9,24.6,60.0,-96.7,22.5,1.0,117.0,0
D006505,4.7,1204.0,1.06,28.0,0.47,-67.1,-50.3,23.7,42.0,-94.4,11.6,0.0,128.0,1
D006506,5.0,1170.0,1.08,28.0,0.43,-65.3,-51.8,23.9,42.0,-95.2,10.1,1.0,136.0,1
D006507,4.2,1204.0,1.09,,0.46,-65.3,-48.2,23.7,36.0,-95.2,8.8,0.0,128.0,1
D006508,4.7,1121.0,,30.5,0.47,-66.7,-50.2,24.7,47.0,-98.3,7.9,1.0,128.0,1
D006509,4.2,,1.08,31.0,0.53,-65.3,-50.7,23.7,41.0,-96.6,13.1,1.0,132.0,1
D006510,5.4,1083.0,1.41,39.0,0.32,-61.3,-46.8,29.4,42.0,-92.8,2.4,0.0,117.0,0
D006511,3.2,1277.0,1.23,24.5,0.33,-63.8,-54.8,26.3,59.0,-91.1,7.1,0.0,102.0,0
D006512,5.0,1173.0,1.06,33.0,0.49,-64.4,-50.0,24.5,39.0,-95.8,12.9,1.0,134.0,1
D006513,3.1,1182.0,0.81,27.0,0.3,-61.2,-47.6,25.7,46.0,-95.8,4.2,1.0,110.0,0
D006514,4.6,1316.0,1.07,23.0,0.41,-64.0,-46.3,23.2,36.0,-98.0,7.6,0.0,114.0,0
D006515,3.7,1321.0,0.87,35.0,0.38,-69.2,-53.4,29.5,42.0,-92.0,2.6,1.0,108.0,1
D006516,5.6,1180.0,1.12,28.0,0.5,-64.7,-51.0,23.8,46.0,-94.7,9.8,0.0,129.0,1
D006517,3.2,1114.0,1.04,38.5,0.38,-64.2,-47.5,27.2,42.0,-93.3,10.0,0.0,130.0,0
D006518,4.6,1218.0,1.22,31.5,0.45,-64.9,-49.5,24.9,37.0,-95.8,8.1,1.0,126.0,1
D006519,5.1,1205.0,1.13,28.0,0.52,-64.9,-50.8,24.0,46.0,-93.7,10.5,1.0,133.0,1
D006520,6.4,1346.0,1.57,28.0,0.54,-67.3,-46.1,24.3,43.0,-93.9,23.5,1.0,138.0,1
D006521,4.9,1165.0,1.13,27.0,0.46,,-48.7,21.8,37.0,-95.5,10.6,1.0,128.0,0
D006522,6.1,1069.0,1.1,24.5,0.44,-61.0,-50.3,27.6,48.0,-93.8,6.7,1.0,144.0,1
D006523,3.9,1126.0,1.59,39.5,0.31,-64.8,-53.6,25.8,35.0,-92.2,20.6,1.0,143.0,0
D006524,4.3,1207.0,1.21,28.5,0.47,-65.8,-50.2,23.6,39.0,-96.2,8.1,1.0,139.0,1
D006525,5.0,1078.0,1.17,29.5,0.61,-64.9,-45.4,28.6,46.0,-94.3,8.2,1.0,109.0,0
D006526,6.0,1157.0,0.84,34.0,0.54,-67.5,-54.2,27.6,33.0,-94.2,16.2,1.0,144.0,1
D006527,,1383.0,1.43,31.0,0.36,-69.7,-48.0,27.1,45.0,-92.4,20.7,0.0,104.0,0
D006528,6.1,1090.0,1.5,30.0,0.69,-66.0,-53.0,25.8,53.0,-91.0,23.7,0.0,109.0,0
D006529,3.4,1201.0,1.03,39.0,0.3,-61.4,-50.6,28.7,57.0,-95.3,13.6,1.0,150.0,0
D006530,4.4,1260.0,1.41,34.5,0.47,-63.6,-48.5,22.7,41.0,-93.8,10.7,1.0,109.0,0
D006531,5.2,1156.0,1.15,29.5,0.47,-63.9,-50.9,23.9,45.0,-94.1,6.8,0.0,126.0,1
D006532,4.9,1233.0,1.13,31.0,0.42,-66.6,-48.5,24.1,41.0,-95.9,10.8,,131.0,1
D006533,4.8,1178.0,1.08,25.0,0.48,-66.3,-49.6,22.5,42.0,-94.0,9.2,0.0,132.0,1
D006534,4.4,1189.0,1.07,35.0,0.48,-65.6,-49.2,23.9,46.0,-94.7,4.2,1.0,123.0,1
D006535,4.7,1166.0,1.14,30.5,0.45,-64.1,-49.5,23.9,47.0,-96.8,8.3,1.0,127.0,1
D006536,3.5,1062.0,1.21,30.5,0.39,-67.7,-54.3,26.0,40.0,,21.0,1.0,110.0,0
D006537,5.7,1124.0,1.13,29.0,0.44,-66.3,-50.2,24.3,41.0,-94.7,10.7,1.0,124.0,1
D006538,4.6,1197.0,0.94,26.0,0.51,-65.4,-50.0,23.8,47.0,-95.2,8.2,1.0,129.0,1
D006539,5.4,1230.0,1.07,,0.47,-65.6,-50.8,24.5,42.0,-95.3,6.0,0.0,122.0,1
D006540,4.1,1219.0,1.25,30.5,0.45,-64.0,-50.7,24.5,46.0,-97.3,4.9,1.0,125.0,1
D006541,5.4,1228.0,1.19,29.5,0.51,-65.6,-51.1,25.6,39.0,,8.0,0.0,133.0,1
D006542,4.4,1239.0,1.0,26.5,0.55,-64.0,-50.6,25.4,43.0,-96.9,6.6,0.0,124.0,1
D006543,4.6,1174.0,0.83,29.0,0.46,-65.4,-47.7,25.2,60.0,-93.3,14.9,0.0,111.0,1
D006544,5.2,1238.0,0.94,29.5,0.45,-64.2,-50.3,24.3,47.0,-96.7,7.4,0.0,130.0,1
D006545,4.6,1255.0,1.6,29.5,0.39,-67.2,-51.1,21.4,46.0,-91.8,0.6,0.0,135.0,1
D006546,6.5,1334.0,1.5,30.0,0.32,-65.9,-45.8,,44.0,-93.6,21.6,0.0,106.0,0
D006547,5.1,1182.0,1.18,27.0,0.46,-64.8,-50.0,25.3,34.0,-96.2,12.2,1.0,123.0,1
D006548,5.2,1264.0,1.08,27.5,,-65.5,-49.4,25.3,44.0,-94.4,7.4,0.0,137.0,1
D006549,6.6,1018.0,1.3,30.5,,-69.3,-48.5,24.7,60.0,-92.5,12.0,0.0,150.0,1
D006550,5.0,1199.0,0.95,30.5,0.55,-64.5,-50.4,24.4,43.0,-95.6,12.4,0.0,,1
D006551,4.6,1215.0,1.09,30.0,0.54,-66.5,-50.4,22.1,44.0,-95.5,8.8,0.0,132.0,1
D006552,4.0,1229.0,1.04,37.0,0.31,-60.5,-54.7,20.5,37.0,-97.8,22.5,1.0,135.0,0
D006553,4.9,1189.0,,27.0,0.51,-64.2,-51.1,24.1,42.0,-94.8,6.2,1.0,135.0,1
D006554,4.8,1289.0,,26.5,0.32,-68.4,-54.8,20.8,46.0,-91.2,15.3,1.0,114.0,0
D006555,6.0,1164.0,1.46,24.5,0.3,-68.5,-48.2,26.9,35.0,-94.7,0.5,0.0,149.0,1
D006556,4.6,1183.0,1.08,27.0,0.43,-67.3,-50.8,25.2,48.0,-96.5,10.2,1.0,131.0,1
D006557,4.9,1331.0,1.2,34.0,0.51,-64.1,-50.1,20.4,45.0,-96.6,10.8,1.0,127.0,1
D006558,4.1,1217.0,0.99,30.0,0.45,-63.6,-49.4,25.3,44.0,-96.8,7.6,0.0,125.0,1
D006559,5.0,1232.0,1.14,,0.48,-65.5,-50.5,25.0,44.0,-95.5,9.3,1.0,128.0,1
D006560,3.8,1210.0,1.46,37.0,0.6,-69.1,-45.4,25.8,57.0,-90.2,3.4,0.0,138.0,1
D006561,5.9,1004.0,1.29,20.0,0.59,-66.5,-53.9,20.5,42.0,-92.1,21.1,0.0,141.0,0
D006562,4.9,1244.0,1.11,24.0,0.44,-63.7,-48.9,24.1,45.0,-96.5,,1.0,131.0,0
D006563,5.2,,,28.5,0.51,-65.8,-50.4,23.7,45.0,-96.4,10.5,0.0,126.0,1
D006564,4.5,1246.0,1.09,24.0,0.5,-64.5,-50.8,23.3,47.0,-95.2,11.0,1.0,131.0,0
D006565,5.1,1241.0,,28.0,0.45,-66.8,-49.5,24.7,43.0,-97.6,7.4,1.0,129.0,1
D006566,4.4,1263.0,1.15,26.5,0.5,,-50.6,22.8,44.0,-95.6,10.4,1.0,127.0,1
D006567,4.5,1212.0,1.59,33.0,0.31,-60.7,-45.8,28.4,44.0,-98.0,18.4,0.0,123.0,0
D006568,4.8,1160.0,1.16,30.5,0.48,-67.5,-48.4,27.7,41.0,-94.3,9.4,0.0,131.0,1
D006569,4.8,1017.0,1.53,29.5,0.67,-69.6,-50.3,28.3,54.0,-92.6,20.6,1.0,108.0,0
D006570,4.8,1162.0,1.06,28.5,0.49,-65.2,-48.3,24.4,44.0,-96.2,5.4,0.0,130.0,1
D006571,6.4,1363.0,1.23,31.0,0.61,-66.7,-53.5,21.9,39.0,-98.4,12.3,0.0,101.0,1
D006572,6.0,1277.0,1.12,35.0,0.51,-64.7,-50.3,22.1,60.0,-90.4,0.5,0.0,103.0,1
D006573,3.9,1162.0,1.38,28.5,0.44,-67.4,-50.1,27.3,43.0,-93.2,14.6,1.0,141.0,0
D006574,4.3,1087.0,1.04,29.5,0.5,-66.3,-51.9,23.1,45.0,-97.1,8.2,1.0,128.0,1
D006575,4.7,1174.0,1.05,29.0,0.51,-65.8,-51.4,23.9,41.0,-95.5,9.6,0.0,120.0,1
D006576,6.7,1313.0,1.44,36.0,0.7,-61.0,-53.9,27.9,41.0,,2.2,0.0,119.0,0
D006577,6.9,1252.0,1.08,20.5,0.6,-68.1,-49.4,28.2,32.0,-97.4,15.1,1.0,136.0,1
D006578,3.1,1319.0,1.39,37.0,0.31,-66.6,-46.8,26.9,51.0,-99.6,13.5,0.0,115.0,0
D006579,5.5,1128.0,1.54,27.5,0.39,-66.7,-47.5,27.1,38.0,-98.6,18.3,0.0,141.0,0
D006580,4.5,1128.0,0.95,28.0,0.44,-65.4,-50.5,24.7,45.0,-95.1,6.8,1.0,136.0,1
D006581,4.5,1277.0,1.1,26.5,0.47,-64.6,-50.5,23.5,46.0,-95.4,9.9,0.0,127.0,1
D006582,4.9,1201.0,1.03,29.5,0.5,-63.8,-51.1,22.6,46.0,-95.3,8.8,0.0,120.0,1
D006583,5.9,1149.0,1.06,27.5,,-65.7,-47.8,23.9,43.0,-95.5,15.8,1.0,129.0,1
D006584,5.2,1253.0,1.05,28.0,0.47,-64.0,-47.9,22.7,41.0,-96.2,9.5,0.0,132.0,1
D006585,,1192.0,1.09,24.5,0.42,-65.2,-48.6,23.8,44.0,-95.0,10.6,1.0,130.0,0
D006586,6.2,1036.0,0.96,38.0,0.4,-68.8,-53.0,24.2,40.0,,6.2,0.0,107.0,1
D006587,5.1,,1.17,26.5,0.47,-63.4,-49.2,24.4,47.0,-95.9,7.3,0.0,135.0,1
D006588,,1169.0,1.11,30.5,0.52,-65.2,-48.6,24.7,46.0,-95.3,12.1,1.0,126.0,0
D006589,4.5,1180.0,1.1,31.0,0.54,-65.4,-50.8,22.9,44.0,-93.8,6.1,0.0,129.0,1
D006590,4.8,1175.0,1.14,30.0,0.53,-65.9,-51.3,23.4,40.0,-95.3,4.4,0.0,124.0,1
D006591,5.0,1176.0,1.12,25.5,0.41,-65.1,-49.8,24.6,46.0,-96.2,8.3,1.0,124.0,0
D006592,5.6,1296.0,1.08,35.5,0.53,-66.8,-52.3,25.4,33.0,-92.9,16.9,1.0,112.0,1
D006593,4.9,1117.0,1.01,26.5,0.42,-65.7,-51.8,24.7,,-96.6,5.9,1.0,129.0,1
D006594,4.1,1291.0,0.93,27.5,0.37,-62.4,-46.0,20.9,54.0,-90.3,3.5,0.0,134.0,0
D006595,4.8,1160.0,1.06,28.5,0.49,-64.6,-50.2,23.9,42.0,-95.7,8.0,0.0,124.0,1
D006596,4.4,1339.0,0.82,20.5,0.41,-66.3,-48.8,20.5,34.0,-94.8,14.1,0.0,142.0,1
D006597,4.8,1150.0,1.1,29.0,0.44,-66.1,-49.4,24.8,43.0,-95.9,5.9,0.0,129.0,1
D006598,4.6,1212.0,0.99,27.5,0.52,-62.0,-53.2,27.8,31.0,-94.5,18.3,0.0,118.0,0
D006599,5.2,1227.0,0.86,27.0,0.53,-64.0,-50.0,27.4,44.0,-95.7,12.8,0.0,122.0,1
D006600,5.1,1194.0,1.0,27.5,0.47,-65.7,,25.9,43.0,-94.6,10.3,0.0,129.0,1
D006601,3.0,1161.0,0.91,35.5,0.31,-66.4,-52.7,26.6,45.0,-91.8,13.1,0.0,118.0,0
D006602,4.3,1173.0,1.06,27.0,0.49,-65.1,-48.7,22.4,43.0,-94.2,9.5,0.0,129.0,0
D006603,4.6,1098.0,1.53,31.0,0.51,-64.8,-52.5,22.4,,-97.3,21.3,1.0,,0
D006604,7.0,1144.0,1.34,29.5,0.51,-68.5,-46.7,26.6,38.0,-95.4,6.4,0.0,141.0,1
D006605,6.8,1074.0,1.24,22.5,,-62.7,-45.4,26.5,48.0,-98.2,23.6,0.0,142.0,0
D006606,3.5,1138.0,1.14,28.5,0.4,-67.3,-49.8,25.3,48.0,-95.4,9.3,1.0,123.0,0
D006607,4.9,1209.0,1.08,,0.45,-64.5,-49.3,23.6,45.0,-93.6,5.9,0.0,118.0,1
D006608,4.7,1178.0,1.11,28.0,0.52,-64.6,-50.1,22.4,45.0,,5.4,0.0,126.0,1
D006609,6.4,1216.0,1.04,39.5,0.35,-65.6,-45.6,22.1,40.0,-100.0,22.5,0.0,100.0,0
D006610,5.4,1178.0,0.99,31.0,0.5,-66.0,-51.1,25.1,40.0,-96.1,9.6,0.0,126.0,1
D006611,3.9,1187.0,1.27,28.0,0.48,-64.9,-48.4,24.0,44.0,-95.7,8.9,0.0,123.0,1
D006612,4.4,1126.0,1.13,32.0,0.54,-64.6,-49.5,21.1,43.0,-97.3,9.5,0.0,131.0,1
D006613,4.7,1348.0,1.23,36.5,0.65,-67.8,-49.0,28.7,30.0,-95.6,3.2,1.0,123.0,1
D006614,5.4,1188.0,1.6,38.5,0.62,-68.3,-51.8,25.2,45.0,-94.8,0.3,0.0,147.0,1
D006615,5.1,1253.0,1.1,30.0,0.49,-63.9,-50.6,22.4,39.0,-95.4,9.2,0.0,127.0,1
D006616,4.0,1182.0,1.19,31.5,0.47,-66.3,-51.3,24.8,44.0,-96.4,5.4,1.0,126.0,1
D006617,4.2,1197.0,1.09,30.5,0.45,-64.5,-50.2,24.3,44.0,-95.7,10.4,1.0,133.0,1
D006618,3.7,1268.0,1.27,39.5,0.49,-63.2,-48.0,29.0,40.0,-94.1,23.3,1.0,106.0,0
D006619,5.5,1169.0,1.12,28.0,0.46,-68.4,-48.4,24.0,38.0,-96.1,11.9,1.0,125.0,1
D006620,4.3,1044.0,1.43,31.0,0.69,-65.5,-45.0,23.2,35.0,-99.3,23.7,0.0,130.0,0
D006621,4.8,1149.0,1.22,29.5,0.5,-66.8,-51.5,23.5,43.0,-94.4,7.2,1.0,132.0,1
D006622,3.7,1212.0,1.47,40.0,0.6,-62.3,-49.7,26.3,36.0,-92.8,15.6,1.0,133.0,0
D006623,5.5,1180.0,1.07,26.5,0.5,-68.0,-51.3,23.8,44.0,-96.2,12.2,0.0,133.0,1
D006624,4.8,1131.0,1.17,29.0,0.4,-65.4,-49.6,23.5,46.0,-96.1,10.2,0.0,138.0,1
D006625,4.5,1136.0,0.92,31.5,0.47,-65.4,-50.5,25.5,44.0,-95.9,12.5,1.0,122.0,0
D006626,5.7,1197.0,1.08,22.5,0.45,-69.0,-48.2,23.7,40.0,-93.2,0.4,0.0,147.0,1
D006627,6.8,1082.0,1.13,26.0,0.59,,-53.2,26.7,43.0,-99.9,3.7,1.0,131.0,1
D006628,6.0,1005.0,1.3,33.0,0.58,-61.2,-48.0,26.6,51.0,-95.6,12.8,1.0,105.0,0
D006629,4.6,1162.0,1.16,24.5,0.39,-65.7,-48.8,23.7,47.0,-95.3,6.9,1.0,132.0,0
D006630,4.0,1158.0,1.06,28.0,0.48,-65.4,-52.1,24.4,40.0,-95.1,13.2,1.0,126.0,1
D006631,6.5,1147.0,1.27,26.0,0.62,-61.5,-51.4,28.2,48.0,-98.8,20.9,1.0,120.0,0
D006632,6.2,1233.0,0.9,22.0,0.66,-68.1,-47.7,27.7,38.0,-93.7,11.0,1.0,102.0,0
D006633,5.0,1172.0,0.9,29.5,0.45,-66.8,-50.9,22.4,41.0,-95.6,6.9,0.0,131.0,1
D006634,4.1,1128.0,1.11,28.5,0.51,-64.2,-51.3,23.8,44.0,-95.8,13.5,0.0,130.0,1
D006635,6.0,1147.0,1.02,30.5,0.44,-66.5,-49.6,24.2,35.0,-95.3,8.9,1.0,133.0,1
D006636,5.2,1212.0,1.06,31.5,0.46,-65.1,-48.8,22.0,52.0,-95.0,9.0,0.0,127.0,1
D006637,5.9,1130.0,1.14,29.0,0.54,-66.6,-50.3,25.7,42.0,-96.2,10.5,0.0,131.0,1
D006638,5.0,1211.0,1.23,32.0,0.47,-66.3,-50.5,25.3,46.0,-94.6,11.1,0.0,121.0,0
D006639,4.4,1175.0,1.18,29.5,0.44,-67.2,-49.7,24.3,44.0,-94.8,11.3,1.0,120.0,0
D006640,5.2,1221.0,1.37,27.5,0.43,-62.5,-52.7,24.1,51.0,-92.8,22.8,1.0,140.0,0
D006641,5.3,1208.0,1.1,32.0,0.49,-66.7,-51.4,23.9,42.0,-94.9,6.7,1.0,130.0,1
D006642,4.8,1069.0,1.1,25.0,0.42,-65.7,-50.2,24.5,39.0,-96.6,8.6,1.0,132.0,0
D006643,4.3,1156.0,1.11,30.5,0.48,-63.8,-50.3,21.7,39.0,-93.4,10.5,0.0,137.0,1
D006644,5.2,1102.0,1.39,34.0,0.57,-62.8,-49.9,28.7,38.0,-94.4,23.0,0.0,129.0,0
D006645,4.9,1137.0,1.12,31.0,0.52,-65.9,-50.9,23.7,42.0,-95.0,11.4,0.0,127.0,1
D006646,4.0,1165.0,1.08,31.0,0.49,-66.7,-51.0,23.7,41.0,-95.4,8.8,1.0,130.0,0
D006647,4.8,1174.0,1.04,28.0,0.53,-65.0,-49.3,22.6,43.0,-95.6,8.1,1.0,121.0,1
D006648,4.4,1231.0,1.15,29.5,0.42,-65.4,-47.9,24.6,49.0,-95.1,10.4,1.0,119.0,0
D006649,5.1,1188.0,1.05,26.0,0.47,-65.7,-50.0,25.3,45.0,-95.7,11.9,1.0,126.0,0
D006650,4.3,1174.0,1.11,32.5,0.47,-66.6,-49.1,24.2,46.0,-96.0,7.1,1.0,129.0,1
D006651,5.4,1077.0,1.48,36.0,0.49,-69.5,-47.8,27.1,38.0,-92.9,1.4,0.0,108.0,1
D006652,5.8,1057.0,1.22,38.5,0.52,-66.1,-47.3,30.0,52.0,-90.5,13.1,1.0,124.0,0
D006653,5.0,1377.0,0.95,22.5,0.61,-69.3,-53.4,24.6,41.0,-96.6,8.6,0.0,125.0,1
D006654,4.1,1111.0,1.25,25.0,0.41,-64.6,-47.8,21.8,33.0,-94.7,7.4,1.0,150.0,0
D006655,6.9,1162.0,1.08,30.0,0.56,-68.7,-47.5,24.3,43.0,-98.8,9.7,0.0,129.0,1
D006656,4.7,1151.0,1.23,30.0,0.53,-63.7,-49.3,23.9,46.0,-95.2,10.7,0.0,135.0,1
D006657,5.1,1177.0,1.07,31.5,0.42,-64.6,-50.1,24.6,,-95.1,12.6,1.0,132.0,1
D006658,4.7,1185.0,1.16,30.5,,-64.2,-51.8,23.9,46.0,-96.6,7.0,0.0,126.0,1
D006659,5.2,1193.0,1.08,30.0,0.49,-65.2,-49.1,24.0,47.0,-94.6,9.1,1.0,129.0,1
D006660,4.5,1186.0,1.06,27.0,0.45,-64.9,-48.9,24.5,50.0,-95.3,6.9,1.0,130.0,0
D006661,4.6,1247.0,1.12,30.0,0.47,-66.5,-48.3,23.6,43.0,-93.9,12.9,1.0,131.0,1
D006662,4.9,1198.0,1.13,30.5,0.44,-65.6,-51.3,25.2,45.0,-96.4,11.4,1.0,130.0,1
D006663,5.9,1176.0,1.41,25.5,0.54,-64.7,-45.6,27.0,39.0,-98.3,10.1,1.0,114.0,0
D006664,3.9,1050.0,1.03,38.0,0.42,-62.9,-51.8,27.6,42.0,-91.5,17.7,1.0,125.0,0
D006665,4.8,1236.0,1.13,27.5,0.46,-64.6,-49.7,24.1,43.0,-95.9,6.4,0.0,132.0,1
D006666,5.1,1156.0,1.04,33.5,0.49,-65.4,-47.7,25.0,41.0,-96.1,7.2,0.0,128.0,1
D006667,4.4,1225.0,1.25,30.0,0.43,-64.4,-51.6,22.8,39.0,,13.0,1.0,129.0,0
D006668,5.1,1211.0,1.15,26.0,0.46,-65.5,-49.2,24.1,42.0,-94.1,9.3,0.0,132.0,1
D006669,3.9,1071.0,1.45,37.5,0.32,-65.9,-50.0,30.0,38.0,-97.3,23.7,0.0,119.0,0
D006670,4.6,1132.0,1.05,28.0,0.51,-65.5,-50.7,24.3,49.0,-94.3,8.3,0.0,119.0,0
D006671,4.9,1218.0,1.21,30.0,0.51,-65.1,-50.7,25.1,45.0,-94.7,9.6,1.0,130.0,1
D006672,4.4,1161.0,1.1,29.5,0.49,-65.7,-48.2,25.2,,-96.8,6.2,1.0,130.0,1
D006673,5.3,1193.0,1.21,29.5,0.51,-64.6,-49.3,24.7,45.0,-95.0,10.0,0.0,125.0,1
D006674,4.8,1251.0,1.07,26.0,0.45,-64.0,-50.5,23.1,44.0,-95.7,11.8,1.0,,1
D006675,4.7,1126.0,1.02,27.0,0.53,-66.4,-51.4,25.1,45.0,-97.2,8.4,0.0,133.0,1
D006676,5.2,1212.0,1.13,27.5,0.55,-68.7,-49.4,22.9,38.0,-96.7,13.5,1.0,133.0,1
D006677,4.2,1376.0,0.92,39.5,0.42,-66.4,-53.4,20.3,45.0,-92.7,22.4,1.0,121.0,1
D006678,4.9,1186.0,1.06,32.5,0.46,-66.4,-49.3,22.9,46.0,-96.7,7.9,1.0,131.0,1
D006679,4.5,1243.0,1.08,31.0,0.56,-65.8,-49.1,24.6,46.0,-93.6,10.8,1.0,125.0,0
D006680,6.3,1005.0,0.96,31.5,0.5,-64.8,-45.7,22.9,44.0,-96.8,3.5,1.0,147.0,1
D006681,6.1,1349.0,1.1,21.5,0.63,-66.2,-48.1,20.2,54.0,-92.9,17.6,0.0,111.0,0
D006682,5.1,1067.0,1.05,33.0,0.61,-61.2,-53.7,29.2,55.0,-98.3,22.2,0.0,117.0,0
D006683,3.5,1211.0,0.85,27.5,0.4,-65.3,-47.5,22.5,39.0,-97.9,2.3,0.0,146.0,1
D006684,5.5,1189.0,1.06,28.0,0.54,-66.6,-49.1,24.0,46.0,-96.5,9.2,0.0,126.0,1
D006685,6.2,1238.0,1.46,33.0,0.59,-64.4,-51.0,22.4,47.0,-95.5,14.7,1.0,107.0,0
D006686,4.1,1077.0,0.8,34.0,0.6,-61.8,-53.1,27.6,50.0,-94.3,10.1,1.0,131.0,0
D006687,5.3,1210.0,0.99,30.0,0.51,-66.0,-50.8,24.6,44.0,-95.2,8.3,0.0,133.0,1
D006688,5.0,1191.0,1.01,32.5,0.43,-63.9,-49.6,24.2,48.0,-95.6,10.5,0.0,133.0,1
D006689,4.4,1118.0,1.06,31.5,0.53,-62.6,-51.0,23.0,44.0,-95.0,11.3,0.0,125.0,1
D006690,3.8,1198.0,0.98,31.0,0.48,-65.8,-50.3,23.6,41.0,-96.2,10.1,0.0,129.0,1
D006691,4.9,1145.0,1.16,30.0,0.46,,-49.4,24.9,46.0,-96.9,12.4,1.0,134.0,1
D006692,6.9,1338.0,0.88,27.5,0.33,-60.3,-48.3,25.3,34.0,-98.7,4.6,1.0,132.0,1
D006693,4.4,1180.0,1.16,26.0,0.51,-66.1,-49.5,25.8,46.0,-95.6,12.1,1.0,135.0,1
D006694,4.9,1058.0,1.03,26.5,0.43,-64.6,-50.7,23.3,44.0,-95.3,8.6,1.0,,0
D006695,4.8,1232.0,1.19,33.0,0.51,-64.8,-50.5,23.1,47.0,-95.8,8.8,0.0,131.0,1
D006696,5.2,1320.0,1.17,30.5,0.63,-60.4,-50.5,21.1,51.0,-99.3,2.7,0.0,105.0,0
D006697,4.8,1199.0,1.2,,0.49,-65.3,-49.7,23.5,46.0,-95.5,6.9,0.0,127.0,1
D006698,4.9,1179.0,0.96,27.5,0.48,-66.3,-49.8,24.9,51.0,-96.4,7.3,0.0,132.0,1
D006699,4.3,1154.0,1.09,30.0,0.43,-64.3,-50.3,24.0,45.0,-97.3,8.6,1.0,135.0,1
D006700,4.8,1129.0,1.13,28.0,0.49,-64.6,-50.6,24.4,50.0,-96.3,11.5,0.0,117.0,0
D006701,3.6,1015.0,1.26,30.0,0.67,-64.3,-46.7,23.2,55.0,-91.5,18.7,1.0,145.0,0
D006702,5.4,1279.0,1.32,35.0,0.54,-63.6,-50.5,28.1,37.0,-94.0,3.4,0.0,113.0,0
D006703,5.2,1077.0,0.93,28.5,0.37,-66.3,-48.1,24.5,35.0,-98.4,16.0,1.0,124.0,1
D006704,5.1,1166.0,1.23,28.0,0.47,-66.2,-50.0,23.3,,-94.6,7.9,0.0,127.0,1
D006705,5.0,1099.0,1.2,28.0,0.43,-64.2,-49.6,24.7,45.0,-96.4,6.4,0.0,126.0,1
D006706,4.7,1169.0,1.14,29.0,0.52,-65.4,-52.3,22.3,45.0,,10.0,1.0,130.0,1
D006707,4.4,1152.0,1.14,26.5,0.44,-65.0,-52.5,25.2,42.0,-94.9,7.0,1.0,136.0,0
D006708,5.0,1165.0,1.07,,0.45,-65.8,-49.7,24.0,38.0,-96.0,8.9,1.0,126.0,1
D006709,5.0,1166.0,0.8,36.5,0.64,-66.9,-48.4,25.5,51.0,-90.6,,0.0,110.0,1
D006710,4.5,1213.0,1.03,30.5,0.52,-65.4,-49.6,23.0,41.0,-94.5,12.8,1.0,124.0,1
D006711,4.5,1175.0,1.07,30.5,0.5,-65.5,-52.5,25.2,42.0,-93.7,7.8,1.0,123.0,1
D006712,5.1,1121.0,1.18,20.5,0.67,-68.0,-49.8,21.0,37.0,-98.4,4.7,1.0,120.0,0
D006713,4.6,1141.0,1.08,30.0,0.5,-65.5,-50.8,24.5,42.0,-94.7,7.8,1.0,135.0,1
D006714,4.9,1238.0,1.1,30.5,0.47,-65.8,-49.2,23.4,47.0,-94.7,8.2,1.0,127.0,1
D006715,5.2,1194.0,1.2,27.5,0.47,,-50.6,25.8,43.0,-95.5,11.4,0.0,129.0,1
D006716,4.9,1161.0,1.06,32.0,0.57,-67.0,-50.0,23.8,41.0,-96.3,10.9,1.0,122.0,1
D006717,,1255.0,1.18,28.5,0.54,-66.9,-52.0,24.5,40.0,-94.9,8.0,1.0,126.0,1
D006718,4.6,1145.0,1.19,30.0,0.47,-66.3,-51.3,22.9,40.0,-96.1,9.5,1.0,123.0,0
D006719,5.3,1155.0,1.11,31.5,0.47,-65.0,-52.7,24.2,47.0,-95.6,8.2,0.0,129.0,1
D006720,4.9,1374.0,1.0,24.0,0.38,-65.0,-51.9,24.8,54.0,-94.0,21.5,1.0,113.0,0
D006721,4.7,1213.0,1.16,31.0,0.52,,-49.6,23.5,40.0,-95.5,13.0,1.0,,0
D006722,5.9,1218.0,1.12,31.0,0.49,-65.5,-51.6,24.4,43.0,-95.7,6.5,1.0,135.0,1
D006723,4.4,1148.0,1.03,30.0,0.49,-65.8,-50.6,25.3,52.0,-93.9,12.2,1.0,134.0,0
D006724,5.1,,1.16,29.5,0.48,-65.6,-48.0,24.9,40.0,-96.3,10.7,1.0,121.0,1
D006725,5.7,1147.0,1.18,30.5,0.5,-65.3,-49.2,24.4,39.0,-96.3,12.4,0.0,126.0,1
D006726,4.4,1151.0,0.81,29.0,0.58,-64.0,-47.0,24.7,45.0,-94.9,21.2,1.0,113.0,0
D006727,4.5,1135.0,1.1,32.0,0.47,-65.7,-48.4,25.1,42.0,-93.9,8.8,0.0,125.0,1
D006728,4.4,1185.0,1.13,31.0,0.47,-66.3,-50.0,21.7,42.0,-93.2,12.1,1.0,135.0,0
D006729,5.4,1191.0,1.04,31.0,0.45,-66.3,-50.5,22.9,39.0,-96.6,10.5,1.0,121.0,1
D006730,4.7,1133.0,1.17,29.5,0.5,-66.6,,22.9,45.0,-96.4,8.5,0.0,125.0,1
D006731,6.2,1258.0,1.35,24.5,0.58,-66.1,-48.2,27.6,41.0,-95.8,3.9,1.0,135.0,1
D006732,4.5,1166.0,1.55,35.5,0.69,-67.1,-49.9,23.9,47.0,-96.9,20.6,0.0,132.0,1
D006733,3.8,1298.0,0.9,36.0,0.66,-69.8,-52.1,27.6,51.0,-91.3,1.2,1.0,147.0,0
D006734,5.3,1159.0,0.99,28.0,0.49,-65.0,-51.2,22.9,45.0,-93.9,13.7,1.0,125.0,1
D006735,4.6,1169.0,1.2,33.5,0.45,-65.6,-49.6,23.8,,-96.0,7.0,1.0,123.0,0
D006736,4.6,1204.0,1.02,26.5,0.48,-65.7,-49.3,23.7,50.0,-95.7,12.3,1.0,123.0,1
D006737,4.0,1284.0,1.08,31.0,0.41,-65.4,-49.8,22.5,45.0,-95.2,7.9,0.0,134.0,1
D006738,4.8,1135.0,1.14,27.5,0.48,-66.9,-49.6,24.4,39.0,-97.5,8.0,1.0,128.0,1
D006739,5.9,1179.0,1.28,34.0,0.43,-69.0,-47.9,25.1,36.0,-97.9,19.6,1.0,107.0,1
D006740,,1085.0,1.1,28.0,0.41,-65.6,-50.3,22.3,47.0,-96.8,11.1,1.0,123.0,1
D006741,4.0,1323.0,1.04,23.5,0.49,-62.1,-45.9,29.0,59.0,-93.0,4.6,0.0,148.0,0
D006742,5.1,1180.0,1.18,28.0,0.48,-65.9,-47.9,24.9,45.0,-93.7,5.1,0.0,130.0,1
D006743,5.8,1189.0,1.15,31.0,0.55,-66.9,-50.2,24.5,45.0,-95.5,6.1,1.0,128.0,1
D006744,5.6,1268.0,0.88,33.5,0.46,-60.0,-48.9,23.6,38.0,-94.2,17.8,0.0,107.0,0
D006745,5.2,1127.0,0.93,30.0,0.49,-65.7,-49.7,23.0,45.0,-96.4,11.5,0.0,128.0,1
D006746,5.7,1112.0,0.88,38.5,0.44,,-48.9,,46.0,-93.2,17.1,0.0,143.0,1
D006747,6.8,1349.0,0.84,25.0,0.58,-65.0,-51.5,30.0,48.0,-96.7,0.0,0.0,142.0,1
D006748,4.9,1193.0,1.19,29.0,0.47,-66.0,-50.9,22.8,49.0,-96.6,10.0,1.0,131.0,1
D006749,5.3,1138.0,1.16,27.5,0.43,-64.3,-48.7,25.7,41.0,-96.4,12.3,1.0,123.0,0
D006750,5.4,1280.0,1.44,29.0,0.32,-64.7,-53.6,,53.0,-98.1,5.8,0.0,116.0,0
D006751,3.7,1075.0,0.98,33.0,0.36,-69.3,-46.9,27.0,42.0,-95.1,14.7,1.0,139.0,0
D006752,5.1,1252.0,1.14,39.0,0.66,-66.9,-47.9,29.0,52.0,-92.0,22.8,0.0,138.0,0
D006753,6.8,1086.0,1.22,20.5,0.36,-64.9,-51.0,27.2,39.0,-96.7,1.6,0.0,104.0,0
D006754,5.3,1177.0,1.24,31.5,0.52,-65.9,-49.6,22.9,46.0,-96.3,9.8,0.0,129.0,1
D006755,4.9,1181.0,1.04,31.0,0.55,-65.4,-51.8,24.6,45.0,-93.8,4.9,1.0,130.0,1
D006756,5.6,1223.0,1.16,28.5,0.46,-61.3,-54.0,29.6,35.0,-94.4,22.0,0.0,101.0,0
D006757,4.9,1173.0,1.05,29.0,0.45,-65.4,-50.9,22.6,42.0,-94.6,9.0,1.0,129.0,1
D006758,5.5,1322.0,1.24,39.0,0.61,-68.5,-46.5,28.0,46.0,,7.3,0.0,116.0,1
D006759,3.4,1242.0,1.5,33.0,0.52,-64.1,-53.1,27.7,37.0,-90.2,1.8,1.0,121.0,0
D006760,4.4,1139.0,1.1,30.5,0.48,-63.8,-49.9,24.4,47.0,-95.6,9.0,1.0,127.0,0
D006761,4.3,1169.0,1.22,28.5,0.44,-65.3,-49.4,24.3,42.0,-95.6,8.6,1.0,131.0,1
D006762,4.7,1149.0,1.16,30.0,0.49,-66.4,-49.3,23.8,42.0,-91.4,9.1,0.0,125.0,1
D006763,5.1,1166.0,0.97,28.0,0.42,-65.1,-49.0,24.6,45.0,-95.9,9.1,1.0,133.0,1
D006764,5.1,1243.0,1.06,30.5,0.46,,-48.8,24.0,41.0,-96.8,8.7,0.0,128.0,1
D006765,4.3,1113.0,1.16,29.5,0.49,,-49.2,24.4,47.0,-94.6,5.7,1.0,127.0,0
D006766,4.8,1191.0,1.13,32.0,0.54,-66.6,-50.3,23.5,45.0,-95.5,12.3,1.0,128.0,1
D006767,4.2,1165.0,1.15,27.5,0.52,-65.7,-50.3,24.1,46.0,-94.3,7.0,1.0,131.0,0
D006768,4.6,1187.0,1.05,24.5,0.55,-64.4,-51.5,25.1,43.0,-95.6,10.9,0.0,129.0,1
D006769,4.6,1185.0,1.01,30.5,0.4,-67.2,-49.5,25.0,45.0,-94.7,4.9,1.0,126.0,0
D006770,5.2,1255.0,1.21,25.5,0.53,-64.9,-47.4,25.1,42.0,-95.5,11.6,0.0,127.0,1
D006771,5.0,1159.0,1.2,27.5,0.47,-65.7,-52.3,24.6,41.0,-95.3,8.6,1.0,123.0,1
D006772,6.0,1243.0,0.84,38.0,0.56,-64.8,-46.6,29.9,53.0,-94.9,8.7,0.0,104.0,1
D006773,4.6,1159.0,0.91,31.5,0.51,-64.4,-48.6,23.9,51.0,-96.4,10.4,0.0,128.0,1
D006774,4.2,1208.0,1.31,33.5,0.54,-66.5,-51.1,25.0,45.0,-95.6,10.7,1.0,130.0,0
D006775,6.7,1164.0,1.49,38.0,0.43,-66.3,-54.6,24.4,48.0,-96.7,9.3,0.0,133.0,1
D006776,3.5,1190.0,1.05,24.5,0.45,-64.4,-51.0,24.9,42.0,-95.5,9.8,1.0,129.0,0
D006777,3.0,1110.0,1.44,32.5,0.36,-69.3,-47.9,28.6,33.0,-96.0,10.9,1.0,148.0,0
D006778,4.3,1168.0,1.19,28.0,0.45,-64.6,-51.3,24.0,46.0,-94.0,8.2,0.0,123.0,1
D006779,6.2,1209.0,1.12,20.5,0.59,-65.8,-46.7,22.4,48.0,-93.4,12.0,1.0,118.0,0
D006780,3.3,1120.0,1.14,35.0,0.44,-66.1,-49.6,25.3,59.0,-90.2,18.5,0.0,129.0,1
D006781,6.1,1355.0,1.38,20.0,0.44,-67.1,-50.8,27.4,38.0,-99.4,10.0,0.0,101.0,0
D006782,5.7,1142.0,1.4,37.5,0.64,-68.6,-46.4,26.0,47.0,-99.4,22.3,1.0,118.0,0
D006783,5.7,1145.0,0.93,31.0,0.44,-66.9,-51.1,25.1,48.0,-95.0,8.9,1.0,128.0,1
D006784,4.7,1206.0,,28.0,0.53,-67.6,-48.2,25.1,42.0,-97.0,10.6,1.0,127.0,1
D006785,5.5,1005.0,1.33,25.0,0.59,-63.8,-45.9,22.9,52.0,-90.2,1.3,1.0,128.0,0
D006786,4.5,1179.0,0.92,32.5,0.49,-65.4,-48.2,22.9,42.0,-95.4,6.4,0.0,127.0,1
D006787,,1149.0,1.38,36.0,0.46,-65.1,-46.4,28.8,47.0,-95.4,20.9,0.0,116.0,0
D006788,6.5,1181.0,1.37,30.0,0.5,-69.6,-51.3,24.8,47.0,-95.7,19.0,0.0,138.0,1
D006789,3.7,1186.0,1.11,28.0,0.5,-65.7,-49.5,23.9,44.0,-94.1,8.4,1.0,128.0,1
D006790,4.7,1343.0,0.99,34.0,0.59,-62.2,-47.9,21.0,51.0,-93.3,15.4,1.0,112.0,0
D006791,4.4,1170.0,0.93,24.0,0.65,-66.6,-50.1,25.5,46.0,-98.0,22.9,1.0,120.0,0
D006792,4.0,1190.0,1.05,24.5,0.43,-64.1,-49.9,22.7,44.0,-95.5,5.7,0.0,124.0,1
D006793,4.8,1190.0,1.05,31.5,0.46,-65.3,-48.7,24.2,40.0,-95.4,10.6,1.0,124.0,1
D006794,4.8,1138.0,1.05,30.0,0.46,-65.2,-49.5,23.7,43.0,-96.3,13.6,1.0,130.0,1
D006795,5.6,1117.0,1.53,24.5,0.45,-60.7,-54.1,21.5,45.0,-96.3,19.4,0.0,106.0,0
D006796,4.8,1196.0,1.02,30.0,0.5,-65.8,-49.0,23.1,44.0,-95.7,10.3,0.0,130.0,1
D006797,4.7,1073.0,1.1,36.5,0.33,-61.6,-46.2,23.4,46.0,-91.2,15.8,1.0,145.0,0
D006798,3.8,1381.0,1.15,36.5,0.58,-61.2,-52.1,27.4,58.0,-91.6,19.4,1.0,104.0,0
D006799,5.7,1310.0,1.09,21.5,0.43,-61.5,-48.4,22.5,32.0,-99.1,23.5,1.0,149.0,0
D006800,3.4,1085.0,1.33,30.0,0.59,-60.7,-45.4,20.3,59.0,-91.5,8.3,1.0,123.0,0
D006801,6.5,1323.0,1.07,22.5,0.5,-65.3,-48.3,24.1,59.0,-98.1,21.3,1.0,134.0,1
D006802,5.4,1141.0,1.21,30.0,0.42,-64.3,-48.4,27.1,44.0,-95.6,11.2,0.0,139.0,1
D006803,4.6,1210.0,1.27,30.0,0.47,-66.9,-48.8,24.3,47.0,-94.1,6.9,1.0,137.0,1
D006804,5.2,1151.0,1.1,31.5,0.47,-65.5,-49.9,25.7,46.0,-96.8,5.1,0.0,135.0,1
D006805,4.3,1301.0,1.52,29.0,0.54,-66.8,-50.1,27.5,32.0,-96.5,12.9,1.0,148.0,1
D006806,3.7,1328.0,1.02,27.5,0.44,-66.1,-54.9,29.8,32.0,-90.6,0.6,1.0,116.0,0
D006807,5.8,1247.0,1.54,38.0,0.5,-69.0,-46.7,23.9,53.0,-91.4,4.9,1.0,104.0,1
D006808,4.4,,0.93,26.0,0.46,-67.1,-51.0,24.0,43.0,-95.0,8.9,1.0,133.0,1
D006809,6.2,1314.0,1.23,29.5,0.33,-65.1,,22.0,33.0,-94.4,14.3,1.0,139.0,1
D006810,5.0,1205.0,1.04,34.0,0.45,-66.1,-50.5,24.0,43.0,-96.7,9.4,0.0,118.0,1
D006811,5.4,1236.0,1.01,27.0,0.47,-65.1,-50.2,25.6,45.0,-96.3,12.1,1.0,130.0,1
D006812,6.1,1369.0,1.44,30.5,0.46,-65.0,-45.9,25.0,42.0,-94.4,6.2,1.0,108.0,1
D006813,5.1,1151.0,,28.0,0.53,-66.2,-49.0,,49.0,-94.9,6.8,1.0,118.0,1
D006814,4.5,1253.0,1.01,29.0,0.45,-66.4,-49.0,24.3,50.0,-97.5,6.2,1.0,132.0,1
D006815,4.8,1214.0,1.08,28.5,0.51,-67.2,-48.7,23.4,43.0,-96.2,7.4,1.0,121.0,1
D006816,5.1,1204.0,1.08,28.5,,-65.5,-51.8,24.5,42.0,-93.9,7.5,0.0,134.0,1
D006817,4.3,1222.0,1.11,29.0,0.44,-64.8,-49.3,25.2,44.0,-97.2,8.5,1.0,130.0,0
D006818,5.0,1257.0,1.0,28.0,0.52,-66.8,-51.0,22.9,41.0,-95.4,8.9,0.0,118.0,1
D006819,5.1,1172.0,1.12,30.0,0.45,-65.4,-49.4,24.7,42.0,-94.9,13.1,0.0,130.0,1
D006820,4.8,1202.0,1.26,31.0,0.51,-65.2,-49.1,24.8,44.0,,7.0,0.0,125.0,1
D006821,5.2,1004.0,0.8,22.5,0.39,-68.6,-52.8,24.1,46.0,-94.4,4.9,0.0,128.0,1
D006822,,1367.0,0.99,23.0,0.57,-62.7,-48.9,20.8,44.0,-91.4,21.9,0.0,107.0,0
D006823,5.5,1351.0,0.84,34.0,0.51,-62.8,-52.5,22.1,39.0,-91.6,5.9,1.0,119.0,1
D006824,5.1,,1.08,32.5,0.53,-65.4,-48.5,25.8,43.0,-97.7,,0.0,133.0,1
D006825,4.7,1199.0,1.18,22.0,0.64,-65.9,,26.7,40.0,-94.0,22.6,0.0,112.0,0
D006826,5.0,1137.0,1.16,24.5,0.41,-63.8,-50.5,23.0,45.0,-95.4,14.3,0.0,,0
D006827,4.4,1180.0,1.14,29.5,0.52,-66.0,-50.4,26.0,49.0,,12.4,1.0,129.0,0
D006828,4.9,1246.0,1.05,29.0,0.51,-65.9,-51.5,23.5,46.0,-94.8,6.6,0.0,130.0,1
D006829,4.1,1092.0,0.98,30.0,0.52,-64.8,-49.9,23.0,43.0,-96.7,13.3,1.0,129.0,1
D006830,4.8,1161.0,1.14,29.0,0.42,-64.8,-48.2,26.2,41.0,-95.5,12.2,0.0,124.0,1
D006831,4.8,1207.0,1.24,31.0,0.46,-66.1,-50.2,23.9,39.0,-96.1,10.8,0.0,123.0,1
D006832,3.3,1096.0,1.56,25.0,0.59,-60.0,-47.9,21.7,43.0,-95.2,9.3,1.0,148.0,0
D006833,5.9,,1.22,26.0,0.51,-67.5,-49.8,23.6,47.0,-95.5,9.5,1.0,125.0,1
D006834,5.0,1106.0,1.17,26.0,0.51,-64.9,-50.2,23.9,47.0,-95.1,14.2,0.0,136.0,1
D006835,3.9,1159.0,1.16,25.5,0.53,-65.1,-50.9,24.6,47.0,-96.3,10.0,1.0,119.0,0
D006836,3.2,1110.0,1.24,29.5,0.65,-61.0,-48.9,23.6,59.0,-96.2,19.3,0.0,150.0,0
D006837,5.3,1177.0,1.22,27.0,0.47,-66.8,-49.7,23.9,42.0,-94.8,4.3,0.0,133.0,1
D006838,4.5,,1.06,30.0,0.49,-66.3,-51.6,22.2,44.0,-96.4,11.1,0.0,119.0,1
D006839,4.4,1151.0,0.99,26.0,0.55,-63.4,-50.3,22.6,44.0,-94.9,9.2,0.0,125.0,1
D006840,4.1,1258.0,0.96,26.0,,-67.7,-49.9,26.8,49.0,-91.9,1.0,1.0,129.0,0
D006841,6.9,1227.0,1.12,22.5,0.38,-64.7,-50.8,29.9,41.0,-92.3,16.5,1.0,111.0,0
D006842,5.3,1235.0,1.17,28.5,0.49,-63.4,-52.4,23.0,45.0,-95.3,11.9,0.0,126.0,1
D006843,6.7,1177.0,1.38,30.5,0.33,-64.9,-48.0,25.3,50.0,-97.1,13.3,0.0,118.0,1
D006844,5.0,1106.0,0.92,27.0,,-65.5,-49.8,25.3,47.0,-94.2,11.7,1.0,127.0,1
D006845,5.0,1270.0,1.25,31.0,0.5,-65.2,-50.4,25.5,46.0,-97.2,10.8,0.0,126.0,1
D006846,5.0,1153.0,1.17,26.5,0.46,-67.5,-49.7,24.9,41.0,-96.1,7.8,1.0,130.0,1
D006847,5.0,1176.0,1.16,27.0,0.51,-66.7,-50.3,,46.0,-95.6,8.5,0.0,129.0,1
D006848,5.4,1126.0,1.11,28.5,0.45,-65.9,-50.4,24.8,43.0,-96.9,6.2,1.0,127.0,1
D006849,5.4,1191.0,1.06,27.0,0.51,-65.1,-48.8,24.2,40.0,-95.4,11.7,0.0,130.0,1
D006850,4.4,1143.0,1.07,30.5,0.54,-65.2,-49.2,25.7,48.0,-95.6,5.8,0.0,129.0,1
D006851,4.5,1224.0,1.12,30.0,0.44,-68.6,-47.6,25.1,46.0,-96.0,10.5,1.0,132.0,1
D006852,4.3,1227.0,1.07,29.0,0.56,-64.7,-50.6,23.7,42.0,-95.9,9.3,1.0,127.0,1
D006853,4.3,1190.0,1.1,26.5,0.46,-65.1,-50.4,22.9,46.0,-96.8,9.4,0.0,122.0,0
D006854,5.0,1204.0,1.17,27.5,0.46,-67.4,-50.2,25.1,48.0,-95.8,12.7,1.0,129.0,1
D006855,4.7,1184.0,1.15,31.0,0.44,-64.3,-49.4,23.0,43.0,-96.8,12.5,1.0,132.0,0
D006856,6.1,1231.0,1.07,25.0,0.54,-64.8,-46.4,29.0,,-99.6,12.0,1.0,130.0,1
D006857,4.9,1198.0,1.19,29.5,0.45,-65.1,-50.3,24.0,48.0,-93.8,9.7,1.0,126.0,1
D006858,4.5,1174.0,1.12,30.5,0.56,-65.6,-49.7,25.4,46.0,-95.0,10.7,1.0,126.0,1
D006859,5.4,1004.0,1.38,30.0,0.42,-62.8,-51.9,28.6,52.0,-96.2,12.7,0.0,117.0,0
D006860,4.8,1215.0,1.19,30.0,0.49,-65.2,-50.4,24.0,46.0,-95.4,5.2,0.0,136.0,1
D006861,5.6,1205.0,0.99,36.5,0.45,-68.5,-47.2,25.9,32.0,-94.9,0.3,1.0,110.0,1
D006862,5.1,1128.0,1.04,26.5,0.49,-65.7,-49.2,25.8,37.0,-96.0,9.6,0.0,127.0,1
D006863,,1191.0,1.13,28.5,0.47,-65.5,-50.0,23.7,49.0,-93.7,8.4,1.0,137.0,1
D006864,5.6,1105.0,1.11,25.5,0.44,-64.0,-50.8,24.1,37.0,-96.9,9.2,0.0,127.0,1
D006865,4.8,1183.0,1.13,31.0,0.48,-66.1,-50.7,20.7,43.0,-95.2,6.2,1.0,129.0,1
D006866,5.7,1340.0,1.28,30.5,0.54,-63.5,-45.5,21.5,35.0,-96.5,4.5,1.0,135.0,1
D006867,5.0,1274.0,1.07,30.0,0.48,-66.3,-48.8,24.6,41.0,-95.8,7.0,1.0,132.0,1
D006868,4.8,1179.0,0.97,,0.47,-65.3,-50.0,23.7,46.0,-94.8,10.0,0.0,125.0,1
D006869,5.2,1252.0,0.99,30.5,0.49,-65.3,-50.2,25.3,42.0,-94.0,4.1,0.0,137.0,1
D006870,5.1,1205.0,1.03,28.5,0.47,-64.9,-50.7,25.3,48.0,-95.5,7.5,1.0,135.0,1
D006871,4.8,1177.0,1.14,27.5,0.43,-65.5,-48.6,26.3,39.0,-94.3,8.4,1.0,127.0,0
D006872,5.1,1268.0,1.11,29.5,0.47,-67.5,-50.7,23.5,49.0,-95.1,11.4,0.0,128.0,1
D006873,7.0,1035.0,1.53,27.5,0.54,-62.0,-52.4,21.0,57.0,-94.2,2.1,0.0,101.0,0
D006874,5.3,1209.0,1.21,27.5,0.38,-64.3,-50.7,22.4,45.0,-94.7,6.0,1.0,129.0,0
D006875,4.6,1203.0,1.13,24.0,0.47,-65.5,-49.9,24.1,47.0,-96.2,6.2,0.0,,1
D006876,6.5,1088.0,0.95,35.0,0.65,-65.8,-50.4,22.6,33.0,-91.0,15.1,1.0,136.0,1
D006877,4.6,,1.09,28.5,0.41,-64.8,-51.5,24.9,43.0,-95.1,6.7,1.0,128.0,1
D006878,4.3,1237.0,1.11,28.5,0.43,-67.2,-50.8,24.6,39.0,-95.8,6.9,1.0,140.0,1
D006879,4.6,1285.0,0.82,39.5,0.56,-61.4,-48.5,24.9,36.0,-95.5,9.8,1.0,105.0,1
D006880,,1225.0,1.08,29.0,0.44,-66.0,-48.4,23.7,45.0,-94.6,8.1,1.0,133.0,1
D006881,4.6,1125.0,1.14,29.0,0.48,-66.7,-49.7,22.6,45.0,-95.9,10.9,1.0,,1
D006882,4.1,1194.0,1.04,29.0,0.51,-64.7,-48.8,24.0,41.0,-95.5,8.4,0.0,127.0,1
D006883,4.4,1197.0,1.13,29.0,0.51,-64.1,-49.6,24.4,46.0,-96.4,7.8,1.0,120.0,0
D006884,6.4,1271.0,1.51,33.0,0.3,-68.6,-53.9,21.2,46.0,-94.9,7.8,1.0,131.0,1
D006885,5.3,1164.0,1.1,30.0,0.43,-66.0,-49.2,21.9,44.0,-95.9,6.3,1.0,128.0,1
D006886,4.5,1121.0,1.09,27.0,0.36,-64.9,-48.6,24.2,45.0,-96.0,7.8,0.0,132.0,1
D006887,4.6,1157.0,1.04,30.0,0.51,-64.0,-50.0,23.2,43.0,-96.6,14.7,1.0,131.0,1
D006888,,1205.0,1.08,27.5,0.49,-65.9,-49.3,25.1,44.0,,6.9,0.0,134.0,1
D006889,5.1,1205.0,1.08,27.5,0.42,-68.5,-49.8,25.3,44.0,-94.4,13.4,1.0,132.0,1
D006890,4.0,1293.0,1.23,21.0,0.48,-69.7,-53.7,28.8,41.0,-97.8,17.9,1.0,124.0,0
D006891,5.6,1070.0,1.57,31.5,,-61.2,-46.2,29.5,36.0,-99.5,2.1,0.0,122.0,0
D006892,4.0,1258.0,0.99,35.5,0.34,-69.0,,22.5,43.0,-97.5,11.6,0.0,108.0,1
D006893,4.5,1211.0,1.13,30.0,0.58,-66.6,-50.6,23.6,44.0,-96.6,6.6,0.0,132.0,1
D006894,5.0,1173.0,0.93,30.5,0.44,-65.5,-48.8,23.6,36.0,-96.5,8.1,1.0,128.0,1
D006895,5.1,1193.0,1.06,28.5,0.47,-66.8,-51.8,25.3,36.0,-95.8,7.0,1.0,129.0,1
D006896,4.8,1366.0,1.07,28.5,0.57,-65.7,-52.2,29.7,38.0,-91.0,13.2,1.0,136.0,0
D006897,5.6,1210.0,1.18,28.0,0.49,-66.1,-50.3,23.3,51.0,-94.8,7.5,1.0,127.0,1
D006898,6.5,1065.0,1.4,27.5,0.47,-65.9,-53.6,21.1,34.0,-90.3,,,131.0,1
D006899,4.7,1107.0,1.06,28.5,0.48,-65.8,-49.9,25.0,42.0,-96.7,13.2,0.0,131.0,1
D006900,4.7,1165.0,1.11,31.5,0.52,-64.1,-49.6,24.4,53.0,-94.6,9.8,0.0,128.0,1
D006901,4.3,1186.0,1.24,29.0,0.53,-66.0,-49.2,22.6,38.0,-94.6,8.9,0.0,134.0,1
D006902,4.8,1186.0,1.12,29.5,0.46,-64.8,-49.7,25.2,47.0,-92.9,11.8,0.0,132.0,1
D006903,,1162.0,1.45,21.0,0.53,-65.2,-47.9,23.1,35.0,-99.0,,1.0,146.0,0
D006904,4.4,1249.0,1.14,29.0,0.43,-69.0,-49.4,22.3,58.0,-97.1,2.7,1.0,136.0,1
D006905,5.1,1207.0,1.1,29.0,0.49,-66.4,-48.6,23.7,42.0,-94.8,7.0,0.0,124.0,1
D006906,5.9,1185.0,1.34,23.0,0.41,-62.8,-46.3,21.1,40.0,-98.0,19.5,1.0,134.0,0
D006907,5.3,1213.0,1.28,25.5,0.49,-65.5,-49.0,23.7,44.0,-95.4,7.7,1.0,128.0,1
D006908,3.3,1131.0,1.37,34.5,0.39,-67.8,-50.1,29.8,37.0,-90.5,6.0,1.0,142.0,0
D006909,,,1.27,29.5,0.7,-62.0,-46.8,23.4,39.0,-92.5,16.6,0.0,102.0,0
D006910,5.6,1104.0,1.07,32.0,0.46,-68.2,-46.3,26.0,50.0,-95.1,18.3,0.0,104.0,0
D006911,5.8,1016.0,0.86,20.5,0.58,-62.2,-52.6,26.6,60.0,-95.8,18.9,0.0,130.0,0
D006912,5.2,1001.0,1.41,34.0,0.41,-61.1,-49.2,23.4,39.0,-95.2,20.7,1.0,130.0,0
D006913,,1300.0,1.36,24.0,0.47,-63.1,-48.1,26.7,,-96.4,19.4,0.0,120.0,0
D006914,3.7,1273.0,1.28,29.0,0.38,-68.0,-51.8,23.8,43.0,-95.2,0.0,1.0,107.0,0
D006915,6.3,1329.0,1.19,36.0,0.48,-70.0,-53.5,24.3,52.0,-99.9,10.5,1.0,110.0,1
D006916,4.3,1166.0,1.23,31.0,0.51,-68.9,-53.5,30.0,60.0,,9.2,1.0,139.0,0
D006917,4.3,1113.0,1.08,,0.38,-63.4,-50.1,24.2,44.0,-94.4,,0.0,133.0,1
D006918,4.7,1000.0,1.52,36.5,0.31,-66.3,-50.0,20.3,47.0,-99.0,9.7,0.0,141.0,0
D006919,5.0,1150.0,0.98,29.5,0.5,-65.6,-49.0,25.9,45.0,-94.9,10.2,0.0,126.0,1
D006920,4.9,1181.0,1.16,27.0,0.52,-65.7,-51.2,23.3,45.0,-96.2,10.3,1.0,130.0,1
D006921,5.4,1175.0,1.05,27.0,0.44,-66.4,-50.6,24.0,44.0,-95.4,13.1,1.0,135.0,1
D006922,4.8,1060.0,1.02,35.0,0.63,-64.3,-50.3,24.2,43.0,-95.4,13.8,0.0,134.0,1
D006923,5.2,1185.0,1.1,27.0,0.5,-65.1,-50.7,23.6,42.0,-96.5,8.9,0.0,133.0,1
D006924,5.1,1159.0,1.54,34.0,0.46,-65.0,-47.5,25.3,49.0,-99.6,18.9,0.0,147.0,1
D006925,3.9,1167.0,1.2,27.5,0.51,-65.4,-50.1,23.4,46.0,-95.0,12.7,0.0,126.0,0
D006926,3.4,1266.0,1.5,35.0,0.67,-68.2,-48.6,21.0,44.0,-98.1,21.7,1.0,134.0,0
D006927,4.5,1200.0,1.15,28.5,0.44,-65.4,-50.5,22.2,42.0,-94.2,7.9,1.0,126.0,1
D006928,5.0,1067.0,1.43,20.0,0.32,-61.0,-48.4,28.1,,-96.9,6.1,0.0,123.0,0
D006929,4.7,1211.0,1.32,30.5,0.47,-64.6,-50.8,24.4,46.0,-96.0,7.3,0.0,136.0,1
D006930,5.6,1142.0,0.98,30.0,0.47,-67.5,-48.0,,46.0,-96.5,8.5,,133.0,1
D006931,4.7,1126.0,1.14,28.0,0.44,-66.3,-49.0,23.3,41.0,-95.1,8.5,1.0,134.0,0
D006932,4.8,1188.0,1.06,27.5,0.56,-63.8,-48.9,21.4,48.0,-98.2,15.3,1.0,142.0,1
D006933,4.8,1198.0,1.18,,0.44,-65.9,-49.9,25.0,46.0,-94.7,8.5,1.0,132.0,0
D006934,5.6,1095.0,1.12,29.5,0.43,-64.9,-48.6,24.9,39.0,-94.9,8.5,0.0,125.0,1
D006935,5.5,1223.0,1.04,26.5,0.47,-65.0,-50.9,21.7,47.0,-95.6,12.3,1.0,129.0,1
D006936,4.4,1051.0,1.44,23.0,0.36,-68.2,-49.7,22.6,53.0,-90.7,11.8,1.0,147.0,0
D006937,6.7,1363.0,1.38,26.0,0.4,-67.7,-48.1,27.5,57.0,-92.7,19.4,1.0,124.0,0
D006938,5.1,1157.0,1.04,27.0,0.47,-64.9,-50.5,23.5,45.0,-95.9,5.1,0.0,122.0,1
D006939,6.7,1165.0,1.41,25.5,0.44,-60.3,-54.4,29.8,46.0,-98.8,10.3,0.0,107.0,0
D006940,6.2,1355.0,1.42,22.0,0.38,-67.9,-54.8,24.8,56.0,-96.8,0.1,1.0,112.0,0
D006941,6.5,1057.0,1.06,24.0,0.57,-62.7,-45.0,29.5,56.0,-91.9,18.2,1.0,120.0,0
D006942,7.0,1347.0,1.01,28.5,0.64,-68.4,-46.4,26.7,56.0,-93.3,17.9,1.0,106.0,1
D006943,5.5,1176.0,1.16,24.5,0.42,-64.4,-49.7,24.3,45.0,-95.1,7.7,0.0,121.0,1
D006944,4.3,1201.0,1.04,29.5,0.51,-65.6,-49.3,22.3,46.0,-95.8,7.4,1.0,131.0,0
D006945,4.4,1171.0,1.1,29.5,,-67.0,-49.1,24.2,43.0,-96.4,9.6,0.0,127.0,1
D006946,4.8,1236.0,1.08,31.5,0.43,-65.7,-50.2,22.6,43.0,-94.3,9.4,0.0,125.0,1
D006947,3.1,1344.0,1.29,28.5,0.6,-67.0,-52.0,25.8,54.0,-96.2,18.6,0.0,104.0,0
D006948,4.8,1113.0,1.06,30.0,0.46,-66.7,-48.9,22.8,41.0,-93.5,7.7,0.0,132.0,1
D006949,3.9,1283.0,1.35,35.0,0.52,-68.4,-49.9,24.8,50.0,-94.5,15.0,0.0,148.0,1
D006950,4.7,1121.0,1.26,30.0,0.49,-64.6,-48.0,24.9,51.0,-94.8,9.3,0.0,122.0,0
D006951,5.0,1267.0,1.26,29.5,0.47,-63.9,-48.7,,45.0,-95.3,6.6,0.0,131.0,1
D006952,6.3,1172.0,1.33,26.5,0.6,-62.7,-49.9,21.6,40.0,-98.8,11.1,0.0,146.0,1
D006953,4.9,1321.0,1.13,26.0,0.46,-64.0,-53.2,25.5,52.0,-96.4,6.2,1.0,148.0,1
D006954,4.1,1199.0,1.04,,0.44,-66.3,-50.5,23.9,43.0,-96.0,8.6,0.0,124.0,1
D006955,5.3,1143.0,1.15,26.0,0.57,-66.9,-48.9,22.9,,,12.2,1.0,133.0,1
D006956,4.5,1150.0,1.04,25.5,0.54,-65.3,-48.8,24.5,40.0,-96.7,11.1,1.0,125.0,0
D006957,4.4,1223.0,1.16,30.5,0.51,-66.1,-49.6,23.3,41.0,-95.6,6.8,,124.0,1
D006958,4.6,1228.0,1.07,30.0,0.52,-65.9,-49.2,24.4,43.0,-96.1,12.7,1.0,133.0,1
D006959,4.5,1227.0,1.13,28.0,0.41,-63.5,-49.5,23.8,43.0,-95.7,6.4,,131.0,1
D006960,5.5,1125.0,1.06,27.5,0.53,-66.4,-48.3,25.4,36.0,-93.9,8.8,0.0,123.0,1
D006961,3.6,1254.0,1.11,28.5,0.42,-62.2,-50.3,21.2,33.0,-99.5,2.1,1.0,138.0,1
D006962,3.6,1320.0,1.26,32.0,0.61,-68.3,-45.7,23.6,31.0,-99.7,14.5,1.0,149.0,1
D006963,5.0,1173.0,0.95,33.0,0.46,-65.8,-49.0,23.4,41.0,-93.5,10.3,1.0,128.0,1
D006964,4.6,1159.0,1.14,31.0,0.45,-65.9,-48.5,24.4,45.0,-95.2,11.2,1.0,129.0,1
D006965,5.8,1180.0,1.07,25.5,0.44,-65.1,-50.6,25.4,50.0,-94.8,6.1,0.0,127.0,1
D006966,4.9,1172.0,1.1,32.0,0.49,-65.5,-50.5,27.3,42.0,-95.2,5.4,0.0,131.0,1
D006967,4.3,1197.0,1.12,27.0,0.43,-63.7,-49.3,24.3,45.0,-96.6,9.8,0.0,130.0,1
D006968,3.5,1133.0,1.49,39.5,0.34,,-49.9,28.8,46.0,-97.9,21.6,1.0,109.0,0
D006969,4.5,1183.0,1.02,31.0,0.47,-67.2,-50.9,23.4,45.0,-94.9,10.2,0.0,127.0,1
D006970,4.4,1209.0,1.13,30.5,0.6,-66.7,-50.6,23.6,47.0,-95.8,7.1,0.0,132.0,1
D006971,5.2,1218.0,0.82,23.5,0.5,-60.1,-46.1,26.6,59.0,-99.6,19.0,1.0,131.0,0
D006972,5.0,1210.0,1.16,33.5,0.59,-64.7,-50.5,23.4,43.0,-96.8,9.6,1.0,129.0,1
D006973,4.6,1155.0,1.29,24.5,0.47,-65.7,-50.7,24.3,44.0,-96.0,8.3,0.0,127.0,1
D006974,5.1,1162.0,1.09,28.5,0.5,-66.3,-50.0,23.1,44.0,-95.1,3.6,0.0,134.0,1
D006975,3.4,1306.0,0.96,40.0,0.7,-68.5,-54.6,27.8,38.0,-90.6,22.9,0.0,134.0,0
D006976,5.6,1150.0,1.54,,,-70.0,-50.5,27.0,55.0,-98.6,22.2,1.0,137.0,0
D006977,5.2,1170.0,1.14,29.5,0.47,-65.1,-50.2,23.6,44.0,-96.1,6.0,0.0,134.0,1
D006978,5.0,1218.0,1.11,32.5,0.46,-63.8,-50.1,23.7,43.0,-94.4,9.3,1.0,133.0,1
D006979,5.2,1208.0,1.16,33.0,0.52,-64.6,-50.6,22.6,40.0,-96.1,11.7,0.0,131.0,1
D006980,4.3,1065.0,1.48,23.5,0.45,-65.6,-53.6,25.2,55.0,-91.5,6.7,0.0,101.0,0
D006981,5.8,1122.0,1.02,26.5,0.47,-65.4,-50.4,24.2,38.0,-96.7,6.6,0.0,132.0,1
D006982,3.2,1277.0,1.17,28.0,0.69,-69.8,-54.5,23.3,38.0,-98.9,15.0,0.0,147.0,1
D006983,4.0,1125.0,0.88,20.5,0.66,-64.3,-45.1,25.3,42.0,-93.9,12.2,0.0,101.0,0
D006984,,1136.0,1.1,30.5,0.56,-65.7,-50.6,23.4,41.0,-94.6,7.9,1.0,137.0,1
D006985,5.7,1292.0,1.38,34.0,0.63,-65.3,-47.9,23.9,34.0,-98.2,23.1,0.0,122.0,1
D006986,5.0,,1.08,29.0,0.51,,-48.3,25.9,42.0,-93.4,5.6,1.0,125.0,1
D006987,4.3,1028.0,0.88,34.5,0.39,-68.5,-46.1,20.6,34.0,-90.6,11.3,1.0,114.0,0
D006988,5.1,1228.0,0.98,27.0,0.46,-63.3,-51.7,24.7,49.0,-95.1,6.5,0.0,134.0,1
D006989,4.3,1116.0,1.13,28.0,0.49,-64.9,-50.3,24.3,42.0,-97.7,13.2,1.0,130.0,0
D006990,3.9,1161.0,1.05,30.5,0.49,-64.4,-48.2,22.3,42.0,-94.6,7.4,0.0,139.0,1
D006991,5.0,1139.0,1.06,28.0,0.46,-65.7,-48.2,23.5,40.0,-95.4,9.8,1.0,133.0,1
D006992,4.7,1215.0,0.91,27.0,0.45,-64.1,-50.9,25.1,43.0,-96.8,5.5,0.0,125.0,1
D006993,4.6,1188.0,1.18,29.0,0.47,-66.6,-51.2,22.9,46.0,-95.0,7.3,0.0,140.0,1
D006994,4.8,1177.0,1.01,28.5,0.55,-67.6,-50.9,23.7,45.0,-95.7,8.0,1.0,125.0,1
D006995,4.1,1333.0,1.45,35.5,0.49,-60.5,-46.6,20.6,35.0,-98.3,17.0,1.0,112.0,0
D006996,5.2,1201.0,1.16,30.0,0.52,-66.4,-48.9,23.2,47.0,-94.9,8.7,,128.0,0
D006997,3.4,1273.0,1.38,27.5,0.53,-61.5,-48.6,27.4,41.0,-97.9,4.7,0.0,141.0,0
D006998,,1198.0,1.08,35.0,0.5,-66.7,-50.7,,41.0,-95.2,12.4,0.0,129.0,1
D006999,5.0,1141.0,1.1,30.0,0.47,-65.0,-49.5,24.3,43.0,-95.1,4.4,0.0,135.0,1
D007000,4.2,1057.0,1.15,27.0,0.44,-65.6,-51.6,23.5,46.0,-95.0,9.9,0.0,126.0,1
D007001,4.9,1175.0,1.2,29.0,0.43,-64.6,-49.0,23.2,45.0,-95.1,6.7,0.0,134.0,1
D007002,4.7,1165.0,1.05,29.5,0.47,-63.8,-49.2,25.3,43.0,-94.6,12.0,1.0,132.0,1
D007003,3.4,1303.0,1.06,35.0,0.54,-64.9,-46.8,22.8,48.0,-98.5,23.3,0.0,113.0,0
D007004,5.6,1202.0,1.16,28.0,0.42,-65.6,-49.2,24.9,41.0,-95.7,9.3,1.0,126.0,1
D007005,5.2,1196.0,1.21,29.5,0.43,-67.9,-50.5,24.9,41.0,-92.9,9.4,0.0,127.0,1
D007006,5.4,1238.0,0.96,32.0,0.36,-67.4,-50.3,23.6,41.0,-94.0,11.5,1.0,128.0,1
D007007,4.9,1127.0,1.09,27.5,0.46,-66.9,-48.9,23.4,,-95.9,12.2,0.0,132.0,1
D007008,3.8,1238.0,1.55,37.0,0.45,-65.0,-50.0,25.0,36.0,-99.0,13.5,1.0,134.0,1
D007009,3.0,1328.0,1.57,34.0,0.39,-66.9,,26.6,38.0,-91.7,15.8,1.0,143.0,0
D007010,4.6,1045.0,1.3,22.5,0.54,-64.6,-48.0,25.6,35.0,,,1.0,126.0,0
D007011,5.2,1149.0,1.11,24.5,0.52,-65.4,-51.5,23.9,44.0,-96.2,8.0,1.0,131.0,1
D007012,6.0,1381.0,0.81,26.0,0.4,-65.1,-47.1,22.1,44.0,-96.3,16.6,1.0,120.0,1
D007013,4.8,1176.0,1.16,32.0,0.48,-65.6,-49.4,24.1,44.0,-92.9,10.4,1.0,124.0,1
D007014,4.4,1212.0,1.04,25.5,0.49,-65.1,-51.3,25.7,41.0,-95.8,8.1,0.0,121.0,0
D007015,3.7,1369.0,1.47,23.5,0.44,-62.4,-49.8,22.1,50.0,-97.0,22.2,1.0,110.0,0
D007016,6.4,1212.0,1.42,31.0,0.65,-65.6,-47.5,29.4,35.0,-92.6,10.5,0.0,146.0,0
D007017,4.7,1151.0,1.06,25.5,0.42,-67.1,-50.2,23.3,52.0,-95.7,12.1,1.0,123.0,0
D007018,4.5,1156.0,1.53,25.5,0.66,-60.5,-51.3,26.7,57.0,-99.5,,1.0,112.0,0
D007019,5.1,1175.0,1.03,30.5,0.52,-65.3,-48.8,24.3,41.0,-95.6,5.8,1.0,132.0,1
D007020,4.0,1093.0,1.21,27.0,0.5,-66.3,-50.6,24.8,43.0,-96.6,13.4,1.0,133.0,0
D007021,5.4,1149.0,1.06,26.0,0.48,-64.8,-48.6,23.7,45.0,-95.3,5.6,0.0,130.0,1
D007022,4.3,1200.0,0.92,29.0,0.43,-64.8,-51.3,24.6,39.0,-96.0,8.9,0.0,130.0,1
D007023,4.5,1131.0,1.19,31.5,0.59,-65.0,-50.5,23.9,47.0,-93.9,7.9,1.0,128.0,1
D007024,3.5,1184.0,1.43,38.5,0.43,-69.3,-47.9,24.8,55.0,-97.5,9.2,1.0,126.0,0
D007025,4.5,1192.0,0.98,29.5,0.43,-67.0,-50.9,24.5,40.0,-93.2,6.9,0.0,134.0,1
D007026,3.2,1391.0,1.31,29.5,0.48,-63.9,-50.1,27.4,55.0,-99.4,12.8,0.0,101.0,0
D007027,4.1,1309.0,1.14,32.0,0.36,-65.9,-50.0,29.8,42.0,-95.6,,1.0,148.0,0
D007028,4.3,1229.0,1.14,23.0,0.62,-67.7,-53.7,27.9,38.0,-91.4,6.7,1.0,139.0,0
D007029,4.5,1386.0,0.99,27.0,0.66,-67.2,-49.1,28.3,50.0,-96.0,4.9,1.0,124.0,0
D007030,6.4,1346.0,0.87,33.5,0.67,-65.6,-52.8,24.6,33.0,-97.8,18.6,1.0,126.0,1
D007031,6.0,1255.0,1.3,28.5,0.46,-67.9,-50.9,25.3,37.0,-90.7,7.0,1.0,116.0,1
D007032,4.1,1082.0,1.38,32.5,0.63,-60.5,-46.7,20.9,46.0,-97.2,,0.0,131.0,0
D007033,4.5,1133.0,1.06,25.0,0.44,-65.2,-49.7,24.8,,-93.6,10.6,0.0,133.0,1
D007034,5.2,1200.0,1.58,22.0,0.41,-68.8,-53.7,29.9,45.0,-97.2,12.1,0.0,109.0,0
D007035,4.7,1222.0,1.04,30.5,0.53,-66.6,-49.5,23.9,46.0,-97.0,10.4,1.0,129.0,1
D007036,4.7,1123.0,1.13,30.0,0.51,-65.0,-49.7,21.7,46.0,-95.4,7.5,0.0,133.0,1
D007037,4.1,1024.0,1.37,20.5,0.41,-68.0,-45.7,26.6,42.0,-94.3,7.1,0.0,107.0,0
D007038,3.2,1090.0,1.46,38.5,0.61,-65.4,-48.7,20.9,38.0,-91.7,23.1,1.0,104.0,0
D007039,5.5,1232.0,1.04,30.0,0.48,-65.8,-49.6,24.2,42.0,-95.3,12.8,1.0,126.0,1
D007040,4.7,1220.0,1.08,28.5,0.46,-66.5,-50.0,22.9,41.0,-94.5,8.7,0.0,132.0,1
D007041,4.5,1177.0,1.23,30.0,0.42,-66.8,-47.8,23.8,45.0,-95.6,12.8,1.0,127.0,1
D007042,4.4,1158.0,1.3,,0.39,-62.1,-52.2,29.9,42.0,-98.0,1.0,0.0,106.0,0
D007043,3.2,1022.0,1.55,21.0,0.48,-60.6,-50.5,21.9,43.0,-92.4,17.0,0.0,114.0,0
D007044,4.8,1191.0,1.0,28.5,0.42,-64.2,-51.7,23.6,46.0,-94.6,10.7,0.0,132.0,1
D007045,4.5,1371.0,0.93,25.5,0.46,-65.2,-45.5,29.0,52.0,-91.5,6.0,1.0,109.0,0
D007046,4.7,1211.0,1.15,26.0,0.49,-66.0,-48.3,23.2,,-96.1,11.1,1.0,120.0,0
D007047,3.9,1007.0,1.14,20.0,0.6,-66.3,-49.9,21.3,36.0,-99.3,16.8,1.0,128.0,0
D007048,4.2,1226.0,1.15,26.5,0.51,-64.2,-50.3,24.9,49.0,-95.4,7.2,1.0,136.0,0
D007049,4.3,1253.0,1.53,31.0,0.44,-61.5,-49.0,26.9,45.0,-92.1,7.3,0.0,135.0,0
D007050,4.8,1136.0,1.17,31.0,0.48,-66.3,,24.8,43.0,-97.5,8.2,1.0,132.0,1
D007051,5.2,1232.0,1.12,27.0,0.5,-65.5,-49.7,24.5,42.0,-95.1,7.4,1.0,126.0,1
D007052,4.6,1183.0,1.1,31.0,0.52,-65.9,-50.0,25.8,44.0,-93.0,9.1,1.0,122.0,1
D007053,4.2,1121.0,0.99,31.5,0.49,-64.9,-50.1,24.4,47.0,-94.3,11.9,1.0,135.0,1
D007054,4.0,1203.0,1.01,36.0,0.47,-63.2,-53.9,23.4,60.0,-98.5,4.7,1.0,135.0,1
D007055,5.0,1226.0,1.04,30.5,0.54,-64.8,-51.1,21.4,38.0,-96.4,10.0,1.0,132.0,1
D007056,6.2,1185.0,1.27,33.5,0.34,-63.1,-45.5,,42.0,-97.2,18.5,1.0,129.0,0
D007057,4.4,1061.0,0.89,28.5,0.35,-65.5,-51.5,24.6,34.0,-95.4,8.5,0.0,136.0,1
D007058,5.1,1362.0,1.55,,0.53,-69.1,-52.1,26.5,37.0,-98.8,4.8,1.0,101.0,1
D007059,4.4,1222.0,1.06,29.0,0.49,-66.3,-49.8,24.1,42.0,-97.2,9.4,1.0,132.0,1
D007060,4.3,1194.0,1.22,29.0,0.5,-66.3,-48.7,23.5,46.0,-95.3,10.7,0.0,133.0,1
D007061,5.1,1099.0,1.57,22.0,0.44,-69.7,-50.1,29.1,46.0,-93.6,14.9,1.0,111.0,0
D007062,4.2,1188.0,1.13,32.5,0.56,-65.6,-50.3,22.7,43.0,-96.1,7.2,0.0,133.0,1
D007063,5.1,1171.0,1.08,30.5,0.44,-65.6,-49.3,25.0,47.0,-94.3,9.0,1.0,120.0,0
D007064,5.2,1115.0,1.12,,0.47,-67.7,-49.9,22.3,45.0,-96.0,7.1,1.0,121.0,1
D007065,5.4,1149.0,1.18,,0.4,-65.9,,23.7,45.0,-95.8,6.8,1.0,128.0,0
D007066,4.9,1232.0,1.09,28.0,0.48,-65.2,-50.6,24.2,40.0,-98.1,8.8,1.0,131.0,1
D007067,5.1,1233.0,1.13,34.5,0.47,-66.4,-50.6,24.6,41.0,-96.3,9.7,0.0,124.0,1
D007068,5.1,1216.0,1.27,29.0,0.49,-65.1,-49.3,23.8,47.0,,9.7,0.0,135.0,1
D007069,4.7,1196.0,1.01,25.5,0.46,-66.0,-49.1,23.0,43.0,-94.4,5.0,0.0,125.0,1
D007070,4.6,1064.0,1.39,39.5,0.63,-62.7,-51.8,29.9,35.0,-95.7,14.8,1.0,131.0,0
D007071,4.7,1190.0,1.1,29.5,0.44,-66.4,-50.1,23.8,37.0,-95.8,9.5,1.0,,1
D007072,4.5,1158.0,1.17,29.0,0.45,-64.1,-51.3,22.8,45.0,-94.7,9.4,1.0,126.0,0
D007073,4.0,1071.0,1.22,31.5,,-67.1,-54.7,28.6,31.0,-97.0,9.4,1.0,121.0,0
D007074,4.7,1180.0,1.1,29.5,0.52,-65.0,-49.5,25.1,46.0,-94.8,11.8,0.0,126.0,1
D007075,4.9,1171.0,1.13,,0.5,-65.5,-48.7,23.8,47.0,-94.9,9.9,1.0,121.0,0
D007076,4.5,1209.0,0.97,30.0,0.53,-64.0,-48.4,23.9,40.0,-96.2,9.9,1.0,135.0,1
D007077,5.6,1131.0,1.05,31.5,0.5,-64.3,-49.2,22.9,41.0,-94.5,8.2,0.0,135.0,1
D007078,5.6,1359.0,1.48,28.0,0.68,-65.6,-49.5,21.1,31.0,-94.4,21.9,1.0,124.0,0
D007079,4.5,1171.0,1.14,33.5,0.45,-65.5,-49.9,24.6,41.0,-96.2,10.1,1.0,124.0,1
D007080,6.3,1007.0,1.38,34.0,0.53,-69.5,-47.3,21.9,56.0,-90.6,0.1,1.0,136.0,1
D007081,3.7,1242.0,1.26,38.0,0.36,-68.5,-49.5,20.5,47.0,-94.5,2.8,1.0,135.0,0
D007082,5.0,1163.0,1.13,28.0,0.47,-65.8,-51.4,23.5,50.0,-96.1,7.7,1.0,138.0,1
D007083,5.7,1347.0,1.07,40.0,0.47,-60.6,-49.3,23.8,34.0,-93.8,19.1,1.0,110.0,1
D007084,4.3,1278.0,1.04,29.0,0.47,-66.3,-46.5,29.9,51.0,-93.3,3.2,0.0,122.0,0
D007085,4.6,1082.0,1.17,28.5,0.48,-66.6,-50.3,24.4,45.0,-96.8,6.6,0.0,,1
D007086,5.0,1173.0,1.17,24.5,0.39,-66.9,-50.0,24.7,44.0,,9.7,0.0,120.0,1
D007087,4.5,1137.0,1.16,33.5,0.46,-67.8,-50.3,24.9,43.0,-96.6,9.2,1.0,125.0,1
D007088,4.0,1185.0,1.12,32.0,0.53,-65.6,-50.9,23.6,46.0,-96.3,13.1,0.0,123.0,1
D007089,4.9,1109.0,1.04,30.5,0.46,-66.1,-48.9,23.7,45.0,-94.7,5.7,1.0,134.0,1
D007090,4.9,1126.0,1.07,30.0,0.57,-67.9,-51.2,24.2,45.0,-95.5,3.6,1.0,134.0,1
D007091,6.6,1101.0,1.51,23.5,0.61,-64.6,-52.6,20.7,30.0,-96.3,0.6,1.0,138.0,1
D007092,5.6,1146.0,1.17,28.0,0.45,-63.5,-49.9,25.8,42.0,-96.0,12.8,0.0,126.0,1
D007093,6.4,1385.0,1.6,38.5,0.58,-64.8,-45.9,22.4,56.0,-91.1,21.6,1.0,110.0,0
D007094,4.9,1353.0,1.57,33.0,0.62,-62.8,-52.2,23.5,37.0,-99.7,2.9,1.0,143.0,1
D007095,4.9,1151.0,1.17,29.0,0.49,-65.8,-49.6,23.4,39.0,,8.5,1.0,133.0,1
D007096,6.4,1230.0,1.44,33.0,0.34,-66.6,-49.4,26.6,49.0,-92.8,20.8,,146.0,0
D007097,5.2,1173.0,1.0,30.5,0.52,-67.5,-48.5,23.5,43.0,-97.0,1.7,1.0,128.0,1
D007098,3.3,1220.0,1.39,26.0,0.36,-68.2,-51.4,28.4,54.0,-91.0,12.2,1.0,103.0,0
D007099,5.2,1141.0,1.07,25.0,0.55,-65.3,-49.9,23.2,48.0,-96.6,8.2,0.0,134.0,1
D007100,4.2,1179.0,1.03,30.5,0.53,-63.9,-48.4,25.3,39.0,-94.9,8.7,0.0,122.0,0
D007101,5.5,1234.0,1.08,27.0,0.45,-65.0,-51.2,23.3,41.0,-94.7,4.0,0.0,125.0,1
D007102,,1092.0,1.22,28.0,0.65,-70.0,-53.1,24.0,40.0,-92.8,18.5,1.0,125.0,0
D007103,4.8,1188.0,1.26,28.0,0.47,-65.2,-50.8,24.2,41.0,-93.6,8.9,1.0,130.0,1
D007104,4.7,1229.0,1.14,28.0,0.47,-64.8,-50.7,24.4,47.0,-92.8,12.2,1.0,132.0,0
D007105,3.7,1257.0,1.08,26.0,0.52,-64.3,-48.4,23.5,45.0,-97.0,9.1,0.0,125.0,0
D007106,4.3,,1.27,30.0,0.44,-64.8,-50.2,23.0,41.0,-96.4,6.3,0.0,129.0,1
D007107,3.1,1310.0,1.27,29.0,0.43,-62.5,-55.0,26.8,39.0,-99.9,9.7,1.0,106.0,0
D007108,4.7,1202.0,1.07,28.0,0.5,-64.9,-50.6,24.1,46.0,-96.7,11.1,1.0,131.0,1
D007109,4.9,1159.0,1.08,32.0,0.49,-65.1,-49.2,22.9,35.0,-94.7,7.2,1.0,128.0,1
D007110,4.6,1164.0,1.18,31.5,0.51,-66.6,-49.7,23.3,45.0,-95.2,9.1,1.0,138.0,1
D007111,4.7,1229.0,1.07,26.5,0.48,-64.9,-50.2,25.6,47.0,-96.7,6.3,1.0,131.0,0
D007112,4.2,1146.0,1.14,28.0,0.54,-66.1,-49.8,24.6,40.0,-94.3,9.0,0.0,129.0,1
D007113,4.4,1164.0,1.13,32.0,0.43,-65.8,-48.7,23.8,43.0,-96.7,13.2,0.0,128.0,1
D007114,4.4,1208.0,1.0,30.5,0.51,-68.0,-49.9,23.1,48.0,-95.7,6.8,0.0,131.0,1
D007115,3.7,1377.0,0.86,26.0,0.5,-62.7,-51.3,29.0,,-99.9,6.6,0.0,147.0,0
D007116,6.3,1218.0,1.58,29.0,0.37,-64.8,-46.8,23.6,49.0,-90.8,23.8,0.0,150.0,1
D007117,6.4,1237.0,0.89,39.5,0.47,-61.5,-53.9,20.0,49.0,-91.4,22.3,1.0,149.0,1
D007118,4.9,1222.0,1.21,29.5,0.54,-63.9,-48.9,25.0,44.0,-96.6,6.0,0.0,139.0,1
D007119,5.0,1138.0,1.1,26.0,0.43,-66.5,-51.5,25.7,43.0,-96.4,,0.0,,1
D007120,4.6,1149.0,1.16,30.5,0.5,-64.8,-50.7,23.7,39.0,-97.0,6.9,1.0,129.0,1
D007121,4.6,1192.0,1.07,28.0,0.48,-66.7,-51.9,25.2,44.0,-95.9,6.2,0.0,122.0,1
D007122,4.6,1195.0,1.13,29.5,0.44,-64.8,-48.7,23.1,43.0,-96.6,8.9,1.0,130.0,1
D007123,4.3,1200.0,1.46,33.0,0.55,-60.7,-45.9,28.6,40.0,-92.4,4.1,0.0,126.0,0
D007124,4.6,1146.0,0.98,30.0,0.47,-64.0,-50.5,23.0,47.0,-94.2,5.7,0.0,125.0,0
D007125,4.1,1243.0,0.97,34.0,0.43,-65.0,-52.3,23.5,41.0,-91.3,9.9,0.0,101.0,1
D007126,5.5,1172.0,1.27,24.5,0.58,-66.6,-48.4,24.5,,-96.5,12.8,0.0,126.0,1
D007127,5.1,1167.0,1.18,26.0,0.43,-66.6,-51.3,23.9,38.0,-92.9,9.9,1.0,124.0,1
D007128,4.9,1111.0,0.98,29.0,0.4,-65.5,-48.6,23.1,44.0,-94.8,9.5,1.0,115.0,0
D007129,4.9,1184.0,1.07,28.0,0.44,-66.8,-50.4,23.1,43.0,-96.0,10.4,1.0,136.0,1
D007130,4.8,1189.0,1.2,33.0,0.43,-65.6,-50.8,22.9,44.0,-97.3,8.4,,131.0,1
D007131,5.1,1163.0,1.22,29.0,0.44,-65.6,-49.7,23.3,45.0,-95.4,4.3,0.0,136.0,1
D007132,5.9,1045.0,0.92,35.5,0.33,-61.6,-47.0,21.6,39.0,-99.6,12.0,1.0,143.0,0
D007133,4.9,1215.0,0.99,30.0,0.46,-65.5,-49.5,22.9,46.0,-96.6,9.5,0.0,126.0,1
D007134,4.3,1233.0,0.97,24.5,0.48,-64.7,-49.3,22.5,44.0,-96.6,9.9,1.0,131.0,1
D007135,5.6,1047.0,1.1,31.5,0.48,-64.1,-47.7,25.3,48.0,-92.2,6.5,1.0,143.0,1
D007136,5.4,1155.0,1.08,29.5,0.5,-66.0,-49.6,23.0,44.0,-94.6,5.9,0.0,128.0,1
D007137,4.7,1238.0,1.15,30.0,0.45,-63.6,-49.8,21.9,36.0,-94.6,5.4,0.0,136.0,1
D007138,4.4,1192.0,1.11,27.0,0.46,-66.3,-52.1,23.2,47.0,-95.5,7.9,0.0,126.0,1
D007139,3.7,1174.0,1.16,31.5,0.48,-67.5,-51.1,24.2,50.0,-95.0,12.4,1.0,129.0,1
D007140,,1136.0,1.49,38.5,0.48,-64.9,-47.6,21.6,55.0,-95.8,7.3,1.0,135.0,1
D007141,4.9,1387.0,1.35,36.5,0.53,-67.8,-54.3,27.1,39.0,-100.0,15.5,1.0,146.0,1
D007142,5.9,1151.0,1.36,34.0,0.53,-68.1,-54.5,27.3,52.0,-95.0,17.9,1.0,111.0,0
D007143,4.9,1110.0,1.11,29.0,0.45,-65.2,-49.4,24.2,39.0,-94.3,7.0,0.0,131.0,0
D007144,6.3,1093.0,0.94,21.5,0.41,-68.6,-45.4,28.1,58.0,-95.6,1.4,0.0,133.0,0
D007145,4.8,1199.0,1.14,29.0,0.46,-65.4,-51.0,24.0,44.0,-96.3,11.9,1.0,129.0,0
D007146,4.7,1166.0,1.1,26.5,0.46,-66.0,-50.3,23.8,44.0,-95.5,9.3,1.0,137.0,1
D007147,4.9,1181.0,1.05,27.0,0.5,-64.1,-49.1,23.9,45.0,-93.4,7.1,0.0,139.0,1
D007148,6.5,1042.0,1.39,25.5,0.48,-65.9,-52.5,22.7,32.0,-99.3,16.1,1.0,136.0,1
D007149,4.9,1229.0,1.03,32.0,0.46,-66.2,-50.7,24.0,50.0,-95.3,5.7,1.0,126.0,1
D007150,5.2,1273.0,1.22,26.5,0.49,-66.5,-50.8,25.2,47.0,-96.4,8.9,0.0,124.0,1
D007151,5.2,1219.0,1.15,28.5,0.5,-65.5,-49.2,23.9,44.0,-97.6,11.4,1.0,127.0,0
D007152,5.3,1124.0,1.45,26.5,0.65,-69.8,-49.8,20.5,40.0,-97.5,21.6,1.0,144.0,1
D007153,5.3,1326.0,,35.0,0.63,-65.3,-54.3,29.0,46.0,-92.2,16.8,0.0,123.0,0
D007154,3.9,1205.0,1.2,28.0,0.41,-67.5,-50.7,24.3,41.0,-95.5,9.0,0.0,131.0,1
D007155,5.5,1123.0,1.23,33.0,0.46,-67.8,-49.1,23.8,46.0,-96.7,3.5,0.0,123.0,1
D007156,4.6,1246.0,1.06,31.0,0.48,-63.5,-49.9,25.5,45.0,-95.5,6.9,1.0,132.0,1
D007157,5.4,1171.0,1.03,24.5,0.56,,-48.5,25.0,47.0,-95.7,12.5,1.0,127.0,1
D007158,6.7,1135.0,1.51,29.0,0.61,-63.0,-52.4,21.2,32.0,-90.8,3.4,1.0,127.0,1
D007159,4.1,1097.0,0.99,37.5,0.33,-66.0,-46.1,20.3,55.0,-94.2,20.4,0.0,110.0,0
D007160,4.4,,1.12,28.0,0.42,-65.0,-51.1,22.6,46.0,-92.7,12.4,1.0,123.0,0
D007161,3.7,1045.0,1.4,25.0,0.44,-60.3,-50.8,21.8,33.0,-92.8,14.0,1.0,103.0,0
D007162,4.9,1299.0,1.25,29.0,0.37,-69.3,-50.4,22.9,56.0,-94.5,3.2,1.0,145.0,0
D007163,3.1,1028.0,1.13,34.0,0.64,-68.2,-45.8,29.5,45.0,-96.3,7.8,1.0,145.0,0
D007164,4.8,1212.0,1.05,33.5,0.48,-66.2,-49.9,25.4,44.0,-95.3,6.4,1.0,122.0,1
D007165,5.3,1184.0,1.15,27.0,0.46,-64.9,-49.6,23.2,51.0,-94.5,5.3,1.0,116.0,1
D007166,4.8,1190.0,1.16,26.0,0.45,-64.8,-51.6,24.4,44.0,-96.8,10.7,1.0,132.0,0
D007167,4.2,1161.0,1.03,24.0,0.52,-65.2,-50.1,24.2,47.0,-95.8,13.1,1.0,122.0,0
D007168,5.4,1136.0,1.14,30.5,0.41,-64.2,-49.0,23.6,40.0,-95.1,9.2,0.0,126.0,1
D007169,4.9,1207.0,1.11,30.0,0.48,-65.7,-50.1,22.7,40.0,-96.3,11.8,1.0,128.0,0
D007170,4.8,1155.0,1.3,23.5,0.33,-64.5,-52.8,29.9,42.0,-92.2,20.3,1.0,121.0,0
D007171,3.5,1109.0,1.14,29.5,0.67,-63.8,-53.8,25.0,42.0,-97.1,17.9,1.0,122.0,0
D007172,6.8,1394.0,1.51,36.5,0.51,-62.8,-52.3,20.9,32.0,-98.1,0.5,0.0,118.0,1
D007173,5.3,1111.0,1.2,28.0,0.43,-66.7,-51.1,24.2,45.0,-96.2,13.1,0.0,133.0,1
D007174,5.6,1210.0,1.18,24.5,0.49,-65.2,-50.8,24.9,41.0,-95.4,,0.0,124.0,1
D007175,4.7,1152.0,1.01,28.0,0.43,-65.6,-49.7,23.9,45.0,-96.5,4.7,1.0,125.0,1
D007176,5.2,1375.0,1.22,25.0,0.65,-68.7,-50.4,23.1,30.0,-91.6,15.7,1.0,121.0,0
D007177,4.5,1131.0,1.05,32.0,0.45,-66.9,-48.5,24.6,41.0,-95.9,5.2,1.0,134.0,1
D007178,4.3,1165.0,1.11,30.0,0.41,-65.0,-47.8,25.2,44.0,-96.4,7.9,1.0,119.0,0
D007179,5.0,1124.0,1.18,27.5,0.4,-65.0,-49.5,24.8,47.0,-95.0,8.3,0.0,131.0,1
D007180,5.1,1253.0,1.12,29.0,0.49,-66.4,-49.1,26.0,46.0,-96.6,7.5,1.0,128.0,1
D007181,5.2,1181.0,0.99,27.5,0.45,-66.1,-50.5,23.2,44.0,-96.7,10.3,1.0,126.0,1
D007182,4.3,1172.0,1.24,27.5,0.45,-65.1,-51.0,23.9,44.0,-95.9,10.2,0.0,131.0,1
D007183,4.6,1181.0,1.03,30.5,0.52,-65.0,-49.3,22.4,50.0,,5.1,0.0,131.0,1
D007184,6.3,1200.0,1.52,32.5,0.32,-69.6,-48.8,29.1,40.0,-90.7,8.5,1.0,146.0,1
D007185,6.3,1265.0,1.54,34.5,0.43,-66.4,-54.3,21.2,50.0,-91.0,20.9,0.0,132.0,1
D007186,4.1,1009.0,1.44,34.5,0.44,-60.4,-50.4,23.1,57.0,-98.0,16.2,0.0,,0
D007187,,1192.0,1.02,31.0,0.39,-65.4,-49.9,24.1,44.0,-95.4,9.0,1.0,,1
D007188,4.7,1166.0,1.1,28.5,0.47,-66.0,-49.5,25.0,43.0,-95.7,9.3,0.0,123.0,1
D007189,4.7,1231.0,1.04,31.5,0.54,-69.2,-50.6,26.8,60.0,-94.5,17.0,0.0,135.0,1
D007190,4.5,1158.0,1.26,29.0,0.53,-64.8,-52.2,24.6,42.0,-96.0,8.4,1.0,126.0,1
D007191,5.6,1145.0,1.07,29.5,0.45,-66.0,-48.1,24.0,51.0,-97.3,7.8,0.0,124.0,1
D007192,4.5,1174.0,1.1,29.0,0.46,-65.2,-49.4,24.3,40.0,-93.9,8.3,0.0,127.0,1
D007193,5.1,1193.0,1.01,28.0,0.45,-65.4,-49.6,25.6,45.0,-96.0,9.8,0.0,130.0,1
D007194,6.6,1140.0,1.27,32.5,0.52,-67.4,-51.3,21.2,60.0,-92.2,6.5,0.0,120.0,1
D007195,4.8,1192.0,1.01,29.0,0.51,-66.6,-50.6,24.1,47.0,-94.0,10.1,1.0,136.0,1
D007196,4.5,1144.0,1.15,29.0,0.45,-66.1,-49.2,25.3,48.0,-95.2,11.6,0.0,136.0,1
D007197,5.1,1227.0,1.15,27.5,0.5,-66.5,-50.7,24.8,41.0,-95.8,9.5,1.0,123.0,1
D007198,4.5,1143.0,0.98,29.0,0.43,-65.3,-52.0,23.8,45.0,-96.2,8.6,1.0,125.0,1
D007199,3.8,1211.0,0.94,26.0,0.44,-67.5,-49.7,24.8,42.0,-94.5,9.4,0.0,140.0,1
D007200,4.7,1173.0,1.08,30.0,0.43,-66.3,-51.3,24.0,41.0,-96.3,8.2,1.0,117.0,1
D007201,5.6,1399.0,1.45,21.5,0.33,-68.0,-45.9,26.5,53.0,-90.6,1.1,0.0,126.0,0
D007202,3.0,1357.0,1.52,,0.32,-63.5,-49.6,21.8,35.0,-94.8,19.2,1.0,105.0,0
D007203,4.7,1153.0,0.93,,0.48,-63.0,-48.7,25.0,44.0,-94.6,8.0,0.0,125.0,1
D007204,4.8,1143.0,1.08,27.0,0.5,-66.8,-50.0,24.6,48.0,-93.9,8.7,1.0,123.0,1
D007205,5.2,1200.0,1.05,30.0,0.44,-66.7,-49.9,25.3,43.0,-95.2,11.2,1.0,129.0,1
D007206,4.9,1244.0,1.18,29.5,0.47,-66.6,-50.3,24.7,44.0,-96.7,10.6,1.0,121.0,1
D007207,4.2,1077.0,1.19,36.5,0.35,-60.5,-53.5,24.4,46.0,-97.6,22.9,1.0,120.0,0
D007208,4.5,1177.0,0.91,39.5,0.54,-65.3,-50.9,28.8,58.0,-92.5,19.8,0.0,129.0,1
D007209,5.2,1219.0,1.16,28.5,0.52,-66.4,-50.7,24.2,43.0,-96.1,3.1,0.0,129.0,1
D007210,5.4,1189.0,1.18,29.0,0.51,-65.6,-50.1,23.4,,-95.2,8.5,1.0,124.0,1
D007211,4.2,1165.0,1.16,37.0,0.52,-62.9,-51.6,24.8,51.0,-96.7,22.4,0.0,122.0,1
D007212,5.8,,1.46,27.0,0.67,-60.8,-48.0,27.8,55.0,-95.3,19.6,1.0,104.0,0
D007213,6.9,1162.0,1.2,40.0,0.58,-61.2,-45.4,27.5,40.0,-99.2,5.1,1.0,135.0,1
D007214,4.8,1109.0,0.95,34.5,0.5,-65.1,-51.1,24.6,40.0,-96.1,13.2,1.0,130.0,1
D007215,6.2,1132.0,1.05,20.5,0.33,-60.7,-50.5,24.0,55.0,-93.1,1.2,1.0,112.0,0
D007216,5.1,1182.0,1.11,32.5,0.49,-66.0,-49.2,25.9,44.0,-93.8,10.1,1.0,132.0,1
D007217,4.2,1207.0,1.09,25.0,0.51,-64.6,-50.8,22.1,47.0,-96.6,8.1,1.0,127.0,1
D007218,5.4,1147.0,1.17,28.5,0.47,-65.7,-49.7,25.1,43.0,-95.3,8.5,0.0,127.0,1
D007219,7.0,1193.0,0.89,31.5,0.41,-67.5,-50.4,26.7,36.0,-96.4,21.8,0.0,138.0,1
D007220,4.9,1229.0,1.33,21.0,0.63,-69.2,-50.0,29.2,44.0,-90.2,5.6,1.0,141.0,0
D007221,5.6,1131.0,1.09,29.0,0.46,-66.3,-49.8,22.7,,-96.7,5.3,1.0,130.0,1
D007222,,1202.0,1.02,29.0,0.46,-65.7,-49.2,22.4,42.0,-96.4,7.4,0.0,126.0,1
D007223,4.8,1194.0,1.12,28.5,0.57,-65.5,-50.1,24.1,38.0,-92.9,5.9,1.0,125.0,0
D007224,5.7,1172.0,1.43,34.5,0.45,-67.0,-45.9,27.4,44.0,-94.6,7.6,1.0,134.0,1
D007225,4.9,1098.0,1.11,29.5,0.47,-64.6,-51.3,23.1,43.0,-95.3,11.1,0.0,136.0,1
D007226,4.7,1129.0,1.19,28.5,0.49,-66.1,-49.9,24.1,42.0,-94.0,9.2,0.0,128.0,1
D007227,6.3,1008.0,1.02,32.0,0.51,-61.1,-50.1,23.4,38.0,-95.5,12.6,1.0,137.0,1
D007228,4.7,1187.0,1.13,29.5,0.44,-66.0,-51.0,23.6,44.0,-97.0,8.6,1.0,125.0,0
D007229,6.1,1364.0,1.09,31.5,0.37,-60.0,-48.7,20.3,35.0,-99.2,,0.0,135.0,1
D007230,5.8,1000.0,1.1,36.0,0.45,-61.4,-53.1,21.1,49.0,-95.7,22.0,1.0,104.0,0
D007231,4.5,1171.0,1.14,28.5,0.49,-64.3,-49.3,24.3,45.0,-95.5,10.6,1.0,133.0,1
D007232,4.3,1139.0,1.04,35.0,0.61,-63.7,-50.7,24.4,,-90.4,19.2,0.0,104.0,1
D007233,5.0,1171.0,1.13,27.0,0.48,-66.0,-51.0,23.8,45.0,-96.4,10.0,1.0,123.0,1
D007234,6.3,1391.0,1.54,21.5,0.49,-66.1,-54.8,22.2,59.0,-93.2,19.9,1.0,118.0,0
D007235,5.1,1157.0,1.06,31.0,0.43,-66.3,-50.8,21.1,43.0,-94.5,6.2,0.0,121.0,1
D007236,6.8,1080.0,1.15,39.0,0.44,-66.3,-53.9,27.1,49.0,-96.1,13.1,1.0,108.0,1
D007237,4.2,1249.0,1.08,27.5,0.43,-62.8,-50.8,23.9,46.0,-96.5,,0.0,132.0,1
D007238,4.5,1203.0,1.21,27.5,0.52,-64.0,,22.7,37.0,-95.5,10.2,0.0,137.0,1
D007239,4.2,1152.0,1.0,34.0,0.41,-64.5,-50.9,23.8,41.0,-94.9,7.8,1.0,122.0,1
D007240,4.4,1134.0,1.1,30.0,0.51,-65.5,-49.2,23.2,43.0,-93.8,,1.0,120.0,0
D007241,4.9,1135.0,1.11,32.0,0.45,-63.7,-51.1,23.4,45.0,-96.7,10.0,1.0,123.0,1
D007242,4.4,1124.0,1.06,27.5,0.53,-66.6,-51.9,25.3,44.0,-95.4,,1.0,128.0,1
D007243,4.7,1212.0,1.13,33.5,0.45,-63.8,-49.7,24.6,41.0,-95.1,11.8,1.0,134.0,1
D007244,5.4,1166.0,1.0,25.0,0.46,,-48.9,22.8,46.0,-97.0,6.3,0.0,122.0,1
D007245,4.4,1113.0,1.16,28.0,0.49,-67.0,-49.7,24.8,48.0,-97.1,7.5,1.0,122.0,0
D007246,3.6,1169.0,1.12,27.0,0.49,-66.5,-49.1,23.0,44.0,-97.2,11.3,1.0,129.0,0
D007247,3.9,1172.0,0.92,38.0,0.52,-61.5,-45.0,25.9,50.0,-90.8,17.3,1.0,102.0,0
D007248,5.0,1192.0,0.93,29.5,0.49,-64.6,-49.9,22.5,44.0,-96.4,6.9,1.0,129.0,1
D007249,5.2,1098.0,1.59,29.0,0.64,-64.4,,26.5,58.0,-92.2,19.0,1.0,135.0,0
D007250,4.7,1289.0,1.2,28.5,0.48,-65.4,-48.7,23.0,44.0,-95.7,,0.0,124.0,1
D007251,6.8,1035.0,1.2,36.0,0.53,-64.1,-51.9,26.1,55.0,-91.0,12.9,0.0,101.0,1
D007252,3.6,1368.0,1.49,38.5,0.38,-62.2,,24.1,44.0,-92.5,18.0,,114.0,0
D007253,4.7,1197.0,0.99,26.0,0.46,-64.2,-48.7,22.9,43.0,-95.0,11.9,1.0,123.0,0
D007254,4.7,1181.0,1.08,28.5,0.43,-64.7,-48.6,22.6,42.0,-94.3,7.1,1.0,134.0,1
D007255,4.5,1083.0,1.16,36.5,0.44,-63.1,-50.6,22.8,51.0,-97.1,18.2,1.0,150.0,1
D007256,4.8,1166.0,1.13,30.0,0.51,-63.7,-51.2,24.1,46.0,-95.1,6.3,1.0,135.0,1
D007257,5.6,1094.0,1.33,35.5,,-69.5,-52.5,21.4,52.0,-98.0,4.5,1.0,103.0,1
D007258,4.4,1140.0,1.06,31.0,0.57,-65.3,-49.9,23.7,43.0,-94.7,10.3,0.0,119.0,1
D007259,5.6,1198.0,1.11,32.5,0.55,-66.3,-51.6,24.4,50.0,-96.8,10.5,1.0,134.0,1
D007260,5.0,1126.0,1.03,26.0,0.52,-66.1,-50.4,23.8,44.0,-96.3,7.8,0.0,128.0,1
D007261,3.5,1154.0,0.94,26.5,0.5,-60.5,-49.2,20.0,37.0,-90.8,11.1,0.0,129.0,0
D007262,5.1,1162.0,1.26,29.5,0.5,-65.8,-49.6,22.4,44.0,-94.2,9.4,0.0,131.0,1
D007263,4.7,1178.0,1.24,27.0,0.48,-65.1,-50.1,25.7,45.0,-95.5,9.0,0.0,121.0,1
D007264,5.6,1308.0,1.25,40.0,0.33,-66.0,-54.0,23.3,56.0,-94.2,0.2,0.0,139.0,1
D007265,4.8,1336.0,1.05,23.0,0.69,-60.9,-47.1,26.7,40.0,-91.9,13.1,1.0,147.0,0
D007266,5.2,1026.0,1.16,24.5,0.54,-69.7,-47.2,27.5,45.0,-91.3,10.7,1.0,115.0,0
D007267,5.0,1165.0,1.06,29.5,0.49,-65.1,-49.3,24.7,42.0,-96.2,8.6,0.0,127.0,1
D007268,4.6,1119.0,1.05,28.5,0.49,-64.4,-52.5,24.2,45.0,-94.7,9.3,1.0,133.0,1
D007269,6.7,1171.0,1.1,37.5,0.49,-66.6,-49.9,22.5,41.0,-96.8,10.2,0.0,110.0,1
D007270,4.9,1184.0,0.99,27.5,0.51,-65.0,-48.9,23.5,42.0,-95.0,9.3,0.0,121.0,1
D007271,3.0,1189.0,1.09,28.5,0.43,-61.7,-54.3,20.8,35.0,-93.6,17.3,1.0,148.0,0
D007272,4.6,1179.0,1.1,29.5,0.45,-66.0,-49.8,21.2,52.0,-96.2,9.7,0.0,125.0,1
D007273,5.1,1226.0,1.12,29.5,0.44,-65.7,-50.1,23.4,47.0,-95.3,9.5,0.0,126.0,1
D007274,4.2,1189.0,1.05,30.0,0.45,-64.8,-49.6,23.6,43.0,-95.3,7.1,1.0,125.0,1
D007275,3.0,1288.0,1.32,23.0,0.49,-62.7,-50.6,20.7,49.0,,18.5,0.0,109.0,0
D007276,4.8,1114.0,1.01,29.0,0.51,-64.4,-50.0,24.4,37.0,-94.5,7.2,1.0,128.0,1
D007277,4.8,1183.0,1.08,32.0,0.52,-65.3,-48.9,24.6,48.0,-95.1,11.3,1.0,134.0,1
D007278,5.0,1232.0,1.23,37.5,0.38,-62.3,-45.5,23.5,,,13.3,1.0,,1
D007279,5.1,1179.0,0.98,28.0,0.6,-67.1,-52.5,28.7,46.0,-97.2,19.3,1.0,148.0,0
D007280,4.6,1101.0,1.16,31.0,0.54,-65.2,-50.1,23.4,43.0,-94.7,8.0,1.0,121.0,1
D007281,4.2,1359.0,1.18,21.0,0.49,-67.0,-54.5,23.6,57.0,-95.5,10.8,0.0,117.0,1
D007282,4.0,1073.0,,25.5,0.64,-63.2,-45.3,27.7,40.0,-97.4,22.2,1.0,110.0,0
D007283,4.3,1144.0,1.04,31.0,0.49,-66.7,-49.6,24.3,46.0,-95.2,,0.0,131.0,1
D007284,4.4,1155.0,1.02,31.0,0.45,-65.2,-50.0,23.2,41.0,-98.4,7.2,0.0,122.0,1
D007285,5.2,1140.0,0.95,27.0,0.53,-67.7,-49.1,23.9,43.0,-97.5,12.1,1.0,126.0,1
D007286,,1341.0,1.22,22.0,0.56,-68.7,-46.4,24.3,30.0,-99.5,18.0,0.0,110.0,1
D007287,4.3,1162.0,1.08,27.0,0.49,-66.2,-49.4,25.3,42.0,-95.8,7.1,1.0,133.0,1
D007288,6.0,1093.0,1.5,28.5,0.47,-69.9,-52.7,22.4,48.0,-97.1,9.0,1.0,143.0,1
D007289,4.7,1162.0,1.08,27.5,0.43,-65.0,-51.2,24.2,42.0,-93.0,5.6,0.0,131.0,1
D007290,6.6,1166.0,1.21,30.5,0.65,-67.2,-52.0,23.8,30.0,-92.1,7.5,1.0,139.0,1
D007291,5.1,1171.0,1.16,31.5,0.43,-64.2,-50.4,24.2,47.0,-93.5,9.1,1.0,128.0,1
D007292,4.3,1226.0,1.04,,0.5,-64.8,-48.4,24.8,44.0,-93.1,8.8,0.0,131.0,1
D007293,4.6,1159.0,1.06,30.0,0.53,-65.2,-50.5,23.0,35.0,-94.6,7.5,,128.0,1
D007294,6.2,1242.0,1.36,30.5,0.68,-60.2,-50.2,21.2,45.0,-91.2,6.0,1.0,116.0,0
D007295,5.2,1129.0,0.95,30.5,0.51,-63.5,-50.0,22.8,45.0,-93.8,6.1,0.0,126.0,1
D007296,6.0,1208.0,1.09,34.5,0.51,-61.1,-49.8,22.3,,-99.7,20.8,0.0,119.0,1
D007297,3.0,1250.0,0.81,34.0,0.59,-62.3,-49.7,27.9,45.0,-90.1,0.8,1.0,147.0,0
D007298,4.7,1179.0,1.04,28.5,0.46,-66.5,-48.7,24.5,50.0,-93.5,12.2,,126.0,0
D007299,4.4,1198.0,1.34,24.5,0.32,-64.2,-50.9,26.1,35.0,-94.8,2.7,1.0,133.0,0
D007300,5.0,1165.0,1.2,30.0,0.52,-65.9,-51.1,25.9,,-95.9,7.5,1.0,131.0,1
D007301,4.3,1151.0,1.05,28.5,0.55,-65.0,,24.5,42.0,-97.2,10.2,0.0,128.0,1
D007302,4.6,1187.0,1.16,28.5,0.47,-65.3,-51.2,23.1,42.0,-97.6,,0.0,137.0,1
D007303,5.4,1318.0,0.89,32.5,0.52,-70.0,-54.8,20.1,41.0,-96.6,5.3,1.0,140.0,1
D007304,4.7,1125.0,1.18,27.0,0.48,-63.9,-49.5,22.4,41.0,-94.6,7.8,1.0,124.0,1
D007305,6.4,1129.0,0.9,20.0,0.67,-66.0,-45.4,26.2,38.0,-92.9,6.6,1.0,128.0,0
D007306,3.4,1164.0,1.1,38.5,0.39,-69.5,-47.9,28.4,44.0,-93.2,9.9,0.0,121.0,1
D007307,4.6,1384.0,,39.5,0.67,-63.8,-54.1,29.6,46.0,-99.7,18.5,1.0,127.0,0
D007308,4.4,1094.0,1.02,29.5,0.44,-64.6,-50.9,25.6,45.0,-95.1,10.7,0.0,,1
D007309,4.6,1113.0,1.04,25.0,0.46,-65.2,-49.2,24.4,47.0,-96.6,8.0,1.0,130.0,1
D007310,4.7,1187.0,1.11,30.5,0.47,-64.9,-48.0,21.8,51.0,-96.1,4.2,1.0,137.0,1
D007311,4.8,1167.0,1.08,29.5,0.48,-65.6,-50.1,24.9,43.0,-96.8,9.1,1.0,125.0,1
D007312,3.7,1182.0,1.23,27.0,0.48,-64.3,-49.6,22.2,45.0,-94.0,12.3,1.0,123.0,0
D007313,4.7,1238.0,1.01,32.5,0.53,-65.9,-50.1,24.9,40.0,-96.2,6.9,1.0,127.0,1
D007314,4.6,1206.0,1.08,28.5,0.48,-66.5,,25.2,43.0,-95.4,9.9,0.0,130.0,1
D007315,4.8,1079.0,1.18,27.0,0.51,-64.5,-49.9,23.6,44.0,-93.7,10.3,1.0,124.0,0
D007316,4.8,1165.0,1.2,30.5,0.5,-66.2,-50.6,25.1,44.0,-95.4,8.2,1.0,125.0,1
D007317,4.2,1205.0,1.04,,0.47,-66.0,-51.1,24.1,39.0,-96.0,10.5,1.0,121.0,1
D007318,4.6,1179.0,1.09,28.5,0.45,-63.8,-51.3,22.9,43.0,-94.5,4.7,1.0,132.0,1
D007319,4.6,1153.0,1.21,27.5,0.48,-65.2,-50.0,22.2,42.0,-95.7,5.9,0.0,121.0,1
D007320,3.6,1287.0,1.26,35.5,0.46,-60.3,-49.3,27.4,40.0,-97.8,13.9,0.0,139.0,0
D007321,4.8,1144.0,1.16,30.5,0.47,-65.5,-51.1,24.1,45.0,-96.2,7.2,1.0,131.0,1
D007322,4.7,1334.0,1.14,22.5,0.34,-61.2,-53.3,28.6,54.0,-99.4,6.8,0.0,123.0,0
D007323,4.3,1151.0,1.05,29.5,0.45,-66.8,-48.6,22.2,42.0,-96.2,8.4,1.0,128.0,1
D007324,4.5,1168.0,1.16,32.0,0.54,-66.6,-49.9,24.2,45.0,-96.8,10.8,1.0,134.0,1
D007325,7.0,1269.0,1.32,26.0,0.31,-61.0,-50.2,25.3,44.0,-94.8,14.4,0.0,124.0,0
D007326,5.7,1112.0,1.06,32.5,0.57,-64.9,-49.4,23.3,43.0,-96.5,11.5,0.0,131.0,1
D007327,5.0,1246.0,1.19,27.0,0.47,-65.6,-49.7,24.6,39.0,-94.9,10.6,1.0,130.0,1
D007328,3.8,1186.0,1.15,28.0,0.47,-66.2,-50.5,23.2,45.0,-95.2,7.0,0.0,125.0,1
D007329,4.8,1172.0,1.06,26.5,0.54,-65.7,-51.0,22.6,50.0,-97.7,10.3,0.0,130.0,1
D007330,4.6,1040.0,1.27,29.0,0.63,-64.6,-52.6,23.9,33.0,-97.2,9.4,1.0,114.0,0
D007331,4.7,1163.0,1.05,30.5,0.45,-65.9,-49.5,24.5,43.0,-95.8,6.5,0.0,129.0,1
D007332,3.4,1234.0,1.25,28.0,0.54,-60.8,-53.8,23.8,48.0,-92.5,8.7,,144.0,0
D007333,5.2,1166.0,1.2,30.5,0.5,-66.6,-49.0,25.4,39.0,-94.6,11.4,1.0,123.0,1
D007334,3.4,1184.0,,24.0,0.52,-65.5,-52.1,21.2,58.0,-97.9,11.4,1.0,110.0,0
D007335,5.2,1194.0,0.91,31.0,0.58,-63.4,-48.6,24.7,35.0,-91.4,18.6,1.0,150.0,1
D007336,4.6,1144.0,1.08,33.5,0.43,-64.2,-50.3,24.9,50.0,-96.2,5.9,1.0,124.0,1
D007337,5.0,1111.0,0.97,31.0,0.33,-63.4,-48.6,25.2,37.0,-90.8,11.5,,127.0,0
D007338,5.0,1163.0,1.11,27.5,0.44,-65.9,-48.7,24.9,42.0,-95.2,10.5,1.0,134.0,1
D007339,4.5,1127.0,1.07,31.0,0.47,-64.9,-50.5,23.9,44.0,-97.2,7.1,1.0,131.0,0
D007340,4.1,1211.0,1.02,28.5,0.48,-67.1,-50.4,23.3,42.0,-97.7,7.2,1.0,128.0,1
D007341,4.6,1158.0,1.08,28.0,0.44,-64.7,-49.6,24.2,45.0,-94.8,9.6,1.0,120.0,0
D007342,4.8,1212.0,1.12,30.5,0.48,-67.1,-49.2,25.3,43.0,-94.9,9.6,0.0,119.0,1
D007343,5.1,1118.0,1.18,30.0,0.47,-66.9,-50.3,25.0,46.0,-95.1,10.4,0.0,134.0,1
D007344,4.6,1119.0,1.28,36.0,0.37,-64.4,-53.6,24.6,48.0,-97.4,23.8,1.0,146.0,1
D007345,6.0,1134.0,1.06,35.0,0.61,-66.4,-46.5,22.8,56.0,-96.5,13.0,0.0,112.0,1
D007346,3.6,1209.0,0.85,27.5,0.55,-64.7,-54.2,28.0,60.0,-90.6,14.3,1.0,102.0,0
D007347,5.3,1186.0,1.06,30.5,0.48,-65.4,-49.3,23.0,44.0,-94.8,9.2,1.0,127.0,1
D007348,4.7,1180.0,1.12,29.0,0.42,-63.9,-49.5,21.8,44.0,-94.6,9.5,1.0,124.0,0
D007349,5.0,1199.0,1.01,27.5,,-66.5,-49.9,21.7,43.0,-95.3,12.0,1.0,121.0,0
D007350,4.9,1162.0,0.99,32.0,0.55,-65.0,-50.2,,48.0,-96.1,5.9,1.0,121.0,1
D007351,5.1,1083.0,1.1,26.5,0.49,-66.0,-49.3,24.5,45.0,-93.6,5.4,1.0,,1
D007352,5.4,1170.0,1.15,27.0,0.5,-63.8,-50.7,25.0,43.0,-94.2,9.6,0.0,121.0,0
D007353,4.5,1202.0,,30.0,0.35,-66.5,-49.2,25.1,45.0,-95.4,8.2,1.0,132.0,1
D007354,4.9,1082.0,1.54,38.0,0.56,-63.9,-54.2,27.5,43.0,-90.5,17.2,1.0,113.0,0
D007355,3.7,1169.0,1.13,30.5,0.44,-66.7,-51.7,24.2,45.0,-95.3,8.4,1.0,128.0,0
D007356,5.1,1166.0,1.11,32.0,0.48,-65.2,-49.9,24.1,41.0,-95.3,11.6,1.0,127.0,1
D007357,4.7,1174.0,1.13,,0.51,-64.5,-49.8,23.9,45.0,-94.0,10.7,0.0,136.0,1
D007358,4.2,1054.0,0.93,29.5,0.55,-62.4,-46.2,27.5,37.0,-90.7,0.7,0.0,150.0,1
D007359,7.0,1182.0,1.55,34.0,,-69.2,-52.2,28.1,48.0,-94.8,7.7,0.0,129.0,1
D007360,4.9,1197.0,1.07,27.5,0.5,-65.3,-50.3,23.6,41.0,-95.2,12.8,1.0,133.0,1
D007361,5.0,1130.0,1.06,33.5,0.53,-66.7,-50.3,24.0,37.0,-95.1,12.1,1.0,124.0,1
D007362,4.3,1222.0,1.23,24.5,0.51,-65.6,-49.0,23.4,47.0,-96.2,8.0,0.0,123.0,0
D007363,4.5,1122.0,0.93,29.0,0.47,-66.2,-50.5,22.8,42.0,-95.4,6.7,0.0,130.0,1
D007364,5.2,1159.0,1.21,31.5,0.46,-64.7,-51.9,24.6,,-93.7,5.0,,120.0,1
D007365,4.9,1133.0,1.17,31.0,0.43,-65.0,-49.0,23.9,46.0,-95.6,9.9,1.0,124.0,0
D007366,5.1,1120.0,1.22,28.5,0.52,-65.0,-48.7,27.7,42.0,-93.5,10.5,0.0,133.0,1
D007367,4.8,1166.0,1.12,26.0,0.56,-66.2,-50.5,25.9,42.0,-95.7,7.7,0.0,133.0,1
D007368,5.9,1219.0,1.16,23.0,0.42,-64.3,-48.4,20.2,42.0,-90.2,11.9,1.0,126.0,0
D007369,5.2,1195.0,1.1,28.0,0.47,-67.0,-51.2,23.4,40.0,-95.9,9.1,1.0,134.0,1
D007370,4.8,1188.0,1.1,32.0,0.48,-66.8,-50.6,24.8,47.0,-96.0,7.7,1.0,134.0,1
D007371,3.4,1170.0,0.94,36.5,0.55,-68.0,-53.0,29.3,54.0,-94.5,15.6,1.0,,1
D007372,4.9,,1.11,30.5,0.5,-66.5,-50.8,25.5,45.0,-94.9,7.3,1.0,127.0,1
D007373,4.8,1316.0,1.47,33.5,0.57,-68.9,-49.9,24.1,31.0,-98.3,18.7,1.0,149.0,1
D007374,5.7,1148.0,1.16,28.5,0.51,-64.4,-48.0,24.5,50.0,-95.8,7.2,1.0,127.0,1
D007375,6.2,1247.0,1.17,34.5,0.39,-60.3,-51.0,29.7,47.0,-97.3,6.9,1.0,107.0,0
D007376,4.1,1201.0,1.08,30.0,0.56,-65.7,-50.4,24.5,46.0,-94.1,4.6,0.0,133.0,1
D007377,4.6,1150.0,1.07,31.0,0.55,,-46.8,23.4,44.0,-94.8,8.3,1.0,125.0,1
D007378,5.0,1156.0,1.14,26.5,0.48,-65.3,-49.7,25.2,42.0,-97.0,8.2,0.0,128.0,1
D007379,4.4,1195.0,1.13,28.0,0.49,-64.7,-49.8,23.7,48.0,-96.7,12.5,1.0,125.0,1
D007380,5.7,1237.0,0.93,33.0,0.48,-67.0,-50.1,22.4,43.0,-95.2,4.6,1.0,132.0,1
D007381,4.7,1181.0,1.07,29.0,0.51,-65.7,-49.2,,51.0,-97.3,11.7,1.0,127.0,1
D007382,5.2,1288.0,1.25,33.5,0.52,-68.6,-53.7,27.0,35.0,-90.6,13.7,0.0,119.0,1
D007383,5.4,1124.0,1.15,31.5,0.42,-66.8,-50.6,25.1,42.0,-95.9,11.6,1.0,126.0,1
D007384,5.0,1140.0,1.12,31.0,0.54,-65.6,-49.1,23.8,45.0,-97.2,9.8,1.0,129.0,1
D007385,4.9,1135.0,1.15,30.0,,-64.4,-49.6,24.3,41.0,-97.4,4.3,0.0,121.0,1
D007386,5.2,1156.0,1.16,26.5,0.41,-64.9,-48.0,23.6,46.0,-93.5,11.6,1.0,130.0,0
D007387,3.3,1205.0,0.99,32.0,0.68,-66.1,-49.8,29.3,48.0,-98.3,11.5,0.0,137.0,0
D007388,3.0,1064.0,1.34,24.0,0.58,-62.9,-51.9,29.1,39.0,-97.6,8.4,1.0,,0
D007389,5.0,1228.0,0.96,32.0,0.47,-65.8,-50.8,23.7,36.0,-96.8,10.6,1.0,116.0,1
D007390,4.6,1177.0,1.07,30.5,0.38,-64.5,-50.8,24.5,46.0,-96.1,9.4,0.0,127.0,1
D007391,5.4,1235.0,1.37,33.0,0.63,-61.4,-49.6,20.4,45.0,-97.3,1.5,1.0,132.0,1
D007392,4.7,1218.0,1.17,28.5,0.55,-64.6,-50.3,23.0,48.0,-93.9,6.6,1.0,119.0,0
D007393,4.6,1203.0,1.07,24.5,0.48,,-48.1,24.8,44.0,-96.3,7.1,0.0,125.0,0
D007394,,1162.0,,29.5,0.44,-65.0,-50.0,26.4,46.0,-95.3,8.7,1.0,121.0,0
D007395,5.0,1197.0,1.12,30.5,0.47,-64.7,-50.0,22.9,43.0,-96.7,8.4,1.0,128.0,1
D007396,4.7,1130.0,1.07,28.0,0.46,-64.1,-50.9,24.6,48.0,-95.0,5.6,1.0,128.0,1
D007397,5.1,1207.0,1.06,26.5,0.56,-67.6,-50.6,23.9,39.0,-93.9,7.1,,123.0,1
D007398,5.8,1201.0,1.15,32.5,0.46,-64.5,-50.7,24.2,40.0,-95.2,8.8,0.0,133.0,1
D007399,3.7,1315.0,1.51,21.0,0.39,-61.8,-49.7,28.3,54.0,-94.4,12.5,1.0,125.0,0
D007400,5.4,1142.0,1.08,28.0,0.51,-63.5,-46.2,,52.0,-97.2,10.7,1.0,119.0,0
D007401,3.4,1212.0,1.3,26.0,0.55,-64.7,-50.6,22.9,50.0,-92.5,2.2,0.0,144.0,1
D007402,4.4,1096.0,1.14,27.5,0.47,-65.1,-48.0,24.8,42.0,-96.6,9.7,0.0,120.0,1
D007403,5.1,1128.0,0.9,33.0,0.3,-66.1,-52.8,28.4,41.0,-96.7,6.7,0.0,102.0,1
D007404,,1211.0,1.09,29.0,0.51,-65.0,-50.5,23.2,45.0,-95.4,9.2,1.0,129.0,0
D007405,5.3,1320.0,1.55,31.0,0.38,-67.7,-53.8,20.6,38.0,-97.3,4.0,0.0,137.0,1
D007406,4.9,1143.0,1.09,30.5,0.47,-63.5,-48.2,25.0,49.0,-94.4,8.9,1.0,126.0,1
D007407,4.8,1389.0,1.36,39.0,0.36,-61.9,-50.2,22.4,45.0,-94.6,5.9,1.0,122.0,0
D007408,4.8,1191.0,1.18,27.5,0.48,-66.4,-50.9,24.0,41.0,-96.1,12.2,0.0,125.0,1
D007409,5.0,1151.0,1.14,32.5,0.49,-66.0,-51.1,22.8,48.0,-94.9,9.1,0.0,130.0,1
D007410,5.0,1132.0,0.98,28.5,0.51,-66.2,-48.6,22.0,44.0,-94.4,8.4,0.0,125.0,1
D007411,4.7,1084.0,1.27,29.5,0.52,-65.4,-51.2,23.0,45.0,,14.1,0.0,119.0,1
D007412,3.8,1139.0,1.06,28.5,0.43,-64.7,-50.1,23.7,43.0,-95.2,5.4,1.0,129.0,0
D007413,4.6,1142.0,1.27,30.0,0.41,-64.3,-51.7,22.6,45.0,-96.8,7.8,1.0,138.0,1
D007414,5.5,1218.0,1.1,29.0,0.51,-65.8,-50.3,23.5,43.0,-95.1,6.3,1.0,127.0,1
D007415,3.4,1193.0,1.38,30.0,0.38,-66.4,-49.1,22.2,52.0,-92.6,11.8,1.0,147.0,0
D007416,4.6,1347.0,1.26,20.5,0.66,-61.8,-47.3,26.6,42.0,-92.6,20.1,1.0,108.0,0
D007417,4.9,1180.0,1.05,28.5,0.52,-65.9,-51.8,23.8,48.0,-95.5,9.1,1.0,127.0,1
D007418,4.0,1279.0,1.54,37.5,0.54,-65.3,-46.8,23.9,37.0,-94.1,4.5,1.0,100.0,0
D007419,4.9,1157.0,1.6,36.5,0.4,-61.0,-51.4,22.0,35.0,-99.3,10.7,1.0,103.0,0
D007420,3.6,1245.0,1.41,33.0,0.63,-63.2,-45.1,21.9,42.0,-92.7,2.3,1.0,104.0,0
D007421,4.3,1180.0,1.32,26.5,0.55,-64.4,,23.4,45.0,-97.1,6.5,0.0,131.0,1
D007422,4.8,1174.0,1.11,32.0,0.46,,-50.5,23.7,43.0,-95.0,,1.0,130.0,1
D007423,4.8,1213.0,1.3,29.5,0.48,-65.2,-51.0,25.2,45.0,-95.8,10.3,1.0,119.0,1
D007424,3.8,1319.0,1.31,21.0,0.56,-68.3,-45.2,24.1,44.0,-91.6,7.2,1.0,129.0,0
D007425,6.3,1258.0,1.35,29.0,0.32,-65.7,-51.7,,52.0,-98.2,0.1,0.0,117.0,1
D007426,5.3,1235.0,1.02,26.0,0.5,-65.5,-49.6,24.5,46.0,-97.1,10.1,0.0,131.0,1
D007427,3.9,1172.0,1.03,,0.48,-65.7,,23.9,36.0,-95.7,9.0,0.0,121.0,1
D007428,3.7,1400.0,1.4,31.5,0.42,-66.0,-54.4,24.8,58.0,-93.3,4.2,1.0,132.0,0
D007429,4.9,1182.0,1.06,27.5,0.49,-63.9,-50.0,24.8,43.0,-97.1,4.3,1.0,122.0,1
D007430,6.0,1008.0,1.42,22.5,0.68,-69.4,-50.6,22.1,31.0,-95.6,18.5,0.0,108.0,0
D007431,5.3,1141.0,1.02,28.5,0.49,-65.0,-49.8,23.4,41.0,-94.0,12.0,0.0,129.0,1
D007432,4.9,1229.0,1.09,27.0,0.47,-65.0,-48.4,24.7,40.0,-94.6,8.4,1.0,130.0,1
D007433,4.1,1157.0,1.23,28.0,0.54,-64.8,-48.7,24.3,43.0,-96.1,8.0,1.0,123.0,0
D007434,4.5,1217.0,1.0,29.0,0.45,-64.8,-50.5,25.7,45.0,-94.6,8.9,0.0,125.0,1
D007435,4.7,1187.0,1.02,26.5,0.4,-65.7,-50.8,24.3,45.0,-97.4,12.5,0.0,135.0,1
D007436,4.8,1168.0,1.2,28.5,0.62,-65.7,,23.6,46.0,-95.6,7.8,1.0,135.0,1
D007437,4.1,1200.0,1.18,26.5,0.44,-64.9,-48.2,22.8,45.0,-95.3,10.0,1.0,138.0,0
D007438,4.6,1234.0,1.29,32.5,0.44,-64.0,-49.1,23.9,47.0,-93.6,6.9,0.0,137.0,1
D007439,5.3,1198.0,1.21,30.5,0.64,-68.7,-54.8,26.1,50.0,-90.2,19.2,1.0,119.0,0
D007440,5.2,1241.0,1.06,29.0,0.47,-65.6,-50.7,25.1,43.0,-95.9,10.9,0.0,127.0,1
D007441,6.5,1057.0,0.83,25.5,0.65,-61.7,-47.2,22.4,34.0,-94.7,14.1,1.0,119.0,0
D007442,4.8,1144.0,1.09,25.5,0.54,-64.0,-48.7,22.8,40.0,-96.1,8.7,0.0,130.0,1
D007443,5.0,1160.0,1.13,27.5,0.45,-65.2,-49.6,22.5,44.0,-95.6,8.1,1.0,131.0,1
D007444,5.1,1109.0,1.49,25.0,0.5,-67.6,-54.7,21.6,52.0,-98.3,15.9,1.0,116.0,0
D007445,4.0,,1.17,26.0,0.49,-65.9,-50.5,23.7,46.0,-94.0,11.9,0.0,125.0,1
D007446,6.0,1317.0,1.52,32.5,0.3,-67.8,-45.0,20.4,56.0,-99.5,1.9,1.0,141.0,1
D007447,5.1,1223.0,1.24,29.5,0.43,-67.0,-51.5,24.0,45.0,-96.0,7.5,0.0,124.0,1
D007448,4.2,1249.0,1.02,31.0,0.44,-64.8,-50.5,24.7,42.0,-94.7,11.2,1.0,127.0,1
D007449,4.4,1192.0,0.91,28.0,0.39,-66.0,-49.3,24.8,45.0,-97.0,9.3,1.0,131.0,1
D007450,4.8,1171.0,1.03,29.0,0.42,-63.5,-49.7,25.2,42.0,-93.4,8.8,1.0,129.0,1
D007451,5.3,1015.0,1.03,22.5,0.63,-61.7,-49.7,20.1,43.0,-90.9,4.2,1.0,144.0,0
D007452,5.1,1187.0,1.05,29.0,0.47,-64.6,-49.2,24.4,46.0,-95.5,11.9,1.0,125.0,1
D007453,4.8,1239.0,1.13,30.0,0.48,-67.3,-49.2,25.4,40.0,-93.6,11.2,0.0,126.0,1
D007454,4.6,1153.0,1.18,35.0,0.63,-61.9,-46.5,26.5,33.0,-90.4,9.6,0.0,106.0,0
D007455,5.8,1048.0,1.03,33.0,0.34,-63.8,-53.3,20.3,30.0,-96.0,17.7,0.0,115.0,1
D007456,5.2,,1.08,27.5,0.46,-66.4,-49.6,22.2,39.0,-96.0,7.9,1.0,129.0,1
D007457,4.1,1207.0,1.44,28.0,0.53,-68.5,-47.9,23.9,50.0,-98.9,16.6,0.0,134.0,1
D007458,4.9,1130.0,1.05,28.5,0.39,-65.4,-49.6,24.0,43.0,-94.8,11.1,1.0,116.0,1
D007459,4.7,1190.0,1.14,28.5,0.41,-63.7,-50.3,23.3,46.0,-96.4,9.6,0.0,132.0,1
D007460,4.5,1194.0,1.01,29.5,0.54,-66.7,-49.5,23.2,42.0,-96.1,7.5,0.0,130.0,1
D007461,4.1,1168.0,1.05,30.0,0.42,-65.3,-49.7,23.8,52.0,-95.7,6.6,1.0,127.0,1
D007462,4.6,1130.0,1.04,27.5,0.48,-66.3,-50.5,24.1,44.0,-96.2,12.7,0.0,127.0,1
D007463,4.2,1339.0,1.5,33.5,0.55,-64.1,-48.5,27.8,38.0,-91.1,,1.0,131.0,1
D007464,6.8,1017.0,1.06,32.0,0.5,-63.4,-54.7,20.4,48.0,-93.4,12.5,0.0,119.0,1
D007465,6.2,1137.0,1.21,27.0,0.43,-62.0,-46.2,27.3,43.0,-92.3,17.9,1.0,119.0,0
D007466,4.2,1241.0,1.12,28.0,0.46,-66.4,-49.7,23.9,45.0,-95.5,9.7,0.0,120.0,1
D007467,6.8,1180.0,1.07,24.0,0.32,-62.7,-50.4,26.6,34.0,-97.6,18.5,0.0,146.0,0
D007468,4.4,1256.0,1.17,25.0,0.5,-67.1,-49.3,23.7,38.0,-95.7,8.5,1.0,117.0,1
D007469,6.5,1310.0,1.09,34.5,0.33,-68.9,-46.3,21.7,42.0,-97.0,21.5,1.0,145.0,1
D007470,5.2,1217.0,1.27,30.0,0.48,-64.7,-49.0,24.4,40.0,-95.8,4.9,1.0,126.0,1
D007471,6.9,1008.0,1.58,25.0,0.41,-66.0,-50.1,23.4,34.0,-95.2,3.5,1.0,118.0,1
D007472,4.7,1189.0,0.97,28.0,0.48,-67.0,-50.8,23.6,46.0,-95.0,7.2,,127.0,1
D007473,5.3,1151.0,1.01,29.5,0.42,-64.0,-51.0,24.9,40.0,-96.7,11.9,1.0,130.0,1
D007474,7.0,1149.0,1.06,24.5,0.67,-69.4,-48.7,27.5,57.0,-96.7,4.3,1.0,111.0,0
D007475,4.9,1116.0,1.03,30.5,0.48,-64.6,-49.9,21.2,45.0,-95.5,9.7,1.0,129.0,0
D007476,4.6,1254.0,0.97,29.5,0.4,-66.7,-49.8,22.1,45.0,,7.8,1.0,135.0,1
D007477,6.4,1103.0,0.97,31.0,0.31,-64.0,-48.7,24.0,46.0,-93.9,3.9,,118.0,1
D007478,4.6,1183.0,1.14,26.5,0.48,-66.3,-49.3,23.8,43.0,-95.4,10.2,1.0,123.0,1
D007479,4.8,1086.0,1.48,40.0,0.52,-60.9,-53.3,27.4,45.0,-92.2,8.5,0.0,143.0,1
D007480,4.7,1331.0,0.97,39.5,0.33,-63.1,-45.1,27.0,48.0,-94.0,19.0,1.0,113.0,0
D007481,5.0,1245.0,1.14,24.5,0.43,-64.8,,25.9,52.0,-98.2,2.5,1.0,121.0,1
D007482,4.7,1151.0,0.98,28.0,0.39,-64.6,-52.0,24.2,40.0,-94.4,7.8,1.0,122.0,1
D007483,4.3,1178.0,1.15,29.5,0.53,-66.1,-51.1,25.0,44.0,-95.1,7.2,1.0,122.0,1
D007484,5.1,1224.0,1.1,29.0,0.45,-65.0,-50.3,23.2,48.0,-94.2,8.1,0.0,133.0,1
D007485,5.0,1063.0,1.55,38.5,0.49,-70.0,-48.0,20.9,36.0,-93.3,4.1,0.0,135.0,1
D007486,6.6,1392.0,1.11,36.0,0.55,-66.8,-54.2,26.2,42.0,-98.6,6.7,1.0,120.0,1
D007487,4.1,1220.0,1.04,32.5,0.44,-66.9,-52.5,24.9,42.0,-96.6,8.1,0.0,130.0,1
D007488,5.3,1216.0,1.12,28.0,0.45,-65.1,-50.6,23.7,41.0,-94.8,7.4,0.0,125.0,1
D007489,5.5,1129.0,1.0,28.5,0.41,-66.6,-51.3,24.3,46.0,-95.8,12.5,0.0,126.0,1
D007490,6.8,1173.0,1.54,36.0,0.4,-66.0,-52.9,26.9,32.0,-94.2,13.7,1.0,134.0,1
D007491,4.2,1241.0,1.23,31.5,0.47,-65.6,-50.1,24.6,42.0,-95.2,7.5,1.0,132.0,1
D007492,4.1,1154.0,1.26,30.0,0.54,-64.1,-50.8,27.2,43.0,-95.0,5.4,1.0,130.0,0
D007493,5.5,1012.0,1.34,22.0,0.32,-62.8,-46.3,20.3,58.0,-98.6,18.1,0.0,108.0,0
D007494,6.0,1333.0,1.6,39.0,0.44,-61.4,-52.0,29.4,43.0,-97.7,13.5,0.0,147.0,1
D007495,4.5,1146.0,1.16,29.0,0.57,-65.7,-49.4,24.3,48.0,-97.5,8.6,1.0,131.0,1
D007496,5.2,1090.0,1.56,29.0,0.64,-63.5,-51.4,28.8,44.0,-95.0,14.4,0.0,115.0,0
D007497,4.7,1135.0,1.12,29.0,0.43,-67.3,-50.3,,46.0,-96.8,8.1,1.0,134.0,1
D007498,5.2,1148.0,1.16,29.5,0.46,-65.7,-50.2,23.6,45.0,-96.2,5.5,1.0,121.0,1
D007499,6.9,1266.0,1.24,38.0,0.58,-63.7,-52.6,24.4,31.0,-94.8,4.1,0.0,101.0,1
D007500,5.4,1247.0,1.1,29.5,0.47,-65.8,-50.4,21.8,44.0,-96.2,4.8,1.0,131.0,1
D007501,5.4,1209.0,1.19,28.5,0.51,-63.8,-51.0,24.5,44.0,-94.5,12.0,1.0,117.0,1
D007502,6.3,1394.0,1.17,25.5,0.56,-66.8,-54.3,25.2,58.0,-91.3,0.8,0.0,138.0,1
D007503,4.8,1146.0,1.09,28.0,0.51,-65.7,-49.4,25.6,46.0,-95.3,10.9,1.0,131.0,1
D007504,4.8,1194.0,1.15,31.5,0.51,-64.5,-49.7,23.1,43.0,-94.0,9.7,0.0,128.0,1
D007505,4.3,1029.0,,33.0,0.62,-63.5,-49.0,23.8,59.0,-95.9,10.0,1.0,113.0,0
D007506,4.8,1033.0,1.3,20.0,0.62,-67.6,-46.4,28.6,34.0,-93.1,7.3,1.0,111.0,0
D007507,4.7,1116.0,1.03,30.0,0.43,-65.1,-50.4,24.4,43.0,-96.4,13.1,0.0,132.0,1
D007508,4.9,1205.0,1.11,31.5,0.49,-65.3,-49.7,25.3,43.0,-96.0,6.0,0.0,123.0,1
D007509,4.5,1237.0,1.17,30.5,0.48,-65.5,-50.8,,42.0,-95.4,8.5,0.0,136.0,1
D007510,5.3,1190.0,1.17,33.0,0.34,-64.8,-51.2,24.4,30.0,-92.2,21.8,0.0,140.0,0
D007511,6.0,1026.0,1.26,36.0,0.3,-66.9,-46.6,25.4,36.0,-93.8,6.1,0.0,119.0,0
D007512,5.4,1202.0,1.25,29.5,0.56,-64.8,-49.3,22.2,46.0,-95.3,4.3,1.0,123.0,0
D007513,4.5,1240.0,1.06,30.0,0.53,-64.6,-50.5,25.6,47.0,-96.5,10.1,1.0,,0
D007514,4.7,1280.0,1.23,33.5,0.49,-65.8,-46.6,25.2,39.0,-90.8,11.3,1.0,113.0,0
D007515,5.0,1370.0,0.88,21.0,0.7,-65.0,-47.1,27.4,54.0,-99.1,13.5,1.0,134.0,0
D007516,4.9,1121.0,1.48,22.0,0.53,-61.9,-51.5,21.4,36.0,-96.1,3.6,1.0,112.0,0
D007517,4.3,1179.0,1.09,26.5,0.46,-65.3,-51.3,24.9,44.0,-95.8,7.8,1.0,123.0,1
D007518,6.0,1368.0,1.03,28.5,0.47,-63.3,-48.7,29.5,46.0,-92.3,4.6,1.0,148.0,0
D007519,5.2,1141.0,1.13,27.0,0.5,-64.0,-50.0,25.0,41.0,,9.4,1.0,139.0,1
D007520,5.4,1167.0,1.44,22.0,0.65,-69.0,-54.7,29.4,41.0,-92.1,20.6,1.0,115.0,0
D007521,5.4,1177.0,1.11,29.0,0.54,-64.5,-51.0,23.1,46.0,-95.4,10.9,0.0,129.0,1
D007522,4.6,1172.0,0.86,26.5,0.48,-64.7,-48.5,22.4,39.0,-94.6,12.7,0.0,128.0,1
D007523,5.1,1259.0,0.96,28.5,0.46,-66.9,-51.0,24.4,41.0,-96.4,10.6,0.0,132.0,1
D007524,5.0,1117.0,1.47,23.0,0.64,-68.5,-54.3,23.2,38.0,-96.2,8.4,1.0,113.0,1
D007525,4.1,1185.0,1.23,25.5,0.43,-65.5,-50.9,24.0,41.0,-95.6,9.2,0.0,128.0,0
D007526,5.0,1195.0,1.02,31.5,0.51,-65.8,-49.0,21.0,42.0,-95.8,7.6,1.0,132.0,1
D007527,4.5,1221.0,1.03,33.0,0.54,-66.0,-49.9,25.4,44.0,-96.5,12.5,0.0,123.0,1
D007528,4.0,1161.0,0.97,29.5,0.5,-65.6,-50.5,24.7,43.0,-96.2,,1.0,133.0,1
D007529,4.5,1184.0,1.15,32.0,0.51,-65.4,-50.7,23.7,41.0,-96.1,8.4,0.0,129.0,1
D007530,4.3,1257.0,1.16,24.5,0.49,-64.6,-51.1,23.6,47.0,-96.1,7.2,1.0,133.0,0
D007531,5.7,1129.0,1.03,25.5,0.45,-66.4,-48.8,23.2,38.0,-96.0,13.8,1.0,127.0,1
D007532,6.4,1215.0,1.25,20.5,0.62,-68.4,-53.2,25.8,53.0,-97.4,23.4,0.0,150.0,0
D007533,,1202.0,1.03,30.0,0.45,-64.3,-50.0,25.0,43.0,-95.3,8.3,1.0,124.0,1
D007534,4.3,1190.0,0.98,27.5,0.57,-64.4,-48.6,23.7,42.0,-96.4,11.5,1.0,124.0,0
D007535,4.2,,,29.0,0.47,-63.2,-49.4,23.2,38.0,-96.0,8.4,1.0,131.0,1
D007536,4.5,1338.0,1.19,,0.48,-68.4,-53.7,20.4,46.0,-98.9,4.5,1.0,108.0,1
D007537,4.9,1172.0,1.08,,0.46,-66.9,-50.4,26.0,,-96.1,9.8,0.0,128.0,1
D007538,4.9,1175.0,1.1,27.0,0.45,-64.8,,23.7,47.0,-94.2,6.4,1.0,129.0,1
D007539,5.4,,1.03,24.0,0.48,-67.0,-49.1,24.4,,-94.7,15.3,0.0,128.0,1
D007540,4.4,1164.0,1.19,29.0,0.45,-66.6,-49.7,25.6,42.0,-95.4,8.3,1.0,136.0,1
D007541,4.5,1148.0,1.02,28.5,0.44,-64.9,,23.9,39.0,-95.7,7.2,1.0,122.0,0
D007542,4.2,1283.0,0.82,30.5,0.36,-60.3,-47.0,21.0,51.0,-90.0,,1.0,105.0,0
D007543,4.8,1148.0,1.14,28.0,0.56,-65.6,-50.0,23.0,48.0,-95.6,7.6,0.0,134.0,1
D007544,4.7,1235.0,1.01,24.0,0.47,-66.5,-50.0,24.7,42.0,-95.0,9.0,1.0,124.0,1
D007545,4.3,1192.0,0.89,29.5,0.53,-66.1,-50.7,,44.0,-97.9,6.4,0.0,124.0,1
D007546,3.9,1210.0,1.17,30.5,0.54,-65.4,-50.1,23.6,42.0,-95.0,8.8,1.0,133.0,0
D007547,5.3,1235.0,1.07,32.0,0.45,-66.4,-47.9,24.6,42.0,-95.2,7.8,1.0,124.0,1
D007548,4.3,1204.0,1.14,29.0,0.54,-66.1,-51.8,24.3,46.0,-95.5,8.8,0.0,132.0,1
D007549,4.7,1082.0,1.17,31.0,0.44,-66.4,-49.8,22.8,41.0,-96.3,9.9,0.0,129.0,1
D007550,5.1,1262.0,1.09,29.0,0.41,-66.1,-49.0,24.0,45.0,-94.6,7.9,0.0,114.0,0
D007551,5.5,1169.0,1.08,27.5,0.47,-67.2,-50.4,22.2,41.0,-94.6,11.2,1.0,129.0,1
D007552,4.9,1136.0,0.99,28.5,0.51,-64.9,,24.1,40.0,-92.7,,0.0,124.0,1
D007553,5.0,1171.0,1.1,27.0,0.47,-66.9,-50.4,25.5,48.0,-94.8,11.0,1.0,132.0,1
D007554,3.0,1347.0,1.13,28.0,0.31,-67.2,-52.5,29.3,41.0,-92.4,21.5,1.0,103.0,0
D007555,5.2,1244.0,1.12,27.5,0.52,-65.9,-51.8,24.6,44.0,-95.3,8.7,0.0,126.0,1
D007556,5.9,1129.0,1.35,36.5,0.52,-61.0,-45.4,27.6,38.0,-96.3,14.1,1.0,108.0,1
D007557,5.1,1197.0,1.13,32.5,0.45,-65.3,-49.8,25.0,40.0,-95.4,8.3,1.0,128.0,1
D007558,3.8,1134.0,1.04,27.0,0.5,-65.9,-51.0,24.8,44.0,-94.5,7.6,1.0,,0
D007559,5.4,1191.0,1.08,31.5,0.45,-64.9,-51.0,23.7,46.0,-94.8,9.3,1.0,132.0,1
D007560,4.6,1178.0,1.08,27.0,0.52,-65.1,-50.2,23.7,46.0,-95.8,9.9,0.0,125.0,1
D007561,5.4,1163.0,1.03,26.0,0.49,-66.1,-50.9,23.0,41.0,-96.5,8.8,0.0,129.0,1
D007562,3.5,1173.0,1.05,30.0,0.52,-61.8,-45.2,27.7,35.0,-98.5,23.4,0.0,129.0,0
D007563,4.7,1380.0,1.01,23.5,0.65,-63.1,-53.6,25.4,49.0,-92.5,,1.0,106.0,0
D007564,3.6,1077.0,1.28,39.0,0.5,-62.3,-49.0,26.6,58.0,-93.9,23.7,1.0,101.0,0
D007565,3.9,1398.0,1.28,32.5,0.48,-68.1,,28.2,58.0,-99.6,11.9,1.0,116.0,0
D007566,4.9,1332.0,1.11,36.5,0.58,-63.3,-47.1,24.4,42.0,-90.0,7.9,1.0,123.0,0
D007567,4.8,1204.0,1.02,33.0,0.47,-66.5,-49.4,24.3,45.0,-94.8,5.2,1.0,116.0,1
D007568,4.9,1255.0,1.15,25.5,0.41,-63.3,-48.1,23.8,47.0,-96.2,8.0,,134.0,0
D007569,4.6,1101.0,0.81,29.5,0.66,-67.6,-52.8,24.9,59.0,-92.0,2.0,0.0,145.0,1
D007570,5.5,1103.0,1.04,32.5,0.46,-63.2,-52.0,22.1,37.0,-94.9,7.9,0.0,128.0,1
D007571,5.3,1169.0,1.22,27.0,0.42,-67.4,-50.0,24.4,43.0,-94.7,9.2,1.0,138.0,0
D007572,4.2,1154.0,1.07,29.0,0.58,-64.8,-46.5,26.4,53.0,-96.2,0.8,0.0,117.0,1
D007573,4.6,1220.0,1.03,30.0,0.44,-67.7,-48.8,22.1,44.0,-96.2,10.3,0.0,130.0,1
D007574,4.8,1158.0,1.18,30.0,0.46,-67.3,-49.3,24.2,44.0,-94.6,7.7,0.0,125.0,1
D007575,5.5,1222.0,1.17,29.0,0.46,-66.6,-49.9,,46.0,-95.9,8.9,0.0,137.0,1
D007576,4.9,1182.0,1.31,25.5,0.44,-64.4,-49.8,24.0,48.0,-95.7,10.7,0.0,123.0,0
D007577,4.6,1166.0,1.05,28.0,0.45,-66.0,-51.9,24.5,45.0,-93.6,10.3,1.0,121.0,1
D007578,4.2,1175.0,0.92,30.0,0.49,-64.7,-50.1,23.8,49.0,-96.4,7.5,1.0,124.0,1
D007579,4.2,1245.0,0.99,29.5,0.5,,-50.4,25.6,44.0,-95.8,11.1,0.0,120.0,1
D007580,4.3,1220.0,1.08,28.5,0.45,-66.0,-51.1,23.8,45.0,-94.6,11.3,0.0,135.0,1
D007581,5.0,1202.0,1.19,27.0,0.46,-64.5,-48.4,22.0,37.0,-96.3,12.7,0.0,130.0,1
D007582,5.5,1194.0,1.09,28.0,0.51,-62.8,-50.4,24.2,46.0,-94.9,9.1,1.0,116.0,1
D007583,4.8,1225.0,1.12,27.0,0.58,-65.4,-51.2,25.4,41.0,-97.6,8.4,1.0,133.0,0
D007584,5.1,1146.0,1.16,30.0,0.49,-64.7,-50.1,24.0,42.0,,6.5,1.0,128.0,1
D007585,6.0,1146.0,0.81,23.0,0.35,-61.7,-50.2,29.5,52.0,-99.0,5.5,1.0,114.0,0
D007586,6.0,1032.0,1.27,31.5,0.44,-63.9,-52.2,24.2,47.0,-93.0,18.7,0.0,133.0,1
D007587,4.3,1245.0,1.05,27.5,0.52,-67.1,-50.5,23.8,44.0,-97.0,11.0,0.0,130.0,1
D007588,,1203.0,1.19,24.5,0.51,-65.2,-50.6,24.0,50.0,-94.6,11.8,0.0,133.0,1
D007589,4.4,1165.0,1.21,24.5,0.5,-60.8,-48.2,29.8,51.0,-91.6,12.9,1.0,103.0,0
D007590,5.3,1135.0,1.58,32.5,0.67,-61.8,-50.3,25.3,48.0,-98.3,22.7,1.0,100.0,0
D007591,5.0,1148.0,1.08,28.5,0.46,-66.3,-48.6,23.8,49.0,-94.7,7.1,1.0,134.0,1
D007592,5.2,1136.0,0.91,28.5,0.48,-65.2,-46.6,24.4,45.0,-95.9,12.2,0.0,127.0,1
D007593,4.8,1157.0,1.03,27.0,0.41,-65.2,-48.2,22.6,48.0,-94.5,12.2,1.0,131.0,0
D007594,4.7,1139.0,1.18,28.5,0.49,-66.7,-50.0,23.2,45.0,-97.5,8.7,1.0,121.0,0
D007595,5.0,1161.0,1.13,29.0,0.47,-64.7,-50.1,23.3,43.0,-94.3,9.5,1.0,123.0,1
D007596,6.1,1283.0,1.24,29.0,0.33,-66.5,-52.7,23.7,35.0,-96.3,2.7,1.0,110.0,1
D007597,6.7,1048.0,1.53,20.5,0.43,-60.9,-50.2,22.9,32.0,-96.2,10.2,0.0,117.0,1
D007598,4.8,1155.0,1.16,29.0,0.54,-66.8,-51.0,22.1,44.0,-96.0,4.4,0.0,129.0,1
D007599,4.1,1317.0,1.46,30.5,0.49,-69.7,-45.8,21.1,59.0,-90.6,,0.0,138.0,1
D007600,5.5,1132.0,1.07,29.0,0.55,-67.4,-50.8,24.6,39.0,-96.7,10.3,0.0,122.0,1
D007601,4.5,1229.0,0.98,31.0,0.32,-61.8,-52.0,25.6,46.0,-92.2,15.5,1.0,132.0,0
D007602,4.5,1221.0,1.24,27.5,0.49,-66.8,-51.1,24.5,46.0,-95.8,6.0,0.0,126.0,1
D007603,5.5,1347.0,1.39,30.0,0.63,-60.3,,28.4,39.0,-91.9,4.5,1.0,103.0,0
D007604,4.1,1189.0,1.08,34.0,0.53,-67.0,-50.0,,48.0,-94.9,5.9,0.0,133.0,1
D007605,3.5,1204.0,1.3,37.0,0.4,-66.2,-48.9,23.2,46.0,-91.6,21.3,1.0,134.0,0
D007606,4.5,1209.0,1.08,30.0,0.48,-66.2,-50.3,23.9,38.0,-94.5,8.7,0.0,121.0,1
D007607,4.4,1270.0,1.14,28.0,0.49,-65.2,-50.1,26.2,44.0,-96.8,5.9,1.0,124.0,1
D007608,4.8,1195.0,1.06,29.5,0.48,-65.4,-50.7,24.3,47.0,-95.2,12.4,1.0,124.0,1
D007609,5.1,1190.0,1.08,32.5,0.46,-66.3,-48.6,24.9,46.0,-94.2,8.0,0.0,127.0,1
D007610,4.6,1188.0,1.13,26.0,0.47,-65.7,-49.4,23.3,40.0,-94.0,11.0,1.0,131.0,0
D007611,4.5,1210.0,1.31,32.5,0.54,-65.5,-48.8,23.9,43.0,-94.8,11.7,0.0,127.0,1
D007612,6.4,1265.0,0.81,27.0,0.56,-64.5,-49.6,23.0,47.0,-94.7,15.9,1.0,113.0,1
D007613,4.6,1161.0,0.96,29.0,0.56,-66.2,-48.7,24.5,41.0,-95.0,4.5,1.0,135.0,1
D007614,5.3,1165.0,1.14,30.0,0.43,-65.7,-49.3,22.9,45.0,-96.4,8.8,0.0,125.0,1
D007615,4.8,1252.0,1.11,27.5,0.45,-64.0,-49.7,24.8,46.0,-94.2,10.4,1.0,136.0,0
D007616,5.0,1130.0,1.49,31.0,0.56,-61.6,-51.3,24.1,47.0,-90.7,13.5,1.0,111.0,0
D007617,5.3,,1.02,38.0,0.52,-63.6,-45.3,23.8,38.0,-97.9,5.7,0.0,124.0,1
D007618,5.5,1226.0,1.15,28.0,0.45,-66.3,-51.3,24.1,42.0,-96.1,5.7,1.0,130.0,1
D007619,4.9,1187.0,1.2,27.0,0.45,-63.9,-51.3,25.5,45.0,-95.7,9.7,0.0,129.0,1
D007620,4.7,1215.0,1.11,27.0,0.54,,-49.2,23.7,49.0,-95.9,7.9,1.0,124.0,1
D007621,5.1,1196.0,1.27,30.0,0.45,-65.6,-50.9,25.5,43.0,-95.5,11.4,0.0,137.0,1
D007622,4.1,1064.0,0.92,27.0,0.46,-65.5,-49.4,24.0,47.0,-95.2,7.0,1.0,131.0,1
D007623,4.9,1214.0,0.96,28.5,0.49,-65.0,-50.0,25.4,46.0,-96.3,6.3,0.0,131.0,1
D007624,5.0,1187.0,1.06,31.5,0.55,-65.2,-51.2,24.4,40.0,-96.2,7.4,0.0,127.0,1
D007625,5.1,1153.0,1.1,27.5,,-68.5,-48.4,23.4,43.0,-96.6,10.9,1.0,130.0,1
D007626,4.8,1185.0,1.02,33.0,0.5,-65.7,-49.1,24.3,43.0,-97.1,9.4,0.0,132.0,1
D007627,4.6,1203.0,1.07,28.5,0.5,-65.9,-50.0,24.6,45.0,-95.0,6.4,1.0,125.0,1
D007628,4.7,1174.0,1.16,27.5,0.56,-65.8,-49.4,26.4,44.0,-95.9,,1.0,125.0,0
D007629,6.1,1360.0,1.31,26.0,0.33,-61.0,-50.9,22.3,30.0,-91.4,0.4,1.0,128.0,1
D007630,5.2,1182.0,1.04,26.5,0.39,-65.3,-49.8,24.4,41.0,-95.9,9.7,1.0,130.0,1
D007631,5.6,1032.0,0.98,40.0,0.59,-60.5,-53.0,26.7,55.0,-97.8,6.8,1.0,138.0,1
D007632,6.8,1187.0,1.45,33.5,0.41,-63.0,-46.1,23.6,45.0,-90.0,16.7,0.0,113.0,0
D007633,4.8,1230.0,1.23,28.0,0.46,-64.7,-51.6,24.6,50.0,-96.0,8.6,1.0,127.0,0
D007634,4.3,1231.0,1.29,28.5,0.49,-64.7,-50.0,22.8,41.0,-95.6,12.3,1.0,124.0,0
D007635,4.1,1039.0,1.51,21.5,0.49,-67.2,-52.4,22.6,45.0,-95.7,23.1,1.0,123.0,0
D007636,5.4,1166.0,1.08,28.0,0.46,-65.8,-50.8,24.2,48.0,-95.5,9.5,0.0,122.0,1
D007637,5.0,1137.0,1.03,24.0,0.58,-66.7,-49.8,25.1,41.0,-95.4,8.6,1.0,127.0,1
D007638,5.1,1198.0,1.08,29.5,0.54,-66.5,-50.4,21.8,47.0,-95.8,5.5,1.0,131.0,1
D007639,4.5,1020.0,1.54,32.0,0.68,-66.6,-45.7,,42.0,-98.8,8.0,1.0,119.0,0
D007640,4.8,1184.0,1.1,30.5,,-67.5,-49.3,23.1,39.0,-96.0,8.6,1.0,132.0,1
D007641,4.2,1235.0,1.07,31.0,0.49,-65.4,-51.2,22.9,46.0,-96.4,1.8,1.0,134.0,1
D007642,4.7,1231.0,,27.0,0.44,-67.4,-49.5,23.5,44.0,-95.9,10.3,1.0,126.0,0
D007643,5.7,1205.0,1.58,27.0,0.58,-66.6,-49.4,21.2,35.0,-96.8,20.7,1.0,108.0,0
D007644,,1373.0,1.09,31.5,0.47,-62.8,-49.9,20.1,49.0,-95.9,3.6,1.0,145.0,1
D007645,4.6,1203.0,1.05,26.5,0.51,-66.0,-50.1,23.6,44.0,-95.0,7.0,1.0,116.0,0
D007646,5.0,1165.0,1.08,28.0,0.49,-65.2,-51.1,22.7,46.0,-94.6,5.9,0.0,126.0,1
D007647,5.3,1197.0,1.08,29.0,0.49,-65.8,-48.7,23.7,45.0,-95.3,11.2,1.0,125.0,1
D007648,3.2,1261.0,1.45,37.0,0.47,-62.0,-45.4,29.4,57.0,-94.2,23.7,0.0,105.0,0
D007649,4.9,1180.0,1.18,31.5,0.45,-67.2,-47.2,24.8,47.0,-95.6,7.0,0.0,124.0,1
D007650,3.6,1136.0,1.54,31.5,0.37,-66.0,-49.7,23.9,35.0,-97.3,16.2,1.0,133.0,0
D007651,5.2,1200.0,1.14,36.5,0.45,-65.6,-49.9,24.9,41.0,-95.9,8.5,0.0,127.0,1
D007652,5.0,1183.0,0.95,27.0,0.49,-65.7,-50.8,23.9,47.0,-94.8,4.6,1.0,126.0,1
D007653,4.9,1164.0,1.11,28.0,0.51,-64.7,-50.5,25.9,46.0,-94.2,11.5,1.0,125.0,1
D007654,3.7,1327.0,1.39,28.5,0.54,-60.9,-53.2,25.2,58.0,-98.5,15.8,0.0,109.0,0
D007655,6.0,1070.0,0.82,21.5,0.52,-68.2,-46.2,25.5,56.0,-99.1,0.8,1.0,135.0,1
D007656,4.8,1198.0,1.09,29.5,0.45,-65.5,-50.1,23.5,44.0,-94.5,9.9,0.0,127.0,1
D007657,5.1,1246.0,1.13,28.5,0.48,-64.7,-49.5,25.0,48.0,-95.0,8.0,0.0,138.0,1
D007658,4.6,1221.0,0.95,30.5,0.46,-65.9,-49.5,25.0,40.0,-96.1,5.5,1.0,124.0,1
D007659,5.5,1149.0,0.88,29.5,0.64,-66.9,,26.7,37.0,-95.6,8.5,0.0,143.0,1
D007660,4.4,1288.0,0.97,32.0,0.5,-60.5,,28.0,34.0,-95.1,16.1,1.0,109.0,0
D007661,4.5,1174.0,1.12,29.0,0.48,-65.7,-49.5,24.0,49.0,,11.0,0.0,125.0,1
D007662,4.7,1204.0,0.95,27.5,0.4,-65.4,-50.5,23.9,44.0,-94.9,8.2,0.0,133.0,1
D007663,4.8,1158.0,1.13,29.0,0.48,-66.3,-49.8,24.7,41.0,-93.9,8.7,1.0,128.0,1
D007664,4.2,1172.0,1.09,32.5,0.51,-65.9,-49.4,24.1,43.0,-95.9,11.2,1.0,128.0,1
D007665,4.4,1278.0,1.15,28.5,0.5,-64.4,-50.4,24.6,44.0,-95.3,10.1,1.0,128.0,0
D007666,5.3,1049.0,1.1,25.0,0.69,-67.2,-53.5,21.7,40.0,-97.3,18.2,1.0,112.0,0
D007667,4.9,1054.0,1.4,24.5,0.44,-64.1,-53.0,28.7,34.0,-97.2,17.5,1.0,134.0,0
D007668,3.8,1170.0,1.11,28.5,0.43,-65.9,-50.5,24.2,44.0,-96.5,8.5,1.0,118.0,1
D007669,4.7,1135.0,1.16,30.5,,-65.8,-49.9,24.8,45.0,-95.3,9.2,1.0,,1
D007670,4.9,1168.0,1.13,32.5,0.47,-64.4,-51.0,24.2,46.0,-94.5,13.1,1.0,138.0,1
D007671,4.6,1182.0,1.31,31.5,0.44,-66.2,-49.7,23.0,39.0,-96.5,8.5,1.0,130.0,1
D007672,4.7,1209.0,1.15,28.5,0.45,-65.1,-50.2,25.0,43.0,-96.7,5.9,1.0,125.0,1
D007673,4.9,1145.0,0.94,27.0,0.48,-65.8,-51.4,24.0,44.0,-95.0,8.8,0.0,130.0,1
D007674,5.4,1161.0,1.09,29.0,0.46,-67.1,-52.7,22.8,40.0,-94.8,5.9,0.0,132.0,1
D007675,5.4,1143.0,1.11,28.5,0.48,-66.2,-49.3,23.7,44.0,-96.7,6.4,1.0,122.0,1
D007676,5.0,1159.0,1.03,27.5,0.54,-65.3,-48.9,22.2,45.0,-94.8,8.1,1.0,133.0,1
D007677,4.6,1152.0,1.12,29.5,0.5,-64.8,-50.2,25.6,43.0,-95.9,12.6,1.0,139.0,0
D007678,4.8,1179.0,1.02,30.5,0.53,-65.6,-50.0,23.7,44.0,-94.8,7.4,1.0,122.0,1
D007679,5.5,1234.0,1.49,25.5,,-65.2,-45.4,24.0,43.0,-96.2,7.2,1.0,103.0,0
D007680,4.4,1388.0,1.46,26.0,0.55,-60.8,-53.0,28.1,44.0,-99.9,0.9,0.0,119.0,0
D007681,4.7,1371.0,1.56,24.5,0.43,-62.9,-49.9,25.2,42.0,-96.8,0.7,1.0,149.0,1
D007682,4.7,1129.0,1.28,21.5,0.55,-67.8,-48.5,25.4,54.0,-95.2,13.9,0.0,133.0,0
D007683,6.1,1115.0,1.07,22.0,0.49,-64.9,-49.3,29.4,56.0,-98.1,6.2,1.0,117.0,0
D007684,4.1,1386.0,1.26,39.0,0.48,-62.3,-46.2,21.5,44.0,-91.5,5.7,1.0,146.0,1
D007685,5.0,1189.0,0.89,30.0,0.51,-64.5,-49.6,24.2,46.0,-95.0,5.5,1.0,130.0,1
D007686,6.0,1308.0,1.55,28.5,0.53,-66.7,-51.8,24.2,38.0,-90.9,23.1,1.0,145.0,1
D007687,5.1,,1.11,29.0,0.46,-65.7,-51.1,24.3,44.0,-95.2,,1.0,126.0,1
D007688,4.2,1341.0,0.97,37.0,0.69,-66.3,-50.3,24.2,55.0,-93.3,1.1,0.0,144.0,1
D007689,5.0,,1.17,27.0,0.5,-66.3,-50.7,23.4,41.0,-96.0,,1.0,127.0,1
D007690,4.5,1213.0,0.95,30.5,0.45,-66.3,-49.3,24.1,44.0,-95.7,7.8,0.0,122.0,1
D007691,3.3,1340.0,1.03,33.5,0.33,-68.5,-50.2,23.4,50.0,-99.1,3.4,1.0,139.0,1
D007692,4.4,1177.0,1.15,29.5,0.47,-65.3,-51.4,23.7,44.0,-94.7,9.6,1.0,125.0,0
D007693,4.4,1150.0,1.22,29.0,0.43,-63.8,-50.2,23.0,44.0,-94.2,8.4,1.0,127.0,0
D007694,5.5,1162.0,1.09,35.0,0.48,-64.3,-51.8,23.6,41.0,-94.7,8.8,1.0,123.0,1
D007695,4.5,1203.0,1.04,28.0,0.4,-65.2,-50.3,25.0,42.0,-94.4,11.1,1.0,128.0,1
D007696,5.7,1385.0,0.85,38.0,0.58,-63.6,-45.6,25.2,58.0,-91.2,18.6,0.0,122.0,1
D007697,4.9,1310.0,1.27,25.5,0.48,-65.4,-46.3,29.7,54.0,-97.1,9.8,0.0,118.0,0
D007698,4.9,1173.0,1.12,24.0,0.43,-66.3,,24.7,46.0,-94.1,8.1,1.0,135.0,0
D007699,4.3,1200.0,1.21,,0.49,-64.6,-50.3,,49.0,-95.5,7.5,1.0,124.0,0
D007700,5.3,1240.0,1.03,32.0,0.48,-65.8,-49.1,22.7,43.0,-95.4,9.3,1.0,122.0,1
D007701,5.4,1173.0,1.02,29.5,0.48,-66.1,-51.6,23.5,40.0,-95.1,11.1,0.0,,1
D007702,5.1,1247.0,0.94,29.5,0.45,-66.1,-51.1,23.3,47.0,-95.5,5.9,0.0,128.0,1
D007703,5.3,1137.0,1.1,26.0,0.47,-65.5,-49.0,25.2,44.0,-96.9,4.8,1.0,127.0,1
D007704,4.4,1242.0,1.15,30.0,0.46,-65.7,-49.6,23.7,42.0,-97.4,,1.0,119.0,0
D007705,,1034.0,1.46,29.0,0.42,-61.1,-52.4,22.8,38.0,-97.1,9.5,0.0,115.0,0
D007706,5.0,1215.0,1.12,31.0,0.49,-66.7,-50.5,22.5,44.0,-93.3,10.3,0.0,125.0,1
D007707,4.4,1183.0,1.07,32.0,0.41,-64.9,-50.0,23.3,44.0,-95.4,10.6,1.0,128.0,1
D007708,,1165.0,1.09,32.0,0.47,-63.9,-51.1,24.1,40.0,-93.6,11.3,0.0,133.0,1
D007709,4.6,1229.0,1.01,32.0,0.57,-64.7,-51.1,23.2,39.0,-95.3,8.5,0.0,123.0,1
D007710,4.8,1119.0,1.21,28.5,0.54,-64.5,-49.3,22.4,39.0,-93.9,7.1,0.0,131.0,0
D007711,4.9,1234.0,1.07,29.5,0.48,-65.2,-51.0,23.6,47.0,-96.0,8.4,1.0,125.0,1
D007712,4.4,1199.0,1.08,29.0,0.53,-65.5,-51.8,24.4,44.0,-94.2,7.1,0.0,119.0,1
D007713,3.7,1123.0,1.48,23.0,0.4,-64.9,-54.4,22.1,42.0,-91.9,15.6,0.0,137.0,0
D007714,6.4,1283.0,1.1,23.0,0.34,-68.6,-45.1,26.8,48.0,-93.0,21.9,0.0,124.0,0
D007715,5.6,1032.0,0.95,25.5,0.34,-65.1,-49.6,27.4,57.0,-96.9,23.4,0.0,106.0,0
D007716,4.7,1196.0,1.17,28.5,0.4,-65.7,-50.3,25.1,,-94.6,11.0,1.0,129.0,1
D007717,4.9,1143.0,1.17,30.5,0.5,-67.4,-47.4,24.7,41.0,-94.6,13.7,0.0,132.0,1
D007718,4.7,1189.0,1.1,30.0,0.57,-64.0,-49.7,25.8,39.0,-96.8,,0.0,132.0,1
D007719,5.4,1109.0,1.11,28.5,0.45,-64.8,-50.0,25.4,45.0,-95.6,9.6,1.0,130.0,1
D007720,5.8,1194.0,1.14,28.0,0.44,-66.2,-50.6,25.6,45.0,-95.1,10.2,1.0,130.0,1
D007721,4.4,1206.0,1.14,25.5,0.47,-66.3,-49.9,25.9,,-97.2,11.3,1.0,125.0,0
D007722,5.2,1108.0,1.25,32.5,0.5,-65.1,-53.6,23.1,34.0,-98.5,20.0,1.0,,1
D007723,5.0,1236.0,1.08,28.0,0.55,-65.6,-50.7,24.2,43.0,-95.9,7.0,1.0,126.0,1
D007724,5.3,1194.0,1.2,29.5,0.47,-64.4,-51.1,22.8,41.0,-95.7,13.0,1.0,127.0,1
D007725,4.8,1142.0,1.08,30.0,0.5,-65.7,-50.2,24.1,43.0,-96.5,11.5,0.0,127.0,1
D007726,6.3,1177.0,0.97,30.0,0.32,-65.4,-54.9,29.5,56.0,-94.3,8.8,0.0,107.0,0
D007727,4.5,1230.0,1.22,27.0,0.45,-65.8,-50.0,23.8,41.0,-95.5,9.6,1.0,127.0,1
D007728,4.0,1391.0,1.56,20.0,0.37,-64.0,-50.2,29.2,42.0,-90.4,2.0,1.0,102.0,0
D007729,4.8,1133.0,1.26,28.5,0.46,-65.8,-49.1,25.1,44.0,-93.7,7.8,0.0,126.0,1
D007730,5.6,1195.0,1.0,29.5,0.48,-64.7,-50.3,24.3,50.0,-95.8,7.1,1.0,139.0,1
D007731,4.2,1325.0,1.47,33.5,0.42,-67.7,-49.0,29.1,53.0,-92.2,18.4,0.0,126.0,0
D007732,6.2,1346.0,1.22,25.5,0.42,-68.2,-52.8,22.8,48.0,-92.1,19.8,0.0,124.0,1
D007733,5.0,1203.0,1.13,30.5,0.45,-64.5,-49.5,23.3,45.0,-94.5,10.1,0.0,127.0,0
D007734,5.4,1162.0,1.15,28.5,0.45,-65.2,-50.4,24.2,44.0,-94.7,,1.0,126.0,1
D007735,3.8,1142.0,1.09,34.0,0.41,-68.1,-52.8,24.0,52.0,-93.2,6.3,0.0,144.0,1
D007736,4.9,1245.0,1.06,32.0,0.48,-66.0,-50.0,22.7,50.0,-95.1,10.0,0.0,130.0,1
D007737,4.2,1194.0,1.07,31.0,0.45,-65.5,-49.2,24.7,43.0,-95.9,8.3,0.0,126.0,1
D007738,3.4,1040.0,1.47,24.5,0.59,-64.2,-54.3,27.7,46.0,-94.2,14.8,1.0,133.0,0
D007739,5.7,1277.0,1.28,32.5,0.5,-62.5,-48.2,26.0,38.0,-93.4,8.8,0.0,138.0,1
D007740,4.9,1220.0,1.16,26.0,0.46,-65.6,-49.0,24.0,46.0,-96.4,10.9,0.0,126.0,1
D007741,5.1,1152.0,1.12,31.0,0.47,-66.2,-49.8,23.9,45.0,-94.9,6.7,0.0,125.0,1
D007742,5.1,1160.0,1.16,29.5,0.42,-64.7,-48.4,22.7,46.0,-94.6,10.7,0.0,126.0,0
D007743,4.1,1147.0,1.22,30.5,0.37,-66.9,-50.2,24.0,51.0,-95.5,10.9,0.0,122.0,0
D007744,4.9,1214.0,1.14,26.5,0.49,-65.4,-49.1,24.7,46.0,-97.2,7.7,0.0,126.0,1
D007745,5.1,1282.0,1.26,29.0,0.36,-64.8,-51.2,27.2,37.0,-96.7,18.4,1.0,123.0,0
D007746,4.3,1274.0,0.96,30.5,0.48,-66.5,-50.2,24.3,45.0,-98.3,6.6,0.0,128.0,1
D007747,5.1,1149.0,1.23,30.0,0.44,-64.7,-49.8,24.8,44.0,-94.1,11.9,0.0,130.0,0
D007748,4.3,1147.0,1.33,24.0,0.6,-65.0,-53.0,22.5,55.0,-93.7,5.7,1.0,101.0,0
D007749,4.1,1173.0,,28.5,0.45,-65.2,-50.2,23.4,42.0,-96.0,9.1,0.0,139.0,1
D007750,6.2,1222.0,1.49,23.0,0.4,-60.6,-49.6,26.8,30.0,-94.1,21.6,0.0,102.0,0
D007751,4.5,1188.0,0.93,33.5,0.48,-64.9,-48.7,23.1,41.0,-95.6,4.2,1.0,136.0,1
D007752,5.1,1158.0,1.17,28.0,0.51,-65.5,-50.5,24.3,42.0,-95.6,7.3,1.0,135.0,1
D007753,4.1,1054.0,0.89,33.5,0.67,-61.0,-50.2,28.7,33.0,-97.4,1.8,1.0,119.0,0
D007754,6.6,1277.0,1.27,39.0,0.34,,-46.1,29.7,38.0,-98.0,17.6,1.0,124.0,0
D007755,3.3,1098.0,1.25,26.5,0.58,-65.5,,24.8,31.0,-93.2,,0.0,146.0,0
D007756,5.6,1282.0,1.26,25.0,0.53,-67.4,-53.4,29.0,53.0,-94.2,19.7,0.0,131.0,0
D007757,4.6,1188.0,1.14,29.0,0.49,-66.0,-50.9,24.9,43.0,-95.5,10.3,,121.0,1
D007758,4.9,1183.0,1.1,28.5,0.56,-66.0,-50.4,24.0,45.0,-94.3,10.2,1.0,119.0,1
D007759,4.7,1280.0,1.11,28.5,0.5,-64.7,-49.5,22.4,,-94.7,9.1,1.0,126.0,0
D007760,4.8,1145.0,1.08,29.0,0.42,-66.6,-50.3,26.5,49.0,-96.7,8.1,1.0,131.0,0
D007761,4.9,,1.14,29.0,0.48,-65.0,-51.0,25.2,46.0,-92.9,6.7,1.0,137.0,1
D007762,5.2,1159.0,0.95,29.5,0.52,-64.7,-50.5,24.4,41.0,-94.6,11.1,0.0,125.0,1
D007763,6.6,1241.0,1.01,21.0,0.61,-62.5,,29.7,58.0,-97.6,21.4,1.0,142.0,0
D007764,4.5,1145.0,1.3,29.5,0.44,-63.3,-52.7,26.3,48.0,-98.6,20.9,0.0,145.0,1
D007765,5.3,1066.0,0.91,40.0,0.6,-68.9,-53.8,29.5,43.0,-93.4,12.7,0.0,110.0,1
D007766,4.5,1195.0,1.17,25.0,0.47,-64.1,-50.3,25.7,47.0,-93.5,11.4,0.0,132.0,1
D007767,4.8,1198.0,1.01,26.0,0.46,-64.8,-49.7,22.2,40.0,-96.1,10.2,1.0,123.0,0
D007768,5.6,,0.99,30.0,0.49,-65.7,-49.1,22.5,44.0,-94.9,9.9,0.0,132.0,1
D007769,5.0,1228.0,1.08,21.0,0.67,-64.0,-51.0,24.1,53.0,,15.4,0.0,102.0,0
D007770,4.4,1210.0,1.08,29.0,0.48,-64.4,-49.0,23.6,,-95.8,11.4,1.0,137.0,1
D007771,4.8,1170.0,1.19,28.0,0.47,-64.9,-50.2,24.1,,-94.1,13.1,0.0,135.0,1
D007772,3.2,1195.0,1.24,20.5,0.51,-60.8,-51.5,23.3,57.0,-98.1,3.4,0.0,147.0,0
D007773,4.6,1166.0,1.26,,0.47,-63.8,-51.7,25.3,37.0,-96.2,9.0,1.0,130.0,0
D007774,6.8,1062.0,0.9,37.0,0.58,-61.4,-45.4,29.4,42.0,-99.9,,0.0,143.0,0
D007775,5.2,1300.0,0.83,34.5,0.5,-67.3,-45.6,22.9,30.0,-95.6,10.2,1.0,118.0,1
D007776,4.6,1219.0,1.05,27.5,0.49,-64.9,-49.3,23.7,44.0,-95.1,6.7,0.0,126.0,1
D007777,4.4,1231.0,1.03,30.5,0.46,-64.7,-50.8,23.3,42.0,-94.3,8.9,0.0,126.0,1
D007778,5.1,1180.0,1.16,28.5,0.46,-67.0,-49.1,23.3,45.0,-95.9,10.7,1.0,132.0,1
D007779,4.6,1144.0,1.08,30.5,0.48,-67.6,-51.5,24.0,,-92.7,11.4,0.0,119.0,1
D007780,4.5,1178.0,1.04,31.0,0.53,-65.6,-48.6,24.6,42.0,-95.4,5.2,1.0,131.0,1
D007781,4.1,1066.0,1.49,35.0,0.38,-68.2,-47.9,25.1,37.0,-96.8,19.6,1.0,129.0,0
D007782,4.3,1290.0,1.52,24.5,0.65,-60.3,-49.6,28.4,50.0,-92.1,9.9,1.0,112.0,0
D007783,4.9,1084.0,1.27,38.5,0.39,-67.8,-49.5,28.8,44.0,-99.4,8.7,0.0,149.0,1
D007784,4.7,1177.0,0.99,,,-67.8,-49.3,24.9,38.0,-96.9,7.1,1.0,121.0,1
D007785,4.1,1164.0,0.97,27.0,0.49,-65.3,-51.6,23.2,46.0,-96.6,9.9,0.0,126.0,1
D007786,4.6,1225.0,1.09,32.5,0.53,-64.8,-49.0,23.9,49.0,-96.5,5.9,1.0,133.0,1
D007787,5.5,1218.0,1.04,28.5,0.55,-65.7,-50.1,24.4,45.0,-98.0,9.0,0.0,126.0,1
D007788,4.4,1126.0,1.32,32.0,0.47,-64.4,-49.2,25.2,43.0,-94.6,9.0,0.0,133.0,1
D007789,5.3,1171.0,1.01,27.5,0.48,-66.0,-51.7,,48.0,-96.7,8.4,0.0,131.0,1
D007790,5.0,1224.0,1.16,32.0,0.5,-64.8,-50.9,24.0,48.0,-97.5,8.2,0.0,131.0,1
D007791,4.3,1157.0,1.16,30.5,0.45,-64.9,-49.7,23.2,35.0,-93.8,8.8,1.0,125.0,0
D007792,4.5,1193.0,1.16,29.5,0.46,-63.3,-50.8,23.8,44.0,-95.5,6.6,1.0,131.0,1
D007793,4.6,1205.0,1.17,31.0,0.47,-64.3,-50.5,25.4,44.0,-94.3,8.2,1.0,122.0,1
D007794,4.3,1304.0,1.56,35.0,0.43,-60.1,-47.0,27.8,48.0,-99.0,15.7,0.0,124.0,0
D007795,5.6,1201.0,1.02,31.0,0.42,-66.6,,,,,5.5,1.0,130.0,1
D007796,5.7,1194.0,1.05,38.0,0.31,-67.3,-48.8,23.5,37.0,-98.0,20.1,1.0,137.0,1
D007797,4.2,1013.0,0.94,23.5,0.37,-64.6,-50.1,25.0,59.0,-99.8,15.8,0.0,139.0,0
D007798,4.7,1204.0,1.06,29.0,0.47,-65.3,-51.7,24.6,47.0,-95.0,10.5,0.0,126.0,1
D007799,5.1,1166.0,1.08,32.0,0.52,-65.1,-49.9,25.3,51.0,-93.5,11.0,1.0,120.0,1
D007800,5.1,1133.0,1.15,27.5,0.53,-66.9,-51.8,24.2,41.0,-95.6,11.6,0.0,133.0,1
D007801,4.8,1246.0,1.04,33.0,0.51,-65.6,-49.7,24.2,43.0,-96.7,7.9,1.0,126.0,1
D007802,4.0,1067.0,1.57,21.5,0.68,-66.1,,20.7,51.0,-97.8,6.9,0.0,148.0,0
D007803,5.8,,0.96,31.5,0.66,-68.5,-47.2,21.8,53.0,-97.2,16.9,0.0,147.0,1
D007804,4.9,1173.0,1.44,29.0,0.65,-63.0,-50.3,27.1,45.0,-92.3,16.7,1.0,125.0,0
D007805,4.7,1111.0,1.09,32.0,0.5,,,23.9,42.0,-95.0,11.2,1.0,132.0,1
D007806,4.4,1232.0,1.17,26.0,0.45,-65.6,-49.9,22.9,45.0,-95.4,15.5,1.0,127.0,0
D007807,4.8,1193.0,1.25,,0.52,-64.3,-50.2,23.2,48.0,-96.4,7.6,0.0,132.0,1
D007808,,1099.0,1.4,21.0,0.61,-69.2,-53.7,26.0,55.0,-99.9,1.5,0.0,129.0,1
D007809,4.5,1209.0,1.04,26.5,0.45,-64.7,-51.4,23.4,46.0,-95.7,,1.0,125.0,1
D007810,4.5,1146.0,1.07,32.0,0.54,-64.5,-49.1,22.8,43.0,-94.4,7.7,1.0,131.0,1
D007811,4.6,1257.0,,31.5,0.49,-63.0,-48.7,26.5,33.0,-99.3,18.6,1.0,127.0,1
D007812,4.7,1214.0,1.2,28.5,0.49,-65.5,-49.8,25.2,47.0,-95.7,7.8,1.0,130.0,1
D007813,3.6,1283.0,1.02,35.5,0.63,-66.9,-45.8,27.9,45.0,-93.8,15.9,1.0,147.0,0
D007814,4.3,1226.0,1.22,32.5,0.45,-65.0,-50.8,20.7,55.0,-92.4,16.2,1.0,118.0,0
D007815,5.0,1233.0,1.28,29.5,0.42,-64.8,-50.5,23.6,44.0,-96.7,11.1,0.0,124.0,0
D007816,4.6,1175.0,0.95,32.0,0.41,-63.8,-49.1,23.2,41.0,-96.6,8.4,1.0,133.0,1
D007817,4.4,1220.0,1.04,32.0,0.53,-64.3,-50.1,23.2,42.0,-96.1,10.1,1.0,124.0,1
D007818,4.3,1229.0,1.18,30.5,0.44,-65.9,-51.8,23.9,41.0,-94.7,7.5,0.0,123.0,1
D007819,4.5,1244.0,1.3,29.5,0.51,-64.8,-45.5,22.3,37.0,-91.1,9.1,0.0,105.0,0
D007820,6.9,,0.92,38.5,0.33,-69.1,-46.1,27.2,45.0,-96.8,19.0,1.0,120.0,1
D007821,6.2,1170.0,1.2,24.0,0.55,-68.8,-50.4,27.5,47.0,-100.0,9.2,1.0,141.0,1
D007822,5.7,1224.0,1.42,23.5,0.54,-65.7,-49.3,27.0,51.0,-99.7,23.8,0.0,114.0,0
D007823,5.5,1163.0,1.04,30.5,0.47,-67.9,-48.5,23.9,48.0,,10.0,1.0,121.0,1
D007824,4.6,1194.0,1.52,32.5,0.6,-63.2,-54.7,26.3,30.0,-92.0,16.5,0.0,139.0,1
D007825,3.2,1316.0,0.89,20.0,0.53,-64.2,-54.8,26.9,59.0,-93.6,15.8,1.0,116.0,0
D007826,3.5,1100.0,1.25,38.0,0.35,-61.6,-47.3,21.4,58.0,-93.3,23.0,0.0,141.0,0
D007827,4.0,1142.0,1.06,31.0,0.48,-64.8,-50.8,25.2,34.0,-95.8,8.6,1.0,131.0,1
D007828,3.5,1336.0,1.05,27.0,0.66,-65.9,-54.5,20.6,32.0,-99.0,3.1,0.0,114.0,1
D007829,3.8,1098.0,0.98,32.0,0.54,-66.3,-46.5,,39.0,-94.4,3.9,0.0,139.0,0
D007830,5.4,1184.0,1.47,40.0,0.55,-65.9,-45.0,22.4,44.0,-98.9,10.9,1.0,146.0,1
D007831,4.9,1208.0,1.12,31.5,0.48,-63.7,-50.4,24.5,43.0,-95.9,10.6,1.0,133.0,1
D007832,3.5,1136.0,0.94,28.5,0.67,-64.7,-46.8,21.6,46.0,-95.8,12.7,1.0,111.0,0
D007833,4.6,1200.0,1.02,28.0,0.48,-65.5,-50.0,24.8,45.0,-97.1,11.1,1.0,127.0,1
D007834,4.4,1239.0,1.09,30.0,0.47,-65.3,-48.2,22.7,43.0,-98.0,10.8,1.0,129.0,1
D007835,4.5,1212.0,1.08,28.0,0.52,-67.1,-50.6,24.1,39.0,-97.6,8.2,0.0,134.0,1
D007836,4.8,1190.0,1.2,28.0,0.36,-65.1,,25.2,49.0,-97.5,8.1,1.0,130.0,0
D007837,5.0,1204.0,1.15,32.5,0.46,-64.6,-49.7,25.0,44.0,-95.5,9.8,1.0,120.0,1
D007838,5.3,1219.0,1.02,28.5,0.51,-64.9,-50.8,22.6,43.0,-96.4,12.7,1.0,123.0,1
D007839,4.1,1126.0,0.85,31.0,0.54,-67.6,-50.9,27.4,41.0,,8.0,1.0,118.0,1
D007840,4.6,1141.0,1.2,28.0,0.4,-66.0,-49.7,25.0,43.0,-97.0,7.2,1.0,132.0,0
D007841,4.9,1242.0,1.18,28.5,0.47,-65.2,-50.8,23.3,43.0,-96.0,6.5,1.0,136.0,1
D007842,4.9,1130.0,1.12,30.0,0.51,-67.0,-49.4,24.0,,-93.9,5.5,0.0,128.0,1
D007843,6.0,1079.0,1.34,36.0,0.47,-66.3,-46.0,29.6,56.0,-96.3,21.0,1.0,109.0,0
D007844,4.7,1204.0,0.97,26.0,0.51,-67.5,-50.7,25.2,44.0,-95.4,7.7,0.0,129.0,1
D007845,4.9,1182.0,1.23,,0.42,-65.7,-49.3,23.6,42.0,-94.9,4.6,1.0,121.0,1
D007846,6.8,1083.0,1.11,35.0,0.67,-62.2,-53.2,24.3,53.0,-98.9,1.4,0.0,109.0,1
D007847,6.5,1074.0,0.8,29.5,0.49,-61.4,-47.2,28.5,55.0,-96.6,1.5,1.0,105.0,0
D007848,4.6,1157.0,1.2,31.5,0.42,-64.9,-49.9,23.5,40.0,-95.8,7.0,1.0,122.0,0
D007849,4.5,1203.0,1.12,27.5,0.57,-66.2,-51.7,22.2,47.0,-94.8,12.0,0.0,124.0,1
D007850,5.2,1370.0,1.07,28.5,0.54,-61.9,-51.1,25.6,32.0,-90.4,19.1,1.0,137.0,1
D007851,4.5,1381.0,1.12,22.0,0.55,-68.6,-54.4,23.5,43.0,-96.8,23.4,1.0,130.0,0
D007852,4.0,1031.0,1.37,28.5,0.35,-67.9,-54.0,29.0,37.0,-96.3,12.5,0.0,104.0,0
D007853,4.4,1157.0,1.21,30.0,0.49,-65.7,-50.8,23.8,48.0,-96.0,6.6,1.0,125.0,1
D007854,4.4,1158.0,1.12,28.5,0.55,-65.7,,24.8,44.0,-96.3,12.1,1.0,125.0,0
D007855,4.6,1182.0,1.08,28.0,0.46,-66.7,-49.5,24.3,44.0,-95.3,10.0,1.0,132.0,1
D007856,4.2,1159.0,1.12,27.0,0.47,-66.1,-50.1,22.2,44.0,-96.0,9.3,0.0,120.0,1
D007857,4.8,1190.0,1.15,28.5,0.46,-65.4,,26.3,48.0,-94.9,9.3,0.0,131.0,1
D007858,4.7,1200.0,1.1,34.0,0.49,-67.5,-49.7,24.9,46.0,-95.0,9.9,0.0,125.0,1
D007859,4.9,1190.0,1.03,27.0,0.43,-64.4,-50.2,23.7,40.0,-97.1,9.9,1.0,133.0,1
D007860,,1230.0,1.04,31.5,0.55,-65.6,-49.8,22.3,42.0,-94.5,6.8,1.0,121.0,0
D007861,5.4,1182.0,0.97,30.5,0.51,-65.5,-49.8,23.5,44.0,-96.7,12.0,0.0,131.0,1
D007862,4.8,1193.0,1.16,31.0,0.5,-62.2,-53.4,25.1,41.0,-95.3,7.4,1.0,130.0,1
D007863,,1031.0,1.34,23.5,0.49,-69.5,-51.4,22.4,41.0,-98.1,22.9,0.0,134.0,1
D007864,4.5,1186.0,1.18,30.0,0.42,-64.2,-49.0,23.6,44.0,-94.4,,1.0,127.0,1
D007865,5.0,1231.0,1.04,30.0,0.48,-63.7,-50.0,24.4,40.0,-95.8,6.9,1.0,137.0,1
D007866,3.3,,1.46,24.0,0.45,-60.5,-51.4,28.5,50.0,-96.2,16.7,1.0,128.0,0
D007867,4.5,1140.0,1.22,27.5,0.52,-63.8,-47.6,23.9,43.0,-96.4,7.0,0.0,,1
D007868,4.6,1160.0,1.0,30.0,0.42,-64.6,-51.8,22.3,41.0,-94.1,11.1,0.0,128.0,1
D007869,3.3,1053.0,0.93,38.5,0.38,-68.8,-50.2,24.3,52.0,-96.3,,0.0,135.0,1
D007870,5.3,1194.0,,20.5,0.5,-67.6,-54.6,23.5,46.0,-97.4,20.6,1.0,147.0,1
D007871,5.1,1196.0,1.0,29.5,0.5,-64.7,-50.4,24.8,47.0,-94.0,8.7,0.0,132.0,1
D007872,,1251.0,1.06,30.0,0.43,-66.0,-49.1,23.3,44.0,-95.8,12.0,0.0,128.0,1
D007873,5.2,1237.0,1.22,29.5,0.53,-65.0,-48.7,24.2,45.0,-96.1,9.9,1.0,127.0,0
D007874,4.2,1070.0,1.15,33.0,0.47,-66.4,-48.0,25.0,43.0,-94.4,13.7,0.0,130.0,1
D007875,5.0,1192.0,1.36,35.0,0.54,-65.8,-51.8,25.2,41.0,-93.9,14.8,0.0,121.0,1
D007876,7.0,1076.0,1.53,32.5,0.53,-68.3,-52.4,20.4,47.0,-97.3,1.4,1.0,117.0,1
D007877,4.3,1126.0,1.51,26.5,0.48,-63.9,-50.3,24.9,51.0,-95.9,8.3,0.0,135.0,0
D007878,4.9,1174.0,1.04,27.0,0.42,-65.6,-50.2,24.1,48.0,-97.1,11.5,0.0,130.0,1
D007879,5.4,1171.0,0.95,28.5,0.46,-65.2,-49.1,24.7,45.0,-94.9,11.6,1.0,136.0,1
D007880,6.0,1255.0,0.94,27.0,0.4,-62.3,-52.6,29.1,52.0,-91.1,4.8,0.0,121.0,1
D007881,5.6,1353.0,1.51,26.5,0.57,-69.3,-50.4,29.5,37.0,-91.8,20.7,1.0,124.0,0
D007882,4.4,1199.0,1.09,28.0,0.53,-65.2,-50.0,22.5,46.0,-93.2,6.9,0.0,130.0,1
D007883,4.9,1243.0,1.13,28.5,0.53,-65.3,-52.1,25.0,45.0,-95.8,12.8,0.0,130.0,1
D007884,4.9,1202.0,1.12,29.0,0.46,-66.0,-49.5,23.7,40.0,-96.4,8.7,1.0,138.0,1
D007885,4.6,1214.0,1.2,29.0,0.44,-65.6,-51.0,,43.0,-95.4,5.3,1.0,128.0,1
D007886,3.7,1086.0,1.07,28.0,0.36,-60.1,-45.1,23.6,34.0,-94.2,13.5,1.0,134.0,0
D007887,5.9,1027.0,1.27,39.0,0.3,-63.8,-45.5,20.0,44.0,-97.1,17.7,0.0,120.0,0
D007888,3.8,1120.0,1.02,27.0,0.43,-65.2,-51.8,24.2,41.0,-95.1,6.0,0.0,133.0,1
D007889,4.7,1007.0,1.42,25.0,0.63,-63.7,-52.5,24.0,35.0,-93.4,11.0,1.0,147.0,0
D007890,4.5,1201.0,1.1,29.5,0.54,-66.1,-49.5,23.1,41.0,-95.6,10.7,1.0,138.0,1
D007891,5.7,1206.0,1.19,32.0,0.45,-64.0,-48.6,23.3,45.0,-95.5,8.4,0.0,128.0,1
D007892,4.7,1178.0,1.04,29.0,0.5,-64.1,-51.3,23.5,47.0,-93.0,10.3,0.0,129.0,1
D007893,6.4,1348.0,1.13,32.5,0.53,-68.9,-45.9,22.3,50.0,-98.7,5.4,0.0,101.0,1
D007894,4.7,1156.0,0.83,20.5,0.67,-60.9,-47.5,29.0,58.0,-93.8,23.4,0.0,116.0,0
D007895,5.1,1150.0,1.11,28.0,0.47,-66.4,-50.7,24.6,45.0,,2.6,1.0,131.0,1
D007896,5.3,,1.02,31.0,,-66.5,-51.5,21.1,49.0,-93.7,9.8,0.0,125.0,1
D007897,4.5,1155.0,1.15,29.0,0.57,-65.1,-50.0,25.3,47.0,-96.4,10.8,0.0,118.0,1
D007898,4.9,1158.0,1.16,29.5,0.54,-66.4,-50.2,24.1,45.0,-97.4,7.7,1.0,125.0,1
D007899,5.3,1202.0,1.03,32.0,0.49,-65.9,-50.1,24.1,45.0,-94.9,,0.0,127.0,1
D007900,4.7,1189.0,1.13,30.0,0.5,-66.0,-49.8,24.0,52.0,-97.2,11.6,0.0,123.0,1
D007901,4.2,1230.0,,30.0,0.55,-67.9,,22.7,49.0,-96.7,5.7,0.0,131.0,1
D007902,3.9,1288.0,1.09,33.0,0.35,-65.5,-50.0,24.9,43.0,-97.3,18.3,0.0,115.0,0
D007903,3.9,1251.0,1.52,30.5,0.59,-60.6,-50.5,22.4,31.0,-99.0,8.6,0.0,122.0,0
D007904,4.7,1140.0,1.02,28.0,0.53,-64.7,-49.7,23.1,39.0,-95.2,8.1,0.0,124.0,1
D007905,5.1,1352.0,1.31,26.0,0.32,-69.1,-54.2,24.1,42.0,-95.8,17.8,1.0,123.0,0
D007906,4.6,1264.0,1.09,25.0,0.51,-65.5,-51.0,23.3,46.0,-94.7,6.8,0.0,130.0,1
D007907,4.8,1197.0,1.02,33.0,0.5,-66.0,-48.3,24.6,41.0,-95.2,9.6,1.0,127.0,1
D007908,6.9,1161.0,0.96,38.0,0.51,-60.6,-45.2,26.1,33.0,-92.9,20.0,0.0,123.0,1
D007909,5.7,1389.0,1.21,33.0,0.44,-62.9,-50.8,21.9,49.0,-95.0,23.9,0.0,148.0,1
D007910,4.4,1201.0,1.0,31.0,0.4,-64.8,-52.1,24.1,45.0,-94.2,9.1,1.0,125.0,0
D007911,4.6,1234.0,1.04,33.0,0.5,-66.9,-50.2,22.7,48.0,-96.8,8.3,1.0,123.0,1
D007912,3.7,1333.0,1.11,25.0,0.58,-60.3,-46.0,20.2,56.0,-98.9,23.4,0.0,135.0,0
D007913,4.1,1145.0,1.01,28.0,,-64.9,-49.6,23.0,40.0,-95.5,12.2,0.0,135.0,1
D007914,5.2,1151.0,1.17,30.5,0.52,-66.3,-49.8,22.8,42.0,-95.1,9.4,,127.0,1
D007915,5.5,1341.0,1.28,28.5,0.34,-63.9,-52.2,27.3,49.0,-90.1,15.4,0.0,118.0,0
D007916,5.1,1219.0,1.13,29.0,0.47,-66.4,-51.0,25.1,40.0,-95.8,7.5,1.0,,1
D007917,5.0,1164.0,1.04,29.0,0.47,-66.2,,25.0,47.0,-95.0,5.7,0.0,130.0,1
D007918,5.1,1222.0,0.95,32.0,0.5,-66.6,-54.5,21.2,56.0,-99.3,16.4,1.0,131.0,1
D007919,5.3,1203.0,1.01,30.0,0.51,-64.4,-51.3,24.5,39.0,-96.1,9.6,1.0,126.0,1
D007920,5.4,1199.0,1.16,29.0,0.45,-61.6,-46.5,24.4,46.0,-90.3,11.5,1.0,141.0,0
D007921,6.6,1114.0,0.87,39.0,0.55,-65.8,-50.0,27.8,49.0,-95.6,22.6,0.0,126.0,1
D007922,4.7,1245.0,1.07,30.5,0.43,,-47.9,26.6,45.0,-96.5,5.6,1.0,132.0,1
D007923,5.0,1193.0,1.16,31.0,0.45,-67.0,-49.5,25.0,46.0,-93.3,11.2,1.0,128.0,1
D007924,5.8,1231.0,1.1,30.5,0.54,-66.8,-48.4,26.4,46.0,-94.6,6.9,0.0,127.0,1
D007925,4.8,1172.0,1.06,30.0,0.37,-65.4,-52.0,23.0,47.0,-95.5,10.4,0.0,123.0,0
D007926,4.8,,1.0,28.5,0.53,-66.0,-48.9,23.9,42.0,-95.9,7.5,0.0,133.0,1
D007927,4.4,1157.0,1.08,,0.46,-65.3,-50.4,23.3,41.0,-94.4,8.5,0.0,125.0,1
D007928,5.8,1128.0,0.86,31.0,0.34,-69.3,-54.5,21.8,43.0,-99.1,10.0,0.0,118.0,1
D007929,3.9,1355.0,1.4,37.5,0.64,-67.5,-49.7,30.0,51.0,-94.8,5.8,1.0,141.0,0
D007930,4.6,1164.0,1.13,29.5,0.48,-66.6,-50.2,24.6,44.0,-95.0,8.5,1.0,145.0,1
D007931,5.0,1095.0,0.98,27.0,0.39,-66.4,-50.7,25.1,42.0,-96.2,6.9,1.0,130.0,1
D007932,4.4,1139.0,1.15,30.5,0.54,-64.4,-48.9,22.9,46.0,-96.0,8.2,1.0,126.0,1
D007933,5.1,1219.0,1.15,27.5,0.48,-65.2,-50.1,23.4,42.0,-94.8,6.5,1.0,125.0,1
D007934,5.2,1229.0,1.23,30.5,0.44,-65.7,-50.1,24.9,45.0,-96.0,9.8,1.0,126.0,1
D007935,5.3,1310.0,1.49,25.0,0.39,-63.0,-54.9,26.8,50.0,-92.7,23.9,1.0,120.0,0
D007936,4.2,1251.0,1.05,30.0,0.47,-66.3,-49.0,24.0,43.0,-94.7,7.3,1.0,129.0,1
D007937,4.7,1178.0,1.1,27.0,0.47,-64.0,-49.8,23.4,43.0,-93.0,7.0,0.0,132.0,1
D007938,6.6,1223.0,1.5,37.0,0.43,-62.1,-47.1,21.6,43.0,-91.8,3.8,1.0,106.0,1
D007939,5.2,1179.0,1.17,30.0,0.53,-66.7,-48.1,22.7,46.0,-94.1,10.6,1.0,124.0,1
D007940,6.8,1199.0,1.14,20.5,0.66,-63.3,-51.0,27.8,42.0,-99.1,16.2,1.0,140.0,0
D007941,4.7,1209.0,1.2,29.0,0.47,-66.9,-49.0,22.9,47.0,-96.0,,0.0,133.0,1
D007942,5.0,1245.0,1.09,28.5,0.48,-66.5,-48.6,23.3,44.0,-96.5,8.1,1.0,131.0,0
D007943,4.5,1185.0,1.29,27.5,0.43,-62.7,-49.5,23.2,44.0,-96.7,7.7,0.0,124.0,1
D007944,5.0,1166.0,1.14,29.5,0.42,-66.9,-48.4,24.2,48.0,-95.8,8.1,1.0,132.0,1
D007945,5.1,1226.0,1.03,22.5,0.57,-66.0,-51.2,24.9,46.0,-95.9,8.7,0.0,124.0,1
D007946,4.4,1060.0,1.58,33.5,0.37,-64.9,,26.0,33.0,-99.7,23.8,1.0,142.0,0
D007947,5.2,1163.0,1.07,29.0,0.5,-65.6,,23.6,43.0,-96.6,11.5,1.0,132.0,1
D007948,6.1,,1.3,27.0,0.42,-60.6,-54.0,27.5,56.0,-93.8,8.6,1.0,109.0,0
D007949,4.8,1264.0,1.14,26.5,0.41,-66.6,-50.5,22.2,51.0,-95.9,4.9,1.0,120.0,1
D007950,4.6,1160.0,1.13,29.0,0.47,-66.2,-51.1,25.0,46.0,-97.6,7.0,0.0,133.0,1
D007951,5.1,1190.0,1.17,30.0,0.41,-63.4,-49.3,23.8,46.0,-95.5,10.5,0.0,134.0,1
D007952,5.2,1196.0,0.99,30.5,0.5,-66.9,-50.5,24.6,44.0,-94.7,8.5,0.0,127.0,1
D007953,5.9,1234.0,1.4,20.5,0.64,-60.9,-51.5,23.8,,-91.3,8.1,1.0,109.0,0
D007954,4.7,1213.0,0.9,31.0,0.57,-64.1,-49.6,23.6,47.0,-93.8,5.7,1.0,123.0,1
D007955,5.3,1260.0,1.57,33.5,,-60.3,-53.6,29.1,40.0,-92.6,2.9,0.0,107.0,0
D007956,6.2,1124.0,1.31,20.0,0.43,-64.1,-46.2,29.2,47.0,-90.8,18.5,0.0,141.0,0
D007957,4.2,1269.0,1.18,27.0,0.49,-65.9,-51.3,23.4,46.0,-95.9,7.9,1.0,129.0,1
D007958,5.0,1192.0,1.03,28.0,0.49,-66.2,-49.6,25.0,45.0,-96.0,12.4,1.0,129.0,1
D007959,4.5,1342.0,0.91,27.0,0.61,-60.2,-52.3,28.3,41.0,-97.5,3.0,0.0,107.0,0
D007960,5.2,1279.0,1.0,35.0,0.44,-60.9,-54.8,20.9,55.0,-94.7,19.5,1.0,130.0,0
D007961,4.5,1231.0,1.17,27.5,0.42,-66.2,-51.3,24.5,39.0,-96.2,9.1,1.0,128.0,0
D007962,6.1,1090.0,1.11,22.5,0.33,-62.7,-47.4,23.0,42.0,-96.5,5.7,1.0,113.0,0
D007963,5.2,1149.0,1.23,25.0,0.48,-66.5,-50.2,23.2,42.0,-96.0,12.9,0.0,124.0,1
D007964,3.3,1106.0,1.23,31.0,0.34,-69.3,-48.9,24.6,57.0,-94.4,12.7,0.0,107.0,0
D007965,5.1,1152.0,1.11,26.5,0.5,-66.5,-52.2,23.6,44.0,-96.4,9.6,1.0,130.0,1
D007966,4.6,1186.0,0.96,28.5,0.48,-66.0,-47.3,23.5,38.0,-96.6,7.2,0.0,136.0,1
D007967,5.0,1105.0,1.06,29.5,0.4,-65.6,-49.3,24.0,41.0,-94.8,6.3,0.0,126.0,1
D007968,4.3,1212.0,1.22,26.0,0.42,-67.7,-48.2,23.5,44.0,-97.3,7.5,1.0,129.0,1
D007969,3.3,1211.0,1.45,38.5,0.45,-64.9,-51.1,27.0,37.0,-90.9,16.8,1.0,105.0,0
D007970,4.9,1191.0,1.06,29.0,0.48,-65.1,-48.3,23.4,50.0,-95.8,9.8,0.0,129.0,1
D007971,4.8,1174.0,1.16,25.0,0.48,-66.3,-47.0,25.9,51.0,-95.5,10.3,0.0,131.0,1
D007972,4.5,1178.0,1.09,29.5,0.54,-65.3,-48.5,23.4,41.0,-95.2,5.9,0.0,121.0,1
D007973,3.5,1206.0,1.28,32.0,0.61,-65.0,,25.6,49.0,-98.6,2.8,1.0,105.0,0
D007974,4.9,1270.0,1.02,32.0,0.48,-65.3,-51.4,24.1,44.0,-96.1,,0.0,123.0,1
D007975,5.1,1145.0,1.11,25.5,0.45,-67.5,-51.1,22.6,48.0,-96.1,10.3,0.0,131.0,1
D007976,4.8,1189.0,1.01,34.0,0.62,-66.9,-50.3,21.5,,-97.0,23.7,0.0,122.0,0
D007977,6.4,1184.0,1.23,35.0,0.34,-61.2,-53.7,20.4,38.0,-100.0,19.3,1.0,125.0,0
D007978,4.9,1172.0,1.55,35.5,0.59,-69.4,-49.6,22.3,44.0,-90.5,11.7,0.0,116.0,1
D007979,4.8,1166.0,1.01,33.5,0.46,-65.5,-49.6,23.4,42.0,-94.6,12.0,1.0,126.0,1
D007980,,1297.0,0.99,27.0,0.53,-64.8,-53.9,26.9,42.0,-98.2,6.8,0.0,129.0,1
D007981,4.6,1149.0,1.18,28.0,0.48,-65.0,-51.9,25.0,42.0,-94.9,9.1,1.0,135.0,1
D007982,5.3,1397.0,1.45,39.5,0.33,-63.4,-47.3,20.9,36.0,,7.7,0.0,120.0,1
D007983,4.7,1170.0,1.17,26.5,0.52,-63.8,-50.9,24.5,43.0,-94.6,,0.0,126.0,1
D007984,4.6,1046.0,0.93,35.5,0.63,-69.5,-45.9,28.2,56.0,-90.9,19.4,0.0,105.0,0
D007985,5.2,1190.0,1.03,28.5,0.44,-65.8,-49.4,23.5,40.0,-96.1,9.3,0.0,125.0,1
D007986,6.2,1270.0,1.5,30.0,0.47,-66.9,-45.2,25.6,36.0,-94.1,23.5,0.0,103.0,0
D007987,4.8,1184.0,1.1,26.0,0.43,-64.8,-49.1,25.2,46.0,-95.3,11.2,1.0,,1
D007988,5.1,1183.0,1.08,28.5,0.49,-65.8,-49.1,22.9,47.0,-96.2,6.4,1.0,133.0,1
D007989,4.8,1195.0,1.09,29.0,0.52,-67.7,-49.7,23.1,40.0,-95.5,8.1,1.0,126.0,1
D007990,4.6,1187.0,1.18,29.0,0.45,-66.3,-50.4,25.5,43.0,-96.6,8.2,0.0,131.0,1
D007991,5.1,1193.0,1.12,28.5,0.46,-65.1,-50.1,24.8,46.0,-94.7,7.0,1.0,130.0,1
D007992,4.7,1166.0,1.12,30.5,0.52,-65.0,-49.4,23.7,42.0,-95.9,10.7,1.0,120.0,1
D007993,3.3,1373.0,1.01,32.0,0.44,-67.1,-45.5,24.4,48.0,-96.9,7.6,0.0,146.0,1
D007994,4.3,1199.0,1.23,25.5,0.44,-64.5,-49.4,24.8,45.0,-95.1,10.5,1.0,127.0,0
D007995,5.4,1211.0,1.16,27.0,0.49,-66.7,-51.4,23.7,48.0,-94.9,10.3,0.0,127.0,1
D007996,6.3,1215.0,1.08,26.0,0.51,-60.8,-53.9,22.9,37.0,-98.8,21.3,0.0,140.0,1
D007997,5.2,1159.0,1.12,32.5,0.51,-64.8,-51.5,24.4,50.0,-96.6,6.3,0.0,120.0,1
D007998,3.6,1100.0,1.27,30.5,0.47,-69.4,-49.7,22.9,43.0,-95.5,9.1,1.0,136.0,1
D007999,6.5,1319.0,1.38,28.0,0.39,-67.2,-51.2,25.5,52.0,-92.4,23.4,0.0,121.0,0
