die_id,uv_time,uv_intensity,pin_speed,pin_pressure,pin_height,head_vacuum,pin_vacuum,temperature,humidity,vacuum_status,runtime_hours,tape_type,die_thickness,pickup_success
D000000,3.7,1163.0,0.95,30.5,0.46,-65.4,-48.9,25.4,43.0,-96.2,9.5,1.0,125.0,0
D000001,5.7,1200.0,1.22,24.0,0.44,-63.1,-48.4,26.0,54.0,-91.2,6.9,1.0,135.0,1
D000002,5.7,1266.0,1.04,30.5,0.43,-63.7,-49.9,24.7,43.0,-96.1,9.3,0.0,142.0,1
D000003,6.4,1104.0,1.14,37.0,0.38,-69.9,-45.5,25.0,31.0,-90.4,17.5,0.0,146.0,1
D000004,5.9,1207.0,1.2,28.0,0.43,-64.0,-51.4,25.3,45.0,-95.9,6.7,0.0,133.0,1
D000005,4.5,1143.0,1.18,27.0,0.51,-65.1,-49.0,25.3,39.0,-95.7,10.8,1.0,122.0,0
D000006,4.7,1174.0,1.05,27.0,0.47,-64.8,-49.8,23.9,43.0,-94.3,8.9,1.0,130.0,1
D000007,4.7,1246.0,1.22,32.5,0.57,-67.3,-48.8,23.2,48.0,-94.9,13.5,1.0,133.0,1
D000008,3.9,1192.0,1.2,29.5,0.46,-67.0,-50.0,24.8,46.0,-95.1,8.7,1.0,127.0,0
D000009,5.1,1185.0,1.06,28.5,0.47,-66.7,-51.3,25.7,50.0,-94.0,9.5,0.0,129.0,1
D000010,6.3,1186.0,1.02,33.5,0.59,-60.7,-53.2,21.9,42.0,-98.8,13.7,0.0,140.0,1
D000011,5.2,1120.0,1.0,27.5,0.45,-66.5,-49.1,25.7,48.0,-93.6,12.3,0.0,132.0,1
D000012,5.4,1216.0,1.34,30.0,0.32,-65.6,-51.8,27.6,53.0,-99.4,17.5,1.0,118.0,0
D000013,4.8,1223.0,1.07,29.5,0.48,-64.7,-48.5,25.2,47.0,-95.6,8.0,1.0,130.0,0
D000014,5.6,1182.0,0.98,27.0,0.43,-66.5,-51.3,24.9,40.0,-94.2,7.5,1.0,126.0,1
D000015,5.5,1242.0,0.86,35.5,0.54,-69.4,-54.2,25.3,38.0,-97.0,5.5,1.0,122.0,1
D000016,4.1,1072.0,0.9,29.5,0.45,-66.8,-45.2,20.0,53.0,-93.5,16.9,1.0,102.0,0
D000017,3.3,1110.0,1.36,25.5,0.62,-64.1,-50.5,24.3,44.0,-90.2,9.9,0.0,147.0,0
D000018,3.9,1129.0,1.31,33.5,0.45,-68.8,-46.1,29.5,56.0,-91.2,2.2,0.0,122.0,0
D000019,5.1,1150.0,1.1,29.5,0.5,-64.7,-50.4,24.6,49.0,-97.0,8.7,1.0,116.0,0
D000020,6.6,1347.0,1.23,30.0,0.37,-63.5,-49.1,25.5,35.0,-93.2,14.6,0.0,132.0,1
D000021,4.1,1222.0,0.97,29.5,0.41,-64.0,-48.7,23.3,43.0,-95.4,8.2,0.0,122.0,1
D000022,4.8,1222.0,0.9,31.5,0.47,-66.6,-49.3,24.6,39.0,-96.2,10.3,0.0,128.0,1
D000023,5.2,1168.0,1.02,31.5,0.47,-65.3,-48.1,23.8,44.0,-94.0,8.0,0.0,123.0,1
D000024,4.8,1158.0,1.03,29.0,0.49,-66.3,-49.2,24.6,39.0,-95.8,3.8,1.0,128.0,1
D000025,5.9,1274.0,1.22,21.5,,-65.4,-45.6,22.9,55.0,-94.0,15.9,0.0,134.0,1
D000026,4.6,1131.0,1.18,31.5,0.45,-66.4,-49.7,24.9,41.0,-95.9,10.3,0.0,129.0,1
D000027,4.0,1173.0,1.12,28.5,0.5,-67.1,-50.0,24.3,43.0,-94.9,9.9,0.0,127.0,1
D000028,5.2,1215.0,1.1,28.5,0.41,-65.1,-50.1,24.0,40.0,-96.0,14.2,1.0,129.0,1
D000029,4.6,1216.0,1.17,29.0,0.41,-67.3,-50.8,24.7,43.0,,12.4,0.0,126.0,1
D000030,5.5,1173.0,1.35,36.0,0.38,-60.7,-46.6,27.3,39.0,-92.3,23.1,1.0,129.0,0
D000031,5.6,1146.0,1.0,27.5,0.58,-64.4,-50.7,22.7,46.0,-94.6,7.8,1.0,131.0,1
D000032,4.7,1213.0,1.0,28.0,0.44,,-49.2,25.4,39.0,-96.3,,0.0,126.0,1
D000033,4.9,1183.0,1.12,31.0,0.46,-67.4,-50.8,25.9,43.0,-95.9,10.1,1.0,127.0,1
D000034,5.3,1168.0,1.06,30.0,0.48,-66.3,-49.7,23.9,41.0,-96.0,8.6,1.0,121.0,1
D000035,5.9,1125.0,0.94,39.5,0.41,-63.6,-46.9,29.6,58.0,-99.9,16.5,0.0,148.0,0
D000036,5.3,1229.0,1.01,29.5,0.44,-66.6,-49.3,23.6,44.0,-95.4,9.8,0.0,126.0,1
D000037,3.2,1003.0,0.8,32.0,0.7,-64.7,-49.6,21.7,31.0,-97.4,2.7,1.0,138.0,0
D000038,4.8,1114.0,0.99,27.5,0.52,-65.7,-51.1,24.3,43.0,-94.5,8.2,0.0,131.0,1
D000039,4.6,1119.0,1.02,30.0,0.5,-67.1,-50.0,24.6,46.0,-95.7,5.2,0.0,120.0,1
D000040,4.8,1137.0,1.2,28.0,0.5,-66.1,-51.9,23.5,47.0,-96.0,6.7,0.0,,1
D000041,3.0,1241.0,1.35,37.0,0.5,-67.6,-49.1,24.5,36.0,-98.1,13.1,0.0,112.0,1
D000042,4.2,1214.0,1.23,28.5,0.45,-64.9,-51.6,24.8,44.0,-97.7,5.6,1.0,127.0,1
D000043,5.6,1077.0,1.13,27.5,0.53,-65.4,-51.0,25.0,43.0,-95.4,10.8,0.0,127.0,1
D000044,5.0,1175.0,1.19,29.5,0.47,-63.9,-49.2,23.1,45.0,-96.2,14.5,1.0,127.0,0
D000045,4.9,1163.0,1.14,28.0,0.46,-66.5,-51.4,24.1,42.0,-95.2,13.4,0.0,,1
D000046,4.4,1187.0,1.07,28.0,0.48,-66.6,-50.8,23.3,,-94.4,8.3,1.0,131.0,1
D000047,5.2,1300.0,1.05,28.0,0.53,-66.5,-50.1,23.3,44.0,-95.8,7.0,0.0,,1
D000048,3.3,1081.0,1.56,39.0,0.57,-62.3,-46.1,29.6,58.0,-94.0,19.5,1.0,148.0,0
D000049,5.2,1023.0,1.55,25.5,0.44,-68.0,-46.8,28.3,36.0,-90.5,1.3,1.0,131.0,0
D000050,5.1,1188.0,1.07,31.5,0.49,-66.3,-49.1,22.7,47.0,-95.0,9.1,1.0,135.0,1
D000051,5.1,1142.0,1.17,30.0,0.49,-63.1,-50.3,24.5,42.0,-96.7,11.9,0.0,129.0,0
D000052,3.4,1007.0,1.25,36.0,0.38,-60.5,-46.4,30.0,33.0,-93.0,10.2,0.0,121.0,0
D000053,6.0,1351.0,0.95,36.5,0.36,-65.7,-47.5,26.1,38.0,-95.0,18.2,1.0,108.0,1
D000054,5.6,1303.0,1.52,31.0,0.64,,-50.4,26.4,41.0,-93.5,9.7,1.0,119.0,0
D000055,4.2,1210.0,1.16,27.5,0.52,-64.7,-49.9,24.7,41.0,-94.0,8.1,1.0,123.0,1
D000056,4.8,1155.0,1.05,30.5,0.48,-65.7,-50.9,26.2,45.0,-94.8,11.1,1.0,126.0,1
D000057,5.0,1218.0,0.99,33.0,0.53,-63.8,-50.3,24.1,45.0,-94.1,9.4,1.0,131.0,1
D000058,5.8,1207.0,1.05,39.0,0.34,-65.8,-47.5,22.7,57.0,-95.8,11.6,1.0,130.0,1
D000059,4.0,1175.0,1.16,29.0,0.46,-65.9,-50.9,24.7,43.0,-96.8,8.1,0.0,129.0,1
D000060,4.6,1234.0,1.16,28.5,0.45,-65.7,-50.3,22.7,44.0,-95.5,,0.0,135.0,1
D000061,6.6,1286.0,1.16,21.5,0.32,-64.8,-46.8,27.6,44.0,-97.3,10.1,1.0,110.0,0
D000062,4.0,1202.0,1.04,30.0,0.39,-65.9,-50.0,24.6,45.0,-95.8,11.2,1.0,126.0,1
D000063,,1223.0,1.17,26.5,0.53,-69.3,-54.7,22.0,45.0,-95.4,,0.0,134.0,1
D000064,5.4,1144.0,1.1,28.0,0.49,-64.4,-48.7,23.8,41.0,-96.2,13.6,1.0,133.0,1
D000065,4.7,1173.0,1.21,28.0,0.45,-65.9,-50.2,25.6,44.0,-95.2,10.9,1.0,119.0,0
D000066,4.6,1207.0,1.02,33.5,0.43,-66.2,-49.4,23.9,43.0,-95.3,8.4,0.0,121.0,1
D000067,5.0,1179.0,1.09,28.5,0.49,-65.6,-50.5,23.2,47.0,-95.6,14.7,1.0,123.0,1
D000068,5.1,1191.0,0.85,29.5,0.56,-65.0,-48.7,26.1,42.0,-95.0,8.0,1.0,126.0,1
D000069,6.1,1201.0,1.1,31.5,0.41,-63.8,-50.1,24.2,43.0,-95.7,10.5,1.0,126.0,1
D000070,4.6,1172.0,1.04,26.5,0.48,-64.8,-50.3,24.3,41.0,-94.4,9.1,0.0,128.0,1
D000071,3.8,1382.0,1.14,22.5,0.61,-65.3,-48.5,22.7,50.0,-98.7,0.6,1.0,112.0,0
D000072,4.9,1153.0,1.21,29.0,0.43,-64.9,-48.8,24.8,,-94.5,11.8,1.0,121.0,1
D000073,5.4,1085.0,1.4,35.0,0.51,-61.4,-50.9,24.8,47.0,,7.9,0.0,137.0,1
D000074,4.8,1322.0,1.06,23.0,0.37,-63.8,-46.4,22.5,30.0,-98.5,6.0,0.0,143.0,1
D000075,4.1,1318.0,1.02,21.0,0.34,-60.6,-48.9,29.7,60.0,-93.9,9.7,1.0,131.0,0
D000076,6.1,1137.0,0.8,27.5,0.65,-62.9,-53.7,29.6,49.0,-98.2,5.4,1.0,129.0,0
D000077,6.0,1264.0,,22.0,0.66,-60.3,-51.7,21.1,47.0,-95.3,8.5,1.0,122.0,0
D000078,5.4,1119.0,1.09,25.0,0.45,-66.5,-50.9,24.0,45.0,-95.6,7.6,0.0,129.0,1
D000079,5.3,1011.0,0.85,26.5,0.52,-68.3,-49.1,24.1,56.0,-93.9,20.9,1.0,131.0,1
D000080,5.2,1154.0,1.1,27.5,0.48,-65.7,-49.7,25.4,44.0,-95.9,8.3,0.0,123.0,1
D000081,5.1,1178.0,1.17,25.5,0.49,-65.2,-49.5,22.5,41.0,-95.8,10.2,1.0,133.0,1
D000082,6.8,1034.0,1.4,34.5,0.62,-60.3,-52.7,26.3,55.0,-95.3,1.7,1.0,131.0,1
D000083,4.0,1331.0,0.87,30.5,0.63,-68.3,-53.4,26.7,39.0,-96.6,22.6,1.0,134.0,0
D000084,4.1,1046.0,1.14,32.5,0.41,-68.9,-51.7,25.9,48.0,-93.2,1.5,0.0,150.0,1
D000085,4.7,1168.0,1.06,29.0,0.58,-66.3,-49.9,24.4,43.0,-96.3,11.2,1.0,128.0,1
D000086,5.0,1158.0,1.11,29.5,0.41,-66.7,-49.9,24.8,42.0,-95.8,10.9,1.0,125.0,1
D000087,5.3,1132.0,1.22,29.0,0.5,-64.3,-50.4,23.5,44.0,-94.6,12.3,0.0,132.0,1
D000088,3.6,1357.0,1.02,25.5,0.36,-69.4,-48.6,22.0,51.0,-98.6,17.0,1.0,141.0,0
D000089,4.8,1150.0,1.15,28.5,0.58,-64.8,-49.4,23.6,39.0,-94.9,8.5,1.0,124.0,0
D000090,6.9,1371.0,1.03,32.5,0.6,-68.2,-53.4,27.4,38.0,-93.4,22.5,0.0,135.0,1
D000091,5.9,1205.0,1.15,24.5,0.53,-65.8,-50.6,23.7,42.0,,7.6,1.0,127.0,1
D000092,4.6,1316.0,0.94,23.0,0.37,-68.7,-47.1,25.1,41.0,-96.0,3.5,1.0,135.0,0
D000093,4.4,1141.0,1.04,26.0,0.54,-64.1,-50.7,24.0,40.0,-95.4,9.6,0.0,132.0,1
D000094,4.8,1138.0,1.15,27.5,0.47,-65.9,-51.4,24.1,39.0,-95.4,5.0,0.0,126.0,1
D000095,6.7,1283.0,1.25,27.0,0.43,-63.3,-53.6,27.2,43.0,-94.2,4.6,1.0,100.0,1
D000096,6.3,1064.0,1.45,24.5,0.46,-62.9,-46.0,26.4,40.0,-97.7,13.2,0.0,116.0,0
D000097,3.0,1047.0,1.18,22.0,0.53,-66.3,-49.2,27.7,53.0,-91.3,18.8,1.0,143.0,0
D000098,4.4,1178.0,1.1,25.5,0.48,-67.5,-50.0,24.3,44.0,-95.0,6.2,1.0,128.0,1
D000099,4.8,1201.0,0.97,26.0,0.45,-65.9,-47.8,25.5,41.0,-95.8,8.0,1.0,129.0,0
D000100,5.1,1134.0,1.2,25.0,0.5,-64.1,-50.8,25.1,45.0,-95.4,5.5,1.0,131.0,0
D000101,4.7,1185.0,1.05,33.0,0.42,-70.0,-54.2,21.0,43.0,-93.7,0.9,0.0,146.0,1
D000102,4.9,1162.0,1.2,27.5,0.39,-66.4,-49.3,23.7,41.0,-94.6,9.0,1.0,136.0,1
D000103,5.6,1220.0,1.04,23.0,0.35,-67.8,,25.3,46.0,-94.9,18.3,0.0,146.0,1
D000104,4.6,,0.82,32.5,0.6,-61.3,-50.7,27.6,40.0,-92.8,15.3,0.0,108.0,0
D000105,5.0,1166.0,1.13,30.5,0.47,-64.1,-51.1,24.5,49.0,-95.4,9.1,1.0,131.0,1
D000106,5.1,1156.0,1.0,28.5,0.47,-65.5,-49.5,24.0,48.0,-95.2,5.8,1.0,124.0,0
D000107,5.0,1174.0,1.09,29.0,0.53,-67.0,-48.4,24.5,51.0,-96.4,7.4,0.0,133.0,1
D000108,4.2,1189.0,0.98,26.0,0.43,-66.3,-51.2,22.5,43.0,-96.3,10.7,1.0,120.0,0
D000109,5.5,1282.0,1.01,24.0,0.54,-62.1,-52.2,23.3,43.0,-90.5,4.0,0.0,137.0,0
D000110,4.8,1162.0,1.02,29.5,0.54,-65.7,-54.2,,39.0,-96.7,7.7,1.0,131.0,1
D000111,4.6,1177.0,1.01,32.5,0.54,-65.1,-50.6,23.0,44.0,-96.0,8.7,1.0,,1
D000112,4.7,1176.0,1.05,26.5,0.48,-66.6,-50.5,23.5,34.0,-95.7,11.8,0.0,125.0,1
D000113,4.7,1214.0,1.01,25.0,0.52,-64.3,-50.1,23.9,41.0,-96.1,11.7,0.0,118.0,1
D000114,4.6,1216.0,1.09,26.5,0.44,-64.6,-49.5,25.6,43.0,-96.0,12.0,1.0,132.0,1
D000115,4.6,1115.0,1.03,32.5,0.5,-64.8,-48.7,24.7,44.0,-96.2,4.4,0.0,124.0,1
D000116,4.3,1116.0,1.13,29.0,0.52,-64.0,-49.5,24.9,47.0,-94.0,7.9,1.0,128.0,0
D000117,5.1,1194.0,1.15,28.0,0.45,-64.1,-52.4,24.4,46.0,-95.4,7.9,0.0,116.0,1
D000118,5.1,1193.0,1.01,30.5,0.47,-65.3,-51.4,24.1,51.0,-95.5,9.3,1.0,136.0,1
D000119,5.0,1198.0,1.2,32.5,0.43,-63.8,-50.4,24.7,49.0,-95.5,10.4,1.0,124.0,1
D000120,4.8,1180.0,1.22,29.0,0.45,-65.6,-49.2,24.5,42.0,-94.9,9.9,1.0,123.0,0
D000121,4.5,1154.0,1.07,29.0,0.47,-64.6,-48.1,24.4,44.0,-95.4,4.8,1.0,134.0,0
D000122,4.6,1000.0,1.49,36.5,0.59,-63.3,-49.1,20.4,58.0,-92.0,10.2,1.0,118.0,0
D000123,4.4,1387.0,1.14,27.0,0.44,-69.1,-52.4,27.7,39.0,-95.5,6.2,0.0,143.0,1
D000124,4.2,1202.0,1.13,26.0,0.44,-67.0,-49.8,23.5,47.0,,5.2,0.0,132.0,1
D000125,4.8,1205.0,1.14,28.0,0.53,-65.1,-50.8,23.9,45.0,-95.4,10.4,0.0,129.0,1
D000126,6.3,1044.0,1.37,23.5,0.59,-68.5,-52.5,23.7,36.0,,6.4,0.0,137.0,1
D000127,4.5,1207.0,1.06,29.0,0.52,-63.8,-47.2,22.6,46.0,-96.3,7.9,0.0,125.0,0
D000128,4.6,1236.0,1.07,29.0,,-66.2,-51.1,23.5,45.0,-94.7,6.4,0.0,131.0,1
D000129,4.0,1189.0,1.1,27.5,0.5,-65.3,-50.6,23.8,46.0,-95.7,14.3,1.0,131.0,1
D000130,4.9,1204.0,1.08,27.5,0.43,-64.1,-50.1,24.7,41.0,-96.3,7.3,0.0,122.0,1
D000131,3.6,1396.0,,34.0,,-60.4,-50.7,22.7,36.0,-94.2,5.7,0.0,130.0,1
D000132,5.2,1163.0,1.14,28.5,0.46,-65.1,-49.5,23.9,48.0,-94.7,5.9,1.0,124.0,1
D000133,5.3,1004.0,1.5,40.0,0.39,-68.6,-53.4,28.5,41.0,-92.6,1.7,0.0,104.0,0
D000134,3.6,1262.0,0.88,34.0,0.49,-66.9,-46.1,25.8,44.0,-97.8,19.1,1.0,127.0,0
D000135,5.4,1337.0,1.15,29.5,0.67,-64.9,-52.1,24.4,35.0,-91.2,3.3,0.0,124.0,0
D000136,5.1,1178.0,1.09,32.0,0.56,-64.4,-49.2,23.6,43.0,-94.7,12.1,0.0,126.0,1
D000137,5.1,1137.0,1.2,27.0,0.56,-65.8,-50.6,22.9,45.0,-96.8,4.8,1.0,137.0,1
D000138,5.2,1079.0,1.16,29.0,0.53,-64.8,-49.3,22.2,45.0,-96.6,5.9,0.0,,1
D000139,3.0,1015.0,0.88,28.0,0.48,-65.2,-52.3,21.5,33.0,-91.4,16.4,1.0,130.0,0
D000140,5.7,1127.0,1.04,27.5,0.44,-66.3,-49.1,22.6,49.0,-95.9,7.1,1.0,127.0,1
D000141,4.5,1151.0,1.14,28.5,0.47,-64.2,-49.2,24.0,46.0,-95.8,10.6,1.0,125.0,0
D000142,4.6,1137.0,1.19,25.5,0.54,-66.2,-49.4,22.8,42.0,-95.3,12.8,1.0,124.0,0
D000143,5.3,1168.0,1.37,34.5,0.58,-63.9,-53.0,21.9,54.0,-93.6,5.8,1.0,119.0,0
D000144,6.0,1103.0,1.4,,0.56,-65.4,-53.3,28.1,34.0,-94.7,6.6,1.0,116.0,1
D000145,4.3,1227.0,0.98,30.5,0.36,-65.3,-49.5,23.3,40.0,-94.8,10.0,,125.0,0
D000146,4.8,1177.0,0.98,27.0,0.52,-64.7,-49.2,24.4,45.0,-94.3,8.2,1.0,120.0,0
D000147,4.2,1168.0,0.99,27.5,0.44,-66.4,-49.5,23.1,43.0,-94.4,8.3,1.0,115.0,0
D000148,4.9,1163.0,1.21,32.5,0.5,-65.3,-51.4,24.3,41.0,-94.1,10.4,1.0,125.0,1
D000149,6.0,1144.0,1.21,31.5,0.36,-65.6,-48.6,28.9,32.0,-91.9,7.5,1.0,108.0,0
D000150,4.9,1183.0,1.04,28.0,0.48,-63.9,-50.5,22.3,37.0,-97.6,6.1,0.0,133.0,1
D000151,6.3,1395.0,0.93,35.0,0.54,-68.7,-46.1,25.5,37.0,-97.9,,1.0,126.0,1
D000152,,1109.0,1.28,30.5,0.51,-65.9,-50.3,25.4,44.0,-96.8,7.5,1.0,129.0,1
D000153,5.7,1101.0,1.1,31.0,0.43,-64.7,-51.4,23.9,51.0,-94.5,7.3,0.0,123.0,1
D000154,3.7,1291.0,1.0,26.0,0.41,-60.1,-48.8,22.1,43.0,-99.4,0.2,0.0,105.0,1
D000155,4.6,1210.0,1.15,29.5,0.47,-64.9,-47.6,23.5,39.0,-95.0,8.1,0.0,119.0,1
D000156,4.2,1158.0,1.17,33.0,0.54,-67.0,-48.4,25.5,45.0,-96.7,9.4,1.0,130.0,1
D000157,4.2,1201.0,1.17,29.0,0.43,-66.0,-49.9,23.8,41.0,-94.2,9.7,1.0,130.0,1
D000158,4.1,1165.0,0.95,28.0,0.49,-65.5,-49.3,25.3,43.0,-94.7,9.4,0.0,131.0,1
D000159,4.2,1072.0,0.96,31.0,,-65.2,,28.4,43.0,-97.9,3.8,1.0,110.0,0
D000160,5.2,1133.0,1.15,27.5,0.43,-63.4,-50.1,23.8,44.0,-97.5,8.8,1.0,128.0,0
D000161,4.4,1210.0,1.16,29.0,0.52,-66.1,-50.9,24.5,41.0,-96.2,9.6,1.0,118.0,1
D000162,4.7,1136.0,1.06,28.5,0.53,-65.5,-48.6,24.1,47.0,-95.2,10.9,0.0,126.0,1
D000163,6.8,1242.0,1.53,29.0,0.41,-66.3,,26.1,33.0,-98.3,6.7,1.0,119.0,1
D000164,4.0,1202.0,1.46,22.0,0.37,-66.6,-51.9,20.2,55.0,-93.3,17.5,0.0,139.0,0
D000165,4.7,1262.0,1.06,29.0,0.43,-65.8,-51.0,26.1,47.0,-96.0,2.7,0.0,126.0,1
D000166,5.0,1172.0,1.15,27.0,0.47,-65.4,-50.2,24.4,48.0,-94.8,7.8,0.0,130.0,1
D000167,5.9,1190.0,1.01,34.0,0.49,-64.6,-50.9,23.4,39.0,-95.2,9.5,1.0,131.0,1
D000168,6.0,1131.0,0.9,27.5,0.34,-61.4,-48.5,29.6,44.0,-98.6,0.9,1.0,142.0,0
D000169,6.5,1199.0,0.9,33.5,0.6,-68.3,-50.0,21.0,49.0,-90.4,13.6,0.0,104.0,1
D000170,4.7,1256.0,1.12,28.0,0.42,-65.5,-50.7,24.8,47.0,-94.4,6.5,1.0,133.0,0
D000171,6.0,1235.0,0.84,32.5,0.48,-66.4,-47.2,28.2,51.0,-94.3,12.5,0.0,150.0,1
D000172,4.9,1158.0,1.0,28.0,0.48,-67.2,-48.3,23.4,41.0,-97.0,8.5,1.0,133.0,1
D000173,4.2,1304.0,1.13,39.0,0.63,-61.1,-49.2,27.6,42.0,-97.8,15.5,0.0,138.0,0
D000174,4.2,1188.0,1.12,30.0,0.44,-65.1,-50.3,23.8,43.0,-95.2,9.6,0.0,126.0,1
D000175,4.9,1173.0,1.07,27.0,0.52,-64.7,-50.6,24.4,49.0,-94.9,9.1,0.0,128.0,1
D000176,6.0,1005.0,0.93,21.0,0.57,-68.3,-54.4,22.4,49.0,-91.1,10.1,0.0,135.0,1
D000177,5.1,1136.0,1.16,28.0,0.48,-64.6,-50.1,25.5,44.0,-93.4,7.6,1.0,131.0,1
D000178,5.3,1102.0,1.15,31.0,0.46,-66.7,-52.1,23.4,42.0,-96.3,11.0,0.0,126.0,1
D000179,4.9,1082.0,1.45,30.5,0.34,-69.3,-53.1,28.1,45.0,-95.7,19.6,0.0,117.0,0
D000180,6.6,1073.0,1.06,35.5,0.62,-63.4,-49.2,24.0,41.0,-92.5,3.5,0.0,126.0,1
D000181,4.5,1181.0,0.92,25.5,0.5,-65.5,,24.2,43.0,-94.9,7.6,1.0,127.0,0
D000182,4.4,1155.0,1.1,27.5,0.5,-64.3,-50.2,23.2,44.0,-96.1,5.6,1.0,125.0,1
D000183,4.8,1088.0,0.88,24.0,0.65,-67.0,-45.7,25.0,44.0,-99.5,10.3,1.0,145.0,0
D000184,4.3,1181.0,1.09,28.5,0.47,-65.7,-49.0,25.3,43.0,-94.0,5.2,1.0,123.0,0
D000185,5.7,1152.0,1.22,28.0,0.47,-65.7,-48.3,24.6,46.0,-96.1,9.5,0.0,129.0,0
D000186,5.1,1175.0,1.12,28.0,0.44,-66.8,-49.8,23.3,39.0,-95.7,6.7,0.0,130.0,1
D000187,5.0,1170.0,1.16,30.5,0.49,-65.4,-51.4,23.0,41.0,-96.1,7.3,0.0,131.0,1
D000188,4.9,1200.0,1.09,27.5,0.49,-64.9,-49.4,24.0,45.0,-96.2,5.2,0.0,125.0,1
D000189,6.7,1149.0,1.34,30.0,0.66,-63.3,-52.3,21.8,47.0,-94.4,1.6,1.0,118.0,1
D000190,5.0,1218.0,1.08,35.5,0.58,-64.6,-55.0,24.2,50.0,-98.9,6.1,0.0,131.0,1
D000191,3.3,1023.0,1.55,32.5,0.56,-63.8,-48.1,24.0,46.0,-91.5,21.3,,116.0,0
D000192,4.7,1112.0,1.02,26.0,0.47,-65.4,,24.1,43.0,-94.9,10.1,0.0,125.0,1
D000193,3.1,1001.0,1.03,31.0,0.67,-63.5,-47.9,21.2,58.0,-95.3,1.9,1.0,139.0,0
D000194,4.6,1105.0,1.19,27.0,0.46,-66.1,-49.6,24.9,38.0,-97.1,9.4,0.0,132.0,0
D000195,5.5,1183.0,1.11,31.0,0.5,-64.4,-49.6,24.0,41.0,-95.7,10.4,0.0,121.0,1
D000196,5.1,1203.0,1.25,30.0,0.53,-65.9,-49.5,24.8,43.0,-94.6,12.4,0.0,126.0,1
D000197,4.5,1107.0,0.97,37.5,0.42,-60.9,-46.1,23.3,57.0,-95.2,11.7,1.0,101.0,0
D000198,4.8,1362.0,1.02,37.0,0.5,-68.4,-49.9,28.5,,-95.0,22.6,1.0,110.0,1
D000199,4.8,1249.0,1.02,26.5,0.47,-65.1,-48.7,23.5,48.0,-94.8,8.0,1.0,128.0,0
D000200,3.6,1075.0,1.21,37.0,0.64,-65.9,-46.1,21.1,54.0,-95.3,10.8,1.0,111.0,0
D000201,4.3,1200.0,1.25,32.0,0.48,-65.4,-50.7,24.6,41.0,-94.4,10.7,0.0,128.0,1
D000202,4.4,1351.0,1.5,37.5,0.38,-61.0,-54.9,22.4,36.0,-99.3,8.7,1.0,140.0,1
D000203,6.3,1114.0,1.16,21.0,0.51,-64.2,-48.4,,47.0,-100.0,20.9,1.0,104.0,0
D000204,3.9,1355.0,1.06,39.0,0.61,-64.9,-52.4,22.2,47.0,-96.3,21.4,0.0,102.0,0
D000205,5.4,1182.0,1.17,26.5,0.44,-66.3,-50.0,24.9,44.0,-94.6,7.3,0.0,126.0,1
D000206,6.0,1143.0,1.45,26.5,0.59,-68.8,-46.0,23.1,50.0,-96.2,15.7,0.0,124.0,1
D000207,4.2,1174.0,1.05,34.0,0.55,-66.2,-49.4,23.8,49.0,-95.8,10.9,0.0,128.0,1
D000208,4.7,1137.0,1.23,28.0,0.48,-65.0,-47.8,23.7,42.0,-95.3,11.8,1.0,122.0,0
D000209,4.2,1201.0,1.02,28.0,0.46,-66.8,-52.4,24.0,46.0,-95.0,9.1,0.0,133.0,1
D000210,4.5,1223.0,1.44,24.0,0.58,-69.1,-51.0,26.7,56.0,-95.7,14.7,1.0,106.0,0
D000211,4.8,1173.0,1.07,27.0,0.52,-64.3,-50.7,24.1,41.0,-95.8,6.4,1.0,127.0,1
D000212,4.1,1219.0,1.07,27.5,0.46,-65.5,,24.6,45.0,-95.9,6.8,1.0,127.0,0
D000213,4.2,1188.0,1.06,29.5,0.46,-65.6,-49.4,22.3,46.0,-96.7,15.5,1.0,133.0,0
D000214,5.2,1104.0,0.91,31.0,0.42,-69.9,-53.4,25.0,33.0,-99.4,5.0,1.0,143.0,1
D000215,5.2,1189.0,1.11,27.5,0.45,-64.7,-48.5,22.8,47.0,-95.3,8.8,0.0,127.0,1
D000216,4.7,1202.0,1.01,32.0,0.51,-64.7,-49.3,24.7,49.0,-95.4,9.6,0.0,128.0,1
D000217,6.5,1282.0,1.14,25.0,0.7,-63.0,-50.3,24.9,47.0,-96.7,8.3,1.0,101.0,0
D000218,4.9,1147.0,1.13,29.5,0.47,-64.7,-49.5,22.6,42.0,-94.9,4.5,0.0,121.0,1
D000219,5.5,1380.0,1.34,27.0,0.33,-69.3,-47.1,21.6,34.0,-96.8,8.6,0.0,133.0,1
D000220,4.2,1180.0,,27.5,0.49,-65.7,-50.6,23.6,47.0,-96.4,8.5,0.0,134.0,1
D000221,5.0,1146.0,1.13,31.0,0.52,-65.7,-48.2,23.1,46.0,-96.1,9.6,1.0,120.0,1
D000222,4.8,1098.0,1.03,31.0,0.49,-65.7,-48.6,23.0,44.0,-95.9,9.1,1.0,123.0,1
D000223,5.6,1068.0,1.01,24.5,0.33,-65.2,-47.3,28.6,37.0,-91.7,15.9,0.0,103.0,0
D000224,5.3,1222.0,0.99,29.0,0.49,-64.8,-49.6,24.9,46.0,-94.0,7.0,1.0,122.0,1
D000225,4.6,1019.0,1.0,29.0,0.36,-63.8,-51.5,27.1,38.0,-98.1,13.3,0.0,124.0,0
D000226,5.5,1155.0,1.15,31.0,0.47,-65.4,-50.2,23.8,38.0,,8.4,1.0,127.0,1
D000227,4.7,1132.0,1.34,24.0,0.53,-62.3,-46.4,24.8,38.0,-93.2,9.1,1.0,129.0,0
D000228,5.7,1161.0,0.91,40.0,0.66,-60.0,-46.3,28.8,57.0,-99.8,23.9,1.0,104.0,0
D000229,4.6,1042.0,1.15,27.0,0.5,-65.2,-54.4,28.5,52.0,-95.7,10.9,1.0,102.0,0
D000230,4.9,1151.0,1.14,24.5,0.47,-69.4,-53.2,28.5,52.0,-95.1,17.7,0.0,133.0,0
D000231,4.8,1208.0,1.02,30.5,0.42,-66.8,-49.9,26.2,46.0,-97.1,9.5,0.0,131.0,1
D000232,3.8,1289.0,0.9,29.5,0.58,-64.7,-51.2,28.2,43.0,-93.1,21.0,0.0,120.0,0
D000233,5.0,1194.0,1.15,31.0,0.39,-65.1,-49.3,25.4,45.0,-94.4,8.2,0.0,128.0,1
D000234,4.9,1255.0,1.07,31.0,0.49,-66.7,-48.2,25.1,48.0,,9.3,0.0,126.0,1
D000235,3.2,1274.0,1.08,22.0,0.42,-64.2,-51.9,28.6,47.0,-95.3,14.1,0.0,144.0,0
D000236,5.4,1120.0,1.2,26.5,0.48,-65.5,-50.1,21.2,43.0,-95.1,7.4,0.0,128.0,1
D000237,4.7,1151.0,1.06,26.5,0.43,-66.0,-50.4,24.5,43.0,-97.0,10.5,0.0,127.0,1
D000238,4.5,1221.0,1.0,27.5,0.5,-62.3,-50.4,22.7,44.0,-94.9,8.2,1.0,131.0,0
D000239,5.0,1209.0,1.27,31.5,0.47,-65.3,-49.3,25.5,43.0,-93.8,11.1,1.0,131.0,0
D000240,4.5,1143.0,1.13,27.0,0.5,-65.1,-50.1,22.6,46.0,-96.3,8.0,1.0,141.0,0
D000241,4.9,1143.0,1.01,22.5,0.36,-62.1,-47.3,22.3,31.0,-99.3,3.1,1.0,133.0,0
D000242,4.8,1225.0,1.0,28.0,0.47,-65.5,-49.9,23.5,44.0,-95.2,8.0,1.0,132.0,1
D000243,3.7,1212.0,1.1,26.5,0.47,-67.2,-51.7,21.9,47.0,-96.7,7.9,1.0,133.0,1
D000244,6.0,1209.0,0.87,20.0,0.33,-61.0,-51.0,23.7,39.0,-91.1,0.6,0.0,126.0,0
D000245,4.8,1347.0,1.55,21.0,0.39,-63.9,-52.2,23.6,57.0,-95.2,6.9,1.0,108.0,0
D000246,5.3,1151.0,0.97,28.5,0.56,-66.1,-50.0,23.4,52.0,-95.3,11.5,0.0,125.0,1
D000247,4.7,1258.0,1.12,31.0,0.41,-64.9,-49.4,26.0,45.0,-96.8,8.6,1.0,129.0,1
D000248,6.1,1247.0,0.84,28.0,0.63,-61.6,-50.8,29.4,34.0,-92.3,21.4,0.0,125.0,0
D000249,4.1,,1.24,29.0,0.49,-65.6,-52.1,23.7,45.0,-94.6,7.0,0.0,124.0,1
D000250,4.7,1220.0,1.05,29.0,0.52,-64.7,-52.2,26.7,42.0,-96.8,9.5,1.0,129.0,1
D000251,5.0,1210.0,1.03,29.5,0.57,-65.1,-48.0,22.8,,-95.5,8.9,1.0,127.0,1
D000252,5.1,1184.0,1.08,27.0,0.39,-64.9,-49.0,25.1,48.0,-94.6,7.9,1.0,127.0,0
D000253,3.8,1236.0,1.04,34.5,0.62,-60.9,-46.8,28.6,45.0,-97.0,1.9,0.0,135.0,0
D000254,5.4,1188.0,0.99,24.0,0.39,-65.6,-51.2,24.9,43.0,-94.2,9.2,0.0,133.0,0
D000255,5.0,1159.0,0.91,27.5,0.45,-65.4,-49.7,22.4,45.0,-96.7,12.5,0.0,126.0,1
D000256,5.3,1167.0,1.39,22.5,0.69,-68.9,-45.3,29.7,31.0,-99.1,2.3,1.0,137.0,0
D000257,4.6,1203.0,1.08,26.5,0.42,-65.2,-47.2,24.5,46.0,-93.1,10.9,1.0,129.0,1
D000258,5.2,1272.0,1.09,32.0,0.48,-65.4,-50.7,22.2,51.0,-96.0,8.3,0.0,130.0,1
D000259,5.2,1165.0,1.07,28.0,0.44,-64.3,,24.5,44.0,-94.6,13.1,1.0,124.0,1
D000260,3.5,1234.0,,21.0,0.37,-69.7,-47.1,24.3,53.0,-93.0,16.0,1.0,141.0,0
D000261,4.6,1137.0,1.14,30.0,0.47,-63.1,-48.9,23.7,45.0,-95.3,5.5,0.0,133.0,1
D000262,4.9,1178.0,1.15,32.5,0.54,-66.5,-48.7,23.3,43.0,-95.8,3.9,1.0,135.0,1
D000263,7.0,1194.0,0.97,31.0,0.43,-61.7,-46.7,21.3,55.0,-99.3,7.7,0.0,111.0,1
D000264,3.2,1333.0,0.91,36.5,0.53,-63.6,-49.2,24.1,37.0,-90.9,12.5,1.0,112.0,1
D000265,4.5,1093.0,1.1,30.5,0.42,-65.9,-48.9,22.7,45.0,-94.4,8.0,1.0,131.0,0
D000266,4.7,1117.0,1.17,26.5,0.51,-66.8,-50.1,26.3,,-95.4,5.4,1.0,140.0,0
D000267,5.4,1191.0,0.97,31.5,0.49,-65.7,-49.1,24.5,45.0,-94.8,,0.0,128.0,1
D000268,4.5,1182.0,1.14,30.0,0.47,-65.6,-50.7,23.9,43.0,-97.4,7.7,1.0,127.0,1
D000269,4.8,1134.0,1.07,30.0,0.48,-66.8,-49.6,25.2,47.0,-98.0,9.4,0.0,136.0,1
D000270,4.9,1109.0,1.0,29.5,,-65.9,-50.3,23.9,42.0,-94.7,7.9,0.0,126.0,1
D000271,4.2,1124.0,1.14,27.0,0.49,-65.7,-49.7,24.3,49.0,-97.3,7.8,0.0,128.0,1
D000272,3.3,1150.0,1.55,21.0,0.42,-63.5,-51.7,27.6,48.0,-92.0,17.9,1.0,116.0,0
D000273,5.0,1178.0,1.05,24.5,0.38,-66.4,-50.3,25.0,48.0,-95.7,10.4,0.0,123.0,0
D000274,4.7,1197.0,1.6,33.0,0.34,-62.8,-54.4,24.0,31.0,-95.0,11.4,1.0,128.0,0
D000275,4.0,1056.0,0.86,34.0,0.53,-61.8,-51.5,28.7,41.0,-90.1,6.0,1.0,103.0,0
D000276,3.8,1251.0,1.04,28.0,0.34,-68.3,-50.0,26.8,47.0,-97.8,10.4,1.0,140.0,0
D000277,3.6,1182.0,0.98,29.0,0.48,-64.1,-48.6,25.6,47.0,-94.6,15.1,0.0,128.0,0
D000278,5.0,1151.0,1.06,28.5,,-65.6,-51.0,24.0,46.0,-96.3,9.2,0.0,128.0,0
D000279,4.5,1238.0,1.05,33.5,0.49,-63.6,-51.7,23.1,46.0,-98.1,9.4,1.0,123.0,1
D000280,5.2,1138.0,1.19,26.0,0.39,-66.1,-51.4,25.2,45.0,-95.9,5.7,1.0,123.0,0
D000281,5.0,1208.0,1.14,27.5,0.5,-64.6,-49.7,25.0,44.0,-94.3,9.6,1.0,126.0,1
D000282,7.0,1024.0,1.34,24.0,0.69,-63.6,-49.4,21.1,60.0,-90.6,,0.0,132.0,0
D000283,3.2,1068.0,1.06,36.5,0.31,-64.7,-45.5,28.2,53.0,-91.6,16.4,1.0,129.0,0
D000284,5.0,1112.0,1.04,26.0,0.32,-68.1,-55.0,22.4,46.0,-94.8,13.9,0.0,104.0,0
D000285,3.9,1254.0,1.04,29.0,0.4,-66.0,-50.9,23.4,32.0,-90.8,5.3,1.0,135.0,1
D000286,,1259.0,1.23,37.0,0.6,-69.4,-47.4,26.1,59.0,-97.0,1.2,0.0,105.0,1
D000287,5.0,1194.0,1.06,29.5,0.52,-66.0,-48.4,24.9,46.0,-94.6,10.9,0.0,136.0,1
D000288,3.0,1245.0,1.06,23.5,0.49,-63.2,-54.0,26.7,45.0,-93.2,16.8,0.0,148.0,0
D000289,5.1,1164.0,1.08,30.0,0.44,-65.6,-50.2,23.7,42.0,-95.2,8.2,0.0,125.0,1
D000290,4.5,1237.0,1.0,29.0,0.42,-65.8,-49.3,25.2,46.0,-96.1,11.2,0.0,122.0,0
D000291,4.5,1280.0,1.07,30.0,0.48,-65.2,-49.0,24.0,43.0,-93.3,6.8,1.0,140.0,1
D000292,6.7,1348.0,0.9,35.0,0.63,-60.3,-52.2,28.1,34.0,-97.7,1.8,1.0,120.0,1
D000293,5.0,1110.0,1.32,21.0,0.37,-68.0,-54.0,21.2,37.0,-95.9,9.0,1.0,116.0,0
D000294,4.4,1151.0,0.99,28.0,0.52,-66.6,-50.6,25.7,45.0,-94.3,9.7,0.0,123.0,1
D000295,,1155.0,1.12,30.5,,-67.1,-49.9,23.4,44.0,-94.0,14.2,0.0,125.0,1
D000296,4.6,1156.0,1.11,30.5,0.49,-65.8,-50.5,,44.0,-94.5,7.3,1.0,125.0,1
D000297,5.1,1211.0,1.16,26.0,0.53,-65.4,-51.1,24.6,40.0,-95.1,7.8,0.0,129.0,1
D000298,6.0,1164.0,1.39,23.0,0.56,-64.3,-48.8,21.1,53.0,-90.0,6.3,0.0,141.0,1
D000299,5.3,1244.0,1.19,25.0,0.53,-66.3,-50.4,23.2,45.0,-96.1,7.5,1.0,117.0,1
D000300,5.1,1054.0,1.0,22.0,0.41,-62.9,-48.2,21.6,37.0,-92.5,23.4,0.0,118.0,0
D000301,7.0,1382.0,0.88,30.5,0.56,-68.8,-46.2,20.3,33.0,-93.2,12.9,0.0,107.0,1
D000302,3.1,1220.0,0.97,24.5,0.65,-65.4,-52.5,26.5,60.0,-94.8,16.1,1.0,114.0,0
D000303,5.1,1148.0,1.08,29.0,0.37,-64.3,-48.6,23.9,42.0,-95.3,7.0,0.0,131.0,1
D000304,3.9,1096.0,0.89,32.5,0.56,-67.5,-51.3,21.1,32.0,-94.1,2.7,1.0,135.0,1
D000305,5.4,1263.0,1.13,28.0,0.5,-65.7,-48.4,23.1,44.0,-94.0,10.8,1.0,125.0,0
D000306,4.8,1196.0,1.11,29.0,0.52,-66.8,-49.4,24.1,41.0,-95.7,12.0,1.0,126.0,1
D000307,4.8,1159.0,1.04,27.5,0.53,-64.4,-51.4,24.2,39.0,-96.2,11.5,1.0,130.0,0
D000308,5.0,1206.0,0.96,29.0,0.42,-67.6,-49.2,24.3,46.0,-95.8,7.1,1.0,133.0,1
D000309,6.1,1267.0,0.92,29.5,0.33,-67.8,-49.0,28.6,51.0,-95.5,1.6,0.0,133.0,1
D000310,6.1,1088.0,0.91,28.0,0.4,-68.7,-46.8,25.7,52.0,-91.6,13.7,0.0,111.0,0
D000311,5.1,1185.0,1.14,32.5,0.47,-65.3,-50.7,25.0,43.0,-94.5,7.3,1.0,123.0,1
D000312,5.1,1143.0,1.19,26.5,0.53,-66.2,-47.6,25.1,39.0,-95.6,8.2,0.0,126.0,1
D000313,4.9,1227.0,1.21,31.0,0.53,-64.2,-52.7,24.6,47.0,-95.3,,1.0,127.0,1
D000314,5.4,1146.0,1.53,30.0,0.46,-63.7,-46.0,21.6,58.0,-99.5,5.2,0.0,115.0,1
D000315,4.3,1319.0,1.05,23.0,0.43,-67.8,-52.7,26.4,39.0,-96.0,19.3,0.0,135.0,1
D000316,4.2,1359.0,1.07,38.5,0.7,-66.1,-50.4,21.2,60.0,-95.9,8.3,0.0,138.0,0
D000317,5.8,1128.0,1.12,29.0,0.44,-65.5,-50.8,23.6,42.0,-95.9,14.0,0.0,124.0,1
D000318,5.0,1141.0,1.05,25.5,0.55,-64.9,-49.0,24.0,42.0,-95.6,14.3,1.0,125.0,0
D000319,5.2,1057.0,1.02,28.5,0.47,-64.6,-50.7,23.4,43.0,-94.7,8.9,0.0,132.0,1
D000320,4.0,1179.0,1.12,35.5,0.53,-65.5,-50.6,29.4,39.0,-91.7,22.4,0.0,110.0,0
D000321,5.0,1158.0,0.99,28.0,0.46,-65.1,-51.9,23.7,44.0,-95.1,9.9,1.0,132.0,1
D000322,5.2,1153.0,1.07,26.0,0.46,-65.1,-49.2,24.1,41.0,-95.4,9.8,0.0,135.0,1
D000323,4.8,1092.0,1.16,30.0,0.48,-66.7,-49.2,24.5,46.0,-97.4,6.2,0.0,130.0,1
D000324,4.4,1122.0,1.17,28.5,0.52,-63.8,-50.9,24.7,46.0,-94.3,6.8,1.0,127.0,1
D000325,5.6,1176.0,1.03,25.5,0.43,-65.0,-49.1,24.8,42.0,-95.5,6.9,1.0,134.0,1
D000326,3.3,1222.0,1.58,30.5,0.36,-66.7,-48.1,25.8,45.0,-90.6,9.7,0.0,150.0,0
D000327,5.3,1155.0,1.21,29.0,0.48,-64.4,-50.5,25.0,45.0,-96.9,6.8,0.0,140.0,1
D000328,3.3,1285.0,1.27,30.5,0.61,-67.6,-45.7,23.4,34.0,-93.6,23.2,0.0,137.0,0
D000329,3.3,1085.0,0.96,38.5,0.58,-63.7,-49.4,30.0,34.0,-99.4,,0.0,114.0,0
D000330,6.5,1273.0,1.22,31.0,0.49,-64.2,-47.0,29.8,,,22.2,0.0,137.0,0
D000331,4.6,1130.0,1.09,27.5,0.48,-65.6,-50.0,23.6,44.0,-96.6,8.5,0.0,126.0,1
D000332,3.9,1212.0,1.03,28.0,0.51,-65.1,-51.0,24.9,40.0,-95.6,11.2,0.0,123.0,1
D000333,4.6,1110.0,1.16,31.0,0.47,-65.0,-48.5,24.4,48.0,-94.4,1.9,1.0,128.0,1
D000334,4.3,1233.0,1.18,26.0,0.54,-66.4,-49.8,24.0,46.0,-94.7,10.9,0.0,133.0,1
D000335,4.9,1252.0,1.03,25.5,0.42,-64.7,-50.1,25.9,39.0,-96.3,10.8,0.0,129.0,0
D000336,4.9,1207.0,1.03,,0.43,-65.2,-50.8,24.9,42.0,-94.8,8.3,0.0,134.0,1
D000337,3.2,1082.0,1.14,24.0,0.58,-67.2,-49.2,25.2,35.0,-90.2,13.7,,134.0,1
D000338,4.5,1143.0,1.03,29.0,0.46,-65.3,-50.8,24.4,44.0,-96.4,11.0,1.0,126.0,0
D000339,5.6,1137.0,1.04,28.5,0.47,-65.2,-48.7,24.8,42.0,-95.2,6.4,1.0,140.0,1
D000340,3.0,1088.0,1.34,33.0,0.5,-60.6,-50.8,22.0,45.0,-98.5,20.0,0.0,130.0,0
D000341,5.4,1206.0,1.07,30.0,0.52,-64.8,-50.2,23.3,41.0,-96.1,7.0,1.0,125.0,1
D000342,4.5,1053.0,1.01,23.5,0.68,-67.4,-46.6,20.8,60.0,-95.1,15.4,0.0,134.0,0
D000343,4.9,1164.0,1.01,27.0,0.48,-66.2,-50.6,24.9,44.0,-92.7,,1.0,132.0,1
D000344,4.9,1133.0,1.05,28.5,0.48,-65.3,-49.4,24.9,43.0,-93.3,10.3,0.0,128.0,1
D000345,3.6,1071.0,1.59,23.5,0.51,-62.8,-48.7,26.2,49.0,-90.1,6.2,0.0,129.0,0
D000346,4.6,,1.02,31.5,0.5,-66.5,-48.2,22.8,42.0,-96.1,11.3,0.0,123.0,1
D000347,5.3,1168.0,1.03,27.0,0.44,-67.0,-49.1,25.9,43.0,-95.8,8.7,0.0,132.0,1
D000348,5.0,1151.0,1.14,28.5,0.51,-66.8,-50.2,23.4,51.0,-94.8,12.0,1.0,126.0,1
D000349,4.3,1152.0,0.98,29.0,0.49,-65.3,-49.5,24.4,45.0,-97.1,9.6,1.0,137.0,1
D000350,5.5,1207.0,1.14,27.5,0.47,-64.9,-48.7,21.8,44.0,-97.4,11.2,1.0,135.0,1
D000351,4.8,1256.0,1.16,27.5,0.43,-65.9,-51.1,24.0,45.0,-96.4,10.7,1.0,135.0,1
D000352,5.6,1039.0,1.29,32.5,0.63,-62.5,-51.7,26.5,39.0,-90.2,11.5,0.0,148.0,1
D000353,4.6,1171.0,1.11,31.0,0.4,-64.5,-50.7,23.8,43.0,-96.4,12.1,1.0,127.0,0
D000354,3.2,1239.0,0.92,24.0,0.66,-64.5,-51.0,24.1,41.0,-94.9,,1.0,131.0,0
D000355,4.1,1141.0,1.31,37.0,0.52,-69.4,-48.7,24.3,47.0,-93.7,10.1,1.0,147.0,1
D000356,5.0,1126.0,1.11,27.5,0.44,-64.0,-48.2,24.5,44.0,-94.5,8.4,,117.0,0
D000357,6.4,1045.0,0.87,31.5,0.37,-63.5,-52.9,24.0,50.0,-95.5,15.3,1.0,102.0,1
D000358,5.0,1210.0,0.98,32.0,0.51,-66.2,-48.3,23.5,43.0,-94.6,7.7,0.0,133.0,1
D000359,4.6,1168.0,1.3,39.5,0.49,-61.8,-52.2,25.3,30.0,-94.5,3.1,1.0,124.0,1
D000360,4.7,1253.0,0.97,23.0,0.56,-69.8,-45.3,24.3,36.0,-91.5,2.5,1.0,121.0,0
D000361,5.2,1105.0,1.21,28.0,0.5,-65.7,-49.1,24.4,47.0,-95.5,9.1,0.0,117.0,1
D000362,4.8,1175.0,1.22,31.0,0.49,-66.4,-49.2,26.1,42.0,-94.0,11.9,0.0,134.0,1
D000363,4.5,1231.0,1.04,32.0,0.53,-65.9,-48.9,24.5,46.0,-94.8,7.4,0.0,132.0,1
D000364,5.0,,1.04,29.5,,-64.9,-49.6,25.9,46.0,-94.8,5.0,0.0,131.0,1
D000365,5.5,1111.0,0.9,24.0,0.46,-65.8,-52.5,24.5,55.0,-93.6,21.3,1.0,110.0,0
D000366,4.1,1218.0,,29.5,0.45,-65.4,-49.4,25.4,41.0,-93.8,11.7,1.0,129.0,0
D000367,5.1,1220.0,1.09,28.5,0.45,-65.1,-48.7,25.3,46.0,-97.3,8.7,0.0,128.0,0
D000368,5.2,,1.14,28.5,0.5,-67.2,-50.6,24.5,51.0,-95.7,10.2,0.0,131.0,1
D000369,4.3,1351.0,1.02,28.0,0.51,-64.5,-47.1,25.0,32.0,-98.9,17.2,1.0,110.0,1
D000370,4.3,1275.0,0.84,34.5,0.57,-60.2,-45.2,24.2,42.0,-94.2,1.4,1.0,135.0,1
D000371,4.5,1124.0,1.13,31.0,0.5,-66.1,-48.4,26.0,44.0,-95.7,9.7,1.0,127.0,1
D000372,4.1,1189.0,1.11,31.0,0.49,-65.9,-49.7,23.7,44.0,-94.9,11.7,1.0,127.0,0
D000373,4.6,1176.0,1.0,30.5,0.56,-67.4,-48.9,24.7,,-92.7,7.1,0.0,130.0,1
D000374,4.5,1140.0,1.19,24.0,0.47,,-48.7,24.7,46.0,-95.9,7.4,0.0,128.0,1
D000375,4.7,1172.0,1.2,30.0,0.43,-64.4,-50.1,23.6,44.0,-96.2,9.8,1.0,128.0,0
D000376,4.3,1223.0,1.16,27.5,0.56,-64.4,-49.8,22.7,47.0,-95.9,9.0,1.0,123.0,0
D000377,4.7,1185.0,1.23,27.0,0.48,-64.7,-49.2,25.2,46.0,-96.5,7.5,0.0,124.0,1
D000378,3.7,1155.0,1.12,28.5,0.57,-64.5,-50.9,24.6,43.0,-95.5,13.0,0.0,127.0,1
D000379,4.5,1226.0,1.26,26.5,0.49,,-50.3,24.1,50.0,-94.4,6.0,1.0,134.0,0
D000380,,1127.0,0.98,23.0,0.41,-63.1,-51.4,29.8,57.0,-92.3,8.6,1.0,129.0,0
D000381,5.0,1181.0,1.09,32.5,0.52,-68.0,-49.5,24.7,44.0,-96.0,11.5,1.0,127.0,1
D000382,4.9,1154.0,1.12,28.5,0.51,-63.8,-51.9,22.9,51.0,-96.2,7.8,1.0,134.0,1
D000383,4.9,1171.0,1.24,31.5,0.43,-64.3,-50.0,24.9,49.0,-96.5,11.4,1.0,126.0,1
D000384,5.0,1159.0,1.12,29.0,0.44,-67.6,-48.7,23.4,41.0,-94.2,9.9,0.0,123.0,1
D000385,4.0,1193.0,1.21,28.5,0.51,-66.7,-49.4,26.0,45.0,-96.2,9.1,1.0,125.0,0
D000386,6.5,1010.0,0.94,27.5,0.7,-66.2,-49.9,25.3,37.0,-98.6,0.6,0.0,136.0,1
D000387,3.0,1188.0,1.2,38.0,0.44,-63.3,-49.0,23.6,57.0,-98.8,3.5,0.0,147.0,1
D000388,4.7,1221.0,1.14,30.0,0.49,-66.4,-52.7,23.9,49.0,-93.9,10.3,1.0,131.0,1
D000389,5.0,1171.0,1.11,30.5,0.52,-66.1,-50.6,23.3,38.0,-93.0,12.1,1.0,132.0,1
D000390,3.3,1157.0,1.53,23.0,0.35,-64.6,-50.7,26.5,47.0,-95.6,4.3,1.0,140.0,0
D000391,4.8,1136.0,1.08,29.0,0.45,-64.9,-49.2,24.6,48.0,-94.3,10.7,1.0,127.0,0
D000392,5.2,1166.0,1.17,28.0,0.54,-64.9,-49.2,22.4,42.0,-96.7,6.1,0.0,125.0,1
D000393,4.9,1201.0,1.48,36.5,0.39,-63.8,-52.8,25.6,58.0,-96.9,2.8,0.0,104.0,0
D000394,4.7,1170.0,1.09,30.0,0.51,-65.9,-50.2,23.7,48.0,-94.9,,0.0,127.0,1
D000395,5.1,1179.0,1.06,33.0,0.52,-66.4,-50.9,23.5,44.0,-95.9,10.7,1.0,132.0,1
D000396,4.7,1136.0,1.29,29.0,0.51,-67.5,-48.0,24.4,37.0,-97.5,4.5,1.0,128.0,1
D000397,5.3,1219.0,0.93,32.5,0.47,-64.9,-50.2,21.6,48.0,-94.5,8.5,0.0,124.0,1
D000398,6.9,1141.0,0.97,25.5,0.7,-62.7,-51.5,21.7,40.0,-91.0,,0.0,129.0,1
D000399,5.3,1168.0,1.46,38.0,0.67,-69.7,-53.0,25.3,32.0,,3.7,1.0,144.0,1
D000400,5.1,1268.0,1.05,29.0,0.47,-65.9,-49.2,25.2,45.0,-96.0,,0.0,132.0,1
D000401,6.7,1392.0,0.85,24.0,0.7,-63.2,-47.1,23.7,56.0,-96.0,0.8,1.0,111.0,1
D000402,5.1,1145.0,1.26,35.0,0.61,-68.4,-51.0,22.4,38.0,-95.7,4.0,0.0,126.0,1
D000403,4.8,1183.0,1.26,24.5,0.45,-65.7,-51.1,24.6,43.0,-95.4,8.5,1.0,129.0,1
D000404,5.3,1173.0,1.53,35.0,0.62,-62.2,-53.6,23.2,56.0,-98.7,21.7,0.0,106.0,0
D000405,5.2,1360.0,1.5,28.0,0.54,-67.1,-52.8,25.3,37.0,-94.7,19.4,1.0,126.0,1
D000406,6.9,,1.1,32.0,0.42,-64.0,-47.8,25.5,40.0,-99.4,0.5,1.0,135.0,1
D000407,3.6,1002.0,1.08,32.0,0.56,-61.9,-48.2,23.7,46.0,-96.5,4.8,1.0,127.0,0
D000408,4.4,1219.0,1.03,29.0,0.45,-66.6,-50.5,24.5,46.0,-93.3,13.1,0.0,124.0,1
D000409,4.4,1183.0,1.04,26.0,0.49,-65.4,-49.9,24.4,52.0,-95.0,7.2,1.0,129.0,0
D000410,4.5,1169.0,0.95,29.0,0.49,-66.7,-49.6,24.2,36.0,-94.6,,1.0,128.0,1
D000411,6.3,1159.0,1.55,37.0,0.31,-67.1,-51.4,29.5,46.0,-91.7,11.0,0.0,137.0,0
D000412,3.8,1209.0,1.19,27.5,0.58,-67.6,-50.2,24.8,,-92.8,10.2,0.0,145.0,1
D000413,5.4,1094.0,1.16,31.5,0.46,-69.1,-54.2,28.6,44.0,,22.9,1.0,114.0,0
D000414,4.8,1198.0,1.19,33.5,0.47,-66.9,-51.1,23.7,42.0,-94.3,9.6,,125.0,1
D000415,3.3,1139.0,0.87,21.5,0.67,-69.2,-50.9,24.1,56.0,-94.8,5.0,1.0,133.0,0
D000416,5.1,1173.0,1.2,26.0,0.47,-65.4,-50.7,23.4,42.0,-95.8,11.1,,130.0,1
D000417,6.0,1227.0,1.09,37.5,0.4,-63.9,-55.0,22.0,44.0,-94.2,15.2,1.0,132.0,1
D000418,4.5,1211.0,0.98,29.0,0.52,-66.3,-50.8,25.7,50.0,-92.7,5.4,0.0,127.0,1
D000419,5.3,1196.0,1.24,32.5,0.51,-63.7,-51.9,23.1,45.0,-95.8,7.6,0.0,137.0,1
D000420,4.7,1178.0,1.08,29.0,0.53,-65.1,-49.1,24.8,42.0,-94.8,9.6,1.0,126.0,1
D000421,5.0,1216.0,1.09,28.5,0.47,-67.3,-50.3,23.9,38.0,-94.6,8.3,1.0,133.0,1
D000422,3.3,1237.0,1.06,30.5,0.45,-67.3,-45.2,22.5,54.0,-93.0,10.8,1.0,135.0,1
D000423,4.5,1051.0,1.17,27.0,0.49,-65.1,-49.3,25.0,45.0,-95.2,6.2,0.0,130.0,0
D000424,4.2,1175.0,1.12,25.0,0.56,-65.1,-48.9,22.4,42.0,-94.4,13.9,1.0,125.0,0
D000425,5.6,1214.0,1.14,28.0,0.43,-65.9,-48.9,24.4,44.0,-96.3,10.7,1.0,123.0,1
D000426,4.9,1136.0,1.07,27.0,0.48,-65.6,-50.7,23.3,43.0,-96.9,10.6,1.0,131.0,1
D000427,4.8,1216.0,1.15,26.5,0.41,-64.2,-49.5,25.1,45.0,-95.8,8.9,0.0,119.0,1
D000428,5.3,1173.0,1.12,31.0,0.37,-65.9,-50.8,23.0,39.0,-95.1,8.8,1.0,129.0,1
D000429,4.0,1190.0,1.11,29.0,0.47,-64.0,,25.9,40.0,-95.4,11.7,0.0,137.0,1
D000430,4.6,1183.0,1.13,32.0,0.47,-66.2,-48.0,25.7,47.0,-94.6,10.6,1.0,126.0,1
D000431,5.6,1222.0,1.0,29.5,0.49,-65.1,-47.8,23.0,44.0,-94.4,10.4,0.0,126.0,1
D000432,4.7,1206.0,1.15,31.5,0.47,-67.0,-50.9,23.9,45.0,-95.1,6.1,1.0,128.0,1
D000433,5.4,1197.0,1.08,27.5,0.51,-66.3,-49.4,24.3,44.0,-95.5,11.8,1.0,121.0,1
D000434,,1081.0,1.49,37.0,0.63,-65.1,-53.0,21.7,50.0,-92.1,10.7,0.0,133.0,0
D000435,4.7,1195.0,1.06,28.0,0.5,-67.5,-48.7,24.1,42.0,-95.1,7.3,1.0,129.0,1
D000436,5.3,1165.0,1.04,29.0,0.48,-64.6,-50.4,26.0,42.0,-95.9,7.1,1.0,124.0,1
D000437,5.3,1197.0,1.16,25.5,0.48,-66.9,,22.1,41.0,-96.1,11.0,0.0,121.0,1
D000438,3.1,1106.0,1.54,26.5,0.67,-68.1,-45.6,27.3,35.0,,,0.0,117.0,0
D000439,,1143.0,1.13,33.5,0.5,-64.4,-47.9,23.4,46.0,-95.0,13.2,0.0,132.0,1
D000440,4.2,1232.0,1.07,26.5,0.43,-64.0,-48.9,24.2,42.0,-94.2,11.7,0.0,121.0,0
D000441,5.3,1200.0,1.09,30.5,0.45,-67.2,-50.9,23.5,42.0,-96.1,10.0,1.0,131.0,1
D000442,4.4,1192.0,1.15,29.5,0.52,-66.4,-49.8,24.7,45.0,-96.0,12.6,0.0,129.0,1
D000443,4.7,1201.0,0.96,26.5,0.36,-65.7,-48.4,23.6,42.0,-95.2,,1.0,123.0,0
D000444,5.4,1202.0,1.04,27.0,0.51,-65.9,-50.6,24.3,41.0,-93.7,11.9,0.0,127.0,1
D000445,6.3,1101.0,1.39,36.0,0.69,-69.6,-48.3,28.0,42.0,-92.9,16.5,1.0,115.0,0
D000446,4.7,1223.0,1.07,36.0,0.55,-65.2,-48.7,28.2,55.0,-93.0,21.4,0.0,125.0,1
D000447,,1210.0,1.49,24.5,0.5,-61.9,-52.7,24.1,47.0,-97.2,22.1,1.0,113.0,0
D000448,3.5,1252.0,1.06,25.5,0.33,-67.2,-52.9,23.7,41.0,-94.8,2.2,1.0,115.0,0
D000449,5.0,1157.0,1.17,31.0,0.45,-64.3,-49.5,22.9,47.0,-96.3,8.0,0.0,129.0,1
D000450,4.4,1199.0,1.06,30.0,0.51,-65.3,-49.2,24.4,45.0,-95.4,6.9,0.0,129.0,1
D000451,4.8,1157.0,1.29,33.5,0.38,-69.6,-45.8,22.9,30.0,-91.9,9.7,1.0,111.0,0
D000452,6.9,1270.0,1.22,31.5,0.38,-60.8,-46.4,25.7,49.0,-96.8,13.4,1.0,131.0,0
D000453,4.8,1190.0,1.15,30.5,0.46,-69.1,-49.8,23.8,43.0,-94.8,8.2,1.0,126.0,1
D000454,4.8,1200.0,1.08,30.5,0.49,-65.6,-51.4,26.1,45.0,-95.4,10.7,0.0,128.0,1
D000455,4.9,1145.0,1.21,30.0,0.5,-66.4,-48.2,25.6,47.0,-93.2,9.0,1.0,126.0,1
D000456,4.9,1119.0,1.07,26.5,0.45,-64.7,-50.7,24.4,40.0,-95.0,9.7,1.0,129.0,1
D000457,4.7,1196.0,1.04,33.0,0.52,-64.0,-50.7,25.7,50.0,-96.3,12.1,0.0,128.0,1
D000458,3.9,1387.0,1.35,40.0,0.5,-66.9,-47.9,25.5,47.0,-92.2,17.5,0.0,131.0,1
D000459,4.8,1081.0,1.36,38.0,0.47,-69.2,-48.6,29.7,41.0,-91.5,8.5,0.0,120.0,0
D000460,5.1,1220.0,1.17,29.0,0.42,-66.1,-49.5,23.2,41.0,-97.6,6.4,1.0,122.0,1
D000461,4.8,1209.0,1.07,28.0,0.45,-63.7,-50.1,23.7,46.0,-95.6,,1.0,126.0,0
D000462,4.9,1192.0,1.18,31.5,0.5,-64.4,-48.6,22.8,41.0,-94.5,9.7,0.0,131.0,1
D000463,,1131.0,1.14,33.0,0.49,-65.8,-48.4,25.8,47.0,-96.5,10.1,1.0,128.0,1
D000464,4.5,1246.0,1.21,28.0,0.53,,-51.1,25.3,42.0,-93.7,7.0,0.0,134.0,1
D000465,4.8,1167.0,1.13,29.0,0.5,-65.5,-49.6,26.0,43.0,-96.5,,0.0,123.0,1
D000466,4.0,1183.0,1.08,28.0,0.44,-65.6,-48.9,22.6,44.0,-94.5,11.3,1.0,125.0,0
D000467,4.7,1339.0,1.4,37.5,0.37,-66.2,-45.3,26.6,46.0,-97.2,8.3,1.0,102.0,0
D000468,6.5,1055.0,1.33,27.0,0.58,-64.4,-49.2,28.8,32.0,-96.2,3.9,0.0,147.0,1
D000469,4.3,1220.0,1.06,30.0,0.47,-65.9,-51.1,23.9,43.0,-94.6,7.5,1.0,131.0,1
D000470,4.8,1216.0,1.11,29.5,0.46,-65.0,-49.6,24.6,47.0,-95.6,8.5,0.0,131.0,1
D000471,4.3,1152.0,0.99,26.0,0.45,-65.9,-51.0,22.9,42.0,-94.2,10.1,1.0,122.0,1
D000472,5.1,1128.0,1.1,28.0,0.43,-64.7,-49.9,26.0,46.0,-95.3,9.4,1.0,130.0,1
D000473,4.2,1222.0,1.46,39.5,0.47,-67.1,-46.4,27.8,33.0,-91.1,7.0,0.0,142.0,1
D000474,6.9,1269.0,1.2,22.5,0.57,-60.1,-53.2,25.8,31.0,-96.4,5.4,1.0,136.0,1
D000475,4.6,1162.0,1.11,25.0,0.44,-64.8,-50.1,24.8,46.0,-94.3,11.7,0.0,124.0,0
D000476,3.3,1097.0,0.9,36.0,0.31,-61.5,-54.8,27.1,47.0,-96.8,2.1,0.0,110.0,0
D000477,4.5,1168.0,1.03,30.0,0.47,-65.6,-51.8,23.1,,-95.0,9.5,0.0,125.0,1
D000478,5.8,1229.0,1.01,40.0,0.4,-60.2,-52.1,25.0,56.0,-93.8,10.5,0.0,114.0,1
D000479,5.4,1257.0,0.82,30.0,0.44,-66.9,-53.4,22.2,38.0,-98.1,13.4,1.0,145.0,1
D000480,5.1,1120.0,1.15,27.0,0.46,-65.3,-49.2,23.9,44.0,-93.1,11.3,1.0,123.0,0
D000481,4.9,1172.0,1.09,29.5,0.42,-65.0,-49.2,24.5,42.0,-94.4,9.5,0.0,129.0,1
D000482,5.7,1229.0,1.14,29.5,0.42,-65.1,-50.2,25.1,40.0,-96.4,9.9,0.0,130.0,1
D000483,5.7,1035.0,1.4,21.0,0.5,-68.2,-52.9,26.7,36.0,-96.6,2.8,1.0,144.0,1
D000484,5.1,1219.0,1.14,31.0,0.46,-65.8,-48.6,23.1,48.0,-95.8,9.2,0.0,133.0,1
D000485,6.3,1071.0,1.38,21.5,,-64.8,-50.4,29.1,49.0,-95.1,6.4,1.0,119.0,0
D000486,6.4,1084.0,0.99,31.5,0.61,-62.9,-53.5,24.2,35.0,-91.9,4.3,1.0,133.0,1
D000487,5.0,1176.0,1.13,29.0,0.46,-67.2,-50.6,23.5,41.0,-97.4,12.7,0.0,117.0,1
D000488,4.6,1219.0,1.15,30.5,0.49,-65.9,-49.1,23.5,40.0,-96.3,12.9,0.0,132.0,1
D000489,5.2,1100.0,1.07,33.0,0.45,-65.6,-49.4,24.2,44.0,-95.1,11.4,1.0,125.0,1
D000490,4.7,1190.0,1.08,28.0,0.5,-66.3,-49.7,23.8,42.0,-97.5,12.6,0.0,129.0,1
D000491,5.4,1310.0,0.96,31.0,0.52,-69.9,-52.1,24.6,,-91.3,1.1,1.0,143.0,1
D000492,5.8,1065.0,1.56,33.5,0.43,-64.8,-51.3,26.4,37.0,-91.5,17.8,1.0,150.0,1
D000493,5.2,1272.0,0.98,27.0,0.39,-65.7,,23.5,44.0,-96.4,5.3,1.0,132.0,1
D000494,5.1,1228.0,1.16,29.0,0.46,-65.3,-49.2,24.1,43.0,-95.3,11.1,1.0,119.0,0
D000495,4.4,1253.0,1.0,28.0,0.45,-63.8,-51.5,23.6,42.0,-94.4,9.5,1.0,135.0,1
D000496,5.2,,1.2,31.0,0.48,-64.5,-50.7,24.2,39.0,-95.8,11.8,0.0,128.0,1
D000497,3.7,1186.0,1.59,24.0,0.35,-66.6,-48.3,25.6,32.0,-91.0,22.9,1.0,101.0,0
D000498,4.7,1235.0,0.84,30.5,0.62,-65.2,-52.2,27.8,30.0,-92.8,7.2,1.0,139.0,1
D000499,4.2,1170.0,1.21,28.5,0.46,-64.5,-50.5,23.9,45.0,-95.9,9.8,1.0,128.0,0
D000500,5.0,1164.0,1.3,31.5,0.5,-65.9,-49.6,24.5,43.0,-93.9,10.1,0.0,130.0,1
D000501,4.9,1184.0,1.19,29.5,0.44,-66.4,-51.1,23.5,44.0,-95.9,6.4,1.0,128.0,1
D000502,4.9,1195.0,1.23,27.5,0.41,-63.9,-49.7,23.4,37.0,-95.7,3.9,0.0,129.0,1
D000503,4.5,1200.0,1.06,34.5,0.49,-66.5,-50.8,24.4,41.0,-96.1,13.0,0.0,121.0,1
D000504,5.7,1150.0,0.82,33.0,0.42,-67.7,-49.0,25.4,39.0,-96.0,21.4,1.0,112.0,1
D000505,4.9,1186.0,0.93,29.0,0.51,-65.0,-51.2,23.8,41.0,-95.9,5.4,1.0,,1
D000506,4.5,1109.0,1.2,29.0,0.44,-63.9,-50.5,22.2,36.0,-97.0,6.8,0.0,129.0,1
D000507,4.7,1131.0,1.12,29.0,0.47,-65.2,-50.0,24.9,,-94.8,6.7,1.0,124.0,1
D000508,4.9,1171.0,1.01,31.5,0.55,-65.5,-48.1,,49.0,-94.9,10.5,1.0,127.0,1
D000509,4.3,1055.0,1.11,20.5,0.61,-67.3,-47.9,29.6,57.0,-99.4,8.6,1.0,119.0,0
D000510,4.4,1149.0,1.13,29.0,0.49,-67.5,-50.0,23.7,50.0,-94.8,8.3,1.0,124.0,1
D000511,5.0,1110.0,0.85,39.0,0.5,-61.2,-48.3,23.7,56.0,-91.3,16.2,1.0,125.0,0
D000512,5.4,1145.0,1.28,26.5,0.32,-66.5,-51.7,27.6,30.0,-92.3,8.2,1.0,139.0,0
D000513,5.3,1160.0,1.18,28.0,0.47,-65.2,-49.0,23.9,44.0,-94.4,8.0,1.0,135.0,1
D000514,5.1,1201.0,1.09,29.0,0.45,-66.4,-50.9,25.5,44.0,-94.1,7.7,0.0,134.0,1
D000515,5.1,1152.0,1.07,29.0,0.52,-67.2,-48.3,23.1,43.0,-96.4,11.9,1.0,129.0,0
D000516,5.8,1095.0,0.89,33.5,0.43,-67.1,-47.7,25.1,38.0,-97.4,2.7,0.0,104.0,1
D000517,4.7,1112.0,1.05,27.5,0.52,-64.7,-49.1,24.9,43.0,,7.5,0.0,140.0,1
D000518,4.3,1222.0,1.05,28.5,0.48,-65.3,-50.1,24.9,47.0,-95.7,7.8,0.0,132.0,1
D000519,5.1,1215.0,1.02,28.5,0.51,-65.8,-51.0,25.7,46.0,-96.4,7.9,1.0,122.0,1
D000520,4.9,1181.0,0.9,31.0,0.38,-65.8,-49.4,25.4,41.0,-94.7,5.5,0.0,123.0,1
D000521,3.9,1065.0,1.3,23.5,0.38,-60.2,-47.6,28.3,35.0,-99.5,9.1,1.0,106.0,0
D000522,5.0,1232.0,0.95,28.5,0.46,-65.0,-50.4,22.9,47.0,-95.0,10.4,1.0,128.0,1
D000523,6.8,1113.0,0.99,31.5,0.42,-68.7,-53.0,24.0,50.0,-97.4,23.6,1.0,137.0,1
D000524,4.3,1178.0,1.1,27.0,0.54,-65.6,-48.9,23.4,38.0,-95.6,7.2,0.0,125.0,1
D000525,5.1,1248.0,1.1,30.5,0.49,-65.1,-50.3,23.3,46.0,-94.9,8.6,1.0,128.0,1
D000526,4.6,1157.0,1.16,32.0,0.46,-65.4,-49.2,23.3,40.0,-95.1,7.9,1.0,131.0,1
D000527,4.8,1188.0,1.2,27.5,0.51,-65.5,-49.9,22.4,43.0,-95.4,7.3,1.0,133.0,1
D000528,6.0,1051.0,0.95,27.5,0.34,-62.1,-50.9,29.8,41.0,-99.6,4.8,0.0,142.0,0
D000529,3.9,1063.0,1.31,35.5,0.3,-62.1,-46.2,25.9,48.0,-96.7,8.5,0.0,144.0,0
D000530,5.2,1191.0,1.21,28.5,0.45,-67.7,-49.7,24.8,47.0,-95.4,9.1,0.0,127.0,1
D000531,3.2,1144.0,1.4,23.0,0.62,-60.5,-45.2,26.0,60.0,-98.1,17.5,1.0,123.0,0
D000532,5.0,1216.0,0.93,30.5,0.46,-64.1,-49.6,24.7,50.0,-95.9,7.0,1.0,125.0,1
D000533,3.5,1369.0,1.43,23.0,0.53,-67.4,-47.7,21.0,33.0,-94.9,7.5,1.0,130.0,0
D000534,,1116.0,1.12,32.0,0.69,-62.4,-53.4,23.1,36.0,-92.3,16.8,0.0,139.0,0
D000535,5.8,1344.0,0.94,40.0,0.61,-69.6,-48.1,20.2,35.0,-90.2,22.8,0.0,136.0,1
D000536,5.2,1278.0,1.07,,0.52,-66.2,-51.7,24.7,44.0,-93.4,8.5,1.0,130.0,1
D000537,4.7,1173.0,1.15,27.5,0.5,-65.8,-51.3,23.3,47.0,,6.8,1.0,134.0,1
D000538,4.1,1301.0,0.83,38.0,0.36,-65.5,-51.2,27.6,42.0,-97.7,0.6,1.0,133.0,1
D000539,4.6,1145.0,1.18,29.0,0.49,-64.3,-50.8,23.2,42.0,-94.7,7.6,0.0,,0
D000540,4.5,1194.0,1.01,32.5,0.51,-66.0,-50.3,24.3,47.0,-93.9,11.6,1.0,124.0,1
D000541,5.3,1111.0,1.24,26.0,0.35,-67.3,-50.9,29.9,45.0,-93.6,23.6,1.0,114.0,0
D000542,4.6,1272.0,1.14,29.5,0.48,-65.1,-49.7,23.8,53.0,-96.2,9.4,0.0,139.0,1
D000543,4.2,1160.0,1.09,31.0,0.45,-66.7,-51.2,25.4,45.0,-96.3,10.2,1.0,123.0,1
D000544,5.0,1200.0,1.0,32.0,0.43,-67.5,-49.7,24.6,43.0,-95.8,8.1,0.0,129.0,1
D000545,4.8,1221.0,1.1,31.0,0.45,-65.4,-50.1,23.8,48.0,-95.8,8.8,1.0,131.0,1
D000546,5.7,1181.0,1.03,27.0,0.54,-64.8,-50.3,24.0,42.0,-95.0,,0.0,134.0,1
D000547,6.3,1297.0,1.17,21.0,0.47,-67.0,-46.6,28.3,48.0,-98.8,7.1,1.0,144.0,0
D000548,5.3,1242.0,0.88,33.0,0.51,-62.5,-52.4,27.5,50.0,-96.5,17.4,0.0,109.0,1
D000549,4.7,1138.0,0.97,27.5,0.53,-65.7,-50.5,25.0,43.0,-95.7,3.4,1.0,131.0,1
D000550,4.7,1238.0,1.3,27.0,0.45,-66.0,-49.1,23.8,43.0,-95.2,6.6,0.0,123.0,0
D000551,5.0,1211.0,1.19,33.5,0.48,-66.5,-51.1,24.4,47.0,,8.3,0.0,127.0,1
D000552,5.3,1145.0,1.14,29.5,0.46,-66.4,-49.4,24.0,46.0,-95.5,8.2,1.0,134.0,1
D000553,3.3,1196.0,0.95,29.5,0.38,-63.4,-50.9,23.0,43.0,-96.2,22.5,0.0,116.0,0
D000554,3.3,1342.0,1.47,23.0,0.54,-66.7,-54.6,25.5,55.0,-99.3,9.1,0.0,123.0,0
D000555,4.6,1112.0,1.01,25.5,0.47,-64.9,-50.8,25.0,43.0,-94.8,9.8,1.0,127.0,1
D000556,5.2,1175.0,1.11,29.0,0.48,-65.7,-52.3,23.4,41.0,-95.8,9.6,1.0,135.0,1
D000557,4.0,1145.0,1.19,33.0,0.55,-69.2,-51.1,,35.0,-92.9,8.7,1.0,125.0,0
D000558,4.2,1139.0,1.07,29.5,0.45,-66.6,-51.6,23.9,44.0,-95.6,8.5,1.0,126.0,1
D000559,5.6,1212.0,1.07,28.0,0.39,-67.0,-50.0,24.8,39.0,-96.7,11.1,1.0,132.0,1
D000560,5.0,1309.0,0.9,38.0,0.39,-64.6,-50.5,21.6,49.0,-94.9,6.7,0.0,116.0,1
D000561,4.5,1145.0,1.3,36.0,0.59,-64.1,-48.3,24.0,46.0,-97.2,4.8,1.0,120.0,0
D000562,6.0,1093.0,1.6,21.0,0.59,-66.8,,20.1,44.0,-95.6,21.7,1.0,124.0,0
D000563,5.6,1212.0,1.17,28.0,0.5,-66.9,-50.6,24.4,46.0,-96.2,,1.0,127.0,1
D000564,5.7,1126.0,1.22,29.0,0.48,-66.0,-49.5,22.6,41.0,-95.9,13.3,0.0,129.0,1
D000565,4.4,1194.0,1.11,29.0,0.48,-65.7,-51.7,23.1,45.0,-94.7,8.7,0.0,135.0,1
D000566,4.7,1149.0,1.15,26.0,0.51,-63.8,-49.4,23.4,42.0,-96.0,6.9,1.0,126.0,0
D000567,3.4,1040.0,1.47,29.0,0.63,-61.0,-48.0,,59.0,-98.3,15.8,1.0,147.0,0
D000568,4.6,1247.0,0.84,37.0,0.57,-64.9,-47.5,27.7,60.0,-98.7,20.7,1.0,141.0,0
D000569,4.4,1105.0,1.51,34.5,0.41,-69.0,-45.2,26.7,31.0,-99.5,16.6,1.0,130.0,0
D000570,4.6,,1.16,28.0,0.43,-64.4,-49.5,23.6,41.0,-96.7,8.9,1.0,123.0,0
D000571,4.3,1289.0,1.14,33.5,,,-52.6,22.2,55.0,-90.1,18.3,1.0,127.0,0
D000572,4.8,1218.0,1.0,30.0,0.5,-65.6,-50.6,22.2,50.0,-95.3,9.7,0.0,132.0,1
D000573,4.6,1169.0,1.08,28.5,0.45,-64.5,-50.2,23.3,44.0,-96.0,,1.0,122.0,1
D000574,5.2,1229.0,1.13,27.5,0.51,-64.5,-49.2,24.6,41.0,-94.7,9.7,1.0,130.0,1
D000575,4.5,1152.0,1.11,30.5,0.51,-64.2,-49.3,22.7,43.0,-95.4,4.8,1.0,126.0,1
D000576,4.6,1132.0,1.14,30.0,0.48,-66.4,-47.9,25.4,45.0,-98.2,10.1,0.0,125.0,0
D000577,5.5,1070.0,1.11,36.5,0.58,-61.7,-45.0,24.7,32.0,-96.6,23.5,1.0,108.0,0
D000578,4.6,1200.0,0.99,27.5,0.51,-65.3,-50.5,24.4,45.0,-94.6,9.1,0.0,129.0,1
D000579,5.4,1138.0,1.17,28.0,0.45,-63.3,-49.9,24.1,45.0,-95.2,13.6,1.0,124.0,0
D000580,5.2,1007.0,1.56,20.5,0.3,-63.7,-46.7,21.8,49.0,-94.9,3.9,0.0,150.0,0
D000581,5.1,1217.0,1.28,25.5,0.48,-65.4,-50.6,22.7,36.0,-95.5,5.7,1.0,130.0,1
D000582,4.9,1166.0,1.09,33.0,0.51,-66.7,-49.7,23.6,44.0,-95.2,6.7,1.0,129.0,1
D000583,4.5,1201.0,1.09,30.0,0.59,-64.4,-49.4,24.7,,-92.6,9.5,0.0,131.0,1
D000584,4.3,1138.0,1.06,29.0,0.43,-63.6,-49.3,24.1,42.0,-96.6,9.5,1.0,129.0,0
D000585,4.7,1210.0,1.26,26.0,0.45,-64.9,-49.2,24.0,40.0,-94.0,12.9,0.0,121.0,1
D000586,4.7,1217.0,1.14,28.5,0.48,-64.8,-50.5,26.0,45.0,-96.5,7.3,0.0,133.0,1
D000587,5.1,1225.0,1.1,30.0,0.45,-66.1,-49.7,22.4,38.0,-95.6,6.6,1.0,129.0,1
D000588,4.7,1225.0,1.02,29.5,0.48,-65.3,-49.3,25.5,49.0,-98.1,8.8,1.0,127.0,1
D000589,4.3,1158.0,1.14,23.0,0.44,-66.7,-49.2,23.4,48.0,-94.8,8.4,1.0,128.0,0
D000590,4.7,1081.0,1.05,28.0,0.43,-65.8,-51.7,22.9,43.0,-95.1,7.8,1.0,129.0,1
D000591,4.5,1150.0,1.03,28.0,0.43,-66.4,-49.0,24.4,43.0,-94.3,7.6,1.0,119.0,1
D000592,5.6,1222.0,1.21,29.5,0.4,-65.7,-49.6,22.3,41.0,-93.6,7.3,1.0,123.0,1
D000593,5.6,1150.0,1.42,24.0,0.45,-69.3,-47.6,21.4,30.0,-98.7,9.1,0.0,107.0,1
D000594,4.6,1104.0,1.01,28.5,0.53,-64.4,-50.6,24.2,41.0,-97.4,10.1,0.0,126.0,1
D000595,4.1,1120.0,1.4,22.0,0.63,-68.0,-52.0,28.8,59.0,-99.1,3.7,1.0,117.0,0
D000596,4.4,1222.0,1.08,29.5,0.54,-62.9,-50.2,26.1,41.0,-94.7,7.0,1.0,119.0,0
D000597,3.0,1374.0,1.14,37.5,0.35,-61.5,-47.2,25.6,38.0,-96.9,16.2,1.0,120.0,0
D000598,5.0,1162.0,1.16,28.5,0.42,-64.9,-49.5,25.2,44.0,-95.2,10.3,0.0,124.0,1
D000599,4.2,1223.0,1.46,29.5,0.33,-63.4,-50.6,24.0,58.0,-96.3,,1.0,143.0,1
D000600,4.9,1099.0,1.07,31.0,0.54,-66.6,-54.5,28.3,48.0,-98.0,0.2,0.0,120.0,1
D000601,4.6,1184.0,1.29,28.5,0.5,-66.8,-50.2,23.3,46.0,-95.0,11.3,0.0,122.0,1
D000602,4.7,1137.0,1.15,26.0,0.56,-65.7,-49.8,24.9,47.0,-95.5,9.7,0.0,123.0,1
D000603,5.7,1382.0,1.58,35.5,0.34,-69.2,-50.2,22.0,36.0,,0.2,1.0,147.0,1
D000604,4.8,1161.0,1.08,30.0,0.6,-66.3,-50.2,24.5,45.0,-96.3,8.3,1.0,126.0,1
D000605,5.9,1140.0,1.22,30.5,,,-50.0,22.6,45.0,-93.9,8.7,0.0,136.0,0
D000606,3.4,1146.0,0.93,24.5,0.64,-68.2,-48.5,24.3,35.0,-95.2,18.4,0.0,129.0,1
D000607,5.3,1248.0,1.19,26.0,0.48,-66.6,-49.0,24.0,39.0,-95.0,8.8,0.0,133.0,1
D000608,5.1,1234.0,1.09,29.5,0.56,-64.3,-49.5,26.7,43.0,-95.8,5.7,0.0,136.0,1
D000609,3.8,1034.0,1.51,21.5,0.36,-63.2,-49.4,24.4,49.0,-93.2,7.3,1.0,110.0,0
D000610,5.8,1143.0,1.57,27.5,0.37,-69.2,-46.0,28.6,59.0,-96.6,19.8,1.0,142.0,0
D000611,5.8,1172.0,1.06,29.5,0.46,-64.6,-49.5,23.8,44.0,-96.4,11.2,0.0,136.0,1
D000612,4.8,1231.0,1.07,28.5,0.43,-63.8,-50.9,23.8,47.0,-95.4,9.8,1.0,135.0,1
D000613,4.9,1225.0,0.91,30.5,0.5,-66.0,-50.1,23.4,43.0,-96.3,,1.0,120.0,1
D000614,4.8,1124.0,1.13,27.5,0.49,-65.0,-48.2,24.3,45.0,-96.2,,1.0,128.0,1
D000615,4.9,1150.0,1.11,26.5,0.51,-66.0,-49.3,23.4,47.0,-95.0,7.0,0.0,125.0,1
D000616,4.3,1188.0,1.56,25.0,0.42,-65.0,-51.4,25.7,42.0,-94.7,16.4,0.0,121.0,0
D000617,4.8,1173.0,1.05,28.0,0.48,-66.3,-49.4,24.9,46.0,-96.5,5.8,0.0,125.0,1
D000618,4.8,1139.0,1.12,30.0,0.52,-66.1,-49.9,24.4,45.0,-96.4,5.9,0.0,130.0,1
D000619,5.2,1157.0,1.17,31.5,0.46,-66.2,-49.1,,39.0,-94.8,11.2,1.0,122.0,1
D000620,4.1,1149.0,1.15,29.5,0.54,-65.8,-50.0,25.9,45.0,-96.3,7.6,1.0,126.0,1
D000621,4.3,1166.0,1.11,28.0,0.54,-64.3,-49.8,23.2,50.0,-96.0,2.6,1.0,124.0,0
D000622,4.3,1188.0,1.04,28.0,0.46,-66.0,-50.3,22.4,45.0,-94.6,9.0,1.0,135.0,1
D000623,4.7,1117.0,1.01,25.0,0.39,-66.4,-49.5,25.2,44.0,-94.5,4.8,0.0,130.0,1
D000624,5.6,1100.0,0.95,26.5,0.36,-67.6,-52.8,28.8,54.0,,3.9,0.0,121.0,0
D000625,4.7,1183.0,0.96,28.0,0.47,-64.9,-49.3,23.3,46.0,-95.7,11.8,,122.0,1
D000626,4.7,1151.0,1.22,28.5,0.47,-64.9,-49.7,23.2,45.0,-94.1,8.7,1.0,129.0,0
D000627,5.2,1338.0,1.53,23.0,0.66,-62.7,-54.2,25.5,38.0,-91.6,8.1,0.0,122.0,0
D000628,5.0,1110.0,1.09,24.5,0.45,-67.2,-49.3,23.6,45.0,-96.0,10.8,1.0,126.0,1
D000629,4.8,1188.0,1.11,32.0,0.44,-63.5,,22.8,48.0,-95.7,8.1,0.0,131.0,1
D000630,3.4,1314.0,0.93,26.5,0.47,-68.2,-45.6,25.6,41.0,-91.3,1.2,1.0,,1
D000631,5.0,1147.0,1.04,31.5,0.52,-64.9,-49.9,24.8,46.0,-97.0,11.3,1.0,131.0,1
D000632,4.3,1134.0,1.24,27.5,0.5,-65.9,-49.9,24.0,48.0,-95.6,10.5,0.0,127.0,1
D000633,4.8,1163.0,1.08,30.0,0.46,-63.9,-49.7,25.6,44.0,-96.0,7.5,0.0,133.0,1
D000634,3.9,1151.0,1.07,26.0,0.49,-64.5,-49.3,23.9,41.0,-95.2,6.4,1.0,132.0,0
D000635,4.6,1216.0,0.99,33.5,0.49,-64.8,-49.3,24.1,48.0,-96.4,7.8,0.0,131.0,1
D000636,6.6,1076.0,,35.5,0.46,-62.4,-48.6,26.4,50.0,-93.5,12.0,1.0,133.0,1
D000637,5.0,1176.0,1.2,32.0,0.48,-66.8,-51.9,22.8,42.0,-95.7,4.2,0.0,130.0,1
D000638,5.3,1238.0,1.08,28.0,0.5,-64.7,-49.6,24.9,42.0,-94.8,9.7,1.0,123.0,1
D000639,4.9,1219.0,1.09,28.0,0.46,-64.4,-48.8,23.9,49.0,-95.6,7.2,0.0,125.0,1
D000640,4.7,1198.0,1.06,25.5,0.44,-65.0,-50.5,24.7,53.0,-96.3,10.1,0.0,132.0,1
D000641,4.5,1235.0,1.1,29.0,0.49,-65.6,-50.5,24.9,41.0,-95.8,,1.0,133.0,1
D000642,4.8,1151.0,1.15,30.0,0.48,-64.9,-50.9,25.6,40.0,-94.9,7.6,1.0,130.0,1
D000643,6.0,1300.0,1.0,20.0,0.59,-65.4,-54.3,22.1,55.0,-95.1,14.5,1.0,130.0,1
D000644,5.0,1203.0,0.87,33.5,0.55,-63.7,-45.3,28.2,52.0,-94.6,20.2,0.0,142.0,0
D000645,4.1,1216.0,1.12,29.5,0.5,-65.1,-49.6,24.0,37.0,-95.9,5.7,0.0,132.0,1
D000646,5.0,1197.0,1.01,28.0,0.5,-65.7,-49.2,24.2,42.0,-95.2,6.7,0.0,129.0,1
D000647,5.1,1150.0,1.18,31.5,0.5,-65.5,-48.4,24.6,45.0,-95.1,10.6,1.0,124.0,1
D000648,5.1,1139.0,1.13,27.0,0.59,-63.7,-50.8,23.7,47.0,-97.4,10.4,1.0,139.0,1
D000649,5.6,1092.0,0.93,33.0,0.67,-62.4,-50.2,27.2,51.0,-94.9,9.0,0.0,115.0,0
D000650,5.2,1041.0,1.45,35.0,0.39,-62.5,-46.2,26.4,41.0,-98.9,21.4,0.0,138.0,0
D000651,4.1,1115.0,0.99,32.5,0.51,-66.9,-49.8,28.9,35.0,-97.8,10.1,1.0,101.0,0
D000652,6.2,1269.0,0.99,22.0,0.45,-63.6,-47.9,26.6,48.0,-94.8,1.2,0.0,122.0,1
D000653,3.8,1239.0,1.04,27.5,0.34,-68.8,-52.7,24.0,51.0,-98.5,1.4,0.0,148.0,1
D000654,5.0,1205.0,1.1,27.5,0.48,-65.6,-49.4,23.6,48.0,-94.6,13.1,0.0,120.0,1
D000655,5.7,1234.0,1.44,35.5,0.47,-67.8,-45.5,25.6,43.0,-99.2,22.9,1.0,111.0,1
D000656,5.0,1255.0,0.98,29.5,0.69,-60.1,-52.2,22.8,35.0,-98.1,14.8,1.0,132.0,0
D000657,4.2,1167.0,1.13,,0.51,-66.7,-51.4,23.0,38.0,-94.6,8.0,0.0,135.0,1
D000658,4.7,1359.0,1.07,32.5,0.46,-66.8,-47.7,28.7,39.0,-90.2,2.0,1.0,149.0,1
D000659,4.3,1148.0,1.12,30.5,0.33,-66.2,-49.9,24.4,44.0,-95.5,8.5,1.0,135.0,0
D000660,4.4,1192.0,1.04,31.0,,-66.8,-50.5,22.8,43.0,-93.8,5.7,0.0,127.0,1
D000661,5.2,1316.0,1.38,35.0,0.56,-62.4,-52.8,27.2,32.0,-99.7,6.0,0.0,134.0,1
D000662,5.9,1235.0,1.51,32.0,0.56,-65.0,-51.0,24.7,49.0,-93.6,,0.0,138.0,1
D000663,5.1,1246.0,1.2,29.0,0.52,-65.4,-49.2,24.9,45.0,-94.5,8.0,0.0,121.0,1
D000664,4.5,1217.0,1.06,33.5,0.31,-68.8,-50.8,26.6,41.0,-94.7,11.8,1.0,133.0,0
D000665,4.9,1186.0,1.04,27.5,0.47,-65.4,-49.3,23.1,49.0,-97.0,9.4,1.0,123.0,1
D000666,5.8,1047.0,1.17,29.0,0.49,-68.9,-45.7,26.1,57.0,-94.3,2.5,0.0,110.0,1
D000667,4.5,1192.0,1.12,31.5,0.5,-64.7,-50.3,24.7,,-94.5,5.1,0.0,133.0,1
D000668,4.8,1181.0,1.1,30.5,0.47,-65.1,-51.6,23.8,49.0,-95.4,12.7,0.0,128.0,1
D000669,6.4,1396.0,1.39,26.5,0.33,-66.8,-52.4,23.8,40.0,-96.3,23.8,0.0,128.0,0
D000670,5.0,1143.0,1.09,27.0,0.53,-64.6,-47.4,24.3,43.0,-96.4,8.4,0.0,133.0,1
D000671,4.9,1171.0,1.08,31.5,0.45,-66.9,-50.5,24.5,50.0,-95.5,,0.0,133.0,1
D000672,5.1,1167.0,1.2,33.5,0.5,-65.8,-50.6,24.0,43.0,-95.7,9.7,0.0,126.0,1
D000673,5.4,1064.0,1.27,31.5,0.66,-61.0,-48.7,23.6,34.0,-97.4,18.6,0.0,126.0,0
D000674,3.6,,1.07,26.5,0.45,-66.4,-50.4,23.9,51.0,-95.9,7.7,0.0,121.0,1
D000675,5.1,1178.0,1.06,28.0,0.48,-66.5,-51.3,24.5,45.0,-95.6,10.4,0.0,131.0,1
D000676,5.3,1202.0,0.97,23.5,0.53,-65.4,-50.1,24.2,38.0,-95.3,11.1,1.0,135.0,1
D000677,4.9,1200.0,1.15,29.0,0.45,-64.7,-50.1,24.9,46.0,-97.5,10.0,1.0,123.0,1
D000678,5.0,1178.0,1.25,29.0,0.44,-65.1,-50.7,23.5,40.0,-96.2,8.4,0.0,132.0,1
D000679,4.9,1237.0,1.48,26.5,0.3,-66.9,-53.4,28.5,50.0,-94.2,21.8,0.0,135.0,0
D000680,4.4,1193.0,1.13,28.5,0.54,-66.8,-50.0,24.9,45.0,-96.3,7.0,1.0,133.0,1
D000681,4.7,1169.0,1.07,30.5,0.46,-66.5,-50.0,25.7,41.0,-96.1,9.1,0.0,126.0,1
D000682,4.8,1146.0,1.08,27.5,0.48,-65.8,-50.1,25.3,42.0,-95.4,7.6,1.0,125.0,1
D000683,5.3,1094.0,1.15,30.0,0.54,,-50.5,22.8,44.0,-95.5,11.2,0.0,123.0,1
D000684,6.2,1323.0,1.39,24.5,0.36,-61.0,-46.5,25.2,37.0,-96.0,20.3,0.0,134.0,0
D000685,4.7,1197.0,1.04,28.5,0.5,-66.0,-50.5,23.4,44.0,-94.8,6.1,1.0,128.0,1
D000686,4.8,1128.0,1.09,25.5,0.46,-66.2,,23.3,48.0,-95.3,10.4,1.0,123.0,1
D000687,4.6,1124.0,1.17,32.0,0.5,-66.7,-51.5,22.6,43.0,-95.8,8.5,1.0,127.0,1
D000688,4.9,1126.0,1.13,28.0,0.54,-66.6,-50.9,25.2,44.0,-93.5,7.7,1.0,125.0,1
D000689,5.8,1150.0,1.21,29.0,0.5,-65.4,-51.4,23.1,43.0,-95.1,10.4,0.0,130.0,1
D000690,5.2,1194.0,1.17,28.0,0.5,-64.9,-49.8,27.0,48.0,-94.5,11.6,0.0,138.0,1
D000691,5.3,1158.0,1.06,34.0,0.36,-60.5,-52.3,21.3,50.0,-96.3,10.7,1.0,113.0,0
D000692,4.7,1218.0,1.07,31.0,0.41,-67.6,-50.1,24.3,41.0,-94.9,9.2,0.0,126.0,1
D000693,5.2,1205.0,1.06,29.0,0.46,-65.7,-50.0,,47.0,-96.9,7.7,0.0,128.0,1
D000694,4.8,1123.0,1.16,30.5,0.53,-63.8,-50.2,25.3,,-93.6,5.0,1.0,131.0,1
D000695,5.5,,1.15,27.5,0.44,-66.1,-50.8,23.9,44.0,-95.0,4.9,0.0,132.0,1
D000696,4.6,1327.0,1.2,23.5,0.61,-63.9,-51.4,25.9,47.0,-98.6,6.6,0.0,105.0,0
D000697,4.3,,1.27,28.0,0.46,-65.7,-49.9,23.5,45.0,-95.3,10.2,1.0,127.0,0
D000698,4.1,1357.0,0.98,31.5,0.49,-61.9,-52.6,22.8,,-92.2,22.3,1.0,115.0,0
D000699,5.1,1210.0,1.16,30.0,0.48,-64.6,-48.6,24.5,38.0,-95.5,10.2,1.0,123.0,1
D000700,4.8,1187.0,1.06,29.5,0.44,-65.4,-51.0,25.8,45.0,-95.9,10.9,1.0,132.0,1
D000701,4.7,1175.0,0.94,24.5,0.47,-65.4,-49.4,25.2,41.0,-95.0,6.5,1.0,133.0,1
D000702,5.2,1124.0,0.94,32.0,0.47,-65.9,-49.6,,43.0,-95.3,7.1,0.0,127.0,1
D000703,5.2,1194.0,1.02,29.0,0.49,-65.6,-50.2,23.8,45.0,-95.8,9.2,0.0,123.0,1
D000704,3.8,1390.0,0.91,39.5,0.58,-67.8,-49.8,22.5,53.0,-92.5,6.8,0.0,139.0,1
D000705,4.7,1177.0,1.18,28.5,0.47,-66.5,-48.2,23.8,42.0,-95.1,8.6,1.0,136.0,1
D000706,5.2,1135.0,1.07,29.0,0.41,-65.5,-49.2,24.7,43.0,-95.6,5.8,1.0,133.0,1
D000707,5.2,1231.0,1.14,28.0,0.5,-65.8,-47.9,22.9,49.0,-94.9,6.1,0.0,124.0,1
D000708,4.9,1175.0,1.1,26.5,0.49,-66.0,-49.0,24.4,50.0,-93.9,6.5,1.0,125.0,1
D000709,4.6,1217.0,1.0,27.5,0.49,-66.8,-49.5,24.5,45.0,-95.2,8.7,1.0,136.0,1
D000710,4.0,1215.0,1.11,31.0,0.47,,-50.7,24.2,42.0,-95.4,13.5,0.0,125.0,0
D000711,3.1,1090.0,1.33,21.5,0.5,-68.4,-48.9,23.4,40.0,-95.0,20.0,1.0,110.0,0
D000712,5.1,1198.0,1.18,30.5,0.5,-64.3,-50.3,25.6,43.0,-95.2,7.8,0.0,128.0,1
D000713,4.6,1398.0,0.82,22.5,0.35,-63.2,-46.4,24.2,34.0,-95.6,3.1,1.0,136.0,0
D000714,6.1,1033.0,1.12,28.5,0.34,-62.7,-45.7,27.6,37.0,-92.7,1.7,0.0,103.0,0
D000715,6.8,1183.0,0.81,39.0,0.37,-63.4,-47.2,20.4,37.0,-99.1,2.5,1.0,125.0,1
D000716,3.1,1119.0,1.47,38.0,0.57,-65.7,-53.0,24.3,54.0,-95.2,23.7,1.0,143.0,0
D000717,3.5,1171.0,1.5,27.5,0.46,-60.4,-50.4,27.1,37.0,-93.8,17.8,0.0,109.0,0
D000718,4.7,1115.0,1.01,27.5,0.49,-65.9,-51.0,26.0,44.0,-96.1,12.7,0.0,128.0,1
D000719,4.8,1342.0,1.51,22.0,0.51,-65.9,-54.2,25.1,31.0,-96.7,19.6,1.0,127.0,0
D000720,6.0,1338.0,0.9,32.5,0.58,-64.0,,26.1,43.0,-97.8,2.8,1.0,117.0,1
D000721,4.6,1123.0,1.03,27.0,0.52,-66.4,-49.7,23.7,39.0,-94.1,9.7,0.0,133.0,1
D000722,4.6,1119.0,1.25,32.0,0.61,-69.6,-51.0,28.1,53.0,-92.5,2.2,0.0,119.0,1
D000723,5.0,1217.0,1.05,27.0,0.56,-63.9,-50.4,23.1,46.0,-95.7,8.4,0.0,123.0,1
D000724,4.8,1175.0,1.09,30.0,0.33,-60.3,-51.4,29.0,52.0,-96.8,10.8,1.0,140.0,0
D000725,5.1,1201.0,1.26,26.5,0.49,-64.6,-51.4,24.2,46.0,-96.2,6.7,1.0,127.0,1
D000726,4.7,1238.0,1.2,25.5,0.5,-63.7,-49.5,23.4,45.0,-96.0,7.5,1.0,123.0,0
D000727,6.0,1363.0,0.9,39.0,0.43,-66.7,-50.9,21.6,43.0,-97.2,9.6,0.0,117.0,1
D000728,7.0,1158.0,1.49,34.0,0.51,-67.6,-53.9,22.3,51.0,-96.6,11.6,0.0,129.0,1
D000729,5.0,1130.0,0.95,39.0,0.45,-60.3,-49.2,25.7,44.0,-96.0,11.9,1.0,135.0,1
D000730,5.0,1134.0,1.09,28.5,0.55,-65.2,-51.3,22.4,44.0,-98.5,9.1,1.0,114.0,1
D000731,3.9,1247.0,1.32,32.5,0.67,-67.1,-52.0,20.7,34.0,-97.1,12.3,0.0,123.0,0
D000732,4.0,1139.0,1.11,24.0,0.34,-65.1,-47.3,26.8,51.0,-91.2,5.7,0.0,109.0,0
D000733,6.6,1169.0,1.43,21.0,0.68,-68.3,-45.3,21.2,33.0,-97.6,11.6,0.0,111.0,0
D000734,4.1,1276.0,1.14,27.0,0.42,-65.9,-51.5,23.0,41.0,-95.1,9.4,0.0,132.0,1
D000735,6.7,1331.0,0.99,40.0,0.3,-65.0,-52.9,24.4,38.0,-99.7,3.9,0.0,139.0,1
D000736,4.6,1210.0,1.02,30.0,0.45,-66.4,-49.5,23.8,47.0,-95.1,9.9,1.0,130.0,0
D000737,4.9,1162.0,1.09,29.5,0.46,-66.2,-50.4,24.9,46.0,-94.1,10.4,0.0,130.0,1
D000738,4.4,1210.0,1.04,28.0,0.41,-64.9,-50.8,23.5,48.0,-94.8,9.4,0.0,136.0,1
D000739,4.8,1136.0,0.96,26.5,0.44,-63.8,-49.3,23.5,40.0,-95.7,,1.0,129.0,1
D000740,5.1,1134.0,1.52,27.0,0.6,-63.2,-54.5,22.4,36.0,-95.6,2.6,1.0,,0
D000741,5.5,1045.0,1.48,29.0,0.69,-67.2,-52.0,22.3,41.0,-97.8,22.6,1.0,,0
D000742,4.9,1079.0,1.12,28.0,0.54,-65.1,-49.3,24.6,44.0,-97.5,8.4,1.0,127.0,1
D000743,4.5,1233.0,1.13,29.0,0.43,-66.6,-48.9,25.0,,-95.5,14.8,0.0,123.0,1
D000744,4.6,1194.0,1.12,27.0,0.45,-64.8,-48.8,24.3,45.0,-95.1,6.5,1.0,119.0,0
D000745,5.2,1172.0,1.04,29.0,0.45,-66.8,-50.3,22.6,40.0,-94.3,12.1,0.0,124.0,1
D000746,3.8,1128.0,1.49,38.0,0.62,-68.8,-54.4,27.2,46.0,,10.1,0.0,146.0,1
D000747,4.5,1117.0,0.92,30.5,0.42,-63.4,-50.2,23.4,40.0,-96.5,8.5,0.0,130.0,1
D000748,5.7,1184.0,1.11,27.5,0.54,-65.7,-48.5,23.7,40.0,-95.2,13.4,1.0,123.0,1
D000749,5.1,1142.0,1.08,30.5,0.46,-65.6,-50.4,24.9,44.0,-95.2,11.4,1.0,127.0,1
D000750,4.3,1191.0,1.1,31.0,0.53,-65.6,-50.1,24.1,48.0,-95.6,8.2,0.0,121.0,1
D000751,3.9,1353.0,1.14,25.0,0.51,-63.8,-47.6,29.7,34.0,-91.7,17.3,0.0,121.0,0
D000752,4.2,1117.0,1.13,27.0,0.49,-67.2,-51.8,24.0,45.0,-96.4,7.4,0.0,129.0,1
D000753,4.0,1270.0,0.99,39.0,0.7,-65.7,-47.0,22.5,41.0,-91.4,21.7,0.0,122.0,0
D000754,6.7,1058.0,1.4,28.5,0.65,-68.0,-46.5,29.0,48.0,-93.6,10.0,1.0,134.0,0
D000755,5.1,1151.0,1.31,29.0,0.5,-64.2,-49.1,25.4,38.0,-95.0,11.1,1.0,124.0,1
D000756,3.5,1285.0,1.54,32.5,,-69.5,-49.7,23.6,55.0,-92.0,0.9,0.0,115.0,0
D000757,3.6,1125.0,1.47,26.0,0.48,-68.8,-49.5,24.9,32.0,-92.6,18.2,1.0,118.0,0
D000758,5.2,1294.0,0.81,30.5,0.38,-63.5,-52.3,24.2,54.0,-97.2,8.3,1.0,105.0,1
D000759,4.6,1145.0,1.14,27.5,0.42,-64.9,-49.1,24.2,46.0,-95.3,7.5,1.0,120.0,0
D000760,6.4,1089.0,1.01,28.0,0.41,-68.4,-54.5,22.9,37.0,-98.9,23.3,1.0,136.0,1
D000761,3.2,1017.0,1.55,29.0,0.39,-65.9,-45.6,27.4,37.0,-95.0,14.9,,118.0,0
D000762,4.5,1156.0,1.11,30.0,0.5,-64.4,-49.2,25.5,44.0,-95.2,7.3,1.0,126.0,1
D000763,5.7,1291.0,1.11,32.5,0.54,-64.1,-54.9,23.1,36.0,-99.4,3.2,0.0,123.0,1
D000764,4.6,1259.0,,29.0,0.46,-63.7,-50.4,23.1,47.0,-96.0,9.7,0.0,123.0,1
D000765,4.6,1047.0,1.53,38.5,0.67,-66.3,-46.5,25.7,58.0,-92.2,14.5,1.0,144.0,0
D000766,4.4,1215.0,1.18,30.0,0.49,-64.5,-50.2,23.3,49.0,-95.8,10.3,0.0,137.0,1
D000767,4.4,1212.0,1.11,26.5,0.44,-64.7,-51.2,25.1,40.0,-95.4,9.3,1.0,135.0,0
D000768,4.0,1380.0,0.91,,0.64,-61.3,-50.1,27.5,36.0,-90.4,10.0,1.0,112.0,0
D000769,6.0,1020.0,1.59,25.5,0.44,-61.8,-51.9,27.1,35.0,-97.7,7.4,0.0,128.0,0
D000770,5.1,1153.0,1.04,28.5,0.52,-66.8,-50.2,25.2,42.0,-95.4,12.6,1.0,137.0,1
D000771,4.7,1192.0,1.15,24.5,0.39,-66.0,-49.7,23.3,45.0,-94.1,6.7,1.0,120.0,0
D000772,4.6,1260.0,1.4,21.0,0.35,-63.5,-54.2,25.0,53.0,-93.7,10.3,1.0,113.0,0
D000773,5.4,1364.0,0.99,37.0,0.42,-63.4,,22.0,45.0,-99.0,15.7,1.0,101.0,1
D000774,4.5,1242.0,,26.5,0.46,-67.0,-48.4,23.8,43.0,-94.2,7.3,0.0,,1
D000775,5.4,1142.0,0.97,30.0,0.5,-65.0,-50.5,23.1,43.0,-96.2,7.1,0.0,127.0,1
D000776,4.8,1148.0,1.05,28.5,0.51,-65.6,-50.2,22.6,49.0,-96.3,8.8,1.0,126.0,1
D000777,5.6,1197.0,1.07,30.5,0.54,-64.7,-51.4,23.8,42.0,-95.3,9.1,0.0,120.0,1
D000778,4.5,1186.0,1.06,29.5,0.49,-65.5,-51.7,23.2,37.0,-95.3,10.0,1.0,128.0,1
D000779,4.6,1219.0,1.07,28.5,0.52,-62.9,-50.0,,41.0,-94.5,7.7,0.0,124.0,1
D000780,3.1,1248.0,1.34,21.5,0.61,-60.5,-47.2,28.5,36.0,-90.4,10.1,1.0,100.0,0
D000781,,1169.0,1.07,30.0,0.48,-65.2,-51.3,23.7,41.0,-93.9,12.3,1.0,135.0,1
D000782,4.3,1244.0,1.06,28.0,0.5,-66.8,-49.7,23.0,42.0,-95.6,6.5,0.0,136.0,1
D000783,4.3,1139.0,1.08,21.0,0.33,-65.9,-52.4,21.6,31.0,-90.6,11.0,0.0,145.0,0
D000784,4.7,1164.0,1.21,28.5,0.49,-63.7,-49.1,24.7,,-96.4,11.4,1.0,128.0,0
D000785,3.2,1192.0,1.36,28.5,0.5,-60.5,-50.0,26.6,41.0,-97.9,,1.0,131.0,0
D000786,5.0,1191.0,1.11,29.5,0.43,-64.8,-51.4,22.8,49.0,-95.6,10.0,0.0,120.0,1
D000787,,1149.0,1.11,29.5,0.57,-67.3,-45.8,21.6,42.0,-91.8,1.3,0.0,122.0,1
D000788,4.6,1105.0,1.05,31.5,0.48,-65.1,-49.2,23.5,37.0,-93.7,8.7,0.0,126.0,1
D000789,5.3,1187.0,1.08,31.5,0.45,-65.6,-49.5,21.3,39.0,-96.2,9.8,1.0,124.0,1
D000790,4.6,1203.0,1.09,30.0,0.51,-66.9,-52.2,24.4,42.0,-96.8,11.3,1.0,120.0,1
D000791,4.5,1086.0,1.08,28.5,0.38,-62.2,-52.8,25.1,41.0,-94.0,10.6,1.0,142.0,0
D000792,5.4,1089.0,1.5,23.0,0.57,-64.3,-48.3,24.1,49.0,-93.6,21.3,0.0,103.0,0
D000793,6.8,1268.0,1.13,30.5,0.41,-63.5,-48.8,26.5,51.0,-95.3,8.4,,,0
D000794,4.4,1167.0,1.07,29.0,0.5,-65.1,-47.5,22.3,47.0,-93.6,10.5,0.0,126.0,1
D000795,4.4,1161.0,1.09,31.5,0.5,-64.1,-50.4,25.0,43.0,-96.1,9.4,0.0,135.0,1
D000796,5.2,1114.0,1.07,30.5,0.45,-65.1,-49.7,24.2,51.0,-94.0,9.0,0.0,134.0,1
D000797,4.7,1185.0,1.19,31.0,0.48,-66.2,-47.2,23.7,44.0,,10.3,0.0,127.0,1
D000798,5.0,1146.0,1.12,28.0,0.44,-65.1,-49.0,23.3,45.0,-96.2,13.0,1.0,136.0,1
D000799,4.7,1192.0,1.09,29.5,0.44,-65.8,-49.5,25.1,42.0,-96.0,,1.0,129.0,1
D000800,4.7,1292.0,1.08,26.0,0.5,-64.0,-50.9,23.7,41.0,-93.9,8.3,1.0,137.0,1
D000801,5.1,1222.0,0.99,24.5,0.45,-64.2,-52.3,24.4,43.0,-96.5,9.2,0.0,133.0,1
D000802,6.3,1027.0,1.12,31.5,0.66,-65.6,-47.4,28.7,59.0,-97.9,15.9,1.0,106.0,0
D000803,3.6,1129.0,1.57,29.0,0.55,-60.9,-52.2,20.6,32.0,-91.6,21.7,0.0,133.0,0
D000804,4.9,1190.0,1.08,32.5,0.49,-65.6,-51.1,24.4,49.0,-95.9,6.7,0.0,123.0,1
D000805,5.1,1155.0,0.93,27.5,0.48,-63.8,-50.2,23.7,38.0,,7.1,1.0,125.0,1
D000806,4.9,,1.18,27.5,0.4,-60.7,-46.9,27.5,39.0,-97.3,0.1,0.0,114.0,0
D000807,5.5,1176.0,1.2,31.0,0.55,-66.3,-50.8,24.0,40.0,-96.7,5.5,1.0,127.0,1
D000808,5.1,1195.0,1.09,30.5,0.44,-64.8,-49.9,22.8,41.0,-96.0,8.4,1.0,122.0,1
D000809,4.7,1202.0,1.05,31.5,0.56,-65.0,-50.3,23.1,42.0,-94.4,11.9,1.0,121.0,0
D000810,4.5,1193.0,1.07,27.5,0.43,-66.1,-50.1,22.3,44.0,-95.3,,0.0,124.0,1
D000811,3.3,1327.0,1.19,28.5,0.36,-68.8,-52.5,29.7,33.0,-92.7,9.7,0.0,128.0,0
D000812,4.3,1103.0,1.58,27.5,0.4,-69.2,-52.6,20.9,40.0,-93.5,0.4,1.0,109.0,0
D000813,5.1,1082.0,1.1,31.0,,-63.8,-50.5,21.3,43.0,-96.3,8.0,1.0,131.0,1
D000814,4.7,1215.0,1.15,29.5,0.59,-63.2,-49.8,24.8,42.0,-96.3,2.9,1.0,132.0,0
D000815,4.3,1206.0,,23.5,0.45,-64.4,-50.9,26.2,42.0,-93.8,10.1,1.0,142.0,1
D000816,6.3,1068.0,1.16,27.5,0.48,-61.6,-47.9,22.9,59.0,-97.0,10.0,1.0,127.0,0
D000817,4.4,1160.0,0.93,32.5,0.5,-64.6,-50.3,24.2,44.0,-95.4,9.6,1.0,130.0,1
D000818,4.8,1133.0,1.1,27.5,0.5,-63.7,-49.2,23.8,43.0,-96.7,7.6,1.0,131.0,0
D000819,4.9,1227.0,0.98,30.0,0.48,-67.4,-48.5,23.6,42.0,-95.7,9.6,0.0,126.0,1
D000820,5.4,1146.0,1.14,29.0,0.43,-65.1,-49.6,24.2,40.0,-93.9,12.9,1.0,127.0,0
D000821,6.6,1040.0,1.21,33.0,0.39,-69.1,-49.7,29.9,52.0,-96.0,8.5,1.0,138.0,1
D000822,4.0,1226.0,1.06,26.5,0.49,-65.7,-49.7,25.2,39.0,-94.7,10.3,0.0,126.0,1
D000823,6.2,1146.0,1.25,39.5,0.51,-69.3,-51.8,24.3,58.0,-94.0,4.2,0.0,126.0,1
D000824,4.0,1175.0,1.02,25.5,0.5,-64.2,-47.8,23.2,42.0,-96.9,9.9,1.0,130.0,0
D000825,4.7,1197.0,1.06,28.5,0.52,-65.6,-48.7,24.4,44.0,-96.8,9.4,0.0,121.0,1
D000826,4.5,1246.0,1.09,27.5,0.47,-65.7,-49.6,24.9,41.0,,10.0,0.0,130.0,1
D000827,5.4,1002.0,0.85,28.5,0.56,-64.1,-51.0,29.9,57.0,-93.4,13.9,1.0,124.0,0
D000828,5.7,1244.0,1.49,34.5,0.44,-60.9,-54.6,26.2,30.0,-94.9,9.9,1.0,140.0,1
D000829,5.5,1314.0,0.81,33.0,0.54,-62.1,-53.1,28.1,45.0,-96.0,12.9,0.0,134.0,1
D000830,4.6,1113.0,1.14,29.5,0.48,-64.7,-50.8,25.3,42.0,-96.7,5.2,1.0,124.0,0
D000831,3.6,1302.0,1.26,27.5,0.31,-60.4,-53.8,22.7,34.0,-96.5,22.0,0.0,139.0,0
D000832,5.3,1135.0,1.2,27.5,0.45,-64.3,-50.0,22.3,47.0,-97.3,7.5,1.0,130.0,0
D000833,5.0,1185.0,1.08,29.5,0.5,-65.1,-50.7,23.9,41.0,-95.9,12.4,0.0,127.0,1
D000834,5.5,1010.0,1.26,23.5,0.64,-65.1,-49.6,20.7,44.0,-93.7,0.1,1.0,122.0,0
D000835,5.3,1018.0,0.8,31.0,0.38,-66.0,-53.7,30.0,31.0,-100.0,16.3,1.0,146.0,1
D000836,4.8,1092.0,1.31,33.5,0.4,-64.1,-51.0,28.2,47.0,-93.0,0.2,1.0,130.0,0
D000837,4.3,1241.0,0.93,32.0,0.46,-64.1,-50.2,24.4,38.0,-93.3,11.4,1.0,128.0,1
D000838,5.0,1203.0,1.23,22.0,0.48,-66.7,-47.8,20.0,38.0,-97.3,16.2,1.0,117.0,0
D000839,4.9,1143.0,1.19,28.5,0.42,-64.4,-47.7,23.3,44.0,-95.4,11.5,1.0,128.0,0
D000840,4.9,1164.0,1.07,29.0,0.52,-64.5,-48.7,24.0,44.0,-95.6,10.5,1.0,131.0,1
D000841,4.9,1130.0,1.09,30.5,0.49,-65.0,-50.0,23.5,47.0,-94.7,9.6,1.0,125.0,1
D000842,3.6,1162.0,1.04,27.5,0.64,-60.9,-51.0,22.6,32.0,-95.6,10.3,0.0,116.0,0
D000843,5.7,1336.0,1.45,34.5,0.55,-60.6,-47.3,24.6,34.0,-92.1,9.6,1.0,147.0,1
D000844,4.6,1194.0,1.13,25.5,,-66.4,-48.3,22.4,46.0,-96.4,9.8,1.0,134.0,1
D000845,4.1,1184.0,1.0,29.0,0.52,-65.8,-49.0,25.3,44.0,-94.5,9.0,1.0,136.0,0
D000846,5.7,1179.0,1.14,30.0,0.44,-63.4,-49.0,22.5,43.0,-95.0,11.6,1.0,126.0,1
D000847,4.9,1247.0,1.21,26.5,0.46,-64.1,-48.4,23.3,42.0,-95.1,6.8,0.0,122.0,1
D000848,4.9,1192.0,1.29,28.5,0.49,-66.7,-51.2,24.0,46.0,-95.8,9.0,1.0,134.0,1
D000849,5.2,1148.0,1.17,21.0,0.47,-68.7,-54.7,26.4,53.0,-99.1,23.4,1.0,126.0,0
D000850,6.0,1392.0,1.07,38.0,0.59,-67.1,-48.6,23.5,47.0,-95.8,12.0,1.0,126.0,1
D000851,5.0,1119.0,1.12,29.0,0.49,-65.7,-50.6,23.5,43.0,-95.0,9.7,0.0,135.0,1
D000852,4.0,1138.0,1.12,29.5,0.49,-66.2,-48.0,24.8,43.0,-95.9,6.5,0.0,125.0,1
D000853,6.1,1243.0,1.44,26.5,0.62,-67.3,-45.5,27.0,40.0,-99.3,21.5,1.0,140.0,0
D000854,4.4,1169.0,1.01,29.5,0.52,-67.0,-50.8,24.4,48.0,-95.3,7.3,1.0,121.0,1
D000855,5.2,1268.0,1.44,34.5,0.62,-61.1,-45.6,23.8,37.0,-96.6,3.9,1.0,134.0,1
D000856,4.7,1198.0,1.04,26.0,0.46,-66.1,-49.1,26.3,40.0,-96.1,5.0,0.0,133.0,1
D000857,5.4,,0.92,27.0,0.47,-65.0,-48.6,23.2,42.0,-96.0,10.7,0.0,126.0,1
D000858,5.2,1247.0,1.14,33.0,0.6,-65.0,-50.6,25.6,42.0,-96.9,7.1,,140.0,1
D000859,5.5,1228.0,1.1,31.5,0.48,-65.6,-49.3,24.6,42.0,-96.7,8.2,0.0,120.0,1
D000860,3.8,1321.0,1.13,25.5,0.62,-65.0,-47.2,27.0,46.0,-99.2,16.6,1.0,149.0,0
D000861,4.8,1238.0,1.14,26.5,0.46,-67.9,-50.2,25.2,47.0,-95.4,11.9,1.0,118.0,0
D000862,6.5,1313.0,0.94,32.0,0.46,-62.2,-54.8,29.6,38.0,-94.9,20.5,1.0,107.0,0
D000863,4.8,1196.0,0.99,27.0,0.57,-65.2,-51.3,23.2,43.0,-97.1,7.1,1.0,125.0,1
D000864,6.9,1203.0,0.83,29.0,0.33,-65.3,-45.6,20.3,35.0,-92.3,20.9,0.0,140.0,0
D000865,4.3,1093.0,1.38,38.0,0.64,-65.8,-46.8,27.5,52.0,-97.2,16.7,1.0,101.0,0
D000866,4.8,1148.0,1.08,,0.42,-64.6,-50.2,25.7,42.0,-96.5,6.7,1.0,120.0,1
D000867,4.6,1166.0,1.15,,0.46,-64.9,-51.4,23.7,44.0,-93.6,,1.0,129.0,1
D000868,6.2,1144.0,1.27,29.0,0.64,-69.8,-48.4,20.0,36.0,-99.6,10.9,0.0,111.0,1
D000869,4.7,1194.0,1.23,29.0,0.44,-66.1,-49.8,25.3,46.0,-95.8,7.8,0.0,,1
D000870,4.8,1113.0,1.15,29.0,0.46,-62.9,-50.0,25.2,44.0,-97.5,5.9,0.0,131.0,1
D000871,4.8,1124.0,1.16,32.5,0.48,-65.0,-51.2,22.7,36.0,-96.0,10.1,1.0,123.0,1
D000872,5.5,1090.0,1.48,38.5,0.61,-60.2,-54.7,23.2,46.0,-94.8,19.6,1.0,138.0,1
D000873,5.3,1167.0,1.39,35.5,0.66,-67.0,-48.8,22.3,33.0,-94.4,9.3,1.0,100.0,0
D000874,5.0,1230.0,1.03,32.0,0.5,-64.8,-49.1,25.9,45.0,-96.8,5.8,1.0,130.0,1
D000875,4.7,1132.0,1.01,28.5,0.45,-66.5,,23.2,49.0,-95.4,10.5,0.0,129.0,1
D000876,3.8,1216.0,1.12,30.0,0.52,-64.7,-50.2,24.0,46.0,-96.5,7.4,1.0,131.0,1
D000877,6.8,1206.0,1.58,39.5,0.65,-61.1,-48.5,23.8,32.0,-98.2,6.7,1.0,117.0,0
D000878,4.7,1197.0,1.06,29.0,0.47,-63.6,-49.0,25.8,48.0,-95.4,6.3,1.0,134.0,1
D000879,5.0,1170.0,1.02,26.0,0.45,-64.5,-48.7,23.6,34.0,-95.9,8.1,1.0,125.0,1
D000880,4.4,1168.0,1.23,32.0,0.48,-64.9,-50.9,24.0,41.0,-94.7,9.8,1.0,128.0,1
D000881,3.2,1238.0,0.88,33.5,0.66,-61.3,-48.6,21.8,42.0,-93.5,2.1,1.0,119.0,0
D000882,5.2,1102.0,0.97,29.0,0.51,-65.6,-49.4,25.0,47.0,-95.7,7.2,1.0,121.0,1
D000883,3.6,1098.0,1.42,20.5,0.34,-68.1,-50.0,20.8,42.0,-93.7,10.3,1.0,141.0,0
D000884,5.1,1126.0,1.02,33.0,0.52,-65.9,-50.5,22.2,41.0,-95.3,11.7,0.0,131.0,1
D000885,4.6,1154.0,1.11,28.5,0.45,-64.8,-48.5,23.6,,-94.9,11.6,0.0,128.0,0
D000886,4.8,1144.0,1.05,26.5,0.45,-63.8,-50.0,21.3,41.0,-95.8,9.6,1.0,,0
D000887,4.4,1244.0,1.21,28.5,0.51,-66.3,-51.1,24.2,46.0,-94.2,5.7,0.0,124.0,1
D000888,4.6,1155.0,1.14,29.5,0.49,-63.8,-48.0,23.8,,-96.1,11.8,1.0,121.0,1
D000889,4.9,1225.0,0.9,21.5,0.43,-65.2,-48.2,23.6,42.0,-95.9,1.1,0.0,142.0,1
D000890,5.0,1145.0,0.99,26.0,0.55,-65.4,-50.3,24.5,42.0,-95.4,12.3,0.0,129.0,1
D000891,4.7,1232.0,1.13,32.0,0.52,,-49.9,24.1,47.0,-96.0,6.9,0.0,133.0,1
D000892,4.9,1051.0,1.58,27.0,0.36,-64.8,-47.7,20.6,43.0,-97.2,21.4,0.0,115.0,0
D000893,5.0,1188.0,1.03,28.5,0.51,-67.0,-48.9,23.7,49.0,-94.0,9.1,1.0,125.0,1
D000894,4.7,1244.0,1.07,30.0,0.51,-63.5,,22.8,44.0,-96.4,7.2,1.0,126.0,1
D000895,4.9,1200.0,1.29,29.5,0.46,-64.8,-51.0,25.1,44.0,-94.9,9.2,1.0,129.0,1
D000896,5.0,1140.0,1.09,28.5,0.49,-64.7,-50.6,24.1,42.0,-96.7,11.4,0.0,130.0,1
D000897,4.5,,1.17,34.5,0.48,-66.2,-49.3,24.4,39.0,-96.1,7.5,1.0,135.0,1
D000898,4.5,1232.0,,25.5,0.46,,-52.5,22.8,49.0,-94.8,9.3,1.0,127.0,1
D000899,5.0,1150.0,1.24,26.5,0.7,-69.1,-50.6,21.6,60.0,-94.2,1.3,1.0,113.0,0
D000900,4.7,1318.0,1.37,39.5,0.66,-62.8,-52.3,27.7,46.0,-97.1,16.1,1.0,148.0,0
D000901,6.5,1366.0,0.8,27.0,0.66,-67.5,-47.2,24.1,44.0,-95.3,11.7,0.0,111.0,1
D000902,3.3,1337.0,1.44,20.5,0.55,-65.9,-48.0,23.7,,-99.0,7.8,0.0,147.0,1
D000903,5.8,1061.0,1.33,22.5,0.35,-67.4,-48.9,22.8,32.0,-95.3,4.7,0.0,115.0,1
D000904,5.1,1005.0,1.18,35.0,0.52,-69.5,-51.6,22.7,33.0,-92.1,20.1,,146.0,1
D000905,6.6,1102.0,1.25,29.0,0.56,-64.0,-46.7,20.8,44.0,-94.8,0.1,0.0,133.0,1
D000906,3.5,1197.0,1.09,27.0,0.54,-66.4,-49.4,23.7,41.0,-96.2,8.7,1.0,124.0,0
D000907,4.6,1359.0,1.59,26.0,0.57,-63.6,-54.7,22.8,35.0,-91.1,23.0,0.0,140.0,0
D000908,4.5,1141.0,1.14,28.5,0.47,-65.5,-51.5,23.9,44.0,-95.6,11.0,0.0,134.0,1
D000909,5.0,1193.0,1.1,29.5,0.54,-65.2,-51.0,,45.0,-96.4,8.4,0.0,125.0,1
D000910,4.9,1201.0,1.18,,0.48,-66.1,-49.8,24.7,46.0,-95.8,3.1,1.0,125.0,1
D000911,4.8,1289.0,1.13,28.5,0.46,-65.7,,23.2,,-94.9,8.5,0.0,130.0,1
D000912,6.0,1318.0,1.37,33.0,0.32,-68.6,-54.1,20.5,60.0,-98.3,23.7,1.0,111.0,0
D000913,5.2,,1.2,27.5,0.47,-65.7,-49.5,24.0,42.0,-96.3,10.9,0.0,125.0,1
D000914,4.9,1117.0,1.27,28.0,0.46,-64.6,-49.3,23.2,46.0,-94.1,8.6,1.0,129.0,0
D000915,5.8,1317.0,1.36,35.0,0.32,-65.4,-47.0,20.7,40.0,-91.1,8.9,1.0,103.0,0
D000916,4.8,1199.0,1.17,29.0,0.44,-65.1,-50.8,26.2,42.0,-96.1,10.2,0.0,131.0,0
D000917,4.4,1212.0,1.13,33.0,0.42,-65.2,-47.4,24.6,47.0,-96.1,9.5,1.0,126.0,1
D000918,4.7,1162.0,1.09,20.5,0.41,-60.4,-48.9,21.7,42.0,-100.0,21.7,1.0,102.0,0
D000919,6.7,1098.0,1.03,37.5,0.39,-67.0,-47.1,22.8,47.0,-95.2,8.4,1.0,120.0,1
D000920,4.8,1189.0,1.21,27.0,0.41,-66.8,-50.1,23.4,45.0,-95.2,9.6,1.0,128.0,1
D000921,5.9,1385.0,1.16,31.0,0.48,-60.7,-51.6,29.4,31.0,-95.8,11.9,0.0,104.0,0
D000922,4.5,1139.0,1.26,30.0,0.46,-65.4,-50.2,24.7,39.0,-93.3,11.4,1.0,129.0,1
D000923,3.3,1147.0,1.48,23.0,0.46,-64.6,-47.9,22.7,38.0,-93.8,10.7,1.0,129.0,0
D000924,4.7,1242.0,1.04,26.5,0.49,-65.7,-49.5,25.4,41.0,-96.3,8.3,,121.0,1
D000925,5.3,1262.0,1.2,30.0,0.41,-65.4,-50.5,24.1,44.0,-95.0,9.1,0.0,126.0,1
D000926,3.9,1191.0,1.06,31.5,0.49,-66.4,-49.4,23.2,48.0,-95.5,9.3,0.0,135.0,1
D000927,5.0,1202.0,1.08,29.0,0.46,-65.3,-49.9,23.7,41.0,-95.5,9.6,,127.0,1
D000928,,1204.0,1.26,28.5,0.47,-65.3,-49.6,24.0,44.0,-96.8,11.9,1.0,122.0,1
D000929,5.4,1155.0,1.18,33.5,0.49,-64.7,-49.1,24.0,44.0,-96.6,6.5,1.0,133.0,1
D000930,4.7,1182.0,1.16,28.5,0.5,-67.1,-48.1,23.2,41.0,-95.2,11.3,1.0,,1
D000931,4.7,1194.0,1.18,30.5,0.43,-66.2,-49.0,22.9,44.0,-95.7,10.7,1.0,135.0,1
D000932,4.2,1388.0,1.5,21.0,0.51,-68.0,-53.9,26.6,34.0,-99.2,2.5,1.0,122.0,1
D000933,4.8,1228.0,1.06,26.0,0.48,-65.2,-49.6,22.6,44.0,-95.2,5.1,1.0,124.0,0
D000934,5.4,1167.0,0.99,29.0,0.47,-64.9,-49.4,22.4,49.0,-96.8,9.0,1.0,129.0,1
D000935,6.8,1107.0,1.35,34.5,0.65,-68.2,-48.9,21.0,57.0,-92.7,16.8,1.0,143.0,1
D000936,4.2,1362.0,1.51,33.0,0.59,-66.0,-49.9,20.9,33.0,-90.3,11.3,0.0,110.0,0
D000937,3.7,1202.0,0.94,36.5,0.51,-69.5,-47.0,20.5,,-92.0,7.6,0.0,148.0,1
D000938,5.2,1132.0,1.16,27.5,0.39,-65.8,-51.4,24.1,50.0,-96.9,5.6,0.0,133.0,1
D000939,5.7,1219.0,1.11,30.0,0.54,,-48.8,24.5,48.0,-94.1,8.3,0.0,126.0,1
D000940,,1222.0,1.06,29.5,0.51,-64.2,-49.5,24.9,47.0,-95.0,11.6,0.0,124.0,1
D000941,5.4,1359.0,1.24,36.0,0.63,-69.0,-52.6,28.7,32.0,-93.9,14.7,0.0,149.0,1
D000942,4.9,1185.0,1.07,30.0,0.48,-66.2,-49.1,24.2,45.0,-97.0,8.0,0.0,134.0,1
D000943,6.1,1098.0,,30.0,0.49,-61.7,-46.1,20.3,32.0,-92.2,18.8,0.0,132.0,0
D000944,4.4,1197.0,1.16,29.0,0.46,-67.5,-52.1,23.1,44.0,-95.2,7.1,0.0,135.0,1
D000945,4.9,1109.0,1.06,29.5,0.5,-64.8,-49.9,24.1,44.0,-95.0,6.8,,126.0,1
D000946,6.1,1186.0,1.27,40.0,0.5,-69.8,-48.3,28.5,33.0,-97.9,,0.0,137.0,1
D000947,,,1.03,30.5,0.52,-66.1,-50.0,23.3,42.0,-94.0,12.1,0.0,124.0,1
D000948,6.3,1280.0,1.18,27.5,0.31,-61.4,-47.2,26.6,52.0,-94.8,14.6,1.0,125.0,0
D000949,5.2,1159.0,1.58,33.0,0.65,-63.4,-47.3,23.0,36.0,-90.8,4.1,0.0,129.0,0
D000950,5.7,1224.0,1.06,32.5,0.52,-63.2,-50.4,23.4,46.0,-95.8,6.1,0.0,138.0,0
D000951,4.6,1218.0,1.1,26.0,0.46,-64.7,-50.3,,53.0,-95.2,8.0,0.0,133.0,1
D000952,4.0,,0.94,28.0,0.52,-64.1,-49.6,24.2,43.0,-95.3,10.8,1.0,126.0,0
D000953,5.8,1394.0,1.23,35.5,0.52,-67.2,-48.5,22.2,42.0,-98.4,5.0,0.0,120.0,1
D000954,4.7,1163.0,1.13,28.5,0.43,,-49.7,23.0,39.0,-96.6,7.5,0.0,122.0,1
D000955,5.2,1250.0,1.08,26.0,0.48,-64.6,-48.5,24.1,41.0,-95.1,9.6,1.0,130.0,0
D000956,4.5,1217.0,1.17,31.0,0.44,-65.2,-49.8,23.9,47.0,-96.1,8.4,1.0,127.0,1
D000957,3.4,1154.0,1.53,26.5,0.41,-65.7,-54.1,28.0,37.0,-92.8,14.5,1.0,135.0,0
D000958,3.8,1230.0,1.08,34.5,0.58,-61.0,-47.2,25.4,33.0,-97.1,17.6,1.0,111.0,0
D000959,5.7,1396.0,1.53,32.5,0.6,-64.4,-47.2,29.4,41.0,-99.5,2.9,0.0,115.0,0
D000960,5.1,1261.0,1.12,29.5,0.49,-65.3,-50.4,26.0,41.0,-94.8,12.6,1.0,133.0,1
D000961,4.7,1186.0,1.13,31.0,0.48,-65.5,-48.9,24.9,45.0,-94.0,10.8,0.0,125.0,1
D000962,6.3,,1.41,25.0,0.41,,,21.7,33.0,-93.0,16.5,0.0,133.0,0
D000963,3.3,1026.0,1.53,21.0,0.63,-68.7,-46.0,27.6,,-91.1,5.2,0.0,118.0,0
D000964,4.1,1202.0,1.14,28.0,0.46,-64.9,-49.6,23.8,44.0,-94.1,11.1,0.0,127.0,0
D000965,4.5,1139.0,1.17,30.0,0.47,-64.8,-47.8,24.5,40.0,-95.8,8.8,0.0,134.0,1
D000966,4.0,1203.0,1.11,30.5,0.41,-64.9,-50.1,,43.0,-96.2,8.7,1.0,132.0,1
D000967,5.1,1193.0,,34.0,0.51,-65.9,-51.1,24.9,41.0,-95.0,8.7,1.0,128.0,1
D000968,3.9,1074.0,0.8,22.5,0.49,-69.2,-45.9,27.2,53.0,-94.9,0.1,1.0,101.0,0
D000969,4.8,1175.0,0.98,30.5,0.5,-65.7,-50.2,24.1,40.0,-95.4,9.2,1.0,132.0,1
D000970,5.0,1225.0,1.15,30.5,0.53,-64.7,-51.8,23.6,43.0,-96.2,,1.0,129.0,1
D000971,4.7,1256.0,1.02,31.0,0.5,-63.7,-49.4,24.8,42.0,-95.9,6.5,0.0,128.0,1
D000972,4.2,1054.0,1.18,24.5,0.56,-62.1,,21.6,32.0,-90.6,6.2,,126.0,0
D000973,4.5,1180.0,1.09,26.0,0.44,-63.5,-50.9,25.7,42.0,-96.4,11.0,0.0,122.0,1
D000974,4.5,1198.0,1.21,30.0,0.47,-66.0,-50.5,23.8,45.0,-94.6,3.5,1.0,121.0,1
D000975,4.3,1178.0,1.09,27.5,0.49,-65.1,-51.1,24.8,46.0,-95.4,8.9,0.0,132.0,0
D000976,5.3,1128.0,1.1,22.0,0.51,-69.8,-52.6,29.1,50.0,-91.6,14.8,1.0,123.0,0
D000977,6.3,1089.0,1.59,34.0,0.5,-61.7,-47.7,20.2,40.0,-90.7,0.2,0.0,102.0,0
D000978,4.3,1117.0,1.12,22.5,0.65,-64.1,-52.1,25.0,44.0,-91.3,16.4,1.0,128.0,0
D000979,4.8,1166.0,1.08,32.0,0.51,-66.1,-49.5,22.4,48.0,-93.6,9.0,1.0,137.0,1
D000980,6.7,1399.0,1.6,32.5,0.39,-65.6,-50.1,20.5,40.0,-98.5,16.9,1.0,115.0,1
D000981,5.7,1300.0,1.39,32.0,0.61,-63.6,-51.0,28.5,40.0,-93.6,8.8,0.0,112.0,0
D000982,3.9,1191.0,1.1,28.0,0.5,-67.7,-52.6,24.5,45.0,-94.9,6.2,1.0,127.0,1
D000983,6.0,1171.0,1.11,39.5,0.47,-66.6,-51.3,29.6,41.0,-95.1,2.7,0.0,121.0,1
D000984,5.0,1147.0,1.0,32.5,0.48,-65.9,-48.6,24.8,44.0,-97.6,11.0,1.0,125.0,1
D000985,4.6,1228.0,0.93,31.0,0.55,-66.6,-51.3,25.1,48.0,-95.7,9.8,1.0,124.0,1
D000986,5.2,1173.0,1.07,29.5,0.49,-65.4,-51.6,25.4,41.0,-95.8,7.5,1.0,130.0,1
D000987,4.5,1243.0,1.28,27.0,0.47,-64.3,-49.6,26.7,41.0,-96.4,,1.0,127.0,1
D000988,6.5,1221.0,1.52,32.0,0.39,-63.1,-48.0,28.2,47.0,-97.0,16.1,0.0,118.0,0
D000989,4.2,1239.0,1.04,,0.48,-65.1,-47.6,22.5,49.0,-96.4,9.2,1.0,126.0,0
D000990,4.6,1156.0,1.22,28.0,0.39,-66.1,-49.8,23.1,45.0,,11.2,0.0,125.0,0
D000991,3.8,1276.0,0.97,36.5,0.62,-63.9,-49.0,26.9,56.0,-91.8,4.1,0.0,141.0,1
D000992,,1198.0,1.11,28.0,0.43,-66.1,-48.5,24.3,46.0,-96.9,8.8,0.0,126.0,1
D000993,5.0,1185.0,1.13,30.0,0.49,-64.7,-50.7,23.4,45.0,-94.8,10.3,1.0,133.0,0
D000994,4.6,1171.0,1.05,31.0,0.46,-67.7,-50.6,21.8,44.0,-95.9,10.5,0.0,118.0,1
D000995,4.9,1059.0,1.07,34.5,0.6,-63.4,-54.4,20.5,32.0,-99.1,22.7,1.0,122.0,0
D000996,5.2,1212.0,1.07,25.5,0.48,-65.7,-51.0,26.2,40.0,-95.5,6.0,1.0,123.0,1
D000997,5.6,1197.0,0.97,30.0,0.51,-65.8,-50.5,25.2,43.0,-94.5,7.6,1.0,125.0,1
D000998,6.7,1188.0,1.41,24.5,0.52,-67.6,-50.1,23.6,49.0,-98.2,17.7,0.0,122.0,1
D000999,4.8,1235.0,1.04,29.0,0.46,-64.1,,25.0,45.0,-95.1,12.8,1.0,129.0,1
D001000,4.9,1177.0,1.05,31.0,0.42,-65.6,-51.6,25.9,40.0,-94.2,7.8,0.0,124.0,1
D001001,3.8,1009.0,1.28,22.5,0.42,-67.3,-46.6,23.0,50.0,-98.8,10.5,0.0,110.0,0
D001002,6.6,1341.0,1.36,20.5,0.32,,,20.9,42.0,-96.3,12.4,1.0,146.0,1
D001003,4.2,1123.0,1.14,32.5,0.46,-67.1,-49.7,24.2,39.0,-94.8,7.4,,133.0,1
D001004,4.8,1177.0,1.13,32.0,0.53,-63.7,-48.3,24.4,40.0,-95.9,8.5,1.0,133.0,1
D001005,4.9,1153.0,1.09,27.0,0.45,-65.4,-50.3,23.3,44.0,-95.8,4.9,1.0,131.0,1
D001006,5.1,1133.0,0.94,30.0,0.47,-64.7,-50.5,24.6,43.0,-94.8,11.3,0.0,126.0,1
D001007,4.8,1148.0,1.21,29.5,0.45,-63.0,-50.3,24.0,38.0,-95.7,8.7,0.0,117.0,0
D001008,6.4,1341.0,1.21,24.5,0.46,-63.3,-51.1,22.2,47.0,-93.6,18.8,1.0,137.0,1
D001009,4.6,1175.0,0.95,29.0,0.48,-65.3,-49.5,25.2,48.0,-96.1,10.4,1.0,124.0,0
D001010,5.8,1356.0,1.53,38.0,0.44,-68.0,-52.3,21.5,32.0,-97.2,11.0,1.0,143.0,1
D001011,4.0,1117.0,1.07,29.5,0.47,-66.2,-51.2,23.7,45.0,,11.2,0.0,131.0,1
D001012,5.0,1236.0,1.15,29.5,0.51,-66.3,-49.3,24.8,45.0,-95.3,10.3,0.0,139.0,1
D001013,5.2,1176.0,1.14,26.5,0.56,-65.7,-49.4,23.6,47.0,-94.5,8.9,1.0,130.0,1
D001014,5.0,1120.0,1.07,28.5,0.41,-65.9,-47.9,25.0,45.0,-95.2,8.8,0.0,130.0,1
D001015,5.0,1175.0,1.07,29.5,0.44,-65.8,-49.9,23.4,48.0,,4.6,0.0,130.0,1
D001016,4.8,1227.0,1.08,29.0,0.55,-64.8,-49.1,24.8,48.0,-94.3,8.0,1.0,129.0,0
D001017,,1174.0,1.05,32.0,0.37,-65.7,-48.8,24.2,49.0,-97.6,9.6,1.0,131.0,1
D001018,5.0,1163.0,1.11,29.5,0.48,-66.1,-49.2,23.5,44.0,-95.6,7.4,1.0,128.0,1
D001019,5.5,1154.0,0.9,32.0,0.42,-65.0,-50.2,24.7,37.0,-96.2,7.6,0.0,125.0,1
D001020,3.2,1064.0,1.53,38.5,0.68,-60.9,-47.7,21.8,59.0,-93.1,,0.0,121.0,0
D001021,4.7,1360.0,1.18,20.5,0.32,-67.9,-49.8,28.9,56.0,-99.4,9.3,1.0,124.0,0
D001022,5.0,1172.0,1.1,29.0,0.47,-64.5,-51.0,25.2,49.0,-94.5,7.5,1.0,130.0,1
D001023,5.7,1259.0,0.89,36.0,0.62,-66.8,-54.4,26.1,35.0,-99.0,19.1,0.0,141.0,1
D001024,5.1,1122.0,0.93,32.5,0.5,-66.6,-50.9,25.0,48.0,-96.5,7.8,1.0,122.0,1
D001025,3.1,1160.0,0.96,24.0,0.41,-66.9,-51.6,25.3,32.0,-95.6,20.0,1.0,145.0,0
D001026,5.5,1227.0,0.97,28.0,0.51,-66.6,-48.2,23.0,49.0,-96.5,9.5,0.0,128.0,1
D001027,4.4,1215.0,1.12,28.0,0.52,-64.7,-51.4,23.5,45.0,-95.9,6.4,1.0,126.0,1
D001028,5.4,1371.0,1.55,39.0,0.4,-65.1,-45.6,26.2,36.0,-97.3,14.1,0.0,105.0,0
D001029,4.4,1160.0,1.09,27.5,0.48,-66.3,-47.1,24.7,41.0,-95.4,7.3,0.0,135.0,1
D001030,6.6,1115.0,1.23,32.0,0.58,-68.8,-48.7,29.1,51.0,-97.0,19.2,1.0,121.0,0
D001031,7.0,1205.0,1.06,23.5,0.46,-68.8,-52.1,21.0,47.0,-90.3,4.0,0.0,101.0,1
D001032,4.3,1175.0,1.16,31.0,0.48,-65.2,-50.8,22.3,45.0,,13.9,0.0,137.0,0
D001033,5.3,1182.0,1.12,29.0,0.56,-64.0,-48.1,24.7,40.0,-97.0,10.2,1.0,136.0,1
D001034,6.5,1032.0,1.55,31.0,0.4,-69.6,-50.5,27.6,48.0,-94.0,23.1,0.0,114.0,0
D001035,5.3,1124.0,0.94,26.5,0.53,,-48.7,23.7,51.0,-95.4,8.6,0.0,124.0,1
D001036,5.1,1124.0,1.09,27.0,0.46,-64.9,-48.9,,43.0,-95.4,11.7,1.0,130.0,1
D001037,5.2,1221.0,1.23,30.0,0.55,-63.5,-50.2,22.9,37.0,-94.2,8.2,1.0,135.0,1
D001038,4.6,1023.0,1.21,24.0,0.44,-67.5,-47.3,28.3,53.0,-91.8,6.8,1.0,129.0,0
D001039,4.9,1150.0,1.18,29.0,0.49,-65.0,-47.9,23.7,43.0,-95.7,4.8,1.0,127.0,1
D001040,4.6,1157.0,1.13,28.0,0.5,-64.6,-50.3,25.0,45.0,-94.4,5.0,0.0,125.0,1
D001041,5.8,1054.0,1.32,24.0,0.45,-66.7,-54.9,25.4,,-93.0,9.5,1.0,149.0,1
D001042,4.7,1136.0,1.15,26.5,0.54,-64.6,-47.5,23.7,47.0,-94.8,12.8,1.0,130.0,1
D001043,4.5,1165.0,1.26,33.0,0.48,-66.3,-49.1,22.6,43.0,-95.3,8.3,0.0,123.0,1
D001044,4.8,1172.0,1.06,28.5,0.47,-65.9,-50.6,23.8,38.0,-95.6,14.1,1.0,131.0,0
D001045,4.3,1276.0,1.1,28.0,0.5,-64.1,-49.1,25.7,46.0,-95.0,6.4,1.0,132.0,1
D001046,4.7,1161.0,1.06,31.0,0.45,-64.6,-49.7,23.9,43.0,-94.2,7.5,1.0,122.0,1
D001047,5.8,1140.0,1.07,40.0,0.55,-67.9,-54.9,21.5,58.0,-99.7,10.4,1.0,143.0,1
D001048,6.3,1093.0,1.16,35.5,0.55,-61.0,-47.1,27.3,37.0,-98.8,6.4,1.0,134.0,1
D001049,4.4,1234.0,1.03,30.0,0.57,-65.4,-51.1,23.6,42.0,-95.7,7.8,1.0,122.0,1
D001050,4.6,1168.0,1.02,31.5,0.5,-63.8,-50.3,22.7,48.0,-94.7,10.5,0.0,124.0,1
D001051,5.9,1184.0,1.18,29.0,0.5,-65.0,-49.6,23.4,45.0,-96.3,10.7,0.0,122.0,1
D001052,5.5,1174.0,0.99,31.0,0.44,-66.1,-50.1,26.9,43.0,-93.8,6.7,1.0,131.0,1
D001053,4.8,1187.0,1.02,29.0,0.46,-64.6,-50.2,25.1,49.0,-94.8,11.4,0.0,131.0,1
D001054,5.8,1130.0,1.26,28.0,0.48,-65.5,-47.9,23.2,45.0,-94.8,8.7,1.0,129.0,1
D001055,4.7,1149.0,1.06,31.5,0.53,-65.8,-50.6,23.3,42.0,-95.2,6.9,1.0,122.0,1
D001056,4.2,1185.0,1.16,28.5,0.49,-67.7,-50.2,23.0,48.0,-95.5,10.5,1.0,137.0,1
D001057,4.7,1114.0,1.19,25.0,0.51,-65.7,-49.2,23.4,40.0,-95.9,4.3,1.0,125.0,0
D001058,5.3,1006.0,1.37,33.0,0.38,-63.1,-52.6,25.9,32.0,-99.2,13.9,1.0,145.0,1
D001059,5.7,1060.0,1.24,39.0,0.56,-67.8,-46.6,29.4,43.0,-95.2,23.5,1.0,131.0,1
D001060,4.9,1171.0,1.16,25.0,0.49,-64.7,-50.3,24.1,47.0,-96.7,8.1,1.0,133.0,1
D001061,5.0,1180.0,1.04,30.0,0.44,-65.8,-50.4,25.6,41.0,-95.6,5.3,1.0,134.0,1
D001062,4.1,1128.0,1.01,30.5,0.47,-60.5,-52.6,23.9,31.0,-93.4,10.9,0.0,131.0,1
D001063,4.6,1163.0,1.02,27.0,0.63,-68.3,,25.8,40.0,-96.4,7.2,1.0,128.0,1
D001064,4.2,1005.0,1.0,30.5,0.66,-67.1,-52.7,23.1,33.0,-95.5,22.1,1.0,119.0,0
D001065,5.3,1258.0,1.1,29.0,0.47,-65.8,-50.3,24.1,45.0,-97.2,9.2,0.0,140.0,1
D001066,4.6,1221.0,1.17,31.5,0.42,-65.5,-49.9,22.8,47.0,-96.1,12.7,1.0,122.0,0
D001067,5.2,,1.17,33.5,0.48,-64.4,-50.4,23.8,44.0,-91.9,11.2,1.0,127.0,1
D001068,5.3,1181.0,1.06,,0.47,-64.5,-49.8,24.0,39.0,-96.4,9.2,1.0,128.0,1
D001069,5.3,1139.0,1.04,29.0,0.48,-64.8,-47.9,23.7,44.0,-94.7,,0.0,126.0,1
D001070,6.1,1103.0,1.34,22.0,0.39,-69.9,-52.0,20.5,53.0,-92.1,6.0,0.0,136.0,1
D001071,4.7,1196.0,1.14,27.0,0.45,-64.4,-50.6,23.1,46.0,-95.2,8.5,0.0,130.0,1
D001072,4.1,1354.0,1.51,24.0,0.4,-63.3,-49.8,27.7,37.0,-94.4,17.4,1.0,116.0,0
D001073,5.2,1147.0,1.09,31.0,0.48,-65.8,-49.5,23.9,47.0,-95.3,8.6,0.0,123.0,1
D001074,4.2,1173.0,1.08,30.5,0.55,-64.8,-51.4,23.9,43.0,-94.3,9.9,1.0,118.0,1
D001075,4.3,1203.0,1.12,31.0,0.47,-64.1,-48.5,25.3,47.0,-96.5,15.6,1.0,128.0,0
D001076,5.2,1215.0,1.16,30.5,0.46,-67.1,-50.4,25.2,44.0,-94.3,7.8,0.0,127.0,1
D001077,5.4,1186.0,1.01,27.0,0.47,-67.2,-49.1,25.0,48.0,-94.4,12.0,1.0,135.0,1
D001078,5.0,1134.0,1.09,30.5,0.49,-66.9,-48.0,24.7,38.0,-95.1,9.2,1.0,127.0,0
D001079,4.8,1149.0,1.1,30.0,0.44,-66.0,-49.9,24.3,45.0,-95.8,7.5,1.0,135.0,0
D001080,4.4,1191.0,1.01,28.5,0.48,-64.1,-50.0,23.5,45.0,-94.0,10.0,0.0,123.0,1
D001081,5.1,1104.0,1.39,39.0,0.7,-62.2,-50.5,21.1,49.0,-91.8,9.6,0.0,148.0,0
D001082,4.6,1174.0,1.07,26.0,0.53,-64.6,-48.3,24.2,45.0,-96.2,10.1,0.0,127.0,1
D001083,4.6,1134.0,1.25,30.0,0.51,-64.0,-50.8,23.6,43.0,-95.3,,1.0,120.0,0
D001084,4.9,1186.0,1.06,30.0,0.47,-63.7,-49.1,25.0,38.0,-94.6,4.7,0.0,132.0,1
D001085,5.4,1395.0,0.88,34.0,0.34,-64.3,-48.9,21.2,49.0,-93.5,12.5,0.0,142.0,0
D001086,3.2,1280.0,1.24,22.0,0.65,-69.8,-46.6,20.4,40.0,,21.9,1.0,113.0,0
D001087,4.8,1202.0,1.02,27.0,0.51,-66.2,-49.6,25.3,42.0,-95.4,7.7,0.0,123.0,1
D001088,4.4,1137.0,1.05,30.5,0.4,-66.2,-50.8,24.1,49.0,-97.2,12.0,1.0,131.0,0
D001089,4.5,1278.0,1.15,22.5,0.63,-61.2,-47.8,20.2,35.0,-99.9,21.3,1.0,114.0,0
D001090,7.0,1231.0,1.43,20.5,0.64,-60.7,-54.2,21.1,56.0,-91.7,2.5,1.0,149.0,0
D001091,4.9,1188.0,1.09,28.5,0.42,-66.7,-49.4,24.3,44.0,-95.0,11.4,0.0,130.0,1
D001092,4.9,1211.0,1.11,28.5,0.58,-65.2,-48.8,23.9,46.0,-94.6,8.5,0.0,126.0,1
D001093,4.3,1188.0,1.17,33.0,0.49,-65.9,-50.4,25.3,39.0,-94.5,6.5,0.0,131.0,1
D001094,5.5,1094.0,1.09,28.0,0.49,-62.1,-52.2,29.6,53.0,-92.2,10.7,1.0,120.0,0
D001095,3.0,1138.0,1.35,28.0,0.68,-67.2,-46.2,24.0,47.0,-98.2,1.9,1.0,135.0,0
D001096,4.3,1186.0,1.12,32.5,0.51,-66.7,-50.8,24.2,44.0,-94.9,9.5,1.0,131.0,1
D001097,4.0,1065.0,0.87,,0.58,-67.8,-47.7,26.0,41.0,-93.4,11.0,,137.0,1
D001098,5.7,1175.0,0.95,21.5,0.61,-66.0,-52.5,27.5,46.0,-98.1,23.8,1.0,122.0,0
D001099,3.7,1159.0,1.21,31.5,0.55,-64.2,-49.5,22.4,46.0,-94.5,3.6,1.0,132.0,1
D001100,5.3,1203.0,1.07,29.0,0.48,-65.7,-49.9,22.6,44.0,-97.2,,0.0,130.0,1
D001101,4.3,1200.0,1.06,25.5,0.5,-66.3,-50.3,22.2,41.0,-96.3,11.3,0.0,129.0,1
D001102,4.9,1175.0,1.12,29.5,0.5,-65.0,-50.4,25.0,42.0,-96.8,6.5,1.0,128.0,1
D001103,5.4,1200.0,1.02,31.0,0.45,-66.6,-50.0,25.0,43.0,-95.5,9.8,0.0,125.0,1
D001104,4.7,1145.0,1.04,26.5,0.45,-66.7,-50.0,23.2,50.0,-95.3,11.5,1.0,124.0,0
D001105,4.9,1216.0,1.14,27.0,0.51,-68.1,-51.0,26.6,43.0,-97.6,10.2,,127.0,1
D001106,4.5,1206.0,1.21,28.5,0.55,-64.7,-48.3,24.4,44.0,-94.7,2.3,0.0,129.0,1
D001107,5.8,1197.0,0.88,27.5,0.52,-63.8,-50.9,23.5,42.0,-94.5,9.1,1.0,129.0,1
D001108,4.5,1173.0,1.09,28.0,0.46,-64.5,-49.5,24.2,43.0,-95.5,6.9,1.0,126.0,1
D001109,3.2,1237.0,,28.5,0.65,-69.6,-47.7,20.3,52.0,-93.1,10.4,0.0,113.0,0
D001110,5.2,,1.01,28.0,0.48,-66.1,-49.5,25.0,42.0,-94.4,4.2,1.0,,1
D001111,5.3,1166.0,1.14,32.5,0.51,-65.7,-50.8,25.2,49.0,-95.1,12.8,1.0,124.0,1
D001112,5.1,1108.0,,23.0,0.31,-66.1,-54.9,25.5,46.0,-91.1,6.5,1.0,120.0,0
D001113,4.4,1111.0,1.11,29.0,0.5,-64.0,-49.6,24.5,45.0,-93.5,8.7,0.0,126.0,1
D001114,5.0,1188.0,1.03,29.0,0.5,-65.9,-50.2,23.1,40.0,-95.8,7.2,1.0,124.0,1
D001115,4.0,1026.0,1.35,32.5,0.5,-70.0,,23.5,32.0,-98.6,18.3,0.0,108.0,1
D001116,4.7,1165.0,1.12,29.0,0.54,-65.0,-50.3,22.1,41.0,-95.3,10.0,1.0,127.0,1
D001117,5.0,1117.0,1.13,31.0,0.45,-64.1,-49.8,24.1,41.0,-93.4,8.6,0.0,130.0,1
D001118,4.9,1359.0,1.38,22.5,0.65,-62.7,-51.4,24.7,39.0,-91.1,20.6,0.0,136.0,0
D001119,4.8,1175.0,1.26,27.5,0.45,-66.7,-49.7,26.3,42.0,-93.5,12.0,1.0,136.0,1
D001120,4.3,1202.0,1.15,29.5,0.45,-65.6,-51.7,24.8,42.0,-93.7,9.0,1.0,125.0,0
D001121,,1194.0,1.19,29.0,0.49,,-51.8,22.7,45.0,-96.0,10.2,1.0,118.0,0
D001122,5.2,1256.0,1.03,31.0,0.5,-65.8,-50.2,22.3,39.0,-94.3,7.1,0.0,132.0,1
D001123,5.1,1180.0,1.26,31.0,0.49,-66.8,-50.4,23.9,47.0,-96.8,13.5,1.0,123.0,1
D001124,4.6,1022.0,1.57,38.0,0.44,-61.2,-45.7,21.9,46.0,-93.5,18.5,1.0,142.0,0
D001125,5.2,,1.04,28.0,0.44,-67.2,-50.0,23.5,47.0,-96.0,9.2,0.0,127.0,1
D001126,4.5,1187.0,1.12,26.0,0.45,-66.0,-51.4,24.6,45.0,-95.0,13.8,0.0,123.0,1
D001127,5.1,1151.0,1.09,31.0,0.49,-64.8,-49.5,23.2,,-95.3,4.2,1.0,126.0,1
D001128,6.1,1109.0,0.91,24.0,0.69,-67.1,-53.2,21.6,58.0,-96.6,23.1,0.0,120.0,0
D001129,4.0,1203.0,1.2,25.5,0.44,-65.1,-49.6,22.8,45.0,-97.3,8.6,1.0,127.0,0
D001130,5.5,1069.0,0.96,37.5,0.57,-64.0,-48.0,25.2,53.0,-95.1,23.2,0.0,133.0,0
D001131,4.5,1164.0,1.11,29.5,0.46,-65.7,-49.7,24.9,44.0,-96.0,3.1,1.0,121.0,1
D001132,5.9,1177.0,1.15,28.5,0.51,-66.5,-49.2,24.3,45.0,-95.2,4.9,0.0,111.0,1
D001133,4.6,1232.0,1.04,33.0,0.49,-65.8,-49.7,25.4,42.0,-97.1,11.8,1.0,125.0,1
D001134,3.9,1149.0,1.13,25.0,0.59,-66.6,-55.0,29.0,,-97.9,14.6,1.0,104.0,0
D001135,4.4,1189.0,1.11,28.0,0.47,-65.1,-49.1,22.4,42.0,-95.1,8.6,1.0,121.0,0
D001136,5.0,1147.0,1.12,25.5,0.46,-69.2,-51.8,30.0,54.0,-90.1,21.3,1.0,125.0,0
D001137,5.1,1147.0,1.19,29.5,0.52,-65.3,-48.9,23.9,46.0,-95.5,11.0,1.0,131.0,1
D001138,5.9,1231.0,0.97,21.0,0.55,-65.6,-48.8,23.0,54.0,-93.9,18.1,1.0,144.0,0
D001139,4.4,1207.0,0.99,30.5,0.48,-67.0,-51.2,26.9,45.0,-95.9,8.9,0.0,115.0,1
D001140,6.9,1234.0,0.95,25.0,0.51,-64.1,-53.0,29.2,51.0,-98.4,0.6,1.0,123.0,1
D001141,6.6,1055.0,1.52,21.5,,-69.1,-52.9,22.3,35.0,,18.2,0.0,103.0,0
D001142,4.3,1256.0,0.85,35.0,0.65,-69.6,-45.7,29.0,42.0,-91.7,14.6,0.0,117.0,0
D001143,5.2,1156.0,1.09,27.5,0.42,-66.8,-50.5,24.0,43.0,-93.4,9.7,0.0,120.0,1
D001144,6.7,1263.0,1.49,25.0,0.62,-67.1,-45.0,21.7,53.0,-91.5,16.6,0.0,147.0,1
D001145,5.2,1214.0,1.08,27.5,0.44,-64.5,-49.7,23.2,42.0,-95.1,7.1,1.0,138.0,1
D001146,5.5,1002.0,1.48,37.5,0.48,-69.6,-45.4,20.2,53.0,-93.6,16.3,0.0,119.0,0
D001147,4.2,1226.0,1.45,22.0,0.37,-60.7,-46.2,26.4,38.0,-90.5,17.8,0.0,129.0,0
D001148,5.1,1178.0,1.08,25.0,0.48,-66.3,-48.3,24.8,49.0,-98.4,12.5,1.0,126.0,1
D001149,5.3,1218.0,1.07,25.5,0.5,,-50.1,24.3,48.0,-95.3,12.0,0.0,124.0,0
D001150,5.5,1113.0,1.0,25.5,0.55,-66.8,-51.0,24.6,43.0,-94.6,8.8,0.0,130.0,1
D001151,4.0,1033.0,1.0,28.0,0.4,-60.7,-46.5,27.4,48.0,-92.6,11.0,1.0,108.0,0
D001152,5.5,1212.0,1.03,29.0,0.48,-66.1,-50.4,22.5,40.0,-96.7,9.6,,,1
D001153,4.4,1191.0,1.13,32.5,0.5,-65.8,-51.4,25.0,47.0,-95.6,7.5,0.0,126.0,1
D001154,4.3,1139.0,1.1,32.5,0.49,-65.5,-49.5,23.3,42.0,-96.1,13.3,1.0,131.0,0
D001155,5.0,1184.0,1.12,29.5,0.45,-65.6,-51.8,25.8,42.0,-95.7,7.1,0.0,119.0,1
D001156,5.2,1011.0,0.98,37.5,0.35,-64.0,-53.9,29.7,50.0,-98.1,2.8,0.0,145.0,1
D001157,3.6,1395.0,1.0,26.0,0.67,-63.1,-46.1,27.5,41.0,,9.7,0.0,104.0,0
D001158,6.3,1076.0,1.53,22.5,0.48,-63.6,-53.5,26.7,59.0,-93.5,9.9,0.0,118.0,0
D001159,5.4,1019.0,1.34,37.0,0.33,-64.6,-45.0,29.4,60.0,-91.1,3.3,0.0,134.0,0
D001160,5.0,1259.0,1.07,27.5,0.48,,-48.4,23.0,47.0,-95.2,6.7,0.0,136.0,1
D001161,5.0,1141.0,1.17,27.0,0.47,-65.5,-52.4,23.8,39.0,-95.4,9.3,0.0,126.0,1
D001162,6.7,1202.0,0.8,26.0,0.65,-67.4,-45.9,22.0,42.0,-97.1,16.5,1.0,116.0,0
D001163,6.6,1130.0,1.46,34.0,0.5,-62.9,-52.2,27.0,46.0,-93.8,10.3,0.0,107.0,0
D001164,4.5,1084.0,1.2,31.0,0.36,-63.8,-48.7,27.1,48.0,-93.3,20.4,1.0,124.0,0
D001165,4.5,1316.0,1.21,29.5,0.55,-66.5,-50.4,23.0,43.0,-95.7,8.1,0.0,126.0,1
D001166,7.0,1152.0,1.29,32.5,0.51,-60.6,-52.7,20.9,,-99.1,14.6,1.0,116.0,0
D001167,5.2,1199.0,1.12,32.0,0.49,-65.3,-49.6,25.1,40.0,-94.5,9.0,0.0,136.0,1
D001168,4.2,1267.0,1.12,27.5,0.46,-67.0,-49.4,22.4,48.0,-96.2,8.5,0.0,130.0,1
D001169,4.3,1187.0,1.03,27.5,0.5,-64.3,-50.6,23.5,45.0,-94.2,8.0,0.0,126.0,1
D001170,5.6,1264.0,1.53,22.0,0.63,-65.8,-47.6,22.8,37.0,-91.0,6.5,1.0,102.0,0
D001171,3.2,1297.0,1.3,35.5,0.64,-64.6,-47.1,23.9,42.0,-97.3,4.3,1.0,136.0,0
D001172,4.9,1185.0,1.19,30.5,0.45,-65.6,-49.4,25.2,35.0,-96.5,8.6,0.0,123.0,1
D001173,4.5,1190.0,1.12,31.5,0.51,-65.4,,24.6,47.0,-96.2,11.3,1.0,133.0,1
D001174,6.3,1113.0,1.0,32.5,0.63,-63.5,-47.7,20.3,42.0,-95.2,3.5,1.0,125.0,1
D001175,4.0,1169.0,1.01,30.0,0.51,-65.0,-48.7,24.5,47.0,-95.9,8.3,1.0,136.0,0
D001176,4.1,1123.0,1.08,32.5,0.53,-65.4,-49.5,25.6,,-96.6,6.1,1.0,124.0,1
D001177,5.1,1376.0,1.45,35.5,0.38,-65.5,-45.6,25.9,59.0,-90.0,4.7,0.0,127.0,0
D001178,4.8,1184.0,1.19,28.0,0.49,-66.6,-48.6,23.2,44.0,-94.4,8.0,1.0,133.0,1
D001179,5.7,1072.0,1.59,31.5,0.54,-60.3,,26.5,31.0,-97.5,11.5,0.0,112.0,0
D001180,5.9,1038.0,1.05,24.5,0.45,-67.7,-50.7,29.3,35.0,-95.5,4.1,1.0,115.0,0
D001181,4.7,1172.0,1.2,28.0,0.51,-65.0,-50.5,23.0,47.0,-95.8,7.8,1.0,138.0,1
D001182,5.4,1284.0,0.99,,0.31,-64.3,-45.8,24.3,49.0,-92.5,12.5,1.0,126.0,0
D001183,4.5,1207.0,1.0,23.5,0.54,-65.5,-49.1,24.6,49.0,-95.6,7.9,1.0,126.0,0
D001184,4.7,1258.0,1.58,29.5,0.61,-62.3,-54.0,26.6,60.0,-98.2,7.0,0.0,122.0,0
D001185,4.9,1168.0,1.21,31.5,0.42,-64.8,-49.1,23.5,45.0,-94.7,11.2,,,0
D001186,4.9,1193.0,0.97,31.0,0.47,-65.0,-51.0,23.4,41.0,-96.4,6.8,0.0,134.0,1
D001187,5.0,1183.0,1.1,26.5,0.43,-67.1,-50.9,23.4,42.0,-94.4,9.8,0.0,128.0,1
D001188,4.4,1115.0,1.22,30.0,0.47,-65.2,-49.9,24.6,40.0,-94.9,12.4,1.0,124.0,0
D001189,5.3,1118.0,1.13,26.0,0.49,-65.6,-49.9,24.8,41.0,-96.6,9.6,1.0,128.0,1
D001190,6.4,1080.0,1.39,29.0,0.33,-67.6,-50.3,29.4,44.0,-97.4,22.1,0.0,131.0,0
D001191,5.2,1206.0,0.94,32.0,0.45,-65.2,-48.9,23.7,42.0,-94.4,10.1,0.0,132.0,1
D001192,4.0,1222.0,1.15,30.5,0.48,-64.8,-49.8,25.5,45.0,-94.2,13.1,0.0,129.0,1
D001193,4.8,1181.0,1.03,28.0,0.35,-64.9,-51.8,22.4,45.0,-95.6,6.8,1.0,133.0,1
D001194,4.2,1142.0,1.1,27.5,0.5,-66.5,-48.7,24.4,41.0,-93.2,9.3,0.0,126.0,1
D001195,5.0,1180.0,1.12,26.0,0.53,-64.6,-48.3,23.3,41.0,-96.7,10.2,0.0,120.0,1
D001196,5.5,1054.0,0.85,23.5,0.43,-65.5,-49.4,24.2,60.0,-94.8,10.9,1.0,129.0,0
D001197,4.6,1323.0,1.26,36.5,0.37,-69.4,-50.4,24.2,57.0,-94.1,11.1,0.0,114.0,1
D001198,5.0,1112.0,1.03,31.0,0.51,-66.6,-51.3,24.1,41.0,-95.3,9.4,1.0,131.0,1
D001199,4.9,1153.0,1.09,28.5,0.46,-66.5,-50.2,23.3,45.0,-95.5,12.9,0.0,133.0,1
D001200,4.7,1182.0,1.22,27.0,0.51,-65.6,-50.6,22.3,44.0,-94.9,10.1,1.0,121.0,1
D001201,6.1,1285.0,0.88,22.5,0.49,-64.3,-52.5,24.5,44.0,-90.8,15.2,0.0,120.0,1
D001202,5.5,1285.0,1.43,36.0,0.58,-63.0,-51.0,21.1,57.0,-96.8,0.2,0.0,117.0,1
D001203,4.1,1363.0,1.19,24.0,0.59,-64.1,-48.9,25.8,52.0,-99.4,21.9,1.0,103.0,0
D001204,5.2,1118.0,1.02,28.0,0.48,-65.2,-49.4,23.5,50.0,-95.6,8.1,0.0,135.0,1
D001205,5.0,1194.0,1.13,30.5,0.54,-64.2,-48.7,24.4,47.0,-95.7,9.8,1.0,124.0,1
D001206,5.3,1162.0,1.06,27.5,0.49,-65.8,-51.4,24.9,46.0,-93.6,9.9,0.0,123.0,1
D001207,5.9,1163.0,0.98,40.0,0.38,-65.6,-46.6,21.2,44.0,-93.7,4.2,1.0,150.0,1
D001208,3.8,1363.0,1.25,36.0,0.43,-64.4,-49.6,26.6,55.0,-91.0,8.0,,109.0,0
D001209,4.7,1207.0,1.08,29.5,0.49,-62.5,-49.4,23.7,47.0,-96.0,8.7,0.0,127.0,1
D001210,5.5,1072.0,0.95,32.0,0.45,-68.1,-49.2,27.0,60.0,-99.5,12.8,1.0,125.0,1
D001211,6.3,1099.0,1.5,37.0,0.34,-67.4,-53.7,28.5,38.0,-94.3,7.2,1.0,136.0,1
D001212,4.5,1178.0,1.01,30.0,0.49,-66.3,-50.6,22.2,46.0,-93.8,9.8,0.0,134.0,1
D001213,5.4,1090.0,1.47,30.0,0.32,-61.1,-51.5,25.1,42.0,-96.1,5.3,0.0,139.0,0
D001214,3.6,1220.0,1.06,39.5,0.5,-62.9,-47.6,20.0,48.0,-98.9,7.4,0.0,114.0,0
D001215,4.9,1121.0,1.13,30.5,0.48,-66.0,-49.6,23.3,42.0,-98.4,7.9,0.0,133.0,1
D001216,4.6,1160.0,1.06,28.0,0.44,-66.1,-50.2,24.0,43.0,-97.4,7.0,1.0,122.0,1
D001217,4.6,1193.0,1.1,28.0,0.47,-65.0,-50.1,25.8,43.0,-93.3,7.9,1.0,130.0,1
D001218,4.6,1202.0,1.13,24.0,0.52,-64.4,-50.8,24.9,42.0,-93.4,8.5,1.0,122.0,0
D001219,5.3,1164.0,1.07,,0.47,-66.3,-50.5,23.3,43.0,-96.9,7.2,1.0,129.0,1
D001220,3.3,1213.0,1.25,32.5,0.57,-60.8,-51.5,27.5,41.0,-92.7,16.3,1.0,105.0,0
D001221,6.1,1067.0,1.05,27.5,0.54,-63.3,-54.6,21.0,47.0,-91.7,5.5,1.0,122.0,1
D001222,5.2,1217.0,1.24,29.0,0.45,-65.5,-48.3,23.6,48.0,-95.9,5.3,1.0,130.0,1
D001223,5.6,1134.0,1.14,27.5,0.52,-62.4,-49.8,24.2,46.0,-97.2,6.5,1.0,121.0,1
D001224,4.6,1130.0,1.02,30.0,0.56,-64.5,-50.5,24.2,46.0,-96.9,6.7,0.0,138.0,1
D001225,5.0,1222.0,1.02,32.0,0.48,-66.2,-50.8,24.6,44.0,-96.0,8.8,1.0,130.0,1
D001226,3.9,1178.0,1.48,22.5,0.31,-61.7,-52.6,,43.0,-97.5,3.7,1.0,110.0,0
D001227,5.3,1155.0,1.08,26.5,0.48,-65.8,-49.4,25.1,42.0,-94.9,11.2,0.0,133.0,1
D001228,,1069.0,1.4,21.0,0.65,-67.0,-53.7,28.2,47.0,-95.8,21.9,1.0,143.0,0
D001229,6.9,1369.0,1.15,37.0,0.52,-63.2,-51.7,25.6,42.0,-95.0,16.7,1.0,131.0,1
D001230,5.2,1208.0,1.09,29.5,0.45,-65.2,-50.8,24.6,42.0,-95.4,,1.0,129.0,1
D001231,5.1,1224.0,1.16,25.5,0.47,-65.3,-50.2,23.9,47.0,-96.1,9.6,0.0,119.0,1
D001232,6.2,1308.0,1.23,,0.42,-62.7,-53.2,29.1,42.0,-93.4,7.6,1.0,135.0,1
D001233,4.6,1235.0,0.98,26.5,0.43,-65.6,-50.0,23.8,44.0,-96.0,12.1,1.0,130.0,1
D001234,4.7,1223.0,1.16,33.0,0.5,-65.3,-51.0,25.5,46.0,-94.6,7.0,1.0,123.0,1
D001235,6.8,1091.0,1.29,36.5,0.39,-64.8,-50.3,20.7,52.0,,23.4,0.0,142.0,1
D001236,5.1,1200.0,1.03,29.5,0.47,-65.1,-49.1,24.6,45.0,-96.2,7.5,1.0,122.0,1
D001237,4.9,1200.0,1.11,28.5,0.48,-66.1,-50.1,25.2,44.0,-95.5,10.9,1.0,133.0,1
D001238,4.8,1191.0,1.09,27.0,0.5,-65.6,-50.6,23.7,46.0,-96.7,4.4,1.0,132.0,1
D001239,4.6,1332.0,1.0,39.5,0.58,-60.4,-47.1,24.1,31.0,-91.9,5.1,0.0,125.0,1
D001240,5.1,1234.0,1.15,27.5,0.49,-64.7,-49.1,23.7,47.0,-95.5,11.6,0.0,124.0,0
D001241,4.5,1170.0,1.13,29.0,0.41,-63.6,-48.2,23.3,48.0,-95.4,10.1,1.0,131.0,0
D001242,4.4,1201.0,1.04,33.5,0.44,-65.5,-48.1,23.2,43.0,-95.4,9.1,0.0,117.0,1
D001243,4.7,1144.0,0.99,29.0,0.49,-64.8,-49.0,22.5,41.0,-94.3,8.7,1.0,129.0,1
D001244,4.8,1153.0,0.96,30.5,0.49,-64.2,-50.2,23.9,40.0,-96.1,14.6,0.0,131.0,1
D001245,5.2,1206.0,0.98,30.5,0.53,-64.2,-50.5,24.0,46.0,-96.1,7.6,1.0,131.0,1
D001246,4.6,1316.0,1.27,29.5,0.3,-66.6,-45.4,29.9,,-97.1,16.4,1.0,108.0,0
D001247,5.7,1335.0,0.9,30.5,0.34,-61.1,-46.0,27.8,45.0,-95.3,4.5,1.0,123.0,0
D001248,4.5,1125.0,1.02,29.5,0.4,-66.8,-49.9,23.6,48.0,-96.2,8.0,1.0,128.0,0
D001249,4.8,1214.0,1.15,29.5,0.49,-66.5,-50.0,24.6,36.0,-96.8,12.6,1.0,124.0,1
D001250,5.3,1174.0,0.92,25.5,0.49,-66.4,-50.5,24.5,46.0,-96.1,11.2,1.0,132.0,1
D001251,4.4,1189.0,1.16,28.5,0.46,-65.4,-48.0,24.0,42.0,-95.7,8.4,,131.0,1
D001252,5.2,1260.0,1.2,29.5,0.35,-65.9,-53.9,29.8,42.0,,4.7,0.0,139.0,1
D001253,6.3,1240.0,1.36,25.0,0.63,-63.1,-52.2,26.1,51.0,-93.5,12.5,1.0,122.0,1
D001254,4.3,1151.0,1.02,27.0,0.46,-66.9,-49.4,24.6,48.0,-93.7,8.1,1.0,130.0,1
D001255,5.0,1155.0,1.16,27.0,0.52,-66.8,-51.8,24.8,39.0,-94.6,11.6,1.0,128.0,1
D001256,5.1,1177.0,1.03,26.5,0.52,-65.6,-49.6,25.1,48.0,-97.5,9.3,0.0,127.0,1
D001257,4.8,1206.0,1.13,28.5,0.44,-66.1,-49.0,24.6,47.0,-95.3,10.2,0.0,126.0,1
D001258,4.7,1201.0,1.3,31.0,0.49,-65.6,-50.2,23.3,42.0,-96.6,11.7,0.0,,1
D001259,3.8,1227.0,1.35,27.0,0.44,-70.0,-49.9,24.0,55.0,-92.6,10.3,0.0,135.0,0
D001260,4.2,1144.0,1.52,22.0,,-61.1,-48.8,24.4,51.0,-97.7,1.7,1.0,127.0,0
D001261,4.8,1187.0,1.04,30.5,0.51,-66.4,-49.4,25.4,48.0,-93.2,10.4,0.0,129.0,1
D001262,5.7,1107.0,1.49,21.0,0.47,-63.3,-47.9,20.6,41.0,-90.1,9.8,1.0,137.0,0
D001263,4.8,1257.0,1.18,30.5,0.53,-66.2,-50.5,25.0,43.0,-95.3,5.1,,126.0,1
D001264,6.5,1335.0,1.52,26.0,0.62,-61.5,-48.4,23.4,49.0,-98.8,12.8,1.0,143.0,0
D001265,5.1,1332.0,1.34,22.5,0.46,-60.1,-52.6,24.5,31.0,-91.4,6.6,1.0,106.0,0
D001266,4.7,1189.0,1.24,30.5,0.43,-64.3,-50.2,22.6,45.0,-95.4,12.1,1.0,138.0,0
D001267,5.3,1188.0,1.01,32.0,0.5,-66.0,-51.1,22.9,38.0,-95.7,3.7,1.0,128.0,1
D001268,3.0,1074.0,0.81,31.0,0.64,-65.0,-49.0,28.5,38.0,-98.6,1.6,0.0,136.0,0
D001269,5.1,1383.0,1.21,25.0,0.53,-65.4,-46.0,21.4,45.0,-91.0,11.3,0.0,142.0,0
D001270,5.0,1204.0,1.06,27.5,0.54,-65.4,-49.2,24.8,45.0,-95.6,11.9,0.0,,1
D001271,5.0,1152.0,1.02,31.0,0.51,-65.7,-49.3,23.7,51.0,-94.8,8.7,0.0,127.0,1
D001272,5.3,1196.0,1.1,26.0,0.46,-65.5,-50.3,22.9,43.0,-95.2,12.5,0.0,122.0,1
D001273,4.2,1066.0,1.5,33.5,0.37,-60.2,-48.1,27.3,41.0,-95.0,1.7,0.0,107.0,0
D001274,5.7,1096.0,0.89,21.5,0.48,-60.6,-52.5,22.9,56.0,-98.9,11.8,0.0,116.0,0
D001275,5.2,1098.0,1.15,31.5,0.42,-64.2,-51.4,,43.0,-95.8,9.7,1.0,127.0,1
D001276,4.8,1129.0,0.96,30.0,0.42,-65.9,-50.2,23.7,46.0,-97.9,8.1,1.0,121.0,0
D001277,3.9,1397.0,1.26,26.5,0.66,-69.0,-50.2,29.0,60.0,-91.4,13.4,1.0,101.0,0
D001278,6.6,1019.0,1.04,24.0,0.63,-61.3,-52.2,23.2,37.0,-98.8,20.3,0.0,112.0,0
D001279,5.1,1208.0,1.14,31.0,0.51,-64.7,-49.7,25.5,49.0,-95.1,14.2,1.0,130.0,0
D001280,3.4,1181.0,1.48,33.5,0.36,-66.6,,25.9,43.0,-94.2,13.3,0.0,126.0,0
D001281,4.6,1153.0,1.23,31.5,0.44,-63.7,-48.1,24.5,,-96.0,9.6,0.0,127.0,0
D001282,4.1,1256.0,1.05,33.0,0.42,-66.6,-48.0,25.3,40.0,-96.7,7.2,1.0,120.0,1
D001283,4.3,1152.0,0.96,30.0,0.51,-64.7,,24.1,45.0,-97.8,11.3,0.0,130.0,1
D001284,5.4,1118.0,1.14,28.5,0.47,-66.2,-48.9,25.9,47.0,-95.1,10.1,1.0,133.0,1
D001285,4.8,1097.0,1.21,28.5,0.42,-64.4,-49.1,25.8,50.0,-95.9,8.5,1.0,132.0,1
D001286,4.5,1120.0,1.05,27.5,0.5,-66.4,-50.6,23.3,41.0,-96.0,6.8,1.0,123.0,0
D001287,4.9,1201.0,1.2,28.5,0.52,-65.9,-51.7,23.4,42.0,-97.0,6.1,0.0,132.0,1
D001288,5.1,1199.0,1.21,31.5,0.53,-66.2,-49.7,24.2,45.0,-96.2,10.4,0.0,125.0,1
D001289,4.6,1149.0,1.14,29.5,0.54,-67.6,-51.0,24.8,44.0,-95.8,7.7,1.0,124.0,1
D001290,4.6,1126.0,1.15,31.0,0.42,-65.8,-50.4,24.1,48.0,-94.9,6.3,1.0,132.0,1
D001291,5.9,1182.0,1.13,29.5,0.47,-66.3,-51.4,23.6,47.0,-95.5,11.9,1.0,120.0,1
D001292,4.8,1183.0,1.07,30.0,0.49,-65.6,-50.4,24.8,47.0,-94.4,6.1,1.0,136.0,1
D001293,4.5,1231.0,1.0,28.5,0.49,-65.5,-50.4,22.7,47.0,-94.4,12.5,1.0,129.0,0
D001294,5.0,1196.0,1.09,27.5,0.47,-67.6,-50.0,23.7,47.0,-95.0,10.6,0.0,135.0,1
D001295,4.0,1067.0,1.59,34.0,0.64,-60.0,-50.1,22.5,51.0,-98.2,21.2,0.0,141.0,0
D001296,4.7,1100.0,1.14,30.5,0.42,-64.4,-49.4,23.4,46.0,-95.4,3.8,0.0,117.0,1
D001297,3.8,,1.17,27.5,0.42,-65.6,-50.2,23.5,42.0,-96.1,6.6,0.0,131.0,0
D001298,4.7,1170.0,1.01,28.0,0.48,-66.8,-50.0,22.0,48.0,-94.5,10.7,0.0,132.0,1
D001299,5.2,1177.0,1.08,30.5,0.5,-66.2,-49.2,23.9,46.0,-94.9,7.0,0.0,131.0,1
D001300,5.2,1225.0,1.1,26.0,0.48,-65.6,-50.3,23.2,41.0,-95.6,,1.0,124.0,1
D001301,5.7,1235.0,0.94,38.0,0.52,-68.4,,29.5,36.0,-96.7,15.7,0.0,121.0,1
D001302,4.2,1277.0,1.22,35.0,0.5,-63.2,-52.5,26.6,34.0,-92.8,7.4,1.0,125.0,1
D001303,4.4,1206.0,0.94,22.0,0.7,-64.3,-46.7,23.8,30.0,-94.2,20.5,0.0,106.0,0
D001304,5.0,1231.0,1.54,27.0,0.68,-69.4,-45.6,23.6,56.0,-90.7,2.9,0.0,141.0,0
D001305,5.4,1157.0,1.2,28.0,0.44,-66.6,-49.6,23.3,42.0,-95.9,11.0,0.0,128.0,1
D001306,4.9,1161.0,1.05,28.5,0.45,-65.0,-49.5,24.2,48.0,-95.0,10.2,0.0,131.0,1
D001307,5.3,1185.0,1.18,,0.42,-64.8,-50.9,24.4,41.0,-95.5,8.5,1.0,126.0,1
D001308,5.0,1183.0,1.18,27.0,0.43,-64.6,-49.6,25.3,46.0,-95.3,14.5,0.0,133.0,0
D001309,4.4,1191.0,1.16,29.5,0.51,-64.8,-48.8,24.4,37.0,-95.4,6.3,1.0,129.0,1
D001310,4.2,1103.0,1.48,20.5,0.36,-64.1,-51.7,27.4,51.0,-98.6,14.6,1.0,124.0,0
D001311,5.4,1206.0,1.08,29.0,0.5,-65.5,-48.1,23.5,44.0,-95.9,13.0,1.0,125.0,0
D001312,3.5,1157.0,1.05,26.0,0.44,-66.8,-48.6,25.0,45.0,-95.1,6.8,1.0,121.0,0
D001313,3.4,1055.0,1.5,25.5,0.43,-68.9,-52.0,24.0,53.0,-90.2,,0.0,115.0,0
D001314,4.9,1227.0,1.06,29.5,0.5,-64.7,-48.9,24.1,42.0,-96.0,12.2,1.0,128.0,1
D001315,4.5,1353.0,0.91,25.0,0.5,-60.8,-45.9,23.5,30.0,-93.1,10.9,1.0,119.0,0
D001316,4.5,1239.0,1.21,26.0,0.5,-66.3,-50.3,24.2,38.0,-94.3,14.2,0.0,135.0,1
D001317,5.2,1194.0,1.11,29.0,0.48,-63.8,-51.5,24.9,48.0,-93.9,10.2,1.0,138.0,1
D001318,4.6,1158.0,1.51,38.5,0.39,-69.1,-52.7,25.6,,-99.6,16.3,1.0,124.0,1
D001319,6.7,1113.0,1.01,35.0,0.64,-65.3,-45.4,21.4,39.0,-96.4,22.9,1.0,127.0,1
D001320,5.5,1224.0,1.29,30.0,0.49,,-49.2,24.7,49.0,-95.0,6.4,1.0,124.0,1
D001321,3.2,1141.0,1.6,34.5,0.7,-67.2,-46.8,28.6,41.0,-97.1,10.6,1.0,120.0,0
D001322,4.2,1209.0,1.12,26.5,0.49,-65.6,-51.1,24.8,51.0,-94.2,13.7,0.0,132.0,1
D001323,5.2,1235.0,1.07,28.5,0.45,-65.9,-50.6,23.2,46.0,-97.1,9.3,0.0,134.0,1
D001324,4.7,1167.0,1.08,29.5,0.47,-67.9,-49.3,23.0,50.0,-95.4,10.3,1.0,133.0,1
D001325,6.1,1265.0,1.33,20.5,0.61,-66.3,-52.0,21.1,56.0,-93.2,11.3,1.0,129.0,1
D001326,5.0,1134.0,1.2,31.0,0.49,-65.3,-49.1,23.1,48.0,-94.6,8.4,0.0,130.0,1
D001327,5.1,1160.0,0.99,30.0,0.42,-64.9,-50.1,26.0,47.0,-95.4,8.5,0.0,125.0,1
D001328,5.0,1252.0,1.08,30.0,0.43,-67.1,-49.3,25.1,44.0,-94.8,10.4,1.0,123.0,1
D001329,5.6,1164.0,1.04,32.0,0.46,-68.1,-49.4,23.9,45.0,-93.5,,0.0,133.0,1
D001330,3.1,1065.0,1.43,22.5,0.5,-65.5,-49.0,24.5,38.0,-92.0,11.5,1.0,,0
D001331,5.1,1143.0,1.13,30.0,0.41,-65.3,-49.6,22.8,44.0,-94.8,6.9,0.0,121.0,1
D001332,4.5,1187.0,1.09,29.5,0.49,-66.1,-50.3,24.7,,-96.7,13.3,1.0,127.0,0
D001333,5.0,1317.0,1.52,38.5,0.34,-64.5,-50.9,27.1,50.0,-99.4,20.8,0.0,115.0,0
D001334,4.8,1176.0,1.16,29.5,0.48,-66.7,-48.2,23.5,46.0,-96.0,12.1,0.0,134.0,1
D001335,4.1,1221.0,1.16,28.0,0.49,-64.0,-50.1,22.7,44.0,-95.9,11.1,0.0,127.0,1
D001336,6.1,1040.0,0.85,25.5,0.3,-60.9,-52.1,20.4,53.0,-98.8,23.4,1.0,118.0,0
D001337,4.4,1011.0,1.45,32.5,0.49,-60.1,-50.2,20.2,52.0,-90.2,1.5,0.0,116.0,0
D001338,5.5,1181.0,0.99,29.0,0.46,-65.6,-49.4,22.7,44.0,-96.5,9.5,1.0,133.0,1
D001339,4.8,1235.0,0.99,30.0,0.48,-65.6,-51.4,24.7,51.0,-95.6,4.1,0.0,131.0,1
D001340,5.2,1141.0,1.04,30.5,0.43,-65.1,-50.6,22.3,47.0,-97.2,11.2,,125.0,1
D001341,4.7,1181.0,1.08,30.0,0.47,-64.9,-49.5,23.0,46.0,-96.9,9.9,1.0,131.0,1
D001342,5.5,1383.0,1.16,39.0,0.56,-67.8,-48.1,24.5,45.0,-90.4,21.0,0.0,136.0,1
D001343,4.4,1325.0,0.87,34.5,0.32,-62.3,-45.5,26.3,42.0,-92.2,18.5,0.0,148.0,0
D001344,5.0,1198.0,1.14,26.0,0.48,-64.0,-49.8,24.6,44.0,,10.7,0.0,127.0,1
D001345,,1169.0,1.11,29.0,0.5,-64.4,-50.8,24.2,42.0,-95.1,9.5,0.0,138.0,1
D001346,4.2,1137.0,1.02,24.5,0.41,-64.4,-48.6,24.0,48.0,-95.6,,1.0,130.0,0
D001347,4.9,1169.0,1.18,27.5,0.49,-66.7,-51.6,24.8,42.0,-93.9,11.4,,132.0,1
D001348,4.7,1357.0,1.4,36.0,0.7,-68.7,-45.5,20.9,57.0,-95.5,16.8,1.0,120.0,0
D001349,5.1,1077.0,1.13,29.5,0.47,-66.4,-51.3,22.9,44.0,-94.4,7.7,0.0,122.0,1
D001350,3.8,1174.0,1.17,27.5,0.53,-64.9,-50.7,24.6,50.0,-96.6,11.2,1.0,131.0,0
D001351,4.7,1182.0,1.18,26.5,0.49,-65.6,-51.0,24.4,40.0,-95.7,11.1,1.0,139.0,1
D001352,4.2,1360.0,1.15,39.0,0.67,-68.7,-50.2,21.8,46.0,-94.7,23.6,1.0,106.0,0
D001353,5.0,1159.0,1.15,27.5,0.5,-64.3,-49.5,,46.0,-93.7,9.3,1.0,120.0,1
D001354,5.6,1185.0,1.27,30.0,0.53,-64.0,-49.7,25.0,41.0,-96.6,7.7,1.0,141.0,1
D001355,4.2,1118.0,1.26,27.0,0.58,-64.6,-50.5,26.2,,-96.0,8.8,1.0,124.0,0
D001356,5.1,1213.0,1.12,28.0,0.51,-64.4,-49.0,23.5,40.0,-96.2,8.7,0.0,122.0,1
D001357,4.7,1168.0,1.16,29.0,0.52,-64.3,-50.7,24.7,43.0,-95.1,10.3,0.0,119.0,0
D001358,5.0,1116.0,1.17,30.5,0.43,-66.1,-49.0,22.7,45.0,-95.3,5.3,0.0,122.0,1
D001359,3.9,1200.0,0.9,28.5,0.53,-65.4,-51.2,24.6,41.0,-94.2,7.3,0.0,127.0,1
D001360,4.7,1217.0,0.98,31.5,0.47,-65.0,-48.7,22.9,38.0,-94.4,11.4,1.0,126.0,0
D001361,3.5,1074.0,0.98,33.5,0.52,-68.9,-47.1,28.0,51.0,-98.3,2.6,0.0,124.0,0
D001362,4.7,1183.0,1.04,26.5,0.42,-65.9,-48.8,23.6,41.0,-94.8,7.8,1.0,123.0,1
D001363,4.8,1164.0,1.13,28.5,0.5,-64.4,-49.2,23.8,49.0,-96.8,12.4,1.0,136.0,1
D001364,5.1,1190.0,1.02,27.0,0.45,-64.1,-51.6,24.5,46.0,-94.6,8.4,0.0,135.0,1
D001365,5.9,1218.0,1.06,28.0,0.43,-66.4,-48.7,23.7,43.0,-96.6,9.8,1.0,132.0,1
D001366,4.8,,1.1,28.5,0.53,-64.3,-49.6,,43.0,-96.8,8.4,0.0,131.0,1
D001367,3.5,1316.0,0.82,35.5,0.65,-67.5,-52.8,22.2,41.0,-93.2,5.2,1.0,121.0,1
D001368,4.6,1174.0,1.11,25.0,0.51,-65.4,-50.1,23.7,42.0,-95.1,8.3,1.0,130.0,1
D001369,4.9,1148.0,1.09,29.5,0.58,-65.9,-49.4,25.0,46.0,-95.1,6.2,0.0,132.0,1
D001370,4.2,1281.0,1.15,29.5,0.43,-64.5,-50.4,22.3,43.0,-94.3,10.8,0.0,133.0,1
D001371,4.3,1135.0,1.15,27.5,0.49,-64.7,-48.8,24.1,,-95.3,8.0,1.0,115.0,0
D001372,5.2,1218.0,1.15,28.5,0.44,-66.9,-48.4,24.6,45.0,-96.3,12.3,1.0,123.0,0
D001373,5.8,1179.0,1.06,31.0,0.52,-65.2,-50.0,23.8,47.0,-95.3,10.7,0.0,126.0,1
D001374,5.2,1118.0,1.08,30.0,0.44,-66.1,-49.8,23.5,45.0,-97.0,11.1,0.0,127.0,1
D001375,4.5,1180.0,1.11,29.0,0.54,-68.3,-50.2,23.8,45.0,-95.0,7.8,1.0,122.0,1
D001376,4.4,1143.0,1.14,29.0,0.49,-63.7,-49.2,24.7,39.0,-95.4,11.5,1.0,127.0,0
D001377,4.5,1209.0,1.16,27.5,0.47,-66.5,-49.8,22.4,43.0,-94.5,6.9,1.0,120.0,0
D001378,5.1,1188.0,1.11,29.0,0.45,-65.5,-51.1,24.5,43.0,-94.0,10.3,1.0,126.0,1
D001379,6.6,1217.0,1.22,21.0,0.54,-67.0,-52.2,20.7,38.0,-99.7,21.6,1.0,127.0,1
D001380,4.5,1356.0,0.87,27.5,0.65,-60.4,-47.3,28.1,39.0,-92.0,17.7,1.0,131.0,0
D001381,3.5,1057.0,1.16,26.0,0.49,-62.1,-52.2,22.5,37.0,-90.5,9.2,0.0,148.0,1
D001382,4.8,1214.0,1.18,32.0,0.45,-63.9,-53.2,23.7,47.0,-97.1,7.8,0.0,121.0,1
D001383,4.6,1204.0,1.07,27.5,,-66.7,-50.4,22.3,38.0,-94.3,10.5,0.0,122.0,1
D001384,4.6,1172.0,1.0,27.5,0.48,-66.5,-49.6,22.7,44.0,-94.5,7.1,0.0,129.0,1
D001385,6.0,1295.0,1.06,,0.57,-60.8,-54.7,21.1,47.0,-95.9,9.8,1.0,,1
D001386,4.8,1152.0,1.5,32.0,0.5,-65.9,-47.9,29.4,43.0,-95.3,20.0,1.0,122.0,0
D001387,4.7,1167.0,1.04,29.5,0.53,-63.2,-48.1,25.0,47.0,-96.7,8.9,1.0,127.0,1
D001388,4.7,1114.0,1.39,35.0,0.59,-60.7,-49.1,23.9,58.0,-99.6,16.7,0.0,125.0,0
D001389,4.3,1112.0,1.09,24.0,0.64,-69.5,-49.9,23.6,56.0,-96.8,10.4,1.0,124.0,0
D001390,4.7,1188.0,1.38,27.0,0.64,-61.9,-49.6,24.5,53.0,-99.8,6.9,0.0,148.0,1
D001391,5.1,1136.0,1.1,29.5,0.44,-64.9,-49.1,23.6,45.0,-95.2,4.7,1.0,131.0,1
D001392,3.9,1187.0,1.08,28.0,0.47,-67.2,-49.9,24.8,43.0,-97.3,8.7,1.0,129.0,1
D001393,5.5,1148.0,1.05,28.5,0.48,-64.6,-49.4,22.9,44.0,-94.9,8.0,1.0,130.0,1
D001394,6.0,1147.0,1.31,32.5,0.58,,-49.7,29.0,55.0,-99.7,14.8,1.0,134.0,0
D001395,4.1,1250.0,1.13,25.5,0.35,-61.0,-55.0,27.2,36.0,-90.1,20.5,1.0,101.0,0
D001396,4.8,1027.0,1.16,27.5,0.39,-64.0,-49.2,27.1,45.0,-94.3,4.5,1.0,148.0,0
D001397,3.4,1213.0,1.39,39.0,0.33,-63.1,-54.7,20.4,45.0,-95.7,21.3,0.0,123.0,0
D001398,4.7,1172.0,1.26,31.5,0.47,-64.7,-50.4,22.5,45.0,-94.7,10.0,1.0,119.0,0
D001399,4.5,1146.0,1.21,24.0,0.49,-63.6,-50.6,25.0,40.0,-95.9,12.0,0.0,123.0,1
D001400,4.9,1115.0,1.12,30.5,0.46,-65.6,-51.7,23.0,40.0,-96.0,9.6,0.0,136.0,1
D001401,4.2,1139.0,1.07,30.5,0.56,-66.6,-50.5,25.4,44.0,-94.8,7.0,0.0,119.0,1
D001402,4.4,1054.0,1.4,39.0,0.62,-64.3,-46.0,29.1,37.0,-90.8,10.6,1.0,109.0,0
D001403,4.7,1185.0,1.08,28.5,0.51,-64.5,-49.5,22.7,46.0,-97.2,16.6,0.0,135.0,1
D001404,4.9,1232.0,1.13,28.0,0.49,-65.0,-49.4,23.5,42.0,-94.5,11.6,1.0,125.0,1
D001405,5.8,1175.0,1.01,27.5,0.47,-65.9,-48.7,23.5,40.0,-97.5,10.6,0.0,131.0,1
D001406,3.3,1231.0,0.87,21.5,0.64,-68.7,-47.9,26.3,35.0,-95.2,13.7,0.0,101.0,0
D001407,6.2,1247.0,1.58,36.0,0.41,-63.3,-50.4,22.7,43.0,-90.1,8.1,0.0,116.0,1
D001408,5.3,1174.0,1.17,25.0,0.69,-64.0,-49.2,20.4,45.0,-94.0,8.2,0.0,141.0,0
D001409,4.2,1176.0,1.1,27.0,0.46,-68.8,,23.2,43.0,-96.5,10.0,0.0,127.0,1
D001410,6.2,1001.0,1.51,32.0,0.44,-65.6,-53.4,20.8,60.0,-94.2,23.8,1.0,142.0,0
D001411,4.6,1186.0,1.02,31.5,0.49,-64.5,-50.6,25.6,44.0,-95.4,8.5,1.0,128.0,1
D001412,4.8,1136.0,1.02,30.5,0.54,-64.3,-50.8,23.3,41.0,-94.5,6.6,1.0,133.0,1
D001413,4.6,1164.0,1.04,24.5,0.56,-64.5,-50.2,,37.0,-94.8,9.0,0.0,134.0,0
D001414,3.0,1382.0,0.84,39.5,0.43,-64.2,-53.4,24.9,37.0,-96.7,19.0,0.0,103.0,1
D001415,4.5,1213.0,1.09,29.5,0.52,-65.7,-49.4,22.1,46.0,-93.5,10.2,0.0,131.0,1
D001416,4.5,1218.0,1.07,29.5,0.49,-64.6,-50.9,22.5,45.0,-96.1,8.1,1.0,127.0,1
D001417,4.3,1200.0,1.24,30.0,0.42,-65.6,-50.0,24.5,40.0,-95.7,9.7,1.0,132.0,1
D001418,5.0,1147.0,1.22,,0.44,-66.0,-48.5,25.1,48.0,-96.3,12.0,0.0,125.0,1
D001419,4.6,1213.0,1.25,28.0,0.49,-66.8,-51.1,22.9,45.0,-96.0,6.7,0.0,123.0,1
D001420,4.8,1158.0,1.05,30.5,0.44,-65.8,-49.2,23.5,44.0,-94.8,5.9,0.0,131.0,1
D001421,6.7,1333.0,1.57,36.5,0.32,-66.6,-53.3,28.4,38.0,-97.2,13.2,0.0,115.0,1
D001422,5.0,1184.0,0.98,32.5,0.4,-66.0,-51.5,23.6,41.0,-95.3,6.8,0.0,123.0,1
D001423,4.8,1122.0,1.09,28.0,0.44,-66.6,-49.8,24.2,43.0,-94.5,11.5,0.0,127.0,1
D001424,4.9,1149.0,1.01,29.5,0.46,-66.3,-49.9,24.2,44.0,-94.9,8.3,0.0,131.0,1
D001425,4.6,1149.0,0.99,27.5,0.38,-64.9,-48.9,24.2,44.0,-95.3,6.6,1.0,137.0,1
D001426,5.0,1181.0,1.01,31.0,0.42,-66.0,-51.6,23.7,45.0,-95.8,11.4,1.0,130.0,1
D001427,4.6,1163.0,1.1,27.5,0.52,-64.9,-49.6,24.3,44.0,-94.8,7.6,1.0,132.0,1
D001428,4.8,1193.0,1.02,28.0,0.43,-64.4,-49.6,24.1,43.0,-95.1,9.3,1.0,141.0,1
D001429,5.1,1215.0,1.13,32.5,0.5,-65.4,-50.4,23.1,47.0,-96.7,10.8,1.0,136.0,1
D001430,4.7,1110.0,1.12,28.5,0.49,-63.4,-49.4,23.3,45.0,-96.1,12.1,0.0,120.0,1
D001431,5.2,1202.0,1.06,28.5,0.48,-64.7,-48.9,24.4,40.0,-98.7,10.9,1.0,127.0,1
D001432,3.3,1153.0,1.45,40.0,0.35,-61.4,-50.4,28.9,36.0,-94.5,9.8,1.0,116.0,0
D001433,6.7,1388.0,0.91,28.5,0.47,-62.7,-53.8,28.0,46.0,-92.3,0.3,1.0,118.0,1
D001434,4.0,1380.0,0.95,37.5,0.31,-68.5,,28.5,51.0,-93.8,4.1,0.0,102.0,0
D001435,5.1,1172.0,1.1,29.0,0.42,-65.7,-49.2,22.5,46.0,-94.4,8.9,1.0,129.0,1
D001436,4.7,1219.0,1.09,30.5,0.42,-65.7,-49.8,23.3,41.0,-96.3,12.7,0.0,131.0,1
D001437,5.6,1170.0,1.12,30.5,0.5,-65.0,-49.8,22.8,46.0,-95.4,6.4,0.0,132.0,1
D001438,4.6,1205.0,1.07,26.5,0.47,-64.8,-50.7,24.9,44.0,-97.0,9.4,0.0,123.0,0
D001439,5.7,1220.0,1.28,27.5,0.35,-67.5,-47.1,26.1,52.0,-94.2,20.3,1.0,135.0,0
D001440,3.4,1191.0,1.44,40.0,0.35,,-53.5,28.2,55.0,-91.5,6.2,1.0,126.0,0
D001441,6.1,1372.0,1.37,20.5,0.4,-67.3,-50.0,20.3,36.0,-94.0,1.5,1.0,125.0,0
D001442,4.8,1356.0,1.42,35.5,0.44,-68.8,-54.3,29.3,58.0,-99.6,5.3,0.0,119.0,1
D001443,4.9,1201.0,1.16,27.5,0.5,-65.7,-51.6,22.6,44.0,-95.0,,1.0,128.0,1
D001444,5.0,1150.0,1.06,28.5,0.47,-67.2,-50.7,24.0,39.0,-93.2,12.4,1.0,123.0,1
D001445,5.1,1205.0,1.05,30.5,0.5,-64.7,-50.0,24.3,42.0,-93.9,6.0,1.0,126.0,1
D001446,6.9,,1.0,21.5,0.37,-63.4,-52.7,23.1,41.0,-91.4,5.1,0.0,135.0,1
D001447,3.8,1199.0,1.01,30.0,0.5,-65.8,-49.6,23.7,44.0,-96.7,12.1,,129.0,0
D001448,6.6,1094.0,1.01,,0.54,-61.6,-54.0,28.9,47.0,-95.1,18.9,0.0,145.0,1
D001449,5.0,1118.0,1.01,27.0,0.5,-64.3,-49.6,22.7,42.0,-95.5,9.9,1.0,136.0,1
D001450,5.1,1190.0,1.15,26.5,0.49,-66.1,-51.1,23.1,42.0,-96.3,9.2,1.0,120.0,1
D001451,4.6,1190.0,1.0,29.0,0.46,-65.8,-49.4,24.0,50.0,-96.6,10.1,0.0,135.0,1
D001452,4.3,1130.0,1.3,39.0,0.66,-61.2,-46.3,22.6,42.0,-93.5,2.3,1.0,147.0,0
D001453,4.7,1216.0,1.19,33.5,0.48,-67.1,-49.3,22.6,41.0,-95.4,9.4,0.0,121.0,1
D001454,4.6,1148.0,1.09,30.0,0.45,-65.8,-49.7,24.3,44.0,-96.6,8.5,1.0,133.0,1
D001455,4.7,1141.0,1.01,30.0,0.45,-65.4,-48.0,23.3,48.0,,10.1,0.0,121.0,0
D001456,5.0,1174.0,1.23,28.0,0.53,-64.9,-49.0,23.7,45.0,-95.8,7.9,0.0,136.0,1
D001457,5.6,1082.0,1.02,38.5,0.46,-69.8,-52.2,29.5,50.0,-99.0,19.5,1.0,108.0,1
D001458,4.4,1112.0,1.08,27.5,0.5,-65.7,-49.3,24.3,50.0,-97.5,6.5,1.0,117.0,1
D001459,4.7,1261.0,1.17,28.5,0.43,-64.6,-50.0,24.2,43.0,-94.1,7.3,1.0,131.0,1
D001460,4.4,1189.0,1.0,27.5,0.49,-64.8,-49.8,25.3,38.0,-94.4,8.7,1.0,126.0,1
D001461,5.1,1188.0,1.02,29.0,0.54,-66.2,-50.2,25.3,46.0,-95.3,5.3,1.0,132.0,1
D001462,5.6,1150.0,0.84,39.5,0.44,-69.2,-51.5,24.3,34.0,-94.5,15.4,1.0,129.0,1
D001463,5.5,1113.0,1.32,28.5,0.33,-67.7,-46.2,21.6,51.0,-90.1,21.8,,125.0,0
D001464,5.4,1202.0,1.24,25.5,0.57,-62.8,-45.2,22.0,58.0,-91.2,22.4,0.0,104.0,0
D001465,4.7,1162.0,0.97,31.0,0.47,-64.5,-49.1,23.0,53.0,-94.8,8.3,0.0,129.0,1
D001466,5.0,1148.0,1.17,29.5,0.46,-65.9,-50.5,24.2,40.0,-94.7,10.3,0.0,128.0,1
D001467,7.0,1091.0,1.37,33.5,0.42,-67.0,-53.1,28.0,33.0,-99.4,17.7,1.0,149.0,1
D001468,3.3,1383.0,0.97,21.5,0.38,-66.0,-47.0,24.2,32.0,,0.4,0.0,137.0,1
D001469,4.8,1217.0,1.17,29.5,0.54,-64.9,-48.8,23.4,46.0,-96.5,9.9,1.0,129.0,1
D001470,5.0,1128.0,1.03,26.5,0.45,,-49.8,22.9,39.0,-96.6,6.3,0.0,120.0,1
D001471,3.9,1185.0,1.2,30.5,0.47,-65.5,-49.7,24.0,38.0,-95.1,7.2,1.0,121.0,1
D001472,5.1,1238.0,1.03,27.5,0.48,-65.0,-50.2,22.8,46.0,-94.8,10.1,0.0,128.0,1
D001473,4.4,1170.0,1.08,30.5,0.47,-65.5,-49.8,24.4,43.0,-95.0,9.1,0.0,128.0,1
D001474,4.3,1165.0,0.99,26.0,0.53,-64.6,-51.0,,47.0,-96.1,10.3,1.0,128.0,1
D001475,4.9,1169.0,1.08,31.5,0.45,-67.9,-49.5,24.7,45.0,-96.4,5.4,0.0,130.0,1
D001476,5.4,1168.0,1.19,28.5,0.52,-66.2,-50.6,23.7,46.0,-94.5,12.1,0.0,131.0,1
D001477,4.3,1119.0,1.31,27.5,0.43,-65.2,-50.7,23.8,40.0,-96.8,11.7,1.0,125.0,1
D001478,4.8,1133.0,1.21,29.5,0.47,-65.9,-49.7,22.7,38.0,-95.9,6.7,0.0,127.0,1
D001479,5.3,1224.0,1.08,27.0,0.48,-65.6,-51.1,22.9,36.0,-94.7,,0.0,,1
D001480,4.8,,1.17,28.5,0.49,-65.3,-51.8,24.2,47.0,-94.8,4.5,0.0,128.0,1
D001481,4.6,1277.0,0.84,28.0,0.6,-64.9,-50.4,26.9,58.0,-100.0,13.4,0.0,134.0,0
D001482,4.6,1096.0,1.36,31.0,0.61,-68.2,-50.7,24.3,51.0,-91.9,21.4,0.0,137.0,0
D001483,4.8,1208.0,1.24,26.0,0.46,-67.9,,24.7,41.0,-95.9,9.2,1.0,126.0,1
D001484,5.6,1188.0,1.13,28.0,0.48,-65.9,-49.6,24.1,43.0,-97.2,9.5,1.0,132.0,1
D001485,3.0,1245.0,1.34,36.0,0.6,-60.9,-54.8,24.2,40.0,-96.4,0.4,1.0,142.0,0
D001486,5.2,1164.0,1.21,30.0,0.47,-65.9,-48.5,25.3,47.0,-94.6,6.9,0.0,131.0,1
D001487,4.7,1147.0,1.14,30.5,0.48,-65.7,-49.3,23.9,47.0,,9.0,0.0,125.0,1
D001488,3.8,1373.0,1.45,39.0,0.5,-62.8,-55.0,25.6,46.0,-95.6,9.5,1.0,129.0,0
D001489,3.6,1300.0,1.58,29.5,0.64,-66.7,-50.6,27.6,58.0,-98.2,14.0,1.0,113.0,0
D001490,4.4,1141.0,1.01,26.5,0.53,-64.4,-50.4,23.5,39.0,-95.5,3.8,1.0,129.0,1
D001491,4.7,1192.0,0.97,29.0,0.42,-65.7,-51.6,23.5,44.0,-96.1,12.4,1.0,127.0,1
D001492,5.0,1211.0,1.24,29.0,0.44,-65.2,-52.7,23.6,49.0,-96.1,3.8,1.0,126.0,1
D001493,3.4,1160.0,1.13,30.5,0.52,-66.3,-48.6,23.3,46.0,-94.3,14.1,1.0,131.0,0
D001494,4.3,1238.0,1.17,30.5,0.42,-65.2,-50.2,23.6,43.0,-95.7,11.6,1.0,,0
D001495,4.7,1128.0,1.06,27.5,0.51,-65.8,-48.4,24.1,45.0,-94.7,12.3,0.0,128.0,0
D001496,4.3,1133.0,1.12,25.0,0.5,-66.2,-50.0,25.7,49.0,-96.8,12.9,1.0,130.0,1
D001497,4.7,1168.0,1.09,29.0,0.47,-66.4,-48.8,22.5,41.0,-95.7,7.4,0.0,130.0,1
D001498,4.7,1130.0,1.13,28.5,0.47,-65.4,-50.9,22.3,44.0,-94.9,11.6,1.0,122.0,0
D001499,5.2,1308.0,1.53,38.0,0.59,-60.5,-46.0,26.4,60.0,-91.1,14.6,0.0,117.0,0
D001500,5.9,1310.0,1.55,28.5,0.36,-68.7,-54.4,22.0,39.0,-94.1,1.5,0.0,120.0,1
D001501,4.8,1111.0,0.91,37.5,0.56,-62.9,-49.7,27.0,32.0,-93.7,20.7,1.0,104.0,1
D001502,4.2,1375.0,1.52,30.0,0.53,-63.7,-48.4,21.3,36.0,-91.2,14.7,1.0,100.0,0
D001503,5.7,1189.0,1.21,25.5,0.45,-67.4,-50.4,24.5,49.0,-95.3,7.8,0.0,133.0,1
D001504,5.7,1197.0,0.83,21.5,0.47,-64.5,-52.2,29.6,45.0,-90.8,23.3,0.0,120.0,0
D001505,,1157.0,1.08,28.0,0.58,-65.8,-50.4,24.6,39.0,-95.7,4.4,0.0,132.0,1
D001506,6.6,1301.0,1.32,35.0,0.32,-60.8,-45.4,21.7,52.0,-95.6,21.3,0.0,122.0,0
D001507,3.9,1172.0,1.17,30.5,0.47,-67.2,-49.8,26.2,49.0,-93.4,12.4,1.0,130.0,0
D001508,6.5,1313.0,1.17,28.5,0.64,-62.7,-47.2,21.3,33.0,-91.7,1.9,1.0,106.0,1
D001509,5.0,1156.0,1.1,31.5,0.48,-64.4,-48.8,26.2,50.0,-98.2,10.6,0.0,128.0,1
D001510,5.0,1138.0,1.11,27.5,0.53,-65.5,-51.5,24.8,,-95.5,9.0,1.0,136.0,1
D001511,4.6,1177.0,0.98,28.0,0.51,-65.9,-49.2,23.6,45.0,-96.5,10.0,0.0,135.0,1
D001512,5.0,1331.0,1.18,23.5,0.61,-60.7,-50.1,26.0,47.0,-99.2,14.3,1.0,106.0,0
D001513,5.2,1162.0,1.03,33.0,0.46,-67.1,-49.0,23.4,42.0,-95.9,11.3,1.0,123.0,1
D001514,4.7,1116.0,1.02,28.5,0.55,-67.2,-50.7,22.5,46.0,-96.2,6.7,1.0,122.0,1
D001515,5.3,1148.0,1.03,30.0,0.49,-63.9,-50.9,24.0,41.0,-95.9,9.1,1.0,131.0,1
D001516,5.3,1215.0,,29.0,0.48,-65.8,-49.5,23.2,45.0,-95.0,9.8,1.0,135.0,1
D001517,4.9,1168.0,1.08,32.5,0.48,-65.3,-48.3,22.8,43.0,-96.2,7.7,0.0,135.0,1
D001518,5.4,1400.0,1.46,28.0,0.34,-64.4,-49.3,21.5,34.0,,15.9,0.0,121.0,0
D001519,4.2,1131.0,1.02,32.0,0.51,-66.1,-49.5,22.8,46.0,-96.3,11.1,0.0,130.0,1
D001520,5.1,1216.0,1.11,28.0,0.54,-65.2,-50.1,24.0,46.0,-95.1,9.9,1.0,127.0,0
D001521,5.5,1183.0,1.11,28.0,0.53,-64.3,-48.6,23.4,41.0,-93.7,10.9,1.0,118.0,1
D001522,4.4,1185.0,1.22,28.5,0.46,-65.7,-50.2,24.4,43.0,-95.2,11.5,0.0,122.0,1
D001523,4.7,1178.0,0.97,31.0,0.49,-64.5,-50.5,24.8,41.0,-94.8,12.0,0.0,129.0,1
D001524,5.2,1175.0,1.03,26.5,0.48,-64.8,-50.3,24.4,39.0,-95.8,11.6,1.0,126.0,0
D001525,5.5,1207.0,1.07,28.5,0.49,-65.3,-49.0,23.7,40.0,-94.4,12.1,1.0,125.0,1
D001526,6.8,1078.0,1.01,23.5,0.32,-63.8,-48.1,28.3,32.0,-92.0,9.0,1.0,113.0,0
D001527,4.4,1229.0,1.18,31.0,0.55,-66.5,-49.0,25.4,45.0,-95.6,5.8,1.0,121.0,1
D001528,4.0,1179.0,0.99,28.5,0.48,-65.1,-49.3,23.4,,-95.1,8.3,1.0,126.0,0
D001529,5.2,1201.0,1.11,29.0,0.49,-66.8,-49.2,23.7,35.0,-95.7,3.6,0.0,124.0,1
D001530,5.3,1188.0,1.42,38.5,0.69,-63.3,-53.3,27.9,53.0,-91.1,8.9,0.0,109.0,0
D001531,4.7,1172.0,1.1,,0.48,-65.6,-48.3,25.3,45.0,-95.7,6.7,1.0,130.0,1
D001532,4.5,1204.0,1.14,28.5,0.44,-63.8,-50.2,24.9,46.0,-95.2,8.1,1.0,126.0,0
D001533,3.2,1100.0,1.04,26.5,0.42,-65.6,-50.2,20.3,38.0,-90.8,10.5,0.0,141.0,0
D001534,3.5,1101.0,1.22,26.5,0.36,-68.0,-52.3,24.9,53.0,-92.3,4.8,1.0,107.0,0
D001535,4.7,1156.0,,28.0,0.57,-65.2,-51.0,23.9,39.0,-94.8,9.0,1.0,131.0,1
D001536,4.3,1116.0,1.13,29.0,0.53,-65.9,-50.3,23.2,45.0,-94.3,6.6,1.0,128.0,1
D001537,5.0,1373.0,1.12,25.5,0.41,-62.8,-47.0,26.2,44.0,-90.8,1.5,0.0,105.0,0
D001538,5.7,1119.0,0.93,26.5,0.66,-63.4,-53.9,23.2,41.0,-98.4,9.9,1.0,136.0,1
D001539,6.1,1113.0,1.39,20.0,0.63,-69.1,-46.8,28.0,49.0,-96.9,11.8,0.0,100.0,0
D001540,4.9,1148.0,1.21,29.0,0.5,-64.5,-47.9,25.7,41.0,-97.1,10.0,1.0,128.0,1
D001541,3.8,1298.0,1.27,29.5,0.33,-67.8,-49.2,22.7,54.0,-95.9,18.7,1.0,135.0,0
D001542,5.4,,1.09,25.0,0.41,-66.2,-50.3,22.9,,-95.5,11.3,1.0,138.0,0
D001543,4.8,1175.0,1.01,38.0,0.5,-61.5,-48.7,29.7,33.0,-97.5,8.7,1.0,120.0,0
D001544,5.6,1102.0,1.16,35.0,0.6,-60.7,-53.5,24.0,53.0,-96.1,2.5,1.0,127.0,1
D001545,4.8,1158.0,1.22,30.0,0.57,-66.0,-47.7,23.6,,-95.3,15.4,1.0,131.0,0
D001546,4.4,1128.0,1.23,25.5,0.48,-64.7,-50.4,24.2,44.0,-95.4,8.8,1.0,133.0,0
D001547,3.4,1388.0,1.18,36.0,0.33,-62.3,-52.5,25.5,50.0,-91.0,16.8,1.0,123.0,0
D001548,3.2,1370.0,1.28,22.0,0.69,-69.4,-49.4,23.2,49.0,-93.4,15.4,0.0,144.0,0
D001549,4.9,1192.0,1.11,31.0,0.47,-65.7,-50.8,25.5,48.0,-96.3,12.9,1.0,123.0,1
D001550,4.7,1137.0,0.9,29.5,0.5,-65.6,-51.6,24.2,42.0,,9.8,1.0,124.0,1
D001551,4.6,1151.0,1.05,30.5,0.5,-64.6,-49.5,23.4,43.0,-94.3,11.5,1.0,128.0,1
D001552,3.4,,1.6,32.0,0.37,-64.6,-46.6,27.3,43.0,-92.5,8.3,1.0,133.0,0
D001553,4.9,1196.0,0.96,35.5,0.31,-60.3,-46.3,22.8,50.0,-98.8,17.9,1.0,100.0,0
D001554,5.5,1268.0,1.55,21.0,0.56,-68.4,-47.5,25.6,45.0,-99.8,5.9,0.0,148.0,1
D001555,5.0,1212.0,1.04,28.5,0.53,-64.1,-50.3,22.9,45.0,-96.7,8.3,1.0,131.0,1
D001556,5.3,1106.0,1.18,28.5,0.49,-64.4,-48.0,25.2,44.0,-94.9,8.2,0.0,121.0,1
D001557,4.3,1173.0,1.07,27.0,0.54,-66.5,-51.5,23.2,49.0,-97.0,7.9,1.0,124.0,0
D001558,5.4,1180.0,1.17,26.0,0.53,-64.0,-50.7,23.5,,-97.6,9.5,0.0,128.0,1
D001559,4.5,1171.0,1.08,29.5,0.51,-65.7,-49.5,24.9,48.0,-96.8,8.2,0.0,129.0,1
D001560,4.6,1187.0,1.15,30.0,0.43,-65.4,-51.0,23.5,45.0,-94.4,8.2,0.0,127.0,0
D001561,3.2,1371.0,1.52,22.5,0.39,-66.4,-55.0,27.1,59.0,-92.6,3.6,0.0,101.0,0
D001562,4.8,1110.0,1.06,31.5,0.45,-65.3,-50.3,24.5,44.0,-95.6,10.6,1.0,134.0,1
D001563,4.7,1147.0,1.18,29.0,0.47,-65.6,-47.6,26.4,45.0,-94.6,14.2,1.0,128.0,0
D001564,6.1,1393.0,1.59,25.5,0.67,-67.2,-49.8,24.7,44.0,-91.1,5.5,1.0,109.0,0
D001565,5.4,1189.0,1.25,26.5,0.41,-64.2,-50.3,24.2,44.0,-93.8,10.2,1.0,123.0,1
D001566,4.9,1145.0,1.05,32.5,0.41,-64.2,-49.1,24.9,42.0,-94.4,13.6,1.0,132.0,1
D001567,4.7,1145.0,1.06,27.5,0.46,-65.6,-52.0,23.3,44.0,-96.3,11.0,0.0,136.0,1
D001568,4.9,1209.0,1.03,31.0,0.53,-66.6,-47.9,24.5,42.0,-96.4,10.8,0.0,128.0,1
D001569,5.3,1193.0,1.18,29.0,0.49,-64.1,-50.1,21.5,39.0,-94.8,9.8,1.0,126.0,1
D001570,6.5,1245.0,1.21,29.5,0.55,-66.9,-50.5,20.1,51.0,-93.2,11.5,1.0,135.0,1
D001571,5.6,1112.0,1.33,23.5,0.68,-65.0,-45.4,22.0,46.0,-98.4,7.6,0.0,132.0,0
D001572,4.9,1257.0,1.33,24.5,0.69,-64.2,-47.5,27.7,53.0,-91.7,4.9,1.0,138.0,0
D001573,3.2,1009.0,1.34,32.0,0.61,-63.0,-51.6,27.4,31.0,-96.8,7.5,1.0,110.0,0
D001574,4.7,1166.0,1.03,28.5,0.47,-65.3,-50.6,24.5,43.0,-94.5,9.3,1.0,132.0,1
D001575,4.5,1148.0,1.01,25.5,0.48,-65.6,-50.5,22.3,42.0,-95.4,7.3,1.0,124.0,1
D001576,4.1,1267.0,1.22,33.0,0.49,-65.0,-50.2,23.3,44.0,-93.5,9.4,0.0,125.0,1
D001577,3.8,1141.0,0.8,34.0,0.64,,-46.8,22.7,55.0,-94.6,20.2,0.0,106.0,0
D001578,5.5,1092.0,1.16,36.0,0.5,-61.9,-48.1,20.8,53.0,-95.4,11.8,1.0,115.0,0
D001579,3.0,1218.0,1.35,32.0,0.34,-68.5,-50.9,22.4,47.0,-96.6,15.4,0.0,119.0,0
D001580,5.0,1239.0,1.13,27.0,0.48,-65.2,-49.5,,36.0,-95.1,8.8,1.0,130.0,1
D001581,4.7,1123.0,1.21,27.0,0.5,-66.2,-50.8,24.0,42.0,-95.9,6.4,0.0,123.0,1
D001582,6.0,1192.0,1.0,28.5,0.49,-66.1,-50.9,25.1,45.0,-95.6,9.0,1.0,131.0,1
D001583,4.4,1223.0,1.13,,0.52,-66.1,-49.6,25.1,46.0,-95.5,9.2,0.0,121.0,1
D001584,4.3,1196.0,0.92,30.0,0.51,-64.8,-51.8,22.0,36.0,-96.0,5.6,1.0,123.0,1
D001585,5.2,1121.0,1.11,26.5,0.55,,-49.7,24.6,42.0,-96.8,11.3,,130.0,1
D001586,3.4,1389.0,1.42,36.5,0.7,-65.1,-45.0,29.1,34.0,-98.2,7.4,1.0,121.0,0
D001587,6.0,1288.0,1.22,32.0,0.63,-69.8,-49.1,25.7,34.0,-98.4,14.4,0.0,133.0,1
D001588,4.5,1170.0,1.1,28.0,0.47,-64.4,-50.5,24.9,42.0,-97.2,8.0,,127.0,1
D001589,4.4,1186.0,0.94,29.0,0.5,-64.4,-50.0,24.1,45.0,-95.6,11.0,1.0,132.0,1
D001590,4.8,1201.0,1.24,30.5,0.45,-65.6,-49.8,23.3,43.0,-97.9,6.8,0.0,130.0,1
D001591,4.6,1140.0,1.25,24.5,0.54,-66.6,-50.0,23.5,49.0,-94.7,11.5,1.0,124.0,0
D001592,4.2,1102.0,1.1,26.5,0.46,-64.3,-48.4,23.6,46.0,-96.3,6.4,1.0,131.0,0
D001593,4.8,1167.0,1.08,29.5,0.54,-67.5,-49.5,23.6,40.0,-96.2,8.7,0.0,132.0,1
D001594,4.8,1221.0,1.14,28.5,0.51,-66.6,,25.4,46.0,-94.6,10.1,0.0,125.0,1
D001595,5.1,1102.0,1.12,31.5,0.48,-67.5,-51.8,23.6,42.0,-96.0,4.2,0.0,121.0,1
D001596,5.0,1277.0,1.06,27.0,,-66.2,-49.8,24.0,43.0,-94.4,4.7,0.0,131.0,1
D001597,5.4,1193.0,1.02,31.0,0.45,-65.3,-49.3,23.9,46.0,-95.2,5.4,1.0,116.0,1
D001598,5.0,1281.0,1.08,29.0,0.46,-65.6,-51.3,25.3,51.0,-95.3,9.2,1.0,129.0,1
D001599,3.2,1309.0,1.36,21.0,0.55,-61.8,-45.1,27.4,54.0,-96.7,10.6,1.0,148.0,0
D001600,4.6,1181.0,1.12,25.0,0.52,-66.1,-49.0,24.4,43.0,-95.4,8.6,0.0,131.0,1
D001601,3.9,1361.0,1.3,31.5,0.35,-66.5,-49.4,24.8,42.0,-97.1,1.6,1.0,110.0,0
D001602,4.6,1017.0,1.08,23.0,0.39,-62.7,-49.9,21.0,48.0,-99.0,14.7,1.0,134.0,0
D001603,5.2,1204.0,1.09,28.0,0.5,-66.2,-49.0,22.3,43.0,-96.4,10.5,0.0,124.0,1
D001604,4.5,1180.0,1.11,26.0,0.52,-66.6,-52.2,22.0,44.0,-96.5,9.0,0.0,125.0,1
D001605,3.2,1119.0,1.16,22.0,0.49,-61.5,-49.7,22.9,33.0,-94.4,19.5,0.0,113.0,0
D001606,4.2,1098.0,1.14,29.5,0.49,-66.4,-49.4,24.0,43.0,-96.4,8.5,1.0,123.0,0
D001607,4.9,1167.0,1.15,32.5,0.41,-67.4,-49.8,23.9,50.0,-97.2,8.5,0.0,125.0,1
D001608,5.0,1263.0,1.08,30.5,0.48,-67.4,-49.5,23.8,45.0,-96.4,7.8,1.0,132.0,1
D001609,4.9,1177.0,1.12,28.0,0.5,-64.6,-51.7,23.7,52.0,-96.0,8.3,0.0,137.0,1
D001610,4.6,,1.03,29.0,0.5,-65.8,-49.9,24.4,47.0,-97.7,12.9,1.0,137.0,1
D001611,4.7,1220.0,1.3,27.0,0.52,-65.0,-51.3,24.4,48.0,-96.5,9.0,1.0,128.0,0
D001612,4.9,1112.0,1.06,31.0,0.41,-65.7,-49.7,22.3,48.0,-94.6,9.3,0.0,127.0,1
D001613,4.0,1266.0,0.82,39.0,0.6,-63.6,-50.8,23.3,37.0,-95.3,15.2,1.0,102.0,0
D001614,5.2,1164.0,0.96,30.0,0.48,-64.7,-50.1,26.1,41.0,-95.7,9.3,1.0,130.0,1
D001615,5.3,1168.0,1.08,28.0,0.49,-65.1,-49.7,21.7,42.0,-95.3,7.6,1.0,120.0,1
D001616,3.9,1151.0,1.14,31.5,0.45,-65.6,-50.4,24.5,45.0,-94.8,7.6,1.0,127.0,0
D001617,5.4,1164.0,1.17,23.5,0.44,-65.7,-49.1,24.7,38.0,-95.3,12.8,1.0,127.0,1
D001618,5.2,1063.0,1.03,36.0,0.48,-67.7,-53.6,29.6,39.0,-96.5,11.1,1.0,117.0,1
D001619,4.2,1230.0,1.27,30.5,0.47,-66.4,-50.2,23.4,41.0,-95.6,10.4,0.0,119.0,1
D001620,5.1,1211.0,1.0,27.5,0.5,-64.5,-52.0,21.9,42.0,,9.1,1.0,126.0,1
D001621,5.1,1115.0,1.04,22.5,,-66.7,-48.4,20.8,37.0,-95.2,13.5,1.0,113.0,0
D001622,4.9,1146.0,1.14,29.5,0.45,-64.2,-50.0,22.4,41.0,-95.9,9.0,1.0,125.0,1
D001623,5.7,1192.0,1.46,25.0,0.58,-69.0,-47.5,24.9,34.0,-93.5,3.3,0.0,140.0,1
D001624,4.2,1204.0,0.92,30.5,0.5,-65.9,-49.1,25.4,42.0,-94.6,8.5,0.0,126.0,1
D001625,4.6,1098.0,1.23,33.0,0.38,-67.1,-51.0,23.7,45.0,-94.3,9.0,0.0,120.0,1
D001626,5.1,1165.0,1.15,28.5,0.47,-64.6,-50.9,22.7,43.0,-94.6,,0.0,126.0,1
D001627,5.1,1129.0,1.14,31.0,0.51,-66.3,-49.1,23.9,46.0,-95.2,10.2,0.0,127.0,1
D001628,5.1,1169.0,,29.5,0.45,-64.7,-50.0,22.6,39.0,-96.1,11.2,0.0,134.0,1
D001629,5.3,1210.0,1.07,29.5,0.49,-66.0,-50.6,23.1,46.0,-96.9,9.1,1.0,136.0,1
D001630,6.5,1286.0,1.6,21.0,0.59,-63.9,-48.9,29.9,35.0,-93.6,13.7,0.0,120.0,0
D001631,5.0,1218.0,1.13,25.0,0.47,-65.6,-50.2,24.7,42.0,-95.0,8.7,1.0,127.0,1
D001632,3.9,1145.0,1.08,30.5,0.45,-65.5,-49.3,25.2,40.0,-96.3,9.1,0.0,,1
D001633,4.6,1128.0,0.96,30.5,0.48,-65.7,-49.5,22.9,41.0,-94.3,10.2,0.0,141.0,1
D001634,4.6,1183.0,1.14,29.5,0.47,-65.2,-50.8,23.8,40.0,-96.6,12.5,0.0,126.0,1
D001635,4.7,1156.0,1.14,32.0,0.56,-65.1,-51.0,24.2,46.0,,11.3,0.0,130.0,1
D001636,4.6,1231.0,0.99,29.0,0.49,-64.1,-50.2,23.8,47.0,-96.3,8.5,0.0,126.0,1
D001637,5.2,1316.0,0.94,20.5,0.64,-65.2,-49.2,24.9,48.0,-94.7,3.2,0.0,104.0,0
D001638,5.3,1172.0,1.2,27.0,0.46,-66.9,-50.6,24.5,41.0,-96.5,11.4,0.0,132.0,1
D001639,4.8,1136.0,0.93,22.5,0.66,-64.2,-45.9,21.0,36.0,-94.9,22.9,0.0,120.0,0
D001640,5.0,1294.0,1.49,21.0,0.44,-68.9,-51.0,21.6,33.0,-93.3,22.0,0.0,108.0,0
D001641,4.3,1158.0,1.04,26.5,0.44,-66.6,-48.6,24.7,42.0,-96.9,13.4,1.0,125.0,0
D001642,4.9,1194.0,1.06,32.5,0.51,-64.4,-50.5,24.3,45.0,-95.8,8.1,1.0,132.0,1
D001643,4.5,1187.0,1.15,40.0,0.45,-63.8,-53.8,27.0,53.0,-91.8,20.5,1.0,111.0,0
D001644,4.4,1137.0,1.06,29.5,0.41,-65.6,-49.0,23.7,43.0,-95.2,6.8,0.0,125.0,1
D001645,5.9,1200.0,1.01,28.5,0.52,-65.8,-49.4,24.3,45.0,-96.8,9.2,1.0,143.0,1
D001646,5.2,1101.0,1.2,26.0,0.53,-64.3,-48.7,21.9,36.0,-96.0,8.4,0.0,118.0,1
D001647,3.0,1293.0,1.44,39.0,0.43,-68.3,-45.9,23.5,59.0,-93.7,13.6,0.0,128.0,0
D001648,3.8,1040.0,1.55,25.5,0.65,-67.7,,28.0,44.0,-96.7,1.2,1.0,131.0,0
D001649,5.4,1186.0,1.43,25.0,0.47,-65.8,-50.4,21.9,44.0,-99.4,2.2,1.0,101.0,1
D001650,4.7,1200.0,1.18,28.0,0.43,-65.3,-50.8,24.3,36.0,-94.8,10.8,1.0,128.0,0
D001651,5.4,1149.0,1.25,28.0,0.48,-65.7,-50.8,23.9,43.0,-97.8,10.6,1.0,130.0,1
D001652,4.4,1184.0,1.16,27.5,0.5,-65.8,-49.5,23.7,46.0,-94.7,12.7,0.0,140.0,1
D001653,4.2,1187.0,1.11,26.0,0.47,-65.8,-49.1,24.3,41.0,-95.5,6.0,1.0,125.0,1
D001654,4.0,1116.0,1.09,34.0,0.49,-65.5,-49.2,24.5,43.0,-93.2,11.9,0.0,127.0,1
D001655,3.3,1127.0,1.11,25.5,0.34,-63.8,-50.8,28.6,58.0,-90.7,2.9,1.0,102.0,0
D001656,4.2,1174.0,1.1,25.5,0.47,-64.3,-48.2,23.5,42.0,-96.6,11.4,1.0,129.0,0
D001657,4.6,1138.0,,29.5,0.46,-66.3,-50.5,23.2,42.0,-95.6,7.0,0.0,132.0,1
D001658,4.7,1189.0,1.1,30.0,0.43,-66.7,-49.0,21.9,40.0,-95.6,12.0,0.0,128.0,1
D001659,5.0,1187.0,1.11,28.0,0.5,-64.8,-50.2,23.8,45.0,-93.4,10.4,1.0,134.0,1
D001660,4.1,1222.0,1.13,31.0,0.47,-65.3,-49.5,25.5,44.0,-96.3,9.1,1.0,131.0,1
D001661,5.3,1064.0,0.91,26.0,0.5,-66.5,-48.8,23.5,45.0,-94.8,10.5,1.0,138.0,1
D001662,6.2,1192.0,0.96,25.0,0.41,-68.6,-52.7,20.2,55.0,-96.7,11.5,0.0,119.0,1
D001663,4.2,1386.0,0.88,25.0,0.4,-60.5,-53.2,23.3,56.0,-92.4,9.6,0.0,125.0,0
D001664,5.5,1140.0,1.28,30.5,0.42,-66.0,-49.1,24.4,50.0,-97.0,7.6,1.0,134.0,1
D001665,4.6,1210.0,0.87,28.0,0.5,-66.5,-46.3,22.4,54.0,-94.4,18.9,1.0,136.0,0
D001666,,1145.0,1.1,30.5,0.51,-64.9,-49.9,24.5,47.0,-95.8,10.2,0.0,120.0,1
D001667,5.3,1227.0,1.16,29.0,0.48,-65.3,-49.5,24.3,46.0,-95.5,10.7,0.0,132.0,1
D001668,4.1,1046.0,1.14,38.5,0.59,-68.1,-48.7,26.7,44.0,-95.0,23.9,0.0,146.0,1
D001669,4.9,1176.0,1.07,26.5,0.52,-68.4,-48.9,24.4,44.0,,6.2,1.0,130.0,1
D001670,4.6,1014.0,1.03,34.0,0.48,-62.1,-49.5,21.5,58.0,-94.6,12.8,1.0,144.0,0
D001671,3.6,1237.0,1.29,38.0,0.48,-64.5,-49.6,22.7,41.0,,7.5,0.0,133.0,1
D001672,5.0,1181.0,1.17,28.5,0.47,-64.7,-50.3,24.0,46.0,-97.1,9.5,1.0,137.0,1
D001673,5.1,1137.0,1.13,29.0,0.42,-64.8,-50.6,22.7,46.0,-95.5,10.0,1.0,131.0,1
D001674,5.4,1161.0,,31.0,0.48,-66.2,-50.1,24.6,42.0,-95.3,12.0,0.0,130.0,1
D001675,5.0,1136.0,1.11,,0.44,-64.2,-51.3,24.4,42.0,-94.4,8.1,0.0,118.0,1
D001676,3.3,1307.0,0.93,24.5,0.3,-64.3,-54.7,28.5,54.0,-90.8,19.2,1.0,132.0,0
D001677,3.6,1392.0,1.51,26.0,0.37,-68.6,-47.7,20.9,37.0,-99.4,17.9,0.0,142.0,0
D001678,4.7,1128.0,1.15,32.5,0.45,-65.8,-50.6,23.6,,-94.8,8.4,1.0,,1
D001679,4.4,1237.0,1.37,,0.49,-65.8,-49.9,23.5,40.0,-95.8,8.6,1.0,140.0,0
D001680,4.7,1239.0,1.22,27.5,0.45,-63.6,-51.5,23.1,45.0,-95.9,4.8,0.0,127.0,1
D001681,5.2,1393.0,0.83,27.0,0.69,-68.3,-46.3,24.8,33.0,-93.4,9.0,1.0,122.0,0
D001682,4.7,1095.0,1.2,31.0,0.43,-64.6,-48.6,22.2,45.0,-96.6,5.8,0.0,132.0,1
D001683,4.8,1245.0,0.96,33.5,0.48,-64.4,-50.2,24.0,46.0,-95.3,11.5,1.0,126.0,1
D001684,4.5,1134.0,1.11,30.5,0.52,-65.2,-50.1,23.2,44.0,-95.6,10.9,1.0,133.0,1
D001685,3.2,1338.0,1.31,33.5,0.35,-68.8,-47.0,20.0,35.0,-92.1,23.1,0.0,144.0,0
D001686,6.4,1330.0,1.59,25.0,0.66,-63.8,-49.5,21.7,33.0,-96.9,14.6,0.0,110.0,0
D001687,3.0,1256.0,1.38,32.0,0.51,-62.4,-47.5,23.9,45.0,-99.3,5.3,1.0,125.0,0
D001688,4.4,1054.0,1.47,33.5,0.63,-60.8,-53.8,23.4,33.0,-91.8,6.1,0.0,116.0,0
D001689,6.4,1222.0,1.47,25.5,0.68,-60.0,-48.7,22.6,45.0,-90.4,5.2,1.0,131.0,0
D001690,4.4,1163.0,1.16,27.5,0.5,-64.7,-50.2,25.1,49.0,-96.1,11.3,0.0,134.0,1
D001691,4.7,1104.0,1.1,26.0,0.51,-67.2,-50.2,23.6,48.0,-94.6,15.6,0.0,123.0,0
D001692,4.2,1188.0,1.16,28.5,0.46,-65.0,-49.8,23.8,47.0,-95.7,7.4,0.0,131.0,1
D001693,5.4,1147.0,1.08,34.0,0.51,-64.0,-50.9,25.3,45.0,-93.6,11.8,0.0,134.0,1
D001694,4.9,1196.0,1.21,26.0,0.47,-63.7,-49.4,25.8,50.0,-98.0,8.7,0.0,123.0,0
D001695,5.5,1133.0,1.29,31.0,0.43,-65.0,-48.2,24.5,46.0,-98.3,13.6,1.0,128.0,1
D001696,4.7,1152.0,1.07,21.0,0.55,-61.0,-54.1,29.1,57.0,-98.8,,0.0,117.0,0
D001697,4.9,1136.0,1.08,29.5,0.48,-64.7,-50.3,23.4,47.0,-94.9,10.4,1.0,124.0,1
D001698,4.8,1174.0,1.3,29.5,0.49,-65.2,-47.6,23.6,47.0,-95.1,5.8,0.0,128.0,1
D001699,6.6,1389.0,0.97,30.0,0.44,-62.6,-52.9,26.4,36.0,-94.8,15.3,,109.0,0
D001700,4.4,1182.0,1.34,26.0,0.32,-61.9,-51.9,20.4,49.0,-98.5,0.6,0.0,118.0,0
D001701,5.3,1148.0,1.14,37.0,0.55,-60.5,-47.3,24.2,37.0,-91.4,12.7,1.0,135.0,0
D001702,3.3,1103.0,1.59,31.5,0.61,-67.4,-55.0,25.1,44.0,-92.5,16.2,1.0,118.0,0
D001703,4.5,1187.0,1.07,32.5,0.49,-66.3,-49.9,,40.0,-96.2,5.8,0.0,125.0,1
D001704,3.2,1243.0,1.03,26.0,0.52,-61.0,-51.8,21.3,36.0,-97.5,7.9,1.0,108.0,0
D001705,4.7,1250.0,1.1,33.0,0.49,-66.7,-49.5,23.3,43.0,-96.4,9.0,0.0,120.0,1
D001706,4.5,1103.0,0.99,28.0,0.47,-67.2,-49.3,25.0,41.0,-97.0,9.2,0.0,132.0,1
D001707,4.7,1193.0,1.24,29.5,0.46,-64.3,-49.0,24.9,45.0,-95.9,11.7,0.0,130.0,1
D001708,5.4,1121.0,1.14,29.5,0.47,-67.1,-49.7,26.7,47.0,-96.1,11.0,0.0,127.0,1
D001709,4.5,1153.0,1.06,28.0,,-66.2,-50.1,24.2,45.0,-96.3,9.9,,137.0,1
D001710,5.3,1116.0,1.05,32.0,0.47,-63.9,-49.2,23.2,43.0,-95.1,11.2,1.0,122.0,1
D001711,5.3,1186.0,1.03,31.0,0.45,-64.8,-48.8,24.1,42.0,-96.1,7.9,1.0,130.0,1
D001712,3.0,1304.0,0.98,39.5,0.56,-61.5,-52.5,24.4,39.0,-91.0,21.0,0.0,134.0,0
D001713,6.7,1221.0,1.39,20.0,0.63,-60.7,-45.9,24.4,33.0,-94.5,9.6,1.0,105.0,0
D001714,4.6,1134.0,1.16,31.5,0.51,-64.4,-49.5,,40.0,-95.8,7.0,1.0,134.0,1
D001715,4.4,1128.0,0.83,33.0,0.44,-65.7,-52.9,23.6,39.0,-92.9,18.6,1.0,121.0,1
D001716,6.5,1293.0,1.04,26.5,0.34,-63.1,-46.3,28.6,41.0,-91.0,20.8,1.0,128.0,0
D001717,5.0,1201.0,1.11,31.5,0.45,-63.5,-49.6,25.3,37.0,-94.8,7.1,0.0,126.0,1
D001718,4.9,1089.0,0.91,30.0,0.5,-66.6,-50.2,24.6,48.0,-95.0,8.0,1.0,132.0,1
D001719,5.8,1333.0,1.27,21.0,0.57,-69.2,-49.0,22.5,30.0,-96.5,22.9,1.0,118.0,1
D001720,6.7,1341.0,0.96,25.5,0.61,-63.3,-55.0,27.2,,-90.9,23.8,1.0,113.0,0
D001721,3.9,1380.0,0.81,37.0,0.55,-63.7,-51.7,22.7,60.0,-95.5,19.4,0.0,122.0,1
D001722,4.8,1210.0,1.08,30.5,0.51,-66.6,-50.9,23.0,44.0,-94.9,11.5,0.0,,1
D001723,3.3,1367.0,0.87,29.5,0.64,-62.8,-45.7,23.5,60.0,-91.8,2.8,1.0,123.0,0
D001724,5.0,1149.0,1.01,30.0,0.44,-65.2,-50.0,21.6,46.0,-96.9,9.5,1.0,118.0,1
D001725,3.4,1171.0,1.06,36.0,0.63,-64.5,-52.3,29.5,46.0,-99.0,19.2,1.0,103.0,0
D001726,4.7,1200.0,0.98,29.5,0.42,-64.0,-50.1,25.2,44.0,-95.7,4.6,0.0,127.0,1
D001727,4.3,1151.0,1.02,25.5,0.49,-66.8,-49.0,22.8,39.0,-96.0,10.8,0.0,139.0,1
D001728,5.4,1174.0,0.9,28.5,0.49,-66.0,-49.7,25.1,45.0,-93.0,6.3,0.0,124.0,1
D001729,5.7,1143.0,1.36,34.5,0.38,-62.5,-46.5,24.4,59.0,-94.7,14.9,1.0,123.0,0
D001730,4.8,1184.0,1.12,29.5,0.49,-65.1,-49.9,24.3,47.0,-95.1,8.4,1.0,130.0,1
D001731,5.4,1192.0,1.09,27.5,0.46,-65.5,-48.3,25.0,42.0,-95.3,5.9,1.0,124.0,1
D001732,4.9,1133.0,1.21,,0.48,-64.9,-51.0,23.9,43.0,-92.9,11.1,1.0,127.0,1
D001733,3.3,1140.0,1.24,32.5,0.38,-69.3,-53.3,27.1,31.0,-97.6,0.3,1.0,145.0,1
D001734,4.4,1167.0,1.04,28.5,0.42,-64.9,-50.4,22.3,40.0,-94.0,8.7,0.0,127.0,1
D001735,4.7,1242.0,1.04,25.5,0.5,-66.0,-48.2,23.1,49.0,-96.6,7.3,1.0,128.0,0
D001736,6.4,1266.0,1.17,,0.38,-62.6,-46.8,26.5,54.0,-95.2,11.1,1.0,109.0,0
D001737,4.2,1177.0,1.08,30.0,0.47,-63.1,-50.0,23.4,39.0,-96.3,9.8,0.0,128.0,1
D001738,5.8,1287.0,1.28,21.0,0.39,-66.9,-46.5,27.4,58.0,-94.4,16.1,0.0,126.0,0
D001739,5.8,1227.0,1.57,,0.65,-67.3,-46.7,25.7,33.0,-99.4,10.7,0.0,143.0,0
D001740,6.2,1276.0,1.29,39.0,0.31,-64.8,-48.5,20.3,40.0,-90.5,3.1,1.0,123.0,0
D001741,3.8,1386.0,0.96,21.0,0.43,-66.2,-52.4,29.8,57.0,-93.9,17.9,1.0,131.0,0
D001742,7.0,1316.0,1.47,28.0,0.67,-68.8,-51.1,24.7,44.0,-91.3,4.2,1.0,128.0,1
D001743,5.2,1198.0,1.14,27.0,0.45,-66.3,-48.0,23.7,42.0,-96.1,6.8,1.0,140.0,1
D001744,4.6,1182.0,1.14,29.5,0.51,-63.8,-52.0,23.1,45.0,-95.6,10.2,1.0,126.0,1
D001745,3.6,1346.0,0.98,23.0,0.62,-61.7,,20.9,31.0,-91.5,12.1,0.0,104.0,0
D001746,4.3,1162.0,1.17,27.5,0.47,-65.9,-48.4,22.9,,-97.8,11.3,1.0,132.0,0
D001747,5.4,1217.0,1.16,30.0,0.5,-63.6,-49.5,22.6,44.0,-95.8,8.1,0.0,134.0,1
D001748,5.9,1040.0,1.5,33.0,0.62,-63.0,-48.8,24.1,37.0,-96.7,20.1,0.0,134.0,0
D001749,4.7,1188.0,1.08,28.5,0.45,-63.6,-49.9,23.4,46.0,-94.7,,1.0,128.0,1
D001750,4.9,1235.0,1.14,30.0,0.53,-67.5,-49.3,22.4,48.0,-97.6,7.7,0.0,129.0,1
D001751,4.9,1234.0,1.06,32.0,0.43,-65.6,-50.0,25.1,41.0,-96.2,12.5,0.0,121.0,1
D001752,4.4,1163.0,1.01,25.5,0.47,-66.6,-49.9,22.5,48.0,-97.2,4.6,1.0,132.0,1
D001753,6.4,1055.0,1.16,29.0,0.66,-62.8,-51.5,22.6,44.0,-99.4,18.5,0.0,129.0,0
D001754,5.3,1267.0,1.24,22.0,0.67,-65.8,-49.5,26.0,45.0,-95.8,14.3,0.0,110.0,0
D001755,3.8,1147.0,1.36,22.0,0.7,-62.4,-46.7,22.2,52.0,-96.0,4.2,1.0,117.0,0
D001756,4.8,1172.0,1.3,,0.36,-61.5,-47.1,29.7,41.0,-97.1,7.4,1.0,125.0,0
D001757,3.4,1316.0,0.83,27.0,0.61,,-49.4,20.4,45.0,-93.2,18.5,1.0,127.0,0
D001758,4.2,1015.0,1.56,24.5,0.31,-69.5,-47.3,27.1,33.0,-93.4,5.0,0.0,121.0,0
D001759,5.2,1377.0,1.18,34.0,0.38,-69.8,-48.8,28.5,55.0,-95.4,19.5,0.0,105.0,0
D001760,4.3,1191.0,1.23,26.5,0.46,-65.9,-49.1,23.7,47.0,-95.2,6.7,1.0,127.0,0
D001761,4.7,1230.0,1.15,25.5,0.48,-65.7,,25.9,43.0,-95.7,11.4,0.0,127.0,1
D001762,4.4,1367.0,0.97,30.0,0.67,-60.7,-49.4,25.9,41.0,-91.7,,0.0,126.0,0
D001763,6.0,1052.0,1.39,21.0,0.46,-64.4,-50.5,20.1,33.0,-92.7,14.2,0.0,127.0,0
D001764,6.3,1152.0,1.09,34.5,0.32,-69.0,-50.6,22.0,37.0,-90.2,1.8,0.0,113.0,1
D001765,5.3,1238.0,0.9,28.0,0.44,-66.7,-49.3,23.1,47.0,-93.8,11.6,1.0,114.0,1
D001766,3.6,1291.0,0.89,39.0,0.39,-67.0,-49.2,21.7,55.0,-96.6,7.4,1.0,140.0,1
D001767,5.1,1150.0,1.15,26.5,0.49,-64.2,-50.4,24.5,46.0,-94.8,10.6,0.0,134.0,1
D001768,6.4,1234.0,1.06,23.0,0.53,-64.8,-48.3,23.5,44.0,-94.0,3.5,0.0,126.0,1
D001769,4.9,1159.0,1.05,33.0,0.47,-65.2,-49.1,24.2,44.0,-95.1,10.3,1.0,116.0,1
D001770,4.8,1143.0,0.95,28.5,0.5,-64.6,-51.0,26.1,48.0,-95.9,9.9,1.0,127.0,1
D001771,6.8,1341.0,1.58,30.5,0.7,-63.6,-53.4,22.0,54.0,-96.4,5.3,1.0,148.0,1
D001772,4.2,1303.0,1.34,35.0,,-63.4,-48.7,22.6,41.0,-98.6,5.2,1.0,130.0,0
D001773,3.1,1337.0,,28.0,0.36,-60.0,-53.6,25.8,31.0,-93.1,11.4,1.0,118.0,0
D001774,5.8,1072.0,0.98,34.0,0.55,-61.7,-48.2,28.4,52.0,-90.4,6.8,0.0,107.0,0
D001775,5.1,1204.0,1.17,29.5,0.44,-66.5,-49.7,23.2,42.0,-96.0,10.0,1.0,119.0,1
D001776,4.9,1233.0,0.96,32.5,0.39,-65.9,-50.7,23.7,50.0,-94.0,9.9,1.0,118.0,1
D001777,4.2,1141.0,1.03,26.0,0.51,-66.3,-49.8,25.3,46.0,-95.6,11.9,1.0,131.0,1
D001778,4.5,1143.0,1.03,31.5,0.42,-65.1,-50.1,25.6,41.0,-97.0,5.4,0.0,116.0,1
D001779,5.7,1260.0,1.46,35.5,0.33,-70.0,-47.2,24.8,37.0,-93.1,16.2,1.0,115.0,0
D001780,4.2,1198.0,1.01,28.0,0.52,-66.7,-48.1,25.3,43.0,-97.8,10.5,0.0,129.0,1
D001781,4.7,1129.0,1.17,31.5,0.47,-66.5,-52.0,25.4,40.0,-94.8,10.6,1.0,126.0,1
D001782,4.6,1240.0,0.98,29.5,0.45,-65.7,-50.0,24.8,48.0,-95.4,9.5,1.0,132.0,1
D001783,4.9,1186.0,1.11,29.5,0.49,-65.8,-49.6,23.0,53.0,-96.5,11.2,0.0,120.0,0
D001784,4.5,1148.0,1.12,30.0,0.46,-66.2,-51.1,26.2,46.0,-96.7,6.8,0.0,119.0,1
D001785,5.3,1153.0,1.17,28.0,0.48,-66.1,-51.7,24.6,43.0,-95.5,9.2,0.0,122.0,1
D001786,4.6,1248.0,1.13,26.5,0.43,-65.3,-49.4,22.1,,-95.2,11.8,0.0,128.0,1
D001787,4.3,1163.0,0.93,31.5,0.53,-66.2,-50.5,22.6,44.0,-94.2,9.8,0.0,134.0,1
D001788,5.5,1212.0,0.98,30.5,0.55,-67.1,-50.0,24.5,40.0,-94.5,8.5,1.0,140.0,1
D001789,4.6,1253.0,1.49,29.0,0.4,-67.7,-47.1,,35.0,-92.5,3.6,,,1
D001790,4.0,1181.0,0.97,28.5,0.52,-66.1,-49.9,23.0,45.0,-95.9,6.1,1.0,130.0,1
D001791,5.4,1236.0,1.04,28.0,0.49,-64.4,-51.9,24.9,51.0,-95.8,13.1,1.0,129.0,1
D001792,6.3,1050.0,1.07,28.0,0.58,-69.0,-50.9,24.5,56.0,-98.7,9.6,1.0,121.0,1
D001793,4.7,1240.0,1.04,28.5,0.51,-66.0,-49.2,25.2,49.0,-96.1,10.1,0.0,124.0,1
D001794,4.6,1161.0,1.05,28.5,0.5,-65.6,-51.5,23.3,38.0,-95.8,11.9,1.0,132.0,1
D001795,3.8,1380.0,1.45,22.5,0.43,-69.9,-46.3,28.4,60.0,-98.4,14.6,1.0,123.0,0
D001796,5.1,1363.0,1.53,33.5,0.67,-65.5,-48.0,21.6,35.0,-100.0,10.9,1.0,115.0,0
D001797,5.0,1004.0,1.42,20.5,0.47,-60.4,-50.3,27.9,50.0,-95.2,8.2,1.0,,0
D001798,3.2,1060.0,1.0,34.0,0.37,-65.4,-48.8,27.5,59.0,-93.1,7.6,0.0,150.0,0
D001799,5.1,1186.0,1.08,30.5,0.51,,-51.7,25.9,37.0,-93.5,3.7,0.0,133.0,1
D001800,4.9,1031.0,0.83,31.5,0.39,-62.9,-48.1,23.1,51.0,-96.9,8.9,0.0,137.0,1
D001801,5.2,1203.0,1.22,28.0,0.51,-67.6,-48.4,24.7,46.0,-95.3,8.5,0.0,130.0,1
D001802,5.1,1189.0,0.92,32.5,0.5,-64.8,-49.3,25.0,45.0,-95.1,8.8,0.0,124.0,1
D001803,6.6,1033.0,1.08,21.0,0.57,-60.6,-53.7,22.4,33.0,-98.1,11.5,0.0,118.0,1
D001804,3.9,1223.0,1.03,30.5,0.55,-69.1,-54.6,23.2,48.0,-98.9,4.0,0.0,114.0,1
D001805,5.7,1209.0,1.02,31.0,0.49,-66.4,-49.8,22.4,42.0,-94.7,10.6,1.0,126.0,1
D001806,4.3,1162.0,1.07,30.0,0.48,-64.5,-50.3,21.6,43.0,-96.4,8.5,1.0,122.0,1
D001807,6.3,1246.0,1.41,24.5,0.4,-66.6,-46.6,27.1,42.0,-99.3,10.3,0.0,125.0,0
D001808,5.6,1168.0,1.09,27.0,0.53,-66.2,-50.8,22.2,44.0,-96.0,7.8,1.0,126.0,1
D001809,5.0,1273.0,1.12,28.0,0.43,-63.8,-49.5,24.8,46.0,-96.2,8.6,0.0,131.0,1
D001810,4.9,1171.0,1.04,30.5,0.53,-66.0,-50.3,27.4,33.0,-94.6,7.6,1.0,129.0,1
D001811,4.9,1220.0,1.14,30.0,0.47,-65.4,-50.5,24.0,48.0,-94.7,6.7,1.0,123.0,1
D001812,3.0,1299.0,1.03,31.0,0.36,-64.9,-48.9,23.5,50.0,-93.0,10.9,1.0,133.0,0
D001813,4.4,1369.0,1.38,30.5,0.6,-67.1,-46.4,29.3,44.0,-93.4,0.4,1.0,108.0,0
D001814,5.0,1155.0,1.23,31.5,0.49,-65.0,-50.2,24.7,48.0,-96.1,10.6,1.0,136.0,1
D001815,4.5,1200.0,0.98,30.5,0.45,-65.2,-48.5,23.8,47.0,-95.1,6.1,0.0,127.0,1
D001816,4.9,1197.0,0.99,30.5,0.46,-63.7,-51.4,23.1,43.0,-96.6,9.6,1.0,128.0,1
D001817,4.5,1217.0,1.19,26.0,0.47,-65.2,-49.3,,45.0,-95.6,10.6,0.0,122.0,1
D001818,4.5,1191.0,1.03,30.0,0.54,-65.6,-48.9,23.9,45.0,-96.7,,1.0,130.0,1
D001819,4.9,1104.0,1.22,28.0,0.57,-64.0,-49.7,24.9,45.0,-97.3,6.9,0.0,135.0,1
D001820,5.0,1107.0,1.07,30.5,0.49,-64.2,-51.2,24.1,46.0,-95.1,10.4,1.0,126.0,0
D001821,4.5,1190.0,1.05,30.0,,-65.2,-48.8,24.1,48.0,-94.9,4.7,1.0,133.0,1
D001822,5.2,1279.0,1.23,32.5,0.46,-64.6,-49.1,22.6,47.0,-95.6,4.3,1.0,132.0,1
D001823,3.7,1220.0,0.88,38.5,0.48,-60.5,-54.0,25.8,53.0,-95.3,12.3,,129.0,0
D001824,3.8,1126.0,1.04,29.0,0.44,-65.8,-50.4,23.4,48.0,-95.8,8.5,1.0,120.0,1
D001825,5.0,1120.0,1.38,22.0,0.4,-67.0,-51.8,22.3,51.0,-96.1,14.8,1.0,107.0,0
D001826,5.3,1116.0,1.11,30.0,0.54,-66.3,-51.0,24.5,46.0,-96.3,7.9,1.0,133.0,1
D001827,5.0,1174.0,1.09,31.0,0.45,-65.9,-51.6,22.3,43.0,-96.9,12.5,0.0,128.0,1
D001828,3.6,1135.0,1.28,36.5,,-67.3,-45.3,23.8,35.0,-96.3,21.9,1.0,139.0,0
D001829,4.3,1269.0,1.0,36.5,0.34,-67.7,-50.8,23.1,31.0,-92.8,6.7,0.0,128.0,1
D001830,4.7,1310.0,0.9,37.0,0.59,-63.9,-47.4,25.9,52.0,-99.4,14.2,1.0,130.0,1
D001831,5.2,1171.0,1.19,31.0,0.42,-65.1,-50.1,22.2,40.0,-97.0,13.7,0.0,137.0,1
D001832,5.0,1149.0,1.32,28.5,0.43,-65.6,-51.5,26.3,44.0,-96.6,6.8,1.0,124.0,0
D001833,5.4,1167.0,1.02,30.0,0.46,-66.0,-51.3,24.9,42.0,-96.6,8.7,1.0,133.0,1
D001834,4.4,1201.0,0.98,30.0,0.39,-66.1,-49.8,24.8,45.0,-94.6,11.9,1.0,128.0,1
D001835,4.5,1236.0,1.12,29.5,0.4,-65.2,-50.5,24.4,45.0,-95.9,9.3,1.0,133.0,0
D001836,4.0,1394.0,1.0,34.0,0.52,-61.8,-49.1,27.0,36.0,-95.2,19.6,1.0,122.0,0
D001837,4.6,1126.0,0.99,32.0,0.41,-64.3,-49.1,24.1,41.0,-95.9,11.4,0.0,128.0,1
D001838,5.2,1184.0,1.04,29.0,0.5,-66.0,-52.3,24.3,39.0,-94.5,8.8,1.0,136.0,1
D001839,4.9,1194.0,1.1,27.5,0.53,-64.1,-50.0,26.0,47.0,-97.4,7.0,0.0,118.0,1
D001840,5.3,1171.0,1.12,29.5,0.43,-67.0,-50.5,22.7,46.0,-96.0,8.4,0.0,126.0,0
D001841,5.2,1243.0,0.94,27.5,0.48,-66.0,-50.4,24.5,51.0,-95.0,5.9,0.0,124.0,1
D001842,5.3,1177.0,1.05,,0.52,-65.3,-49.5,22.8,45.0,-96.8,12.4,1.0,122.0,0
D001843,4.7,1193.0,1.12,28.5,0.46,-64.1,-50.8,23.4,49.0,-93.8,10.6,1.0,133.0,0
D001844,3.2,1051.0,1.08,36.5,0.59,-68.4,-46.4,25.8,38.0,-96.3,3.7,1.0,116.0,1
D001845,4.8,1135.0,1.09,25.5,0.49,-64.9,-50.7,22.4,42.0,-96.1,4.9,1.0,131.0,1
D001846,4.5,1221.0,1.1,30.5,0.49,-64.9,-50.0,23.4,40.0,-96.7,11.0,0.0,125.0,1
D001847,5.0,1241.0,1.15,29.5,0.5,-66.8,-50.6,23.7,40.0,-96.3,8.2,1.0,143.0,1
D001848,5.6,1152.0,0.97,24.0,0.56,-61.5,-52.7,29.7,33.0,-99.3,2.6,1.0,112.0,0
D001849,4.5,1196.0,1.04,30.5,0.48,-67.4,-49.1,24.0,39.0,-95.4,11.0,1.0,135.0,1
D001850,4.4,1177.0,0.97,30.0,0.48,-63.6,-49.5,23.8,43.0,-94.0,9.3,0.0,138.0,1
D001851,6.1,1010.0,,30.0,0.63,-65.5,-48.4,28.5,35.0,-91.0,15.5,0.0,101.0,0
D001852,4.8,1263.0,1.18,27.5,0.48,-64.7,-50.4,22.9,46.0,-95.7,8.9,0.0,135.0,1
D001853,5.0,1259.0,1.03,30.5,0.54,-66.2,-50.2,22.6,44.0,-93.5,9.8,1.0,130.0,1
D001854,4.3,1132.0,1.03,28.5,0.45,,-49.7,24.3,42.0,-96.6,8.7,0.0,122.0,1
D001855,5.1,1189.0,1.08,29.0,0.55,-66.4,-49.9,23.2,40.0,-96.0,5.9,1.0,133.0,1
D001856,4.8,1244.0,1.19,,0.49,-65.2,-49.3,23.2,43.0,-94.7,11.2,0.0,129.0,1
D001857,5.5,1339.0,1.59,26.0,0.55,-66.3,-52.6,25.6,57.0,-99.1,13.8,1.0,127.0,0
D001858,5.4,1288.0,0.98,36.0,0.36,-67.6,-48.4,28.2,51.0,-90.8,2.8,0.0,126.0,1
D001859,5.2,1082.0,0.9,32.0,0.34,-68.4,-45.4,20.4,42.0,-94.4,22.8,1.0,124.0,0
D001860,4.1,1234.0,1.38,28.5,0.63,-64.4,-50.7,22.4,52.0,-97.5,20.6,1.0,123.0,0
D001861,6.5,1354.0,1.58,24.0,0.5,-68.3,-45.0,24.6,39.0,-90.3,6.4,1.0,105.0,0
D001862,4.6,1112.0,1.05,31.0,0.5,-65.3,-49.3,24.4,42.0,-95.9,9.3,1.0,121.0,0
D001863,5.0,1173.0,0.92,25.0,0.48,-65.0,-48.9,26.6,42.0,-96.2,11.3,1.0,120.0,0
D001864,4.8,1183.0,1.15,29.0,0.5,-63.6,-48.2,22.8,44.0,-93.9,13.6,1.0,123.0,0
D001865,4.8,1150.0,1.08,29.5,0.47,-68.3,-49.5,24.4,42.0,-96.9,10.5,0.0,124.0,1
D001866,6.1,1142.0,1.37,38.0,0.41,-67.3,-48.4,,47.0,-91.2,11.1,0.0,132.0,1
D001867,4.6,1139.0,1.16,28.0,0.46,-66.5,-49.6,22.2,48.0,-95.0,12.4,0.0,124.0,0
D001868,6.7,1258.0,1.1,40.0,0.45,-64.1,-45.8,26.5,58.0,-99.9,3.3,1.0,123.0,1
D001869,4.6,1063.0,1.05,30.0,0.31,-65.7,-52.9,29.7,43.0,-95.0,20.2,0.0,114.0,0
D001870,5.7,1259.0,1.27,24.0,0.65,-64.5,-54.7,27.3,41.0,-94.9,0.7,1.0,146.0,0
D001871,3.7,1122.0,1.37,39.0,0.63,-68.3,-53.3,21.7,42.0,-90.5,15.7,1.0,105.0,0
D001872,4.3,1207.0,1.02,26.0,0.45,-63.1,-49.5,22.7,48.0,-94.9,7.4,0.0,133.0,0
D001873,4.7,1227.0,1.12,25.0,0.52,-65.9,-50.6,25.0,42.0,-95.6,15.1,0.0,133.0,1
D001874,4.7,1146.0,1.14,27.0,0.42,-65.6,-49.4,25.2,42.0,-96.8,8.9,,123.0,1
D001875,4.9,1100.0,1.03,39.5,0.4,-60.3,-45.0,28.4,41.0,-96.9,14.3,0.0,122.0,0
D001876,5.9,1076.0,,32.0,0.65,-60.9,-53.1,28.2,37.0,-97.6,12.8,1.0,136.0,0
D001877,6.3,1238.0,1.2,34.5,,-61.9,-47.2,26.4,32.0,-95.7,2.9,0.0,132.0,0
D001878,4.3,1113.0,1.2,26.5,0.43,-65.3,,23.8,45.0,-95.6,7.8,1.0,128.0,1
D001879,4.6,1245.0,,36.5,,-69.9,-51.3,23.5,56.0,-91.0,0.8,1.0,141.0,1
D001880,4.5,1160.0,1.09,31.5,0.46,-66.4,-49.3,22.8,41.0,-97.4,4.6,1.0,131.0,0
D001881,4.9,1050.0,1.53,26.0,0.41,-64.4,-48.0,24.2,58.0,-96.9,4.6,1.0,132.0,0
D001882,4.8,1189.0,1.06,30.0,0.5,-67.5,-49.3,24.4,42.0,-95.4,8.5,1.0,121.0,1
D001883,4.6,1125.0,,28.0,0.51,-67.0,-51.1,25.6,44.0,-94.1,9.5,0.0,122.0,0
D001884,6.7,1390.0,1.58,20.5,0.51,-60.6,-51.9,28.9,46.0,-94.4,,0.0,116.0,0
D001885,4.3,1171.0,1.02,30.0,0.54,-63.3,-50.7,24.3,48.0,-95.6,11.4,0.0,126.0,1
D001886,3.5,1057.0,1.03,26.5,0.6,-66.2,-47.0,20.1,51.0,-93.8,9.3,0.0,147.0,0
D001887,4.9,1341.0,1.07,38.0,0.5,-62.3,-52.5,29.6,45.0,-91.0,6.2,0.0,103.0,1
D001888,4.5,1205.0,1.14,29.0,0.42,-65.5,-50.0,24.1,47.0,-96.1,12.5,1.0,129.0,0
D001889,5.4,1162.0,1.07,29.0,0.5,-65.3,-51.2,24.4,40.0,-98.3,4.7,1.0,127.0,1
D001890,5.6,1201.0,1.1,28.5,0.45,-66.5,-50.7,24.2,47.0,-93.9,10.8,1.0,133.0,1
D001891,4.3,1151.0,1.51,29.5,0.49,-62.9,-46.2,21.6,36.0,-92.8,5.0,0.0,113.0,0
D001892,3.6,1239.0,1.09,30.0,0.46,-65.2,-50.2,23.6,47.0,-96.8,11.0,1.0,123.0,1
D001893,5.2,1105.0,1.02,31.5,0.47,-67.6,-49.7,23.5,,-95.7,13.7,0.0,131.0,1
D001894,5.2,1144.0,1.1,28.0,0.45,-66.1,-51.3,25.4,48.0,-94.6,6.2,1.0,126.0,1
D001895,3.6,1236.0,1.09,26.5,0.56,-67.2,-49.9,23.4,43.0,-97.4,6.4,1.0,123.0,1
D001896,4.8,1198.0,1.2,31.5,0.41,-64.6,-48.2,25.7,39.0,-93.9,9.7,1.0,138.0,1
D001897,4.8,1138.0,1.08,32.0,0.53,-67.1,-50.0,25.3,43.0,-97.6,8.0,1.0,,1
D001898,5.2,1231.0,1.12,27.5,0.42,-66.2,-49.1,24.0,48.0,-95.3,13.2,1.0,130.0,1
D001899,4.4,1096.0,1.04,23.0,0.65,-63.7,-53.7,24.0,47.0,-92.2,16.7,1.0,129.0,0
D001900,5.3,1161.0,1.14,29.0,0.52,-66.3,-49.9,24.4,45.0,-96.0,9.9,1.0,123.0,1
D001901,3.8,1231.0,0.95,38.0,0.57,-67.5,-53.5,26.0,32.0,-95.2,18.0,0.0,133.0,1
D001902,4.4,1274.0,0.94,24.5,0.38,-61.8,-54.1,26.2,50.0,-97.6,3.9,0.0,144.0,1
D001903,6.7,1223.0,1.55,31.5,0.64,-62.7,-51.0,25.7,48.0,-98.5,15.4,1.0,140.0,0
D001904,4.3,1176.0,1.26,26.0,0.5,-65.9,-48.7,22.5,47.0,-95.3,10.0,0.0,126.0,0
D001905,4.2,1230.0,1.09,32.0,0.5,-64.6,-50.6,23.8,41.0,-95.7,8.7,1.0,123.0,0
D001906,4.0,1141.0,1.38,33.5,,-68.6,-45.8,20.2,55.0,-90.6,18.5,1.0,129.0,0
D001907,6.7,1024.0,1.36,21.5,0.35,-64.5,-53.0,24.6,32.0,-91.0,9.6,0.0,131.0,0
D001908,6.9,1334.0,1.1,32.0,0.44,-67.5,-45.7,20.6,51.0,-97.4,15.2,0.0,149.0,1
D001909,5.0,,1.26,28.5,0.49,-65.4,-50.0,25.2,40.0,-96.0,10.4,1.0,126.0,1
D001910,5.2,1069.0,1.31,24.5,0.43,-66.8,-49.6,22.9,56.0,-97.6,11.8,0.0,102.0,0
D001911,4.6,1230.0,1.19,29.5,0.42,-64.9,-50.5,23.0,44.0,-95.2,7.0,0.0,132.0,1
D001912,4.8,1240.0,0.97,31.5,0.45,-66.0,-49.2,23.2,41.0,-95.2,10.8,1.0,118.0,1
D001913,4.9,1140.0,1.09,25.0,0.53,-65.1,-51.1,24.6,43.0,-96.0,11.2,1.0,124.0,0
D001914,4.3,1217.0,1.24,26.5,0.43,-65.3,-49.7,22.5,39.0,-97.3,9.2,0.0,124.0,1
D001915,5.6,1029.0,1.05,,0.64,-61.2,-46.9,22.1,60.0,-93.7,13.9,0.0,126.0,0
D001916,4.8,1142.0,1.32,39.5,0.58,-68.0,-45.1,23.1,43.0,-90.7,7.5,0.0,133.0,1
D001917,5.0,1221.0,1.06,30.5,0.54,-65.4,-49.1,24.0,48.0,-97.7,11.2,1.0,132.0,1
D001918,4.9,1189.0,1.2,25.0,0.47,-65.1,-48.2,25.2,42.0,-93.5,8.3,0.0,122.0,1
D001919,3.8,1204.0,1.03,29.0,0.46,-64.9,-49.9,24.3,51.0,-96.0,7.3,0.0,128.0,1
D001920,5.0,1169.0,1.03,33.0,0.52,-66.0,-50.0,23.7,42.0,-96.6,3.5,0.0,124.0,1
D001921,4.6,1169.0,0.96,28.5,0.54,-64.7,-50.0,24.0,,-94.3,7.4,1.0,127.0,0
D001922,5.1,1230.0,0.9,27.5,0.47,-67.3,,23.2,43.0,-96.2,9.8,1.0,137.0,1
D001923,4.8,1254.0,1.1,31.5,0.61,-63.1,-45.2,24.0,55.0,-98.3,6.0,1.0,124.0,1
D001924,4.8,1148.0,1.44,20.5,0.54,-63.0,-45.8,24.5,39.0,-98.3,12.5,0.0,102.0,0
D001925,4.6,1161.0,1.18,30.5,0.44,-66.5,-48.2,25.3,44.0,-95.3,7.7,1.0,133.0,1
D001926,5.5,1223.0,1.18,32.0,0.53,-64.4,-51.5,23.2,44.0,-94.7,12.1,0.0,134.0,1
D001927,4.2,1096.0,1.09,28.5,0.43,-64.8,-51.8,24.3,43.0,-93.5,12.0,1.0,127.0,1
D001928,4.7,1203.0,1.18,33.0,0.42,,-50.4,23.1,41.0,-96.3,4.8,1.0,117.0,1
D001929,3.5,1268.0,1.17,34.0,,-69.1,-45.2,22.3,,-90.2,13.5,1.0,137.0,0
D001930,5.6,1223.0,1.0,32.5,0.49,-65.1,-50.0,24.8,48.0,-95.9,9.9,1.0,127.0,1
D001931,4.9,1191.0,1.06,28.5,0.47,-66.4,-50.3,25.1,45.0,-96.7,7.7,1.0,126.0,1
D001932,4.9,1167.0,1.09,26.5,0.44,-64.9,-49.9,23.9,45.0,-95.3,5.8,1.0,132.0,0
D001933,5.6,1165.0,1.05,28.5,0.48,-66.3,-50.1,24.7,41.0,-97.7,6.9,1.0,132.0,1
D001934,3.2,1296.0,1.24,22.0,0.68,-62.2,-49.0,22.4,53.0,-99.4,2.3,0.0,107.0,0
D001935,4.7,1229.0,1.03,27.5,0.4,-67.1,-50.0,24.7,40.0,-99.0,11.7,0.0,122.0,1
D001936,4.4,1141.0,0.91,30.5,0.4,-63.5,-50.4,24.9,47.0,-95.1,8.9,0.0,133.0,0
D001937,4.0,1155.0,1.01,30.5,0.54,-65.2,-49.3,25.5,43.0,-94.2,8.9,1.0,127.0,1
D001938,5.4,1366.0,1.43,38.5,0.62,-60.9,-52.7,,37.0,-99.6,17.6,0.0,,1
D001939,5.3,1367.0,0.8,26.0,0.4,-64.9,-51.3,27.7,53.0,,10.3,1.0,116.0,0
D001940,4.7,1168.0,1.13,29.5,0.49,-65.7,-50.5,23.9,45.0,-96.1,3.8,1.0,127.0,1
D001941,4.8,1175.0,1.07,,0.44,-66.2,-50.4,24.4,45.0,-96.0,3.1,1.0,126.0,1
D001942,4.4,1224.0,1.09,28.5,0.52,-64.9,-51.3,25.3,43.0,-95.5,11.9,1.0,126.0,1
D001943,5.3,1000.0,1.55,34.5,0.56,-63.9,-52.1,28.1,39.0,-98.7,22.3,1.0,111.0,0
D001944,3.9,1149.0,1.13,29.0,0.5,-66.7,-50.5,23.5,40.0,-96.1,9.7,0.0,124.0,1
D001945,4.7,1162.0,1.0,31.5,0.45,-65.1,-50.5,23.1,45.0,-96.4,6.1,1.0,133.0,1
D001946,5.0,1188.0,1.07,28.5,0.5,-66.9,-49.7,22.4,45.0,-96.0,8.1,1.0,132.0,1
D001947,4.8,1199.0,1.09,25.5,0.49,-65.8,-49.7,23.9,42.0,-96.5,6.8,0.0,126.0,1
D001948,4.9,1210.0,,30.0,0.43,-64.8,-51.8,24.7,43.0,-95.5,10.4,1.0,123.0,1
D001949,5.7,1101.0,1.34,33.5,0.42,-62.8,-52.0,25.0,30.0,-98.9,17.0,0.0,147.0,1
D001950,5.0,1028.0,1.59,38.5,0.6,-61.2,-48.6,23.2,59.0,,14.2,1.0,136.0,0
D001951,3.3,1353.0,1.22,23.0,0.35,-63.9,-53.0,25.7,53.0,-98.5,,1.0,108.0,0
D001952,7.0,1307.0,0.82,25.0,0.56,-60.2,-47.8,27.9,57.0,-90.8,1.4,1.0,116.0,1
D001953,5.0,1183.0,1.09,27.0,0.51,-64.3,-50.6,24.3,46.0,-93.3,11.6,0.0,126.0,1
D001954,4.9,1195.0,1.26,29.5,0.44,-65.8,-49.1,23.1,39.0,-95.6,8.1,1.0,123.0,0
D001955,4.3,1135.0,1.17,26.0,0.47,-65.6,-49.0,25.1,46.0,-94.0,11.8,1.0,128.0,0
D001956,4.6,1139.0,0.99,29.5,0.48,-66.0,-48.5,23.9,44.0,-94.6,8.4,1.0,119.0,1
D001957,5.3,1239.0,1.16,27.0,0.49,-65.9,-51.2,23.9,48.0,-95.7,,0.0,126.0,1
D001958,6.2,1190.0,1.31,36.5,0.41,-62.7,-52.6,25.3,33.0,-90.7,21.5,1.0,140.0,1
D001959,3.9,1170.0,1.14,26.0,0.51,-65.0,-50.9,24.2,46.0,-96.2,8.7,0.0,119.0,1
D001960,5.3,1203.0,1.11,30.5,0.4,-66.6,-49.8,24.3,41.0,-98.2,10.1,1.0,119.0,0
D001961,4.6,1211.0,1.15,27.0,0.51,-65.2,-50.0,24.6,36.0,-95.0,11.8,1.0,129.0,1
D001962,4.7,1159.0,1.19,29.0,0.5,-65.1,-48.5,22.1,45.0,-95.1,8.8,0.0,133.0,1
D001963,4.8,1106.0,1.04,30.0,0.53,-64.0,-49.9,23.2,42.0,-93.4,4.0,1.0,130.0,1
D001964,5.0,1193.0,1.25,24.0,0.47,-65.5,-48.5,25.6,47.0,-94.2,8.7,1.0,121.0,0
D001965,6.9,1094.0,1.28,32.0,0.58,-69.4,-51.8,21.6,,-99.5,7.6,0.0,130.0,1
D001966,4.3,1378.0,0.82,29.0,0.57,-69.7,-46.3,29.2,35.0,-94.6,2.9,0.0,145.0,1
D001967,4.3,1144.0,1.06,31.5,0.51,-63.9,-50.4,24.4,43.0,-95.0,4.5,0.0,137.0,1
D001968,6.6,1395.0,0.88,22.0,0.34,-64.2,-54.2,20.2,40.0,-99.6,4.4,1.0,131.0,1
D001969,4.5,1159.0,1.26,26.0,0.45,-65.5,-50.6,25.5,42.0,-97.0,10.2,0.0,127.0,0
D001970,4.0,1383.0,1.24,23.0,0.35,-60.3,-47.6,28.4,49.0,-98.1,12.4,0.0,141.0,0
D001971,4.5,1146.0,1.06,28.0,0.49,-68.1,-49.9,24.7,42.0,-96.0,15.2,1.0,124.0,0
D001972,5.9,1223.0,1.05,30.0,0.43,-66.2,-50.5,23.8,46.0,-96.3,11.7,,121.0,1
D001973,4.8,1174.0,1.22,31.0,0.47,-65.6,-49.3,23.5,45.0,-94.4,7.8,1.0,129.0,1
D001974,6.0,1374.0,1.41,37.0,0.58,-67.0,-47.0,23.2,51.0,-90.8,,0.0,134.0,1
D001975,5.0,1209.0,1.24,30.5,0.48,-64.6,-50.8,24.9,43.0,-96.5,8.2,0.0,128.0,1
D001976,5.2,1055.0,1.39,35.5,0.67,-61.9,-45.1,29.5,57.0,-95.0,3.7,,108.0,0
D001977,4.5,1225.0,1.15,28.5,0.48,-65.6,-49.5,22.6,46.0,-94.5,7.5,1.0,126.0,0
D001978,5.1,1251.0,1.08,30.0,0.48,-65.5,-52.3,22.5,44.0,-95.4,7.8,0.0,117.0,1
D001979,4.8,1195.0,1.06,31.5,0.44,-65.4,-50.2,23.9,42.0,-94.7,7.8,0.0,122.0,1
D001980,5.1,1167.0,0.84,24.5,0.45,-66.0,-49.4,24.4,46.0,-95.1,12.6,0.0,130.0,1
D001981,5.5,1194.0,1.11,27.0,0.47,-65.5,-51.0,25.3,42.0,-95.9,8.4,1.0,120.0,1
D001982,4.9,1042.0,1.32,29.0,0.4,-66.4,-45.5,23.9,50.0,-98.5,2.7,1.0,115.0,1
D001983,4.5,1185.0,1.0,25.0,0.54,-67.3,-49.2,25.8,48.0,-95.0,8.7,1.0,130.0,1
D001984,4.7,1195.0,1.08,31.5,0.43,-65.0,-50.8,26.6,42.0,-95.3,11.3,0.0,122.0,0
D001985,4.6,1169.0,1.03,29.5,0.39,-66.1,-52.0,24.9,47.0,-95.2,9.6,1.0,137.0,0
D001986,5.3,1346.0,0.99,37.0,0.4,-61.4,-54.1,26.3,56.0,-96.2,22.8,1.0,107.0,0
D001987,5.3,1156.0,1.0,37.5,0.45,-63.1,-51.8,23.4,35.0,-93.3,16.0,0.0,107.0,0
D001988,6.3,1300.0,0.96,35.5,0.7,-61.5,-55.0,22.5,40.0,-99.1,21.6,0.0,101.0,0
D001989,4.9,1231.0,1.06,27.0,0.41,-65.0,-49.5,23.6,37.0,-96.1,13.8,1.0,125.0,1
D001990,4.5,1167.0,1.04,27.0,0.52,-64.7,-49.6,22.1,44.0,-95.3,6.4,0.0,123.0,1
D001991,5.8,1048.0,1.4,40.0,0.48,-66.0,-53.7,26.9,31.0,-98.5,16.0,0.0,117.0,1
D001992,3.5,1227.0,0.9,,0.4,-69.9,-49.5,27.0,33.0,-98.3,7.3,1.0,140.0,1
D001993,3.5,1276.0,0.82,31.5,0.31,-60.8,-52.9,23.2,54.0,-92.5,15.7,1.0,111.0,0
D001994,6.0,1197.0,1.03,31.0,0.47,-66.5,,23.9,41.0,-95.6,9.3,1.0,135.0,1
D001995,4.7,1154.0,1.03,29.5,,,-49.3,24.0,42.0,,8.3,0.0,123.0,1
D001996,4.5,1262.0,1.29,36.5,0.48,-61.6,-48.3,25.1,34.0,-95.2,23.5,1.0,139.0,0
D001997,4.7,1218.0,1.04,29.0,0.51,-66.1,-51.3,22.1,44.0,-95.8,8.3,0.0,133.0,1
D001998,4.2,1009.0,1.39,30.0,0.32,-60.6,-48.1,26.3,56.0,-99.5,20.4,0.0,121.0,0
D001999,4.4,1170.0,1.08,28.0,0.55,-65.8,-50.9,25.0,43.0,-94.3,4.4,1.0,122.0,1
D002000,6.6,1228.0,0.81,34.5,0.36,-67.5,-45.1,27.4,40.0,-91.2,2.6,0.0,121.0,1
D002001,6.0,1231.0,1.02,31.5,0.45,-63.3,-51.0,22.1,48.0,-93.2,21.0,1.0,139.0,1
D002002,4.8,1206.0,1.08,31.0,0.46,,-49.9,24.1,44.0,-96.7,9.9,1.0,129.0,1
D002003,5.9,1144.0,1.04,27.5,0.47,-65.0,-49.5,22.4,41.0,-95.8,6.5,1.0,138.0,1
D002004,5.1,1133.0,0.99,29.0,0.55,-67.4,-49.3,25.4,49.0,-95.8,8.4,1.0,118.0,0
D002005,4.7,1202.0,1.13,28.5,0.48,-66.1,-50.7,23.5,44.0,-96.8,9.5,1.0,,1
D002006,4.6,1205.0,1.15,29.0,0.43,-65.2,-50.5,22.3,40.0,-96.5,8.0,1.0,133.0,0
D002007,4.7,1216.0,1.09,32.0,0.43,-65.6,-49.1,26.0,42.0,-96.0,8.0,1.0,127.0,1
D002008,,1157.0,1.21,28.0,0.48,-66.1,-48.9,24.7,51.0,-96.8,6.8,0.0,124.0,1
D002009,4.9,1134.0,1.15,28.0,0.53,-63.2,-50.6,25.2,45.0,-96.1,,0.0,133.0,1
D002010,4.7,1187.0,1.25,31.5,0.48,-64.8,-50.2,25.3,45.0,-96.5,11.2,1.0,130.0,1
D002011,4.5,1227.0,1.17,24.5,0.48,-64.0,-49.9,23.7,44.0,-95.9,13.4,1.0,128.0,0
D002012,6.0,1238.0,1.24,36.0,0.32,-68.6,-46.3,27.6,39.0,-95.4,23.4,1.0,148.0,1
D002013,4.3,1207.0,1.08,28.0,0.47,-64.7,-49.9,22.9,52.0,,9.1,1.0,130.0,1
D002014,4.1,1200.0,1.02,29.0,0.55,-64.2,-50.1,22.9,49.0,-95.5,9.2,1.0,120.0,1
D002015,4.1,1118.0,1.2,31.5,0.45,-66.4,-49.5,24.0,41.0,-94.8,6.3,1.0,128.0,1
D002016,5.3,1113.0,1.28,30.5,0.49,-65.0,-50.0,25.8,39.0,-96.5,9.9,1.0,125.0,1
D002017,4.8,1232.0,1.08,27.5,0.5,-67.3,-51.4,23.6,48.0,-96.3,7.4,0.0,122.0,1
D002018,4.5,1177.0,1.02,26.5,0.49,-64.4,-53.1,22.5,42.0,-96.7,,0.0,131.0,1
D002019,4.1,1015.0,1.26,34.5,0.61,-69.3,-48.7,29.1,35.0,-94.0,15.4,0.0,130.0,0
D002020,6.2,1210.0,1.45,39.0,0.48,-65.7,-45.2,28.1,38.0,-95.1,15.8,1.0,115.0,1
D002021,5.8,1169.0,1.3,22.0,0.35,-61.6,-51.3,23.8,53.0,-97.9,12.7,0.0,146.0,0
D002022,4.3,1165.0,1.17,27.5,0.5,-63.6,-51.7,25.5,46.0,-96.0,8.3,0.0,126.0,1
D002023,4.9,1185.0,1.19,32.5,0.51,-65.3,-48.2,24.2,39.0,-95.0,13.8,1.0,131.0,1
D002024,4.7,1228.0,1.06,27.5,0.48,-64.2,-51.2,24.0,42.0,-96.0,12.1,1.0,126.0,1
D002025,5.0,1187.0,1.13,30.5,0.47,-67.5,-52.3,23.5,43.0,-95.2,9.0,1.0,126.0,1
D002026,6.2,1143.0,1.07,39.0,0.49,-66.4,-50.3,26.7,59.0,-91.7,11.7,0.0,128.0,1
D002027,5.2,1307.0,1.38,27.0,0.51,-62.1,-54.5,24.5,41.0,-90.5,9.8,0.0,129.0,1
D002028,4.4,1068.0,1.26,23.5,0.33,-65.3,-50.4,22.9,39.0,-94.0,14.1,1.0,107.0,0
D002029,5.5,1246.0,1.02,30.5,0.53,-66.3,-49.6,24.8,,-95.1,,0.0,138.0,1
D002030,4.2,1181.0,1.5,36.0,0.34,-68.1,,24.8,39.0,-97.1,8.8,1.0,141.0,0
D002031,5.1,1137.0,0.97,30.0,0.46,-68.0,-50.9,25.8,48.0,-97.2,9.8,0.0,120.0,1
D002032,5.3,1176.0,1.03,30.0,0.47,-64.3,-49.5,24.9,44.0,-95.3,10.2,0.0,119.0,1
D002033,4.5,1084.0,1.38,25.0,0.47,-69.2,-45.3,28.2,53.0,-97.9,17.7,0.0,136.0,0
D002034,4.5,1318.0,1.2,20.5,0.46,-64.6,-50.4,28.8,44.0,-91.5,14.2,0.0,137.0,0
D002035,6.3,1023.0,1.2,40.0,0.5,-65.4,-51.2,27.6,41.0,-94.5,6.7,0.0,118.0,0
D002036,3.2,,1.59,21.0,0.31,-68.1,-47.0,27.6,31.0,-90.4,2.9,1.0,135.0,0
D002037,5.3,1098.0,1.02,28.0,0.47,-66.9,-48.3,24.5,36.0,-95.8,14.0,1.0,134.0,1
D002038,4.6,1313.0,1.14,39.5,0.45,-68.3,-52.9,29.4,38.0,-90.6,23.5,1.0,106.0,0
D002039,4.2,1268.0,0.84,35.0,0.56,-63.6,-52.0,21.9,55.0,-93.4,5.3,1.0,104.0,1
D002040,5.1,1209.0,1.0,31.5,,-65.9,-50.1,23.9,48.0,-95.5,13.6,0.0,127.0,1
D002041,4.8,1164.0,1.41,28.0,0.63,-61.5,-47.3,24.3,48.0,-91.5,13.0,0.0,112.0,0
D002042,4.9,1133.0,1.17,29.5,0.49,-65.4,-49.9,22.8,43.0,-94.0,10.8,0.0,133.0,1
D002043,5.0,1240.0,0.96,25.5,0.49,-64.1,-50.6,23.7,43.0,-93.8,6.2,0.0,125.0,1
D002044,6.3,1266.0,1.59,34.5,0.44,-64.9,-46.4,28.4,50.0,-93.8,21.2,0.0,108.0,0
D002045,3.6,1133.0,1.18,32.0,0.33,-63.7,-52.3,28.3,58.0,-95.8,17.5,1.0,114.0,0
D002046,5.2,1134.0,1.0,34.0,0.48,-64.8,-50.0,23.5,47.0,-95.8,8.8,1.0,129.0,1
D002047,4.5,1131.0,1.2,29.5,0.48,-66.1,-51.1,24.6,41.0,-94.6,7.0,1.0,130.0,1
D002048,5.6,1139.0,1.01,29.0,0.49,-64.9,-49.7,25.1,46.0,-94.4,10.2,0.0,134.0,1
D002049,4.3,1186.0,1.06,32.5,0.5,-63.9,-50.6,24.4,48.0,-94.0,10.7,0.0,125.0,1
D002050,5.1,1178.0,1.16,29.0,0.47,-65.1,-50.0,24.0,40.0,-94.8,8.1,1.0,131.0,1
D002051,4.4,1226.0,1.02,24.0,,-64.4,-50.4,24.4,44.0,-97.0,9.0,0.0,127.0,1
D002052,3.7,1204.0,1.16,33.0,0.36,-65.0,-50.2,22.3,44.0,-93.5,7.4,0.0,131.0,1
D002053,5.1,1241.0,1.24,25.5,0.42,-66.0,-49.2,21.1,44.0,-95.4,10.4,1.0,132.0,0
D002054,3.9,1205.0,1.14,30.5,0.5,-65.8,-51.0,23.4,48.0,-96.2,3.5,1.0,129.0,1
D002055,3.4,1251.0,1.33,30.0,0.46,-62.9,-47.7,23.8,44.0,-95.1,9.3,1.0,145.0,0
D002056,3.7,1104.0,1.0,24.0,0.45,-65.8,-52.8,25.0,54.0,-90.6,12.5,1.0,115.0,0
D002057,4.9,1127.0,1.26,28.5,0.55,-65.7,-49.8,23.7,48.0,-96.3,10.1,0.0,135.0,1
D002058,4.9,1176.0,1.18,29.5,0.57,-66.8,-50.2,,49.0,-96.0,8.0,1.0,132.0,1
D002059,4.5,1157.0,1.2,32.5,0.51,-66.0,-51.3,,,-94.5,9.7,1.0,133.0,1
D002060,4.1,1085.0,1.0,23.0,0.45,-66.6,-54.4,25.6,51.0,-98.8,10.0,1.0,100.0,0
D002061,5.4,1226.0,1.04,32.0,0.44,-66.2,-50.9,24.8,42.0,-96.5,4.1,0.0,133.0,1
D002062,4.7,1188.0,1.11,27.0,0.47,-65.1,-49.4,,49.0,-96.1,7.2,0.0,129.0,1
D002063,5.0,1147.0,1.17,27.5,0.44,-65.8,-51.2,23.5,41.0,-93.9,8.1,0.0,127.0,0
D002064,4.2,1241.0,1.17,28.0,0.44,-65.7,-49.9,23.3,49.0,-95.3,6.8,1.0,136.0,0
D002065,5.2,1149.0,0.98,30.5,0.42,-66.0,-49.0,22.9,47.0,-94.3,9.8,0.0,133.0,1
D002066,6.1,1191.0,1.08,31.0,0.53,-64.1,-50.7,23.7,45.0,-96.4,7.7,0.0,129.0,1
D002067,4.4,1115.0,1.33,29.0,0.44,-66.3,-49.5,23.6,41.0,,5.3,0.0,123.0,1
D002068,4.5,1226.0,1.24,29.5,0.48,-65.9,-50.3,24.1,43.0,-95.3,13.0,0.0,124.0,1
D002069,6.5,1167.0,1.23,31.5,0.57,-67.1,-52.2,22.0,55.0,-98.2,7.3,1.0,130.0,1
D002070,4.9,1167.0,1.17,30.5,0.45,-65.6,-51.9,25.5,44.0,-96.4,9.4,0.0,127.0,1
D002071,4.9,1227.0,1.01,31.0,0.4,-65.1,-49.1,24.5,42.0,-94.7,5.2,0.0,127.0,1
D002072,4.3,1169.0,1.22,29.0,0.45,-65.1,-52.1,25.8,40.0,-94.6,2.0,0.0,113.0,1
D002073,7.0,1347.0,1.05,37.0,0.58,-63.3,-47.2,27.2,56.0,-95.8,15.1,1.0,101.0,1
D002074,5.8,1088.0,0.8,39.5,0.58,-67.6,-51.2,28.2,50.0,-92.1,15.4,1.0,111.0,1
D002075,5.2,1194.0,1.17,30.0,0.48,-65.7,-49.2,22.4,45.0,-95.5,11.6,0.0,126.0,1
D002076,4.7,1122.0,1.16,31.0,0.47,-66.3,-50.2,23.0,49.0,-96.3,9.6,0.0,142.0,1
D002077,4.8,1201.0,1.08,29.5,0.5,-66.0,-50.2,23.9,44.0,-94.9,7.0,1.0,138.0,1
D002078,4.3,1185.0,0.9,32.5,0.51,-69.9,-54.2,26.0,37.0,-91.3,14.7,1.0,123.0,1
D002079,5.2,1167.0,1.29,20.5,0.57,-62.2,-46.0,28.9,43.0,-98.2,12.2,1.0,124.0,0
D002080,4.7,1176.0,1.06,26.0,0.52,-66.7,-47.8,23.5,45.0,-95.0,8.4,1.0,,1
D002081,4.9,1137.0,1.11,28.5,0.47,-64.0,-49.7,25.0,44.0,-94.3,8.2,1.0,132.0,1
D002082,5.4,1210.0,1.17,31.5,0.47,-64.2,-51.0,23.0,45.0,-95.1,13.7,0.0,132.0,1
D002083,5.1,1177.0,1.13,23.5,0.39,-61.4,-52.8,25.9,55.0,-99.3,23.0,1.0,146.0,0
D002084,6.3,1106.0,1.35,29.0,0.35,-66.8,-51.2,23.8,32.0,-94.0,12.4,1.0,,1
D002085,5.0,1170.0,1.1,29.5,0.48,-65.6,-50.8,24.0,44.0,-94.0,10.9,1.0,122.0,1
D002086,4.2,1193.0,0.99,27.5,0.54,-66.9,-49.9,25.5,46.0,-96.1,7.1,1.0,127.0,1
D002087,4.8,1168.0,1.09,28.5,0.46,-68.3,-50.9,23.3,44.0,-95.7,16.1,1.0,123.0,1
D002088,4.8,1160.0,1.06,27.5,0.41,-64.9,-49.6,25.7,44.0,-97.0,8.2,1.0,126.0,1
D002089,4.8,1238.0,1.4,39.5,0.6,-65.7,-50.0,26.4,30.0,-90.6,16.9,1.0,107.0,0
D002090,4.3,1126.0,1.08,26.0,0.4,-66.0,-49.5,25.6,48.0,-96.4,13.7,0.0,136.0,0
D002091,3.8,1059.0,1.12,30.5,0.34,-68.5,-50.8,26.9,37.0,-98.6,13.5,1.0,141.0,0
D002092,4.5,1168.0,1.07,27.5,0.47,-64.6,-48.7,24.2,43.0,-96.2,3.9,0.0,131.0,1
D002093,5.1,1173.0,1.2,32.5,0.47,-65.2,-49.4,24.3,48.0,-96.2,12.9,1.0,132.0,0
D002094,,1200.0,1.38,29.5,0.47,-63.6,-53.6,25.8,40.0,-98.9,17.4,1.0,140.0,0
D002095,4.6,1128.0,1.08,31.0,0.5,-65.0,-51.9,22.6,51.0,-94.6,8.7,0.0,127.0,1
D002096,4.0,1157.0,1.07,30.5,0.48,-64.8,-50.4,23.5,47.0,-97.2,11.7,1.0,116.0,0
D002097,5.0,1148.0,,25.0,0.46,-64.5,-50.4,23.0,42.0,-95.5,6.5,0.0,134.0,1
D002098,5.1,1268.0,1.0,31.0,0.51,-60.5,-45.7,26.7,55.0,-91.9,4.6,0.0,147.0,1
D002099,4.6,1135.0,1.42,21.5,0.64,-60.3,-49.3,21.5,52.0,-94.0,8.3,1.0,108.0,0
D002100,4.4,1127.0,1.16,31.0,0.46,-64.8,-50.2,23.3,44.0,-97.5,5.5,0.0,134.0,1
D002101,4.7,1175.0,0.99,28.5,0.51,-63.3,-51.3,24.4,45.0,-96.3,11.4,0.0,128.0,1
D002102,5.0,1143.0,1.05,29.5,0.53,-65.5,-49.9,23.3,44.0,-96.3,9.7,1.0,123.0,1
D002103,4.6,1183.0,1.24,32.0,0.48,-65.9,-49.2,24.7,,-96.3,6.3,1.0,134.0,1
D002104,4.3,1162.0,0.93,31.0,0.42,-65.3,-50.5,25.5,40.0,-95.6,9.2,1.0,138.0,1
D002105,4.7,1161.0,1.1,27.5,0.48,-65.0,-51.3,23.4,43.0,-95.3,12.8,0.0,121.0,1
D002106,5.3,1039.0,1.29,33.0,0.58,-61.7,-46.5,26.0,31.0,-97.1,13.7,0.0,125.0,0
D002107,4.9,1195.0,1.03,31.5,0.5,-65.7,-49.9,24.1,46.0,-97.0,5.1,0.0,127.0,1
D002108,5.1,1239.0,1.15,28.0,0.48,-65.0,-50.5,23.9,45.0,-96.9,10.9,0.0,127.0,1
D002109,5.4,1299.0,1.39,24.5,0.66,-63.8,-54.0,21.7,47.0,-97.7,10.6,1.0,121.0,0
D002110,5.6,1211.0,1.15,30.0,0.46,-66.9,-51.5,25.0,43.0,-94.2,9.9,0.0,126.0,1
D002111,4.5,1156.0,1.16,29.5,0.44,-65.4,-49.5,24.7,41.0,-95.2,11.1,0.0,128.0,1
D002112,4.9,,1.14,30.0,0.45,-66.5,-50.2,24.4,46.0,-93.7,9.8,0.0,123.0,1
D002113,4.8,1177.0,1.15,30.5,0.5,-66.1,-49.8,23.3,46.0,-95.2,2.8,0.0,129.0,1
D002114,4.8,1155.0,1.07,30.5,0.45,-66.5,-48.8,23.6,42.0,-96.2,11.4,1.0,131.0,1
D002115,4.6,1145.0,1.1,27.5,0.48,-65.3,-50.0,21.3,46.0,-94.6,10.2,1.0,127.0,0
D002116,4.2,1148.0,1.16,25.0,0.49,-65.4,-49.3,25.5,48.0,-96.2,10.5,0.0,130.0,0
D002117,6.2,1027.0,1.12,31.0,0.55,-60.5,-51.1,24.2,43.0,-98.5,0.4,0.0,130.0,1
D002118,4.2,1139.0,1.5,39.0,0.68,-64.2,-53.2,22.7,43.0,-94.9,20.2,0.0,117.0,0
D002119,5.1,1243.0,1.08,31.0,0.45,-66.2,-51.0,26.4,43.0,-95.0,12.9,0.0,135.0,1
D002120,5.3,1193.0,1.1,31.0,0.5,-66.2,-51.3,23.9,46.0,-97.5,15.2,1.0,130.0,1
D002121,5.2,1123.0,1.12,29.5,0.47,-65.9,-49.9,24.2,49.0,-95.0,5.9,0.0,124.0,1
D002122,4.9,1183.0,1.11,27.5,0.49,-64.6,-49.5,24.2,44.0,-95.7,7.8,0.0,130.0,1
D002123,4.0,1221.0,1.06,30.0,0.51,-64.4,-48.9,27.0,47.0,-95.0,7.9,1.0,128.0,1
D002124,4.4,1157.0,1.18,29.5,0.5,-64.1,-48.2,22.8,46.0,-96.3,9.3,1.0,125.0,0
D002125,3.9,1332.0,1.27,36.5,0.34,-61.3,-50.4,21.7,44.0,-95.9,1.4,1.0,138.0,0
D002126,4.6,1172.0,0.99,30.5,0.53,-66.1,-49.2,24.4,44.0,-96.6,7.7,0.0,125.0,1
D002127,5.4,1160.0,1.12,30.0,0.48,-64.5,-49.8,24.3,49.0,-93.5,7.7,1.0,127.0,1
D002128,4.7,1186.0,1.1,26.0,0.55,-65.7,-50.1,24.5,43.0,-94.2,10.4,1.0,124.0,1
D002129,5.1,1205.0,1.14,31.0,0.56,-65.7,-48.0,,48.0,-94.5,5.6,0.0,137.0,1
D002130,5.5,1184.0,1.12,32.5,0.6,-64.9,-50.2,27.0,45.0,-95.1,7.3,0.0,128.0,1
D002131,4.2,1166.0,1.56,38.0,0.37,-68.4,-51.3,21.4,38.0,-93.2,4.2,0.0,110.0,0
D002132,4.3,1169.0,1.13,29.5,0.48,-66.5,-48.0,23.7,43.0,-96.9,11.3,0.0,135.0,1
D002133,7.0,1023.0,0.94,28.0,0.62,-67.7,-49.7,23.0,43.0,-98.4,8.2,1.0,127.0,1
D002134,5.5,1100.0,1.13,25.0,0.49,-67.2,-51.8,24.8,42.0,-94.9,5.2,1.0,124.0,1
D002135,5.7,1187.0,1.07,30.0,0.48,-66.6,-49.6,24.7,41.0,-94.8,11.1,1.0,133.0,1
D002136,5.1,1115.0,0.93,30.0,0.55,-68.7,-53.8,25.5,40.0,-93.5,9.9,0.0,115.0,1
D002137,5.0,1144.0,1.27,31.5,0.64,-69.4,-47.3,22.0,30.0,-97.9,7.8,1.0,143.0,1
D002138,4.3,1211.0,1.14,25.0,0.52,-64.5,-50.0,24.7,47.0,-97.0,11.6,0.0,131.0,0
D002139,5.3,1162.0,1.21,29.0,0.47,-64.0,-51.6,24.3,48.0,-96.1,9.9,0.0,134.0,1
D002140,5.2,1107.0,1.25,40.0,0.51,-68.8,-54.5,23.8,45.0,-99.8,18.4,1.0,120.0,1
D002141,4.7,1206.0,0.93,31.0,0.44,-66.4,-50.4,23.2,46.0,-95.3,10.7,1.0,125.0,1
D002142,4.4,1271.0,1.51,27.5,0.51,-61.7,-49.4,20.4,31.0,-94.2,6.3,1.0,147.0,0
D002143,5.4,1209.0,1.03,30.0,0.46,-65.9,-50.7,23.0,43.0,-95.3,7.9,1.0,122.0,1
D002144,4.9,1166.0,1.19,25.0,0.5,-66.0,-48.9,23.4,47.0,-95.7,7.8,0.0,128.0,1
D002145,3.2,1078.0,1.25,35.5,0.35,-66.1,-54.4,25.4,48.0,-99.2,11.7,1.0,109.0,0
D002146,5.0,1105.0,1.07,30.5,0.44,-65.0,-50.2,25.1,44.0,-96.5,7.7,1.0,122.0,1
D002147,6.1,1039.0,1.02,34.0,0.66,-64.1,-45.6,23.7,48.0,-99.9,7.9,1.0,136.0,1
D002148,6.1,1377.0,1.55,31.5,0.42,-62.3,-48.2,27.4,32.0,-99.9,19.1,0.0,122.0,0
D002149,4.4,1133.0,0.99,30.0,0.48,-65.8,-50.4,25.3,,-93.1,9.1,0.0,128.0,1
D002150,3.8,1093.0,1.02,37.0,0.61,-63.6,-46.0,25.8,32.0,-98.0,4.0,1.0,132.0,0
D002151,6.3,1188.0,1.26,26.5,0.33,-64.4,-49.7,27.7,31.0,-91.6,18.4,0.0,142.0,0
D002152,4.3,1213.0,1.16,31.5,0.44,-66.1,-49.3,23.4,43.0,-96.2,10.6,0.0,132.0,1
D002153,4.7,1165.0,0.97,29.5,0.57,-65.6,-50.0,26.0,41.0,-96.2,10.1,1.0,129.0,1
D002154,4.7,1180.0,1.16,28.5,0.52,-64.9,-48.5,23.6,45.0,-95.7,7.9,1.0,122.0,0
D002155,4.9,1191.0,1.04,29.5,0.46,-64.3,-49.9,26.3,45.0,-96.1,7.4,1.0,130.0,1
D002156,4.9,1142.0,1.14,26.5,0.45,-63.6,-50.8,25.1,44.0,-96.0,10.5,0.0,128.0,0
D002157,4.7,1179.0,1.03,29.0,0.52,-65.2,-50.1,22.5,40.0,-95.1,9.8,1.0,126.0,1
D002158,4.2,1047.0,1.1,22.0,0.46,-62.0,-52.2,26.1,35.0,-97.2,1.8,1.0,123.0,0
D002159,5.6,1211.0,1.39,29.0,0.61,-67.1,-45.7,26.4,46.0,-90.3,16.2,1.0,124.0,0
D002160,4.0,1188.0,1.08,27.5,0.48,-67.2,-46.9,25.3,49.0,-99.4,6.8,1.0,101.0,0
D002161,,1125.0,1.13,26.0,0.47,-64.9,-50.3,24.2,38.0,-95.4,8.8,1.0,132.0,1
D002162,4.4,1093.0,1.16,29.0,0.51,-65.1,-49.6,23.2,41.0,-96.5,2.9,1.0,132.0,1
D002163,4.6,1153.0,1.04,28.0,0.46,-65.1,-48.1,23.2,43.0,-95.7,6.8,0.0,121.0,1
D002164,4.9,1246.0,1.05,31.0,0.5,-66.0,-50.4,22.7,41.0,-95.1,9.0,1.0,128.0,1
D002165,6.7,1208.0,1.29,20.0,0.65,-64.2,-49.6,26.8,57.0,-97.4,17.5,0.0,132.0,0
D002166,4.4,1191.0,1.13,26.5,0.43,-66.4,-48.9,24.9,41.0,-95.9,6.4,0.0,128.0,1
D002167,4.6,1135.0,1.12,36.5,0.47,-66.7,-50.4,24.0,44.0,-95.1,10.8,0.0,128.0,1
D002168,6.3,1268.0,1.55,39.5,0.51,-63.2,-54.2,28.2,45.0,-93.3,15.2,0.0,142.0,1
D002169,3.7,1053.0,1.1,27.0,0.42,-66.8,-52.9,21.4,37.0,-96.2,6.6,1.0,100.0,0
D002170,3.3,1154.0,1.4,25.0,0.45,-60.0,-53.6,28.2,31.0,-94.5,6.2,0.0,144.0,0
D002171,3.6,1385.0,1.41,29.5,0.56,-66.0,-45.7,24.1,58.0,-95.2,17.9,0.0,137.0,0
D002172,5.0,,1.37,31.5,0.67,-67.7,-46.0,23.9,53.0,-97.4,13.8,1.0,136.0,0
D002173,4.7,1235.0,1.12,28.0,0.52,-63.7,-48.7,23.8,44.0,-94.2,11.8,1.0,125.0,0
D002174,4.0,1186.0,1.21,29.0,0.5,-66.4,-50.2,24.8,47.0,-95.2,10.0,0.0,134.0,1
D002175,4.4,1153.0,1.24,25.5,0.38,-65.8,-46.5,24.3,60.0,-93.0,16.3,0.0,141.0,0
D002176,4.5,1198.0,1.5,34.0,0.49,-67.3,-49.7,25.3,60.0,-90.1,22.5,0.0,149.0,1
D002177,,1021.0,1.57,31.0,0.64,-61.3,-46.1,27.6,52.0,-92.5,13.2,0.0,134.0,0
D002178,4.6,1135.0,0.98,30.5,0.46,-65.9,-50.4,24.6,43.0,-95.4,13.9,1.0,120.0,0
D002179,4.2,1092.0,1.08,28.0,0.47,-65.5,-50.6,24.2,41.0,-96.8,7.8,0.0,124.0,1
D002180,3.3,1179.0,0.86,33.0,0.43,-61.6,-51.3,25.3,36.0,-96.8,1.4,0.0,,1
D002181,4.5,1199.0,1.08,26.5,0.45,-64.2,-49.8,24.3,50.0,-96.3,10.5,1.0,123.0,1
D002182,3.9,1202.0,0.98,28.0,0.43,-65.2,-50.8,25.0,48.0,-96.4,6.6,0.0,128.0,1
D002183,4.6,1118.0,1.36,24.0,0.36,-66.7,-49.7,20.7,55.0,-96.3,10.2,0.0,133.0,0
D002184,,1190.0,1.08,32.5,0.49,-63.7,-51.3,23.4,42.0,-94.8,8.8,0.0,129.0,1
D002185,5.9,1234.0,1.04,37.0,0.54,-66.2,-45.2,27.8,41.0,-98.7,2.1,0.0,147.0,1
D002186,4.8,1159.0,1.22,31.5,0.67,-65.3,-48.6,26.9,58.0,-99.6,20.0,0.0,106.0,0
D002187,4.6,1241.0,1.06,30.0,0.45,-64.7,-49.8,25.3,41.0,-96.5,12.0,0.0,132.0,1
D002188,,1094.0,1.03,27.5,0.52,-64.6,-50.1,23.5,47.0,-95.5,13.0,0.0,123.0,1
D002189,4.7,1188.0,1.03,31.5,0.42,-64.4,-49.3,25.2,41.0,-95.2,6.4,0.0,129.0,0
D002190,,1229.0,1.01,27.0,0.42,-65.2,-51.5,22.8,44.0,-93.5,5.9,,135.0,0
D002191,4.9,1018.0,1.29,28.5,0.53,-70.0,-53.6,20.0,52.0,-92.4,10.7,1.0,103.0,0
D002192,4.8,1232.0,1.35,37.5,0.3,-66.5,-47.3,22.4,33.0,-93.0,17.0,0.0,116.0,0
D002193,5.6,1229.0,1.08,29.0,0.48,-66.9,-49.3,24.3,46.0,-96.9,10.0,1.0,127.0,1
D002194,6.0,1117.0,1.02,37.0,0.32,-69.7,-50.0,25.8,39.0,-91.0,5.4,1.0,126.0,1
D002195,3.8,1393.0,1.44,23.5,0.32,-61.7,-50.3,23.5,37.0,-96.7,5.4,0.0,115.0,0
D002196,6.0,1183.0,1.52,25.0,0.52,-61.2,-53.6,23.2,56.0,-90.5,2.6,0.0,115.0,0
D002197,4.9,1137.0,1.22,27.0,0.47,-64.9,-51.3,24.1,46.0,-96.5,8.2,0.0,129.0,1
D002198,4.8,1214.0,1.0,30.5,0.49,-64.7,-49.6,25.5,41.0,-95.1,6.9,0.0,127.0,1
D002199,4.9,1168.0,1.08,32.5,0.38,-66.1,-50.1,24.8,43.0,-96.1,4.6,0.0,133.0,1
D002200,4.6,1178.0,0.96,25.5,0.47,-66.2,-47.9,24.7,51.0,-95.4,10.1,1.0,127.0,1
D002201,5.5,1159.0,1.11,28.5,0.48,-64.5,-46.5,25.5,43.0,-95.2,4.7,1.0,131.0,1
D002202,5.0,1205.0,1.04,31.5,0.52,-64.9,-50.7,24.7,45.0,-94.6,9.0,1.0,131.0,1
D002203,4.7,1140.0,1.05,25.5,0.45,-65.6,-49.7,23.9,43.0,-94.1,8.0,1.0,133.0,1
D002204,4.3,1153.0,1.14,28.0,0.55,-65.1,-49.6,23.8,41.0,-96.0,10.4,0.0,130.0,1
D002205,4.4,1133.0,1.03,29.5,0.56,-66.3,-50.6,22.9,47.0,-95.7,10.5,0.0,128.0,1
D002206,4.4,1187.0,1.14,26.5,0.48,-66.6,-49.4,25.4,46.0,-96.4,6.0,1.0,125.0,1
D002207,4.4,1191.0,1.04,29.0,0.49,-64.8,-51.6,23.3,46.0,-95.9,8.5,1.0,134.0,1
D002208,5.4,1229.0,1.1,29.0,0.52,-67.0,-48.8,25.3,44.0,-95.9,6.5,1.0,126.0,1
D002209,5.5,1274.0,1.08,32.5,0.32,-69.3,-53.7,21.8,51.0,-90.9,15.7,1.0,114.0,0
D002210,4.8,1212.0,1.09,30.5,0.56,-64.8,-50.0,23.5,50.0,-93.7,8.6,0.0,122.0,0
D002211,5.3,1120.0,1.19,26.5,0.45,-63.3,-50.2,23.2,40.0,-96.6,6.9,0.0,135.0,1
D002212,5.1,1143.0,1.04,27.5,0.53,-65.3,-50.4,25.2,44.0,-96.5,8.9,1.0,135.0,1
D002213,4.7,1209.0,0.98,30.0,0.4,-67.6,-49.6,22.4,44.0,-94.9,7.2,0.0,130.0,1
D002214,5.3,1215.0,1.05,28.0,0.46,-64.2,-50.2,25.2,44.0,-96.1,9.7,1.0,126.0,1
D002215,6.4,1227.0,0.85,21.0,0.34,-67.0,-51.7,24.3,39.0,-95.8,23.6,0.0,132.0,0
D002216,4.7,1198.0,1.12,29.0,0.45,-65.8,-50.5,24.3,47.0,-95.1,9.4,0.0,139.0,1
D002217,5.2,1195.0,1.11,26.5,0.48,-64.8,-50.5,22.6,47.0,-93.0,8.4,0.0,131.0,1
D002218,5.1,1155.0,1.19,28.5,0.47,-65.0,-48.9,25.4,42.0,,11.9,1.0,124.0,1
D002219,4.9,1122.0,1.1,32.0,0.52,-64.4,-50.2,24.3,41.0,-94.6,13.1,0.0,133.0,1
D002220,4.7,1126.0,1.18,30.0,0.52,-65.9,-50.5,22.5,44.0,-95.6,8.0,1.0,134.0,1
D002221,4.9,1205.0,1.0,28.0,0.41,-65.1,-49.0,25.5,41.0,-97.4,8.7,1.0,131.0,1
D002222,6.1,,1.29,26.5,0.65,-62.0,-52.9,22.8,53.0,-95.2,3.5,1.0,117.0,0
D002223,4.6,1191.0,1.13,29.0,0.42,-66.4,-50.2,24.2,46.0,-96.3,8.5,0.0,123.0,1
D002224,4.6,1157.0,1.2,29.0,0.53,-65.9,-54.5,25.8,44.0,-94.8,3.0,0.0,148.0,1
D002225,5.7,1008.0,1.55,26.0,0.43,-67.5,-52.5,27.6,40.0,-91.3,19.3,0.0,105.0,0
D002226,5.3,1325.0,1.4,23.0,0.52,-68.6,-54.1,,53.0,-90.3,21.2,0.0,107.0,0
D002227,6.7,1335.0,0.81,30.0,0.54,-69.7,-48.9,26.8,41.0,-92.2,7.2,1.0,143.0,1
D002228,5.3,1194.0,1.1,29.5,0.49,-65.6,-49.2,24.4,42.0,-95.9,10.8,1.0,117.0,1
D002229,5.6,1206.0,1.08,30.0,0.47,-64.2,-49.7,24.3,39.0,-95.5,9.7,1.0,128.0,1
D002230,4.8,1211.0,1.05,28.5,0.46,-64.0,-49.6,23.5,46.0,-94.7,7.6,1.0,137.0,1
D002231,4.6,1150.0,1.07,29.0,0.43,-65.4,-49.8,24.1,43.0,-95.5,2.6,0.0,135.0,1
D002232,4.9,1200.0,0.99,28.5,0.5,-64.7,-49.6,25.3,46.0,-95.2,7.5,1.0,128.0,1
D002233,5.2,1235.0,0.9,29.5,0.52,-65.1,-50.3,24.6,46.0,-95.2,9.1,0.0,126.0,1
D002234,4.6,1308.0,0.92,33.0,0.6,-65.4,-51.8,25.9,58.0,-98.1,19.4,0.0,108.0,1
D002235,4.6,1231.0,1.09,31.0,0.47,-63.4,-48.9,23.5,40.0,-96.1,6.5,1.0,127.0,1
D002236,5.6,1100.0,1.1,29.0,0.5,-65.6,-50.0,24.5,44.0,-94.7,7.7,1.0,123.0,1
D002237,5.0,1145.0,1.11,29.0,0.47,-66.1,-50.1,24.8,42.0,-95.0,6.7,1.0,126.0,1
D002238,5.2,1114.0,1.08,31.5,0.55,-64.4,-50.3,24.8,38.0,-96.8,8.5,0.0,124.0,1
D002239,4.4,1397.0,1.21,38.0,0.39,-60.6,-48.3,28.5,58.0,-90.8,10.0,0.0,126.0,0
D002240,4.5,1107.0,1.08,33.5,0.5,-64.7,-50.2,24.5,40.0,-93.9,7.0,1.0,,1
D002241,4.7,1172.0,1.01,30.0,0.41,-65.5,-50.3,23.0,43.0,-94.7,10.5,1.0,129.0,0
D002242,4.6,1165.0,1.05,27.0,0.47,-63.7,-51.0,23.3,,-96.1,14.1,1.0,129.0,1
D002243,5.4,1391.0,1.26,37.5,0.52,-61.0,-45.0,28.6,47.0,-90.9,0.4,1.0,134.0,0
D002244,4.4,1272.0,1.45,36.0,0.55,-67.8,-49.4,20.2,57.0,-90.6,11.6,1.0,120.0,0
D002245,4.5,1196.0,1.18,30.0,0.51,-65.6,-50.1,22.2,46.0,-96.3,7.6,0.0,138.0,1
D002246,5.4,1054.0,0.8,39.0,0.47,-63.4,-45.2,26.0,41.0,-96.9,1.4,0.0,104.0,1
D002247,4.1,1303.0,1.03,28.0,0.46,-65.2,-49.4,23.9,43.0,-96.2,9.1,1.0,132.0,0
D002248,4.6,1133.0,1.12,29.0,0.52,-65.7,-49.5,24.3,46.0,-95.9,5.7,0.0,131.0,1
D002249,4.1,1145.0,1.19,30.0,0.45,-64.8,-51.1,24.8,46.0,-96.5,11.9,0.0,124.0,1
D002250,5.1,1139.0,1.01,28.5,0.48,-65.5,-48.5,24.1,,-95.5,6.4,0.0,123.0,1
D002251,4.4,1158.0,1.14,24.5,0.47,-65.8,-48.7,21.9,41.0,-93.1,7.0,1.0,125.0,0
D002252,4.2,1159.0,1.09,31.0,0.49,-66.1,-49.3,23.6,46.0,-94.5,11.8,0.0,127.0,1
D002253,3.9,1132.0,1.47,35.0,0.37,-62.2,-53.8,28.6,59.0,-95.0,17.5,1.0,105.0,0
D002254,4.7,1213.0,0.9,28.5,0.41,-65.7,-49.8,25.9,40.0,-95.2,12.9,0.0,130.0,1
D002255,4.3,1309.0,1.54,36.5,0.45,-62.1,-49.4,21.8,40.0,-94.8,18.6,0.0,,0
D002256,5.1,1176.0,1.09,24.0,0.51,-65.0,-49.5,25.2,45.0,-96.2,7.5,0.0,131.0,1
D002257,4.8,1170.0,1.05,32.5,0.52,-66.1,-49.6,22.9,41.0,-95.3,12.4,1.0,126.0,1
D002258,3.9,1286.0,0.85,38.0,0.4,-69.0,-46.4,29.4,55.0,-96.1,12.6,1.0,124.0,0
D002259,6.8,1199.0,1.12,35.5,0.43,-60.2,-53.9,27.7,50.0,-97.7,15.0,0.0,128.0,1
D002260,4.3,1242.0,1.12,30.0,0.51,-65.5,-51.0,23.1,45.0,-94.9,10.2,1.0,133.0,1
D002261,6.2,1335.0,1.06,39.0,0.5,-69.7,-47.7,27.7,56.0,-98.4,14.7,0.0,111.0,1
D002262,5.0,1194.0,1.02,31.5,0.45,-64.7,-49.2,24.7,46.0,-96.3,7.3,1.0,132.0,1
D002263,4.6,1204.0,1.07,28.0,0.48,-64.7,-49.3,25.7,42.0,-95.8,10.9,0.0,133.0,1
D002264,4.7,1148.0,1.09,28.0,0.5,-64.9,,23.4,46.0,-96.2,8.1,0.0,133.0,1
D002265,5.0,1122.0,0.82,35.0,0.44,-66.5,-47.2,29.0,56.0,-95.0,5.6,1.0,142.0,0
D002266,5.3,1175.0,1.04,32.5,0.43,-67.7,-49.9,24.1,47.0,-94.9,10.0,1.0,129.0,1
D002267,4.4,1209.0,1.04,31.0,0.49,-64.4,-51.2,24.7,42.0,-95.6,11.6,0.0,135.0,1
D002268,4.9,1013.0,1.55,40.0,0.49,-69.0,-48.9,24.3,57.0,-90.0,14.3,1.0,109.0,0
D002269,5.8,1214.0,0.93,26.0,0.54,-65.8,-50.4,24.7,43.0,-94.4,7.1,1.0,130.0,1
D002270,4.3,1187.0,1.14,28.5,0.44,-65.8,-50.2,24.5,41.0,-94.8,,0.0,129.0,1
D002271,4.6,1393.0,1.12,26.5,0.55,-61.8,-53.6,24.2,41.0,-91.8,15.4,1.0,125.0,0
D002272,5.0,1193.0,1.01,29.0,0.48,-65.6,-51.2,22.9,48.0,-93.3,7.6,0.0,125.0,0
D002273,5.8,1203.0,1.13,33.5,0.4,-65.2,-49.1,23.2,43.0,-97.6,12.0,1.0,130.0,1
D002274,3.7,1202.0,1.07,31.0,0.45,,-49.6,24.1,46.0,-95.7,8.1,1.0,125.0,1
D002275,4.8,1128.0,1.19,34.5,0.43,-65.6,-51.0,22.7,44.0,-95.4,8.9,0.0,123.0,1
D002276,6.5,1234.0,1.17,33.0,0.52,-63.2,-50.2,29.6,49.0,-94.2,12.0,1.0,143.0,1
D002277,4.7,1208.0,1.1,30.5,0.41,-65.4,-49.3,22.7,51.0,,8.5,0.0,134.0,1
D002278,5.4,1237.0,1.18,28.0,0.53,-65.4,-51.7,23.5,46.0,-94.3,5.7,1.0,,1
D002279,4.6,1252.0,1.09,28.0,0.53,-65.9,-49.1,23.8,44.0,-94.5,12.0,0.0,130.0,1
D002280,5.0,1131.0,1.11,36.0,0.7,-68.6,-46.5,25.3,50.0,-91.6,12.5,0.0,140.0,0
D002281,5.9,1223.0,1.01,26.5,0.46,-66.0,-49.9,,43.0,-95.8,8.3,1.0,137.0,1
D002282,6.3,1258.0,0.94,32.0,0.3,-60.6,-45.8,27.8,45.0,-97.8,11.3,1.0,126.0,0
D002283,7.0,1268.0,0.91,36.0,0.56,-65.9,-52.2,20.4,34.0,-99.6,15.2,1.0,130.0,1
D002284,5.5,1328.0,1.08,37.0,0.47,-64.9,-53.6,29.4,37.0,-98.1,7.8,1.0,149.0,1
D002285,5.2,1172.0,0.99,28.5,0.44,-65.9,-50.7,25.2,46.0,-95.0,12.0,1.0,125.0,1
D002286,5.0,1205.0,1.19,29.5,0.46,-64.8,-50.2,25.1,,-95.6,11.1,0.0,131.0,1
D002287,4.3,1152.0,0.97,28.5,0.49,-66.3,-48.0,25.1,45.0,-96.2,9.7,1.0,127.0,0
D002288,5.0,1270.0,1.55,22.5,0.58,-68.9,-51.7,26.3,34.0,-94.6,14.5,1.0,140.0,1
D002289,5.0,1215.0,1.23,29.5,0.48,-64.7,-49.1,25.4,45.0,-96.5,7.1,1.0,123.0,1
D002290,4.5,1150.0,1.07,29.0,0.47,-64.5,-50.6,25.1,41.0,-95.3,7.8,0.0,132.0,0
D002291,4.6,1224.0,1.2,28.0,0.42,-64.6,-49.2,23.0,,-95.2,11.2,1.0,119.0,0
D002292,5.2,1213.0,1.12,31.5,0.46,-65.3,-49.3,23.2,44.0,-95.4,8.2,1.0,118.0,1
D002293,4.5,1168.0,0.97,31.0,0.49,-65.9,-49.8,22.6,53.0,-94.6,10.5,0.0,127.0,1
D002294,5.1,1010.0,1.5,25.0,0.61,-65.8,-53.8,22.1,52.0,-95.5,1.0,1.0,126.0,1
D002295,4.0,1259.0,1.42,30.0,0.68,-63.9,-48.8,26.7,54.0,-96.4,4.8,1.0,112.0,0
D002296,4.9,1115.0,1.04,28.0,0.47,-66.8,-49.9,24.3,45.0,-94.4,7.9,0.0,124.0,1
D002297,4.5,,1.08,,0.49,-66.8,-50.4,23.2,38.0,-96.2,12.7,0.0,,1
D002298,4.4,1211.0,1.19,30.5,0.49,-65.6,-49.3,25.9,44.0,-96.3,12.4,0.0,126.0,1
D002299,5.0,1171.0,,31.0,0.44,-65.6,-49.1,26.0,42.0,-94.2,9.0,1.0,133.0,1
D002300,5.4,1146.0,1.1,29.0,0.51,-66.4,-49.3,23.6,48.0,-95.6,10.0,0.0,121.0,1
D002301,4.9,1221.0,1.01,25.5,0.45,-66.9,-49.9,21.3,47.0,-93.9,10.1,0.0,132.0,1
D002302,4.9,1232.0,1.09,27.0,0.56,-65.3,-49.5,24.1,44.0,-94.7,12.4,1.0,125.0,0
D002303,4.4,1188.0,1.08,34.5,0.48,-65.6,-49.6,23.0,39.0,-96.4,9.5,0.0,126.0,1
D002304,5.1,1194.0,1.06,29.0,0.47,-66.4,-49.4,24.2,43.0,-95.7,8.0,1.0,126.0,1
D002305,5.4,1282.0,1.59,,0.51,-68.8,-54.6,21.9,32.0,-90.5,18.9,1.0,141.0,1
D002306,4.9,1176.0,1.15,26.0,,-64.9,-50.4,23.7,42.0,-94.9,11.7,1.0,139.0,1
D002307,5.3,1176.0,1.18,37.0,0.69,-66.5,-50.7,23.5,55.0,-98.1,,0.0,102.0,0
D002308,6.7,1047.0,1.2,28.0,,-63.0,-52.3,23.8,59.0,-90.7,22.1,1.0,119.0,0
D002309,6.8,1310.0,1.24,30.0,0.6,-69.9,-47.3,22.5,39.0,-93.1,0.4,1.0,112.0,1
D002310,4.9,1101.0,1.02,29.0,0.51,-65.6,-47.5,23.6,41.0,-95.3,7.8,1.0,128.0,1
D002311,5.1,1112.0,1.05,30.0,0.52,-64.9,-49.1,23.8,45.0,-94.7,6.2,1.0,119.0,1
D002312,6.3,1312.0,1.33,39.0,0.37,-64.2,-54.0,26.2,56.0,-99.3,7.2,0.0,133.0,1
D002313,4.3,1357.0,1.31,20.5,0.49,-63.3,-47.9,23.6,50.0,-96.8,13.0,1.0,111.0,0
D002314,,1189.0,1.04,29.5,0.41,-65.7,-47.9,25.4,46.0,-95.9,8.6,1.0,130.0,1
D002315,,1138.0,0.91,27.0,0.5,-65.9,-50.2,24.4,44.0,-95.7,9.3,0.0,131.0,1
D002316,4.9,1178.0,1.21,31.0,0.57,-65.1,-50.0,23.5,46.0,-95.2,6.2,1.0,125.0,1
D002317,4.6,1208.0,1.04,29.5,0.53,-66.5,-50.7,23.1,46.0,-93.6,10.7,1.0,132.0,1
D002318,4.5,1173.0,1.11,29.0,0.54,-67.2,-49.9,25.2,42.0,-95.0,12.0,1.0,130.0,1
D002319,5.3,1171.0,1.12,25.5,0.46,-64.9,-49.8,25.0,47.0,-95.9,10.1,0.0,135.0,0
D002320,4.6,1240.0,1.14,27.5,0.47,-65.8,-48.6,24.5,42.0,-94.7,7.5,1.0,129.0,1
D002321,5.0,1115.0,1.13,28.0,0.53,-65.2,-53.2,24.8,43.0,-95.1,11.1,1.0,126.0,0
D002322,5.0,1150.0,1.02,28.0,0.49,-65.3,-49.7,24.0,42.0,-96.2,9.5,0.0,123.0,1
D002323,5.3,1188.0,1.16,28.5,0.5,-65.1,-49.9,23.0,42.0,-96.1,6.6,1.0,128.0,1
D002324,6.5,1130.0,1.21,25.0,0.52,-62.7,-45.6,25.5,49.0,-94.6,14.4,1.0,108.0,0
D002325,3.0,1111.0,1.18,34.5,0.51,-62.9,-50.2,20.2,40.0,-93.9,21.1,1.0,101.0,0
D002326,5.2,1310.0,0.95,39.5,0.66,-68.4,-50.4,30.0,39.0,-94.2,7.8,0.0,134.0,1
D002327,3.9,1005.0,1.42,27.0,0.61,-64.2,-50.6,22.3,53.0,-98.3,22.4,0.0,119.0,0
D002328,5.3,1126.0,1.15,32.0,0.46,-67.4,-49.8,24.0,46.0,-95.3,10.7,0.0,130.0,1
D002329,4.1,1210.0,1.07,29.5,0.45,-65.5,-49.3,23.8,47.0,-97.0,11.4,0.0,125.0,1
D002330,4.6,1179.0,1.27,31.0,0.52,-65.6,-49.8,22.8,44.0,-95.0,6.8,0.0,132.0,1
D002331,6.0,1309.0,1.0,29.0,0.66,-69.6,-50.6,26.0,32.0,-99.5,9.5,1.0,147.0,1
D002332,5.1,1218.0,1.08,29.5,0.44,-65.2,-49.8,23.3,48.0,-95.2,11.8,1.0,126.0,1
D002333,5.0,,1.16,25.5,0.41,-66.1,-50.7,23.3,49.0,-95.8,7.4,1.0,129.0,0
D002334,4.9,1181.0,1.01,27.0,0.52,-64.2,-51.2,23.6,51.0,-95.1,,1.0,128.0,1
D002335,4.9,1124.0,1.22,30.5,0.53,-64.0,-51.4,22.8,44.0,-96.5,5.8,1.0,125.0,0
D002336,7.0,1202.0,1.18,22.0,0.58,-60.8,-54.5,29.9,44.0,-91.9,7.1,1.0,126.0,0
D002337,4.5,1045.0,1.08,22.0,0.6,,-54.5,24.4,,-99.0,1.5,0.0,135.0,1
D002338,4.4,1189.0,1.11,30.0,0.52,-65.6,-48.7,25.7,47.0,-94.4,8.2,1.0,133.0,1
D002339,4.6,1194.0,1.14,26.5,0.48,-64.1,-51.1,23.2,50.0,-93.4,7.4,0.0,121.0,1
D002340,4.6,1213.0,1.07,31.0,0.47,-63.5,-49.5,24.6,49.0,-95.7,8.6,0.0,119.0,1
D002341,4.3,1100.0,1.14,30.0,0.5,-63.5,-50.5,22.9,51.0,-99.2,8.9,1.0,127.0,1
D002342,4.9,1171.0,1.1,29.5,0.5,-65.9,-51.4,22.7,42.0,-95.4,10.9,0.0,133.0,1
D002343,6.6,1062.0,1.21,26.5,0.38,-63.2,-53.5,20.3,30.0,-90.9,16.6,0.0,125.0,0
D002344,5.3,1206.0,1.06,30.0,0.48,-64.9,-50.1,23.1,44.0,-94.6,9.2,0.0,127.0,1
D002345,5.2,1211.0,1.08,30.5,0.52,-66.3,-50.9,25.2,48.0,-96.1,6.2,0.0,125.0,1
D002346,4.7,1168.0,,29.0,0.44,-65.4,-48.1,23.3,49.0,-96.3,11.8,1.0,129.0,1
D002347,5.0,1098.0,1.07,28.0,0.49,-66.2,-50.9,22.9,45.0,-95.5,11.0,0.0,132.0,1
D002348,4.2,1327.0,0.94,33.0,0.51,-61.0,-45.9,29.2,59.0,-95.1,14.1,0.0,131.0,0
D002349,4.8,1216.0,1.12,28.0,0.5,-66.3,-48.8,25.1,41.0,-95.4,10.0,1.0,127.0,1
D002350,4.7,1161.0,1.1,31.5,0.47,-64.3,-48.1,24.5,45.0,-95.7,10.1,1.0,130.0,0
D002351,6.9,,1.27,34.0,0.51,-67.8,-47.4,24.3,47.0,-90.2,20.0,1.0,143.0,1
D002352,5.4,1216.0,1.2,25.5,0.54,-64.6,-49.8,24.1,45.0,-95.5,12.7,0.0,126.0,1
D002353,4.6,1153.0,1.01,26.5,0.51,-65.0,-49.7,24.7,39.0,-95.9,6.4,1.0,127.0,1
D002354,4.7,1158.0,1.02,29.0,0.46,-67.0,-49.7,23.4,39.0,-94.9,5.6,0.0,126.0,1
D002355,3.8,1014.0,1.44,32.0,0.46,-61.1,-45.1,25.7,37.0,-94.2,16.2,1.0,140.0,0
D002356,7.0,1231.0,1.17,29.0,0.6,-64.1,-46.4,29.3,36.0,-99.8,16.1,1.0,105.0,0
D002357,4.9,1206.0,1.06,29.5,0.45,-65.3,-49.6,23.7,44.0,-93.7,8.1,0.0,133.0,0
D002358,4.4,1001.0,1.2,32.5,0.7,-60.7,-52.3,28.0,47.0,-98.2,19.8,1.0,130.0,0
D002359,5.3,1154.0,1.09,26.0,0.55,-65.3,-49.2,22.9,46.0,-95.5,7.6,1.0,131.0,1
D002360,4.9,1197.0,1.07,30.0,0.51,-64.9,-48.4,24.9,45.0,-95.0,8.5,1.0,134.0,1
D002361,4.9,1151.0,1.17,31.5,0.47,-65.4,-51.3,23.7,43.0,-97.6,9.9,0.0,127.0,1
D002362,4.4,1179.0,1.05,28.5,0.45,-65.8,-50.6,24.1,42.0,-95.3,10.1,1.0,132.0,1
D002363,,1197.0,1.11,26.5,0.38,-66.4,-49.9,24.1,42.0,-93.7,10.9,0.0,137.0,1
D002364,4.6,1155.0,0.97,28.0,0.45,-66.1,-48.2,24.3,44.0,-94.4,9.9,1.0,127.0,1
D002365,5.7,1342.0,1.46,,0.3,-60.7,-50.4,20.0,46.0,-98.0,4.2,0.0,136.0,0
D002366,5.5,1013.0,1.32,35.5,0.64,-64.2,-50.4,25.5,33.0,-91.1,5.8,1.0,137.0,1
D002367,4.6,1212.0,1.18,29.5,0.43,-63.2,,24.5,44.0,-94.7,10.6,1.0,126.0,0
D002368,3.4,1359.0,0.97,34.0,0.31,-60.2,,27.9,46.0,-98.2,11.4,0.0,143.0,0
D002369,4.7,1305.0,1.22,34.0,,-69.6,-47.1,26.8,50.0,-94.1,3.0,0.0,133.0,1
D002370,4.1,1379.0,0.99,23.5,0.39,-67.8,-49.3,20.7,57.0,-94.9,6.5,0.0,145.0,0
D002371,4.9,1223.0,1.18,29.0,0.51,-64.8,-51.2,24.6,45.0,-93.0,7.4,0.0,124.0,1
D002372,4.1,1370.0,1.0,35.0,0.31,-68.3,-46.8,25.2,49.0,-96.6,17.1,1.0,101.0,0
D002373,3.1,1222.0,1.25,36.0,0.54,-66.1,-52.2,29.1,57.0,-97.2,20.6,1.0,131.0,0
D002374,4.7,1193.0,1.08,29.5,0.44,,-50.4,24.3,41.0,-94.2,13.4,0.0,125.0,1
D002375,3.2,1077.0,1.28,26.5,0.62,,-49.6,28.2,30.0,-92.0,1.8,,123.0,0
D002376,3.3,1226.0,1.15,35.5,0.4,-66.2,-46.3,20.1,52.0,-94.8,1.8,0.0,116.0,0
D002377,3.7,1139.0,0.95,26.0,0.37,-60.5,-50.6,27.0,41.0,-94.4,3.4,1.0,110.0,0
D002378,5.0,1157.0,1.04,28.5,0.48,-64.2,-50.1,25.6,42.0,-94.5,11.8,1.0,139.0,0
D002379,4.5,1135.0,1.11,29.0,0.46,-64.3,-50.2,24.2,44.0,-92.9,8.1,1.0,134.0,1
D002380,4.4,1241.0,1.13,28.0,0.45,-65.4,-48.8,23.1,43.0,-95.6,11.4,0.0,135.0,1
D002381,4.6,1175.0,1.06,31.0,0.43,-66.3,-49.3,24.6,47.0,-94.9,9.5,1.0,126.0,1
D002382,4.7,1052.0,1.2,29.5,0.44,-63.8,-49.8,23.1,40.0,-95.4,10.4,1.0,125.0,0
D002383,3.6,1129.0,0.99,27.0,0.51,-67.5,-48.3,24.6,56.0,-90.1,2.6,1.0,103.0,0
D002384,5.5,1117.0,1.04,24.5,0.38,-65.2,-51.2,23.2,44.0,-97.1,9.2,1.0,131.0,1
D002385,5.6,1204.0,1.14,29.5,0.49,-64.8,-50.4,24.8,45.0,-94.6,11.7,1.0,132.0,1
D002386,5.3,1248.0,1.22,28.0,0.53,-66.7,-49.8,23.5,43.0,-95.3,9.1,1.0,126.0,1
D002387,5.6,1126.0,1.13,26.0,0.47,-65.7,-49.5,,48.0,-95.0,8.4,1.0,132.0,1
D002388,3.0,1210.0,1.03,33.0,0.4,-68.6,-45.4,21.7,59.0,-90.6,8.0,1.0,135.0,0
D002389,4.9,1125.0,0.98,27.0,0.51,-67.6,-49.0,23.7,34.0,-95.0,11.8,0.0,129.0,1
D002390,4.6,1221.0,1.07,31.0,0.44,-63.9,-49.6,21.8,46.0,-95.2,11.7,1.0,122.0,0
D002391,3.0,1123.0,0.84,35.5,0.57,-63.9,-45.6,26.5,48.0,-92.0,0.1,0.0,115.0,1
D002392,4.8,1124.0,1.14,31.5,0.48,-65.1,-49.5,23.2,43.0,-94.7,8.3,1.0,122.0,1
D002393,5.4,1019.0,1.5,20.0,0.33,-60.9,-48.5,29.7,55.0,-99.3,19.5,1.0,148.0,0
D002394,4.2,1162.0,1.01,31.0,0.5,-65.1,-49.4,24.0,46.0,-94.0,10.5,1.0,122.0,1
D002395,,1230.0,1.14,33.5,0.51,-63.7,-50.3,25.2,45.0,-95.1,11.5,1.0,140.0,1
D002396,4.0,1069.0,1.1,32.0,0.37,-63.9,-46.5,28.4,60.0,-97.6,20.4,1.0,150.0,0
D002397,4.6,1089.0,1.25,23.0,0.43,-64.0,-52.4,22.8,45.0,-98.1,5.4,0.0,135.0,1
D002398,6.1,1314.0,1.44,24.0,0.35,-62.7,-49.5,28.1,30.0,-95.0,5.9,0.0,114.0,0
D002399,4.3,1149.0,1.0,31.0,0.46,-65.4,-49.8,23.7,43.0,-95.8,10.0,0.0,127.0,1
D002400,4.8,1126.0,1.01,28.5,0.45,-65.4,-49.1,24.0,46.0,-95.8,4.6,0.0,123.0,1
D002401,5.1,1099.0,1.21,20.5,0.33,-61.4,-46.8,22.4,40.0,-90.7,0.6,1.0,100.0,0
D002402,6.7,1276.0,1.39,35.5,0.47,-67.0,-54.9,24.8,51.0,-95.5,16.5,0.0,103.0,1
D002403,5.9,1301.0,1.31,30.0,0.65,-62.5,-46.9,25.4,30.0,-91.6,12.2,0.0,132.0,0
D002404,6.8,1138.0,0.89,30.5,0.34,-69.4,-53.3,24.0,35.0,-93.4,6.5,1.0,124.0,1
D002405,3.8,1110.0,0.85,26.5,0.68,-61.2,-53.5,28.2,39.0,-92.1,18.7,1.0,113.0,0
D002406,3.1,1061.0,0.94,,0.49,-61.2,-50.6,24.7,40.0,-97.3,0.7,0.0,107.0,1
D002407,6.5,1279.0,1.3,23.5,0.5,-69.5,-52.3,23.9,56.0,-92.1,7.3,1.0,135.0,1
D002408,6.3,1140.0,1.32,25.5,0.58,-60.4,-52.8,26.0,54.0,-95.6,,1.0,147.0,1
D002409,4.1,1091.0,1.05,30.0,0.57,-63.9,-50.3,21.2,37.0,-92.0,13.6,1.0,139.0,0
D002410,5.0,1215.0,1.11,29.0,0.4,-65.4,-48.7,22.9,45.0,-94.3,11.0,0.0,133.0,1
D002411,5.3,1202.0,1.18,30.5,0.46,-64.4,-49.7,24.1,41.0,-95.0,7.6,0.0,130.0,1
D002412,4.4,1020.0,1.15,35.5,0.56,-63.1,-54.1,29.0,57.0,-91.2,12.4,1.0,134.0,0
D002413,4.7,1155.0,1.05,30.5,0.44,-65.4,-49.3,27.1,45.0,-95.1,9.2,0.0,120.0,1
D002414,4.5,1127.0,1.09,29.0,0.46,-66.6,-48.9,23.1,39.0,-95.9,11.5,1.0,140.0,1
D002415,5.2,1184.0,1.06,29.5,0.54,-65.5,-48.9,23.6,43.0,-94.6,7.4,1.0,134.0,1
D002416,4.7,1268.0,1.28,31.0,0.35,-60.4,-52.0,29.1,30.0,-91.8,20.4,1.0,113.0,0
D002417,4.6,1221.0,1.01,26.5,0.52,-65.4,-48.5,24.1,42.0,-96.8,11.4,0.0,127.0,1
D002418,,1336.0,1.57,22.0,0.4,-68.8,-51.1,23.3,55.0,-93.7,18.7,1.0,110.0,0
D002419,4.8,1220.0,1.04,32.0,0.46,-64.4,-50.0,24.9,44.0,-93.9,5.6,0.0,141.0,1
D002420,6.6,1154.0,1.15,27.5,0.65,-66.7,-54.2,22.9,47.0,-94.4,6.1,1.0,134.0,1
D002421,5.8,1019.0,1.41,40.0,0.52,-69.1,-50.9,21.3,50.0,-94.2,23.3,1.0,145.0,1
D002422,4.9,1192.0,1.11,30.0,0.47,-65.0,-50.5,24.9,43.0,-95.3,8.7,0.0,127.0,1
D002423,4.1,1133.0,1.25,28.0,0.51,-66.8,-49.9,22.7,49.0,-95.7,8.0,1.0,133.0,0
D002424,6.7,1136.0,1.35,23.5,0.39,-63.4,-48.4,23.2,45.0,-94.4,23.3,1.0,105.0,0
D002425,5.4,1157.0,1.21,30.5,0.53,-66.4,-50.4,24.7,42.0,-95.0,7.1,0.0,119.0,1
D002426,4.6,1238.0,1.23,28.0,0.49,-66.2,-51.9,23.8,44.0,-94.2,7.3,1.0,125.0,1
D002427,5.0,1136.0,0.96,29.5,0.51,-67.4,-50.1,,44.0,-95.4,12.3,1.0,124.0,1
D002428,4.9,1060.0,1.59,27.0,0.36,-61.3,-46.1,27.7,52.0,-99.7,9.3,1.0,136.0,0
D002429,4.7,1162.0,1.06,29.5,0.41,-64.5,-49.2,25.4,44.0,-94.4,12.5,1.0,130.0,0
D002430,4.5,1155.0,0.93,28.5,0.48,-65.9,-49.1,22.5,39.0,-96.0,12.4,1.0,127.0,1
D002431,3.6,1280.0,1.4,36.0,0.58,-60.3,-52.8,22.2,49.0,-99.4,17.8,0.0,149.0,0
D002432,4.5,1256.0,1.06,36.0,0.41,-69.1,-53.3,21.9,30.0,-99.8,5.7,0.0,103.0,1
D002433,4.7,1107.0,0.94,33.5,0.59,-66.1,-50.3,23.2,31.0,-93.0,9.0,1.0,147.0,1
D002434,5.7,1172.0,1.06,30.5,0.5,-65.1,-50.8,25.0,45.0,-96.6,10.8,1.0,118.0,1
D002435,4.0,1185.0,1.34,29.5,0.43,-66.3,-49.9,22.7,45.0,-94.1,9.6,0.0,131.0,1
D002436,5.0,1195.0,1.13,29.5,0.5,-67.1,-50.8,23.1,48.0,-95.3,10.7,0.0,128.0,1
D002437,5.3,1197.0,1.25,30.0,0.45,-66.2,-50.4,25.5,45.0,-95.9,6.1,1.0,128.0,1
D002438,6.7,1391.0,1.35,23.0,0.43,-62.2,-53.7,20.9,38.0,-95.1,0.1,0.0,105.0,1
D002439,5.0,1225.0,0.98,26.5,0.51,-64.4,-50.1,25.5,45.0,-96.1,6.4,0.0,121.0,1
D002440,4.7,1216.0,1.12,25.0,0.47,-65.2,-51.8,24.9,46.0,-97.6,6.4,0.0,129.0,1
D002441,6.4,1055.0,0.86,37.0,0.49,-64.8,-52.7,26.8,39.0,-92.7,1.5,0.0,128.0,1
D002442,4.2,1178.0,0.94,32.0,0.45,-66.0,-50.4,25.0,,-94.9,10.1,0.0,131.0,1
D002443,4.2,1083.0,1.09,29.0,0.56,-66.4,-50.0,22.8,44.0,-95.2,,1.0,132.0,0
D002444,5.0,1268.0,1.02,26.5,0.47,-65.4,-50.4,23.7,44.0,-95.2,10.5,1.0,124.0,1
D002445,4.7,1133.0,0.98,28.5,0.5,-65.0,-49.2,23.8,38.0,-95.3,9.2,0.0,114.0,1
D002446,5.0,1346.0,1.33,35.0,0.31,-69.4,-49.3,21.1,34.0,-99.4,7.4,1.0,113.0,0
D002447,5.0,1154.0,1.1,30.0,0.52,-65.3,-49.2,24.8,41.0,-95.1,12.3,1.0,130.0,1
D002448,5.0,1215.0,1.04,28.5,0.45,-63.6,-50.6,23.7,45.0,-96.0,10.8,1.0,128.0,1
D002449,5.0,1205.0,1.19,24.5,0.52,-66.2,-50.4,,46.0,-94.5,10.2,0.0,130.0,1
D002450,3.2,1053.0,1.49,20.5,0.59,-63.3,-45.7,25.0,43.0,-94.7,21.2,0.0,149.0,0
D002451,6.6,1213.0,1.39,38.0,0.48,-65.8,-53.5,23.6,33.0,-97.7,9.4,0.0,119.0,1
D002452,4.7,1200.0,1.26,26.5,0.48,-66.1,-48.8,24.9,44.0,-95.2,12.8,1.0,127.0,0
D002453,3.8,1117.0,0.83,31.0,0.65,-69.3,-46.7,28.1,37.0,-99.9,2.5,0.0,146.0,1
D002454,4.7,1208.0,1.11,29.0,0.57,-64.5,-49.7,23.1,45.0,-94.3,10.7,0.0,133.0,0
D002455,4.6,1123.0,1.01,28.0,0.48,-66.2,-51.2,23.8,46.0,-93.9,12.1,1.0,131.0,1
D002456,4.4,1133.0,1.15,30.5,0.49,-64.2,-48.8,24.6,41.0,-95.5,10.7,0.0,124.0,1
D002457,4.8,1216.0,1.04,29.5,0.49,-66.7,-49.7,24.1,42.0,-96.0,5.1,1.0,130.0,1
D002458,4.2,1119.0,1.09,29.0,0.48,-66.8,-49.0,22.9,45.0,-97.3,13.6,0.0,131.0,1
D002459,4.7,1212.0,0.92,25.5,0.5,-66.2,-50.8,23.7,43.0,-94.3,8.0,1.0,127.0,1
D002460,,1242.0,1.09,28.0,0.44,-66.6,-50.3,23.5,42.0,-95.9,11.3,1.0,137.0,1
D002461,5.3,1070.0,0.99,31.5,0.4,-61.4,-49.5,22.2,45.0,-92.2,12.5,1.0,101.0,0
D002462,4.9,1189.0,1.24,29.5,0.41,-66.8,-52.7,23.7,48.0,-96.5,11.1,0.0,131.0,1
D002463,3.7,1182.0,1.48,30.0,0.44,-61.7,-49.8,22.5,52.0,-99.7,0.8,0.0,119.0,0
D002464,4.6,1179.0,1.19,29.0,0.47,-66.3,-50.7,26.0,45.0,-95.7,9.8,0.0,124.0,1
D002465,5.0,1233.0,1.18,29.0,0.48,-65.2,-49.0,23.5,42.0,-95.2,12.9,1.0,132.0,1
D002466,6.8,1204.0,1.09,36.0,0.66,-60.0,-50.4,21.3,49.0,-96.9,18.6,0.0,111.0,0
D002467,5.3,1185.0,1.07,28.5,0.52,-64.2,-50.4,22.2,48.0,-95.2,5.0,0.0,132.0,1
D002468,5.9,1198.0,1.29,32.0,0.35,-66.1,-46.8,23.0,45.0,-98.9,7.8,1.0,122.0,1
D002469,5.2,1123.0,1.14,33.0,0.54,-65.7,-51.6,25.5,45.0,-94.7,11.9,1.0,119.0,1
D002470,5.1,1182.0,1.14,30.0,0.5,-65.2,-50.0,25.1,39.0,-95.5,9.2,0.0,143.0,1
D002471,4.3,1266.0,0.89,33.5,0.67,-66.5,-53.0,21.3,51.0,-99.4,16.7,0.0,115.0,0
D002472,3.0,1391.0,1.42,38.5,0.38,-66.7,-49.4,29.6,37.0,-92.8,12.9,0.0,110.0,0
D002473,4.8,1197.0,0.93,26.5,0.52,-63.8,-47.1,25.9,53.0,-92.3,6.2,1.0,106.0,0
D002474,4.6,1239.0,1.13,28.5,0.5,-66.7,-50.1,25.1,48.0,-93.7,6.6,1.0,125.0,1
D002475,5.1,1186.0,1.22,26.5,0.41,-67.1,-48.9,22.5,47.0,-95.8,12.2,1.0,127.0,0
D002476,4.6,1200.0,1.21,30.5,0.51,-68.4,-51.2,22.2,46.0,-94.8,8.1,1.0,133.0,1
D002477,5.0,1202.0,1.09,28.5,0.5,-66.2,-50.0,24.6,47.0,-94.6,7.3,1.0,134.0,1
D002478,7.0,1211.0,1.25,34.0,0.38,-64.1,-45.3,27.6,32.0,-93.8,7.4,0.0,148.0,1
D002479,4.4,1180.0,1.1,29.0,0.46,-64.9,-50.1,23.3,41.0,-94.2,5.7,0.0,124.0,1
D002480,4.8,1171.0,1.11,27.5,0.66,-66.0,-49.4,28.1,51.0,-90.3,,1.0,104.0,0
D002481,4.5,1187.0,1.23,32.0,0.45,-66.5,-48.9,25.1,44.0,-94.4,12.4,0.0,126.0,0
D002482,4.5,1190.0,1.08,32.5,0.43,,-49.9,24.5,45.0,-95.1,6.0,1.0,125.0,1
D002483,5.2,1146.0,1.19,29.5,0.54,-65.2,-50.0,24.2,37.0,-94.5,8.1,0.0,131.0,1
D002484,4.9,1265.0,1.03,27.5,0.46,-65.4,-48.4,23.8,46.0,-94.5,7.9,1.0,134.0,1
D002485,4.2,1062.0,0.82,23.5,0.54,-64.2,-54.3,24.3,,-94.1,22.6,1.0,114.0,0
D002486,4.6,1164.0,1.03,32.0,0.52,-64.5,-48.6,24.7,43.0,-94.7,12.8,1.0,122.0,1
D002487,3.9,1248.0,1.06,27.5,0.49,-65.8,-48.1,25.3,46.0,-97.1,12.1,0.0,132.0,1
D002488,4.2,1092.0,1.12,21.5,0.5,-65.4,-48.0,21.9,47.0,-90.7,14.8,1.0,137.0,0
D002489,4.1,1376.0,1.15,38.5,0.36,-64.0,-45.4,24.1,38.0,-90.0,13.1,1.0,131.0,0
D002490,5.0,1161.0,1.17,30.5,0.46,-66.0,-50.2,24.1,40.0,-97.0,10.8,1.0,128.0,1
D002491,3.7,1299.0,1.47,32.0,0.38,-62.8,-52.4,26.3,46.0,-96.8,12.9,0.0,135.0,0
D002492,5.5,1143.0,1.22,27.5,0.44,-62.7,-51.4,23.8,45.0,-97.8,4.7,1.0,135.0,1
D002493,4.7,1127.0,1.11,27.5,0.54,-66.6,-50.2,24.3,46.0,-93.1,10.2,0.0,134.0,0
D002494,5.5,1183.0,1.01,33.5,0.5,-66.2,-50.1,23.9,41.0,-96.2,7.8,1.0,129.0,1
D002495,6.3,1207.0,1.19,36.5,0.43,-62.2,-52.9,21.7,42.0,-91.0,3.7,0.0,107.0,1
D002496,5.5,1198.0,0.9,28.0,0.55,-64.7,-49.4,25.2,47.0,-95.7,7.8,1.0,134.0,1
D002497,5.0,,1.1,25.0,0.4,-65.7,-49.1,23.3,45.0,-96.4,8.3,1.0,134.0,1
D002498,6.5,1372.0,1.58,24.5,0.41,-65.2,-54.3,22.8,51.0,-95.0,22.5,0.0,122.0,0
D002499,4.4,1054.0,1.04,21.0,0.61,-61.0,-50.4,29.2,48.0,-99.2,19.9,0.0,112.0,0
D002500,4.6,1125.0,1.15,28.0,0.48,-65.4,-50.1,24.3,43.0,-95.7,11.5,0.0,130.0,1
D002501,4.6,1195.0,1.52,27.0,0.66,-68.2,-49.3,25.6,57.0,-99.2,11.1,1.0,121.0,0
D002502,4.8,1204.0,1.08,27.5,,-66.0,-50.9,23.3,48.0,-95.5,13.3,1.0,125.0,0
D002503,5.0,1363.0,1.04,24.5,0.56,-65.3,-50.4,22.0,51.0,,3.8,1.0,138.0,1
D002504,4.8,1185.0,1.07,27.0,0.48,-63.9,-49.4,23.9,44.0,-94.4,7.4,0.0,133.0,1
D002505,5.0,1166.0,1.16,25.0,0.5,-65.2,-50.7,25.0,45.0,-96.4,8.1,1.0,119.0,1
D002506,4.4,1150.0,1.0,28.0,0.41,-65.6,-51.2,22.6,39.0,-94.2,10.5,0.0,128.0,1
D002507,5.1,1198.0,1.28,26.5,0.46,-64.8,-49.7,21.9,47.0,-94.7,5.1,1.0,134.0,0
D002508,4.2,1360.0,0.95,22.0,0.63,-65.9,-52.1,29.1,39.0,-99.7,24.0,0.0,115.0,0
D002509,4.9,1174.0,0.98,26.5,0.5,-64.6,-48.9,24.8,46.0,-94.8,10.1,0.0,129.0,1
D002510,5.3,1176.0,0.99,28.0,0.5,-65.6,-49.8,23.5,46.0,-95.0,8.5,1.0,128.0,1
D002511,5.3,1189.0,1.0,28.5,0.51,-65.5,-49.2,24.2,46.0,-96.7,8.1,1.0,124.0,1
D002512,5.0,1091.0,0.91,26.0,0.53,-66.1,-49.1,24.5,41.0,-93.7,9.7,0.0,131.0,1
D002513,5.2,1197.0,1.23,30.0,0.48,-65.6,-51.0,20.3,44.0,-95.9,6.8,1.0,122.0,1
D002514,4.7,1186.0,1.16,27.5,0.42,-64.4,-51.8,23.4,43.0,-95.4,9.5,0.0,131.0,1
D002515,3.3,1058.0,0.83,21.0,0.7,-69.5,-47.9,30.0,55.0,-95.8,4.8,0.0,145.0,0
D002516,3.0,1148.0,0.98,36.0,0.43,-67.5,-48.8,28.3,47.0,-95.3,13.1,1.0,129.0,0
D002517,5.7,1392.0,1.41,32.0,0.59,-67.5,-53.7,21.9,36.0,-91.2,8.3,0.0,147.0,1
D002518,6.2,1196.0,1.18,34.5,0.68,-63.7,-54.6,21.6,51.0,-92.8,17.5,0.0,,0
D002519,4.5,1170.0,1.08,30.0,0.45,-64.4,-50.2,23.8,47.0,-96.0,7.6,1.0,128.0,0
D002520,5.0,1149.0,1.27,33.0,0.39,-69.5,,20.2,60.0,-99.3,20.5,1.0,143.0,0
D002521,4.8,1187.0,1.2,29.0,0.5,-64.6,-48.8,24.0,44.0,-96.1,9.3,1.0,120.0,0
D002522,4.7,1190.0,1.18,26.0,0.47,-67.3,-49.5,23.9,42.0,-95.1,7.6,,124.0,1
D002523,5.3,1163.0,1.1,32.5,0.51,-64.2,-48.7,24.2,44.0,-94.9,13.3,1.0,137.0,1
D002524,5.2,1153.0,0.99,33.0,0.46,-65.2,-50.2,24.9,47.0,-96.2,6.8,0.0,134.0,1
D002525,4.2,1018.0,1.02,35.0,0.55,-62.4,-50.6,20.0,53.0,-97.0,23.6,0.0,119.0,0
D002526,4.7,1179.0,1.11,27.5,0.56,,-51.4,22.8,45.0,-96.6,10.7,1.0,133.0,1
D002527,6.3,1252.0,1.28,24.5,0.49,-65.0,-51.7,28.3,34.0,-95.1,22.5,0.0,142.0,0
D002528,5.0,1144.0,1.16,29.0,0.5,-65.8,-51.1,24.5,47.0,-95.7,7.7,0.0,136.0,1
D002529,4.1,1174.0,1.15,27.0,0.51,-65.7,-50.5,23.9,39.0,-95.5,8.7,1.0,126.0,1
D002530,3.5,1094.0,1.45,36.5,0.53,-65.1,-47.3,23.0,58.0,-96.6,2.9,0.0,145.0,0
D002531,3.7,1085.0,1.37,20.5,0.41,-68.1,-54.3,28.4,,-95.4,14.7,1.0,139.0,0
D002532,4.2,1156.0,1.11,28.5,0.41,-64.5,-49.7,25.4,43.0,-95.2,4.7,1.0,129.0,0
D002533,5.1,1038.0,1.4,32.5,0.46,-60.3,-52.4,20.3,53.0,-94.6,6.1,1.0,131.0,0
D002534,4.9,1180.0,1.06,30.5,0.49,-65.5,-51.8,24.4,44.0,-95.2,9.4,1.0,130.0,1
D002535,5.0,1174.0,1.17,31.0,0.58,-65.4,-51.5,23.5,44.0,-95.8,9.2,1.0,120.0,1
D002536,4.2,1164.0,1.13,31.5,0.45,-64.8,-51.3,22.8,39.0,-94.5,9.9,1.0,133.0,0
D002537,5.5,1142.0,1.16,28.5,0.5,-65.0,-48.3,23.7,47.0,-96.0,12.0,1.0,126.0,1
D002538,4.5,1109.0,1.06,30.0,0.47,-65.0,-48.6,23.6,45.0,-96.3,8.5,0.0,121.0,1
D002539,6.5,1232.0,1.16,37.5,0.42,-67.9,-46.3,22.9,38.0,-92.4,6.9,1.0,126.0,1
D002540,5.3,1126.0,1.1,27.0,0.47,-66.3,-49.1,24.1,42.0,-96.9,9.4,1.0,125.0,1
D002541,5.6,1171.0,1.03,29.5,0.49,-63.2,-49.6,22.3,39.0,-95.1,4.3,1.0,129.0,1
D002542,5.7,1300.0,0.9,36.5,0.38,-60.2,-54.5,28.3,54.0,-96.4,19.1,0.0,123.0,0
D002543,4.4,1173.0,1.17,25.5,0.49,-64.9,-50.2,22.8,,-95.5,11.9,1.0,130.0,0
D002544,5.6,1101.0,1.49,35.5,0.45,-68.5,-53.4,27.8,43.0,-97.3,8.5,0.0,123.0,1
D002545,4.8,1173.0,1.11,25.0,0.59,-65.2,-50.4,23.0,44.0,-94.6,7.8,0.0,127.0,1
D002546,5.1,1151.0,1.01,33.0,0.46,-65.9,-45.6,24.9,35.0,-93.6,1.8,1.0,124.0,1
D002547,6.4,1078.0,1.23,37.5,0.35,-62.3,-45.6,29.4,47.0,-97.2,15.2,1.0,100.0,0
D002548,4.6,1164.0,1.12,30.5,0.49,-64.5,-51.3,24.7,47.0,-96.0,6.4,0.0,130.0,1
D002549,4.1,1210.0,1.08,31.0,0.41,-65.9,-50.2,25.3,44.0,-94.1,7.2,1.0,128.0,1
D002550,4.9,1156.0,1.16,31.0,0.47,-66.1,-49.8,24.4,42.0,-96.2,7.6,0.0,128.0,1
D002551,6.5,1098.0,1.37,24.0,0.62,-67.2,-50.2,29.1,32.0,-91.1,18.1,1.0,125.0,0
D002552,5.0,1113.0,0.96,27.5,0.44,-66.4,-49.9,23.7,46.0,-92.6,9.2,1.0,127.0,1
D002553,4.6,1238.0,1.04,34.0,0.38,-63.7,-54.2,23.1,48.0,-96.4,17.3,0.0,148.0,1
D002554,5.0,1202.0,1.12,30.0,0.48,-65.5,-50.6,25.6,43.0,-94.1,9.3,1.0,136.0,1
D002555,6.4,1113.0,1.5,29.5,0.48,-60.4,-46.8,29.1,51.0,-90.8,4.4,0.0,105.0,0
D002556,4.9,1179.0,1.15,27.5,0.48,-63.3,-49.5,24.9,45.0,-96.0,10.6,1.0,125.0,0
D002557,4.8,1136.0,1.09,28.0,0.49,-65.9,-50.3,22.5,48.0,-95.6,7.6,0.0,126.0,0
D002558,3.8,1282.0,1.1,28.5,0.42,-66.3,-48.9,29.8,34.0,-96.0,21.9,1.0,150.0,0
D002559,5.3,1272.0,0.93,33.5,0.53,-66.2,-54.2,20.0,51.0,-95.3,14.4,1.0,129.0,1
D002560,3.1,1154.0,1.37,20.5,0.66,-67.6,-52.7,24.7,37.0,-92.9,17.3,1.0,120.0,0
D002561,5.1,1213.0,1.19,27.5,0.46,-66.1,-50.8,24.8,45.0,-95.9,9.0,0.0,124.0,1
D002562,5.2,1138.0,1.03,25.5,0.52,-64.5,-49.9,,45.0,-95.7,6.2,0.0,134.0,1
D002563,5.1,1147.0,0.99,32.5,0.52,-65.9,-50.7,22.9,49.0,-95.3,11.5,0.0,133.0,1
D002564,3.6,1244.0,1.2,29.0,0.45,-62.6,-47.9,26.5,52.0,-91.8,9.7,0.0,133.0,0
D002565,4.9,1228.0,1.03,27.5,0.52,-65.9,-49.5,24.0,41.0,-96.5,8.0,1.0,127.0,1
D002566,3.7,1262.0,1.13,29.5,0.48,-63.6,-50.9,24.4,46.0,-96.6,9.1,1.0,126.0,0
D002567,6.8,1246.0,1.25,25.0,0.47,-63.4,-45.8,20.5,40.0,-90.3,3.1,1.0,104.0,0
D002568,3.8,1399.0,1.24,29.0,0.59,-67.2,-54.6,21.0,49.0,-96.0,10.5,0.0,116.0,0
D002569,5.2,1203.0,1.0,32.0,0.46,-64.7,-50.1,23.8,45.0,-93.6,8.2,1.0,123.0,1
D002570,6.5,1193.0,1.06,37.0,0.5,-60.0,-45.8,23.8,43.0,-92.5,1.9,1.0,128.0,1
D002571,5.6,1083.0,1.33,27.5,0.67,-60.6,-50.1,22.2,39.0,-97.9,16.4,1.0,142.0,0
D002572,4.8,1184.0,1.11,24.5,0.54,,-50.2,22.7,,-95.1,8.9,0.0,120.0,0
D002573,4.6,1210.0,1.2,28.5,0.41,-65.8,-49.9,24.2,42.0,-94.9,6.9,1.0,127.0,1
D002574,4.1,1116.0,1.0,29.0,0.47,-64.5,-50.3,24.2,45.0,-94.0,5.3,1.0,126.0,1
D002575,4.5,1206.0,1.06,28.5,0.48,-65.1,-50.8,22.0,45.0,-93.9,11.0,0.0,133.0,1
D002576,4.4,1184.0,1.13,27.5,0.45,-65.5,-48.8,24.5,46.0,-95.3,6.8,0.0,125.0,1
D002577,4.9,1225.0,1.1,34.5,0.6,-61.8,-49.8,22.7,55.0,-94.6,18.6,1.0,119.0,0
D002578,6.7,1212.0,1.32,30.5,0.39,-64.7,-53.3,29.5,33.0,-92.4,23.2,0.0,110.0,0
D002579,4.8,1195.0,1.1,27.5,0.45,-63.8,-49.5,25.0,46.0,-97.2,7.0,0.0,134.0,1
D002580,4.7,1198.0,1.13,26.5,0.45,-65.0,-49.6,23.2,38.0,-95.6,7.2,1.0,133.0,0
D002581,3.9,1046.0,1.52,36.5,0.39,-60.4,,26.1,50.0,-95.9,7.9,0.0,111.0,0
D002582,7.0,1005.0,0.91,31.0,0.32,-64.3,-45.1,25.3,39.0,-94.2,8.4,1.0,108.0,0
D002583,5.0,,1.11,31.0,0.46,-64.8,-50.3,22.6,44.0,-95.8,7.4,1.0,125.0,0
D002584,5.5,1177.0,1.05,31.5,0.46,-65.5,-48.9,24.2,46.0,-94.7,8.0,1.0,127.0,1
D002585,4.9,1117.0,1.16,31.5,0.47,-66.7,-50.3,24.3,40.0,-96.3,8.5,0.0,133.0,1
D002586,4.9,1153.0,1.16,29.5,0.47,-67.1,-51.6,24.0,48.0,-96.3,10.6,1.0,133.0,1
D002587,4.8,1167.0,,25.5,0.38,-65.8,-50.7,24.1,48.0,-95.9,8.1,1.0,127.0,1
D002588,4.1,1169.0,0.92,34.5,0.52,-64.3,-48.3,29.4,44.0,-92.5,21.9,0.0,143.0,0
D002589,5.2,1168.0,1.05,30.5,0.52,-67.4,-51.2,23.8,48.0,-95.0,11.2,0.0,130.0,1
D002590,4.8,1155.0,1.04,27.5,0.53,-64.6,-50.0,24.5,43.0,-95.6,11.6,0.0,130.0,1
D002591,4.7,1148.0,1.17,27.0,0.51,-66.3,-49.8,23.2,49.0,-95.3,10.8,1.0,128.0,0
D002592,5.2,1103.0,1.22,25.0,0.47,-65.5,-49.5,24.0,44.0,-96.1,14.1,0.0,135.0,1
D002593,4.4,1236.0,1.08,29.0,,-64.2,-49.5,24.3,48.0,-96.8,7.1,0.0,131.0,1
D002594,4.6,1290.0,1.1,33.0,0.49,-65.4,-49.9,23.7,39.0,-95.5,8.8,0.0,131.0,1
D002595,3.9,1288.0,1.34,22.0,0.51,-62.8,-49.7,27.4,54.0,-92.7,18.5,1.0,131.0,0
D002596,3.7,1229.0,1.12,31.0,0.5,-65.8,-50.4,22.2,47.0,-96.4,5.9,1.0,121.0,1
D002597,4.4,1261.0,1.45,32.5,0.4,-68.8,-45.6,21.6,32.0,-98.6,2.9,1.0,106.0,0
D002598,5.4,1126.0,1.08,32.0,0.42,-64.7,-48.1,25.0,48.0,-95.6,10.4,0.0,130.0,1
D002599,3.0,1170.0,1.36,33.5,0.46,-67.8,-54.8,21.8,49.0,-91.9,19.6,1.0,113.0,0
D002600,6.9,1169.0,1.21,40.0,0.67,-61.9,-51.0,24.9,48.0,-95.3,20.8,1.0,110.0,0
D002601,4.5,1126.0,1.26,31.5,0.5,-66.0,-51.4,22.3,43.0,-95.7,6.1,1.0,127.0,1
D002602,5.2,1129.0,1.18,30.0,0.48,-65.6,-51.3,22.8,42.0,,,1.0,130.0,1
D002603,4.3,1126.0,1.06,25.5,0.49,-66.4,-50.2,24.9,44.0,-95.6,6.9,1.0,120.0,0
D002604,4.2,1179.0,1.19,27.0,0.5,-64.4,-50.7,25.6,42.0,-93.9,10.8,1.0,126.0,0
D002605,4.7,1170.0,1.0,29.5,0.47,-65.1,-50.8,24.5,42.0,-94.0,7.6,1.0,130.0,1
D002606,4.6,1179.0,1.23,27.0,0.44,-66.2,-49.8,24.0,45.0,-96.4,10.7,0.0,125.0,0
D002607,4.5,1211.0,1.15,32.5,0.47,-64.6,-51.4,24.5,40.0,-96.1,,0.0,123.0,1
D002608,4.8,1206.0,1.26,28.0,0.46,-65.7,-50.8,22.7,43.0,-96.1,,0.0,130.0,1
D002609,5.1,1166.0,1.18,30.0,0.56,-66.3,-50.4,23.2,46.0,-92.8,10.7,1.0,126.0,1
D002610,5.4,1197.0,1.08,27.0,0.58,-65.1,-51.0,24.3,41.0,-95.2,11.3,1.0,123.0,1
D002611,3.9,1278.0,1.31,39.5,0.46,-67.4,-46.6,28.2,57.0,-94.2,13.6,1.0,140.0,0
D002612,5.2,1224.0,1.07,27.0,0.56,-65.5,-49.6,23.2,49.0,-94.9,8.3,1.0,124.0,0
D002613,6.4,1170.0,1.55,32.5,0.41,-69.2,-47.2,21.5,56.0,-94.0,5.8,1.0,119.0,1
D002614,5.5,1150.0,1.21,29.0,0.48,-64.2,-49.3,24.3,39.0,-95.8,7.6,0.0,139.0,1
D002615,4.6,1165.0,1.24,27.5,0.49,-65.0,-49.8,26.1,46.0,-96.0,10.6,0.0,121.0,1
D002616,6.4,1238.0,1.28,31.5,0.63,-67.2,-48.5,25.3,43.0,-96.4,11.9,0.0,135.0,1
D002617,4.7,1225.0,1.2,27.0,0.43,-63.6,-52.0,23.7,43.0,-94.5,4.8,1.0,132.0,1
D002618,4.5,1141.0,0.92,28.0,0.49,-64.8,-48.7,24.2,42.0,-94.8,10.4,1.0,132.0,1
D002619,5.0,1183.0,1.13,29.5,0.49,-65.6,-49.6,23.3,41.0,-95.3,5.5,1.0,129.0,1
D002620,5.4,1199.0,,28.5,0.48,-65.7,-49.1,24.8,43.0,-95.4,12.3,0.0,125.0,1
D002621,5.9,1142.0,1.34,37.5,0.66,-66.3,-54.8,20.0,,-90.3,22.9,0.0,126.0,0
D002622,5.1,,0.96,27.5,0.5,-65.3,-49.3,23.1,46.0,-97.3,11.8,1.0,126.0,1
D002623,3.9,1018.0,0.8,37.5,0.64,-65.1,-46.0,28.1,30.0,,0.3,1.0,110.0,1
D002624,5.3,1142.0,1.1,27.0,0.42,-64.6,-53.1,25.6,44.0,-96.3,5.0,1.0,137.0,1
D002625,4.2,1137.0,1.09,28.0,0.49,-64.7,-49.5,22.4,43.0,-95.7,7.8,0.0,121.0,1
D002626,4.5,1091.0,1.2,35.5,0.38,-66.1,-48.9,26.1,34.0,,12.4,1.0,101.0,0
D002627,4.3,1147.0,1.11,24.5,0.47,-65.5,-50.8,23.3,46.0,-93.7,9.0,0.0,129.0,1
D002628,4.5,1173.0,1.05,31.0,0.45,-66.3,-50.2,,49.0,-96.7,8.4,1.0,133.0,1
D002629,5.0,1257.0,1.18,28.5,0.49,-65.4,-50.2,24.4,42.0,-94.9,6.9,1.0,127.0,1
D002630,4.9,1196.0,1.1,27.0,0.46,-65.8,-53.3,23.3,40.0,-96.9,9.0,1.0,119.0,1
D002631,5.2,1208.0,1.11,33.0,0.5,-67.2,-49.1,23.7,47.0,-94.8,7.7,0.0,126.0,0
D002632,4.8,1191.0,0.84,26.5,0.49,-65.2,-49.6,23.4,44.0,-96.8,9.8,1.0,127.0,1
D002633,5.8,1109.0,0.81,34.0,,-65.9,-48.2,22.8,50.0,-99.7,17.7,1.0,137.0,1
D002634,3.2,1049.0,1.29,30.5,0.34,-69.5,-47.8,22.6,54.0,-99.6,0.1,0.0,126.0,1
D002635,3.8,1252.0,1.18,29.5,0.48,-65.0,-49.3,24.7,41.0,-95.6,7.0,1.0,127.0,1
D002636,4.9,1147.0,1.14,25.5,0.43,-68.1,-50.0,24.3,40.0,-94.0,10.0,1.0,125.0,1
D002637,4.9,1185.0,1.08,27.0,0.51,-64.4,-49.3,23.6,46.0,-95.3,11.0,0.0,127.0,1
D002638,5.4,1129.0,1.08,27.0,0.48,-66.5,-50.0,23.7,50.0,-95.3,12.9,1.0,133.0,1
D002639,4.5,1045.0,1.14,34.0,0.59,-68.8,-50.2,20.3,35.0,-93.4,23.5,1.0,107.0,0
D002640,5.0,1224.0,0.99,29.0,0.48,-67.5,-51.0,24.6,38.0,-96.8,8.1,1.0,136.0,1
D002641,3.7,1115.0,1.16,38.5,0.63,-62.7,-54.8,26.8,41.0,-90.2,1.3,0.0,148.0,1
D002642,4.8,1186.0,0.98,26.0,0.53,-63.7,-51.6,22.9,43.0,-94.4,8.8,1.0,128.0,1
D002643,6.3,1137.0,0.85,22.5,0.35,-67.8,-53.4,23.9,58.0,-95.3,13.9,0.0,150.0,1
D002644,5.3,1208.0,0.91,28.5,0.45,-65.2,-50.0,22.6,47.0,-96.7,11.0,0.0,125.0,1
D002645,5.2,1211.0,0.99,32.0,0.5,-64.9,-48.4,24.0,44.0,-96.2,7.4,1.0,133.0,1
D002646,6.3,1083.0,0.96,39.5,0.65,-64.2,-52.9,21.2,32.0,-90.3,21.4,0.0,130.0,0
D002647,5.2,1113.0,1.09,31.5,0.46,-64.7,-49.7,22.5,42.0,-98.1,6.2,1.0,127.0,1
D002648,5.0,1181.0,1.09,30.5,0.45,-66.3,-50.8,25.0,45.0,-94.3,14.2,1.0,133.0,1
D002649,5.1,1233.0,1.2,32.5,0.46,-65.3,-50.9,24.3,43.0,-96.7,10.7,1.0,124.0,1
D002650,6.8,1358.0,1.24,33.0,0.46,-69.6,-49.6,24.3,31.0,-91.7,,1.0,106.0,1
D002651,5.1,1212.0,1.17,27.0,0.53,-65.1,-48.0,25.5,44.0,-94.4,11.9,1.0,129.0,1
D002652,4.9,1154.0,1.21,26.5,0.51,-64.7,-51.8,24.5,40.0,-96.3,10.2,0.0,130.0,1
D002653,5.5,1202.0,1.04,26.5,0.55,-66.1,-50.5,22.9,42.0,-95.9,9.0,1.0,120.0,1
D002654,7.0,1216.0,1.23,32.5,0.47,-67.2,-49.9,21.7,46.0,-92.7,15.6,0.0,134.0,1
D002655,4.2,1332.0,1.0,33.0,0.6,-60.5,-54.6,23.4,,-97.6,23.6,1.0,116.0,0
D002656,5.1,1235.0,0.99,27.5,0.44,,-49.8,23.3,47.0,-95.7,9.3,1.0,142.0,1
D002657,4.6,1133.0,1.17,27.0,0.45,-67.3,-48.7,23.1,42.0,-94.8,9.7,0.0,122.0,1
D002658,6.3,1384.0,1.02,27.0,0.35,-64.3,-45.2,21.2,47.0,-91.8,15.6,1.0,136.0,0
D002659,4.7,1276.0,1.18,31.0,0.4,-65.0,-48.5,24.7,42.0,-95.1,5.7,0.0,123.0,1
D002660,4.2,1349.0,1.6,27.5,0.46,-64.4,-47.4,20.1,44.0,-92.8,15.5,1.0,121.0,0
D002661,4.4,1129.0,1.0,30.0,0.46,-64.9,-51.1,23.8,42.0,-97.3,10.6,1.0,126.0,1
D002662,5.2,1288.0,0.98,28.5,0.46,-65.6,-52.1,27.7,40.0,-98.8,6.1,1.0,129.0,1
D002663,4.7,1181.0,1.19,29.5,0.5,-65.4,-49.3,25.0,43.0,-95.8,8.0,1.0,122.0,1
D002664,5.1,1117.0,1.13,30.0,0.55,-64.5,-48.6,24.5,45.0,-95.6,6.8,0.0,133.0,1
D002665,4.6,1160.0,1.11,31.0,0.41,-66.8,-50.3,22.0,45.0,-96.4,9.3,0.0,123.0,1
D002666,5.1,1179.0,0.96,28.5,0.46,-65.5,-50.2,25.4,47.0,-96.4,11.9,0.0,125.0,1
D002667,3.7,1237.0,1.04,30.5,0.49,-63.6,-49.4,24.7,40.0,-95.2,10.2,0.0,130.0,1
D002668,4.4,1194.0,1.24,27.5,0.51,-65.4,-49.7,23.5,50.0,-94.9,,0.0,133.0,1
D002669,4.5,1212.0,1.03,27.5,0.48,-65.0,-51.2,24.1,42.0,,8.6,0.0,124.0,1
D002670,4.9,1205.0,1.15,30.0,0.52,-65.5,-51.1,22.3,46.0,-95.1,15.2,0.0,134.0,1
D002671,5.5,1290.0,1.12,23.0,0.54,-63.4,-46.2,23.8,32.0,-95.2,10.3,0.0,129.0,1
D002672,5.3,1099.0,1.33,25.0,0.64,-65.3,-54.3,26.2,41.0,-95.5,4.3,0.0,112.0,0
D002673,4.8,1171.0,1.14,23.5,0.52,-61.9,-48.5,22.2,40.0,,14.8,0.0,137.0,0
D002674,5.9,1357.0,1.09,23.5,0.43,-67.0,-54.8,22.9,49.0,-99.5,3.6,1.0,141.0,1
D002675,6.3,1261.0,1.32,33.5,0.61,-65.4,-48.9,21.6,34.0,-96.4,,1.0,139.0,1
D002676,6.7,1080.0,1.46,22.5,0.32,-64.3,-48.2,20.5,60.0,-98.2,6.5,0.0,135.0,0
D002677,4.8,1117.0,1.21,31.0,0.47,-66.1,-50.5,23.7,45.0,-94.3,6.5,0.0,137.0,1
D002678,4.7,1229.0,1.07,30.0,0.45,-66.4,-51.8,25.0,44.0,-95.4,10.9,0.0,130.0,1
D002679,5.2,1220.0,1.01,28.5,0.5,-66.2,-50.2,,48.0,-95.8,14.3,1.0,,1
D002680,4.8,1239.0,,28.5,0.45,-65.5,-50.9,25.1,45.0,-96.2,10.3,1.0,134.0,0
D002681,5.0,1183.0,1.07,33.5,0.49,-66.5,,24.6,44.0,-94.9,10.0,0.0,131.0,1
D002682,4.0,1077.0,1.11,38.0,0.45,-63.5,-53.4,28.0,56.0,-90.6,8.4,0.0,116.0,0
D002683,4.7,1338.0,0.96,30.5,0.7,-70.0,-53.8,29.5,57.0,-97.8,21.1,1.0,109.0,0
D002684,5.9,1267.0,1.59,23.5,0.48,-67.6,-51.4,21.3,51.0,-90.4,7.9,1.0,131.0,1
D002685,5.1,1062.0,1.37,35.5,0.31,-69.0,-46.9,24.6,35.0,-96.6,17.0,0.0,128.0,1
D002686,4.4,1144.0,1.16,30.0,0.41,-66.0,-49.2,25.5,47.0,-94.8,3.3,1.0,138.0,1
D002687,6.2,1354.0,1.56,37.0,0.5,-68.5,-52.5,23.2,59.0,-94.8,2.2,1.0,115.0,1
D002688,6.6,1011.0,0.86,33.0,0.55,-65.4,-51.3,28.2,46.0,-93.5,11.9,1.0,100.0,1
D002689,4.3,1206.0,1.09,28.5,0.53,-67.2,-49.1,24.3,42.0,-95.0,7.2,0.0,135.0,1
D002690,4.5,1172.0,1.15,32.0,0.52,-64.8,-49.1,25.2,40.0,-95.8,,1.0,127.0,1
D002691,5.3,1173.0,1.07,26.0,0.5,-65.3,-49.7,23.4,40.0,-94.4,7.6,0.0,128.0,1
D002692,4.2,1169.0,1.16,28.0,0.37,-65.7,-49.5,24.5,40.0,-94.8,11.0,1.0,127.0,0
D002693,4.3,1362.0,1.22,23.5,0.44,-65.1,-47.3,29.2,40.0,-90.4,14.2,0.0,126.0,0
D002694,4.6,1161.0,1.21,26.0,0.47,-67.1,-49.0,23.2,48.0,-96.0,12.3,1.0,128.0,0
D002695,4.7,1169.0,1.07,31.0,0.53,-65.5,,23.0,45.0,-95.7,6.8,1.0,133.0,1
D002696,5.2,1204.0,1.02,31.0,0.48,-66.0,-51.1,25.0,46.0,,9.7,0.0,123.0,1
D002697,5.3,1099.0,1.09,28.5,0.51,-63.8,-50.5,25.1,47.0,-95.6,,0.0,127.0,1
D002698,5.9,1200.0,1.19,33.0,0.55,-67.6,-49.0,23.7,48.0,-95.7,7.0,0.0,129.0,1
D002699,4.4,1171.0,1.08,28.0,0.45,-64.9,-49.7,24.4,45.0,-95.6,11.7,1.0,119.0,0
D002700,4.9,1218.0,0.94,25.5,0.45,-64.2,-50.0,24.4,47.0,-95.9,7.5,1.0,129.0,1
D002701,4.9,1179.0,1.2,29.0,0.42,-63.9,-50.6,24.2,43.0,-95.2,9.5,1.0,127.0,1
D002702,4.4,1177.0,1.07,28.5,0.47,-65.8,-51.1,25.8,46.0,-97.0,10.1,1.0,132.0,1
D002703,4.8,1114.0,1.12,31.0,0.47,-65.8,-48.6,24.2,38.0,-95.6,9.2,0.0,136.0,1
D002704,3.7,1192.0,1.15,33.5,0.37,-62.7,-50.1,21.4,60.0,-99.1,14.1,1.0,106.0,0
D002705,4.9,1161.0,1.18,28.0,0.47,-66.1,-49.3,22.4,43.0,-95.0,9.0,0.0,132.0,1
D002706,4.6,1221.0,1.14,30.0,0.48,-65.0,-51.9,24.3,44.0,-94.2,3.4,0.0,125.0,0
D002707,4.7,1215.0,1.03,22.5,0.34,-66.6,-45.4,23.7,47.0,-98.5,8.7,1.0,124.0,0
D002708,4.8,1180.0,1.05,,0.49,-64.8,-49.1,24.8,43.0,-94.7,9.1,1.0,132.0,1
D002709,4.9,1150.0,1.19,31.5,0.5,-67.4,-50.1,24.2,45.0,-95.4,9.4,1.0,131.0,1
D002710,3.9,1159.0,1.2,32.0,0.54,-66.3,-50.3,26.2,39.0,-95.3,11.6,0.0,127.0,1
D002711,4.6,1202.0,1.0,28.0,0.44,-64.4,-49.7,24.7,45.0,-93.9,13.4,1.0,125.0,0
D002712,5.3,1297.0,1.37,38.0,0.33,-63.3,-47.0,22.8,31.0,-94.3,19.0,0.0,107.0,0
D002713,4.0,1058.0,1.19,33.0,0.5,-65.8,-50.6,24.8,48.0,-98.0,21.5,1.0,132.0,0
D002714,5.1,1173.0,1.16,30.0,0.46,-65.4,-50.0,24.9,42.0,-95.5,7.7,0.0,130.0,1
D002715,4.3,1200.0,1.15,27.5,0.44,-66.8,-51.6,23.3,45.0,-94.2,8.3,1.0,129.0,0
D002716,4.5,1200.0,1.08,28.5,0.45,-65.4,-49.1,23.6,46.0,-94.8,10.8,0.0,129.0,0
D002717,4.3,,0.99,28.5,0.47,-67.3,-50.9,23.7,43.0,-94.1,9.1,1.0,133.0,1
D002718,3.9,1366.0,1.23,37.0,0.36,-68.0,-48.8,28.3,46.0,-98.9,16.6,1.0,148.0,0
D002719,5.3,1116.0,1.37,23.5,0.48,-65.5,-51.6,23.7,44.0,-95.0,6.0,0.0,122.0,1
D002720,3.5,1292.0,1.11,,0.42,-66.0,-48.3,24.7,30.0,-93.8,21.6,1.0,142.0,0
D002721,5.1,1139.0,1.06,27.0,0.47,-65.7,-50.3,24.0,47.0,-97.5,14.6,1.0,135.0,1
D002722,3.2,1376.0,1.3,27.5,0.66,-63.8,-45.7,21.6,40.0,-96.5,0.7,0.0,150.0,0
D002723,4.5,1074.0,1.0,30.5,0.52,-64.8,-50.6,23.1,38.0,-95.6,8.1,1.0,123.0,1
D002724,5.2,1185.0,1.11,30.5,0.47,-64.8,-50.4,24.3,47.0,-94.3,10.6,1.0,136.0,1
D002725,5.2,1150.0,1.09,29.5,0.54,-66.8,-49.4,22.2,42.0,-97.3,10.2,1.0,123.0,1
D002726,4.8,1127.0,0.97,34.0,0.52,-65.6,-50.3,23.2,41.0,-94.7,6.4,1.0,122.0,1
D002727,4.8,1205.0,1.07,27.0,0.41,-64.8,-49.4,26.0,45.0,-96.1,6.7,1.0,131.0,1
D002728,4.0,1097.0,0.94,28.0,0.3,-60.5,-53.7,24.9,57.0,-97.8,4.7,1.0,149.0,0
D002729,4.4,1154.0,,28.5,0.44,-65.1,-48.9,24.5,46.0,-95.0,5.7,0.0,,1
D002730,3.9,1219.0,,28.5,0.45,-64.9,-50.3,25.1,47.0,-94.2,11.3,0.0,126.0,1
D002731,5.4,1181.0,1.16,29.5,0.46,-64.0,-51.4,23.8,45.0,-94.1,10.1,1.0,120.0,1
D002732,4.7,1245.0,1.02,29.5,0.48,-66.3,-48.2,25.8,50.0,-94.5,6.1,1.0,129.0,1
D002733,4.3,1200.0,1.16,31.5,0.59,-63.5,-51.4,23.2,45.0,-96.0,7.0,1.0,127.0,0
D002734,5.1,1135.0,1.03,30.0,0.48,-64.9,-49.8,23.5,49.0,-95.3,5.6,0.0,126.0,1
D002735,5.0,1202.0,1.18,29.5,0.56,-65.2,-50.1,25.6,49.0,-95.7,6.4,1.0,126.0,0
D002736,5.1,1238.0,1.09,31.5,0.51,-64.9,-50.0,24.1,45.0,-95.4,12.7,0.0,123.0,1
D002737,5.1,1047.0,1.36,25.0,0.41,-66.3,-52.0,27.2,55.0,-92.9,22.5,1.0,120.0,0
D002738,5.2,1203.0,0.95,28.5,0.54,-65.3,-49.7,24.6,50.0,-92.8,7.0,0.0,136.0,1
D002739,5.4,1197.0,1.2,36.5,0.34,-63.9,-49.1,29.5,33.0,-94.2,2.0,0.0,128.0,0
D002740,5.1,1154.0,1.0,27.0,0.44,-65.7,-50.3,24.1,42.0,-94.5,10.2,1.0,129.0,1
D002741,3.5,1179.0,1.16,28.0,0.4,-66.1,-47.3,24.1,53.0,-99.9,8.9,0.0,106.0,0
D002742,4.7,1163.0,1.18,28.5,0.49,-65.7,-50.9,23.4,44.0,-95.1,11.9,0.0,132.0,1
D002743,3.6,1206.0,1.56,40.0,0.34,-66.6,-54.5,22.8,30.0,-96.9,11.1,0.0,136.0,1
D002744,5.1,1141.0,1.17,27.5,0.51,-64.6,-48.1,22.9,43.0,-95.4,4.2,1.0,128.0,1
D002745,4.4,1132.0,0.91,31.5,0.56,-66.3,-51.2,23.2,48.0,-94.5,7.6,0.0,139.0,1
D002746,5.0,1227.0,1.21,29.5,0.46,-66.3,-50.7,23.3,41.0,-97.8,9.1,1.0,126.0,1
D002747,5.8,1244.0,1.5,35.0,0.65,-68.6,-49.6,20.4,37.0,-98.7,18.1,0.0,110.0,0
D002748,4.5,1225.0,1.21,28.5,0.49,,-48.7,22.8,42.0,-95.9,10.3,1.0,,0
D002749,4.9,1139.0,1.16,28.5,0.47,-66.7,-49.5,24.3,42.0,-95.4,9.7,0.0,137.0,1
D002750,4.4,1132.0,1.19,30.5,0.54,-66.1,-48.7,23.2,44.0,-96.0,11.9,1.0,124.0,1
D002751,4.5,1150.0,1.07,27.0,0.46,-65.9,-48.7,23.2,41.0,,3.9,1.0,128.0,1
D002752,5.5,1105.0,1.56,22.0,0.32,-67.1,-52.0,28.3,56.0,-90.5,19.3,1.0,120.0,0
D002753,5.7,1184.0,1.19,27.0,0.41,-65.7,-51.7,25.4,41.0,-94.0,9.5,0.0,136.0,1
D002754,4.5,1184.0,1.09,32.5,0.49,-64.8,-47.5,24.2,47.0,-95.4,5.1,0.0,129.0,1
D002755,4.4,1160.0,1.12,31.0,0.5,-64.2,-49.2,23.8,47.0,-95.7,12.1,1.0,123.0,0
D002756,5.2,1172.0,1.11,26.5,0.45,-64.7,-50.4,24.0,42.0,-95.5,10.0,0.0,129.0,1
D002757,3.3,,1.49,20.5,0.49,-67.2,-45.2,26.1,60.0,-95.5,11.7,1.0,129.0,0
D002758,5.1,1176.0,1.06,29.0,0.45,-63.7,-49.9,23.2,41.0,-94.9,11.6,0.0,123.0,1
D002759,3.8,1171.0,1.16,27.0,0.44,-65.7,-49.8,25.0,42.0,-96.1,8.9,1.0,123.0,1
D002760,4.8,1184.0,1.1,28.0,0.54,-65.3,-51.0,23.0,43.0,-97.8,12.3,1.0,129.0,1
D002761,5.4,1165.0,1.12,26.0,0.45,-67.3,-48.5,25.0,49.0,-97.1,8.4,1.0,128.0,1
D002762,6.2,1379.0,1.35,23.5,0.67,-66.5,-47.1,28.1,59.0,-91.6,23.4,0.0,149.0,0
D002763,5.1,1145.0,1.02,30.0,0.38,-63.8,-50.7,20.8,47.0,-97.8,16.3,0.0,103.0,0
D002764,5.8,1178.0,1.07,29.5,,-64.9,-49.6,24.3,48.0,-94.9,,0.0,127.0,1
D002765,5.1,1128.0,1.05,28.0,0.5,-65.0,-47.9,25.1,46.0,-93.6,10.4,1.0,124.0,0
D002766,6.7,1146.0,1.45,34.5,0.38,-69.8,-47.7,22.3,45.0,-96.8,18.0,1.0,141.0,1
D002767,4.8,1176.0,1.09,30.0,0.5,-65.6,-49.5,23.9,41.0,-94.3,8.4,0.0,131.0,0
D002768,6.3,1276.0,1.01,36.5,0.65,-64.5,-50.1,26.5,58.0,-97.7,20.7,0.0,134.0,1
D002769,5.2,1148.0,0.98,33.0,0.47,-64.5,-50.3,24.8,47.0,-95.7,6.6,0.0,121.0,1
D002770,5.2,1152.0,1.26,27.0,0.46,-65.8,-50.0,23.7,45.0,-96.5,8.6,1.0,120.0,1
D002771,4.3,1146.0,1.07,27.0,0.5,-65.1,,23.4,48.0,,11.2,0.0,126.0,0
D002772,5.1,1189.0,1.18,31.5,0.4,-64.5,-51.2,23.8,44.0,-93.7,12.8,1.0,134.0,0
D002773,4.7,1258.0,,25.0,0.36,-67.2,-48.9,20.2,59.0,-99.2,10.6,0.0,129.0,0
D002774,4.0,1197.0,1.18,27.5,0.52,-65.5,-50.7,24.7,43.0,-93.8,9.1,1.0,123.0,0
D002775,6.6,1310.0,1.37,27.5,0.61,-65.5,-47.0,23.3,58.0,-96.5,13.2,1.0,124.0,0
D002776,5.6,1202.0,1.17,32.5,,-64.9,-48.1,24.6,46.0,-94.4,6.7,1.0,130.0,1
D002777,5.4,1237.0,1.17,29.5,0.46,-65.7,-50.3,25.2,39.0,-96.1,9.4,1.0,128.0,1
D002778,4.4,1226.0,1.11,30.0,0.52,-65.6,-50.6,23.8,45.0,-96.3,10.2,1.0,133.0,1
D002779,6.2,1129.0,1.19,,0.33,-68.5,-48.8,27.7,49.0,-99.7,6.4,1.0,141.0,1
D002780,5.6,1375.0,1.27,28.5,0.56,-61.0,-45.4,25.9,58.0,-94.7,1.3,1.0,140.0,1
D002781,4.0,1164.0,1.12,31.5,0.43,-66.0,-50.2,23.3,46.0,-96.1,7.3,,137.0,1
D002782,3.9,1199.0,0.86,33.0,0.48,-65.3,-50.5,23.9,47.0,-96.4,7.5,1.0,132.0,1
D002783,6.5,1298.0,0.84,30.0,0.59,-69.2,-53.4,26.8,59.0,-93.2,14.3,1.0,147.0,1
D002784,4.8,1170.0,0.98,31.0,0.59,-66.3,-48.6,22.7,42.0,-96.8,10.5,1.0,135.0,1
D002785,4.0,1201.0,1.09,31.5,0.5,-65.9,-50.5,24.9,46.0,-95.4,6.3,0.0,140.0,1
D002786,4.9,1139.0,0.97,32.5,0.44,-66.1,-50.2,24.1,47.0,-96.2,10.9,1.0,130.0,1
D002787,5.1,,1.04,32.0,0.38,-65.0,-51.9,23.4,43.0,-95.3,10.2,1.0,129.0,1
D002788,4.9,1141.0,1.02,28.0,0.52,-65.2,-51.2,23.7,46.0,-94.3,12.0,1.0,116.0,1
D002789,4.2,1194.0,1.1,29.0,0.51,-65.4,-49.2,22.0,42.0,-95.0,9.1,0.0,133.0,1
D002790,4.7,1176.0,1.13,27.0,0.43,-65.4,-50.2,22.5,50.0,-98.6,8.1,1.0,130.0,1
D002791,3.7,1279.0,1.52,29.0,0.36,-63.4,-52.3,29.1,47.0,-96.2,22.9,1.0,130.0,0
D002792,5.1,1148.0,1.12,31.0,0.48,-64.5,-48.3,24.7,40.0,-94.9,9.4,1.0,134.0,0
D002793,4.8,1219.0,1.11,30.5,0.53,-64.8,-50.3,23.6,46.0,-95.5,15.1,,131.0,1
D002794,4.0,1334.0,,24.0,0.38,-68.3,-48.9,20.9,36.0,-97.5,3.9,0.0,105.0,0
D002795,4.5,1235.0,1.17,29.0,0.5,-64.2,,23.6,47.0,-97.2,8.6,1.0,118.0,0
D002796,4.1,1082.0,1.2,38.0,0.34,-64.3,-53.5,26.7,48.0,,20.6,0.0,106.0,0
D002797,4.9,1098.0,1.58,31.0,0.57,-63.2,-52.1,27.1,33.0,,20.3,0.0,101.0,0
D002798,4.5,1355.0,1.58,35.5,0.48,-61.2,-52.6,27.1,54.0,-90.1,8.6,1.0,125.0,0
D002799,4.4,1169.0,1.2,29.5,0.41,-65.3,-51.9,24.3,39.0,-96.6,,1.0,131.0,0
D002800,6.0,1287.0,0.84,21.0,0.56,-60.5,-51.8,24.3,48.0,-93.7,6.6,1.0,121.0,0
D002801,4.3,1218.0,0.96,28.0,0.5,-65.3,-49.5,24.7,46.0,-95.0,7.4,1.0,125.0,1
D002802,5.2,1206.0,1.23,30.5,0.47,-66.3,-50.7,24.5,40.0,-96.5,9.0,0.0,126.0,1
D002803,4.5,1181.0,1.03,27.5,0.46,-65.4,-51.2,24.2,37.0,-94.9,12.6,1.0,118.0,0
D002804,5.1,1173.0,1.2,28.0,0.5,,-49.5,21.6,41.0,-95.1,12.5,1.0,130.0,1
D002805,5.8,1377.0,1.55,21.0,0.37,-66.5,-51.3,20.4,46.0,-96.9,0.7,0.0,127.0,0
D002806,3.4,1177.0,1.53,34.5,0.6,-68.7,-50.7,20.9,41.0,-95.6,15.3,1.0,130.0,0
D002807,5.2,1125.0,1.18,29.0,0.42,-64.0,-48.4,24.4,43.0,-94.9,5.1,0.0,131.0,1
D002808,4.8,1087.0,0.87,27.0,0.48,-64.4,,23.9,42.0,-96.5,10.5,0.0,118.0,1
D002809,4.7,1235.0,1.21,30.0,0.51,-66.0,-50.2,25.4,48.0,-95.6,7.4,0.0,129.0,1
D002810,5.3,1195.0,1.08,29.0,0.48,-65.1,-50.1,24.1,41.0,-95.4,11.9,1.0,122.0,1
D002811,4.9,1142.0,1.11,26.5,0.53,-62.8,-50.9,24.1,39.0,-95.2,,1.0,131.0,1
D002812,3.7,1284.0,1.39,22.0,0.54,-65.6,-54.2,28.1,47.0,-98.9,8.7,0.0,135.0,0
D002813,5.8,1161.0,1.13,25.5,0.45,-68.9,,26.8,,-97.3,9.0,0.0,103.0,1
D002814,3.3,1213.0,1.16,28.5,0.39,-64.2,-52.4,22.3,44.0,-90.4,0.7,1.0,146.0,1
D002815,4.3,1181.0,1.06,26.5,0.45,-64.5,-50.3,23.7,43.0,-94.3,8.7,1.0,121.0,1
D002816,4.7,1205.0,1.1,27.5,0.41,-63.4,-50.0,22.4,40.0,-95.5,12.5,1.0,134.0,1
D002817,3.2,1298.0,1.37,22.5,0.54,-68.6,-51.5,27.0,39.0,-93.1,10.1,1.0,120.0,0
D002818,5.0,1228.0,1.06,29.5,0.47,-63.5,-49.6,25.3,40.0,-94.1,9.3,1.0,128.0,1
D002819,6.0,1175.0,1.0,30.0,0.42,-68.2,-48.2,25.1,45.0,-94.3,10.8,1.0,131.0,1
D002820,4.9,1158.0,1.09,27.5,0.5,-64.9,-50.1,22.8,43.0,-95.8,8.2,1.0,127.0,1
D002821,4.6,1267.0,0.92,29.0,0.54,-64.9,-51.3,23.7,46.0,-93.9,11.2,1.0,128.0,1
D002822,4.4,1202.0,1.15,29.0,0.49,-66.6,,26.6,47.0,-94.8,10.7,0.0,138.0,1
D002823,5.2,1159.0,1.0,30.0,0.49,-66.0,-50.9,23.3,46.0,-96.0,8.6,1.0,124.0,1
D002824,5.5,1189.0,1.15,28.0,0.5,-63.8,-50.7,24.2,49.0,-95.2,8.4,1.0,128.0,1
D002825,4.1,1217.0,1.12,28.5,0.45,-66.1,-50.2,,41.0,-95.7,10.5,1.0,124.0,1
D002826,,1120.0,1.16,,0.54,-65.7,-50.0,24.5,42.0,-94.9,6.3,1.0,124.0,1
D002827,4.4,1056.0,1.44,33.5,0.62,-65.2,-48.8,26.3,47.0,-96.3,20.5,0.0,138.0,0
D002828,4.5,1170.0,0.93,32.5,0.5,-66.7,-51.0,24.6,43.0,-95.7,6.3,1.0,120.0,1
D002829,4.7,1119.0,1.06,28.0,0.49,-66.0,-49.5,25.8,49.0,-95.8,8.4,1.0,136.0,0
D002830,5.1,1217.0,1.09,29.5,0.47,-65.7,-49.2,24.3,43.0,-94.9,7.8,1.0,130.0,1
D002831,5.8,1024.0,1.18,30.5,0.7,-63.9,-46.2,25.6,38.0,-97.0,0.2,0.0,117.0,0
D002832,3.5,1310.0,0.89,39.0,0.6,-69.9,-54.2,24.4,60.0,-97.1,6.1,0.0,143.0,1
D002833,4.7,1361.0,0.98,37.0,0.6,-68.6,-48.7,24.4,53.0,-93.1,6.8,1.0,124.0,1
D002834,3.2,1083.0,1.3,30.0,0.33,-65.8,-52.1,29.2,46.0,-91.0,5.9,0.0,101.0,0
D002835,4.3,1161.0,1.16,32.5,0.49,-64.3,-52.0,24.8,43.0,-96.7,5.1,1.0,138.0,1
D002836,3.6,1034.0,,38.0,0.54,-61.7,-51.1,25.9,51.0,-98.5,16.1,0.0,138.0,1
D002837,4.4,1146.0,1.25,29.5,0.46,-65.6,-50.7,22.1,45.0,-95.4,8.1,1.0,122.0,0
D002838,4.8,1189.0,1.15,30.5,0.49,-64.8,-49.0,,45.0,-95.6,10.6,1.0,132.0,1
D002839,4.3,1150.0,1.03,28.0,0.4,-66.8,-48.7,22.9,45.0,-95.5,11.4,1.0,130.0,1
D002840,5.3,1233.0,1.32,36.0,0.43,-62.9,-54.2,20.3,51.0,-90.1,5.0,1.0,111.0,1
D002841,5.5,1210.0,1.02,29.5,0.49,-65.0,-49.4,24.7,44.0,-96.4,6.6,1.0,129.0,1
D002842,5.7,1168.0,1.08,30.0,0.44,-63.8,-51.0,24.0,46.0,-97.2,8.5,0.0,132.0,1
D002843,4.9,1260.0,1.05,28.0,0.43,-65.4,-49.1,22.8,47.0,-95.6,9.3,1.0,123.0,0
D002844,4.7,1141.0,1.16,29.0,0.5,-66.2,-49.2,23.6,42.0,-94.7,9.7,1.0,134.0,1
D002845,4.9,1194.0,1.08,26.5,0.51,-66.5,-49.4,22.5,39.0,-95.5,8.8,0.0,127.0,1
D002846,4.8,1155.0,0.93,26.0,0.45,-67.5,-50.2,24.8,44.0,-96.9,8.7,1.0,126.0,1
D002847,4.4,1171.0,1.16,26.0,0.43,-65.8,-49.5,23.2,48.0,-95.9,8.7,0.0,136.0,1
D002848,4.6,1130.0,1.12,32.0,0.47,-64.4,-51.0,25.7,43.0,-95.4,10.7,0.0,132.0,0
D002849,6.7,1256.0,1.11,33.5,0.35,-63.3,-46.2,21.1,56.0,-90.1,19.4,0.0,118.0,0
D002850,4.9,1156.0,1.07,,0.37,-65.4,-51.4,24.8,44.0,-94.7,6.1,1.0,119.0,0
D002851,5.7,1007.0,1.52,35.0,0.36,-67.7,-45.4,27.7,40.0,-97.0,21.5,1.0,122.0,0
D002852,7.0,1016.0,1.18,29.0,0.33,-65.6,-48.7,20.2,40.0,-99.5,6.4,1.0,117.0,0
D002853,5.2,1032.0,1.59,,0.49,-62.8,-50.8,22.7,51.0,-95.8,15.9,1.0,147.0,0
D002854,4.4,1093.0,1.49,22.0,0.31,-63.5,-47.3,24.8,34.0,-95.9,14.0,1.0,126.0,0
D002855,4.3,1246.0,1.11,27.5,0.52,-63.9,-50.4,24.5,42.0,-94.4,,0.0,127.0,0
D002856,4.6,1246.0,1.07,24.5,0.46,-65.7,-49.4,23.9,40.0,-95.1,10.2,0.0,121.0,1
D002857,4.6,1210.0,1.11,33.0,0.48,-65.2,-51.6,23.8,46.0,-94.2,10.9,1.0,128.0,1
D002858,4.2,1220.0,1.07,29.5,0.45,-65.5,-49.8,24.3,40.0,-96.6,12.2,1.0,120.0,0
D002859,3.4,1150.0,1.39,25.5,0.56,-62.9,-46.5,30.0,48.0,-92.8,13.0,1.0,143.0,0
D002860,5.0,1088.0,1.55,32.5,0.55,-65.0,-51.2,24.0,56.0,-98.1,7.2,1.0,128.0,0
D002861,3.5,1322.0,0.9,31.5,0.46,-66.7,-53.3,30.0,52.0,-99.5,7.5,0.0,140.0,0
D002862,4.7,1196.0,0.98,30.0,0.44,-64.7,-49.9,24.3,47.0,-93.7,9.7,0.0,129.0,1
D002863,4.6,1236.0,1.0,30.5,0.46,-64.9,-51.1,25.8,44.0,-96.1,11.7,1.0,132.0,1
D002864,4.9,1203.0,1.11,28.0,0.46,-65.9,-51.3,23.5,45.0,-94.6,10.3,1.0,130.0,1
D002865,5.3,1156.0,1.07,26.5,0.44,-63.2,-47.4,23.7,49.0,-95.5,9.9,0.0,130.0,0
D002866,4.1,1261.0,1.37,30.5,0.44,-60.8,-46.7,25.5,57.0,-92.3,14.9,0.0,117.0,0
D002867,5.0,1387.0,1.18,33.0,0.36,-60.5,-54.4,29.4,38.0,-96.9,13.4,0.0,132.0,0
D002868,4.7,1175.0,1.03,29.5,0.51,-64.5,-51.6,23.5,41.0,-95.4,7.7,1.0,123.0,1
D002869,4.3,1053.0,1.37,36.0,0.56,-69.9,-49.1,23.8,33.0,-91.7,15.5,0.0,123.0,1
D002870,4.9,1190.0,1.19,28.5,0.46,-65.9,,24.1,43.0,-96.2,9.7,,124.0,1
D002871,4.6,1158.0,1.03,32.0,0.44,-65.2,-49.9,24.6,47.0,-95.8,10.4,1.0,132.0,1
D002872,4.9,1155.0,1.22,29.5,0.47,-65.5,-49.5,23.5,49.0,-95.2,12.1,1.0,131.0,0
D002873,6.4,1351.0,1.42,38.0,0.6,-63.7,-53.9,22.4,55.0,-92.5,10.1,,122.0,0
D002874,4.7,1208.0,1.0,31.0,0.49,-66.2,-51.2,23.2,46.0,-94.9,11.1,0.0,121.0,1
D002875,3.1,1334.0,1.11,34.0,0.39,-65.6,-51.0,27.6,31.0,-90.7,8.5,1.0,132.0,0
D002876,5.2,1263.0,1.08,28.0,0.48,-65.1,-49.4,24.4,43.0,-95.6,7.4,1.0,126.0,1
D002877,6.6,1239.0,1.45,38.0,0.7,-63.2,-47.4,,51.0,-97.8,21.2,0.0,110.0,0
D002878,5.1,1149.0,1.13,29.5,0.5,-65.8,-49.5,24.2,44.0,-94.1,8.9,0.0,128.0,1
D002879,4.7,1219.0,1.29,39.0,0.62,-61.4,-53.2,22.4,49.0,-91.9,22.5,1.0,136.0,0
D002880,3.2,1063.0,1.56,,0.32,-61.7,-46.5,23.3,33.0,-94.7,10.1,1.0,109.0,0
D002881,5.4,1387.0,1.06,28.0,0.34,-63.8,-51.2,21.3,43.0,-95.1,7.7,0.0,118.0,1
D002882,4.9,1227.0,1.14,28.0,0.46,-67.3,-49.8,22.0,42.0,-97.6,9.4,0.0,133.0,1
D002883,4.6,1207.0,1.01,27.5,0.48,-66.7,-52.4,22.9,43.0,-97.0,12.7,0.0,125.0,1
D002884,5.6,1184.0,0.96,30.0,0.43,-62.9,-50.4,26.4,50.0,-97.6,6.7,1.0,120.0,1
D002885,4.7,1178.0,1.0,26.5,0.48,-65.6,-50.7,22.6,46.0,-96.9,8.7,0.0,129.0,1
D002886,4.6,1153.0,1.21,32.5,0.48,-65.4,-50.3,24.6,41.0,-96.0,9.5,0.0,129.0,1
D002887,,1176.0,1.2,28.5,0.43,-66.4,-48.9,21.6,39.0,-96.2,11.6,0.0,129.0,1
D002888,5.5,1202.0,1.2,29.0,0.53,-66.9,-50.5,25.1,44.0,-94.5,9.2,0.0,133.0,1
D002889,5.3,1168.0,1.08,30.0,0.49,-66.1,-50.9,24.7,43.0,-95.1,13.8,0.0,138.0,1
D002890,4.6,1154.0,1.12,31.5,0.47,-66.1,-50.5,24.6,,-95.0,6.0,0.0,126.0,1
D002891,5.0,1161.0,0.92,26.0,0.47,-64.7,-51.0,22.3,49.0,-96.3,7.4,1.0,130.0,0
D002892,3.2,1344.0,1.35,32.0,0.3,-69.7,-51.7,21.7,59.0,-96.1,15.2,1.0,107.0,0
D002893,4.9,1192.0,1.0,28.0,0.41,-65.3,-50.6,23.9,47.0,-97.2,7.8,1.0,137.0,1
D002894,4.4,1215.0,1.2,28.0,0.5,-66.3,-50.7,23.5,40.0,-94.8,10.8,1.0,122.0,1
D002895,5.4,1129.0,1.07,31.0,0.45,-67.5,-50.6,24.2,39.0,-94.3,5.9,0.0,128.0,1
D002896,4.5,1266.0,1.54,23.5,0.46,-66.1,-54.6,29.7,40.0,-97.0,15.5,0.0,137.0,0
D002897,5.1,1165.0,1.1,27.0,0.44,-64.4,-49.7,24.4,43.0,-96.1,6.9,1.0,116.0,1
D002898,4.9,1199.0,0.96,30.5,0.53,-67.3,-49.4,25.9,42.0,-95.1,10.3,0.0,132.0,1
D002899,,1142.0,1.12,29.0,0.49,-66.4,-47.9,26.2,45.0,-95.0,8.6,0.0,124.0,1
D002900,4.6,1260.0,1.25,24.0,0.5,-60.1,-46.6,,34.0,-90.3,11.5,0.0,118.0,0
D002901,5.2,1223.0,1.12,31.5,0.5,-65.7,-50.0,24.5,47.0,-95.0,9.7,0.0,129.0,1
D002902,4.9,1114.0,1.05,35.5,0.65,-65.0,-46.1,25.0,51.0,-94.2,13.5,1.0,101.0,0
D002903,5.1,1145.0,1.06,31.0,0.51,-65.3,-50.3,24.8,43.0,-94.9,7.3,0.0,131.0,1
D002904,4.6,1175.0,1.11,29.5,0.51,-66.4,-50.2,23.6,45.0,-97.7,7.4,0.0,122.0,1
D002905,6.8,1252.0,1.47,32.0,0.34,-63.8,-48.5,21.5,,-94.8,13.0,0.0,147.0,1
D002906,6.3,1083.0,1.13,28.5,0.65,-68.2,-48.9,25.1,41.0,-96.1,10.9,1.0,124.0,1
D002907,4.9,1248.0,1.17,29.5,0.58,-63.3,-50.6,25.2,44.0,-96.1,11.7,1.0,120.0,0
D002908,5.3,1221.0,1.05,26.0,0.55,-65.8,-49.8,24.2,48.0,-96.0,8.3,,135.0,1
D002909,4.5,1177.0,1.07,25.5,0.5,-66.0,-47.7,23.3,49.0,-95.5,11.0,1.0,130.0,0
D002910,5.0,1193.0,1.0,33.0,0.42,-65.5,-48.7,23.9,48.0,-94.3,14.0,0.0,127.0,1
D002911,5.0,1155.0,1.15,28.5,0.48,-66.2,-51.9,,48.0,-95.6,9.9,0.0,134.0,1
D002912,4.1,1160.0,1.01,27.0,0.45,-65.6,-48.8,22.5,45.0,-95.3,7.3,1.0,132.0,0
D002913,3.3,1147.0,1.12,38.0,0.63,-65.2,-47.2,23.9,41.0,-93.6,19.3,0.0,131.0,0
D002914,6.9,1112.0,1.26,34.5,0.64,-62.7,-50.0,29.6,58.0,-98.2,,0.0,149.0,0
D002915,4.4,1108.0,1.11,31.0,0.53,-60.2,-52.8,28.9,32.0,-91.5,8.4,1.0,147.0,0
D002916,5.0,1167.0,1.05,31.5,0.4,-64.1,-50.6,25.6,38.0,-94.7,4.8,0.0,132.0,1
D002917,,1205.0,1.12,33.5,0.48,-67.6,-51.3,23.0,43.0,-97.5,8.7,0.0,126.0,1
D002918,5.1,1181.0,1.1,27.0,0.47,-66.8,-48.8,26.3,40.0,-94.3,5.1,1.0,128.0,1
D002919,4.1,1151.0,0.92,29.0,0.6,-68.6,-51.8,27.0,50.0,-100.0,20.1,1.0,147.0,0
D002920,5.3,1190.0,1.08,30.0,0.42,-65.4,,26.7,40.0,-95.4,9.1,1.0,128.0,0
D002921,3.4,1288.0,1.35,37.0,0.56,-65.5,-53.0,26.3,33.0,-93.8,1.7,0.0,141.0,1
D002922,5.2,1235.0,1.01,32.5,0.49,-65.2,-50.8,24.4,49.0,-96.1,7.7,0.0,128.0,1
D002923,6.2,1204.0,1.51,32.0,0.53,-60.4,-52.1,26.3,42.0,-93.9,23.2,1.0,145.0,1
D002924,5.0,1176.0,1.02,31.0,0.5,-65.4,-49.9,24.9,40.0,-96.5,11.2,0.0,131.0,1
D002925,5.3,1236.0,1.05,28.0,0.52,-65.0,-50.1,24.8,47.0,-96.1,9.8,0.0,112.0,1
D002926,3.5,1388.0,0.91,39.0,0.44,-61.6,-51.7,26.8,47.0,-94.7,21.9,0.0,140.0,0
D002927,3.7,1062.0,1.42,40.0,0.43,-60.1,-53.7,21.2,35.0,-96.3,14.2,0.0,101.0,0
D002928,5.4,1207.0,1.07,30.0,,-65.6,-49.9,24.4,48.0,-95.5,,0.0,134.0,1
D002929,4.5,1070.0,1.49,35.0,0.32,-62.8,-50.3,23.5,32.0,-92.6,10.1,1.0,106.0,0
D002930,4.3,1114.0,1.1,30.0,0.55,-65.7,-49.6,22.9,44.0,-96.7,8.2,0.0,131.0,1
D002931,5.5,1041.0,1.27,37.0,0.51,-67.1,-46.2,25.2,35.0,-99.8,1.1,0.0,102.0,1
D002932,4.1,1171.0,0.89,25.0,0.42,-65.2,-49.1,24.1,44.0,-94.0,10.8,1.0,131.0,0
D002933,4.8,1329.0,1.16,28.5,0.47,-66.9,-49.0,23.3,46.0,-95.6,7.3,0.0,129.0,1
D002934,4.9,1192.0,1.12,29.5,0.5,-65.9,-49.3,23.8,45.0,-94.9,9.6,1.0,127.0,1
D002935,5.7,1109.0,1.15,26.0,0.44,-64.8,-51.6,21.7,45.0,-95.4,10.0,1.0,124.0,0
D002936,4.6,1232.0,1.04,31.0,0.47,-64.2,-49.2,26.0,48.0,-94.7,12.1,0.0,130.0,1
D002937,4.4,1158.0,0.92,29.0,0.39,-64.3,-48.7,24.8,45.0,-95.9,5.5,0.0,129.0,1
D002938,4.5,1153.0,1.19,29.5,0.53,-66.2,-49.4,23.4,42.0,-95.7,8.9,0.0,128.0,1
D002939,5.1,1139.0,1.03,28.5,0.39,-66.1,,20.0,53.0,-93.8,14.4,1.0,110.0,0
D002940,5.6,1349.0,1.28,39.0,0.67,-65.4,-48.5,28.4,54.0,-92.9,2.5,0.0,118.0,0
D002941,4.9,1147.0,1.05,30.5,0.31,-60.4,-48.0,29.3,31.0,-92.0,0.8,1.0,122.0,0
D002942,4.6,1167.0,1.09,31.0,0.46,-65.4,-50.4,24.9,46.0,-94.4,9.1,1.0,124.0,1
D002943,4.2,1172.0,1.04,26.5,0.4,-65.6,-49.7,23.5,,-95.5,8.6,0.0,129.0,0
D002944,5.8,1152.0,1.16,31.0,0.5,-65.4,-49.4,25.1,39.0,-95.7,,0.0,127.0,1
D002945,4.6,1130.0,1.16,27.5,0.48,-63.6,-49.8,23.0,42.0,-95.4,6.8,1.0,,1
D002946,5.3,1221.0,1.0,27.0,0.47,-65.7,-49.7,24.5,43.0,-95.7,6.7,1.0,127.0,1
D002947,5.1,1255.0,1.05,26.0,0.49,-64.5,-51.2,24.7,44.0,-97.3,9.3,0.0,127.0,1
D002948,6.2,1106.0,0.81,23.5,0.56,-67.8,-50.5,23.7,,-97.3,14.4,0.0,135.0,1
D002949,5.1,1169.0,1.12,25.5,0.53,-68.5,-51.1,24.1,47.0,-94.7,9.5,1.0,136.0,1
D002950,4.8,1386.0,1.15,37.5,0.65,-61.4,-49.1,22.9,45.0,-93.1,16.8,1.0,113.0,0
D002951,6.0,1342.0,1.36,24.5,0.6,-65.2,-52.0,26.3,50.0,-90.9,22.5,0.0,116.0,1
D002952,4.4,1223.0,1.29,30.0,0.59,-66.3,-49.9,25.7,46.0,-96.1,6.8,0.0,129.0,0
D002953,4.3,1258.0,1.39,29.0,0.49,-64.9,-47.8,25.4,40.0,-97.6,,1.0,136.0,1
D002954,5.7,1174.0,1.14,31.5,0.46,-65.1,-48.9,23.1,39.0,-95.2,5.3,1.0,133.0,1
D002955,4.7,1124.0,1.06,27.0,0.54,-68.3,-54.1,29.1,41.0,-93.2,14.1,1.0,109.0,0
D002956,4.7,1002.0,1.53,32.0,0.53,-67.0,-52.2,20.7,42.0,-92.0,5.4,1.0,121.0,0
D002957,3.0,1043.0,1.52,33.0,0.52,-66.3,-50.8,,49.0,-98.2,9.2,1.0,145.0,1
D002958,4.8,1192.0,1.1,26.0,0.44,-65.8,-53.1,24.2,43.0,-96.1,12.2,0.0,129.0,1
D002959,4.5,1189.0,1.07,27.0,0.5,-65.5,-49.8,23.8,47.0,-95.3,12.9,0.0,136.0,1
D002960,4.1,1089.0,1.04,30.0,0.46,-66.0,-49.6,23.9,46.0,-94.5,7.1,0.0,126.0,1
D002961,4.9,1168.0,1.11,30.5,0.55,-63.6,-49.3,23.5,47.0,-93.8,10.2,1.0,127.0,0
D002962,4.5,1227.0,1.25,,0.45,-66.1,,23.6,49.0,-94.6,9.0,0.0,130.0,1
D002963,5.4,1262.0,1.34,25.5,0.69,-65.7,-54.1,25.9,38.0,-98.9,2.4,0.0,137.0,1
D002964,4.2,1181.0,1.28,29.0,0.49,-65.2,-52.3,23.2,44.0,-95.2,5.4,1.0,133.0,1
D002965,3.5,1016.0,1.19,31.0,0.57,-60.6,-52.2,22.0,45.0,-99.1,6.8,1.0,112.0,0
D002966,5.0,1227.0,1.09,29.5,0.55,-67.1,-51.3,23.7,37.0,-96.1,9.6,1.0,129.0,1
D002967,6.5,1063.0,,31.0,0.57,-67.5,-47.2,25.2,,-92.6,3.6,1.0,126.0,1
D002968,5.1,1173.0,1.11,25.5,0.44,-67.1,-51.6,22.4,44.0,-95.5,7.9,0.0,128.0,1
D002969,4.9,1181.0,1.07,31.0,0.52,-66.8,-48.7,22.1,46.0,-95.4,9.3,0.0,123.0,1
D002970,4.4,1168.0,1.04,30.5,0.5,-65.0,-50.1,24.6,35.0,-96.0,14.4,1.0,128.0,1
D002971,4.8,1186.0,1.06,29.5,0.4,-65.7,-49.9,23.4,49.0,-95.6,9.1,0.0,133.0,1
D002972,4.2,1129.0,1.09,28.5,0.51,-64.6,-50.3,25.0,43.0,-96.6,9.0,1.0,,0
D002973,4.3,1186.0,0.97,32.0,0.52,-65.5,-49.1,23.3,44.0,-95.8,8.3,1.0,129.0,1
D002974,6.6,1325.0,0.93,20.0,0.4,-65.5,-51.8,27.2,37.0,-90.7,19.8,0.0,100.0,0
D002975,5.3,,1.35,39.0,0.39,-65.9,-48.4,20.1,33.0,-99.3,22.9,1.0,103.0,0
D002976,5.0,1151.0,1.58,24.5,0.56,-61.2,-54.3,29.6,42.0,-91.4,20.3,0.0,133.0,0
D002977,4.5,1168.0,1.09,30.5,0.52,-67.9,-50.6,25.4,33.0,-97.6,1.2,0.0,122.0,1
D002978,3.1,1140.0,1.26,38.5,0.45,-61.2,-46.1,28.3,46.0,-98.8,15.6,0.0,112.0,0
D002979,4.5,1220.0,0.93,27.5,0.45,-64.7,-50.4,23.9,48.0,-94.3,13.2,0.0,133.0,0
D002980,6.4,1218.0,1.16,23.0,0.36,-65.2,-52.2,26.0,52.0,-93.0,5.0,1.0,142.0,1
D002981,4.5,1154.0,1.04,24.0,0.47,-64.9,-49.2,24.7,40.0,-97.0,10.0,1.0,134.0,1
D002982,6.8,1059.0,1.48,37.0,0.34,-66.2,-53.8,27.8,32.0,-99.1,17.7,0.0,137.0,1
D002983,4.6,1211.0,1.09,28.5,0.46,-63.8,-50.3,22.5,41.0,-96.3,7.1,1.0,137.0,0
D002984,4.5,1213.0,0.99,29.5,0.46,-64.6,-51.4,24.8,50.0,-94.1,7.6,1.0,127.0,1
D002985,4.7,1253.0,1.13,27.5,0.47,-63.9,-49.7,23.4,44.0,-93.9,12.4,0.0,125.0,0
D002986,5.0,1148.0,1.08,31.5,0.56,-65.1,-51.0,25.4,43.0,-95.2,11.5,1.0,123.0,1
D002987,5.6,1317.0,1.27,29.0,0.7,-68.8,-48.8,22.9,44.0,-91.0,22.0,0.0,115.0,0
D002988,5.9,1022.0,1.02,25.5,0.34,-60.6,-46.4,24.5,,-92.6,5.3,0.0,145.0,0
D002989,5.6,1183.0,0.99,29.0,0.49,-64.3,-50.3,26.1,46.0,-94.9,7.0,1.0,127.0,1
D002990,4.8,1175.0,1.05,31.0,0.51,-65.9,-51.4,25.3,46.0,-96.1,7.4,1.0,131.0,1
D002991,6.2,1125.0,1.33,30.5,0.63,-60.0,-47.1,29.3,35.0,-96.8,19.2,0.0,109.0,0
D002992,4.6,1222.0,1.08,30.0,0.45,-64.2,-50.3,25.2,41.0,-96.4,8.3,0.0,124.0,1
D002993,4.7,1164.0,1.18,28.0,0.46,-64.9,-50.1,22.0,40.0,-96.1,4.9,,134.0,1
D002994,,1193.0,1.16,,0.43,-65.5,-49.1,24.6,46.0,-95.7,5.8,1.0,132.0,1
D002995,5.5,,0.97,30.0,0.47,-65.2,-50.1,23.7,47.0,-93.2,8.4,0.0,128.0,1
D002996,5.5,1192.0,1.04,27.0,0.47,-64.4,-50.7,25.3,41.0,-95.0,7.5,0.0,129.0,1
D002997,6.3,1213.0,1.17,24.0,0.4,-68.4,-48.4,25.0,58.0,-94.6,0.4,0.0,147.0,1
D002998,5.0,1142.0,1.12,27.5,0.49,,,24.7,43.0,-94.0,7.4,0.0,125.0,1
D002999,3.5,1354.0,1.26,34.5,0.38,-66.3,-53.1,20.4,46.0,-94.6,7.8,0.0,113.0,0
D003000,5.0,1138.0,0.97,31.0,,-66.6,-50.1,,43.0,-96.0,10.0,0.0,129.0,1
D003001,5.1,1203.0,1.15,28.5,0.49,-65.9,-49.0,23.5,48.0,-95.7,8.3,1.0,132.0,1
D003002,5.7,1303.0,1.48,30.5,0.38,-63.7,-47.2,26.9,46.0,-96.5,18.9,0.0,100.0,0
D003003,4.9,1159.0,1.13,26.5,0.46,-64.7,-50.2,24.4,41.0,-94.0,,0.0,128.0,1
D003004,5.4,1168.0,1.14,29.5,,-66.0,-51.7,22.6,46.0,-94.6,5.1,0.0,130.0,1
D003005,5.1,1133.0,1.12,29.5,0.42,-63.3,-49.6,25.3,39.0,-96.7,8.0,1.0,133.0,0
D003006,4.2,1119.0,1.22,28.0,0.5,-66.1,-50.5,24.9,41.0,-95.3,9.5,1.0,133.0,0
D003007,4.4,1116.0,1.13,28.0,0.52,-65.6,-47.1,25.2,44.0,-96.6,9.4,1.0,134.0,0
D003008,6.8,1346.0,0.9,20.0,0.39,-62.0,-51.1,25.6,52.0,-94.4,17.7,0.0,116.0,0
D003009,6.2,1233.0,1.31,28.5,0.5,-64.4,-46.7,27.6,43.0,-94.3,5.2,0.0,123.0,0
D003010,5.1,1192.0,1.12,28.5,0.44,-66.3,-48.8,24.3,49.0,-94.8,15.1,1.0,,0
D003011,6.8,1101.0,1.23,31.5,0.54,-67.3,-50.9,21.7,41.0,-93.9,6.9,1.0,134.0,1
D003012,3.2,1331.0,1.31,34.0,0.37,-61.5,-51.4,27.7,53.0,-91.5,14.7,0.0,121.0,0
D003013,4.4,1203.0,0.97,32.0,0.47,-67.7,-50.4,22.6,43.0,-95.8,7.7,0.0,,1
D003014,5.7,1062.0,1.43,23.0,0.55,-61.7,-45.0,28.1,55.0,-95.6,5.0,0.0,117.0,0
D003015,4.5,1119.0,1.3,28.0,0.49,-65.9,-52.0,23.5,46.0,-93.4,8.9,1.0,130.0,1
D003016,5.1,1152.0,1.55,23.0,0.38,-67.9,-49.5,23.5,32.0,-95.1,14.0,1.0,119.0,0
D003017,5.1,1165.0,1.03,29.0,0.45,-65.2,-49.6,23.5,44.0,-95.3,11.3,0.0,133.0,1
D003018,4.4,1242.0,1.17,30.5,0.53,-65.2,-51.3,24.0,47.0,-96.2,10.3,1.0,131.0,0
D003019,4.4,1279.0,1.08,28.5,0.47,-65.0,-52.8,23.5,43.0,-95.8,8.7,0.0,121.0,1
D003020,5.1,1106.0,1.17,29.0,0.45,-64.7,-49.4,24.3,43.0,-95.6,7.3,0.0,134.0,1
D003021,4.6,1198.0,1.08,28.0,0.44,-67.3,-48.8,25.0,43.0,-96.1,5.9,0.0,123.0,0
D003022,3.3,1388.0,0.97,37.0,0.32,-66.6,-51.7,21.5,,-91.0,13.1,0.0,146.0,0
D003023,4.6,1231.0,0.99,24.5,0.51,-65.1,-50.3,24.8,44.0,-95.3,13.2,1.0,130.0,0
D003024,5.1,1207.0,1.12,33.5,0.49,-65.3,-51.0,26.0,45.0,-96.1,14.2,1.0,122.0,1
D003025,4.8,1217.0,1.15,26.0,0.46,-63.9,-49.4,,46.0,-94.9,9.1,1.0,130.0,1
D003026,3.7,1265.0,1.08,28.0,0.43,,-50.4,24.4,45.0,-96.0,11.7,0.0,115.0,0
D003027,4.3,1111.0,1.05,29.0,0.5,-66.5,-47.7,25.4,49.0,-95.8,9.2,1.0,133.0,1
D003028,6.5,1377.0,1.53,21.0,0.45,-62.1,-51.5,24.6,52.0,-94.6,10.5,1.0,136.0,0
D003029,4.9,1215.0,1.07,29.0,0.46,-64.9,-49.4,24.7,49.0,-94.3,6.8,1.0,123.0,1
D003030,5.3,1241.0,1.05,25.5,0.48,-66.9,-50.3,23.9,44.0,-94.3,4.4,1.0,128.0,1
D003031,5.0,1386.0,1.44,26.0,0.41,-66.3,-54.2,20.6,44.0,-99.3,10.6,0.0,138.0,1
D003032,4.8,,1.12,30.0,0.5,-64.5,-51.2,22.6,36.0,-95.9,8.0,1.0,121.0,1
D003033,4.7,1156.0,1.1,27.0,0.5,-65.8,-52.0,22.5,42.0,-93.4,6.6,0.0,128.0,0
D003034,4.2,1143.0,1.14,29.0,0.49,-64.4,-50.1,24.4,46.0,-95.8,10.8,0.0,121.0,0
D003035,5.6,,1.05,38.0,0.61,-66.5,-54.8,20.2,,-95.5,1.8,0.0,106.0,1
D003036,4.9,1139.0,1.01,29.0,0.45,-65.6,-48.6,22.1,37.0,-98.2,9.5,1.0,139.0,1
D003037,5.0,1359.0,1.56,,0.32,-61.5,-45.5,21.3,35.0,-94.7,17.7,1.0,130.0,0
D003038,4.3,1202.0,1.0,32.5,0.48,-66.3,-50.1,24.8,35.0,-95.2,6.8,0.0,130.0,1
D003039,5.3,1184.0,1.01,30.5,0.45,-66.5,-49.0,24.6,40.0,-95.1,9.9,0.0,121.0,1
D003040,4.6,1177.0,1.15,25.5,0.43,-66.8,-51.0,24.5,43.0,-94.4,8.9,0.0,123.0,1
D003041,4.7,1207.0,1.11,28.5,0.52,-64.8,-50.3,24.0,46.0,-95.6,5.4,1.0,131.0,1
D003042,3.9,1215.0,1.15,26.5,0.47,-65.8,-52.0,24.9,41.0,-96.3,10.0,1.0,134.0,1
D003043,5.3,1206.0,1.21,,0.47,-65.3,-49.1,23.0,41.0,-96.4,12.3,1.0,122.0,1
D003044,5.0,1128.0,1.17,29.0,0.53,-64.5,-49.4,23.4,45.0,-95.9,9.7,1.0,129.0,1
D003045,5.5,1348.0,1.04,34.0,0.52,-60.7,-47.9,26.7,33.0,-92.4,18.4,1.0,105.0,0
D003046,3.0,1189.0,1.04,20.5,0.44,-64.8,-52.5,24.6,46.0,-97.3,12.6,1.0,137.0,0
D003047,3.4,1314.0,1.6,25.0,0.55,-63.1,-52.6,26.6,54.0,-94.1,21.9,1.0,131.0,0
D003048,5.0,1155.0,1.28,,0.3,-66.8,-45.9,24.0,45.0,-98.9,11.6,0.0,135.0,1
D003049,4.8,1268.0,0.98,31.5,0.55,-65.2,-49.0,23.1,32.0,-90.9,0.4,0.0,135.0,1
D003050,4.8,1193.0,1.12,29.5,0.46,-63.5,-52.0,23.8,44.0,-95.5,10.8,0.0,,1
D003051,5.3,1134.0,1.08,33.0,0.46,-64.3,-51.3,24.2,42.0,-96.0,12.3,1.0,127.0,1
D003052,5.0,1111.0,1.14,24.5,0.41,-67.1,-49.7,25.2,44.0,-95.7,5.9,1.0,128.0,1
D003053,5.3,1135.0,1.16,28.0,0.47,-65.8,-50.3,25.4,42.0,-98.6,10.2,1.0,132.0,1
D003054,4.7,1217.0,1.08,29.0,0.55,-64.0,-51.1,24.6,44.0,-95.7,7.9,,130.0,1
D003055,5.3,1137.0,1.16,28.5,0.51,-63.7,-50.5,23.7,43.0,-95.1,11.8,1.0,126.0,1
D003056,,1382.0,0.97,28.5,0.51,-65.3,-51.1,29.2,36.0,-93.1,22.1,1.0,114.0,0
D003057,4.8,1232.0,1.15,28.0,0.49,-64.7,-49.5,22.8,45.0,-93.9,8.1,0.0,127.0,1
D003058,6.8,1197.0,1.47,37.5,0.57,-60.2,-52.7,25.2,35.0,-95.6,11.8,1.0,120.0,1
D003059,6.2,1365.0,0.82,25.5,0.47,-66.4,-48.8,24.5,60.0,-90.0,20.3,1.0,132.0,1
D003060,4.4,1202.0,1.26,28.0,0.48,-65.8,-50.7,,44.0,-96.8,10.0,1.0,126.0,1
D003061,3.2,1054.0,1.21,35.0,0.4,-67.8,-54.5,23.2,59.0,-93.8,14.6,1.0,137.0,0
D003062,6.3,1262.0,1.54,39.5,0.43,-68.4,-48.2,21.4,59.0,-97.2,16.4,1.0,115.0,0
D003063,5.3,1169.0,1.29,28.5,,,-50.6,23.8,48.0,-96.2,11.1,1.0,130.0,1
D003064,5.2,1201.0,1.05,28.5,0.49,-65.8,-49.4,24.5,44.0,-96.4,,1.0,123.0,1
D003065,4.9,1222.0,1.08,26.0,0.45,-64.8,-49.3,23.6,37.0,-96.7,6.8,1.0,127.0,0
D003066,3.9,1077.0,1.21,32.5,0.68,-61.7,-45.0,25.1,49.0,-92.5,17.9,1.0,114.0,0
D003067,5.9,1167.0,1.22,34.0,0.49,-69.4,-45.5,20.1,54.0,-99.4,10.3,0.0,107.0,1
D003068,4.5,1126.0,1.27,32.0,0.5,-66.9,-51.3,22.3,41.0,-94.0,6.5,0.0,131.0,1
D003069,3.7,1379.0,1.48,27.5,0.5,-63.7,-50.8,20.4,34.0,-99.7,15.1,1.0,121.0,0
D003070,5.3,1213.0,1.05,33.0,0.46,-64.7,-48.6,24.8,44.0,-94.9,10.7,1.0,121.0,1
D003071,5.3,1251.0,1.11,26.0,0.55,-65.2,-50.6,25.5,44.0,-96.9,9.0,1.0,123.0,1
D003072,4.9,1210.0,1.12,29.5,0.46,-64.4,-50.7,24.5,44.0,-95.6,11.1,0.0,132.0,1
D003073,5.8,1274.0,1.55,37.0,,-68.1,-46.4,26.8,55.0,-96.0,14.9,0.0,102.0,0
D003074,3.5,1246.0,0.86,36.0,0.56,-68.3,-51.4,24.4,45.0,-90.1,11.5,0.0,133.0,1
D003075,4.6,1041.0,1.43,27.5,0.61,-60.7,-49.7,21.2,43.0,-91.1,8.2,1.0,122.0,0
D003076,4.3,1173.0,1.2,25.5,0.48,-65.4,-50.7,24.6,44.0,-96.0,9.1,0.0,128.0,1
D003077,5.1,1171.0,1.03,28.5,0.53,-66.5,-48.8,23.7,43.0,-96.5,6.7,1.0,138.0,1
D003078,4.9,1183.0,1.04,28.0,0.48,-64.4,,23.3,43.0,-94.7,7.4,0.0,120.0,1
D003079,4.5,1172.0,1.03,27.0,0.52,-65.1,-50.3,24.3,43.0,-95.8,7.8,1.0,133.0,1
D003080,5.0,1128.0,1.18,27.0,0.49,-65.5,-49.3,25.1,42.0,-96.2,9.1,0.0,135.0,1
D003081,4.4,1012.0,0.85,29.0,0.31,-62.7,-52.0,20.7,47.0,-97.3,7.9,0.0,118.0,0
D003082,4.5,1168.0,1.01,30.5,0.5,-65.6,-50.4,23.8,40.0,-95.6,10.0,1.0,128.0,1
D003083,4.6,1230.0,1.07,29.0,0.34,-67.3,-49.8,24.3,41.0,-96.7,11.3,1.0,122.0,0
D003084,3.4,1282.0,0.88,20.5,0.43,-62.6,-49.3,20.1,,-98.2,2.5,0.0,150.0,1
D003085,3.5,1357.0,1.4,30.5,0.31,-62.0,-52.3,26.4,49.0,-93.6,8.6,1.0,121.0,0
D003086,5.4,1181.0,1.03,27.0,0.47,-63.7,-49.5,24.3,43.0,-95.4,10.9,0.0,128.0,1
D003087,4.7,1203.0,1.11,24.0,0.53,-65.4,-47.3,23.4,43.0,-93.3,11.8,1.0,128.0,0
D003088,3.6,1131.0,1.0,21.5,0.59,-66.2,-53.3,25.2,40.0,-99.1,2.8,0.0,125.0,0
D003089,5.5,1118.0,1.07,29.5,0.53,-65.3,-51.2,24.1,45.0,-94.8,9.5,1.0,136.0,1
D003090,4.6,1207.0,1.05,25.0,0.49,-65.9,-50.4,23.7,39.0,-94.4,7.3,1.0,130.0,1
D003091,4.4,1207.0,1.17,32.0,0.45,-65.7,-49.7,23.3,44.0,-94.7,6.6,1.0,126.0,1
D003092,4.4,1231.0,1.22,29.0,0.47,-66.9,-50.6,24.9,48.0,-96.4,7.8,1.0,125.0,1
D003093,4.1,1186.0,1.19,27.5,0.5,-64.7,-48.1,22.8,45.0,-94.9,7.5,1.0,126.0,0
D003094,5.0,1213.0,1.05,27.5,0.47,-66.0,-50.3,25.6,44.0,-96.7,7.6,0.0,132.0,1
D003095,4.5,1135.0,1.07,28.0,0.47,-66.6,-51.4,23.7,51.0,-94.4,4.0,0.0,125.0,1
D003096,4.7,1165.0,1.18,28.5,0.51,-64.9,-51.9,25.0,42.0,-93.6,9.8,1.0,,0
D003097,5.0,1079.0,1.26,27.0,0.33,-69.8,-47.7,23.8,49.0,-98.1,18.4,0.0,146.0,0
D003098,4.6,1264.0,1.36,31.0,,-64.9,-46.8,21.7,45.0,-95.3,14.3,0.0,109.0,0
D003099,4.7,1077.0,1.17,28.0,0.45,-66.1,-50.9,24.8,48.0,-93.5,8.9,1.0,120.0,0
D003100,5.0,1245.0,1.11,31.5,0.49,-63.3,-50.2,23.8,38.0,-95.0,9.9,0.0,136.0,1
D003101,4.2,1217.0,1.2,27.0,0.51,-62.4,-51.3,24.1,43.0,-91.9,13.1,1.0,106.0,0
D003102,6.7,1236.0,0.97,37.5,0.61,-65.6,-53.0,25.9,40.0,-95.6,7.8,0.0,136.0,1
D003103,4.6,1184.0,1.23,31.5,0.54,-65.7,-50.3,22.6,47.0,-95.9,14.1,1.0,128.0,1
D003104,4.9,1118.0,1.18,28.5,,-66.4,-51.3,23.7,50.0,-95.3,11.2,0.0,121.0,1
D003105,5.0,1095.0,1.18,30.5,0.46,-66.0,-50.0,,41.0,-94.6,9.2,0.0,139.0,1
D003106,6.3,1310.0,1.07,20.5,0.52,-60.4,-49.1,20.4,48.0,-94.7,23.4,0.0,138.0,0
D003107,6.6,1310.0,1.32,29.0,0.36,-64.2,-49.1,24.0,31.0,-90.5,22.7,0.0,137.0,0
D003108,4.3,1208.0,0.95,26.5,0.48,-65.2,-48.6,26.3,46.0,-95.3,6.8,0.0,121.0,1
D003109,5.3,1210.0,1.04,25.0,0.46,-64.2,-49.6,22.9,46.0,-96.0,10.8,0.0,116.0,0
D003110,3.4,1200.0,0.97,25.0,0.52,-61.2,-49.6,27.5,41.0,-96.6,17.8,1.0,108.0,0
D003111,4.5,1178.0,1.05,29.5,0.48,-65.7,-50.6,24.0,43.0,-97.4,7.2,0.0,125.0,1
D003112,4.5,1163.0,1.24,29.5,0.43,-64.3,-49.6,24.0,,-96.5,6.6,0.0,119.0,0
D003113,5.1,1159.0,1.02,32.0,0.38,-67.5,-50.9,21.1,46.0,-95.5,9.4,0.0,113.0,1
D003114,4.8,1210.0,1.17,30.5,0.47,-67.1,-49.4,24.5,42.0,-96.7,6.2,0.0,122.0,1
D003115,4.8,1195.0,1.11,30.0,0.53,-66.3,-50.0,22.5,45.0,-97.8,12.0,0.0,131.0,1
D003116,5.0,1199.0,1.06,28.5,0.58,-64.8,-50.5,24.2,48.0,-96.8,9.7,1.0,125.0,0
D003117,4.4,1162.0,0.96,33.5,0.46,-65.3,-50.6,25.2,48.0,-95.3,10.5,1.0,130.0,1
D003118,4.9,1101.0,1.11,30.0,0.48,-64.5,-50.3,24.0,41.0,-97.1,,0.0,126.0,1
D003119,4.8,1209.0,1.11,28.0,0.48,-65.4,-50.5,23.2,41.0,-95.1,5.6,0.0,136.0,1
D003120,5.0,1220.0,1.11,28.0,0.41,-67.0,-52.5,25.0,46.0,-94.9,10.0,0.0,138.0,1
D003121,4.7,1177.0,1.21,27.0,0.46,-64.2,-50.7,24.1,43.0,-94.4,7.9,1.0,129.0,0
D003122,4.9,1172.0,1.03,31.0,0.46,-64.6,-49.0,22.1,44.0,-96.3,7.9,0.0,129.0,1
D003123,4.6,1228.0,1.17,26.0,0.52,-65.3,-48.9,23.2,41.0,-96.7,5.0,1.0,139.0,1
D003124,5.0,1180.0,1.07,29.0,0.48,-65.7,-48.9,22.1,42.0,-93.9,4.2,1.0,137.0,1
D003125,4.9,1165.0,1.07,31.0,0.52,-64.4,-50.0,24.0,43.0,-96.7,9.7,1.0,133.0,1
D003126,4.1,1197.0,0.92,28.5,0.47,-65.6,-49.9,23.5,47.0,-96.2,14.1,1.0,131.0,1
D003127,5.1,1225.0,1.04,30.0,0.46,-66.7,-49.1,23.9,48.0,-95.2,9.5,1.0,132.0,1
D003128,4.8,1008.0,1.57,39.5,0.42,-62.3,-50.0,25.7,53.0,-98.4,16.1,1.0,142.0,0
D003129,4.3,1276.0,1.19,30.5,0.55,-67.3,-50.2,22.3,44.0,-95.0,5.9,1.0,129.0,1
D003130,5.5,1159.0,1.13,29.0,0.51,-67.3,-51.6,25.5,46.0,-96.7,9.4,0.0,131.0,1
D003131,,1130.0,1.04,27.5,0.45,-65.6,-50.7,23.7,48.0,-93.6,9.3,0.0,129.0,1
D003132,5.4,1056.0,1.16,34.0,0.47,-67.2,-50.7,24.1,43.0,-96.8,11.1,0.0,134.0,1
D003133,3.9,1253.0,1.56,38.0,0.69,-61.6,-49.8,26.5,58.0,-90.5,4.6,0.0,112.0,0
D003134,5.8,1217.0,1.44,24.5,0.49,-64.1,-54.0,26.2,43.0,-96.4,11.9,1.0,118.0,0
D003135,4.0,1132.0,1.21,29.5,0.54,-64.9,-50.0,24.5,43.0,-96.2,3.7,1.0,125.0,0
D003136,4.2,1126.0,1.07,31.0,0.5,-63.8,-51.0,21.3,47.0,-95.2,12.8,1.0,122.0,0
D003137,6.0,1089.0,1.51,26.5,0.44,-66.3,-49.9,20.8,52.0,-99.5,20.6,1.0,109.0,0
D003138,6.7,1303.0,1.13,39.0,0.38,-69.1,-51.6,23.4,51.0,-91.0,17.8,0.0,113.0,1
D003139,6.2,1149.0,1.23,23.0,0.36,-64.3,-51.7,23.1,32.0,-90.6,9.4,0.0,120.0,0
D003140,5.4,1190.0,1.03,29.0,,-64.9,-50.5,24.5,42.0,-96.5,10.8,1.0,126.0,1
D003141,4.4,1192.0,1.09,30.0,0.52,-65.3,-49.3,24.9,41.0,-95.0,5.1,0.0,129.0,1
D003142,4.5,1144.0,1.03,29.0,0.49,-66.4,-50.0,24.0,42.0,-95.7,8.3,1.0,124.0,1
D003143,4.7,1145.0,0.96,30.0,0.48,-65.0,-49.6,24.4,39.0,,8.6,0.0,125.0,1
D003144,5.2,1150.0,1.15,31.5,0.4,-65.7,-49.9,23.0,43.0,-96.1,5.4,1.0,127.0,1
D003145,5.6,1181.0,1.2,28.5,0.56,-64.3,-49.4,26.3,47.0,-94.9,7.3,0.0,118.0,1
D003146,4.5,1299.0,1.52,28.5,0.69,-65.6,-53.9,23.1,38.0,-99.0,4.3,1.0,142.0,0
D003147,5.3,1178.0,0.99,29.0,0.44,-66.1,-50.1,23.8,40.0,-96.4,3.2,0.0,143.0,1
D003148,4.6,1399.0,1.5,25.0,0.66,-67.3,-49.1,22.7,40.0,-94.7,8.3,1.0,143.0,0
D003149,4.4,,1.12,35.5,0.39,-62.7,-50.3,27.6,32.0,-94.3,5.0,0.0,146.0,1
D003150,3.9,1203.0,1.28,23.0,0.55,-68.9,-52.8,26.2,42.0,-90.2,13.3,0.0,120.0,1
D003151,4.3,1178.0,1.06,22.5,0.51,-65.1,-49.4,23.5,49.0,-95.2,10.0,1.0,125.0,0
D003152,5.3,1174.0,1.03,29.0,0.45,-65.9,-49.2,23.9,43.0,-96.8,8.0,0.0,127.0,1
D003153,4.0,1361.0,1.37,20.5,0.55,-60.8,-46.7,,36.0,-98.8,17.1,0.0,,0
D003154,4.7,1257.0,1.02,29.0,0.52,-66.6,-49.2,25.3,46.0,-94.5,9.9,1.0,129.0,1
D003155,6.1,1146.0,1.24,38.5,0.61,-67.2,-46.4,25.6,51.0,-96.5,1.1,0.0,115.0,1
D003156,6.2,1198.0,1.16,29.5,0.55,-65.0,-49.8,25.6,47.0,-94.8,10.3,0.0,134.0,1
D003157,4.9,1192.0,1.06,26.5,0.51,-65.0,-49.9,24.5,41.0,-95.0,5.1,0.0,128.0,1
D003158,4.6,1148.0,1.09,28.5,0.53,-64.4,-49.4,25.4,43.0,-95.2,12.2,1.0,130.0,0
D003159,6.7,1258.0,1.01,21.0,0.64,-61.7,-47.6,28.8,31.0,-92.9,21.8,1.0,106.0,0
D003160,4.8,1190.0,1.22,27.5,0.49,-66.1,-49.3,23.1,46.0,-96.0,7.9,1.0,132.0,1
D003161,4.9,1190.0,1.14,32.5,0.51,-64.9,-49.7,25.2,49.0,-94.9,15.3,0.0,122.0,1
D003162,4.1,1037.0,0.95,38.0,,-67.3,-51.2,23.4,60.0,-92.0,21.5,0.0,111.0,0
D003163,5.3,,1.08,28.0,0.43,-67.2,-50.5,24.1,46.0,-94.8,10.9,0.0,129.0,1
D003164,4.6,1141.0,1.02,32.0,0.48,-66.6,-49.8,23.1,41.0,-94.6,7.7,1.0,124.0,1
D003165,5.7,1171.0,1.15,32.5,0.63,-64.9,-45.2,28.4,40.0,-96.1,3.1,0.0,122.0,1
D003166,5.4,1210.0,1.03,28.5,0.49,-65.4,-50.8,24.2,41.0,-94.5,10.2,0.0,128.0,1
D003167,4.4,1073.0,1.23,33.5,0.55,-67.2,-50.8,23.8,44.0,-94.9,7.7,1.0,124.0,1
D003168,4.4,1214.0,0.93,23.5,0.37,-60.2,-50.2,29.2,43.0,-96.0,15.2,0.0,100.0,0
D003169,5.7,1215.0,1.09,29.5,0.52,-65.6,-48.7,23.0,42.0,-95.1,9.7,1.0,137.0,1
D003170,5.9,1052.0,1.43,28.0,0.45,-64.6,-46.8,21.7,46.0,-94.1,9.3,0.0,145.0,1
D003171,4.5,1260.0,1.04,26.0,0.57,-67.8,-48.9,29.1,44.0,-90.3,18.0,1.0,120.0,0
D003172,4.7,1251.0,1.12,31.0,0.55,-66.5,-48.9,24.7,46.0,-94.0,9.0,0.0,129.0,1
D003173,5.7,1233.0,0.99,29.0,0.52,-65.8,-50.8,24.0,44.0,-95.9,11.5,1.0,134.0,1
D003174,4.8,1161.0,1.16,27.0,0.5,-66.0,-49.0,25.2,45.0,-96.7,11.6,0.0,128.0,1
D003175,4.3,1142.0,1.12,,0.52,-64.8,-48.6,25.3,45.0,-94.4,14.3,0.0,131.0,1
D003176,5.4,1250.0,1.07,32.0,,-65.2,-51.2,23.7,40.0,-95.8,9.4,1.0,131.0,1
D003177,4.7,1261.0,1.01,28.5,0.55,-66.2,-50.1,24.0,48.0,,11.0,1.0,125.0,0
D003178,5.1,1112.0,1.43,28.0,0.47,-64.9,-47.0,23.9,56.0,-99.0,1.6,1.0,146.0,1
D003179,4.4,1214.0,1.17,29.0,0.51,-64.0,-50.6,25.1,42.0,-96.3,7.0,1.0,131.0,0
D003180,5.1,1115.0,1.39,39.0,0.5,-63.1,-53.9,21.5,49.0,-91.3,12.7,0.0,115.0,0
D003181,5.5,1202.0,1.12,29.5,0.5,-66.7,-47.7,24.1,49.0,-95.6,9.9,1.0,129.0,1
D003182,4.3,1167.0,1.18,32.5,0.44,-67.2,-49.0,24.7,42.0,-93.9,9.3,1.0,126.0,1
D003183,4.5,1033.0,1.11,38.5,0.64,-62.4,-47.2,28.6,45.0,-90.5,8.2,0.0,117.0,0
D003184,4.8,1016.0,0.91,38.5,0.47,-65.5,-46.6,29.9,31.0,-94.7,12.0,1.0,129.0,0
D003185,3.3,1394.0,1.3,26.0,0.33,-62.0,-52.6,20.8,56.0,-93.7,5.0,0.0,113.0,0
D003186,6.8,1043.0,0.98,40.0,0.64,-65.7,,29.0,39.0,-91.9,6.5,0.0,114.0,1
D003187,5.6,1395.0,1.21,32.0,0.33,-66.5,-52.9,25.7,32.0,-100.0,20.3,1.0,110.0,1
D003188,5.4,1187.0,1.19,28.5,0.46,-63.5,-54.7,23.1,46.0,-95.5,,1.0,145.0,1
D003189,7.0,1335.0,1.15,39.5,0.5,-66.9,-45.7,22.8,33.0,-93.4,21.6,1.0,129.0,1
D003190,4.8,1177.0,0.9,25.0,0.49,-66.5,-49.5,23.8,47.0,-96.4,6.5,1.0,121.0,1
D003191,4.6,1131.0,1.16,31.5,0.49,-66.8,-51.6,25.1,44.0,,11.6,0.0,131.0,1
D003192,4.9,1111.0,1.02,30.0,0.48,-65.3,-50.9,24.2,43.0,-95.5,8.8,1.0,143.0,1
D003193,5.1,1063.0,1.09,31.0,0.5,-67.2,-50.0,24.7,44.0,-97.1,13.3,1.0,130.0,1
D003194,5.4,1175.0,1.13,29.5,0.41,-65.7,-51.0,24.2,45.0,-93.7,10.4,1.0,130.0,1
D003195,4.2,1149.0,1.13,30.5,0.45,-64.6,-50.8,23.6,42.0,-94.9,7.3,1.0,130.0,1
D003196,4.6,1151.0,1.19,29.0,0.46,-64.8,-50.2,22.9,38.0,-95.9,10.5,1.0,128.0,1
D003197,6.6,1377.0,1.6,29.0,0.59,-62.3,-47.0,28.6,32.0,,22.0,1.0,139.0,0
D003198,3.6,1328.0,1.11,20.5,0.62,-65.3,-47.5,27.1,49.0,-96.7,18.6,0.0,130.0,0
D003199,5.7,1160.0,1.29,33.0,0.45,-63.7,-49.8,22.8,,-96.4,8.6,1.0,137.0,1
D003200,6.5,1194.0,1.22,31.5,0.45,-67.0,-48.2,23.2,35.0,-98.8,,1.0,146.0,1
D003201,5.5,1173.0,1.03,28.0,0.52,-65.6,-50.0,23.8,45.0,-95.6,10.2,1.0,126.0,1
D003202,3.8,1393.0,1.09,25.0,0.53,-68.8,-50.5,25.4,34.0,-93.1,10.1,0.0,138.0,1
D003203,5.0,1247.0,1.2,28.0,0.48,-65.1,-50.2,23.4,44.0,-95.1,7.7,0.0,119.0,1
D003204,4.3,1171.0,1.06,29.0,0.48,-64.2,-48.4,23.8,45.0,-95.1,9.7,0.0,129.0,1
D003205,4.1,1163.0,1.19,31.0,0.51,-66.7,-49.3,26.0,42.0,-94.7,9.1,1.0,125.0,0
D003206,4.2,1129.0,1.15,30.5,0.45,-65.0,-49.2,22.9,45.0,-95.3,9.6,0.0,121.0,1
D003207,3.4,1076.0,1.27,34.5,0.4,-61.3,-51.6,21.5,57.0,-94.0,2.3,0.0,104.0,0
D003208,5.5,1235.0,1.53,39.5,0.43,-65.5,-45.5,24.9,58.0,-98.4,4.5,1.0,108.0,1
D003209,,1374.0,1.58,24.0,0.44,-62.0,-51.7,24.8,48.0,-95.8,1.1,1.0,122.0,1
D003210,6.6,1260.0,1.58,23.5,0.43,-67.4,-51.0,23.0,54.0,-94.5,4.4,1.0,150.0,1
D003211,4.7,1221.0,1.06,27.0,0.49,-63.8,-50.0,21.0,44.0,-93.4,10.6,0.0,129.0,1
D003212,4.5,1235.0,1.3,25.5,0.43,-66.9,-49.5,23.4,41.0,-97.8,7.0,,121.0,0
D003213,3.3,1020.0,1.13,27.0,0.62,-60.9,-53.3,28.4,58.0,-93.9,22.9,0.0,148.0,0
D003214,4.1,1154.0,0.97,28.0,0.5,-66.6,-50.5,24.3,43.0,-94.3,10.8,1.0,114.0,1
D003215,4.2,1322.0,1.58,28.0,0.49,-62.8,-45.5,21.6,37.0,-93.1,0.4,0.0,110.0,0
D003216,5.4,1190.0,1.02,26.5,0.52,-64.6,-49.8,24.2,46.0,-94.5,9.0,1.0,135.0,1
D003217,5.0,1227.0,1.16,28.0,0.48,-66.4,-51.1,22.8,44.0,-94.8,4.5,1.0,132.0,1
D003218,4.9,1163.0,0.88,28.0,0.62,-63.5,-47.3,,34.0,-92.9,22.0,0.0,120.0,0
D003219,5.2,1180.0,1.09,32.0,0.46,-65.9,-49.6,23.3,42.0,,11.8,1.0,123.0,1
D003220,,1011.0,0.9,28.5,0.6,-69.2,-53.0,28.8,31.0,-98.4,15.1,1.0,119.0,1
D003221,4.4,1217.0,1.04,30.0,0.49,-65.3,-49.5,23.2,38.0,-94.5,5.7,1.0,124.0,0
D003222,5.3,1189.0,1.05,28.0,0.45,-64.9,-50.8,,47.0,-95.4,7.7,1.0,127.0,1
D003223,6.6,1393.0,1.12,31.5,0.57,-62.9,-49.6,20.1,55.0,-91.2,7.5,0.0,146.0,1
D003224,4.5,1184.0,1.11,27.0,0.5,-65.8,-49.9,24.8,46.0,,10.8,1.0,128.0,1
D003225,5.0,1152.0,1.04,30.0,0.58,-66.2,-50.7,23.7,51.0,-95.6,13.2,0.0,133.0,1
D003226,4.2,1205.0,1.05,28.5,0.54,-65.9,-50.0,23.8,47.0,-97.1,11.3,1.0,123.0,1
D003227,5.3,1114.0,1.17,30.0,0.48,-66.4,-51.7,23.8,47.0,-94.3,5.4,0.0,140.0,1
D003228,6.4,1045.0,1.09,27.5,0.58,-66.4,-54.1,26.2,40.0,-99.7,2.1,1.0,110.0,1
D003229,4.4,1168.0,1.03,27.5,0.44,-65.3,-50.7,23.0,43.0,-96.5,10.1,0.0,130.0,1
D003230,6.1,1020.0,1.05,36.0,0.68,-68.5,-53.5,23.5,53.0,-93.0,17.5,1.0,123.0,1
D003231,3.9,1006.0,1.41,29.0,0.33,-64.1,-49.1,,42.0,-92.0,12.8,1.0,,0
D003232,6.6,1028.0,1.22,38.5,0.34,-65.9,-53.0,20.9,47.0,-98.9,5.2,1.0,142.0,1
D003233,5.0,1249.0,1.1,24.5,0.54,-64.2,-49.1,22.5,44.0,-94.8,6.6,0.0,136.0,1
D003234,6.0,1072.0,1.47,37.5,0.59,-62.3,-52.1,29.6,56.0,-92.8,14.1,0.0,145.0,0
D003235,5.3,1317.0,1.08,27.5,0.46,-65.0,-53.3,28.4,58.0,-94.8,2.5,0.0,133.0,1
D003236,5.6,1069.0,1.55,26.0,0.45,-65.9,-46.0,26.2,37.0,-95.0,13.4,1.0,148.0,0
D003237,5.2,1128.0,0.99,32.5,0.46,-64.8,-50.4,23.4,49.0,-96.3,8.7,1.0,125.0,1
D003238,4.8,1216.0,0.99,34.0,0.53,-65.3,-50.2,24.9,43.0,-97.1,10.8,0.0,136.0,1
D003239,6.2,1078.0,1.1,38.0,0.31,-65.3,-48.7,21.0,49.0,-97.6,11.7,0.0,103.0,0
D003240,4.3,1207.0,1.17,29.0,0.58,-66.1,-50.6,24.4,51.0,-96.4,7.9,0.0,125.0,1
D003241,4.9,1139.0,1.17,30.0,0.49,-65.9,-49.4,24.0,44.0,-95.2,12.0,1.0,133.0,1
D003242,,1021.0,1.12,26.5,0.62,-69.9,-48.2,21.1,37.0,-95.5,3.6,0.0,101.0,0
D003243,4.6,1152.0,1.15,29.5,0.47,-65.2,-51.6,,46.0,-96.8,5.8,0.0,128.0,1
D003244,4.1,1175.0,1.07,30.0,0.5,-66.3,-50.2,23.5,47.0,-96.4,5.9,0.0,133.0,1
D003245,3.6,1379.0,0.99,39.0,0.41,-65.2,-52.5,22.4,57.0,-90.0,9.8,0.0,122.0,1
D003246,4.4,1183.0,1.18,29.0,0.51,-64.5,-49.0,22.2,46.0,-95.2,8.8,0.0,121.0,1
D003247,5.5,1168.0,1.45,25.0,0.56,-60.7,-49.6,20.7,60.0,-93.9,14.5,1.0,145.0,0
D003248,4.7,1167.0,1.04,30.0,0.43,-63.8,-48.5,22.7,40.0,-96.4,14.1,0.0,125.0,1
D003249,6.1,1328.0,1.24,22.5,0.46,-66.5,-51.3,24.7,38.0,-96.9,,0.0,105.0,1
D003250,6.1,1092.0,1.55,36.5,0.53,-63.4,-52.0,29.1,46.0,-90.1,14.8,0.0,100.0,0
D003251,5.3,1195.0,1.17,27.5,0.42,-64.6,-49.4,22.9,50.0,-94.0,10.3,0.0,125.0,1
D003252,5.5,1221.0,1.32,29.5,0.45,-65.9,-50.6,25.8,47.0,-95.7,11.8,0.0,134.0,1
D003253,4.8,1103.0,1.19,36.5,0.34,-61.5,-47.9,26.6,42.0,-94.2,15.0,0.0,106.0,0
D003254,4.1,1164.0,1.16,30.0,0.45,-64.4,-49.1,24.1,43.0,-96.3,5.3,0.0,126.0,0
D003255,4.9,,1.16,28.5,0.49,-65.4,-50.1,23.1,43.0,-97.9,5.4,0.0,121.0,1
D003256,4.3,1257.0,1.26,40.0,0.52,-69.9,-53.8,21.9,51.0,-95.2,17.2,1.0,121.0,1
D003257,4.1,1163.0,1.15,25.0,0.44,-65.0,-51.6,26.9,52.0,-95.9,2.2,0.0,127.0,1
D003258,4.6,1154.0,1.06,30.5,0.49,-66.0,-51.9,23.1,44.0,-95.7,10.4,0.0,127.0,1
D003259,4.6,1186.0,1.15,30.5,0.4,-66.9,-52.5,23.2,50.0,-95.9,10.7,0.0,134.0,1
D003260,5.1,1104.0,1.06,28.5,0.53,-66.3,-49.9,24.6,45.0,-95.3,10.5,1.0,135.0,1
D003261,6.3,1169.0,1.39,40.0,0.36,-65.8,-51.4,28.3,52.0,-96.3,10.2,0.0,129.0,0
D003262,6.9,1383.0,1.26,33.0,0.39,-62.8,-54.6,24.5,32.0,-92.5,8.4,1.0,146.0,1
D003263,4.7,1153.0,1.2,26.0,0.43,-65.1,-51.3,25.6,41.0,-95.3,8.4,0.0,133.0,0
D003264,4.9,1138.0,1.27,29.0,0.5,-65.6,-51.0,24.9,47.0,-96.9,7.2,0.0,128.0,1
D003265,4.4,1180.0,1.08,29.5,0.49,-64.8,-49.1,24.1,39.0,,7.1,0.0,126.0,1
D003266,5.8,1149.0,1.24,33.0,0.46,-62.0,-53.3,23.5,59.0,-90.4,3.0,1.0,108.0,0
D003267,3.8,1179.0,1.12,26.5,0.56,-63.6,-47.7,29.2,59.0,-97.6,3.2,0.0,123.0,0
D003268,6.9,1176.0,1.17,29.0,,-67.8,-53.5,22.2,59.0,-93.7,22.8,0.0,101.0,1
D003269,4.0,1144.0,0.99,32.0,0.48,-65.2,-51.0,25.1,43.0,-98.1,5.7,0.0,122.0,1
D003270,3.9,1225.0,1.56,27.0,0.51,-69.5,-53.0,22.1,32.0,-93.0,17.5,1.0,148.0,1
D003271,4.8,1199.0,1.15,29.0,0.63,-65.9,-50.8,25.3,,-94.8,9.7,0.0,128.0,1
D003272,6.4,1208.0,1.42,23.5,0.58,-61.2,-47.2,26.9,37.0,-95.7,8.2,1.0,136.0,0
D003273,4.7,1121.0,0.99,28.0,0.44,-63.8,-51.3,22.3,45.0,-94.9,6.8,1.0,132.0,1
D003274,6.0,1396.0,0.95,22.5,0.42,-69.1,-51.3,23.3,42.0,-97.8,6.7,0.0,132.0,1
D003275,4.9,1160.0,1.06,31.5,0.51,-67.7,-49.8,21.9,44.0,-92.8,5.2,0.0,140.0,1
D003276,3.2,1197.0,1.6,36.5,0.44,-63.8,,26.1,39.0,-94.3,13.7,1.0,126.0,0
D003277,6.5,1356.0,0.99,25.0,0.54,-65.1,-46.2,26.6,37.0,-96.6,21.4,1.0,130.0,0
D003278,6.2,1318.0,0.85,30.0,0.43,-67.8,-51.4,21.5,59.0,,12.1,1.0,123.0,1
D003279,5.1,1198.0,1.1,34.0,0.48,-65.8,-51.3,22.4,40.0,-94.5,8.6,1.0,140.0,1
D003280,5.7,1312.0,0.87,31.5,0.36,-62.7,-50.3,22.0,40.0,-91.4,11.1,1.0,110.0,1
D003281,5.3,1238.0,1.08,26.0,0.47,-66.1,-50.2,25.1,44.0,-94.6,8.1,0.0,130.0,1
D003282,4.5,1191.0,1.13,28.0,0.47,-65.0,-48.4,23.8,46.0,-93.8,6.1,0.0,135.0,0
D003283,6.3,1149.0,0.96,32.0,0.49,-69.0,-49.1,26.6,57.0,-90.9,5.1,1.0,118.0,1
D003284,4.4,1188.0,1.07,29.5,0.47,-65.4,-51.1,25.1,41.0,-95.7,9.7,1.0,125.0,1
D003285,,1130.0,1.27,21.0,0.64,-62.6,-47.6,22.4,53.0,-96.1,19.8,0.0,137.0,0
D003286,5.6,1034.0,1.14,36.5,0.64,-63.6,-46.0,21.4,52.0,-91.0,2.6,0.0,144.0,1
D003287,5.1,1156.0,1.2,27.5,0.48,-64.9,-51.8,23.0,49.0,-92.3,10.4,1.0,122.0,0
D003288,5.4,1221.0,1.06,27.5,0.51,-66.9,-48.8,22.6,47.0,-93.6,10.6,1.0,,1
D003289,4.1,1150.0,1.04,30.0,0.48,-66.4,-49.7,24.6,43.0,-94.9,10.5,0.0,115.0,1
D003290,5.8,1356.0,1.5,36.5,0.62,-67.7,-51.0,22.9,31.0,-96.0,5.0,1.0,103.0,1
D003291,5.0,1136.0,1.08,28.0,0.49,-66.1,-49.7,23.3,47.0,-94.0,6.1,1.0,136.0,1
D003292,4.9,1185.0,1.13,28.0,0.46,-68.0,-49.7,24.1,44.0,-93.8,10.5,0.0,133.0,1
D003293,4.5,1141.0,0.99,27.5,0.48,-65.9,-48.9,24.6,49.0,-96.3,9.9,1.0,123.0,0
D003294,4.7,1184.0,1.06,28.0,0.5,-64.9,,24.3,45.0,-96.9,8.4,1.0,126.0,0
D003295,4.4,1229.0,1.2,26.5,0.5,,-50.2,25.1,47.0,-94.8,9.1,0.0,127.0,1
D003296,6.0,1199.0,0.93,29.0,0.5,-64.9,-51.8,22.6,47.0,-94.9,3.7,0.0,123.0,1
D003297,4.3,1182.0,1.12,28.5,0.51,-65.6,-49.0,24.4,43.0,-95.5,9.3,0.0,117.0,1
D003298,5.8,1239.0,1.31,24.5,0.63,-60.2,-50.0,28.2,34.0,-94.3,11.9,1.0,142.0,0
D003299,4.9,1144.0,1.05,25.5,0.46,-64.9,-49.5,22.7,45.0,-95.6,6.6,0.0,131.0,0
D003300,3.9,1199.0,1.05,30.0,0.37,-64.4,-51.4,23.8,43.0,-95.8,9.8,1.0,130.0,0
D003301,4.9,1207.0,1.02,29.5,0.48,-68.4,-51.4,24.4,43.0,-94.6,12.5,1.0,132.0,1
D003302,4.6,1173.0,1.08,32.5,0.45,-66.4,-50.1,24.4,41.0,-97.5,11.0,0.0,120.0,1
D003303,3.9,1167.0,1.07,24.5,0.44,-64.3,-50.8,24.7,39.0,-95.0,8.3,1.0,130.0,0
D003304,4.1,1179.0,1.06,28.5,0.48,-63.4,-49.3,24.5,49.0,-94.2,11.1,1.0,122.0,0
D003305,5.4,1214.0,1.09,26.5,0.47,-64.1,-49.9,23.0,44.0,-96.9,8.3,1.0,130.0,1
D003306,3.9,1130.0,0.99,27.0,0.49,-66.4,-47.9,25.1,47.0,-96.5,8.7,1.0,134.0,0
D003307,4.9,1157.0,1.03,26.0,0.44,-65.5,-50.1,23.5,40.0,-95.1,6.1,0.0,127.0,1
D003308,5.5,1175.0,1.12,26.0,0.48,-65.5,-50.3,24.2,45.0,,10.7,0.0,123.0,1
D003309,4.2,1132.0,1.1,26.5,0.51,-65.7,-50.4,22.5,43.0,-95.6,10.3,1.0,133.0,1
D003310,5.4,1167.0,1.15,27.0,0.5,-65.7,-51.8,23.3,38.0,-95.1,10.8,1.0,127.0,1
D003311,4.6,1161.0,1.14,29.0,0.41,-64.6,-50.9,24.3,46.0,-94.8,9.0,1.0,132.0,1
D003312,5.0,1218.0,1.08,26.5,0.42,-66.4,-49.6,23.7,39.0,-95.8,7.1,1.0,132.0,1
D003313,4.1,1182.0,1.26,30.0,0.45,-64.7,-51.8,23.7,51.0,-96.9,13.9,0.0,123.0,1
D003314,4.8,1142.0,1.05,27.5,0.5,-65.2,-51.6,21.0,47.0,-96.5,9.5,1.0,119.0,0
D003315,5.4,1108.0,1.11,27.5,0.54,-64.7,-51.0,23.5,48.0,-95.7,12.2,0.0,127.0,1
D003316,5.1,1167.0,1.11,30.0,0.42,-64.9,-50.7,24.8,45.0,-98.2,10.4,0.0,136.0,1
D003317,6.1,1189.0,1.11,38.5,0.3,-60.5,-54.9,25.1,60.0,-98.2,23.4,1.0,118.0,0
D003318,4.7,1143.0,1.26,32.0,0.43,-64.1,-51.7,24.2,46.0,-95.2,8.5,0.0,123.0,1
D003319,5.4,1024.0,1.16,40.0,0.33,-62.5,-52.8,24.3,38.0,-98.5,0.5,0.0,110.0,1
D003320,5.1,1103.0,1.51,37.0,0.52,-67.3,-54.3,28.9,59.0,-94.4,17.8,1.0,105.0,0
D003321,5.8,1364.0,1.38,37.0,0.67,-62.7,-51.9,20.3,40.0,-93.6,6.2,0.0,122.0,0
D003322,5.4,1168.0,1.06,30.5,0.49,-65.0,-49.4,24.3,45.0,-94.9,14.2,0.0,124.0,1
D003323,4.8,1141.0,1.23,28.5,0.49,-65.9,-49.5,22.9,44.0,-95.3,5.7,1.0,128.0,1
D003324,4.1,1129.0,1.06,27.5,0.53,-65.8,-50.0,22.4,45.0,-96.1,10.7,0.0,124.0,0
D003325,5.5,1150.0,1.08,26.5,0.52,-67.0,-51.4,24.0,44.0,-96.7,10.2,1.0,129.0,1
D003326,4.2,1098.0,1.44,26.0,0.37,-65.0,-51.1,26.2,34.0,-96.7,21.2,0.0,123.0,0
D003327,4.4,1168.0,1.08,28.0,0.52,-65.6,-50.1,25.8,49.0,-97.2,5.4,1.0,130.0,1
D003328,4.8,1087.0,0.97,30.0,0.44,-67.0,-49.4,23.9,45.0,-94.2,10.3,0.0,120.0,1
D003329,4.5,1173.0,0.93,33.0,0.49,-67.3,-49.1,25.4,46.0,-95.4,9.0,1.0,129.0,1
D003330,4.9,1159.0,1.15,30.5,0.42,-64.0,-54.1,24.8,43.0,-95.3,9.1,0.0,130.0,1
D003331,5.0,1185.0,1.11,32.0,0.46,-65.5,-48.9,24.2,40.0,-95.0,11.1,0.0,132.0,1
D003332,5.5,1278.0,1.37,37.5,0.7,-62.1,-54.8,28.9,31.0,-96.7,10.0,0.0,148.0,0
D003333,4.0,1119.0,1.34,36.0,0.49,-68.8,-54.2,22.1,50.0,-99.6,15.5,0.0,120.0,1
D003334,4.7,1183.0,1.05,30.0,0.47,-64.6,-51.4,22.1,48.0,-96.2,6.9,0.0,129.0,1
D003335,5.7,1215.0,1.12,29.5,0.37,-60.7,-54.8,25.9,38.0,-97.5,13.4,0.0,135.0,1
D003336,4.0,1203.0,1.21,29.5,0.53,-65.6,-51.0,27.0,39.0,-95.7,8.2,0.0,136.0,1
D003337,3.6,1166.0,1.18,24.5,0.3,-64.4,-53.6,,38.0,-98.2,13.1,1.0,121.0,0
D003338,4.9,1129.0,1.14,27.0,0.48,,-49.0,24.3,38.0,-96.1,8.0,0.0,121.0,1
D003339,4.9,1192.0,1.13,25.5,0.48,-66.0,-48.7,24.5,47.0,-95.2,6.1,1.0,125.0,0
D003340,6.1,1222.0,1.17,26.0,0.5,-67.3,-51.3,22.7,,-98.6,16.8,0.0,129.0,1
D003341,5.4,1210.0,1.19,28.0,0.45,-65.5,-49.8,24.5,46.0,-98.3,12.5,1.0,124.0,1
D003342,4.9,1205.0,1.07,30.0,0.5,-66.9,-49.3,24.9,41.0,-94.6,8.0,0.0,124.0,1
D003343,5.3,1037.0,1.02,38.5,0.47,-60.3,-49.3,26.2,44.0,-96.5,22.7,0.0,121.0,0
D003344,4.6,1268.0,1.1,28.5,0.52,-64.5,-55.0,29.7,32.0,-99.5,10.2,1.0,109.0,0
D003345,5.0,1206.0,0.95,27.0,0.49,,-49.7,24.4,51.0,-96.2,7.3,1.0,131.0,1
D003346,6.4,1329.0,1.07,34.5,0.47,-67.7,-48.6,25.6,45.0,-94.1,11.8,1.0,143.0,1
D003347,4.7,1185.0,1.06,27.5,0.5,-66.3,-49.0,25.6,48.0,-94.7,9.2,1.0,,1
D003348,4.1,1172.0,0.99,28.5,0.53,-66.1,-49.7,24.1,42.0,-96.2,8.7,0.0,124.0,0
D003349,4.3,1237.0,1.17,,0.53,-65.6,-49.2,23.3,49.0,-95.9,7.0,1.0,127.0,0
D003350,5.4,1118.0,1.5,36.0,0.67,-67.2,-54.7,24.8,33.0,-95.0,7.8,1.0,122.0,1
D003351,4.5,1124.0,1.07,29.0,0.54,-66.6,-50.4,23.6,42.0,-96.4,8.2,1.0,128.0,1
D003352,5.1,1231.0,1.18,28.0,0.49,-64.9,-49.4,22.6,39.0,-95.8,11.4,1.0,123.0,0
D003353,5.5,1208.0,1.3,32.0,0.47,-65.4,-51.1,24.8,45.0,-94.7,5.8,0.0,125.0,1
D003354,4.7,1209.0,1.2,27.5,0.45,-66.7,-50.5,24.9,42.0,-95.2,9.8,0.0,133.0,1
D003355,5.3,1151.0,1.24,24.0,0.57,-61.3,-45.5,27.7,60.0,-98.1,10.4,0.0,132.0,0
D003356,4.9,1307.0,0.98,39.5,0.55,-60.7,-46.2,21.7,32.0,-99.7,19.1,0.0,147.0,1
D003357,4.7,1207.0,1.21,27.0,0.45,-66.5,-48.2,24.6,44.0,-97.1,9.5,0.0,128.0,1
D003358,5.4,1154.0,1.04,26.5,0.4,-64.5,-50.4,23.6,44.0,-95.0,11.7,0.0,134.0,1
D003359,5.0,1145.0,1.11,30.0,0.46,-66.2,-49.8,25.4,44.0,-95.7,,1.0,125.0,0
D003360,4.5,1159.0,1.19,32.0,,-66.0,-50.3,23.8,42.0,-96.5,16.2,1.0,129.0,1
D003361,4.5,1202.0,,25.5,0.43,-65.5,-50.8,25.0,41.0,-95.1,12.3,0.0,136.0,0
D003362,4.6,1188.0,1.06,29.5,0.55,-67.7,-50.7,22.4,41.0,-95.8,3.6,0.0,125.0,1
D003363,4.6,1209.0,1.14,33.0,0.49,-65.2,-50.4,23.6,43.0,-95.7,7.1,1.0,132.0,1
D003364,4.8,1223.0,1.1,31.5,0.45,-64.9,-49.5,23.1,43.0,-95.9,7.0,1.0,124.0,1
D003365,4.2,1290.0,0.84,35.0,0.4,-64.1,-54.3,29.0,31.0,-96.4,23.1,1.0,116.0,1
D003366,6.2,1294.0,0.93,32.5,0.66,-62.2,-45.8,26.4,44.0,-94.1,22.7,0.0,117.0,0
D003367,5.2,1166.0,1.05,27.5,0.52,,-49.7,23.2,40.0,-95.1,8.0,1.0,135.0,1
D003368,3.8,1175.0,1.0,30.0,0.48,-66.3,-49.1,22.2,42.0,-97.5,8.5,1.0,122.0,0
D003369,5.6,1215.0,1.15,28.5,0.5,-64.8,-50.8,22.7,44.0,-96.5,10.1,1.0,129.0,1
D003370,3.8,1177.0,1.54,33.5,0.34,-62.3,-45.1,23.9,51.0,,4.8,0.0,112.0,0
D003371,4.7,1221.0,0.96,26.0,0.44,-65.9,-51.0,22.6,46.0,-93.6,5.2,0.0,129.0,1
D003372,4.7,1145.0,1.08,26.5,0.46,-65.6,-48.7,24.2,40.0,-96.3,5.3,1.0,130.0,0
D003373,4.5,1117.0,1.34,37.5,0.55,-61.3,-48.5,26.8,52.0,-91.9,23.6,0.0,101.0,0
D003374,4.0,1220.0,0.93,27.5,0.66,-63.2,-45.1,25.5,52.0,-94.1,6.9,1.0,129.0,0
D003375,3.7,1102.0,0.93,33.5,0.44,-60.3,-52.7,25.2,31.0,-93.1,21.3,0.0,122.0,1
D003376,4.5,1138.0,1.43,34.0,0.45,-61.5,-50.5,23.7,44.0,-98.5,17.7,1.0,150.0,1
D003377,4.6,1140.0,1.17,29.5,0.44,-66.5,-51.3,25.2,40.0,-95.0,6.5,1.0,132.0,0
D003378,4.0,1050.0,1.24,22.0,0.41,-69.4,-51.9,22.0,49.0,-98.4,2.0,1.0,112.0,0
D003379,4.3,1146.0,1.09,28.0,0.47,-66.5,-48.6,25.5,39.0,-94.3,8.0,1.0,127.0,1
D003380,4.3,1197.0,1.0,31.0,0.5,-65.7,-50.0,24.9,44.0,-94.9,13.1,0.0,124.0,1
D003381,5.9,1122.0,1.17,27.5,0.42,-64.7,-50.1,22.7,45.0,-94.7,10.8,0.0,129.0,1
D003382,4.6,1275.0,1.13,28.5,0.48,-65.3,-49.2,23.8,50.0,,6.3,1.0,128.0,1
D003383,4.9,1130.0,1.08,27.0,0.49,-65.0,-49.6,23.8,43.0,-95.6,13.2,0.0,127.0,1
D003384,4.8,1176.0,1.11,28.5,0.47,-66.6,-49.8,24.0,43.0,-95.3,11.4,1.0,137.0,1
D003385,3.6,1394.0,1.24,,0.33,,-54.8,28.7,30.0,-99.9,9.8,1.0,130.0,0
D003386,5.2,1201.0,1.22,30.5,0.46,-65.1,-50.7,23.0,45.0,-95.7,5.6,1.0,128.0,1
D003387,4.3,1208.0,1.05,28.5,0.49,-66.0,-49.2,24.0,44.0,-95.7,14.4,1.0,130.0,1
D003388,6.5,1103.0,1.39,35.0,0.64,-65.0,-50.4,29.4,42.0,-98.0,6.5,0.0,131.0,0
D003389,4.6,1200.0,1.18,26.5,0.54,-64.9,-50.2,24.2,43.0,-94.6,10.1,1.0,123.0,0
D003390,4.7,1118.0,1.25,27.5,0.47,-66.3,-50.1,24.5,51.0,-95.2,9.6,0.0,129.0,1
D003391,,1320.0,1.08,28.5,0.48,-65.7,-49.7,26.5,46.0,-95.2,12.5,0.0,129.0,1
D003392,4.5,1178.0,1.2,30.5,0.54,-65.8,-48.6,25.5,40.0,-96.1,8.4,1.0,121.0,0
D003393,4.2,1211.0,1.17,31.0,0.5,-63.8,-48.7,24.6,43.0,-94.3,10.2,,130.0,0
D003394,6.1,1313.0,1.49,38.0,0.46,-69.8,-53.3,23.8,51.0,-99.1,3.6,1.0,135.0,1
D003395,4.7,1195.0,1.09,28.0,0.44,-64.7,-49.6,24.8,43.0,-96.2,11.6,0.0,130.0,1
D003396,4.1,1192.0,1.22,27.5,0.54,-68.1,-50.9,23.4,45.0,-95.7,6.8,0.0,133.0,1
D003397,5.4,1163.0,1.06,30.5,0.55,-65.0,-50.3,22.1,43.0,-95.6,9.9,1.0,129.0,1
D003398,5.1,1149.0,1.17,30.0,0.48,-66.6,-50.5,23.8,47.0,-96.5,,0.0,128.0,1
D003399,4.6,1169.0,0.96,26.5,0.53,-64.6,-50.1,23.5,44.0,-97.0,8.6,0.0,123.0,1
D003400,4.9,1199.0,1.1,27.5,0.49,-67.2,-51.8,23.8,44.0,-95.6,5.6,0.0,131.0,1
D003401,4.8,1234.0,0.97,28.5,0.52,-65.7,-48.7,24.9,44.0,-94.4,8.8,1.0,128.0,1
D003402,4.8,1165.0,1.1,26.5,0.51,-65.3,-50.5,24.6,47.0,,8.4,1.0,128.0,1
D003403,6.0,1250.0,1.13,27.0,0.45,-64.3,-50.0,23.0,52.0,-96.1,8.4,0.0,127.0,1
D003404,4.9,1024.0,1.13,34.5,0.42,-65.6,-49.1,23.3,32.0,-99.1,19.7,1.0,110.0,0
D003405,4.6,1214.0,1.08,27.5,0.4,-65.8,-49.1,22.7,48.0,-95.0,11.5,0.0,139.0,1
D003406,4.5,1144.0,1.0,25.0,0.5,-64.8,-49.9,22.7,46.0,-95.4,,1.0,122.0,0
D003407,4.7,1164.0,1.05,32.5,,-64.8,-50.0,24.9,43.0,-96.9,9.9,0.0,131.0,1
D003408,5.0,1206.0,1.03,32.0,0.51,-65.6,-50.6,23.7,45.0,-95.5,10.3,0.0,129.0,1
D003409,3.4,1119.0,1.09,37.0,0.33,-69.5,-49.9,27.6,36.0,-96.8,18.3,1.0,146.0,0
D003410,5.2,1157.0,1.18,32.0,0.54,-66.3,-50.9,23.9,,-94.7,9.6,1.0,128.0,1
D003411,4.1,1173.0,1.12,27.5,0.54,,-50.5,24.1,41.0,-95.5,8.1,1.0,123.0,0
D003412,4.4,1304.0,0.87,31.0,0.32,-65.1,-50.2,26.4,54.0,-93.8,6.1,1.0,149.0,0
D003413,5.3,1196.0,1.2,27.5,0.35,-65.7,-51.7,24.8,43.0,-95.1,8.5,0.0,124.0,0
D003414,4.3,1256.0,1.03,31.5,0.5,-64.2,-49.2,23.9,42.0,-95.4,10.4,0.0,130.0,1
D003415,4.7,1137.0,0.97,36.5,0.37,-67.6,-54.7,23.2,32.0,-96.6,15.7,1.0,147.0,1
D003416,4.6,1198.0,1.14,24.5,0.5,-66.0,-47.9,24.6,48.0,-96.2,11.3,1.0,124.0,1
D003417,6.9,1101.0,1.17,27.0,0.7,-68.1,-46.8,23.0,31.0,-94.0,7.4,0.0,108.0,0
D003418,5.8,1130.0,1.59,22.0,0.43,-67.2,-53.2,23.6,57.0,-98.2,9.0,1.0,133.0,1
D003419,7.0,1151.0,1.56,40.0,0.32,-69.7,-52.0,29.7,37.0,-96.7,23.5,0.0,123.0,0
D003420,4.3,1185.0,1.13,28.5,0.46,-66.1,-50.2,25.1,40.0,-96.0,10.5,0.0,126.0,1
D003421,5.3,1113.0,1.27,28.5,0.48,-65.2,-50.0,23.7,46.0,-97.0,13.6,0.0,122.0,1
D003422,5.3,1097.0,1.42,31.0,0.39,-69.8,-53.1,21.6,41.0,-94.5,20.4,1.0,105.0,0
D003423,4.9,1190.0,1.19,29.0,0.49,-64.6,-51.3,23.8,47.0,-96.6,11.0,0.0,123.0,1
D003424,4.8,1171.0,1.05,26.0,0.4,-64.7,-51.2,23.0,48.0,-94.8,8.0,1.0,139.0,0
D003425,4.6,1153.0,1.02,29.0,0.46,,-51.0,24.0,43.0,-94.8,3.0,0.0,133.0,1
D003426,5.4,1261.0,1.16,28.5,0.48,-67.1,-48.2,24.5,42.0,-95.8,6.3,0.0,129.0,1
D003427,5.3,1122.0,1.13,30.0,0.47,-66.5,-50.3,23.1,,-95.4,11.8,1.0,133.0,1
D003428,3.5,1246.0,0.98,37.5,0.56,-65.5,-52.4,22.5,49.0,-95.7,4.8,1.0,137.0,1
D003429,4.8,,1.15,31.5,0.48,-64.1,-50.4,22.9,46.0,-94.5,8.5,0.0,129.0,1
D003430,4.0,1039.0,1.08,37.5,0.55,-63.4,-46.0,27.0,50.0,-94.8,23.2,0.0,121.0,0
D003431,4.4,1164.0,1.12,31.0,0.56,-67.3,-52.4,24.0,46.0,-95.3,11.0,0.0,123.0,0
D003432,5.1,1230.0,1.1,31.0,0.46,-66.4,-50.1,23.3,50.0,-95.0,7.9,0.0,128.0,1
D003433,4.8,1171.0,1.04,34.5,0.5,-65.7,-50.4,22.8,44.0,-95.9,13.6,1.0,128.0,1
D003434,5.7,1391.0,0.86,38.0,0.35,-64.4,-50.5,29.3,50.0,-94.4,5.0,1.0,148.0,1
D003435,4.0,1171.0,1.14,30.5,0.54,-66.6,-49.9,25.8,45.0,-97.1,13.3,0.0,130.0,1
D003436,4.8,1184.0,1.02,29.5,0.47,-66.5,-50.4,24.2,44.0,-95.9,4.9,1.0,133.0,1
D003437,4.8,1162.0,1.06,30.5,0.46,-67.7,-51.2,23.3,43.0,-95.1,9.9,0.0,130.0,1
D003438,3.7,1394.0,1.56,35.0,0.44,-61.2,-46.5,27.4,56.0,-96.3,0.9,,103.0,0
D003439,4.6,1191.0,1.12,30.0,0.6,-62.5,-48.8,24.6,45.0,-95.4,4.4,1.0,127.0,0
D003440,5.0,1259.0,1.25,30.0,0.45,-66.7,-49.0,23.3,43.0,-94.3,8.6,1.0,123.0,1
D003441,4.5,1173.0,1.3,29.5,0.43,-66.9,-49.1,25.7,49.0,-96.4,6.4,1.0,127.0,1
D003442,3.9,1007.0,1.07,20.5,0.3,-64.7,-46.1,21.4,42.0,-95.0,0.4,1.0,147.0,0
D003443,4.4,1265.0,1.11,31.0,0.54,-65.7,-50.3,25.7,43.0,-94.2,7.5,1.0,122.0,0
D003444,5.0,1197.0,1.1,,0.47,-65.9,-49.7,24.0,42.0,-94.4,,1.0,130.0,1
D003445,4.6,,1.21,31.0,0.45,-67.1,-50.5,22.6,39.0,-94.9,10.0,1.0,132.0,1
D003446,5.5,1231.0,1.39,38.5,0.35,-65.0,-48.4,20.6,37.0,-93.9,12.1,1.0,148.0,0
D003447,5.8,1166.0,1.09,30.0,0.48,,-49.4,23.3,43.0,-95.3,4.9,1.0,132.0,1
D003448,4.3,1125.0,1.16,27.5,0.47,-66.7,-50.3,25.5,46.0,-95.8,,0.0,120.0,1
D003449,4.5,1144.0,1.27,28.5,0.54,-66.2,-50.7,24.5,43.0,-94.5,9.2,1.0,128.0,1
D003450,4.8,1129.0,1.1,28.5,0.54,-66.7,-50.0,25.9,51.0,-94.2,9.9,0.0,132.0,1
D003451,5.5,1297.0,1.03,28.0,0.47,-69.5,-53.4,26.7,39.0,-91.0,14.6,1.0,114.0,1
D003452,6.1,1299.0,0.85,24.5,0.6,-63.2,-50.4,23.8,49.0,-95.3,20.1,0.0,128.0,1
D003453,4.9,1203.0,0.96,27.5,0.46,-65.9,-50.4,24.0,44.0,-93.9,9.9,0.0,126.0,1
D003454,5.2,1226.0,1.04,29.0,0.41,-65.5,-49.2,23.0,44.0,-96.2,5.3,0.0,116.0,1
D003455,5.4,1164.0,1.12,30.5,0.48,-67.3,-49.1,23.3,48.0,-94.7,10.4,0.0,127.0,1
D003456,4.7,1221.0,1.1,32.0,0.44,-66.0,-49.5,24.3,47.0,-97.5,10.7,0.0,131.0,1
D003457,4.5,1178.0,0.95,26.0,0.5,-64.2,-48.3,24.0,40.0,-95.0,11.0,0.0,123.0,1
D003458,4.7,1214.0,1.11,28.5,0.43,-65.8,-50.0,24.7,48.0,-95.3,9.2,0.0,128.0,1
D003459,4.8,1247.0,1.08,30.0,0.57,,-49.8,24.2,40.0,-95.2,8.7,1.0,130.0,1
D003460,4.5,1194.0,1.15,29.5,0.42,-64.6,-51.5,24.5,48.0,-95.4,9.1,1.0,,1
D003461,4.4,1235.0,1.29,33.0,0.62,-66.1,-51.4,24.4,58.0,-99.6,13.8,0.0,101.0,1
D003462,4.5,1152.0,1.03,30.0,0.42,-66.0,-49.4,23.8,41.0,-96.2,8.7,0.0,129.0,1
D003463,4.2,1083.0,1.04,35.0,0.3,-61.6,-49.9,25.6,32.0,-91.3,8.8,1.0,109.0,0
D003464,5.1,1204.0,1.21,29.5,0.5,-65.0,-50.5,23.8,48.0,-95.2,3.0,0.0,130.0,1
D003465,4.2,1152.0,1.18,28.5,0.38,-66.5,-49.9,23.1,40.0,-96.9,12.9,0.0,120.0,0
D003466,4.5,1159.0,1.07,25.0,0.51,-64.8,-50.9,25.8,46.0,,11.5,1.0,135.0,1
D003467,4.1,1352.0,1.16,30.5,0.38,-66.8,-48.1,22.8,55.0,-95.0,3.4,1.0,129.0,1
D003468,4.8,1178.0,0.91,29.0,0.48,-65.5,-48.4,23.8,45.0,-96.4,9.9,1.0,130.0,1
D003469,3.8,,,24.5,0.32,-61.1,-47.7,23.3,45.0,-92.2,19.9,1.0,135.0,0
D003470,6.7,1211.0,,31.5,0.67,-67.7,-52.4,29.9,45.0,-93.2,6.4,1.0,117.0,0
D003471,4.6,1184.0,1.1,28.0,0.47,-64.8,-48.6,24.2,42.0,-95.6,8.5,0.0,123.0,1
D003472,5.1,1254.0,1.14,,0.44,-65.1,-50.5,25.0,40.0,-95.2,5.4,0.0,130.0,1
D003473,4.0,1172.0,1.17,24.0,0.5,-65.9,-50.7,23.7,44.0,-93.6,7.4,,138.0,0
D003474,5.3,1167.0,0.88,20.0,0.31,-65.7,-53.8,27.6,48.0,-99.6,9.3,0.0,130.0,0
D003475,4.7,1025.0,0.9,27.5,0.46,-63.1,-47.7,23.9,56.0,-93.2,,1.0,,0
D003476,4.9,1206.0,1.03,31.0,0.39,-66.6,-49.6,23.0,46.0,-95.3,6.3,1.0,120.0,1
D003477,4.3,1120.0,1.2,30.5,0.45,-65.3,-50.7,24.0,40.0,-96.2,9.0,0.0,133.0,1
D003478,3.6,1108.0,0.87,24.5,0.37,-62.1,-53.9,24.4,54.0,-90.9,6.3,0.0,135.0,0
D003479,,1265.0,1.04,28.0,0.53,-65.1,-51.1,24.1,45.0,-94.5,8.0,0.0,136.0,1
D003480,4.0,1124.0,1.47,39.5,0.59,-69.9,-51.7,23.0,,-96.0,1.9,0.0,113.0,1
D003481,4.8,1254.0,1.12,32.0,0.43,-66.0,-50.4,24.3,46.0,-95.5,9.8,0.0,135.0,1
D003482,5.2,1294.0,1.02,33.0,0.37,-63.5,-45.4,25.1,37.0,-90.1,10.0,1.0,105.0,0
D003483,5.0,1162.0,1.06,31.5,0.49,-64.8,-51.4,23.4,41.0,-95.9,3.0,1.0,137.0,1
D003484,4.7,1149.0,1.18,34.0,0.43,-66.3,-51.0,25.2,43.0,-94.8,10.4,1.0,123.0,1
D003485,6.9,1184.0,0.94,22.0,0.45,-62.0,-50.2,28.9,,-95.2,15.6,1.0,134.0,0
D003486,4.8,1193.0,1.13,27.0,0.52,-65.5,-51.1,23.6,45.0,-95.8,9.1,0.0,132.0,1
D003487,4.6,1169.0,1.1,29.0,0.5,-65.9,-51.1,25.7,46.0,-94.9,8.4,0.0,133.0,1
D003488,4.6,1115.0,1.01,29.0,0.49,-65.3,-50.5,23.9,37.0,-94.9,8.4,0.0,127.0,1
D003489,6.8,1396.0,0.94,34.5,0.33,-63.0,-45.6,26.0,51.0,-98.9,20.1,0.0,144.0,0
D003490,4.4,1344.0,1.4,24.0,0.38,-62.1,-45.6,23.1,40.0,-98.0,15.5,1.0,109.0,0
D003491,4.7,1139.0,1.01,33.0,0.5,-64.7,-51.1,23.9,42.0,-95.4,9.2,1.0,124.0,1
D003492,4.9,1142.0,0.98,31.0,0.49,-65.6,-49.1,24.8,38.0,-95.3,11.9,0.0,129.0,1
D003493,4.6,1130.0,1.04,27.0,0.51,-65.6,-50.3,23.3,43.0,-96.3,10.1,0.0,121.0,1
D003494,5.0,1187.0,1.15,28.0,0.47,-66.2,-49.0,24.6,44.0,-96.8,10.9,1.0,118.0,0
D003495,4.2,,1.14,26.0,0.52,-65.4,-51.4,22.8,41.0,-94.3,9.7,0.0,134.0,1
D003496,4.7,1211.0,1.31,28.0,0.52,-64.3,-50.5,24.0,45.0,-95.8,13.3,0.0,133.0,1
D003497,4.8,1158.0,1.09,30.0,0.49,-64.8,-48.3,24.3,48.0,-94.0,4.9,0.0,132.0,1
D003498,5.1,1154.0,1.12,31.5,0.5,-65.2,-50.2,22.8,46.0,-94.8,11.4,1.0,132.0,1
D003499,5.7,1384.0,1.26,28.5,0.69,-60.3,-51.9,27.4,49.0,-95.8,17.4,0.0,139.0,0
D003500,6.6,1225.0,1.59,22.0,0.44,-68.0,-52.3,23.5,52.0,-97.1,8.8,0.0,102.0,0
D003501,6.6,,1.27,,0.7,-69.6,-46.2,26.6,33.0,-94.0,10.1,1.0,111.0,0
D003502,4.3,1158.0,1.12,32.5,0.39,-64.0,,24.7,44.0,-97.5,5.0,0.0,136.0,1
D003503,5.3,1167.0,1.01,29.0,0.44,-65.6,-52.8,22.4,45.0,-95.4,10.7,1.0,118.0,1
D003504,3.8,1184.0,0.88,28.0,0.55,-66.1,-50.2,25.5,41.0,-95.7,,0.0,125.0,1
D003505,4.8,1172.0,1.02,28.5,0.42,-63.6,-51.6,25.3,40.0,-95.0,10.7,1.0,135.0,1
D003506,4.9,1206.0,1.08,30.0,0.38,-65.4,-48.8,24.5,45.0,-95.7,9.6,0.0,130.0,1
D003507,5.0,1206.0,1.21,28.5,0.48,-64.0,-49.8,23.4,45.0,-93.7,9.5,0.0,134.0,0
D003508,6.4,1065.0,1.53,,0.58,-64.3,-50.4,29.6,58.0,-93.4,21.6,1.0,103.0,0
D003509,5.0,1138.0,0.97,28.5,0.5,-65.8,-49.5,23.0,43.0,-96.0,8.1,0.0,132.0,1
D003510,3.3,1182.0,1.4,29.5,0.49,-60.2,-50.1,22.2,59.0,-98.1,9.6,1.0,132.0,0
D003511,4.4,1238.0,1.52,25.0,0.55,-67.2,-54.2,26.2,54.0,-95.4,9.8,0.0,,0
D003512,4.9,1159.0,1.25,27.5,0.46,-68.3,-50.6,24.2,43.0,-95.4,6.7,0.0,124.0,1
D003513,5.2,1198.0,1.11,26.5,0.51,-64.3,-50.2,26.5,42.0,-95.3,9.6,0.0,127.0,1
D003514,3.1,1296.0,1.56,38.0,0.58,-61.7,-52.6,25.8,40.0,-95.1,9.3,0.0,104.0,0
D003515,5.4,1144.0,1.08,29.0,0.47,-64.8,-50.3,23.0,42.0,-94.7,8.5,1.0,134.0,1
D003516,4.8,1197.0,1.09,29.0,0.52,-65.4,-50.7,22.6,48.0,-95.6,,1.0,132.0,1
D003517,3.3,1069.0,1.22,24.0,0.48,-68.7,-52.1,28.2,53.0,-96.8,9.3,0.0,133.0,1
D003518,3.4,1030.0,,36.0,0.59,-62.1,-53.0,20.0,43.0,-98.1,13.6,1.0,143.0,0
D003519,4.3,1153.0,1.07,32.5,0.47,-64.1,-50.0,24.4,42.0,-96.1,6.4,1.0,128.0,1
D003520,5.4,1178.0,1.04,32.0,0.51,-64.1,-49.6,25.2,46.0,-96.5,8.2,0.0,120.0,1
D003521,4.8,1147.0,1.12,29.5,0.46,-66.2,-49.7,25.1,47.0,-96.0,7.3,1.0,121.0,1
D003522,4.1,1347.0,1.43,39.5,0.36,-66.9,-50.4,21.4,43.0,-95.4,16.8,0.0,128.0,0
D003523,4.7,1269.0,0.87,31.5,0.6,-68.7,-52.9,28.6,47.0,-92.3,6.3,1.0,124.0,1
D003524,3.0,1313.0,1.14,25.0,0.4,-67.1,-51.3,25.4,31.0,-95.5,21.8,1.0,111.0,0
D003525,3.8,1206.0,0.98,31.5,0.48,-65.5,-50.2,24.5,42.0,-94.1,9.4,0.0,125.0,1
D003526,5.2,1185.0,1.06,25.0,0.46,-65.2,-49.8,22.7,47.0,-95.9,10.2,1.0,130.0,1
D003527,6.4,1303.0,1.01,35.0,0.49,-69.8,-50.4,25.7,34.0,-90.1,22.7,1.0,108.0,1
D003528,4.0,1386.0,1.26,27.5,0.61,-61.3,-54.5,25.9,51.0,-93.2,16.1,0.0,119.0,0
D003529,5.0,1174.0,1.19,25.5,0.51,-66.9,-48.7,24.3,46.0,-95.2,11.1,1.0,127.0,1
D003530,3.5,1388.0,1.15,32.5,0.51,-60.8,-49.7,26.6,51.0,-94.4,23.3,1.0,138.0,0
D003531,,1124.0,1.16,28.5,0.49,-66.3,-50.4,24.1,47.0,-97.2,11.1,,124.0,1
D003532,4.9,1165.0,1.12,30.0,0.47,-66.7,-50.9,24.3,48.0,-94.4,11.0,1.0,124.0,1
D003533,5.1,1117.0,1.05,30.0,0.5,-65.0,-48.6,24.7,45.0,-96.7,6.8,1.0,129.0,1
D003534,6.1,1326.0,1.57,27.0,0.42,-61.4,-46.2,24.6,60.0,-99.9,19.1,0.0,131.0,0
D003535,4.8,1118.0,1.02,29.5,0.48,-66.1,-49.1,23.6,42.0,-96.5,10.0,1.0,126.0,1
D003536,4.8,1178.0,1.01,28.0,0.5,-65.2,-49.5,23.4,41.0,,12.2,1.0,124.0,1
D003537,4.3,1160.0,1.11,34.5,0.35,-64.3,-50.5,24.3,48.0,-95.7,5.8,1.0,129.0,0
D003538,4.8,1143.0,1.05,24.0,0.44,-66.2,-48.9,24.6,41.0,-96.7,8.5,1.0,125.0,1
D003539,4.5,1154.0,1.15,30.5,0.44,-65.5,-50.8,24.3,46.0,-96.1,10.5,0.0,124.0,1
D003540,4.1,1085.0,1.15,29.0,0.47,-65.1,-50.5,24.7,41.0,-94.7,11.0,1.0,122.0,0
D003541,6.5,1004.0,1.26,32.5,0.47,-65.6,-47.1,23.4,39.0,-91.8,23.5,1.0,133.0,1
D003542,5.3,1177.0,1.19,30.0,0.53,-63.9,-51.0,23.5,42.0,-94.7,9.6,0.0,123.0,1
D003543,5.6,1152.0,1.02,31.0,0.48,-65.6,-50.0,24.6,45.0,-96.3,13.4,1.0,129.0,1
D003544,5.0,1175.0,1.12,31.0,0.48,-64.4,-50.1,23.6,49.0,-96.1,7.1,1.0,132.0,1
D003545,5.1,1209.0,1.01,27.5,0.43,-65.5,-50.8,23.9,45.0,-95.7,8.4,0.0,125.0,1
D003546,5.5,1224.0,1.15,29.5,0.45,-64.5,-51.9,24.4,38.0,-94.8,11.5,0.0,133.0,1
D003547,4.9,1134.0,1.0,27.5,0.5,-64.2,-50.4,24.5,47.0,-93.3,6.5,1.0,127.0,1
D003548,5.3,1185.0,1.36,32.0,0.48,-66.0,-49.0,22.2,44.0,-94.7,7.4,1.0,131.0,1
D003549,4.6,1176.0,1.18,29.0,0.38,-65.4,-49.7,23.0,49.0,-95.2,9.9,1.0,126.0,0
D003550,3.7,1010.0,1.49,25.0,0.65,-63.9,-46.3,25.5,41.0,-97.9,3.9,1.0,131.0,0
D003551,4.5,1172.0,1.07,30.0,0.45,-65.3,-50.4,24.7,43.0,-96.6,10.8,1.0,133.0,1
D003552,5.7,1088.0,1.03,36.5,0.49,-61.1,-54.7,24.4,57.0,-94.4,17.0,0.0,103.0,0
D003553,4.3,1240.0,1.06,27.0,0.43,-64.2,-50.4,23.5,47.0,-94.3,12.0,1.0,122.0,0
D003554,3.6,1223.0,1.08,33.0,0.33,-67.3,-47.9,24.0,48.0,-90.4,21.3,1.0,116.0,0
D003555,4.4,1344.0,1.13,20.5,0.62,-67.3,-54.7,27.8,40.0,-99.2,23.1,0.0,129.0,0
D003556,3.4,1256.0,1.05,33.0,0.68,-64.2,-46.7,24.8,53.0,-95.9,17.5,0.0,108.0,0
D003557,6.6,1233.0,1.36,31.0,0.57,-62.7,-54.3,25.3,56.0,-94.1,23.9,0.0,113.0,0
D003558,5.4,1086.0,1.08,26.0,0.38,-64.5,-49.5,23.3,39.0,-95.1,7.3,1.0,138.0,1
D003559,5.2,1136.0,1.04,27.5,0.5,,-49.2,22.8,47.0,-95.6,4.8,1.0,129.0,1
D003560,5.2,1217.0,1.1,30.0,0.5,-65.7,-50.4,23.9,49.0,-95.5,5.6,0.0,131.0,1
D003561,6.3,1058.0,1.08,27.0,0.62,-65.6,-54.8,21.3,37.0,-91.3,18.6,,104.0,1
D003562,5.8,1190.0,1.02,25.5,0.5,-64.8,-50.3,23.7,43.0,-94.3,8.3,1.0,133.0,1
D003563,4.4,1281.0,1.57,22.5,0.37,-64.0,-49.8,29.5,56.0,-96.3,22.2,1.0,142.0,0
D003564,4.2,1273.0,1.54,30.0,0.55,-65.4,-54.6,25.4,49.0,-91.9,22.4,1.0,,0
D003565,3.8,1319.0,0.88,37.0,0.62,-61.9,-50.7,28.7,50.0,-96.7,0.9,0.0,141.0,1
D003566,6.8,1381.0,0.94,32.5,0.54,-65.1,-45.6,28.1,40.0,-95.1,20.6,1.0,134.0,1
D003567,4.6,1155.0,1.04,29.0,0.37,-64.6,-50.9,23.8,41.0,-97.1,9.9,0.0,126.0,1
D003568,3.7,1024.0,0.91,27.5,0.5,-64.5,-50.3,29.9,,-92.9,8.4,0.0,146.0,0
D003569,5.4,1168.0,1.19,29.0,0.49,-66.4,-50.9,,,-95.4,9.5,0.0,127.0,1
D003570,4.2,1209.0,0.94,26.0,0.52,-65.0,-49.8,25.5,42.0,-96.0,8.4,0.0,125.0,1
D003571,6.0,1049.0,1.55,22.5,0.49,-64.7,-50.4,28.5,56.0,-92.3,5.2,1.0,149.0,0
D003572,5.4,1236.0,1.13,29.0,0.52,-66.7,,26.6,41.0,,6.6,1.0,127.0,1
D003573,5.2,1192.0,1.16,28.5,0.44,-65.2,-50.5,25.6,52.0,-96.8,8.6,0.0,129.0,1
D003574,4.9,1166.0,1.01,28.5,0.48,-64.0,-49.0,25.2,45.0,-94.9,4.0,0.0,128.0,1
D003575,4.3,1225.0,1.59,29.5,0.47,-68.0,-49.7,23.8,41.0,-92.9,,0.0,145.0,1
D003576,4.8,1170.0,1.06,26.0,0.42,-66.0,-49.7,22.3,47.0,-96.5,6.2,0.0,134.0,1
D003577,4.9,1169.0,1.31,27.0,0.53,-65.5,-50.6,26.3,45.0,,7.6,1.0,128.0,0
D003578,4.4,1231.0,1.07,38.5,0.59,-64.7,-52.2,20.6,45.0,-96.2,3.9,1.0,133.0,1
D003579,3.8,1044.0,1.39,33.0,0.39,-64.2,-48.4,27.8,39.0,-94.9,21.6,1.0,115.0,0
D003580,4.9,1145.0,0.92,31.0,0.59,-65.6,-48.5,25.1,43.0,-93.9,9.3,0.0,129.0,1
D003581,6.1,1217.0,1.16,25.5,0.66,-67.5,-49.9,29.9,54.0,-91.5,10.3,0.0,129.0,0
D003582,5.8,1169.0,1.15,31.0,0.54,-65.1,-50.0,24.0,44.0,-96.8,9.6,0.0,128.0,1
D003583,3.2,1212.0,1.21,40.0,0.41,-66.3,-49.5,29.9,31.0,-90.2,12.2,0.0,147.0,0
D003584,4.6,1315.0,1.25,27.5,0.54,-65.7,-50.4,24.6,42.0,-94.7,9.4,0.0,123.0,1
D003585,4.6,1217.0,1.09,28.5,0.47,-66.0,-49.1,22.9,44.0,-95.1,10.5,0.0,120.0,1
D003586,4.4,1236.0,1.07,29.0,0.59,-64.3,-50.3,25.3,48.0,-96.4,8.8,1.0,127.0,0
D003587,4.6,1176.0,1.09,28.5,0.44,-66.6,-50.0,24.5,48.0,-95.7,4.2,1.0,123.0,1
D003588,5.1,1216.0,1.09,23.5,0.43,-67.9,-48.9,23.5,43.0,-95.2,11.2,1.0,124.0,1
D003589,3.7,,1.41,24.5,0.36,-66.8,-49.6,24.4,60.0,-95.0,13.9,0.0,122.0,0
D003590,5.9,1280.0,1.25,22.0,0.48,-67.4,-46.2,23.5,60.0,-98.6,5.7,1.0,139.0,1
D003591,3.8,1117.0,1.11,33.0,0.53,-67.8,-45.4,23.0,32.0,-99.5,20.5,0.0,130.0,1
D003592,5.8,1199.0,0.95,28.0,0.44,-67.5,-49.9,21.8,51.0,-95.7,12.3,0.0,120.0,1
D003593,5.9,1186.0,1.38,20.0,0.63,-63.1,-47.5,26.1,56.0,-91.8,8.9,0.0,134.0,0
D003594,4.8,1124.0,1.05,28.5,0.4,-67.2,-50.0,22.7,45.0,-96.6,8.1,0.0,127.0,1
D003595,3.8,1168.0,1.59,38.0,0.37,-60.6,-49.5,24.0,35.0,-95.5,15.6,1.0,139.0,0
D003596,6.3,1064.0,1.05,30.0,0.57,-65.2,-45.0,29.8,42.0,-90.6,19.1,0.0,116.0,0
D003597,5.9,1378.0,1.58,34.5,,-61.7,-52.9,28.7,38.0,-99.1,17.9,1.0,131.0,0
D003598,5.9,1184.0,1.16,21.0,0.66,-67.2,-47.0,30.0,54.0,-97.4,16.9,1.0,127.0,0
D003599,4.6,1154.0,1.16,29.0,0.51,-65.1,-47.9,26.0,47.0,-96.8,3.0,1.0,132.0,0
D003600,4.3,,1.05,26.5,0.48,-64.8,-47.7,24.3,48.0,-95.7,6.0,0.0,132.0,1
D003601,4.5,,1.26,32.0,0.49,-64.8,-51.7,25.5,49.0,-95.3,8.9,1.0,126.0,0
D003602,4.4,1340.0,0.88,20.0,0.61,-66.5,-49.4,26.3,54.0,-94.7,8.0,1.0,123.0,0
D003603,5.2,1369.0,1.18,20.5,0.46,-65.1,-47.9,22.9,43.0,-92.0,13.3,0.0,144.0,0
D003604,4.0,1353.0,1.11,26.5,0.58,-61.4,-45.3,26.0,44.0,-92.1,22.2,0.0,145.0,0
D003605,4.4,1217.0,1.04,28.0,0.46,-65.0,,23.6,46.0,-95.9,8.4,0.0,123.0,1
D003606,5.4,1170.0,1.16,29.0,0.47,-63.6,-48.6,24.0,45.0,-96.1,11.0,1.0,129.0,1
D003607,6.7,1211.0,1.4,27.0,0.51,-65.9,-52.4,26.1,58.0,-100.0,17.1,1.0,114.0,1
D003608,5.3,1162.0,1.16,28.5,0.43,-68.3,-47.3,26.2,43.0,-94.4,9.9,1.0,128.0,1
D003609,4.0,1096.0,1.15,25.5,0.45,-65.0,-51.4,23.5,,-94.0,8.4,1.0,135.0,1
D003610,5.5,1179.0,1.05,33.0,0.47,-64.4,-50.8,24.6,44.0,-96.1,6.8,1.0,132.0,1
D003611,4.3,1199.0,1.06,33.0,0.46,-65.6,-49.8,22.6,45.0,-95.8,8.7,0.0,130.0,1
D003612,5.6,1140.0,1.21,30.5,0.48,-64.9,-50.2,25.4,40.0,-95.3,12.3,1.0,132.0,1
D003613,5.0,1152.0,1.07,32.5,0.51,-65.2,-50.8,23.5,47.0,-96.2,6.3,,128.0,1
D003614,4.4,1185.0,1.11,25.5,0.47,-62.4,-49.0,23.1,42.0,-94.9,6.8,1.0,132.0,0
D003615,5.5,1256.0,0.97,32.5,0.42,-64.5,-50.0,26.9,43.0,-95.9,6.0,0.0,131.0,1
D003616,4.8,1143.0,1.17,27.0,0.43,-65.7,-49.8,26.0,38.0,-97.0,10.6,1.0,129.0,1
D003617,4.8,1158.0,0.99,29.0,0.39,-64.1,-51.1,24.5,43.0,-95.2,7.2,1.0,124.0,0
D003618,4.8,1126.0,1.05,26.5,0.61,-65.8,-48.8,26.6,48.0,-95.5,9.5,1.0,130.0,0
D003619,3.0,1195.0,1.34,22.5,0.62,-61.3,-48.4,27.4,45.0,-90.3,4.4,1.0,135.0,0
D003620,4.7,1220.0,1.07,27.5,0.49,-63.8,-50.3,24.4,39.0,-95.9,6.5,1.0,133.0,1
D003621,4.8,1229.0,1.11,30.0,0.45,-66.2,-50.1,24.7,47.0,-96.9,9.9,0.0,124.0,1
D003622,5.0,1208.0,1.04,28.0,0.4,-65.5,-47.5,25.2,44.0,-96.0,12.5,1.0,132.0,0
D003623,4.4,1157.0,1.19,27.0,0.46,-65.0,-48.4,24.9,40.0,-94.8,11.0,1.0,132.0,0
D003624,4.5,1180.0,1.12,31.0,0.46,-65.1,-48.9,23.9,45.0,-95.4,4.9,1.0,133.0,1
D003625,4.7,1168.0,1.16,29.5,0.57,-64.7,-48.6,23.7,51.0,-96.2,6.7,1.0,122.0,0
D003626,3.3,1270.0,1.21,37.5,0.53,-65.6,-48.6,28.1,58.0,-95.0,17.9,1.0,138.0,0
D003627,,1315.0,1.46,37.0,0.62,-62.4,-46.8,23.2,32.0,-93.4,2.5,1.0,134.0,0
D003628,3.8,1061.0,1.32,31.0,0.7,-69.5,-48.0,22.9,58.0,-99.8,,1.0,150.0,0
D003629,5.3,1100.0,1.08,27.0,0.51,-65.1,,24.0,42.0,-95.9,11.4,,135.0,1
D003630,5.6,1138.0,1.05,25.5,0.51,-65.4,-49.7,23.8,42.0,-95.2,9.7,0.0,134.0,1
D003631,4.6,1253.0,1.2,,0.47,-67.0,-50.1,25.4,44.0,-95.5,13.8,0.0,126.0,1
D003632,5.1,1156.0,1.14,29.0,0.47,-65.8,-50.3,23.7,43.0,-95.1,7.9,0.0,120.0,1
D003633,4.7,1165.0,1.09,28.5,0.48,-66.3,-47.7,25.1,42.0,-93.6,5.3,1.0,132.0,1
D003634,4.6,1210.0,1.15,31.0,0.46,-66.7,-50.3,26.0,46.0,-96.0,6.7,0.0,137.0,1
D003635,4.3,1218.0,1.03,28.0,0.55,-64.3,-50.4,23.5,49.0,-95.8,9.4,0.0,128.0,1
D003636,4.1,1324.0,1.59,26.5,0.35,,-53.2,24.3,35.0,-97.0,3.5,1.0,116.0,0
D003637,5.2,1245.0,1.04,30.5,0.53,-64.8,-50.5,24.0,43.0,-93.9,6.4,1.0,134.0,1
D003638,5.0,1248.0,1.06,27.5,0.49,-65.1,-49.9,24.3,,-94.6,7.4,1.0,136.0,1
D003639,4.9,1146.0,1.31,33.0,0.44,-64.3,-53.0,30.0,50.0,-95.4,18.6,0.0,107.0,0
D003640,4.7,1162.0,1.05,28.0,0.48,-64.7,-49.9,23.5,40.0,-97.1,10.1,1.0,125.0,1
D003641,5.3,1228.0,1.07,32.5,0.41,-66.2,-50.3,24.7,39.0,-94.1,11.7,1.0,132.0,1
D003642,4.6,1117.0,1.15,30.5,0.53,-64.2,-51.6,22.6,49.0,-95.5,4.3,1.0,117.0,1
D003643,4.3,1169.0,1.13,30.5,0.47,-65.8,-49.7,22.4,,-93.9,11.4,1.0,129.0,0
D003644,3.4,1301.0,1.02,24.5,0.66,-60.1,-52.3,25.8,51.0,-96.2,14.1,1.0,144.0,0
D003645,4.9,1136.0,0.82,21.5,0.64,-62.0,-48.9,24.6,35.0,-90.1,4.7,1.0,135.0,0
D003646,3.7,1288.0,0.94,30.0,0.7,-63.9,-48.1,25.6,56.0,-90.0,9.8,1.0,118.0,0
D003647,3.9,1325.0,1.09,35.5,0.41,-63.5,-52.8,26.6,40.0,-92.3,23.6,1.0,141.0,0
D003648,5.5,1041.0,1.02,38.5,0.43,-64.2,-52.7,23.6,30.0,-97.4,5.2,1.0,127.0,1
D003649,5.2,1175.0,1.09,34.5,0.45,-67.0,-50.4,23.9,45.0,-97.8,7.1,1.0,135.0,1
D003650,4.6,1208.0,0.95,27.0,0.51,,-50.5,24.2,45.0,-94.9,7.9,1.0,123.0,1
D003651,5.0,1199.0,1.21,31.0,0.5,-63.7,-51.6,23.1,44.0,-97.1,9.0,0.0,131.0,1
D003652,5.8,1352.0,1.22,21.5,0.57,-62.5,-49.5,27.0,32.0,-97.7,14.1,1.0,125.0,0
D003653,5.3,1204.0,1.07,,0.54,-64.7,-51.0,21.8,42.0,-96.4,11.6,1.0,125.0,1
D003654,5.2,1252.0,1.44,31.5,0.54,-61.7,-52.5,29.8,52.0,-92.2,22.5,1.0,142.0,0
D003655,5.3,1243.0,1.08,28.5,0.46,-64.7,-50.3,22.1,46.0,-94.2,11.1,0.0,131.0,1
D003656,3.1,1394.0,1.2,33.5,0.45,-64.7,-47.7,20.5,43.0,-95.3,17.3,0.0,138.0,1
D003657,4.3,1168.0,1.03,29.5,0.47,-63.2,-50.2,23.4,45.0,-94.9,6.7,0.0,128.0,0
D003658,5.0,1152.0,1.11,33.0,0.51,-65.4,-50.2,22.1,44.0,,9.7,,125.0,1
D003659,3.4,1298.0,0.87,22.0,0.6,-64.3,-52.3,21.6,59.0,-95.3,5.5,1.0,117.0,0
D003660,4.4,1114.0,1.2,30.5,0.52,-66.1,-48.3,21.9,47.0,-97.5,10.2,0.0,130.0,1
D003661,3.7,,1.44,24.0,0.5,-65.3,-50.0,22.6,34.0,-91.5,18.0,1.0,100.0,0
D003662,5.5,1206.0,1.15,28.0,0.41,-64.2,-48.9,24.9,41.0,-96.3,9.6,1.0,137.0,1
D003663,4.9,1198.0,0.99,24.0,0.53,-64.5,-50.9,24.1,47.0,-96.7,8.5,,134.0,1
D003664,4.9,1158.0,1.05,25.0,0.49,-67.0,-50.1,23.3,43.0,-94.5,7.7,1.0,127.0,1
D003665,6.6,1012.0,1.47,39.0,0.3,-69.2,-47.7,23.5,49.0,-92.2,19.7,0.0,145.0,1
D003666,6.1,1089.0,1.55,36.0,0.53,-60.5,-54.0,26.0,60.0,-99.6,23.8,1.0,135.0,1
D003667,6.3,1021.0,1.23,26.5,0.54,-63.1,-47.7,25.4,52.0,-91.6,19.4,0.0,105.0,0
D003668,4.2,1063.0,1.19,31.0,0.42,-65.3,-50.8,25.3,,-97.3,,0.0,131.0,1
D003669,6.6,1124.0,1.42,29.0,0.58,-66.3,-52.5,22.5,53.0,-92.8,20.4,1.0,123.0,1
D003670,5.4,1211.0,0.94,29.5,0.45,-66.9,-48.0,24.6,45.0,-97.1,9.5,1.0,129.0,1
D003671,3.4,1329.0,1.23,38.0,0.65,-67.0,-48.7,27.7,30.0,-98.3,13.2,1.0,138.0,1
D003672,5.2,1158.0,1.12,29.0,0.43,-65.7,-49.5,24.5,45.0,-96.1,10.5,0.0,129.0,1
D003673,6.1,1382.0,1.49,40.0,0.42,-65.3,,21.0,32.0,-97.3,16.1,1.0,143.0,1
D003674,4.5,1158.0,1.21,28.5,0.45,-64.3,-50.4,23.1,43.0,-95.7,7.3,1.0,136.0,1
D003675,4.9,1238.0,1.26,28.0,0.45,-63.0,-49.7,23.4,41.0,-94.8,12.3,0.0,126.0,1
D003676,4.6,1150.0,1.07,29.5,0.44,-65.3,-50.2,23.9,49.0,-94.2,5.3,0.0,125.0,1
D003677,4.9,1095.0,1.1,40.0,0.56,-67.4,-49.1,20.5,50.0,-92.6,16.9,1.0,104.0,0
D003678,4.8,1160.0,1.09,28.0,0.4,-65.2,-48.9,23.6,50.0,-95.5,9.7,0.0,128.0,0
D003679,5.1,1159.0,0.99,29.5,0.44,-65.9,-48.3,22.9,46.0,-95.7,8.0,0.0,122.0,1
D003680,5.2,1166.0,1.2,29.5,0.52,-66.5,-50.5,25.5,44.0,-95.4,7.1,1.0,133.0,1
D003681,5.1,1191.0,1.06,30.0,0.47,-63.4,-49.9,24.7,40.0,-96.4,12.1,0.0,125.0,1
D003682,4.8,1163.0,1.23,30.5,0.44,-65.0,-49.3,24.9,45.0,-95.3,10.3,1.0,125.0,0
D003683,5.0,1356.0,1.38,28.5,0.34,-68.6,-53.1,22.0,51.0,-92.7,12.4,1.0,117.0,0
D003684,4.9,1153.0,1.13,33.0,0.46,-66.8,-50.0,25.4,42.0,-95.6,5.4,1.0,129.0,1
D003685,4.4,1165.0,1.17,26.0,0.46,-65.7,-49.2,23.6,45.0,-95.4,8.1,1.0,133.0,1
D003686,5.8,1160.0,1.1,29.5,0.5,-66.6,-49.2,23.7,40.0,-95.7,9.0,1.0,,1
D003687,5.2,1164.0,1.15,28.0,0.46,-65.9,-49.7,22.9,48.0,-94.5,10.8,1.0,132.0,0
D003688,4.8,1228.0,1.15,25.5,0.54,-67.7,-50.6,24.5,47.0,-96.1,6.0,1.0,123.0,1
D003689,4.6,1136.0,1.06,28.0,0.49,-65.4,-50.1,25.2,48.0,-94.7,8.8,0.0,131.0,1
D003690,4.3,1299.0,1.57,26.5,0.33,-61.1,-46.9,23.1,38.0,-94.3,17.7,1.0,124.0,0
D003691,5.5,1192.0,1.22,29.5,0.52,-67.1,-50.4,25.1,47.0,-94.0,10.3,1.0,123.0,1
D003692,4.0,1144.0,1.04,27.0,0.51,-63.6,-50.0,23.2,42.0,-96.5,3.2,1.0,121.0,1
D003693,5.4,1339.0,1.03,30.0,0.47,-62.6,-52.2,25.8,38.0,-97.5,19.1,1.0,146.0,1
D003694,5.0,1188.0,1.19,28.0,0.45,-67.2,-49.3,23.6,42.0,-97.0,13.5,0.0,126.0,1
D003695,5.2,1010.0,0.82,29.0,0.46,-67.1,-48.1,26.9,53.0,-98.9,13.7,1.0,116.0,1
D003696,4.7,1130.0,1.04,28.5,0.43,-67.5,-49.2,24.6,40.0,-96.2,9.8,0.0,126.0,1
D003697,4.7,1173.0,1.04,28.5,0.52,-67.0,-50.5,22.2,50.0,-94.6,7.4,0.0,121.0,0
D003698,5.3,1070.0,1.49,35.5,0.55,-69.2,-48.2,27.7,40.0,-93.0,16.1,1.0,107.0,0
D003699,5.4,1165.0,1.15,28.0,0.51,-67.1,-48.7,23.8,44.0,-93.3,11.6,1.0,126.0,1
D003700,5.0,1160.0,1.2,27.0,0.5,-66.8,-49.6,23.2,49.0,-96.1,8.4,0.0,121.0,1
D003701,3.5,1369.0,0.94,34.0,0.39,-62.3,-47.0,21.6,56.0,-99.0,18.3,0.0,111.0,0
D003702,4.1,1011.0,1.0,26.0,0.55,-62.3,-53.4,26.8,36.0,-96.8,5.2,1.0,138.0,1
D003703,4.6,1245.0,1.17,28.5,0.47,-64.0,-49.7,23.8,41.0,-96.2,9.3,1.0,124.0,0
D003704,4.0,1004.0,1.39,31.5,0.48,-67.8,-50.6,20.2,32.0,-98.5,7.6,1.0,127.0,1
D003705,5.1,1119.0,1.13,28.0,0.45,-63.4,-49.4,23.9,46.0,-94.5,11.7,1.0,127.0,1
D003706,4.7,1214.0,0.95,29.0,0.44,-65.4,-50.7,24.8,44.0,-97.3,11.7,0.0,127.0,1
D003707,5.8,1020.0,1.13,29.5,0.38,-62.6,-45.5,27.5,40.0,-91.1,14.5,1.0,118.0,0
D003708,5.0,1191.0,1.07,28.0,0.5,-64.0,-49.5,24.0,43.0,-96.3,8.0,0.0,128.0,1
D003709,4.7,1144.0,1.03,31.0,0.55,-66.7,-50.6,25.3,42.0,-96.5,11.9,1.0,129.0,1
D003710,4.7,1231.0,0.98,30.0,0.47,-67.0,-51.3,22.8,42.0,-96.1,9.2,1.0,130.0,1
D003711,4.6,1255.0,0.99,26.5,0.47,-66.7,-50.5,24.4,44.0,-95.1,11.1,0.0,130.0,1
D003712,3.7,1331.0,1.46,30.0,0.52,-61.5,-54.0,25.3,39.0,-99.4,22.2,0.0,113.0,0
D003713,3.6,1246.0,1.0,20.0,0.44,-65.2,-46.3,25.6,47.0,-99.4,10.1,0.0,131.0,0
D003714,4.7,1294.0,1.24,29.0,0.3,-63.0,-51.6,24.0,50.0,-99.6,23.1,0.0,122.0,0
D003715,3.3,1018.0,,33.0,0.58,-64.7,-53.3,26.5,49.0,-99.5,6.4,0.0,107.0,0
D003716,4.8,1132.0,0.98,32.5,0.46,-64.0,-49.8,23.4,46.0,-96.1,5.2,0.0,134.0,1
D003717,4.8,1163.0,1.2,30.5,0.45,-65.1,-49.4,22.8,49.0,-94.0,9.1,0.0,136.0,1
D003718,4.3,1252.0,1.17,29.5,0.48,-65.3,-49.7,25.0,45.0,-95.8,10.2,0.0,129.0,1
D003719,5.4,1074.0,1.17,37.0,0.44,-62.0,-45.7,24.9,60.0,-96.7,22.3,0.0,114.0,0
D003720,5.0,1146.0,1.36,33.0,0.67,-69.8,-53.9,27.4,53.0,-94.2,5.4,1.0,110.0,0
D003721,4.8,1229.0,1.12,29.0,0.46,-63.6,-50.4,25.0,46.0,-95.3,9.3,0.0,128.0,1
D003722,4.9,1133.0,1.0,27.0,0.46,-64.4,-51.9,25.3,45.0,-95.3,9.8,0.0,134.0,1
D003723,4.8,1188.0,1.14,28.5,0.5,-65.3,-48.2,23.1,49.0,-95.4,10.2,1.0,124.0,0
D003724,3.3,1279.0,1.18,21.5,0.37,-64.1,-47.5,22.7,55.0,-90.1,7.8,1.0,136.0,0
D003725,4.7,1221.0,1.06,30.0,0.45,-67.1,-48.9,24.7,42.0,-95.0,4.7,0.0,131.0,1
D003726,4.8,,1.13,28.0,0.48,-66.3,-49.4,25.7,40.0,-94.0,5.7,0.0,137.0,1
D003727,,1117.0,1.17,35.5,0.38,-62.1,-48.1,28.8,38.0,-98.5,13.0,0.0,108.0,0
D003728,4.4,1154.0,1.17,29.0,0.48,-63.4,-50.2,24.1,46.0,-95.4,10.1,1.0,127.0,0
D003729,4.4,1127.0,1.05,30.5,0.41,-66.4,-51.2,24.7,48.0,-96.8,13.0,1.0,112.0,0
D003730,4.4,1305.0,1.31,22.5,0.54,-63.1,-52.8,25.5,47.0,-95.1,15.1,1.0,104.0,0
D003731,4.9,1193.0,1.07,27.5,0.39,-65.4,-49.8,23.4,42.0,-95.9,10.6,0.0,123.0,1
D003732,5.7,1193.0,1.14,31.5,0.45,-66.6,-50.7,25.5,45.0,-96.5,8.8,0.0,136.0,1
D003733,4.4,1210.0,1.04,30.5,0.41,-66.1,-50.0,24.3,44.0,-95.4,7.5,1.0,137.0,1
D003734,5.1,1150.0,1.1,27.5,0.58,-66.0,,25.1,51.0,-95.4,12.5,0.0,129.0,1
D003735,5.1,1107.0,1.17,21.5,0.43,-65.2,-48.2,26.6,56.0,-92.1,21.9,0.0,113.0,0
D003736,4.8,1189.0,1.2,26.5,0.48,-68.0,-51.2,22.9,49.0,-94.3,8.2,0.0,124.0,1
D003737,6.1,1316.0,1.45,31.5,0.59,-60.4,-46.4,20.7,53.0,-90.0,2.3,0.0,149.0,0
D003738,4.4,1228.0,1.12,31.0,0.49,-65.5,-50.1,25.1,46.0,-94.6,12.6,0.0,126.0,0
D003739,4.3,1229.0,1.05,31.0,0.44,-64.7,-49.3,22.2,40.0,-93.8,9.1,0.0,132.0,1
D003740,4.8,1168.0,1.23,31.0,0.47,-65.8,-50.8,24.0,49.0,-95.3,8.1,0.0,123.0,1
D003741,4.9,1151.0,1.17,28.0,0.42,-63.7,-49.2,23.9,41.0,-95.3,7.6,1.0,129.0,0
D003742,4.8,1065.0,1.41,37.0,0.7,-66.5,-50.1,21.8,31.0,-98.5,7.1,0.0,148.0,1
D003743,5.5,1006.0,1.09,23.5,0.68,-68.9,-51.4,20.1,33.0,-95.7,21.4,1.0,108.0,0
D003744,4.9,1124.0,1.02,32.5,0.53,-64.3,-48.8,24.0,42.0,-95.7,10.4,1.0,125.0,1
D003745,5.8,1307.0,1.58,24.0,0.33,-68.2,-49.0,23.6,30.0,-94.7,4.0,1.0,118.0,0
D003746,5.1,1252.0,1.21,32.0,0.45,-66.4,-50.0,25.0,46.0,-95.8,9.6,0.0,128.0,1
D003747,5.0,1213.0,1.05,32.0,0.5,-66.6,-50.5,,41.0,-94.7,12.5,1.0,126.0,1
D003748,4.5,1109.0,1.1,31.5,0.45,-64.5,-50.7,24.5,41.0,-94.2,7.6,0.0,133.0,1
D003749,4.3,1231.0,1.19,29.5,0.51,-65.4,-49.2,24.2,44.0,,9.9,0.0,126.0,1
D003750,4.7,1251.0,1.15,32.0,0.53,-66.2,-50.5,23.1,39.0,-96.3,7.1,1.0,133.0,1
D003751,4.7,1141.0,1.11,30.5,0.58,-65.1,-49.0,24.6,39.0,-96.7,13.9,1.0,130.0,1
D003752,4.6,1225.0,1.12,32.0,0.5,-65.5,-49.2,24.2,45.0,-95.9,13.3,1.0,137.0,1
D003753,3.9,1212.0,1.0,27.5,0.43,-63.9,-51.0,24.0,43.0,-94.7,10.7,0.0,133.0,1
D003754,5.0,1228.0,1.1,26.0,0.48,-66.4,-50.8,22.8,42.0,-96.7,10.5,1.0,123.0,1
D003755,3.6,1243.0,1.33,32.5,0.38,-66.3,-45.3,27.0,,-96.7,7.5,1.0,148.0,0
D003756,4.6,1189.0,1.16,29.5,0.49,-65.3,-50.9,24.1,43.0,-95.4,9.0,1.0,131.0,1
D003757,4.5,1108.0,1.05,33.0,0.47,-64.0,-52.1,24.9,41.0,-95.3,8.5,0.0,127.0,1
D003758,4.5,1244.0,0.89,26.5,0.38,-62.2,-48.4,23.7,56.0,-95.9,15.5,1.0,101.0,0
D003759,3.2,1108.0,1.51,36.0,0.47,-67.0,,20.5,59.0,-98.3,22.6,1.0,129.0,0
D003760,5.0,1134.0,1.07,29.0,0.5,-65.9,-50.6,24.5,47.0,-94.6,10.1,0.0,136.0,1
D003761,5.9,1057.0,0.94,27.0,0.3,-61.9,-53.8,20.5,40.0,-98.7,14.2,1.0,148.0,0
D003762,4.4,1183.0,1.14,29.0,0.49,-66.3,-50.5,23.2,44.0,-94.9,13.3,1.0,130.0,0
D003763,5.7,1245.0,1.13,28.0,0.33,-63.5,-52.3,21.8,41.0,-98.6,9.2,0.0,139.0,1
D003764,4.7,1080.0,1.04,27.5,0.52,-66.1,-50.4,24.8,48.0,-95.4,12.8,0.0,131.0,1
D003765,5.8,1180.0,1.52,20.0,0.48,,-49.9,20.8,48.0,-91.1,23.8,0.0,113.0,0
D003766,5.7,1247.0,1.11,37.0,0.5,-66.3,-51.5,24.9,37.0,-92.1,2.6,0.0,139.0,1
D003767,5.7,1263.0,0.94,34.0,0.63,-60.2,-49.4,23.3,41.0,-91.8,4.4,1.0,125.0,1
D003768,5.1,1147.0,1.05,26.5,0.4,-64.5,-50.4,22.9,45.0,-95.3,7.7,1.0,128.0,0
D003769,4.1,1222.0,0.99,28.0,0.53,-65.5,-49.5,25.0,43.0,-94.7,2.3,0.0,126.0,1
D003770,4.4,1171.0,1.18,30.0,0.46,-64.0,-50.2,24.7,48.0,-96.5,10.8,0.0,118.0,0
D003771,4.7,1149.0,1.46,37.0,0.53,-66.9,-54.9,24.8,46.0,-93.6,9.6,1.0,101.0,0
D003772,4.6,1159.0,1.22,29.0,0.54,-66.2,-49.4,24.1,35.0,-94.1,8.0,0.0,132.0,1
D003773,,1216.0,0.98,27.0,0.53,-67.1,-50.1,22.1,45.0,-97.0,7.9,0.0,127.0,1
D003774,5.2,1180.0,1.14,31.5,0.56,-66.5,-48.0,22.3,38.0,-96.5,10.9,1.0,124.0,1
D003775,5.3,1226.0,1.01,28.0,0.42,-65.5,-49.9,23.9,43.0,-96.7,6.8,0.0,128.0,1
D003776,3.9,1388.0,1.49,39.0,0.58,-63.1,-54.0,24.2,35.0,-94.7,13.1,1.0,109.0,0
D003777,4.7,1282.0,1.12,29.5,0.46,-67.0,-50.7,22.6,41.0,-96.0,6.5,1.0,125.0,1
D003778,5.6,1129.0,1.04,29.5,0.48,-66.2,-47.0,24.0,51.0,-96.1,11.0,0.0,131.0,1
D003779,5.1,1186.0,1.09,25.5,0.45,-65.9,-50.5,21.7,42.0,-95.4,10.7,1.0,132.0,1
D003780,6.6,1019.0,0.86,28.0,0.34,-69.5,-49.8,28.6,48.0,-91.8,18.0,1.0,102.0,0
D003781,6.8,1173.0,0.95,27.5,0.56,-67.7,-49.7,29.5,33.0,-90.2,15.9,0.0,123.0,0
D003782,6.1,1109.0,1.26,32.5,0.67,-65.9,-45.2,29.9,55.0,-92.5,10.7,1.0,108.0,0
D003783,,1198.0,,30.5,0.43,-65.0,-50.8,24.2,43.0,-95.1,7.2,0.0,126.0,1
D003784,6.9,,1.06,24.5,0.48,-60.0,-45.7,20.1,48.0,-90.1,17.8,1.0,124.0,0
D003785,4.5,1210.0,1.04,25.5,0.5,-65.3,-49.5,23.4,43.0,-97.3,12.7,0.0,118.0,1
D003786,4.5,1118.0,1.06,33.0,0.5,-64.8,-49.6,25.2,43.0,-95.6,7.9,1.0,126.0,1
D003787,5.0,1121.0,1.08,28.0,0.47,-67.0,-50.5,23.4,44.0,-96.3,8.8,0.0,129.0,1
D003788,,1215.0,0.94,30.0,0.52,-64.6,-47.6,23.3,45.0,-96.6,6.4,0.0,123.0,1
D003789,4.7,1292.0,0.87,26.5,0.49,-66.2,-51.4,25.7,40.0,-95.0,8.6,1.0,129.0,1
D003790,5.7,1008.0,1.34,38.0,0.65,-63.6,-45.1,23.7,40.0,-97.2,,0.0,140.0,0
D003791,5.0,1116.0,1.2,28.5,0.42,-65.8,-51.8,23.7,41.0,-95.3,,0.0,130.0,1
D003792,4.7,1159.0,1.04,27.0,0.52,-65.1,-49.6,26.0,42.0,-95.7,5.6,1.0,125.0,1
D003793,5.9,1044.0,1.57,23.0,0.39,-62.3,-52.8,29.8,38.0,-98.5,11.0,0.0,138.0,0
D003794,4.0,1116.0,0.95,29.0,0.49,-65.0,-51.3,24.3,45.0,-95.7,10.5,1.0,130.0,1
D003795,5.2,1250.0,1.06,29.5,0.46,-65.6,-52.3,,41.0,-96.8,3.9,1.0,132.0,1
D003796,4.8,1170.0,0.99,36.0,0.69,-60.4,-52.9,30.0,56.0,-95.6,20.0,,129.0,0
D003797,5.2,1137.0,1.14,28.0,0.49,-66.7,-51.3,22.6,51.0,-96.6,10.0,0.0,139.0,1
D003798,4.5,1152.0,1.09,28.5,0.52,-64.8,-50.3,24.4,43.0,-95.7,7.2,0.0,128.0,1
D003799,4.7,1178.0,1.11,25.0,0.47,-64.3,-50.0,23.4,43.0,-96.0,,1.0,126.0,0
D003800,4.7,1159.0,1.12,29.0,0.54,-67.1,-50.5,24.1,42.0,-95.1,8.7,1.0,127.0,1
D003801,4.9,1207.0,1.01,25.0,0.48,-63.6,-51.4,24.6,44.0,-97.1,5.7,1.0,136.0,1
D003802,4.8,1079.0,1.32,26.5,,-67.5,-49.7,21.5,55.0,-90.9,,0.0,145.0,1
D003803,5.8,1184.0,1.28,28.0,0.46,-66.0,-51.4,23.6,50.0,-96.6,7.6,0.0,134.0,1
D003804,4.5,1205.0,1.18,27.5,0.54,-64.7,-48.9,23.6,44.0,-93.8,10.7,0.0,125.0,1
D003805,3.9,1333.0,1.12,32.5,0.48,-67.0,-47.2,28.4,54.0,-90.2,1.6,1.0,150.0,0
D003806,4.3,1153.0,1.21,32.5,0.45,-64.9,,25.1,44.0,-93.5,9.0,0.0,124.0,1
D003807,4.7,1214.0,,26.5,0.5,-66.7,-49.0,24.3,48.0,-95.4,6.8,1.0,133.0,1
D003808,5.5,1139.0,1.06,30.5,0.51,-65.3,-49.5,23.7,44.0,-96.0,7.3,0.0,125.0,1
D003809,5.9,1323.0,1.57,36.5,0.58,-60.2,-49.2,26.4,43.0,-98.7,12.6,0.0,103.0,0
D003810,4.2,1209.0,1.17,29.0,0.48,-66.2,-48.4,23.3,47.0,-96.2,7.1,0.0,120.0,0
D003811,5.3,1139.0,1.12,30.5,0.52,-65.6,-49.8,25.3,45.0,-94.4,10.8,0.0,128.0,1
D003812,4.7,1239.0,1.14,33.0,0.52,-65.7,-49.7,25.0,42.0,-95.9,4.5,0.0,135.0,1
D003813,4.9,1246.0,1.01,29.5,0.45,-67.3,-50.1,24.8,45.0,,9.9,0.0,126.0,1
D003814,4.2,1029.0,1.0,37.0,0.5,-66.6,-51.5,29.1,53.0,-98.2,14.1,1.0,121.0,0
D003815,4.8,1133.0,1.04,29.5,0.53,-66.0,-50.5,24.2,35.0,-94.4,12.3,1.0,123.0,1
D003816,6.2,1341.0,1.55,37.0,0.45,-66.5,-49.8,29.5,57.0,-92.5,15.1,1.0,148.0,1
D003817,5.5,1052.0,1.37,29.0,0.5,-63.5,-47.6,24.9,46.0,-96.0,20.9,0.0,118.0,0
D003818,5.0,1135.0,1.08,28.0,0.44,-65.5,-51.6,23.9,46.0,-98.0,10.4,1.0,123.0,1
D003819,3.0,1323.0,1.28,37.5,0.33,-66.3,-45.4,25.2,55.0,-95.0,10.3,1.0,149.0,0
D003820,3.4,1230.0,1.47,22.0,0.52,-69.8,-51.7,21.6,49.0,-95.1,14.9,0.0,112.0,0
D003821,5.4,1200.0,1.01,28.5,0.55,-64.4,-51.6,24.5,40.0,-94.6,10.0,1.0,126.0,1
D003822,4.5,1112.0,1.27,31.0,0.5,-64.0,-49.5,22.0,46.0,-96.0,11.2,1.0,131.0,0
D003823,4.7,1196.0,1.09,26.0,0.48,-66.2,-49.8,24.6,45.0,-96.2,10.6,0.0,122.0,0
D003824,,1174.0,1.58,39.5,0.39,-64.8,-45.9,23.3,42.0,-93.3,23.6,0.0,145.0,0
D003825,5.9,1390.0,0.96,34.0,0.57,-69.8,-53.2,26.1,58.0,-94.2,11.5,1.0,111.0,1
D003826,4.4,1253.0,1.12,29.0,0.45,-65.8,-49.1,24.2,47.0,-96.0,15.3,0.0,131.0,1
D003827,5.4,1196.0,1.13,26.0,0.53,-65.6,-47.8,23.2,45.0,-94.4,8.1,0.0,127.0,0
D003828,4.5,1136.0,1.03,27.0,0.46,-66.1,-50.0,24.2,44.0,-97.2,13.1,1.0,125.0,0
D003829,5.5,1091.0,1.01,29.0,0.5,-65.7,-50.6,24.0,45.0,-94.3,10.0,0.0,127.0,1
D003830,5.0,1113.0,1.2,32.5,0.41,-66.7,-49.1,23.5,39.0,-95.2,7.5,0.0,135.0,1
D003831,4.5,1150.0,1.18,25.5,0.49,-65.6,-51.0,24.3,48.0,,13.3,0.0,121.0,0
D003832,4.0,1307.0,0.81,36.5,0.52,-69.4,-48.9,28.8,36.0,,2.5,1.0,121.0,1
D003833,3.8,1241.0,1.15,20.0,0.38,-62.3,-47.6,26.1,51.0,-94.3,7.7,,113.0,0
D003834,4.2,,1.11,28.0,0.44,-64.9,-48.5,24.6,47.0,-95.1,12.3,0.0,134.0,0
D003835,5.3,1187.0,1.13,29.5,0.5,-65.6,-50.1,24.2,40.0,-93.5,9.1,1.0,125.0,1
D003836,4.3,1159.0,1.14,30.5,0.46,-65.4,-49.1,23.9,48.0,-94.6,9.2,0.0,127.0,1
D003837,3.5,1276.0,1.07,29.5,0.62,-63.4,-47.5,29.1,,-98.5,8.7,0.0,103.0,0
D003838,4.5,1161.0,1.1,,0.51,,-50.5,24.5,42.0,-95.2,8.7,0.0,127.0,1
D003839,4.9,1193.0,1.2,33.5,0.53,-64.8,-49.9,22.4,49.0,-94.2,10.8,0.0,128.0,1
D003840,3.7,1217.0,1.17,26.5,0.35,-61.1,-52.6,21.8,46.0,-99.9,9.1,1.0,138.0,0
D003841,4.5,,1.51,28.5,0.51,-64.5,-49.5,21.4,47.0,-97.6,5.3,0.0,121.0,1
D003842,4.4,1358.0,1.07,32.5,0.38,-67.3,-50.3,29.5,59.0,-98.2,,1.0,140.0,0
D003843,4.6,1259.0,1.52,38.0,0.55,-66.3,-46.8,26.8,,-96.3,12.7,1.0,132.0,1
D003844,4.9,1165.0,1.05,32.0,0.48,-65.8,-49.0,23.7,47.0,-93.5,7.4,1.0,134.0,1
D003845,4.4,1175.0,1.09,28.5,0.53,-65.7,,25.0,39.0,-97.0,11.1,0.0,122.0,1
D003846,4.5,1250.0,1.0,28.5,0.47,-66.1,-49.9,25.4,41.0,-94.9,6.2,0.0,118.0,1
D003847,4.0,1145.0,0.83,27.0,0.52,-67.5,-54.3,22.2,41.0,-92.4,23.1,0.0,131.0,1
D003848,4.2,1173.0,1.25,25.0,0.49,-65.3,-49.9,24.0,48.0,-96.9,13.0,1.0,124.0,0
D003849,4.7,1259.0,1.08,29.5,0.49,-65.7,-50.1,25.9,48.0,-95.8,10.1,1.0,131.0,1
D003850,6.2,1060.0,1.11,21.0,0.63,-60.1,-50.8,,49.0,-97.2,9.1,0.0,108.0,0
D003851,4.6,1165.0,1.09,29.5,0.44,-66.4,-49.0,23.3,48.0,-96.0,10.8,0.0,139.0,1
D003852,3.1,1357.0,1.18,37.0,0.31,-60.0,-45.6,21.1,55.0,-94.7,15.2,1.0,131.0,0
D003853,4.3,1163.0,0.98,31.5,0.48,-65.1,-49.2,,45.0,,11.5,1.0,117.0,1
D003854,5.2,1152.0,1.07,28.0,0.5,-66.0,-50.4,22.8,,-96.6,,1.0,129.0,1
D003855,4.6,1188.0,1.05,33.5,0.4,-66.1,-50.7,23.4,44.0,-96.2,10.1,0.0,128.0,1
D003856,3.8,1351.0,1.02,20.5,0.52,-68.4,-47.9,24.7,35.0,-90.2,23.6,1.0,119.0,0
D003857,4.8,1204.0,1.05,30.5,0.6,-65.3,-49.8,23.9,40.0,-95.3,12.5,0.0,130.0,1
D003858,4.9,1149.0,0.97,27.0,0.49,-66.5,-50.5,23.3,42.0,-95.5,7.1,1.0,126.0,1
D003859,4.9,1137.0,1.4,20.5,0.54,-62.7,-50.4,24.7,60.0,-93.3,3.8,0.0,123.0,0
D003860,6.6,1146.0,1.4,29.5,0.51,-64.1,-53.1,26.7,60.0,-99.7,15.5,1.0,115.0,0
D003861,3.8,1112.0,0.93,34.0,0.6,-66.8,-49.5,29.1,51.0,-94.3,20.4,0.0,145.0,0
D003862,5.3,1227.0,1.01,30.0,0.5,-65.2,-47.6,25.1,48.0,-94.1,3.4,1.0,127.0,1
D003863,4.7,1171.0,1.08,27.5,0.5,-64.6,-50.9,23.4,51.0,-96.1,10.2,0.0,137.0,1
D003864,5.1,1199.0,1.04,30.0,0.49,-66.3,-49.4,22.8,44.0,-96.3,13.4,0.0,123.0,1
D003865,4.3,1192.0,1.21,28.5,0.49,-65.6,-50.8,22.5,45.0,-92.8,9.1,1.0,134.0,0
D003866,5.2,1163.0,1.06,34.0,0.51,-65.6,-48.9,24.0,40.0,-93.3,10.5,1.0,128.0,1
D003867,5.0,1144.0,1.17,28.0,0.42,-64.9,-51.6,22.8,46.0,-94.3,8.5,0.0,131.0,1
D003868,4.8,1152.0,1.16,31.5,0.45,-65.7,-51.6,23.8,55.0,-94.8,11.0,0.0,131.0,1
D003869,5.0,1109.0,0.98,29.5,0.58,-65.2,-51.0,25.2,42.0,-96.4,11.8,0.0,136.0,1
D003870,3.1,1255.0,0.83,32.5,0.7,-60.8,-47.5,20.3,43.0,-94.2,6.4,1.0,127.0,0
D003871,5.7,1222.0,1.12,30.0,0.47,-67.7,-49.5,24.1,44.0,-95.2,4.9,1.0,126.0,1
D003872,5.3,1149.0,1.04,29.0,0.47,-65.2,-50.1,23.4,46.0,-93.7,14.4,1.0,128.0,1
D003873,5.4,1129.0,,27.0,0.4,-64.0,-48.5,26.9,42.0,-96.3,4.6,0.0,123.0,0
D003874,5.0,1098.0,0.99,26.5,0.45,-66.0,-50.4,24.1,44.0,-94.6,4.3,1.0,142.0,1
D003875,6.0,1038.0,1.23,24.0,0.61,-69.7,-45.1,20.5,44.0,-94.1,6.1,1.0,137.0,1
D003876,6.2,1294.0,1.56,34.5,0.49,-62.9,-46.2,29.5,35.0,-95.6,13.8,1.0,135.0,0
D003877,6.8,1224.0,1.44,33.5,0.34,-66.1,-49.7,27.4,31.0,-97.1,22.5,0.0,150.0,1
D003878,5.0,1373.0,1.55,32.0,0.66,-61.6,-52.9,26.3,43.0,-99.2,7.2,1.0,101.0,0
D003879,5.5,1208.0,0.86,21.5,0.43,-60.0,-47.9,26.1,50.0,-91.1,6.0,1.0,121.0,1
D003880,4.8,1166.0,1.11,28.5,,-65.3,-51.1,21.4,48.0,-96.2,7.7,1.0,136.0,1
D003881,4.6,1153.0,1.06,30.5,0.47,-66.2,-50.0,26.6,45.0,-95.3,14.3,1.0,122.0,1
D003882,4.9,1210.0,1.15,30.0,0.51,-65.3,-49.1,23.8,44.0,-96.5,8.5,1.0,130.0,1
D003883,4.3,1111.0,1.1,30.0,0.54,-64.7,-51.3,24.4,48.0,-94.0,11.7,0.0,131.0,1
D003884,4.5,1216.0,1.25,23.0,0.68,-60.6,-47.8,24.5,49.0,-94.1,14.8,1.0,102.0,0
D003885,4.6,1225.0,1.04,29.0,0.44,-65.8,-51.1,24.6,39.0,-95.5,3.6,0.0,125.0,1
D003886,4.7,1236.0,1.18,29.0,0.4,-63.8,-48.9,23.1,51.0,-97.4,11.3,1.0,131.0,0
D003887,6.1,1027.0,1.01,33.5,0.47,-60.3,-51.5,20.2,40.0,-93.1,3.0,0.0,147.0,1
D003888,3.9,1317.0,1.03,40.0,0.48,-65.5,-46.3,25.3,49.0,-99.2,0.4,1.0,102.0,1
D003889,5.5,1150.0,1.08,30.0,0.39,-66.2,-50.3,24.5,42.0,-97.0,8.6,0.0,127.0,1
D003890,4.9,1184.0,1.23,32.0,0.43,-64.1,-50.2,25.1,48.0,-94.6,6.1,0.0,131.0,1
D003891,4.0,1118.0,0.94,37.0,0.52,-63.1,-46.8,25.7,39.0,-97.0,11.7,1.0,124.0,0
D003892,4.3,1342.0,0.9,31.0,0.6,-62.4,-45.3,29.8,38.0,-94.3,7.9,0.0,143.0,0
D003893,4.5,1152.0,1.05,34.5,0.51,-64.3,-49.4,25.6,40.0,-96.2,10.0,1.0,128.0,0
D003894,3.5,1321.0,1.07,37.5,0.51,-61.1,-49.4,22.3,49.0,-90.5,0.2,0.0,115.0,1
D003895,3.4,1014.0,1.05,30.0,0.45,-65.2,-47.6,21.1,35.0,-94.5,17.3,1.0,126.0,0
D003896,4.6,1234.0,1.12,31.5,0.48,-66.4,-50.3,24.0,41.0,-95.1,7.9,0.0,122.0,1
D003897,5.1,1227.0,1.0,31.0,0.43,-65.2,-50.5,22.5,49.0,-96.4,16.0,1.0,122.0,1
D003898,5.9,1131.0,1.49,38.0,0.3,-60.0,-52.2,29.6,35.0,-95.8,9.0,1.0,117.0,0
D003899,4.6,1192.0,1.18,27.0,0.48,-65.9,-50.9,24.3,43.0,-95.4,11.6,1.0,127.0,1
D003900,3.7,1196.0,1.39,23.5,0.64,-61.8,,27.9,46.0,-93.9,11.6,0.0,112.0,0
D003901,4.4,1157.0,1.14,29.0,0.43,-64.2,-49.8,22.3,44.0,-93.6,10.3,0.0,123.0,0
D003902,5.0,1173.0,1.1,29.0,0.52,-67.4,-48.4,25.3,53.0,-95.5,9.5,0.0,134.0,1
D003903,5.3,1175.0,1.04,33.0,0.58,-66.0,-50.3,25.2,46.0,,5.4,1.0,118.0,1
D003904,4.6,1185.0,1.06,29.0,0.51,-64.8,-48.4,25.2,41.0,-94.8,10.0,0.0,124.0,1
D003905,4.8,1172.0,1.06,29.5,0.47,-65.7,-49.6,22.7,48.0,-96.9,10.2,1.0,130.0,1
D003906,3.0,1162.0,1.27,36.5,0.55,-67.7,-51.4,22.4,51.0,-94.8,8.9,1.0,137.0,1
D003907,5.1,1161.0,1.08,30.5,0.49,-66.9,-50.0,23.3,44.0,-94.4,7.9,1.0,125.0,1
D003908,3.9,1158.0,1.02,27.5,0.43,-65.2,-49.4,23.0,48.0,-96.0,11.9,0.0,125.0,0
D003909,5.5,1137.0,1.18,30.0,0.47,-65.0,-50.0,24.6,45.0,-95.1,9.0,1.0,127.0,1
D003910,5.1,1114.0,1.14,26.5,0.47,-66.6,-50.3,24.5,39.0,-95.7,10.7,0.0,129.0,1
D003911,4.6,1180.0,1.2,29.0,0.49,-66.5,-49.7,23.5,38.0,-95.5,11.4,1.0,135.0,1
D003912,4.6,1157.0,0.88,28.5,0.52,-66.1,-49.9,25.9,45.0,-94.7,11.3,0.0,122.0,1
D003913,4.3,1119.0,1.58,21.0,0.43,-63.4,-49.9,28.3,37.0,-96.3,21.7,1.0,104.0,0
D003914,6.1,1229.0,1.4,35.5,0.66,-65.4,-54.6,27.0,46.0,-95.6,4.5,0.0,128.0,0
D003915,5.1,1179.0,1.16,27.0,0.5,-66.0,-48.7,23.4,43.0,-95.0,11.1,1.0,126.0,1
D003916,5.3,1096.0,0.95,37.0,0.51,-67.9,-45.7,29.8,41.0,-91.5,9.8,1.0,138.0,1
D003917,5.6,1019.0,1.26,37.5,0.42,-62.8,-53.3,22.8,34.0,-94.9,21.3,1.0,144.0,1
D003918,4.0,1129.0,1.18,31.0,0.51,-66.4,-48.7,21.9,49.0,-94.4,8.7,0.0,129.0,0
D003919,3.9,1140.0,1.26,26.0,0.43,-66.5,-48.9,24.2,46.0,-95.4,7.6,1.0,130.0,0
D003920,6.9,1216.0,1.09,36.5,0.34,-60.9,-46.5,20.2,31.0,-97.0,10.9,0.0,150.0,1
D003921,3.9,1206.0,1.16,26.5,0.45,-63.1,-49.1,24.2,39.0,-94.8,6.9,1.0,125.0,1
D003922,5.9,1345.0,1.07,39.0,0.56,-68.5,-46.3,21.8,33.0,,1.9,0.0,102.0,1
D003923,5.4,1207.0,1.39,29.5,0.41,-60.9,-50.2,23.7,53.0,-97.3,0.3,0.0,149.0,1
D003924,4.6,1190.0,1.08,30.0,0.54,-63.9,-49.9,23.6,42.0,-95.2,4.6,0.0,120.0,1
D003925,4.9,1178.0,1.1,29.0,0.48,-65.0,-50.0,23.4,45.0,-96.4,8.1,0.0,127.0,1
D003926,4.3,1147.0,1.08,30.5,0.48,-65.5,-48.9,25.1,47.0,-93.2,7.0,1.0,124.0,0
D003927,5.2,1157.0,0.99,31.0,0.45,-64.8,-50.5,23.9,47.0,-95.0,7.2,1.0,123.0,1
D003928,3.5,1058.0,1.29,27.0,0.52,-64.4,-48.2,21.4,35.0,-93.9,4.2,0.0,120.0,0
D003929,4.9,1184.0,1.13,30.0,0.47,-65.5,-48.4,23.8,43.0,-95.4,9.8,0.0,123.0,1
D003930,5.2,1169.0,1.18,29.5,0.48,-67.0,-50.4,22.7,47.0,-93.5,5.3,0.0,126.0,1
D003931,4.6,1177.0,1.09,33.0,0.48,-66.3,-49.8,24.4,38.0,-94.9,13.8,1.0,119.0,1
D003932,5.7,1308.0,0.82,20.0,0.66,-63.3,-46.1,23.1,60.0,-95.9,16.4,1.0,102.0,0
D003933,5.1,1176.0,1.19,30.0,0.49,-66.2,-51.2,24.5,41.0,-95.4,10.5,0.0,126.0,1
D003934,4.4,1187.0,1.13,25.5,0.42,-64.0,-49.7,24.7,47.0,-97.2,7.4,0.0,122.0,0
D003935,4.5,1169.0,1.21,30.0,0.46,-63.7,-49.5,23.5,42.0,-95.1,11.2,1.0,123.0,1
D003936,4.9,1269.0,1.02,,0.49,-63.7,-48.6,22.7,42.0,-95.4,7.7,1.0,132.0,1
D003937,4.8,1251.0,1.28,20.0,0.33,-63.0,-48.1,29.4,41.0,-97.4,17.3,0.0,110.0,0
D003938,5.1,1100.0,1.16,29.0,0.49,-66.0,-51.5,25.7,43.0,-96.7,12.8,1.0,122.0,0
D003939,6.8,1014.0,1.5,24.0,0.57,-67.4,-55.0,28.9,34.0,-93.0,17.5,1.0,126.0,1
D003940,,1374.0,1.58,33.5,0.59,-67.7,-54.8,23.8,31.0,-91.5,19.2,1.0,113.0,1
D003941,6.7,1055.0,0.95,39.0,0.45,-68.5,-51.7,28.2,,-93.7,3.1,1.0,130.0,1
D003942,4.1,1250.0,1.26,39.5,0.57,-68.9,-50.2,22.6,54.0,-95.5,19.5,1.0,148.0,1
D003943,4.7,1164.0,1.09,31.0,0.47,-66.7,-50.2,24.0,39.0,-96.6,7.6,0.0,127.0,1
D003944,6.9,1094.0,1.2,28.0,0.52,-68.1,-47.2,20.6,57.0,-91.3,7.3,1.0,114.0,1
D003945,5.1,1212.0,1.15,32.0,0.52,-65.5,-50.6,22.9,45.0,-94.3,10.6,1.0,120.0,1
D003946,3.5,1001.0,1.19,24.0,0.56,-65.8,-47.9,23.4,49.0,-96.4,3.6,0.0,119.0,0
D003947,5.0,1176.0,1.04,30.0,0.45,-65.9,-52.5,24.2,46.0,-95.0,9.8,0.0,128.0,1
D003948,4.6,1216.0,1.16,33.0,0.47,-65.4,-50.0,24.0,45.0,-93.9,10.0,0.0,124.0,1
D003949,4.3,1200.0,,28.5,0.51,-66.5,-48.9,23.0,48.0,-95.1,10.5,0.0,127.0,1
D003950,4.2,1203.0,0.9,23.5,0.48,-66.5,-49.3,24.0,45.0,-94.6,8.4,0.0,129.0,1
D003951,4.3,1145.0,1.08,30.0,0.5,-65.5,-50.5,25.5,41.0,-94.3,6.6,1.0,121.0,1
D003952,3.2,1346.0,1.1,28.5,0.31,-62.3,-50.4,22.0,32.0,-94.4,17.8,1.0,122.0,0
D003953,4.9,1185.0,1.0,31.5,0.41,-65.0,-50.9,24.7,40.0,-94.3,10.3,1.0,135.0,1
D003954,4.8,1123.0,1.09,30.5,,-64.2,-50.2,24.4,49.0,-95.5,10.4,1.0,124.0,1
D003955,,1328.0,0.93,24.5,0.37,-63.3,-48.2,29.8,32.0,-92.5,5.7,0.0,105.0,0
D003956,5.4,1228.0,1.15,30.5,0.41,-66.4,-48.7,21.7,43.0,-94.1,7.6,0.0,132.0,1
D003957,4.9,1223.0,1.3,30.5,0.45,-65.1,-48.2,21.9,39.0,-94.6,11.7,1.0,128.0,1
D003958,5.4,1266.0,1.19,27.0,0.44,-65.1,-48.9,24.4,45.0,-96.0,13.8,1.0,129.0,0
D003959,5.1,1186.0,1.15,30.0,0.51,-63.2,-50.7,23.6,43.0,-95.0,5.3,1.0,137.0,1
D003960,4.0,1244.0,0.99,38.5,0.31,-60.5,-47.7,26.2,55.0,-90.5,2.7,0.0,123.0,0
D003961,,1111.0,1.17,29.5,,-65.5,-50.6,23.7,44.0,-95.2,6.1,1.0,135.0,1
D003962,,1212.0,1.02,32.0,0.56,-63.3,-50.4,21.8,42.0,-95.2,6.7,0.0,126.0,1
D003963,5.0,1238.0,1.11,25.5,0.44,-64.5,-50.1,22.8,45.0,-93.3,8.6,0.0,125.0,1
D003964,4.6,1175.0,1.14,28.5,0.52,-65.7,-47.9,24.3,47.0,-93.7,13.7,0.0,129.0,0
D003965,4.7,1198.0,1.13,27.5,0.46,-65.5,-49.9,24.7,45.0,-94.4,8.7,0.0,126.0,1
D003966,4.9,1156.0,1.07,30.0,0.51,-65.3,-50.3,23.1,42.0,-94.8,9.3,0.0,132.0,1
D003967,5.2,1188.0,1.04,28.5,0.5,-66.9,-50.7,23.9,44.0,-97.1,6.1,,120.0,1
D003968,4.6,1115.0,1.07,29.0,0.43,-63.7,-49.7,26.0,43.0,-94.4,9.1,1.0,138.0,0
D003969,4.5,1250.0,1.0,26.5,0.46,-64.9,-49.6,22.3,43.0,-96.8,7.1,1.0,132.0,1
D003970,4.7,1140.0,1.08,31.5,0.5,-67.7,-49.9,24.1,42.0,-94.5,7.3,1.0,135.0,1
D003971,3.1,1288.0,1.07,22.5,0.35,-64.6,-49.4,29.5,59.0,-94.6,0.2,1.0,139.0,0
D003972,3.3,1237.0,1.08,22.5,0.45,-60.7,-47.0,28.5,58.0,-94.8,3.2,1.0,111.0,0
D003973,4.9,1246.0,1.16,28.5,0.46,-67.1,-50.1,22.9,46.0,-95.3,8.7,1.0,132.0,1
D003974,4.5,1164.0,1.01,29.5,0.44,-65.0,-50.7,24.2,41.0,-94.1,5.9,,135.0,1
D003975,3.2,1339.0,1.1,39.5,0.42,-67.2,-45.9,20.8,60.0,-99.1,19.3,0.0,143.0,1
D003976,,1134.0,1.15,29.5,0.48,-64.0,-51.6,24.2,44.0,-94.6,10.4,1.0,124.0,0
D003977,5.1,1171.0,1.06,29.0,0.51,-65.9,-49.7,23.7,41.0,-97.9,6.4,0.0,126.0,1
D003978,4.9,1191.0,1.03,29.5,0.52,-65.9,-49.2,24.6,45.0,-95.0,,1.0,129.0,1
D003979,5.1,1250.0,1.14,28.0,0.44,-65.1,-50.5,23.0,43.0,-95.7,7.8,1.0,138.0,1
D003980,5.0,1156.0,1.07,28.0,0.5,-65.7,-50.2,23.9,43.0,-96.6,12.4,0.0,124.0,1
D003981,4.5,1133.0,1.06,29.0,0.48,-64.0,-50.2,26.4,44.0,-94.1,10.1,1.0,128.0,0
D003982,3.1,1259.0,1.4,34.5,0.65,-65.8,-47.7,29.3,36.0,-99.4,23.0,0.0,109.0,0
D003983,5.8,1095.0,1.08,31.0,0.52,-66.9,-51.1,24.9,50.0,-95.8,8.5,0.0,122.0,1
D003984,4.1,1153.0,0.97,33.5,0.45,-65.0,-52.3,22.8,42.0,-97.5,9.4,1.0,120.0,1
D003985,5.5,1071.0,0.87,23.5,0.49,-60.1,-46.6,24.6,59.0,,0.2,0.0,131.0,1
D003986,5.6,1374.0,1.45,26.5,0.51,-66.3,-49.3,25.1,32.0,,10.8,1.0,113.0,0
D003987,4.2,1176.0,1.13,27.5,0.54,-65.9,-51.2,25.5,50.0,-97.8,11.0,1.0,129.0,0
D003988,5.0,1228.0,0.96,28.5,0.45,-65.2,-50.3,24.2,41.0,-95.6,7.6,1.0,132.0,1
D003989,4.9,1145.0,0.97,34.0,0.49,-64.9,-48.9,22.5,46.0,-96.1,10.8,1.0,121.0,0
D003990,3.6,1003.0,1.52,37.0,0.57,-68.4,-51.6,27.8,44.0,-90.0,3.4,0.0,114.0,0
D003991,4.7,1166.0,1.13,32.0,0.53,-64.7,-50.6,24.0,44.0,-95.6,,0.0,125.0,1
D003992,4.6,1212.0,1.12,24.5,0.44,-66.3,,23.1,42.0,-96.1,12.9,0.0,124.0,1
D003993,5.0,1172.0,1.01,31.0,0.47,-66.0,-51.0,24.5,47.0,-93.7,9.6,0.0,119.0,1
D003994,4.9,1142.0,1.06,27.0,0.46,-65.4,-49.5,23.9,37.0,-95.4,10.2,0.0,,1
D003995,4.9,1199.0,0.91,28.5,0.51,-68.0,-49.9,24.4,41.0,-96.0,13.4,1.0,126.0,1
D003996,4.4,1152.0,1.13,34.0,0.53,-65.1,-50.6,24.7,41.0,-93.6,6.8,1.0,,1
D003997,4.6,1192.0,1.07,29.0,0.4,-67.3,-49.9,22.4,42.0,-96.4,,0.0,128.0,1
D003998,6.1,1172.0,1.38,26.0,0.5,-64.9,-53.6,29.6,57.0,-99.7,12.2,0.0,109.0,0
D003999,5.2,1146.0,1.1,25.0,0.56,-65.9,-47.0,24.1,41.0,-96.0,9.4,1.0,126.0,1
D004000,4.5,1116.0,1.18,29.0,0.52,-64.4,-48.7,25.4,48.0,-95.9,13.6,1.0,131.0,0
D004001,5.2,1241.0,1.02,27.0,0.63,-70.0,-51.6,25.1,59.0,-91.7,16.0,1.0,110.0,0
D004002,3.2,1378.0,0.98,30.0,0.41,-60.1,-47.6,29.8,58.0,-99.4,14.0,1.0,127.0,0
D004003,5.2,1212.0,0.98,27.0,0.46,-64.3,-49.2,23.0,40.0,-97.4,5.8,0.0,124.0,1
D004004,,1167.0,0.93,29.0,0.63,-61.8,-54.3,26.4,38.0,-95.7,9.6,1.0,124.0,0
D004005,6.4,1277.0,1.3,35.5,0.45,-64.4,-53.4,23.4,52.0,-91.8,21.5,1.0,113.0,1
D004006,5.9,1378.0,0.91,35.0,0.69,-66.4,-47.8,22.6,36.0,-97.0,16.4,1.0,141.0,1
D004007,4.6,1017.0,,22.5,0.47,-62.3,-54.6,20.7,40.0,-95.2,15.2,1.0,149.0,0
D004008,6.3,1311.0,1.39,21.0,0.69,-64.9,-48.4,23.2,58.0,-92.4,11.2,1.0,129.0,0
D004009,5.4,1311.0,1.12,23.5,0.37,-61.4,-46.3,29.7,31.0,-95.5,15.3,1.0,133.0,0
D004010,6.1,1099.0,1.4,34.5,0.62,-62.3,-50.9,26.7,57.0,-90.7,5.7,1.0,102.0,0
D004011,6.4,1348.0,1.32,28.5,0.66,-65.1,-45.9,25.4,60.0,-90.9,4.8,1.0,134.0,1
D004012,4.5,1161.0,1.04,28.5,,-65.2,-51.1,23.9,50.0,-96.6,6.7,0.0,126.0,1
D004013,5.0,1128.0,1.2,29.5,0.46,-66.9,-53.0,23.6,45.0,-95.8,7.4,0.0,130.0,1
D004014,4.4,,1.15,27.5,0.49,-65.5,-52.5,25.8,40.0,-94.4,9.7,1.0,133.0,0
D004015,5.9,1018.0,1.21,32.5,0.4,-69.8,-54.4,25.2,42.0,-99.1,12.2,0.0,119.0,1
D004016,5.8,1110.0,0.92,38.5,0.31,-65.1,-46.9,29.0,32.0,-90.9,22.9,1.0,126.0,0
D004017,5.6,1232.0,1.58,38.0,0.55,-63.2,-45.7,28.0,33.0,-99.7,19.9,0.0,105.0,0
D004018,5.1,1234.0,1.02,29.0,0.44,-64.9,-49.7,24.6,43.0,-94.6,9.5,1.0,128.0,1
D004019,5.3,1224.0,1.18,32.0,0.62,-66.3,-51.6,24.8,42.0,-93.4,6.3,1.0,124.0,1
D004020,3.8,1094.0,1.46,27.5,0.66,-66.3,-47.5,28.1,46.0,-96.3,2.1,0.0,125.0,0
D004021,4.7,1208.0,1.08,30.0,0.54,-64.6,-47.6,22.9,44.0,-96.3,12.7,1.0,127.0,1
D004022,4.8,1153.0,1.29,31.5,0.53,-65.6,-51.7,23.9,44.0,-95.0,9.1,1.0,117.0,1
D004023,4.4,1252.0,1.26,23.0,0.44,-60.7,-45.7,21.3,58.0,-96.6,4.8,1.0,133.0,0
D004024,5.0,1196.0,1.06,25.0,0.4,-64.9,-50.8,22.5,46.0,-94.2,9.3,1.0,120.0,0
D004025,3.2,1102.0,1.01,35.0,0.61,-60.1,-47.6,,50.0,-93.0,16.7,0.0,135.0,0
D004026,5.4,1223.0,1.17,28.5,0.53,-64.7,-49.3,,,-94.4,12.5,1.0,123.0,1
D004027,5.1,1166.0,1.04,29.5,0.54,-65.4,-49.9,23.9,46.0,-95.7,,0.0,131.0,1
D004028,5.0,1229.0,1.05,29.0,0.47,-65.5,-49.7,23.9,42.0,-94.9,11.4,0.0,131.0,1
D004029,5.6,1157.0,1.12,30.0,0.47,-65.3,-50.0,24.8,41.0,-96.1,12.3,0.0,127.0,1
D004030,6.3,1233.0,1.12,21.5,0.69,-65.2,-49.6,20.4,38.0,-94.6,9.4,1.0,122.0,0
D004031,4.6,1212.0,0.97,30.5,0.45,-64.6,-50.6,25.2,42.0,-92.4,12.6,0.0,128.0,1
D004032,5.0,1155.0,,32.0,0.5,-65.0,-49.2,24.1,45.0,-94.4,8.1,0.0,128.0,1
D004033,4.1,1105.0,1.26,22.0,0.5,-63.7,-52.9,24.3,38.0,-98.9,17.9,0.0,128.0,0
D004034,4.7,1093.0,1.07,28.0,0.44,-65.7,-49.1,22.6,,-94.9,11.0,1.0,131.0,0
D004035,5.0,1160.0,1.19,32.0,0.5,-68.2,-50.7,24.1,43.0,-96.7,9.4,0.0,125.0,1
D004036,5.7,1385.0,1.42,22.0,0.59,-66.7,-48.9,25.1,39.0,-99.2,1.0,1.0,101.0,1
D004037,5.0,1191.0,0.99,25.0,0.51,-64.9,-48.5,22.2,39.0,-94.5,13.0,1.0,129.0,1
D004038,4.8,1169.0,1.04,31.0,0.44,-66.4,-50.3,23.2,45.0,-95.8,8.0,1.0,125.0,1
D004039,6.1,1063.0,1.52,24.5,0.68,-68.9,-53.7,20.9,39.0,-98.7,3.3,1.0,112.0,0
D004040,4.2,1228.0,1.09,30.5,0.5,-65.6,-49.3,24.2,42.0,-95.9,5.2,0.0,123.0,1
D004041,4.6,1172.0,1.1,30.0,0.49,-65.7,-49.7,24.2,44.0,-94.9,7.9,1.0,129.0,1
D004042,3.2,1101.0,1.27,35.0,0.58,-64.8,-51.5,21.8,30.0,-98.1,4.1,1.0,121.0,1
D004043,3.7,1238.0,1.08,27.0,0.45,-66.8,-48.9,23.6,48.0,-96.5,,1.0,133.0,0
D004044,4.0,1141.0,0.96,29.5,0.69,-65.7,-48.4,21.1,59.0,-90.9,21.4,1.0,126.0,0
D004045,4.2,1114.0,1.09,30.0,0.52,-65.5,-48.7,25.4,46.0,-95.8,11.7,0.0,127.0,1
D004046,3.6,1114.0,0.83,25.5,0.56,-63.4,-50.7,24.4,57.0,-90.2,19.6,0.0,112.0,0
D004047,4.5,1167.0,1.16,26.5,0.46,-65.3,-51.9,24.3,44.0,-96.0,10.6,1.0,127.0,1
D004048,4.8,1019.0,1.53,27.5,0.36,-62.8,-47.8,22.6,53.0,-90.5,3.8,1.0,131.0,0
D004049,4.8,1113.0,1.23,29.5,0.44,-65.5,-51.5,,44.0,-97.3,10.1,1.0,123.0,0
D004050,4.3,1354.0,1.25,21.5,0.56,-65.6,-55.0,29.5,58.0,-96.2,23.5,,139.0,0
D004051,5.2,1168.0,1.11,30.0,0.48,-65.7,-50.3,25.6,51.0,-95.1,12.9,1.0,118.0,1
D004052,5.1,1188.0,1.15,26.0,0.44,-65.4,-50.9,23.0,44.0,-96.6,10.8,0.0,126.0,1
D004053,4.3,1212.0,1.1,30.0,0.57,-65.1,-51.8,21.8,42.0,-95.6,11.6,0.0,124.0,1
D004054,4.7,1179.0,1.12,28.0,0.44,-65.9,-50.2,24.8,,-95.7,8.4,0.0,133.0,1
D004055,4.1,1163.0,1.25,27.0,0.56,-63.6,-50.3,24.1,42.0,-96.2,6.6,0.0,122.0,1
D004056,4.7,1169.0,1.17,29.5,0.48,-68.0,-51.2,26.5,41.0,-94.3,6.1,0.0,131.0,1
D004057,4.8,1022.0,1.07,27.0,0.68,-62.8,-54.5,21.9,45.0,-90.3,10.1,1.0,122.0,0
D004058,4.8,1174.0,0.98,31.0,0.5,-66.6,-49.7,22.7,38.0,-94.5,9.3,0.0,135.0,1
D004059,6.9,1293.0,1.02,37.5,0.67,-60.7,-48.3,21.7,31.0,-92.9,3.5,0.0,111.0,1
D004060,3.9,1207.0,1.51,32.5,0.68,-68.5,-50.4,22.6,35.0,-91.9,11.1,1.0,129.0,0
D004061,5.5,1250.0,1.17,26.0,0.44,-65.1,-51.2,25.0,43.0,-94.3,8.7,1.0,128.0,1
D004062,4.8,1132.0,0.98,23.5,0.62,-62.9,-49.4,28.5,37.0,-94.8,11.3,0.0,127.0,0
D004063,3.4,1194.0,1.08,30.0,0.51,-61.2,-45.5,27.6,58.0,-99.9,22.4,0.0,119.0,0
D004064,4.2,1125.0,1.09,31.0,0.49,-65.6,-47.5,24.5,46.0,-96.3,,0.0,129.0,1
D004065,5.4,1020.0,1.55,36.5,0.54,-69.9,-47.5,20.3,37.0,-96.5,10.1,0.0,119.0,1
D004066,4.7,1191.0,1.09,29.5,0.51,-64.4,-49.8,23.7,49.0,-95.6,7.5,1.0,122.0,0
D004067,4.5,1149.0,0.85,28.0,0.53,-65.9,-50.7,24.8,45.0,-96.4,13.4,0.0,119.0,1
D004068,5.0,1256.0,1.06,25.5,0.41,-64.3,-49.5,22.9,41.0,-93.6,5.2,0.0,127.0,1
D004069,4.4,1341.0,1.4,23.5,0.38,-60.9,-49.7,21.3,39.0,-98.3,2.9,1.0,114.0,0
D004070,5.2,1190.0,1.07,34.0,0.47,-66.8,-49.7,25.5,41.0,-95.0,12.8,1.0,125.0,1
D004071,5.0,1138.0,1.14,29.0,0.47,-64.3,-51.1,23.2,42.0,-95.3,10.4,0.0,124.0,1
D004072,4.3,1152.0,1.05,30.5,0.52,-65.9,-51.0,24.2,43.0,-95.4,12.4,1.0,130.0,1
D004073,5.1,1144.0,1.18,30.0,0.52,-65.3,-50.2,23.9,42.0,-94.9,6.8,0.0,126.0,0
D004074,5.3,1017.0,0.86,30.0,0.59,-60.6,-48.5,27.2,54.0,-90.9,22.3,1.0,138.0,0
D004075,4.7,1241.0,1.32,31.0,0.46,-61.8,-48.5,22.2,56.0,-90.4,4.2,1.0,115.0,0
D004076,4.8,1135.0,1.2,30.5,0.46,-66.0,-51.2,25.5,42.0,-95.7,11.9,0.0,127.0,1
D004077,6.9,1381.0,1.06,24.5,0.46,-62.0,-48.5,28.1,33.0,-93.0,11.4,0.0,122.0,0
D004078,4.2,1011.0,1.05,32.5,0.54,-61.3,-54.2,,54.0,-99.4,13.7,1.0,144.0,0
D004079,5.4,1172.0,1.03,29.5,0.46,-66.8,-52.0,23.5,44.0,-95.7,,1.0,136.0,1
D004080,6.0,1000.0,1.54,29.5,0.53,-62.6,-45.0,26.9,35.0,-97.3,22.6,0.0,125.0,0
D004081,4.6,1238.0,1.24,27.5,0.46,-66.6,-50.8,23.0,45.0,-97.2,7.6,1.0,127.0,1
D004082,4.4,1213.0,1.15,29.5,0.49,-63.3,-49.5,25.0,39.0,-95.0,9.9,0.0,130.0,1
D004083,5.2,1199.0,1.02,29.0,0.43,-64.8,-51.1,22.8,42.0,-97.6,6.3,1.0,118.0,1
D004084,,1146.0,1.19,29.0,0.48,-67.4,-50.7,24.0,41.0,-94.9,10.0,1.0,109.0,0
D004085,6.2,1311.0,0.97,29.5,0.31,-67.6,-53.0,29.6,31.0,-98.7,3.4,1.0,125.0,1
D004086,6.6,1034.0,1.29,31.0,0.66,-60.2,-54.6,25.8,56.0,-93.0,6.5,0.0,105.0,0
D004087,3.4,1258.0,1.46,23.5,0.46,-62.8,-46.4,22.0,37.0,-94.2,20.1,1.0,104.0,0
D004088,4.6,1214.0,1.15,29.5,0.44,-64.7,-48.9,24.4,45.0,-95.5,9.1,0.0,125.0,1
D004089,4.8,1146.0,1.14,32.5,0.53,-64.4,-51.4,23.3,43.0,-96.1,10.6,0.0,127.0,1
D004090,5.0,1310.0,1.08,37.5,0.31,-61.1,-46.6,27.5,51.0,-92.5,23.0,,130.0,0
D004091,5.8,1132.0,1.1,38.0,0.39,-63.6,-52.0,23.1,60.0,-94.7,11.7,1.0,129.0,1
D004092,5.3,1397.0,1.05,22.5,0.4,-67.8,-53.0,23.7,57.0,-90.3,21.9,1.0,132.0,0
D004093,4.6,1171.0,1.13,29.5,0.53,-64.8,-51.2,23.9,42.0,-95.1,8.0,0.0,126.0,1
D004094,5.0,1092.0,1.15,30.0,0.46,-65.3,-50.8,24.9,44.0,-94.8,9.9,0.0,134.0,1
D004095,4.9,1166.0,1.04,31.5,0.49,-65.6,-49.5,24.0,50.0,-96.2,13.8,0.0,134.0,0
D004096,4.7,1181.0,1.01,28.5,0.4,-66.2,-52.2,24.8,42.0,-95.4,11.9,0.0,122.0,1
D004097,4.9,1177.0,1.16,32.0,0.54,-66.5,-49.6,24.0,45.0,-96.2,12.7,0.0,131.0,1
D004098,4.1,1187.0,1.06,31.0,0.45,-68.2,-51.0,24.0,43.0,-93.9,8.6,0.0,133.0,1
D004099,4.0,1153.0,1.1,26.5,0.44,-65.0,-48.9,24.6,46.0,-93.8,8.9,1.0,129.0,0
D004100,5.1,1155.0,0.92,30.5,0.48,-65.4,-50.9,24.0,51.0,-96.5,10.8,1.0,128.0,1
D004101,4.3,1199.0,1.2,27.0,0.44,-65.2,-50.3,24.9,46.0,-95.2,10.5,0.0,124.0,0
D004102,4.3,1076.0,1.24,25.5,0.5,-61.3,-45.2,21.8,48.0,-90.6,1.2,0.0,145.0,1
D004103,3.2,1380.0,1.2,38.5,0.67,-62.7,-51.2,26.0,58.0,-93.3,23.5,1.0,144.0,0
D004104,4.7,1230.0,1.01,28.0,0.46,-65.7,-50.1,24.3,45.0,-95.6,9.6,0.0,131.0,1
D004105,6.9,1323.0,1.6,21.5,0.67,-62.5,-53.1,22.8,37.0,-90.7,11.7,1.0,140.0,1
D004106,5.2,1193.0,1.14,25.0,0.42,-66.1,-50.5,24.5,49.0,-95.3,7.4,1.0,127.0,1
D004107,4.1,1172.0,1.15,27.5,0.48,-66.2,-49.4,25.1,40.0,,8.9,0.0,133.0,1
D004108,4.6,1161.0,1.15,25.0,0.46,-65.5,-51.1,24.2,44.0,-96.6,14.0,1.0,131.0,1
D004109,4.5,1184.0,1.09,29.5,0.43,-66.6,-48.8,24.8,45.0,-95.7,8.6,0.0,129.0,1
D004110,4.2,1227.0,,32.5,0.48,-66.6,-51.9,21.0,37.0,-96.6,6.3,0.0,131.0,1
D004111,4.3,1189.0,1.14,30.5,0.42,-64.6,-49.4,24.6,42.0,,5.5,0.0,132.0,1
D004112,4.8,1182.0,1.11,25.5,0.49,-65.0,-50.0,24.1,44.0,-96.1,10.3,0.0,125.0,1
D004113,4.9,1253.0,1.39,,0.61,-66.7,-52.9,26.6,46.0,-95.9,15.2,1.0,114.0,0
D004114,4.0,1140.0,1.34,32.0,0.42,-67.4,-54.9,21.5,58.0,-94.7,2.3,1.0,143.0,1
D004115,4.8,1244.0,1.19,31.0,0.47,-65.0,-49.6,24.2,46.0,-94.9,3.0,1.0,126.0,1
D004116,5.3,1168.0,1.1,29.5,0.43,-65.0,-50.5,23.2,43.0,-93.2,10.1,1.0,129.0,1
D004117,6.3,1034.0,1.21,32.0,0.55,-63.9,-51.6,21.8,32.0,-95.2,0.6,0.0,104.0,1
D004118,4.9,1134.0,1.16,28.5,0.49,-65.8,-51.2,23.2,43.0,-93.6,10.0,0.0,129.0,0
D004119,5.7,1221.0,1.46,36.0,0.5,-68.3,-53.3,29.7,59.0,-90.3,7.4,0.0,101.0,0
D004120,5.6,1367.0,0.82,27.0,0.49,-65.0,-47.5,25.4,33.0,-98.0,13.3,0.0,130.0,1
D004121,4.9,1200.0,1.06,29.0,0.46,-66.1,-52.3,24.1,46.0,-95.0,9.7,1.0,134.0,1
D004122,3.8,1322.0,,29.0,0.51,-68.2,-51.7,22.1,39.0,-93.3,3.9,1.0,106.0,1
D004123,4.2,1308.0,1.32,34.0,0.48,-60.9,-51.8,20.9,39.0,-91.5,3.7,0.0,138.0,0
D004124,4.7,1101.0,0.97,30.0,0.47,-65.3,-50.9,22.5,46.0,-94.7,4.2,0.0,129.0,1
D004125,4.5,1167.0,1.11,29.0,0.53,-65.2,-49.5,23.3,41.0,-96.8,9.6,0.0,130.0,1
D004126,3.5,1349.0,1.54,22.5,0.34,-69.0,-54.4,22.2,44.0,-94.2,8.7,0.0,103.0,0
D004127,5.0,1122.0,1.16,29.0,0.48,-65.3,-47.9,24.1,45.0,-96.5,10.8,0.0,125.0,1
D004128,3.6,1166.0,1.01,21.0,0.36,,-50.5,25.0,45.0,-92.2,14.0,1.0,134.0,0
D004129,4.5,1109.0,0.99,31.0,0.45,-67.1,-49.7,25.1,41.0,-96.7,10.6,1.0,134.0,1
D004130,4.3,1214.0,1.13,27.5,0.52,-66.7,-48.7,24.3,40.0,-94.0,12.6,0.0,132.0,1
D004131,5.1,1241.0,1.1,29.0,0.49,-64.5,-49.6,24.4,42.0,-94.5,7.9,0.0,136.0,1
D004132,4.2,1161.0,1.1,26.5,0.44,-66.2,-51.9,23.6,44.0,-94.5,6.7,0.0,120.0,0
D004133,3.2,1371.0,1.15,36.0,0.62,-65.3,-45.8,28.0,60.0,-96.7,22.0,1.0,120.0,0
D004134,5.4,1032.0,0.8,36.0,0.4,-65.9,-45.7,21.7,41.0,-98.1,10.9,1.0,130.0,1
D004135,4.7,1196.0,1.12,25.0,0.51,-66.3,-50.1,24.9,43.0,-96.4,9.4,0.0,126.0,1
D004136,5.4,1147.0,1.11,31.5,0.47,-63.9,-50.4,21.8,43.0,-95.7,12.6,1.0,135.0,1
D004137,4.9,1145.0,1.12,29.0,0.44,-67.1,-52.1,25.3,40.0,-93.9,12.8,1.0,141.0,1
D004138,5.1,1227.0,0.92,29.0,0.41,-67.3,-50.4,23.4,44.0,-95.9,7.9,1.0,135.0,1
D004139,5.0,1226.0,1.04,29.5,0.48,-66.1,-49.4,26.0,,-96.8,8.3,1.0,119.0,1
D004140,4.2,1136.0,1.1,28.0,0.52,-64.6,-48.9,25.3,44.0,-96.3,7.7,1.0,129.0,0
D004141,3.4,1293.0,1.1,34.0,0.48,-60.5,-54.7,29.9,57.0,-93.1,9.6,1.0,111.0,0
D004142,4.5,1296.0,1.15,31.0,0.51,-64.8,-45.4,27.9,41.0,-92.1,21.5,1.0,141.0,0
D004143,6.0,1041.0,1.13,34.0,0.62,-63.2,-49.8,27.0,31.0,-97.6,6.0,1.0,108.0,0
D004144,3.6,1155.0,1.49,29.5,0.59,-66.3,-45.4,20.2,59.0,-99.5,22.1,0.0,135.0,0
D004145,5.8,1055.0,1.56,26.0,0.35,,-52.9,24.0,57.0,-94.4,23.7,1.0,136.0,0
D004146,4.9,1206.0,1.21,28.5,0.45,-65.3,-50.7,23.4,46.0,-96.8,6.3,0.0,122.0,1
D004147,6.5,1184.0,0.83,25.0,0.36,-61.7,-53.6,20.8,51.0,-90.6,8.5,0.0,126.0,0
D004148,6.3,1266.0,1.09,39.5,,-63.7,-49.1,24.1,44.0,-90.2,13.8,0.0,138.0,0
D004149,4.4,1119.0,,33.5,0.41,-65.9,-49.0,22.1,39.0,-94.3,7.6,0.0,128.0,1
D004150,4.9,1271.0,1.09,28.5,0.43,-65.4,-50.5,24.8,44.0,-94.6,7.1,1.0,131.0,1
D004151,5.5,1195.0,1.04,28.0,0.47,-65.5,-49.9,25.9,48.0,-95.4,7.4,0.0,128.0,1
D004152,4.5,1147.0,1.19,30.0,0.52,-65.4,-49.4,23.0,44.0,-96.2,8.9,0.0,131.0,1
D004153,4.8,1175.0,1.37,36.5,0.59,-62.5,-50.0,25.1,34.0,-92.0,14.7,1.0,132.0,0
D004154,5.1,1183.0,1.09,29.0,0.39,-66.4,-49.1,22.4,45.0,-97.5,10.4,0.0,123.0,1
D004155,4.0,,1.19,33.0,0.5,-61.1,-50.4,26.7,55.0,-94.0,4.2,0.0,106.0,0
D004156,5.2,1360.0,1.01,21.0,0.48,-69.6,-54.7,,36.0,-92.4,11.3,1.0,146.0,1
D004157,4.9,1196.0,1.02,30.0,0.56,-66.5,-49.1,24.9,41.0,-96.0,6.3,0.0,134.0,1
D004158,4.6,1126.0,1.11,29.5,0.56,-66.6,-49.9,23.1,39.0,-96.4,8.7,0.0,129.0,1
D004159,5.8,1225.0,0.97,40.0,0.51,-60.2,-53.3,28.0,56.0,-96.7,11.5,1.0,138.0,1
D004160,3.8,1389.0,1.24,33.5,0.39,-66.2,-49.3,21.1,50.0,-92.2,11.8,0.0,141.0,0
D004161,5.0,1261.0,1.18,29.5,0.55,-65.3,-49.7,22.5,45.0,-95.7,6.8,0.0,126.0,1
D004162,3.3,1374.0,1.48,21.0,0.68,-64.2,-53.7,25.1,,-100.0,22.4,0.0,131.0,0
D004163,4.6,1169.0,0.9,28.5,0.43,-66.3,-51.0,24.3,43.0,-97.2,7.0,1.0,130.0,1
D004164,4.1,1208.0,1.1,29.0,0.5,-65.4,-52.3,24.1,42.0,-94.2,10.5,1.0,127.0,0
D004165,4.2,1138.0,1.11,32.5,0.42,-65.7,-51.5,24.6,42.0,-95.8,8.1,1.0,129.0,0
D004166,4.6,1253.0,1.11,24.5,0.46,-66.3,-48.2,22.6,44.0,-96.5,6.6,1.0,126.0,1
D004167,4.9,1212.0,1.18,26.5,0.5,-66.0,-49.9,24.9,39.0,-95.1,8.8,0.0,121.0,1
D004168,4.3,1234.0,1.18,29.0,0.5,-66.2,-51.0,24.0,,-95.0,,1.0,131.0,1
D004169,4.9,1172.0,1.17,28.5,0.42,-64.8,-49.8,23.5,43.0,-95.9,9.4,0.0,125.0,1
D004170,5.5,1152.0,1.13,29.5,0.49,-64.0,-50.4,25.2,,-93.5,11.1,1.0,129.0,1
D004171,4.6,1119.0,1.05,26.0,0.43,-65.7,-50.0,25.0,44.0,-95.4,4.3,0.0,124.0,1
D004172,4.4,1210.0,0.97,29.0,0.62,-66.2,-50.6,22.6,43.0,-97.1,11.8,0.0,128.0,1
D004173,6.1,1096.0,1.54,35.5,0.7,-64.2,-46.4,21.6,49.0,-94.6,7.1,1.0,115.0,0
D004174,5.3,1178.0,1.06,27.0,0.47,-65.6,-48.3,24.9,44.0,-94.6,10.0,0.0,121.0,0
D004175,4.7,1163.0,0.82,33.0,0.42,-66.1,-48.7,23.1,35.0,-97.7,8.9,0.0,102.0,1
D004176,4.2,1379.0,1.17,24.5,0.67,-66.9,-54.6,27.6,33.0,-92.2,4.4,0.0,146.0,0
D004177,4.8,1145.0,1.06,26.0,0.51,-66.3,-51.2,24.3,45.0,-95.6,8.1,1.0,126.0,0
D004178,4.1,1164.0,1.02,30.5,0.49,-65.3,-47.3,25.7,44.0,-96.5,13.4,0.0,118.0,0
D004179,5.0,1178.0,1.0,28.0,0.52,-65.3,-50.5,26.1,44.0,-95.3,7.3,1.0,136.0,1
D004180,4.4,1167.0,1.15,30.5,0.38,-65.0,-49.2,25.1,48.0,-93.9,8.5,0.0,131.0,1
D004181,5.7,1189.0,1.39,21.5,0.53,-70.0,-49.9,20.8,35.0,-94.3,21.1,1.0,138.0,1
D004182,4.8,1184.0,0.99,28.5,0.46,-67.4,-48.7,24.1,43.0,-94.0,11.2,1.0,140.0,1
D004183,6.7,1054.0,1.52,36.0,0.43,-64.2,-52.3,23.5,41.0,-91.2,8.0,1.0,143.0,1
D004184,4.3,1214.0,1.16,31.5,0.55,-67.5,-50.3,25.6,43.0,-95.2,7.2,0.0,120.0,1
D004185,3.4,1158.0,0.88,32.5,0.65,-60.2,-52.7,22.6,40.0,-99.6,,1.0,123.0,0
D004186,4.5,1149.0,1.23,30.0,0.46,-64.4,-49.2,23.6,45.0,-96.5,13.3,0.0,124.0,0
D004187,4.5,1180.0,1.08,31.5,0.4,,-52.2,25.4,44.0,-94.6,11.6,1.0,127.0,0
D004188,4.1,1082.0,0.83,26.0,0.62,-63.4,-51.2,24.6,58.0,-96.3,9.1,0.0,112.0,0
D004189,3.3,1155.0,1.03,38.0,0.59,-64.7,-46.4,27.3,55.0,-95.9,15.9,0.0,114.0,0
D004190,3.6,1037.0,1.59,22.0,0.62,-68.6,-47.0,25.8,52.0,-99.6,19.0,1.0,106.0,0
D004191,5.1,1136.0,1.14,28.0,0.52,-65.1,-52.1,24.2,47.0,-94.1,,1.0,130.0,1
D004192,3.2,1157.0,1.31,35.5,0.5,-63.6,-47.0,21.3,56.0,-94.0,8.0,1.0,142.0,0
D004193,4.8,1298.0,1.59,,0.56,-64.2,-47.7,28.8,,-94.9,11.7,1.0,103.0,0
D004194,5.2,1180.0,1.43,24.5,0.61,-60.1,-46.1,25.7,39.0,-93.6,1.1,0.0,102.0,0
D004195,,,1.0,27.5,0.53,-64.4,-50.2,24.0,40.0,-95.5,12.6,1.0,120.0,0
D004196,6.8,1031.0,1.47,29.5,0.36,-69.0,-46.6,20.3,52.0,-92.2,4.1,0.0,142.0,1
D004197,5.2,1141.0,1.1,30.5,0.44,-67.2,-51.2,24.5,43.0,-94.4,9.7,0.0,128.0,1
D004198,5.6,1249.0,1.12,27.0,0.38,-66.9,-50.2,,40.0,-98.3,12.3,0.0,121.0,1
D004199,4.2,1155.0,1.11,30.0,0.51,-65.9,-52.1,23.2,43.0,-94.9,8.1,1.0,131.0,0
D004200,4.6,1177.0,,27.5,0.4,-65.1,-51.1,22.9,43.0,-95.7,8.8,0.0,138.0,1
D004201,5.1,1194.0,1.07,26.5,0.43,-64.6,-49.5,22.8,48.0,-96.3,7.1,0.0,129.0,1
D004202,4.6,1225.0,1.11,30.0,0.39,-65.8,-51.3,24.1,47.0,,6.8,0.0,123.0,1
D004203,3.2,1076.0,1.54,35.5,0.43,,-46.9,22.7,57.0,-91.3,4.3,1.0,148.0,0
D004204,4.8,1235.0,0.91,30.0,0.46,-65.4,-50.4,22.8,47.0,-96.3,11.4,1.0,133.0,1
D004205,5.5,1317.0,1.3,20.0,0.37,-66.6,-54.0,28.3,33.0,-91.3,7.1,1.0,109.0,0
D004206,3.8,1094.0,1.06,40.0,0.43,-65.4,-46.3,20.5,42.0,-90.4,2.8,1.0,104.0,0
D004207,5.0,1181.0,1.21,22.5,0.49,-65.7,-51.9,,31.0,-94.1,2.1,1.0,124.0,0
D004208,5.0,1198.0,1.11,31.0,0.46,-63.4,-51.5,23.2,42.0,-95.1,7.2,0.0,124.0,1
D004209,4.6,1153.0,0.97,25.5,0.47,-65.3,-48.4,24.0,36.0,-94.6,7.0,1.0,127.0,1
D004210,5.1,1286.0,1.15,38.5,0.55,-69.8,-48.5,24.0,40.0,-94.2,21.6,0.0,146.0,1
D004211,5.6,1184.0,1.36,27.5,0.47,-60.9,-45.0,28.7,51.0,-91.6,17.9,0.0,,0
D004212,4.8,1243.0,1.08,28.0,0.51,-64.8,-48.7,23.3,42.0,-97.4,7.1,0.0,119.0,1
D004213,6.5,1112.0,1.25,29.5,0.51,-64.3,-51.1,27.2,42.0,-98.3,8.0,0.0,100.0,1
D004214,3.9,1172.0,0.91,36.5,0.44,-68.1,-48.6,20.5,41.0,-98.6,10.7,0.0,111.0,1
D004215,4.9,1192.0,1.08,28.5,0.51,-64.9,-49.6,22.9,43.0,-98.5,7.4,0.0,126.0,1
D004216,4.7,1278.0,1.08,30.0,0.48,-66.2,-48.6,23.0,40.0,-94.7,4.5,0.0,130.0,1
D004217,5.3,1011.0,0.84,38.5,0.32,-60.4,-49.9,26.4,38.0,-92.5,6.8,1.0,150.0,0
D004218,4.4,1210.0,1.23,28.5,0.44,-65.9,-49.4,25.7,39.0,-95.1,9.1,1.0,117.0,0
D004219,5.0,1182.0,1.06,27.5,0.51,-66.5,-49.2,23.2,44.0,-95.2,,1.0,129.0,1
D004220,4.7,1301.0,1.19,32.0,0.46,-65.6,-54.9,21.6,50.0,-99.7,7.8,1.0,148.0,1
D004221,4.4,1155.0,0.92,24.0,0.51,-64.8,-50.5,22.6,51.0,-95.1,14.1,1.0,120.0,0
D004222,5.1,1137.0,1.1,30.5,0.52,-63.6,-48.5,22.7,48.0,-95.7,,0.0,131.0,1
D004223,4.3,1181.0,1.09,25.5,0.48,,-48.4,24.6,46.0,-96.4,11.6,0.0,128.0,0
D004224,3.6,1333.0,1.53,32.0,0.35,-69.3,-46.6,28.8,47.0,-91.9,11.9,0.0,148.0,0
D004225,5.0,1149.0,1.11,26.0,0.49,-66.3,-50.8,24.3,44.0,-96.8,9.7,1.0,126.0,1
D004226,4.8,1164.0,1.05,28.5,0.4,-63.6,-49.5,25.4,46.0,-96.9,7.5,0.0,126.0,1
D004227,4.9,1102.0,1.19,33.0,0.41,-66.3,-51.4,24.8,43.0,-96.5,7.4,0.0,128.0,1
D004228,5.7,1233.0,1.08,29.0,0.31,-62.9,,27.9,30.0,-99.9,1.4,0.0,112.0,0
D004229,4.9,1105.0,1.14,26.5,0.48,-66.1,-49.9,24.1,42.0,-94.1,8.5,1.0,131.0,0
D004230,3.9,,0.86,24.0,0.31,-67.2,-52.4,21.4,54.0,-99.3,8.6,0.0,131.0,0
D004231,4.7,1237.0,1.06,33.0,0.49,-64.4,-50.6,26.1,38.0,-95.0,7.0,0.0,123.0,1
D004232,6.3,1140.0,1.09,29.0,0.49,-65.6,-50.1,23.8,45.0,-95.9,13.5,1.0,130.0,1
D004233,4.5,1240.0,1.1,26.0,0.51,-66.5,-49.1,24.0,43.0,-95.0,13.6,1.0,136.0,1
D004234,4.5,1072.0,0.9,26.5,0.51,-66.1,-50.7,22.2,42.0,-95.5,6.5,0.0,130.0,1
D004235,5.5,1312.0,1.02,25.5,0.45,-69.6,-53.7,23.3,,-96.2,7.4,1.0,130.0,1
D004236,5.2,1157.0,0.82,23.0,0.3,-64.0,-46.4,28.1,43.0,-95.5,2.6,1.0,106.0,0
D004237,5.2,1323.0,,21.0,0.61,-63.4,-54.6,20.9,41.0,-96.8,15.7,0.0,143.0,0
D004238,4.7,1140.0,1.18,31.0,0.53,-64.1,-50.3,23.5,43.0,-96.6,7.5,1.0,120.0,1
D004239,6.8,1162.0,1.56,31.0,0.51,-63.9,-50.4,26.2,50.0,-90.0,3.3,0.0,113.0,0
D004240,4.3,1147.0,1.08,28.5,0.52,-66.4,-49.4,24.0,37.0,-95.1,7.7,0.0,131.0,1
D004241,5.1,1222.0,1.1,31.5,0.42,-66.5,-49.8,23.8,44.0,-97.1,10.8,1.0,134.0,1
D004242,4.8,1089.0,1.55,24.0,0.69,-66.8,-53.7,21.2,48.0,-93.1,11.7,0.0,100.0,0
D004243,4.4,1135.0,1.22,30.0,0.56,-66.4,-49.6,25.0,45.0,-95.9,12.0,1.0,124.0,0
D004244,6.1,1298.0,0.84,35.0,0.35,-62.5,-48.4,20.8,41.0,-90.1,4.8,1.0,132.0,0
D004245,4.3,1221.0,1.26,28.5,0.43,-65.3,-51.0,25.4,42.0,-95.4,9.0,0.0,125.0,1
D004246,5.0,1117.0,1.13,27.5,0.45,-64.9,-50.3,22.5,39.0,-94.3,7.2,1.0,134.0,1
D004247,4.7,1164.0,1.31,28.5,0.47,-63.9,-49.0,24.9,40.0,-96.5,11.5,0.0,126.0,1
D004248,6.8,1256.0,1.43,33.5,0.43,-64.6,-53.7,27.8,38.0,-99.2,18.8,0.0,130.0,1
D004249,,1217.0,1.21,30.0,0.52,-65.9,-50.3,23.0,40.0,-94.9,6.2,0.0,131.0,1
D004250,5.9,1251.0,1.04,28.5,0.44,-68.5,-50.0,21.1,39.0,-97.0,12.9,0.0,128.0,1
D004251,4.1,1057.0,1.25,23.5,0.66,-63.2,-54.3,21.4,54.0,-92.9,22.8,0.0,122.0,0
D004252,,1219.0,1.44,34.5,0.31,-61.1,-54.1,23.5,41.0,-92.4,2.4,0.0,110.0,1
D004253,4.5,1258.0,1.26,20.5,0.67,-63.3,-46.8,26.6,45.0,-98.4,21.4,0.0,148.0,0
D004254,3.5,1314.0,1.41,20.0,0.45,-70.0,-53.3,27.6,33.0,-92.8,5.2,0.0,114.0,0
D004255,4.4,1272.0,1.06,29.0,0.44,-65.6,-47.5,24.4,45.0,-95.9,11.4,0.0,127.0,1
D004256,5.1,1158.0,1.56,38.5,0.32,-63.1,-46.6,26.3,41.0,-92.7,15.7,1.0,146.0,0
D004257,4.7,1229.0,1.2,31.0,0.44,,-50.5,25.5,39.0,-95.7,12.6,1.0,123.0,1
D004258,5.3,1264.0,1.08,31.0,0.5,-65.6,-52.4,23.6,41.0,-95.7,9.4,1.0,132.0,1
D004259,5.0,1198.0,1.17,29.5,0.47,-65.4,-51.3,24.9,44.0,-96.3,14.6,0.0,130.0,1
D004260,5.0,1175.0,1.26,29.0,0.47,-66.0,-49.1,22.5,40.0,-96.8,5.6,1.0,136.0,1
D004261,4.7,1179.0,1.14,29.0,0.45,-66.0,-49.4,22.2,47.0,-97.3,12.5,0.0,127.0,1
D004262,4.6,1121.0,1.0,27.5,0.47,-68.1,-50.4,23.8,47.0,-96.0,,1.0,123.0,1
D004263,4.0,1140.0,0.93,30.0,0.5,-65.9,-48.4,22.8,38.0,-93.9,8.6,0.0,121.0,1
D004264,5.6,1054.0,1.04,35.0,0.33,-61.8,-49.7,28.6,59.0,-95.9,9.2,0.0,102.0,0
D004265,3.3,,1.2,31.0,0.65,-64.2,-49.8,24.2,49.0,-95.1,4.0,0.0,145.0,1
D004266,5.5,1118.0,1.2,26.5,0.5,-64.9,-50.7,25.2,49.0,-94.9,,0.0,124.0,1
D004267,5.8,1154.0,1.24,23.0,0.32,-65.3,-53.6,22.9,57.0,-96.3,16.6,0.0,120.0,0
D004268,4.5,1228.0,1.06,32.0,0.43,-65.8,-49.4,24.4,49.0,-95.5,6.5,1.0,130.0,1
D004269,4.7,1157.0,0.97,27.0,0.47,-66.5,-48.7,24.8,39.0,-93.3,11.5,1.0,129.0,1
D004270,5.2,1081.0,0.88,23.0,0.56,-65.3,-49.4,24.9,48.0,-99.1,13.3,1.0,112.0,0
D004271,5.0,1327.0,1.53,22.5,0.45,-66.8,-50.1,27.6,35.0,-100.0,5.4,0.0,131.0,1
D004272,4.3,,1.12,30.0,0.48,-66.7,-49.5,23.7,36.0,-96.8,8.0,0.0,134.0,1
D004273,5.6,1224.0,1.1,31.0,0.44,-64.2,-48.6,24.5,46.0,-97.5,6.4,1.0,123.0,0
D004274,6.5,1301.0,1.17,23.5,0.3,-68.6,-55.0,23.6,50.0,-90.7,9.8,1.0,145.0,1
D004275,4.9,1177.0,1.14,28.5,0.48,-64.4,-50.2,23.1,41.0,-96.3,7.6,0.0,129.0,1
D004276,6.2,1310.0,0.98,21.5,0.5,-61.1,-52.9,21.9,46.0,-95.8,6.4,0.0,122.0,1
D004277,5.3,1192.0,0.87,29.5,0.44,-66.7,-50.1,24.5,46.0,,11.9,1.0,130.0,1
D004278,4.4,1217.0,1.06,29.5,0.45,-64.8,-50.5,25.4,43.0,-95.1,11.5,1.0,137.0,1
D004279,4.1,1180.0,0.91,35.0,0.51,-69.6,-48.9,29.1,38.0,-95.0,2.9,1.0,112.0,1
D004280,5.1,1170.0,1.12,30.0,0.44,-64.6,-50.8,23.7,47.0,-94.1,4.7,1.0,122.0,0
D004281,3.5,1177.0,0.89,22.0,0.34,-63.8,-54.0,26.3,33.0,-97.8,5.2,1.0,119.0,0
D004282,4.6,1150.0,0.93,28.5,0.47,-66.2,-50.3,24.4,41.0,,6.2,0.0,134.0,1
D004283,5.5,1053.0,1.0,26.0,0.54,-68.3,-53.6,20.5,46.0,-98.1,16.1,1.0,104.0,1
D004284,4.9,1164.0,1.1,33.5,0.48,-65.3,-50.6,23.2,41.0,-96.3,9.1,0.0,128.0,1
D004285,6.7,1068.0,0.8,24.0,0.68,-63.8,-52.7,29.6,,-93.5,23.7,0.0,141.0,0
D004286,4.6,1384.0,1.31,35.5,0.54,-68.9,-50.4,25.2,37.0,-99.3,12.4,1.0,142.0,1
D004287,5.3,1138.0,1.02,30.0,0.47,-65.6,-51.2,22.4,43.0,-95.7,11.3,1.0,121.0,1
D004288,4.9,1221.0,1.04,30.0,0.48,-64.6,-49.4,23.1,48.0,-95.6,9.9,1.0,121.0,0
D004289,4.6,1181.0,1.2,25.5,0.43,-66.8,-49.0,23.5,43.0,-94.4,11.4,,133.0,0
D004290,4.2,1173.0,0.99,28.0,0.46,-64.0,-49.6,24.2,46.0,-98.3,7.7,1.0,122.0,0
D004291,5.7,1224.0,1.0,21.5,0.45,-70.0,-54.1,27.1,56.0,-95.8,21.6,1.0,121.0,1
D004292,4.8,1187.0,1.09,31.0,0.51,-64.8,-48.8,22.3,44.0,-95.2,7.4,0.0,127.0,1
D004293,4.5,1275.0,1.3,30.5,0.5,-65.4,-49.5,27.0,43.0,-94.3,9.2,1.0,126.0,0
D004294,5.2,1136.0,0.93,40.0,0.43,-68.7,-53.3,28.5,34.0,-99.8,6.9,0.0,131.0,1
D004295,5.0,,1.14,29.5,0.46,-65.6,-50.0,23.7,40.0,-93.8,11.9,0.0,124.0,1
D004296,4.9,1223.0,1.07,27.5,0.47,-65.1,-49.8,23.6,41.0,-98.2,8.2,1.0,124.0,1
D004297,6.3,1059.0,1.33,26.0,0.36,-63.0,-47.8,22.5,30.0,-95.7,7.2,0.0,112.0,1
D004298,3.9,1310.0,,32.5,0.45,-68.8,-51.7,25.5,47.0,-93.5,18.1,1.0,120.0,0
D004299,5.1,1209.0,0.94,32.0,0.46,-64.6,-49.7,23.7,45.0,-94.8,8.6,0.0,128.0,1
D004300,5.2,1265.0,1.07,28.5,0.45,-66.7,-50.3,24.8,42.0,-95.5,10.8,1.0,129.0,0
D004301,4.6,1183.0,0.91,27.0,0.43,-63.7,-49.0,23.9,40.0,-96.8,10.9,1.0,131.0,0
D004302,3.6,1380.0,1.11,24.5,0.56,-61.7,-53.1,23.7,31.0,-97.0,23.8,1.0,124.0,0
D004303,4.8,1161.0,1.2,31.0,0.35,-64.2,-51.7,25.1,48.0,-97.2,8.0,1.0,132.0,0
D004304,5.2,1129.0,1.09,27.0,0.45,-66.8,-52.3,24.8,41.0,-96.3,9.9,0.0,127.0,1
D004305,6.6,1276.0,1.15,35.5,0.38,-61.5,-52.9,25.5,50.0,-99.9,12.3,0.0,,1
D004306,4.7,1116.0,1.01,31.5,0.46,-64.1,-49.0,23.5,47.0,-96.9,12.0,1.0,127.0,0
D004307,5.1,1169.0,1.05,30.5,0.43,-64.5,-51.2,24.0,47.0,-96.8,7.7,0.0,128.0,1
D004308,5.1,1088.0,0.87,29.0,0.54,-69.2,-54.9,22.7,33.0,-96.5,16.2,1.0,120.0,1
D004309,4.9,1281.0,1.19,26.5,0.51,-64.3,-50.0,24.8,43.0,-96.1,5.7,1.0,137.0,1
D004310,4.4,1250.0,1.49,38.5,0.38,-67.8,-46.6,21.7,34.0,-95.4,16.7,1.0,128.0,1
D004311,6.3,1020.0,0.82,26.5,0.46,-65.1,-51.2,24.4,47.0,,21.1,0.0,105.0,0
D004312,4.2,1118.0,1.04,28.5,0.54,-63.3,-49.9,25.6,,-96.4,5.1,,129.0,0
D004313,4.3,1189.0,1.19,30.5,0.46,-66.2,-50.6,24.8,42.0,-93.9,10.3,1.0,123.0,1
D004314,6.2,1216.0,1.04,31.0,0.69,-66.3,-49.1,23.4,37.0,-97.4,4.7,0.0,100.0,1
D004315,5.0,1121.0,1.01,29.5,0.48,-66.3,-49.0,22.7,42.0,-96.2,9.9,0.0,125.0,1
D004316,6.3,1310.0,1.57,33.0,0.43,-69.0,-49.3,26.7,39.0,-97.1,11.1,1.0,113.0,1
D004317,5.2,1239.0,1.16,27.5,0.46,-65.9,-49.9,22.7,51.0,-95.3,8.6,0.0,132.0,1
D004318,3.4,1071.0,1.22,40.0,0.57,-65.1,-45.9,20.7,56.0,-95.9,7.1,1.0,149.0,0
D004319,6.7,1205.0,1.09,,0.57,-68.8,-45.6,23.8,41.0,-95.7,16.6,1.0,113.0,1
D004320,4.3,1234.0,1.16,29.5,0.48,-66.4,-48.2,24.0,48.0,-95.6,9.3,1.0,131.0,1
D004321,5.9,1207.0,1.21,33.0,0.63,-65.3,-49.7,20.1,45.0,-97.7,2.7,0.0,126.0,1
D004322,4.5,1110.0,1.05,31.0,0.52,-66.6,-50.4,25.2,,-94.5,7.5,1.0,138.0,1
D004323,5.0,1185.0,1.15,28.5,0.45,-65.1,-49.8,24.8,44.0,-96.1,7.7,1.0,123.0,1
D004324,5.0,1157.0,1.06,30.5,0.52,-65.8,-48.3,22.4,42.0,-95.6,12.9,0.0,132.0,1
D004325,5.0,1193.0,1.13,31.5,,-66.1,-50.0,23.3,45.0,-96.5,5.9,1.0,125.0,1
D004326,4.8,1187.0,1.1,28.0,0.53,-65.4,-50.5,24.2,40.0,-94.4,8.1,1.0,121.0,1
D004327,5.5,1187.0,1.14,29.0,0.47,-63.2,-49.0,24.1,46.0,-95.5,7.4,0.0,120.0,1
D004328,6.1,1046.0,0.87,34.5,0.52,-61.2,-54.9,29.0,32.0,-94.4,6.4,0.0,143.0,1
D004329,5.2,1253.0,1.06,27.5,0.48,-67.2,-50.7,24.5,44.0,-95.4,6.7,1.0,128.0,1
D004330,4.6,1212.0,0.98,31.5,0.46,-65.7,-48.9,23.9,42.0,-95.1,7.2,0.0,136.0,1
D004331,5.0,1157.0,1.23,27.5,0.44,-64.8,-50.2,23.3,41.0,-95.2,10.6,1.0,125.0,1
D004332,5.3,1026.0,1.14,36.5,,-62.1,-54.4,21.4,32.0,-92.7,21.0,1.0,140.0,0
D004333,4.6,1030.0,1.06,37.0,0.55,-63.8,-54.6,27.4,,-93.7,21.6,0.0,118.0,1
D004334,5.1,1218.0,1.06,27.0,0.56,-66.0,-49.8,23.4,48.0,-94.6,5.5,1.0,126.0,1
D004335,4.1,1252.0,1.12,29.0,0.51,-65.5,-49.7,24.0,42.0,-94.6,7.0,0.0,127.0,1
D004336,5.2,1184.0,1.2,29.5,0.48,-64.4,-49.8,22.5,43.0,-96.6,8.1,0.0,131.0,1
D004337,4.7,1268.0,1.53,22.5,0.4,-61.3,-52.0,29.0,37.0,-95.3,23.3,0.0,111.0,0
D004338,4.6,1227.0,1.08,32.5,0.43,-63.5,-49.6,23.7,49.0,-95.0,7.2,0.0,132.0,1
D004339,5.0,1142.0,1.12,30.0,0.53,-65.5,-49.4,23.5,49.0,-95.7,7.3,1.0,130.0,1
D004340,6.9,1388.0,0.99,24.5,0.36,-67.2,-45.5,29.5,55.0,-93.0,18.9,1.0,131.0,0
D004341,4.7,1146.0,1.01,29.0,0.42,-65.3,-49.8,24.8,44.0,-96.2,11.5,1.0,,1
D004342,4.7,1212.0,1.16,32.0,0.46,-65.3,-48.9,24.0,43.0,-96.4,8.7,1.0,132.0,1
D004343,5.3,1154.0,0.96,28.0,0.45,-64.2,-49.1,25.3,42.0,-95.9,6.2,1.0,137.0,1
D004344,3.5,1042.0,1.49,21.0,0.63,-65.6,-48.2,22.8,42.0,-95.4,17.9,0.0,116.0,0
D004345,6.7,1242.0,0.98,30.0,0.34,-68.0,-51.9,26.2,44.0,-94.8,23.0,1.0,147.0,1
D004346,4.7,1162.0,1.1,33.5,0.44,-66.3,-49.9,24.2,,-96.4,14.5,0.0,129.0,1
D004347,3.9,1183.0,1.12,32.5,0.49,-65.5,-50.0,22.7,46.0,-95.6,6.4,1.0,128.0,0
D004348,5.4,1148.0,,28.0,0.54,-63.5,-49.3,24.4,44.0,-95.1,5.7,0.0,127.0,1
D004349,3.1,1160.0,1.45,25.0,0.49,-68.0,-54.6,27.5,48.0,-94.2,22.3,0.0,107.0,0
D004350,3.8,,0.88,30.5,0.4,-65.7,-50.8,28.6,55.0,-90.9,5.6,1.0,110.0,0
D004351,5.4,1089.0,1.31,32.5,0.3,-68.4,-48.3,26.2,41.0,-94.6,23.2,1.0,131.0,0
D004352,4.7,1151.0,0.96,28.5,0.48,-65.4,-49.8,24.3,49.0,-94.5,11.3,0.0,123.0,1
D004353,6.0,1309.0,1.28,27.5,0.62,,-54.2,23.4,52.0,-93.6,0.8,1.0,122.0,1
D004354,5.4,1147.0,1.23,27.5,0.46,-65.3,-51.2,24.3,44.0,-95.7,7.8,1.0,117.0,1
D004355,4.6,1254.0,1.31,24.0,0.62,-61.7,-50.7,23.5,53.0,-94.0,15.5,1.0,119.0,0
D004356,3.7,1290.0,0.98,39.5,0.36,-62.6,-45.0,26.6,60.0,-97.1,22.3,0.0,119.0,0
D004357,4.7,1145.0,1.07,34.5,0.5,-64.6,-49.3,21.7,49.0,-95.6,7.4,1.0,123.0,1
D004358,4.7,1163.0,1.5,29.0,0.37,-66.6,-51.1,22.1,49.0,-99.7,20.5,0.0,131.0,0
D004359,4.5,1159.0,0.94,32.0,0.55,-64.3,-50.2,23.7,46.0,-94.8,8.1,1.0,134.0,1
D004360,4.9,1113.0,1.22,30.0,0.52,-65.9,-49.4,24.7,45.0,,8.0,1.0,125.0,1
D004361,4.7,1135.0,1.03,28.0,0.5,-64.4,-51.8,24.3,43.0,-95.3,11.2,1.0,122.0,0
D004362,5.8,1139.0,1.2,33.5,0.41,-67.4,-49.5,22.7,45.0,-95.9,12.6,0.0,132.0,1
D004363,4.5,1181.0,1.03,30.5,0.42,-64.8,-50.1,24.2,51.0,-96.6,12.1,1.0,131.0,0
D004364,4.6,1210.0,1.08,29.0,0.57,-64.7,-49.0,24.3,45.0,-95.6,8.4,0.0,130.0,1
D004365,5.1,1206.0,1.14,30.5,0.46,-65.2,-49.0,24.3,42.0,-96.8,8.1,1.0,132.0,1
D004366,4.6,1199.0,0.96,27.5,0.38,-64.3,-50.2,23.4,44.0,-95.2,10.9,,121.0,0
D004367,4.8,1222.0,1.08,27.5,0.52,-64.1,-48.8,24.0,44.0,-95.6,9.9,0.0,134.0,1
D004368,,1203.0,1.17,31.5,0.47,-65.6,-51.4,24.2,48.0,-95.6,14.6,1.0,121.0,1
D004369,4.6,1196.0,1.11,28.5,0.51,-65.3,-50.8,24.4,42.0,-93.6,10.5,1.0,129.0,1
D004370,6.8,1102.0,0.99,38.5,0.37,-63.0,-53.2,25.5,36.0,-94.7,3.9,1.0,106.0,1
D004371,4.4,1184.0,1.11,29.5,0.48,-65.4,-49.8,24.6,44.0,-96.7,8.3,1.0,133.0,1
D004372,4.3,1235.0,1.17,29.5,0.48,-65.5,-51.4,26.6,43.0,-94.7,10.2,1.0,122.0,1
D004373,4.7,1218.0,1.13,28.5,0.41,-66.4,-48.7,24.2,48.0,-95.8,8.9,0.0,125.0,0
D004374,4.7,1174.0,1.16,30.0,0.49,-66.3,-50.9,22.6,38.0,-96.2,9.3,1.0,127.0,1
D004375,4.5,1175.0,1.16,31.0,0.45,-65.3,-50.7,23.8,42.0,-95.5,9.2,0.0,128.0,0
D004376,4.6,1237.0,1.1,31.0,0.5,-65.6,-49.5,23.5,45.0,-96.1,11.1,0.0,124.0,1
D004377,6.6,1344.0,1.52,23.0,0.43,-65.5,-45.2,21.2,37.0,-90.0,11.1,1.0,128.0,0
D004378,4.7,1173.0,1.04,31.5,0.5,-65.4,-50.6,24.6,,-95.3,7.0,0.0,120.0,1
D004379,5.4,1241.0,1.09,30.5,0.5,-64.7,-48.9,23.9,44.0,-95.2,13.6,0.0,128.0,1
D004380,4.1,1158.0,1.55,29.0,0.32,-69.0,-53.5,21.8,51.0,-95.9,19.0,0.0,130.0,0
D004381,4.4,1174.0,1.13,32.5,0.49,-66.3,-52.1,23.1,41.0,-95.1,7.2,0.0,133.0,1
D004382,5.0,1083.0,1.09,29.5,0.61,-65.4,-48.9,21.9,46.0,-94.2,4.6,0.0,131.0,0
D004383,4.9,1053.0,1.08,29.0,0.49,-64.7,-50.5,24.3,43.0,-95.3,12.2,1.0,123.0,0
D004384,4.4,1208.0,0.81,29.0,0.58,-64.1,-52.2,24.8,40.0,-93.6,11.6,,108.0,1
D004385,6.8,1329.0,1.52,30.0,0.58,-64.1,-54.3,22.5,48.0,-90.0,10.1,0.0,122.0,0
D004386,4.6,1175.0,1.04,32.0,0.49,-63.8,-50.9,24.0,46.0,-95.4,7.8,0.0,133.0,1
D004387,4.6,1285.0,1.05,28.5,0.41,-67.7,-48.1,24.3,40.0,-95.5,10.7,1.0,124.0,1
D004388,4.4,1270.0,1.49,33.5,0.52,-68.6,-48.2,27.1,,-90.2,14.5,0.0,124.0,0
D004389,5.8,1205.0,1.1,26.0,0.55,-65.0,-49.3,24.9,42.0,-95.5,,0.0,126.0,1
D004390,5.3,1210.0,1.2,28.0,0.47,-64.9,-50.7,23.2,41.0,-94.5,12.7,1.0,126.0,1
D004391,5.5,1221.0,1.45,25.0,0.4,-69.6,-52.8,25.4,51.0,-92.6,19.5,1.0,116.0,0
D004392,5.3,1135.0,1.26,23.0,0.59,-68.1,-50.3,,54.0,-94.8,4.8,0.0,109.0,0
D004393,4.8,1065.0,1.08,29.0,0.53,-66.5,-50.8,24.5,45.0,-95.8,7.7,1.0,125.0,1
D004394,4.5,1174.0,1.09,32.0,0.47,-64.6,-51.1,23.6,44.0,-94.9,7.7,0.0,130.0,1
D004395,5.6,1171.0,1.06,28.5,0.46,-65.5,-50.4,23.6,50.0,-94.2,6.5,1.0,136.0,1
D004396,5.2,1148.0,,29.5,0.58,-64.8,-48.9,23.2,46.0,-95.8,8.5,1.0,123.0,1
D004397,5.2,1187.0,1.08,29.0,0.47,-65.0,-50.2,23.8,42.0,-94.8,7.3,1.0,139.0,1
D004398,5.3,1116.0,1.08,34.5,0.44,-66.1,-51.3,23.9,47.0,-97.1,11.2,0.0,130.0,1
D004399,6.5,1211.0,1.06,24.5,0.42,-65.4,-48.9,20.6,33.0,-93.4,14.3,0.0,109.0,1
D004400,4.6,1282.0,,23.0,0.64,-70.0,-46.2,29.0,40.0,-93.7,23.7,1.0,109.0,0
D004401,5.0,1160.0,1.12,28.0,0.42,-66.1,-48.9,23.4,40.0,-96.3,4.8,1.0,127.0,1
D004402,,1136.0,1.13,29.5,0.44,-67.1,-49.9,24.1,48.0,-96.5,5.3,1.0,130.0,1
D004403,4.7,1136.0,1.06,31.0,0.5,-65.9,-49.0,23.7,40.0,-97.0,10.0,1.0,132.0,1
D004404,5.0,1158.0,1.09,30.5,0.41,-65.9,-49.1,22.3,46.0,-96.5,10.7,1.0,126.0,1
D004405,4.6,1185.0,1.12,29.0,0.46,-64.6,-51.1,24.5,46.0,-94.8,2.4,0.0,132.0,1
D004406,5.5,1185.0,1.09,29.5,0.48,-67.3,-50.5,22.7,44.0,-95.7,4.6,0.0,132.0,1
D004407,5.0,1184.0,1.15,29.5,0.56,-64.7,-49.9,25.0,39.0,-95.4,7.2,0.0,127.0,1
D004408,6.5,1268.0,1.11,24.5,0.57,-60.9,-54.2,27.1,49.0,-95.0,17.9,0.0,130.0,1
D004409,4.7,1198.0,1.03,29.5,0.47,-65.8,-49.2,23.1,41.0,-95.4,8.9,1.0,130.0,1
D004410,4.6,1193.0,1.13,29.0,0.45,-66.4,-50.6,23.5,47.0,-96.3,9.8,1.0,141.0,1
D004411,3.7,1149.0,0.95,30.5,0.49,-64.4,-50.5,25.0,43.0,-95.6,9.7,1.0,140.0,0
D004412,5.6,1265.0,1.21,26.5,0.33,-68.9,-46.7,26.1,36.0,-97.7,1.4,1.0,148.0,1
D004413,3.6,1002.0,1.2,20.0,0.35,-66.5,-46.9,21.5,48.0,-99.3,22.4,0.0,109.0,0
D004414,4.3,1166.0,1.1,24.5,0.51,-64.7,-49.9,22.1,45.0,-94.0,14.2,0.0,129.0,0
D004415,4.4,1172.0,1.15,24.0,0.46,-65.9,-51.1,22.1,46.0,-96.1,9.4,0.0,127.0,1
D004416,5.0,1185.0,1.11,28.0,0.46,-66.9,-48.4,24.2,44.0,-94.9,10.5,1.0,140.0,1
D004417,,1190.0,1.1,28.0,0.42,-66.4,-50.7,23.8,44.0,-94.5,9.8,1.0,123.0,0
D004418,3.4,1058.0,1.35,30.0,0.62,-69.1,-51.9,23.1,48.0,-94.0,19.7,1.0,144.0,0
D004419,5.0,1164.0,1.01,27.5,0.46,-65.3,-50.2,24.5,46.0,-94.9,11.9,1.0,133.0,1
D004420,4.7,1101.0,1.18,27.0,0.43,-66.5,-50.8,23.7,44.0,-95.5,10.5,1.0,135.0,0
D004421,6.9,1305.0,0.9,27.5,,-65.9,-52.8,27.2,44.0,-90.7,11.3,1.0,110.0,1
D004422,5.0,1235.0,1.18,29.5,0.39,-65.2,-49.3,25.4,41.0,-97.1,11.2,1.0,132.0,1
D004423,4.9,1193.0,1.1,25.5,0.55,-65.1,-50.2,24.5,42.0,-95.3,11.1,1.0,123.0,1
D004424,4.7,1134.0,1.28,29.5,0.5,-61.5,-47.0,22.3,42.0,-99.4,12.1,0.0,111.0,0
D004425,5.2,1152.0,1.4,37.0,0.36,-60.5,-54.6,22.7,48.0,-99.0,9.9,0.0,108.0,0
D004426,4.9,1386.0,0.8,35.0,0.43,-70.0,-54.9,25.3,42.0,-91.1,17.2,0.0,144.0,1
D004427,3.3,1397.0,1.14,24.0,0.46,-63.9,-49.7,28.5,33.0,-96.1,23.6,1.0,105.0,0
D004428,4.8,1171.0,1.1,32.0,0.4,-66.1,-50.5,24.6,44.0,-95.6,9.1,1.0,134.0,1
D004429,5.1,1396.0,1.24,28.0,0.4,-63.4,-50.4,26.9,55.0,-93.8,16.7,1.0,111.0,0
D004430,4.2,1006.0,1.39,28.5,0.43,-67.1,-54.5,20.3,50.0,-96.8,20.6,0.0,102.0,0
D004431,5.4,1241.0,1.17,29.5,0.5,-66.6,-48.6,25.7,45.0,-96.2,9.6,1.0,135.0,1
D004432,5.6,1252.0,1.06,26.0,0.41,-67.2,-50.1,23.5,42.0,-96.1,,1.0,120.0,0
D004433,4.8,1128.0,1.05,29.5,0.47,-65.2,-49.9,24.5,47.0,-95.4,8.8,1.0,135.0,1
D004434,5.0,1210.0,1.16,30.0,0.48,-65.9,-49.0,22.6,44.0,-95.5,8.5,,122.0,1
D004435,6.7,1354.0,1.34,21.0,0.65,-64.5,-53.2,20.9,59.0,-92.1,15.0,1.0,135.0,1
D004436,5.0,1192.0,1.1,29.5,0.47,-65.9,-50.4,24.3,48.0,-97.0,11.2,1.0,137.0,1
D004437,5.0,1230.0,0.91,32.5,0.44,-65.2,-54.3,25.8,,-97.3,2.1,1.0,128.0,1
D004438,5.5,1145.0,1.07,,0.48,-64.4,-49.5,24.1,40.0,-95.8,11.7,0.0,128.0,1
D004439,4.3,1380.0,0.84,35.0,0.62,-64.6,-45.9,29.0,59.0,-96.2,22.6,0.0,106.0,0
D004440,4.9,1192.0,1.18,29.0,0.46,-64.9,-51.8,23.1,52.0,-95.0,10.5,1.0,122.0,1
D004441,5.2,1157.0,1.14,27.5,0.46,-65.6,-50.7,24.4,42.0,-95.3,7.1,0.0,128.0,1
D004442,4.1,1218.0,1.51,32.5,0.37,-65.1,-53.2,20.9,48.0,-95.4,20.1,1.0,104.0,0
D004443,4.6,1126.0,1.06,27.5,0.49,-65.2,-51.1,23.3,41.0,-96.1,9.2,0.0,130.0,1
D004444,4.8,1142.0,1.21,28.0,0.45,-65.3,-50.2,26.5,44.0,-96.0,12.8,1.0,123.0,0
D004445,4.2,1213.0,0.82,25.5,0.34,-70.0,-54.8,26.5,56.0,-98.7,17.6,1.0,139.0,0
D004446,3.8,1250.0,0.99,33.5,0.41,-62.7,-53.8,29.8,45.0,-99.3,8.6,0.0,148.0,1
D004447,5.3,1201.0,0.98,24.0,0.64,-66.0,-54.1,29.6,45.0,-99.1,0.2,1.0,121.0,0
D004448,5.0,1177.0,1.07,28.5,0.47,-64.7,-49.3,24.1,44.0,-94.2,11.7,0.0,124.0,1
D004449,6.5,1295.0,1.36,38.5,0.7,-62.9,-52.9,28.7,36.0,-95.9,0.6,1.0,102.0,0
D004450,6.3,1361.0,1.34,38.5,0.47,-62.9,-48.6,29.0,53.0,-94.4,14.8,1.0,112.0,0
D004451,4.1,1125.0,0.96,29.5,0.41,-66.3,-49.9,24.9,50.0,-97.1,7.4,1.0,132.0,1
D004452,5.3,1282.0,1.34,,0.7,-65.6,-46.4,29.6,55.0,-92.7,7.0,,112.0,0
D004453,5.0,1231.0,0.96,28.5,0.47,-67.3,-49.6,23.9,,-95.0,10.1,0.0,127.0,0
D004454,5.4,1169.0,1.04,28.0,0.32,-68.4,-49.9,27.4,54.0,-90.5,3.4,0.0,118.0,0
D004455,4.4,1124.0,1.09,30.0,0.47,-64.7,-49.6,25.8,43.0,-96.8,7.9,1.0,124.0,1
D004456,5.2,1180.0,1.19,33.5,0.6,-61.3,-52.4,20.2,37.0,-93.3,9.4,1.0,138.0,0
D004457,4.6,1102.0,1.01,26.0,0.42,-62.1,-46.4,23.8,49.0,-90.6,13.9,1.0,123.0,0
D004458,4.5,1218.0,1.1,26.5,0.45,-65.9,-50.6,24.3,46.0,-95.9,11.0,1.0,129.0,0
D004459,4.9,1030.0,1.14,37.0,0.4,-69.6,-49.1,28.7,32.0,-92.0,20.2,0.0,140.0,1
D004460,4.2,1150.0,1.25,25.0,0.51,-64.9,-51.1,22.9,49.0,-95.3,6.4,1.0,129.0,0
D004461,4.7,,0.96,31.0,0.42,-66.1,-50.1,23.7,46.0,-95.3,7.3,1.0,133.0,1
D004462,5.8,1388.0,1.5,22.0,0.62,-61.4,-48.4,27.5,55.0,,23.9,0.0,145.0,0
D004463,5.0,1215.0,1.25,31.0,0.52,-65.3,-49.4,24.0,47.0,-96.4,10.8,1.0,128.0,1
D004464,5.0,1196.0,1.23,29.5,0.5,-65.0,-48.2,21.9,39.0,-94.9,7.5,1.0,128.0,1
D004465,5.1,1205.0,1.11,29.5,,-66.0,-48.9,25.7,40.0,-95.7,9.2,0.0,127.0,1
D004466,4.4,1221.0,1.18,25.0,0.48,-66.0,-50.9,23.9,43.0,,5.4,0.0,123.0,1
D004467,3.2,1084.0,0.9,30.5,0.43,-64.0,-46.2,22.2,41.0,-97.0,0.4,1.0,,1
D004468,4.4,1396.0,1.08,34.5,0.41,-65.9,-47.0,26.3,31.0,-96.9,5.5,0.0,147.0,1
D004469,5.4,1217.0,1.4,37.0,0.52,-68.8,-52.7,27.2,39.0,-92.5,6.6,,106.0,1
D004470,4.6,1278.0,0.92,26.0,0.7,-69.0,-47.5,28.7,60.0,-99.7,0.8,0.0,106.0,0
D004471,5.2,1173.0,1.15,29.5,0.52,-65.1,-51.6,23.1,41.0,-95.1,12.9,0.0,130.0,1
D004472,5.6,1115.0,1.18,31.0,0.5,-66.9,-49.0,25.3,41.0,-95.4,8.4,1.0,130.0,1
D004473,4.7,1254.0,0.93,27.5,0.53,-65.3,-49.8,24.3,39.0,-95.2,9.9,1.0,127.0,1
D004474,4.9,1209.0,1.06,25.5,0.5,-65.5,-49.8,25.3,41.0,-95.9,8.8,1.0,130.0,1
D004475,4.4,1388.0,0.99,24.0,0.51,-64.2,-46.3,23.7,43.0,-97.2,7.8,0.0,149.0,1
D004476,5.0,1082.0,1.12,35.5,0.52,-63.8,-45.7,21.9,43.0,-91.9,9.5,1.0,135.0,1
D004477,5.0,1185.0,1.05,27.5,0.46,-64.2,-49.4,22.8,41.0,-95.5,10.7,1.0,122.0,1
D004478,4.7,1194.0,1.03,27.0,0.49,-65.3,-50.2,22.7,,-96.7,5.7,1.0,118.0,0
D004479,3.7,1165.0,1.06,31.0,0.53,-65.8,-48.7,23.4,42.0,-96.6,8.2,0.0,125.0,1
D004480,,1153.0,1.08,31.5,0.57,-61.4,-47.2,29.8,32.0,-97.1,2.2,0.0,123.0,0
D004481,4.3,1224.0,1.16,29.0,0.47,-66.8,-50.6,25.2,40.0,-98.0,11.6,0.0,127.0,1
D004482,4.9,1219.0,1.17,29.5,0.47,-68.3,-51.3,23.4,44.0,-94.6,5.5,0.0,127.0,1
D004483,4.5,1264.0,1.11,30.0,0.46,-64.7,-51.8,23.9,56.0,-99.6,5.8,1.0,150.0,1
D004484,3.2,1072.0,1.1,38.0,0.64,-62.8,-48.4,26.2,33.0,-92.6,21.1,1.0,115.0,0
D004485,4.7,1209.0,1.17,32.0,0.48,-66.5,-51.0,22.3,42.0,-97.4,7.7,1.0,116.0,1
D004486,,1162.0,1.12,28.0,0.54,-66.3,-50.4,24.4,45.0,-94.7,11.8,0.0,136.0,1
D004487,3.9,1375.0,1.14,27.0,0.32,-60.6,-51.2,28.3,44.0,-94.6,15.5,1.0,129.0,0
D004488,4.8,1245.0,1.19,31.5,0.51,-65.1,-48.0,23.7,42.0,-95.0,8.1,0.0,125.0,1
D004489,,1197.0,1.03,30.0,0.43,-65.5,-50.4,24.4,42.0,-96.0,13.1,1.0,127.0,1
D004490,4.6,1209.0,1.04,30.5,0.47,-66.0,-49.4,23.3,44.0,-96.4,9.1,0.0,131.0,1
D004491,3.8,1357.0,1.07,36.0,0.68,-65.7,-51.0,22.7,41.0,-90.2,5.7,0.0,127.0,1
D004492,4.6,1178.0,1.04,28.0,0.46,-66.1,-51.4,24.5,48.0,-96.5,5.7,0.0,120.0,1
D004493,6.8,1062.0,1.45,35.0,0.33,-68.1,-53.2,28.1,60.0,-94.4,5.2,1.0,,0
D004494,3.2,1101.0,1.35,36.5,0.57,-65.7,-49.9,28.7,40.0,-97.3,10.0,1.0,104.0,0
D004495,5.2,1195.0,1.13,29.0,0.47,-64.8,-49.5,23.3,48.0,-94.8,8.7,1.0,129.0,1
D004496,4.5,1387.0,1.29,26.5,0.55,-69.8,-48.1,28.8,53.0,-92.4,4.0,1.0,144.0,0
D004497,3.3,1344.0,1.39,23.0,0.69,-63.3,-52.8,28.1,38.0,-94.1,11.6,1.0,138.0,0
D004498,5.1,1202.0,1.09,29.5,0.48,-66.0,-51.0,25.1,43.0,-96.8,10.5,1.0,130.0,1
D004499,5.1,1175.0,1.07,31.0,0.54,-64.7,-50.0,23.6,41.0,-97.1,11.8,1.0,126.0,1
D004500,4.0,1190.0,1.1,32.0,0.48,-65.9,-49.5,24.3,44.0,-96.1,11.0,1.0,122.0,1
D004501,6.5,1381.0,1.49,39.5,0.42,-67.5,,27.4,56.0,-90.0,13.9,1.0,114.0,1
D004502,4.5,1222.0,1.12,27.0,0.43,-66.3,-49.3,24.7,44.0,-96.0,6.7,1.0,123.0,0
D004503,4.5,1237.0,1.07,32.0,0.51,-64.2,-49.6,23.3,44.0,-94.7,2.9,0.0,127.0,1
D004504,6.2,1278.0,1.2,38.0,0.41,-62.9,,25.0,52.0,-93.7,1.2,0.0,113.0,1
D004505,3.5,1161.0,,21.5,,-61.3,-45.7,23.7,40.0,-99.4,6.4,0.0,143.0,0
D004506,6.8,1248.0,1.21,32.0,0.5,-68.1,-53.8,27.3,53.0,-95.6,12.2,1.0,113.0,1
D004507,5.0,1177.0,1.02,33.0,0.48,-65.5,-50.2,23.8,43.0,-94.0,7.1,0.0,124.0,1
D004508,5.2,1192.0,1.08,32.0,0.52,-65.1,-50.7,22.6,49.0,-96.0,8.2,0.0,134.0,1
D004509,3.9,1117.0,1.01,30.0,0.5,-65.5,-50.5,22.5,44.0,-97.0,8.1,1.0,140.0,1
D004510,6.1,1223.0,0.87,27.5,0.69,-66.1,-50.1,29.4,43.0,-90.9,10.7,0.0,105.0,0
D004511,4.5,1207.0,1.1,27.5,0.43,-66.6,-48.2,23.0,46.0,-96.5,5.6,1.0,130.0,1
D004512,5.0,1200.0,1.08,32.0,0.56,-64.9,-48.3,22.7,45.0,-95.4,7.6,1.0,124.0,1
D004513,4.6,1213.0,0.98,27.5,0.5,-66.4,-50.9,24.6,49.0,-95.4,9.6,0.0,130.0,1
D004514,5.4,1201.0,1.11,30.5,0.45,-64.6,-50.7,23.0,43.0,-95.7,9.1,1.0,133.0,1
D004515,5.5,1009.0,1.12,38.5,0.69,-65.9,-51.5,23.7,44.0,-90.9,19.9,0.0,103.0,0
D004516,4.3,1074.0,1.03,22.0,0.53,-65.0,-52.6,25.4,42.0,-97.9,23.5,1.0,130.0,0
D004517,4.8,1149.0,1.17,30.0,0.51,-67.0,-48.6,22.9,49.0,,9.3,1.0,125.0,1
D004518,4.5,1213.0,1.07,29.5,0.48,-64.4,-51.2,23.6,36.0,-96.4,6.4,0.0,133.0,1
D004519,6.6,1352.0,1.57,34.5,0.49,-65.5,-50.0,26.4,32.0,,23.0,1.0,119.0,0
D004520,5.2,1207.0,1.06,28.5,0.49,-66.5,-48.8,24.2,45.0,-96.3,9.4,1.0,127.0,1
D004521,5.2,1222.0,1.14,29.0,0.45,-65.3,-48.3,24.0,43.0,-94.7,9.9,1.0,117.0,1
D004522,4.9,1146.0,1.24,29.5,0.56,,-48.2,23.3,43.0,-96.1,,0.0,126.0,1
D004523,4.8,1128.0,1.15,29.5,0.4,-64.6,-50.8,24.3,41.0,-96.1,6.8,0.0,,1
D004524,3.4,1387.0,1.41,22.0,0.38,-64.3,-48.4,20.1,36.0,-92.6,14.5,1.0,107.0,0
D004525,4.0,1293.0,0.82,21.0,0.38,-64.2,-53.6,25.4,53.0,-92.9,21.7,1.0,126.0,0
D004526,4.1,1140.0,1.07,29.0,0.51,-66.7,-49.5,23.7,48.0,-96.6,6.5,1.0,124.0,1
D004527,5.6,1145.0,1.08,33.5,0.45,-65.7,-49.4,23.8,40.0,-96.8,8.0,1.0,126.0,1
D004528,5.4,1173.0,1.21,29.5,0.47,-65.0,-50.1,23.7,44.0,-95.4,13.1,0.0,113.0,1
D004529,3.3,,1.02,31.0,0.33,-63.6,-50.2,23.4,43.0,-92.7,17.5,1.0,119.0,0
D004530,4.6,1231.0,1.11,26.0,0.46,-64.9,-50.5,,45.0,,10.0,1.0,121.0,0
D004531,4.1,1091.0,1.16,33.0,,-69.0,-53.6,22.9,59.0,-96.0,1.9,0.0,,1
D004532,6.3,1008.0,1.05,32.0,0.41,-66.3,-47.8,24.5,43.0,-93.6,6.9,1.0,134.0,1
D004533,5.1,1207.0,1.15,32.0,0.5,-65.8,-50.6,22.9,40.0,-95.8,7.6,0.0,131.0,1
D004534,4.6,1210.0,1.06,27.0,0.52,-64.6,-49.5,24.4,40.0,-95.9,10.3,0.0,135.0,1
D004535,5.0,1219.0,1.15,28.0,0.51,-65.7,-49.4,23.9,39.0,-95.9,7.7,0.0,129.0,1
D004536,4.7,1179.0,1.03,30.0,0.52,-66.9,-50.0,23.7,41.0,-96.0,5.5,0.0,133.0,1
D004537,5.6,1161.0,1.05,28.5,0.4,-66.0,-49.8,22.9,36.0,-95.5,9.4,1.0,135.0,1
D004538,3.1,1241.0,1.47,33.5,0.57,-60.9,-48.5,26.1,33.0,-97.8,15.1,1.0,120.0,0
D004539,4.5,1240.0,1.17,27.5,0.39,-66.6,-49.7,24.0,43.0,-96.5,10.6,,125.0,0
D004540,5.0,1150.0,1.13,32.5,0.48,-65.7,-50.7,22.4,47.0,-96.9,10.7,1.0,131.0,1
D004541,4.9,1107.0,1.22,28.5,0.44,-66.0,-48.9,24.8,42.0,-95.3,9.0,1.0,124.0,1
D004542,4.5,1192.0,1.13,26.0,0.49,-66.2,-50.4,24.1,42.0,-95.8,,0.0,131.0,1
D004543,4.9,1159.0,1.08,28.5,0.52,-65.7,-48.9,25.1,40.0,-94.3,7.7,1.0,127.0,0
D004544,5.1,1191.0,1.12,25.5,0.48,-66.2,-49.6,25.1,46.0,-96.4,11.4,0.0,125.0,1
D004545,3.1,1102.0,0.92,28.5,0.6,-65.9,-51.6,23.9,56.0,-98.7,14.1,0.0,134.0,1
D004546,4.7,1210.0,1.06,26.5,0.5,-66.4,-49.3,26.1,45.0,-95.3,12.3,1.0,134.0,0
D004547,4.2,1206.0,1.07,27.5,0.48,-65.6,-49.5,24.1,46.0,-95.0,5.1,1.0,120.0,1
D004548,6.9,1226.0,1.14,27.0,0.62,-61.0,-47.0,24.8,30.0,-93.5,19.2,0.0,134.0,0
D004549,4.7,1162.0,1.08,27.5,0.49,-65.1,-49.9,23.1,42.0,-96.1,7.0,0.0,129.0,1
D004550,5.3,1187.0,1.09,26.5,0.54,-66.8,-49.4,24.5,41.0,-96.4,9.0,1.0,138.0,1
D004551,4.5,1133.0,1.1,,0.5,-65.8,-50.2,24.0,44.0,-94.8,8.2,0.0,126.0,1
D004552,5.2,1165.0,0.98,31.0,0.49,-64.3,-49.9,23.6,46.0,-94.6,7.0,1.0,125.0,1
D004553,5.0,1099.0,1.13,29.0,0.5,-65.9,-51.3,22.6,41.0,-96.8,10.3,1.0,130.0,1
D004554,4.8,1137.0,0.97,28.5,0.45,-66.6,-49.3,24.5,51.0,-94.2,7.4,0.0,124.0,1
D004555,6.2,1340.0,1.22,24.0,0.58,-60.6,-45.7,,58.0,-90.8,16.1,1.0,,0
D004556,5.4,1254.0,0.82,38.0,0.42,-69.0,-49.1,26.4,41.0,-93.8,3.5,0.0,105.0,1
D004557,5.2,1207.0,1.08,30.5,0.47,-64.4,-50.6,23.0,46.0,-95.2,7.7,0.0,119.0,1
D004558,6.1,1352.0,1.17,26.0,0.35,-69.2,-45.9,24.3,59.0,-91.1,10.8,1.0,103.0,0
D004559,5.5,1117.0,1.07,32.0,0.49,-64.0,-49.5,24.2,49.0,-97.7,10.5,0.0,129.0,1
D004560,4.4,1110.0,1.18,32.5,0.39,-65.7,-51.0,24.4,50.0,-94.9,6.6,1.0,126.0,1
D004561,,1362.0,1.59,40.0,0.31,-67.9,-46.4,25.2,55.0,-94.5,21.0,0.0,144.0,0
D004562,5.3,1146.0,1.14,31.0,0.44,-66.8,-50.0,22.8,,-95.6,13.8,1.0,,1
D004563,4.7,1147.0,1.14,30.5,0.46,-63.8,-52.0,23.2,46.0,-94.8,10.2,1.0,119.0,0
D004564,3.1,1311.0,1.54,30.0,0.56,-67.5,-54.4,24.3,38.0,-97.3,18.0,1.0,135.0,0
D004565,6.6,1371.0,0.8,27.0,0.48,-66.6,-46.0,27.4,36.0,-95.2,11.1,1.0,133.0,1
D004566,4.8,1192.0,1.06,,0.47,-65.0,-52.3,23.3,44.0,-97.2,6.4,1.0,121.0,1
D004567,4.3,1268.0,1.4,37.5,0.56,-62.7,-49.9,26.7,57.0,-97.6,18.4,1.0,119.0,0
D004568,5.3,1205.0,1.15,26.0,0.46,-65.1,-49.2,24.2,42.0,-95.7,7.0,0.0,133.0,1
D004569,4.7,1154.0,1.08,27.0,0.51,-67.1,-51.3,23.5,41.0,-95.1,8.9,0.0,138.0,1
D004570,5.6,1129.0,1.05,34.0,0.6,-60.3,-45.2,25.3,37.0,-92.0,6.5,0.0,122.0,1
D004571,3.9,1116.0,1.48,29.5,0.67,-65.2,-48.0,28.1,31.0,-96.7,23.6,0.0,102.0,0
D004572,5.6,,1.43,22.0,0.67,-68.4,-52.6,29.2,38.0,-90.2,12.4,1.0,119.0,0
D004573,5.3,1183.0,1.13,27.0,0.51,-65.6,-49.7,24.8,43.0,-96.1,6.6,0.0,121.0,0
D004574,6.4,1286.0,0.94,33.5,0.32,-61.8,-53.1,28.5,59.0,-95.8,14.9,0.0,149.0,0
D004575,3.4,1316.0,1.31,22.0,0.51,-65.2,-50.8,29.7,41.0,-97.4,20.3,1.0,125.0,0
D004576,3.5,1286.0,0.8,34.0,0.51,-62.8,-50.6,24.0,32.0,-95.5,9.8,0.0,117.0,1
D004577,5.3,1317.0,0.84,26.0,0.33,-60.7,-50.7,28.9,59.0,-99.8,,0.0,143.0,0
D004578,4.9,1123.0,0.98,29.5,0.55,-65.9,-50.4,25.5,46.0,-94.9,12.1,1.0,122.0,1
D004579,4.9,1143.0,1.24,28.5,0.47,-67.4,-49.6,24.0,41.0,-97.0,10.9,0.0,125.0,1
D004580,4.8,1219.0,1.04,24.5,0.45,-64.1,-50.4,24.3,47.0,-97.1,7.7,1.0,124.0,1
D004581,4.7,1256.0,1.14,27.5,0.49,-66.2,-50.3,23.9,48.0,-94.3,9.2,1.0,128.0,1
D004582,4.9,1195.0,1.11,29.5,0.45,,-50.4,22.6,45.0,-93.6,10.2,1.0,127.0,1
D004583,4.7,1226.0,0.98,28.0,0.46,-65.7,-50.0,26.2,42.0,-97.5,9.3,0.0,131.0,1
D004584,5.1,1010.0,0.97,29.0,0.5,-69.8,-47.9,23.1,34.0,-90.9,19.2,0.0,120.0,1
D004585,4.2,1177.0,1.03,30.0,0.48,-66.1,-50.9,24.7,46.0,-93.6,11.1,1.0,126.0,1
D004586,4.5,1179.0,1.07,27.5,0.45,-64.3,-48.7,22.9,43.0,-94.7,13.3,0.0,127.0,1
D004587,4.7,1158.0,1.06,30.5,0.46,-66.4,-51.0,23.2,47.0,-94.3,7.5,1.0,127.0,1
D004588,5.3,1201.0,1.18,27.5,0.46,-65.8,-50.1,24.9,45.0,-95.3,4.6,0.0,131.0,1
D004589,4.8,1153.0,1.02,28.5,0.49,-64.8,-51.4,26.6,44.0,-95.5,10.1,1.0,123.0,0
D004590,4.9,1087.0,0.82,21.0,0.52,-68.5,-50.5,23.8,40.0,,17.2,1.0,143.0,1
D004591,6.9,1113.0,1.45,20.5,0.51,-68.9,-46.3,25.6,54.0,-97.5,19.1,0.0,104.0,0
D004592,4.7,1242.0,1.15,31.0,0.56,-67.3,-49.8,23.9,41.0,-95.9,,0.0,126.0,1
D004593,5.4,1351.0,1.21,26.5,0.34,-65.1,-54.0,29.5,36.0,-95.5,23.9,1.0,110.0,0
D004594,4.7,1151.0,1.18,29.0,0.44,-64.2,-50.4,23.4,44.0,-95.3,5.8,1.0,128.0,1
D004595,5.3,1129.0,1.11,29.0,0.5,-66.3,-51.6,21.9,38.0,-95.7,8.5,0.0,126.0,1
D004596,5.7,1025.0,0.84,23.0,0.48,-66.0,-49.8,20.3,38.0,-91.8,17.2,0.0,132.0,0
D004597,3.9,1234.0,1.13,28.5,0.49,-65.6,-50.6,24.6,44.0,-96.3,3.5,1.0,131.0,1
D004598,3.5,1137.0,1.12,36.0,0.49,-63.3,-51.7,25.5,38.0,-90.9,6.8,1.0,105.0,0
D004599,5.1,1335.0,0.92,23.0,0.41,-64.4,-52.2,23.5,49.0,-90.4,15.7,1.0,133.0,0
D004600,6.4,1051.0,0.86,22.5,0.63,-67.1,-53.6,30.0,42.0,-92.6,10.6,1.0,100.0,0
D004601,5.9,1127.0,1.17,25.0,,-61.1,-48.3,22.9,30.0,-94.1,18.9,0.0,143.0,1
D004602,5.2,1033.0,1.08,26.0,0.64,-67.0,-50.9,23.3,40.0,-91.9,1.8,1.0,129.0,1
D004603,4.7,1117.0,1.21,28.5,0.47,-64.6,-51.5,23.9,40.0,-94.6,11.6,1.0,131.0,1
D004604,4.7,1192.0,1.16,30.5,0.44,-65.5,-49.9,24.9,50.0,-96.5,8.3,0.0,124.0,1
D004605,5.1,1180.0,1.21,28.5,0.47,-67.6,-48.9,23.6,47.0,-95.4,8.0,1.0,127.0,1
D004606,4.5,1150.0,1.15,29.5,0.44,-66.4,-49.2,25.5,45.0,-94.8,6.1,1.0,131.0,1
D004607,5.9,1012.0,0.9,30.0,0.69,-60.5,-46.9,20.6,53.0,-92.2,10.5,1.0,150.0,0
D004608,3.8,1365.0,1.25,24.0,0.62,-62.3,-47.7,28.1,58.0,-97.6,8.4,1.0,128.0,0
D004609,4.6,1126.0,1.17,29.0,0.47,-66.5,-51.5,24.4,45.0,-96.3,7.4,0.0,130.0,1
D004610,5.3,1285.0,1.21,35.5,0.67,-65.5,-52.1,22.7,37.0,-97.1,21.5,0.0,121.0,0
D004611,4.0,1351.0,1.27,31.0,0.56,-61.8,-53.0,22.9,38.0,-97.8,16.8,0.0,134.0,0
D004612,5.5,1178.0,1.08,28.5,0.45,-67.8,-51.2,23.3,48.0,-93.6,7.4,1.0,133.0,1
D004613,5.6,1154.0,1.18,29.0,0.48,-65.3,-50.6,22.5,50.0,,8.5,1.0,128.0,1
D004614,5.1,1212.0,1.11,30.0,0.54,-64.0,-49.7,23.4,49.0,-95.3,9.4,1.0,132.0,0
D004615,4.2,1224.0,1.56,38.0,0.54,-64.8,-46.8,25.2,50.0,-94.1,5.2,1.0,122.0,1
D004616,4.3,1177.0,1.08,29.0,0.53,-65.3,-48.6,24.1,41.0,-94.3,7.4,0.0,138.0,1
D004617,4.7,1241.0,1.12,30.0,0.39,-65.8,-50.4,22.9,50.0,-96.0,12.9,0.0,,1
D004618,5.1,1186.0,1.17,30.5,0.47,-64.7,-50.1,23.6,45.0,-95.1,7.3,,126.0,1
D004619,5.4,,1.16,33.5,0.47,-65.3,-51.6,25.1,39.0,-96.3,,0.0,130.0,1
D004620,4.8,1161.0,1.11,27.5,0.52,-65.2,-48.2,23.5,47.0,-96.4,6.9,0.0,129.0,1
D004621,4.5,1368.0,1.56,33.0,0.6,-61.8,-46.5,20.1,53.0,-98.1,9.2,1.0,140.0,0
D004622,4.9,1184.0,1.06,27.5,0.5,-64.9,-50.9,,47.0,-93.8,8.6,1.0,122.0,1
D004623,3.5,1212.0,1.51,37.0,0.5,-64.5,-47.6,25.8,59.0,-93.3,6.8,0.0,129.0,0
D004624,5.7,1030.0,1.4,30.5,0.43,-69.5,-49.6,29.1,48.0,-96.2,7.3,0.0,117.0,1
D004625,6.6,1066.0,0.96,22.5,0.5,-65.2,-54.0,26.4,57.0,-95.8,22.9,1.0,126.0,0
D004626,3.2,1143.0,1.15,32.5,0.36,-68.1,-47.5,29.2,45.0,-96.9,21.9,1.0,,0
D004627,4.5,1266.0,1.26,32.0,0.47,-63.4,-48.7,23.3,44.0,-94.8,8.2,1.0,131.0,0
D004628,4.5,1100.0,1.1,27.5,0.55,-64.4,-50.7,22.6,44.0,-96.1,10.1,1.0,136.0,0
D004629,4.8,1251.0,1.07,26.5,0.47,-66.4,-50.7,21.7,43.0,-95.3,7.8,1.0,126.0,1
D004630,5.4,1132.0,1.16,26.5,0.45,-65.8,-50.4,25.3,41.0,-94.1,4.8,0.0,131.0,1
D004631,4.8,1145.0,1.07,27.0,0.5,-66.1,-51.4,23.3,47.0,-94.8,15.6,1.0,,1
D004632,5.3,1004.0,1.05,32.0,0.63,-67.9,-54.8,23.8,39.0,-98.7,13.6,0.0,118.0,1
D004633,4.7,1206.0,1.2,31.0,0.55,-66.2,-49.5,25.2,40.0,-94.5,5.6,1.0,130.0,1
D004634,5.2,1238.0,0.95,33.5,0.47,-65.4,-49.3,24.4,41.0,-95.8,14.0,1.0,140.0,1
D004635,4.9,1164.0,1.18,29.5,0.5,-64.9,-49.2,24.2,44.0,-96.1,10.4,1.0,130.0,1
D004636,5.5,1053.0,0.82,38.5,0.46,-65.0,-48.5,30.0,35.0,-91.7,19.9,1.0,102.0,0
D004637,5.0,1239.0,1.04,29.0,0.44,-66.5,-49.5,23.0,42.0,-97.4,8.7,1.0,126.0,1
D004638,4.3,1282.0,0.91,27.5,0.32,-66.1,-46.9,20.8,36.0,-99.7,1.1,0.0,112.0,1
D004639,4.5,1211.0,1.18,26.5,0.5,-64.7,-49.6,21.9,43.0,-95.4,11.4,1.0,126.0,0
D004640,6.1,1269.0,0.83,29.0,0.69,-66.3,-48.5,25.5,55.0,-99.9,0.4,0.0,113.0,1
D004641,5.3,1210.0,1.07,29.5,0.44,-65.2,-50.1,23.8,45.0,-97.8,11.0,1.0,125.0,1
D004642,,1148.0,1.03,29.0,0.44,-65.2,-49.3,25.9,45.0,-96.5,6.3,1.0,133.0,0
D004643,4.5,1164.0,1.17,30.5,0.52,-64.3,-49.9,24.1,42.0,-97.0,7.5,0.0,126.0,1
D004644,4.0,1291.0,1.14,24.5,0.53,-63.4,-54.7,28.3,38.0,-93.1,23.1,1.0,110.0,0
D004645,4.9,1150.0,1.16,25.5,0.48,-66.1,-50.1,23.1,49.0,-94.0,8.0,0.0,133.0,1
D004646,6.5,1330.0,1.54,39.5,0.56,-64.6,-45.3,23.2,59.0,-96.3,15.4,1.0,122.0,1
D004647,4.6,1200.0,1.03,26.5,0.45,,-49.2,23.7,43.0,-96.1,10.9,0.0,124.0,1
D004648,5.1,1201.0,1.14,31.0,0.45,-64.2,-48.4,24.7,38.0,-97.5,6.7,1.0,129.0,1
D004649,3.2,1060.0,0.98,35.5,,-66.2,-45.7,24.6,54.0,-93.6,4.6,1.0,143.0,0
D004650,4.7,1212.0,1.13,28.0,0.49,-65.0,-50.7,23.4,42.0,-95.3,8.7,1.0,137.0,0
D004651,3.8,1244.0,1.3,33.5,0.51,-66.1,-46.0,23.5,52.0,-98.9,8.7,1.0,133.0,0
D004652,4.3,1100.0,1.13,32.5,0.45,-64.9,-51.8,24.1,39.0,-94.0,9.9,1.0,138.0,0
D004653,5.0,1162.0,1.2,27.5,0.49,-66.1,-50.1,22.6,44.0,-94.9,7.3,1.0,125.0,1
D004654,4.0,1116.0,1.26,26.0,0.48,-64.6,-49.6,22.3,41.0,-97.7,6.9,1.0,130.0,0
D004655,4.6,1186.0,1.15,36.0,0.4,-63.9,-49.8,23.1,45.0,-95.9,12.2,1.0,130.0,1
D004656,4.2,1155.0,1.09,31.5,0.44,-65.0,-49.8,23.3,42.0,-96.4,8.5,1.0,124.0,1
D004657,4.4,1227.0,1.23,26.0,0.48,-67.0,-49.5,23.9,42.0,-94.8,9.6,1.0,126.0,1
D004658,3.4,1093.0,1.35,22.5,0.48,-68.5,-47.1,29.7,43.0,-98.9,2.9,0.0,129.0,0
D004659,6.2,1237.0,1.14,29.0,0.55,-68.9,-54.3,24.8,41.0,-92.3,9.0,0.0,147.0,1
D004660,4.6,1221.0,1.03,25.0,0.52,-64.6,-51.0,23.4,43.0,-94.4,8.5,1.0,122.0,1
D004661,4.2,1155.0,1.0,30.5,0.48,-65.1,-49.9,24.9,48.0,-96.1,11.2,1.0,137.0,1
D004662,3.1,1053.0,1.57,39.0,0.34,-65.5,-52.0,21.7,31.0,-97.3,6.4,0.0,122.0,0
D004663,4.7,1131.0,1.11,30.5,0.48,-64.0,-48.4,23.3,44.0,-96.8,12.3,1.0,131.0,0
D004664,5.2,1181.0,0.98,31.0,0.48,-65.2,-50.7,24.7,42.0,-95.3,12.4,0.0,132.0,1
D004665,4.4,1155.0,1.06,25.0,0.51,-65.1,-48.7,24.6,42.0,-95.4,10.7,1.0,126.0,0
D004666,5.3,1269.0,1.22,30.0,0.53,-62.0,-46.3,29.7,,-90.9,5.3,0.0,133.0,0
D004667,4.7,1207.0,1.15,28.5,0.44,-65.4,-50.9,24.6,43.0,-93.7,10.6,1.0,129.0,1
D004668,5.6,1007.0,1.57,27.5,0.7,-62.1,-49.4,25.3,35.0,-93.6,18.5,0.0,132.0,0
D004669,4.6,1118.0,1.16,29.0,0.49,-64.5,-50.9,24.2,49.0,-94.9,11.0,1.0,132.0,1
D004670,4.6,1141.0,1.17,30.0,0.5,-64.8,-50.1,22.5,,-94.6,6.8,0.0,135.0,1
D004671,3.3,1094.0,1.56,21.0,0.38,-68.9,,22.8,38.0,-94.5,12.5,1.0,148.0,0
D004672,4.7,1174.0,1.0,30.0,0.51,-65.3,-51.6,24.0,43.0,-95.5,7.6,1.0,122.0,1
D004673,5.2,1222.0,1.08,29.5,0.47,-63.7,-49.0,24.2,43.0,,6.2,0.0,121.0,0
D004674,4.9,1165.0,1.09,29.0,0.51,-64.5,-48.6,25.5,42.0,-94.9,10.8,0.0,132.0,1
D004675,5.2,1243.0,1.11,30.5,0.5,-65.1,-48.9,24.9,44.0,-95.2,,1.0,129.0,1
D004676,5.2,1170.0,0.96,26.5,0.47,-67.3,-51.2,24.1,45.0,-94.1,6.3,0.0,123.0,1
D004677,4.2,1281.0,1.52,23.5,0.38,-62.5,-49.1,22.6,58.0,-90.8,4.2,0.0,133.0,0
D004678,4.1,1150.0,1.15,27.5,0.49,-66.4,-50.6,23.3,45.0,,10.9,1.0,132.0,0
D004679,4.5,1104.0,1.23,32.0,0.46,-65.1,-50.3,22.9,48.0,-97.0,8.3,0.0,128.0,1
D004680,5.1,1154.0,0.97,29.5,0.47,-65.1,-49.2,22.8,46.0,-96.5,7.6,1.0,130.0,1
D004681,5.2,1093.0,1.16,28.5,0.44,-65.7,-49.6,23.8,49.0,-93.4,9.5,0.0,129.0,1
D004682,4.0,1373.0,1.21,30.5,0.61,-60.9,-47.3,22.8,38.0,-95.9,13.2,0.0,121.0,0
D004683,4.7,1180.0,1.21,31.5,0.5,-65.8,-50.1,25.8,45.0,-94.0,8.9,,126.0,0
D004684,4.3,1238.0,1.21,31.5,0.49,-65.1,-49.2,25.1,41.0,-95.7,5.8,1.0,130.0,0
D004685,5.3,1189.0,1.09,32.0,0.51,-65.7,-51.9,24.5,39.0,-96.5,11.2,1.0,124.0,1
D004686,6.7,1376.0,1.35,29.5,0.7,-63.4,-47.0,26.7,49.0,-97.6,6.2,1.0,119.0,0
D004687,4.1,1339.0,1.22,21.0,0.66,-61.8,-54.3,24.1,33.0,-97.6,9.3,1.0,125.0,0
D004688,5.1,1159.0,1.42,35.5,0.58,-60.8,-48.4,22.9,51.0,-93.2,2.1,0.0,102.0,0
D004689,4.8,1184.0,1.01,28.5,,-65.6,-50.2,25.2,42.0,-95.2,4.0,0.0,119.0,1
D004690,5.4,1048.0,1.23,23.0,0.3,-67.7,-53.4,20.7,41.0,-93.8,17.3,1.0,126.0,0
D004691,4.9,1141.0,1.16,32.0,0.48,-65.5,-50.3,24.4,40.0,-95.3,11.4,1.0,128.0,1
D004692,4.2,1164.0,1.23,27.0,0.42,-67.2,-49.7,25.3,43.0,-96.1,8.1,0.0,122.0,0
D004693,4.7,1219.0,1.09,29.5,0.43,-65.7,-49.4,24.0,44.0,-93.2,9.2,0.0,123.0,1
D004694,6.4,1046.0,1.6,26.5,0.55,-60.9,-54.7,26.0,44.0,-90.9,18.9,0.0,129.0,0
D004695,5.0,1179.0,1.16,28.0,0.49,-66.9,-50.6,25.4,40.0,-96.0,9.4,0.0,127.0,1
D004696,4.7,1020.0,1.39,36.0,0.5,-62.6,-51.8,23.4,56.0,-92.8,8.5,1.0,126.0,0
D004697,5.7,1075.0,1.13,39.0,0.46,-62.1,-45.0,25.3,57.0,-98.7,17.9,0.0,143.0,1
D004698,5.7,1339.0,1.26,25.0,0.66,-69.2,-46.1,20.9,47.0,-95.0,6.3,0.0,110.0,0
D004699,,1180.0,1.12,29.0,0.46,-65.3,-50.1,24.1,44.0,-94.4,9.1,1.0,121.0,1
D004700,4.0,1080.0,0.82,39.5,0.65,-62.7,-46.1,27.5,,-93.7,15.3,0.0,123.0,0
D004701,5.0,1139.0,1.06,28.5,0.45,-63.4,-49.8,24.2,44.0,-94.7,8.2,0.0,132.0,1
D004702,4.7,1194.0,1.26,25.5,0.46,-67.5,-53.6,22.4,31.0,-90.0,10.9,1.0,126.0,1
D004703,4.7,1395.0,0.91,37.0,0.39,-65.3,-51.6,24.5,55.0,-96.1,12.1,1.0,131.0,1
D004704,4.2,1195.0,1.08,31.5,0.43,-64.4,-50.8,23.4,45.0,-96.1,9.0,1.0,120.0,0
D004705,5.1,1164.0,1.16,27.5,0.52,-66.1,,22.9,45.0,-94.4,8.4,1.0,133.0,1
D004706,5.3,1203.0,1.13,,0.5,-65.9,-49.2,24.3,49.0,-94.3,9.7,0.0,130.0,1
D004707,4.9,1072.0,1.16,29.5,0.56,-67.5,-48.8,22.5,53.0,-95.7,13.6,1.0,109.0,1
D004708,4.8,1233.0,1.16,26.0,0.42,-66.4,-47.8,24.7,46.0,-96.9,9.3,1.0,126.0,1
D004709,4.6,1168.0,1.01,30.0,0.49,-67.2,-50.9,23.9,44.0,-96.2,6.3,1.0,129.0,1
D004710,4.6,,1.2,30.0,0.48,-66.9,-49.6,24.8,42.0,-95.1,9.8,0.0,126.0,1
D004711,6.8,1008.0,1.13,31.5,0.48,-60.1,-45.5,20.5,58.0,-95.8,20.2,0.0,111.0,0
D004712,5.5,1199.0,1.1,31.0,0.43,-65.9,-50.7,23.2,45.0,-96.4,7.7,0.0,122.0,1
D004713,4.7,1245.0,0.95,30.0,0.48,-67.1,-49.1,24.7,43.0,-95.7,7.7,0.0,118.0,1
D004714,4.1,1156.0,1.16,38.0,0.33,-65.4,-45.5,21.6,34.0,-99.4,5.0,1.0,150.0,0
D004715,4.8,1099.0,1.3,23.5,0.62,-67.7,-51.5,29.4,49.0,-92.3,15.1,1.0,125.0,0
D004716,4.5,1175.0,1.15,29.0,0.45,-64.9,-49.7,24.5,48.0,-97.6,4.2,0.0,132.0,1
D004717,5.0,1214.0,1.11,27.0,0.47,-65.7,-48.9,23.0,42.0,-93.4,6.2,1.0,,0
D004718,4.5,1229.0,1.1,30.5,0.48,-66.2,-48.7,25.1,42.0,-93.9,9.6,0.0,126.0,1
D004719,5.2,1127.0,1.1,29.5,0.42,-65.2,-48.6,26.1,38.0,-96.1,4.4,1.0,122.0,0
D004720,4.7,1177.0,1.11,28.5,0.48,-65.6,-49.4,26.4,54.0,-95.5,10.1,1.0,135.0,1
D004721,3.4,1289.0,1.2,34.5,0.46,-61.1,-52.0,20.4,53.0,-97.7,18.6,0.0,126.0,0
D004722,5.2,1030.0,0.95,21.0,0.4,-68.9,-48.9,25.9,54.0,-93.9,12.9,0.0,150.0,1
D004723,4.0,1110.0,1.05,27.0,0.49,-66.5,-48.9,22.0,41.0,-95.6,8.9,0.0,,1
D004724,5.2,1271.0,1.05,29.5,0.67,-66.2,-50.8,20.8,38.0,-94.4,0.3,1.0,128.0,0
D004725,5.5,1181.0,1.07,29.5,0.45,-66.3,-51.2,25.3,39.0,-96.9,10.5,1.0,132.0,1
D004726,4.7,1211.0,1.02,30.5,0.48,-65.0,-50.8,22.5,42.0,-96.3,9.4,0.0,131.0,1
D004727,3.9,1390.0,1.42,34.5,0.53,-65.7,-49.1,28.4,43.0,-93.7,10.0,1.0,116.0,0
D004728,4.5,1166.0,1.16,29.5,0.45,-65.3,-48.3,,42.0,-96.6,14.1,1.0,134.0,0
D004729,4.8,1150.0,1.21,28.0,0.47,-64.1,-50.7,23.3,41.0,,7.3,0.0,132.0,1
D004730,4.3,1318.0,1.07,30.5,0.51,-66.1,-49.8,22.7,44.0,-94.9,10.9,1.0,133.0,1
D004731,3.3,1333.0,0.86,35.0,0.43,-62.4,-48.3,27.2,59.0,-97.0,5.3,0.0,115.0,0
D004732,5.1,1200.0,,28.5,0.51,-66.8,-49.5,24.2,43.0,-96.2,8.7,1.0,132.0,0
D004733,3.3,1398.0,1.39,36.0,0.66,-61.5,-53.2,21.8,54.0,-97.8,22.1,1.0,114.0,0
D004734,5.7,1217.0,1.12,30.5,0.57,-65.9,-50.1,23.4,42.0,-95.4,10.8,0.0,137.0,1
D004735,5.0,1256.0,1.17,33.5,0.46,-63.4,-49.2,25.3,43.0,-96.8,13.1,0.0,131.0,1
D004736,3.7,1320.0,1.39,21.5,0.62,-68.1,-45.1,28.8,55.0,-90.9,1.0,0.0,124.0,0
D004737,5.5,1185.0,1.24,27.5,0.53,-67.4,-50.3,23.9,39.0,-94.3,11.4,0.0,136.0,1
D004738,5.0,1330.0,0.96,27.5,0.38,-65.2,-45.2,22.7,,-99.1,12.7,1.0,147.0,1
D004739,,1222.0,1.08,28.0,0.42,-65.2,-50.4,22.9,42.0,-95.6,10.0,0.0,127.0,1
D004740,4.3,1216.0,1.02,30.0,0.54,-67.0,-50.4,23.9,39.0,-94.4,7.0,1.0,121.0,1
D004741,4.1,1250.0,1.13,30.0,0.5,-66.0,-49.7,24.7,48.0,-94.4,6.6,1.0,125.0,1
D004742,4.4,1185.0,1.08,31.0,0.55,-66.7,-51.8,23.5,41.0,-94.8,,1.0,133.0,1
D004743,6.0,1031.0,1.45,20.0,0.66,-69.6,-50.7,28.8,31.0,-98.5,15.7,0.0,133.0,0
D004744,4.3,1283.0,0.96,29.5,0.51,-68.4,-48.0,24.9,38.0,-93.8,6.9,0.0,,1
D004745,4.3,1232.0,1.08,28.5,0.48,-65.2,-51.6,22.7,44.0,-92.8,7.7,0.0,133.0,1
D004746,4.7,1099.0,1.11,31.0,0.5,-66.9,-49.8,22.9,,-95.1,7.7,,125.0,1
D004747,4.9,1277.0,1.18,29.0,0.47,-66.9,-49.2,25.3,42.0,-95.8,9.2,1.0,115.0,1
D004748,4.8,1395.0,1.08,21.0,0.53,-61.2,,27.9,47.0,-93.6,19.1,0.0,129.0,0
D004749,5.2,1205.0,0.99,31.0,0.5,-63.7,-52.1,24.4,49.0,-96.9,10.7,1.0,124.0,1
D004750,4.5,1175.0,0.96,31.5,0.45,-64.7,-49.3,21.8,41.0,-96.2,5.0,1.0,126.0,1
D004751,3.1,1247.0,0.89,33.5,0.42,-68.9,-50.8,20.7,52.0,-91.6,19.0,0.0,120.0,0
D004752,5.0,1377.0,1.28,40.0,0.41,-68.4,-48.1,20.7,50.0,-92.8,9.5,0.0,125.0,1
D004753,4.3,1177.0,1.14,29.0,0.5,-67.4,-49.9,23.1,42.0,-94.8,8.9,1.0,124.0,1
D004754,4.2,1199.0,1.07,27.0,0.43,-65.6,-48.2,24.6,48.0,-95.4,7.6,1.0,,0
D004755,4.8,1218.0,1.17,28.0,,-67.0,-49.7,25.1,44.0,-96.0,8.9,1.0,130.0,1
D004756,3.8,1133.0,0.86,31.5,0.56,-63.5,-46.3,26.5,43.0,-90.2,7.6,0.0,144.0,1
D004757,5.1,1195.0,1.12,31.0,0.48,-65.2,-53.0,23.7,46.0,-95.0,9.8,0.0,132.0,1
D004758,5.4,1201.0,1.13,28.0,0.44,-65.7,-49.0,23.7,42.0,-95.8,9.2,0.0,129.0,1
D004759,5.0,1119.0,0.85,22.5,0.36,-67.2,-51.0,27.9,52.0,-90.6,21.6,1.0,139.0,0
D004760,5.0,1164.0,0.99,25.0,0.51,-65.1,-51.5,23.7,47.0,-96.0,13.7,0.0,136.0,0
D004761,4.7,1153.0,0.99,30.0,0.49,-64.9,-49.7,24.5,50.0,-94.4,7.7,1.0,118.0,1
D004762,5.2,1232.0,1.11,29.0,0.48,-65.6,-50.3,24.5,48.0,-94.2,8.8,1.0,135.0,1
D004763,3.0,1104.0,1.23,23.5,0.38,-64.9,-50.3,26.2,44.0,-97.3,17.5,0.0,108.0,0
D004764,5.3,1264.0,1.43,28.0,0.55,-64.0,-47.6,28.9,51.0,-90.9,1.2,0.0,146.0,1
D004765,4.1,1265.0,1.1,32.0,0.48,-65.3,-49.0,23.7,42.0,-93.9,13.0,1.0,130.0,1
D004766,5.3,1134.0,1.16,25.0,0.46,-65.7,-51.1,23.9,51.0,-94.4,9.9,0.0,129.0,1
D004767,5.1,1283.0,1.04,32.0,0.48,-66.9,-50.4,24.5,43.0,-95.5,12.4,1.0,133.0,1
D004768,4.6,1201.0,1.28,28.0,0.51,-65.3,-47.0,23.2,46.0,-95.6,9.2,1.0,128.0,0
D004769,4.8,1293.0,1.55,35.0,0.41,-68.7,-47.2,25.4,57.0,-91.6,20.4,0.0,142.0,1
D004770,6.3,1052.0,0.94,22.5,0.49,-69.6,-45.2,26.7,,-91.7,7.3,1.0,135.0,0
D004771,4.7,1117.0,1.13,27.0,0.47,-65.5,-48.5,22.5,40.0,-95.9,7.4,0.0,134.0,1
D004772,5.6,1354.0,1.39,34.0,0.6,-66.4,-45.3,29.2,36.0,-96.1,14.1,1.0,101.0,0
D004773,3.3,1049.0,0.98,22.5,0.64,-68.6,-51.6,20.5,56.0,-94.4,11.1,1.0,150.0,0
D004774,5.0,1165.0,1.12,38.5,0.35,-67.2,-54.2,24.7,41.0,-90.6,7.1,0.0,122.0,1
D004775,5.4,1144.0,0.95,29.0,0.5,-66.9,-49.3,24.3,48.0,-96.5,13.5,1.0,132.0,1
D004776,4.4,1225.0,1.2,28.5,0.44,-64.8,-49.6,23.9,41.0,-96.1,9.2,1.0,128.0,1
D004777,4.3,1162.0,1.12,31.5,0.53,-66.3,-49.6,23.4,47.0,-94.6,4.9,1.0,117.0,1
D004778,5.2,1289.0,0.88,35.0,0.37,-65.2,-54.9,26.9,42.0,-93.1,19.8,0.0,124.0,1
D004779,6.3,1033.0,0.95,33.5,0.52,-67.2,-50.4,25.3,37.0,-90.1,14.1,1.0,104.0,1
D004780,4.0,,1.03,28.5,0.46,-65.7,-50.6,23.5,47.0,-95.1,6.9,1.0,134.0,1
D004781,4.9,1201.0,1.17,30.0,0.47,-64.0,-49.5,23.7,44.0,-96.7,7.6,1.0,,1
D004782,5.8,1275.0,1.48,29.5,0.59,-65.7,-45.6,24.7,44.0,-90.7,3.5,0.0,144.0,1
D004783,4.9,1221.0,1.54,29.5,0.52,-63.9,-47.4,29.0,37.0,-96.6,22.9,0.0,104.0,0
D004784,4.0,1171.0,1.08,28.0,0.4,-65.6,-49.5,25.4,46.0,-94.8,8.9,0.0,123.0,1
D004785,5.0,1223.0,1.18,25.0,,-65.6,-50.7,22.2,44.0,-95.0,9.0,0.0,123.0,1
D004786,,1206.0,1.09,29.5,0.47,-64.6,-49.7,25.3,48.0,-96.6,5.2,1.0,132.0,1
D004787,4.9,1138.0,1.03,28.5,0.48,-66.0,-49.3,24.0,42.0,-95.2,6.5,1.0,125.0,1
D004788,4.4,1124.0,1.12,31.5,0.48,-63.8,-49.7,24.3,44.0,-95.2,5.2,1.0,123.0,0
D004789,5.0,1169.0,1.09,29.0,0.58,-67.0,-50.6,25.3,49.0,-96.5,9.6,0.0,130.0,1
D004790,4.4,1194.0,1.19,28.5,0.52,-65.4,-51.2,23.5,46.0,-93.6,13.6,1.0,128.0,0
D004791,4.5,1247.0,1.13,30.5,0.52,-66.0,-50.2,24.2,49.0,-95.0,6.3,1.0,131.0,1
D004792,5.0,1205.0,1.16,,0.47,-65.2,-47.0,25.4,43.0,-96.5,8.9,0.0,130.0,1
D004793,4.6,,1.18,28.0,0.53,-65.6,-52.2,24.5,42.0,-95.5,5.9,0.0,135.0,1
D004794,3.7,1128.0,1.03,27.0,0.45,-66.1,-48.7,23.5,43.0,-95.0,9.0,1.0,132.0,0
D004795,5.5,1274.0,0.91,33.5,0.47,-69.7,-46.5,20.3,37.0,-91.6,0.8,1.0,120.0,1
D004796,4.0,1223.0,1.16,28.5,0.49,-64.8,-50.2,23.4,47.0,-95.6,9.1,1.0,122.0,0
D004797,4.9,1147.0,1.04,27.0,0.47,-65.2,-49.9,24.5,44.0,-96.0,6.7,1.0,123.0,1
D004798,4.5,1247.0,,28.5,0.37,-64.7,-49.5,23.9,48.0,-94.2,11.1,1.0,128.0,0
D004799,5.4,1128.0,1.19,27.0,0.45,-64.4,,24.6,44.0,-95.3,7.5,1.0,132.0,1
D004800,5.9,1197.0,1.23,26.5,0.46,-66.2,-50.6,24.2,41.0,-94.9,6.6,0.0,130.0,1
D004801,5.0,1228.0,1.16,30.0,0.43,-67.0,-50.8,24.7,46.0,-94.9,10.1,0.0,132.0,1
D004802,4.7,1359.0,1.14,31.5,0.39,-67.0,-50.1,24.3,31.0,-95.7,5.0,1.0,128.0,1
D004803,,1163.0,1.02,32.0,0.49,-66.2,-50.8,23.6,41.0,-95.5,5.2,0.0,117.0,1
D004804,5.2,1195.0,1.11,29.5,0.45,-65.7,-50.7,24.3,44.0,-95.2,11.2,1.0,125.0,1
D004805,4.4,1193.0,0.98,29.0,0.53,-65.4,-49.5,25.0,47.0,-97.3,12.3,1.0,121.0,1
D004806,5.0,,1.04,21.0,0.54,-64.5,-49.3,27.4,38.0,-94.1,5.3,1.0,146.0,1
D004807,5.1,1187.0,1.01,31.5,0.45,-65.7,-49.7,22.8,40.0,-97.1,7.7,1.0,127.0,1
D004808,4.6,1238.0,1.19,31.0,0.44,-66.2,-48.5,23.8,46.0,-94.6,13.4,1.0,131.0,1
D004809,4.9,1169.0,1.12,29.0,0.48,-64.4,-51.3,25.0,43.0,-94.2,5.5,1.0,132.0,1
D004810,4.5,1233.0,1.22,27.5,0.45,-65.7,-50.7,23.5,48.0,-94.1,7.9,1.0,129.0,0
D004811,5.1,1230.0,1.1,28.5,0.5,-65.9,-51.2,23.8,47.0,-95.2,12.8,1.0,129.0,1
D004812,3.8,1107.0,1.45,,0.65,-66.1,-52.4,25.2,60.0,-98.6,17.6,1.0,104.0,0
D004813,4.6,1198.0,1.18,27.5,0.46,-64.4,-50.3,24.4,49.0,-95.3,5.1,1.0,129.0,0
D004814,6.0,1026.0,1.07,39.0,0.65,-62.3,-50.4,25.2,54.0,-98.1,2.6,1.0,128.0,1
D004815,4.4,1350.0,1.16,37.5,0.62,-66.1,-50.4,21.5,46.0,-100.0,16.2,1.0,110.0,0
D004816,4.6,1127.0,1.03,28.0,0.45,-66.7,-49.7,23.5,44.0,-96.2,10.0,1.0,138.0,1
D004817,5.0,1162.0,1.17,30.0,0.47,-66.6,-49.6,23.1,46.0,-95.3,7.5,1.0,122.0,1
D004818,5.1,1202.0,1.12,26.0,0.47,-64.2,-50.0,25.1,41.0,-96.2,9.2,1.0,127.0,0
D004819,5.2,1273.0,1.23,24.5,0.49,-65.3,-49.4,24.8,36.0,-95.9,11.7,1.0,130.0,1
D004820,5.2,1232.0,0.96,27.0,0.51,-65.8,-49.9,23.2,46.0,-95.5,10.4,0.0,131.0,1
D004821,4.6,1081.0,1.02,26.5,0.51,-64.6,-48.9,23.4,41.0,-95.1,11.0,0.0,132.0,0
D004822,4.0,1224.0,1.22,31.5,0.45,-65.7,-48.3,23.7,44.0,-96.0,8.5,1.0,127.0,1
D004823,4.7,1227.0,1.18,28.5,0.44,-65.1,-50.7,24.8,44.0,-95.5,9.6,0.0,128.0,1
D004824,3.9,1156.0,1.31,21.0,0.59,-64.7,-54.6,21.6,45.0,-91.3,,0.0,107.0,0
D004825,4.3,1174.0,1.2,29.0,0.46,-65.7,-49.5,22.7,43.0,,8.7,1.0,117.0,0
D004826,3.7,1339.0,1.42,36.0,0.43,-60.2,-49.5,25.4,38.0,-93.2,17.0,1.0,119.0,0
D004827,5.5,1145.0,1.15,39.5,0.32,-66.7,-47.2,21.7,44.0,-97.6,22.6,1.0,107.0,0
D004828,4.8,1172.0,1.37,30.5,0.47,-69.7,-50.7,26.5,59.0,-99.4,22.4,1.0,137.0,0
D004829,3.5,1161.0,1.14,35.5,0.39,-69.5,-47.3,25.1,49.0,-90.7,1.5,0.0,147.0,1
D004830,4.4,1140.0,1.23,29.0,0.44,-65.6,-49.7,25.8,44.0,-95.6,6.8,1.0,129.0,0
D004831,4.3,1190.0,1.36,28.5,0.6,-64.7,-51.7,28.7,38.0,-91.7,,0.0,133.0,0
D004832,4.8,1293.0,1.03,24.0,0.47,-69.9,-53.9,24.9,38.0,-93.2,20.8,1.0,118.0,1
D004833,4.1,1171.0,1.22,26.0,0.43,-66.9,-52.4,24.6,46.0,-95.6,12.2,0.0,136.0,1
D004834,7.0,1046.0,1.09,29.0,0.39,-63.8,-46.9,22.2,41.0,-98.2,2.7,1.0,134.0,1
D004835,4.6,1130.0,0.89,27.5,0.5,-65.2,-51.4,24.4,39.0,-97.3,10.1,1.0,130.0,1
D004836,4.5,1130.0,1.08,28.5,0.51,-65.5,-47.9,23.6,44.0,-97.6,8.1,1.0,126.0,1
D004837,4.9,1179.0,1.17,28.0,0.48,-65.9,-48.2,22.8,45.0,-96.8,9.1,1.0,126.0,1
D004838,6.4,1196.0,1.49,40.0,0.55,-62.0,-52.6,27.4,60.0,-97.8,19.7,1.0,132.0,1
D004839,5.3,1102.0,0.86,38.0,0.37,-61.0,-52.9,21.2,33.0,-94.1,13.0,1.0,136.0,1
D004840,4.4,1123.0,1.16,26.5,0.45,-63.1,-49.9,23.8,43.0,-95.1,7.3,0.0,131.0,0
D004841,4.6,1085.0,1.04,29.0,0.48,-64.7,-50.9,23.4,42.0,-96.2,9.4,1.0,132.0,1
D004842,5.6,1177.0,1.11,24.5,0.51,-66.7,-50.4,24.1,44.0,-96.4,9.6,0.0,117.0,1
D004843,5.8,1171.0,1.15,26.5,0.5,-64.7,-49.7,23.2,45.0,,10.1,1.0,131.0,1
D004844,4.2,1223.0,1.1,29.5,0.45,-65.2,-50.3,23.4,41.0,-94.8,9.2,0.0,129.0,1
D004845,4.9,1212.0,1.02,32.0,0.42,-64.2,-49.9,21.5,48.0,-96.0,9.2,1.0,125.0,1
D004846,5.4,1192.0,1.07,27.0,0.46,-67.1,-50.4,24.7,42.0,-93.9,9.0,0.0,130.0,1
D004847,4.9,1219.0,1.03,27.5,0.5,-65.3,-51.3,22.5,50.0,-95.1,9.9,0.0,127.0,1
D004848,4.7,1184.0,1.11,30.0,0.44,-66.9,-50.1,23.7,45.0,-95.2,4.9,0.0,128.0,1
D004849,4.5,1240.0,0.92,31.0,0.38,-65.6,-50.3,21.8,43.0,-96.9,14.4,1.0,124.0,1
D004850,4.5,1096.0,1.37,37.0,0.42,-64.3,-45.9,23.3,32.0,-99.4,16.8,0.0,136.0,1
D004851,5.1,1187.0,1.05,25.5,0.51,-66.1,-48.6,24.6,46.0,-95.3,10.9,0.0,129.0,1
D004852,4.5,1339.0,1.53,37.5,0.46,-62.2,-54.6,24.8,49.0,-97.6,13.1,1.0,108.0,0
D004853,4.8,1172.0,1.03,32.0,0.46,-65.8,-49.4,25.5,39.0,-95.1,9.9,0.0,132.0,1
D004854,3.9,1361.0,1.06,28.5,0.66,-62.6,-49.5,20.0,56.0,-90.2,19.5,0.0,140.0,0
D004855,5.1,1237.0,1.15,24.0,0.35,-64.7,-46.1,29.5,48.0,-91.0,23.2,0.0,144.0,0
D004856,5.0,1219.0,1.05,30.5,0.44,-65.7,-51.2,23.2,44.0,-93.7,7.8,0.0,127.0,1
D004857,4.2,1188.0,1.09,,0.4,-65.9,-49.6,26.2,41.0,-95.1,4.2,0.0,129.0,1
D004858,5.2,1227.0,1.02,28.0,0.47,-67.2,-50.3,23.8,44.0,-93.6,5.3,,137.0,1
D004859,5.6,1081.0,1.48,,0.31,-68.8,-51.4,21.0,51.0,-97.2,13.3,0.0,150.0,1
D004860,5.2,1236.0,1.13,29.5,0.54,-65.1,-50.0,23.6,48.0,-95.5,13.7,0.0,131.0,1
D004861,4.5,1113.0,1.44,21.5,0.49,-61.6,-48.9,24.2,43.0,-94.5,,0.0,131.0,0
D004862,4.1,1141.0,1.07,27.0,,-65.8,,24.0,45.0,-94.6,9.4,0.0,127.0,1
D004863,4.9,1154.0,1.05,26.0,0.41,-66.6,-49.0,23.5,43.0,-94.8,10.6,1.0,129.0,1
D004864,4.7,1160.0,,30.0,0.58,-64.1,-50.1,24.2,40.0,-96.2,8.0,1.0,124.0,0
D004865,4.2,1256.0,1.18,27.5,0.44,-65.0,-50.5,24.6,48.0,-94.1,8.1,1.0,124.0,0
D004866,4.0,1244.0,1.24,27.0,0.4,-62.9,-48.9,21.2,35.0,-96.3,17.3,1.0,118.0,0
D004867,5.3,1180.0,,27.0,0.42,-65.5,-49.0,24.4,42.0,-95.8,13.9,0.0,132.0,1
D004868,5.1,1139.0,1.11,30.5,0.47,-65.3,-49.0,23.7,41.0,-96.0,8.9,1.0,127.0,1
D004869,4.3,1210.0,1.1,33.0,0.66,-68.7,-48.9,27.7,60.0,-95.5,15.1,1.0,117.0,0
D004870,4.4,1169.0,1.09,25.5,0.43,-65.0,-49.2,23.0,51.0,-95.2,5.6,1.0,136.0,0
D004871,4.4,1172.0,0.99,28.0,0.44,-65.6,-50.2,23.5,46.0,-96.1,11.1,0.0,130.0,1
D004872,3.2,1118.0,1.49,37.0,0.7,-69.2,-45.7,25.9,40.0,-91.1,,1.0,136.0,0
D004873,4.8,1222.0,1.04,22.0,0.51,-66.0,-47.6,25.1,40.0,-94.0,7.0,0.0,129.0,0
D004874,4.5,,1.22,28.0,0.35,-67.4,-49.6,20.7,50.0,-91.9,7.9,1.0,,0
D004875,6.5,1298.0,1.43,33.5,0.31,-61.8,-45.3,21.4,58.0,-93.4,0.2,0.0,111.0,0
D004876,4.5,1137.0,1.06,27.5,0.52,-65.7,-50.6,23.4,45.0,-96.3,4.6,0.0,120.0,1
D004877,,1031.0,1.06,20.5,0.43,-63.9,-46.5,25.8,32.0,-90.8,6.8,1.0,115.0,0
D004878,3.7,1058.0,1.17,30.0,0.48,-66.1,-50.4,23.0,45.0,-95.9,12.5,0.0,122.0,1
D004879,5.0,1158.0,1.11,31.5,0.49,-64.5,-50.0,24.2,39.0,-96.1,7.3,0.0,130.0,1
D004880,4.6,1169.0,0.98,30.5,0.49,-65.9,-51.3,24.0,47.0,-95.8,5.3,1.0,130.0,1
D004881,5.2,1236.0,1.47,25.5,0.38,-68.4,-51.9,27.1,56.0,-98.8,11.8,0.0,143.0,1
D004882,5.4,1151.0,1.06,33.0,0.44,-66.8,-49.3,20.7,46.0,-96.2,7.8,0.0,124.0,1
D004883,3.4,1145.0,1.22,38.0,0.69,-62.2,-46.2,23.0,46.0,-98.7,13.4,1.0,144.0,0
D004884,5.6,1244.0,1.11,33.5,0.58,-68.2,-49.0,28.7,46.0,-94.4,3.5,0.0,126.0,1
D004885,5.4,1354.0,0.88,39.0,0.51,-66.1,-51.9,27.5,36.0,-90.1,3.3,1.0,141.0,1
D004886,3.1,1316.0,1.11,32.5,0.54,-62.0,-46.4,29.8,38.0,,3.4,0.0,141.0,0
D004887,4.5,1258.0,1.15,30.5,0.53,-66.3,,23.2,45.0,-95.2,10.4,0.0,129.0,1
D004888,4.6,1215.0,1.07,30.5,0.52,-67.4,-49.6,23.7,47.0,-95.0,7.1,0.0,117.0,1
D004889,6.5,1184.0,1.23,24.0,0.66,-60.7,-50.5,29.1,52.0,-92.7,17.8,0.0,124.0,0
D004890,4.7,1189.0,1.18,27.0,0.54,-65.7,-51.3,24.5,45.0,-94.3,11.2,0.0,131.0,1
D004891,4.6,1143.0,1.17,32.0,0.48,-64.1,-49.3,,47.0,-96.0,6.4,1.0,126.0,1
D004892,5.1,,1.05,29.0,0.51,-65.4,-51.7,25.4,43.0,-95.1,9.1,0.0,129.0,1
D004893,4.9,1200.0,1.01,25.5,0.53,-65.6,-50.5,23.7,41.0,-95.5,7.8,0.0,126.0,1
D004894,5.1,1257.0,1.19,27.5,0.46,-66.4,-50.3,23.8,41.0,-95.7,12.3,1.0,119.0,1
D004895,4.8,1179.0,0.98,27.5,0.42,-65.7,-48.4,24.4,44.0,-96.5,11.2,1.0,129.0,0
D004896,4.5,1157.0,0.98,30.0,0.43,-65.8,,24.1,42.0,-95.8,8.9,1.0,138.0,0
D004897,4.4,1251.0,1.1,,0.44,-65.2,-49.0,24.7,45.0,-94.4,9.5,1.0,127.0,1
D004898,4.4,1271.0,1.15,30.5,0.4,-66.4,-49.7,23.5,50.0,-96.4,5.3,0.0,128.0,1
D004899,4.9,1159.0,1.09,29.5,0.46,-65.2,-50.0,23.7,42.0,-96.8,8.7,0.0,131.0,1
D004900,5.1,1277.0,1.13,32.5,0.45,-66.9,-51.9,23.4,45.0,-93.9,9.8,0.0,127.0,1
D004901,4.7,1178.0,1.16,29.0,0.46,-65.6,-50.5,23.5,48.0,-96.2,8.9,0.0,125.0,1
D004902,6.9,1075.0,0.85,20.0,0.44,-69.5,-54.0,29.1,50.0,-97.9,1.8,1.0,150.0,1
D004903,,1170.0,1.17,30.0,0.53,-64.8,-50.3,24.2,45.0,-95.2,4.7,1.0,131.0,1
D004904,4.4,1126.0,1.32,35.5,0.39,-69.2,-47.4,25.9,60.0,-97.5,17.6,0.0,120.0,0
D004905,5.0,1135.0,1.04,25.0,0.48,-65.2,-51.8,24.1,40.0,-96.1,10.6,0.0,121.0,1
D004906,4.7,1258.0,0.94,28.0,0.5,-66.3,-50.1,22.9,42.0,-95.4,8.2,0.0,140.0,1
D004907,5.8,1199.0,1.16,31.5,0.43,-64.4,-50.0,25.1,45.0,-95.0,8.4,0.0,128.0,1
D004908,4.4,1108.0,1.13,26.0,0.42,-64.8,-50.9,23.3,46.0,-94.3,8.6,0.0,126.0,0
D004909,4.7,1037.0,1.59,31.5,0.48,-68.5,-54.1,26.4,44.0,-95.9,13.5,0.0,142.0,1
D004910,5.3,1196.0,1.13,27.0,0.49,-66.2,,23.8,46.0,-95.4,10.7,1.0,128.0,1
D004911,4.4,1155.0,1.2,28.0,0.46,-65.1,-49.2,24.0,46.0,-95.8,8.4,1.0,134.0,0
D004912,4.4,1173.0,1.04,29.5,0.53,-66.3,-49.1,21.9,44.0,-95.9,6.8,1.0,137.0,1
D004913,6.2,1375.0,1.28,36.0,0.32,-66.3,-48.2,21.2,59.0,-94.1,7.9,0.0,120.0,0
D004914,4.5,1205.0,1.17,25.0,0.47,-65.1,-49.1,23.7,36.0,-94.3,10.2,1.0,,1
D004915,4.7,1155.0,1.18,25.5,0.48,-65.5,-48.6,22.8,44.0,-96.7,3.6,0.0,120.0,1
D004916,5.3,1260.0,1.19,33.5,0.4,-67.3,-49.9,22.8,43.0,-95.7,8.2,1.0,128.0,1
D004917,6.2,1227.0,1.09,33.0,0.52,-68.8,-47.3,22.9,35.0,-92.2,8.3,1.0,102.0,1
D004918,5.4,1156.0,0.98,25.5,0.41,-69.8,-50.6,26.0,56.0,-90.8,13.8,1.0,139.0,1
D004919,3.8,1132.0,1.44,27.5,0.36,-65.5,-50.1,21.3,60.0,-93.5,17.9,1.0,129.0,0
D004920,3.8,1046.0,1.43,26.5,0.64,-60.9,-45.7,25.4,37.0,-94.5,7.8,1.0,117.0,0
D004921,4.0,1305.0,0.8,33.0,0.53,-66.4,-47.0,20.6,43.0,-95.3,19.6,0.0,133.0,1
D004922,4.5,1106.0,1.0,31.5,0.51,-66.3,-51.6,22.5,43.0,-95.9,3.7,1.0,120.0,1
D004923,4.4,1074.0,1.27,28.5,0.46,-62.8,-45.5,28.1,55.0,-92.3,9.1,0.0,106.0,0
D004924,5.0,1112.0,1.13,31.0,0.5,-65.5,-49.7,24.3,45.0,-94.9,11.1,1.0,121.0,1
D004925,4.7,1184.0,1.15,28.5,0.45,-66.4,-49.5,24.4,45.0,-95.6,3.5,1.0,129.0,1
D004926,4.7,1128.0,1.01,30.5,0.48,-64.9,-50.8,24.2,44.0,-95.9,7.9,0.0,130.0,1
D004927,5.2,1219.0,1.19,27.0,0.46,-66.1,-50.2,25.1,45.0,-95.2,5.6,1.0,137.0,1
D004928,4.6,1188.0,1.25,,0.53,-66.4,-47.3,23.2,46.0,-95.7,12.4,1.0,125.0,1
D004929,5.0,1170.0,1.15,27.5,0.5,-66.2,-48.4,24.5,38.0,-96.5,9.8,1.0,135.0,1
D004930,4.3,1163.0,1.16,29.5,0.52,-65.0,-52.1,22.6,44.0,-95.9,7.1,1.0,139.0,1
D004931,5.1,1194.0,1.14,29.5,0.46,-67.2,-50.0,24.3,48.0,-94.0,10.2,1.0,128.0,1
D004932,4.3,1135.0,1.19,31.5,0.49,-65.3,,23.9,42.0,-96.4,6.9,1.0,132.0,1
D004933,4.7,1164.0,0.92,34.0,0.51,-66.8,-50.4,24.4,43.0,-95.0,1.3,1.0,126.0,1
D004934,5.0,1130.0,0.97,30.0,0.49,-66.3,-48.9,21.4,37.0,-97.7,9.5,0.0,,1
D004935,6.2,1002.0,1.08,30.5,0.64,-63.6,-47.0,27.5,41.0,-96.0,9.5,1.0,123.0,0
D004936,4.9,1257.0,1.03,29.5,0.44,-64.4,-50.7,23.9,44.0,-96.1,10.8,1.0,134.0,0
D004937,4.4,1145.0,1.09,29.5,0.49,-64.7,-49.9,24.5,45.0,-95.5,9.2,1.0,126.0,0
D004938,4.6,1211.0,1.06,29.5,0.54,-65.3,-49.9,23.4,42.0,-94.1,10.2,0.0,134.0,1
D004939,3.6,1024.0,1.21,23.0,0.41,-63.5,-48.4,23.5,39.0,-95.3,4.5,0.0,147.0,0
D004940,3.4,1142.0,1.22,33.0,0.59,-62.8,-45.6,29.7,60.0,-91.2,7.6,0.0,138.0,0
D004941,6.2,1122.0,0.95,32.5,0.44,-60.7,-45.0,22.4,53.0,-92.8,12.4,0.0,108.0,0
D004942,6.9,1143.0,0.81,34.0,0.63,-70.0,-47.1,27.0,38.0,-96.2,2.4,1.0,125.0,1
D004943,4.8,1063.0,0.87,21.5,0.64,-65.1,-53.2,25.9,56.0,-91.0,13.8,1.0,106.0,0
D004944,3.8,1372.0,0.97,35.0,0.39,-65.2,-48.9,21.5,43.0,-92.5,,1.0,135.0,0
D004945,4.5,1201.0,1.06,29.5,0.52,-64.6,-49.1,24.4,45.0,-95.9,5.6,0.0,115.0,1
D004946,4.6,1093.0,1.41,29.0,0.59,-61.4,-52.7,22.5,42.0,-97.8,0.5,1.0,149.0,1
D004947,4.3,1127.0,1.15,29.0,0.49,-66.6,-50.0,22.4,44.0,-94.7,10.4,1.0,123.0,1
D004948,3.9,1182.0,1.4,39.5,0.35,-69.0,-52.6,27.9,58.0,-93.7,16.2,0.0,149.0,1
D004949,4.9,1149.0,0.99,30.5,0.42,-65.9,-50.5,23.6,39.0,-95.9,12.3,0.0,126.0,1
D004950,4.5,1263.0,1.23,27.5,0.57,-64.3,-46.2,23.8,42.0,-98.0,18.6,1.0,,0
D004951,4.9,1175.0,1.08,27.0,0.43,-65.2,-49.8,24.6,41.0,-94.5,9.0,1.0,132.0,1
D004952,6.9,1063.0,1.2,32.0,0.6,-63.8,-51.6,27.4,37.0,-97.5,8.4,1.0,106.0,0
D004953,4.7,1188.0,1.26,29.0,0.5,-67.5,-50.8,24.3,37.0,-94.1,7.5,0.0,128.0,1
D004954,4.3,1173.0,1.21,33.5,0.52,-65.2,-46.2,26.9,37.0,-90.1,7.4,0.0,109.0,0
D004955,5.2,1176.0,1.16,26.5,0.43,-66.1,-50.3,23.7,,-96.8,7.9,0.0,132.0,1
D004956,5.0,1211.0,1.08,29.0,0.37,-67.0,-50.2,23.1,42.0,-95.9,9.9,0.0,120.0,1
D004957,3.7,1157.0,0.93,31.5,0.48,-65.6,-51.3,23.5,42.0,-96.5,7.3,1.0,129.0,1
D004958,4.7,1227.0,0.85,27.5,0.45,-67.0,-48.9,22.3,45.0,-96.2,8.7,0.0,131.0,1
D004959,4.9,1225.0,0.98,32.0,0.65,-67.3,-54.5,28.2,57.0,-93.8,19.3,0.0,108.0,0
D004960,4.9,,1.16,29.5,0.47,-65.7,-49.0,24.1,44.0,-96.4,8.9,,120.0,1
D004961,4.0,1247.0,0.89,22.0,0.61,-60.9,-49.4,23.1,54.0,-90.0,,0.0,140.0,0
D004962,5.1,1181.0,1.05,26.0,0.46,-66.6,,25.2,44.0,-94.6,7.7,1.0,135.0,1
D004963,4.3,1250.0,1.27,30.0,0.4,-65.2,-49.9,24.7,41.0,-94.3,8.4,0.0,134.0,1
D004964,5.3,1111.0,0.96,29.5,0.48,-65.8,-49.4,25.9,48.0,-96.0,10.3,0.0,128.0,1
D004965,4.9,1224.0,1.07,29.0,0.47,-66.1,-50.5,23.5,44.0,-95.2,10.1,1.0,141.0,1
D004966,4.9,1176.0,1.03,31.0,0.41,-65.8,-51.0,23.3,46.0,-94.3,12.8,1.0,124.0,1
D004967,6.8,1389.0,0.89,25.5,0.37,-63.6,-45.3,29.6,31.0,-92.3,8.3,1.0,123.0,0
D004968,4.5,1099.0,1.1,28.5,0.51,-65.4,-49.9,25.2,43.0,-95.7,9.4,0.0,129.0,1
D004969,5.0,1185.0,1.02,32.5,0.5,-65.6,-50.4,23.0,41.0,-96.3,10.3,1.0,128.0,1
D004970,4.9,1253.0,1.59,39.0,0.44,-60.6,-53.6,23.8,34.0,-99.7,20.2,0.0,140.0,1
D004971,5.1,1169.0,1.08,28.5,0.46,-65.3,-50.6,24.3,44.0,-95.2,8.6,1.0,116.0,1
D004972,5.2,1223.0,1.22,,0.46,-64.9,-49.2,23.6,41.0,-96.9,9.3,0.0,126.0,1
D004973,4.4,1175.0,1.21,30.0,0.51,-64.7,-49.4,24.0,42.0,-97.4,7.8,0.0,130.0,1
D004974,3.1,1248.0,1.52,36.5,0.44,-67.7,-54.7,20.3,32.0,-95.1,5.9,0.0,117.0,1
D004975,4.9,1206.0,1.02,29.5,0.49,-67.1,-50.8,25.2,39.0,-95.3,11.6,0.0,130.0,1
D004976,5.6,1199.0,1.11,27.0,0.47,-65.5,-49.8,24.9,46.0,-94.4,8.9,1.0,133.0,1
D004977,3.7,1163.0,1.16,28.0,0.54,-65.4,-50.6,23.5,46.0,-95.8,7.1,1.0,131.0,0
D004978,3.7,1332.0,1.14,25.0,0.42,-68.7,-52.7,27.0,33.0,-98.3,23.3,1.0,117.0,0
D004979,5.0,1171.0,1.09,32.0,0.48,-64.0,-50.1,22.5,40.0,-95.4,13.4,0.0,128.0,1
D004980,4.3,1136.0,0.97,28.0,,-66.9,-48.9,24.7,,-96.7,7.1,1.0,129.0,1
D004981,5.1,1198.0,0.96,27.5,0.41,-65.5,-50.2,24.0,47.0,-96.1,9.4,0.0,135.0,0
D004982,6.9,1093.0,1.57,26.0,0.49,-61.7,-46.6,27.2,56.0,-99.8,23.8,0.0,119.0,0
D004983,4.9,,1.16,29.5,0.46,-63.6,-50.8,24.4,46.0,-96.8,7.3,0.0,119.0,1
D004984,4.9,1206.0,0.96,32.5,0.45,-65.6,-50.6,23.1,45.0,-97.5,8.4,1.0,129.0,1
D004985,4.9,1191.0,1.16,28.0,0.47,-66.0,-49.1,25.6,53.0,-95.7,9.1,1.0,129.0,1
D004986,4.4,1185.0,1.0,25.0,0.49,-64.5,-49.1,26.1,43.0,-97.1,6.2,1.0,135.0,0
D004987,5.2,1059.0,1.25,37.0,0.67,-60.7,-50.9,21.7,36.0,-93.3,9.4,1.0,140.0,0
D004988,5.0,1201.0,1.12,27.0,0.49,-65.1,-50.8,24.4,,-95.9,10.4,1.0,122.0,0
D004989,4.0,1148.0,1.01,26.5,0.52,-65.4,-50.0,23.6,46.0,-95.9,12.7,1.0,127.0,0
D004990,4.9,1124.0,1.16,32.5,0.5,-63.7,-49.1,22.3,45.0,-95.6,9.0,0.0,127.0,1
D004991,5.8,1014.0,0.89,24.0,0.4,-63.8,-53.9,24.6,34.0,-92.3,23.6,1.0,143.0,1
D004992,3.8,1147.0,1.07,32.0,0.48,-66.2,-49.0,23.8,46.0,-94.8,9.0,0.0,118.0,1
D004993,5.0,1226.0,1.06,29.5,0.45,-66.5,-49.7,23.4,43.0,-95.6,8.8,1.0,133.0,1
D004994,4.9,1132.0,0.97,28.0,0.47,-65.7,-50.7,23.1,39.0,-97.5,9.0,0.0,129.0,1
D004995,5.1,1183.0,1.12,29.0,0.47,-65.2,-51.4,23.7,41.0,-94.4,8.9,1.0,122.0,1
D004996,4.2,1213.0,1.13,28.5,0.51,-68.3,-51.0,25.3,44.0,-94.4,6.9,1.0,130.0,1
D004997,5.3,1215.0,1.22,28.0,0.56,-65.5,-50.6,23.9,44.0,-95.8,,0.0,131.0,1
D004998,6.3,1157.0,1.49,21.5,0.56,-60.5,-46.2,25.5,34.0,-94.7,17.6,1.0,123.0,0
D004999,4.5,1169.0,1.1,33.0,0.49,-66.2,-50.7,24.7,44.0,-95.9,5.9,1.0,128.0,1
D005000,5.1,1165.0,1.1,29.5,0.45,-65.6,-50.2,24.8,45.0,-93.3,6.7,1.0,130.0,1
D005001,3.9,1154.0,1.09,37.5,0.49,-64.3,-46.0,27.0,45.0,-96.4,15.9,1.0,125.0,0
D005002,3.3,1074.0,1.09,38.5,0.5,-64.8,-51.2,25.5,46.0,-99.2,3.4,1.0,145.0,1
D005003,5.6,1152.0,1.12,28.5,0.47,-66.8,-49.6,24.7,44.0,-94.4,9.6,0.0,128.0,1
D005004,4.4,1159.0,1.28,27.0,0.45,-65.9,-46.9,24.2,43.0,-95.0,11.9,1.0,134.0,1
D005005,6.0,1245.0,1.1,32.5,0.45,-68.5,-49.2,27.9,34.0,-95.0,11.1,1.0,118.0,1
D005006,5.5,1157.0,1.14,30.5,0.45,-63.6,-50.5,23.0,41.0,-95.1,4.8,0.0,132.0,1
D005007,5.1,1115.0,0.98,31.5,0.5,-65.7,-50.0,24.1,43.0,-95.2,7.2,0.0,125.0,1
D005008,3.5,1231.0,0.93,26.0,0.59,-67.2,-54.7,28.3,43.0,-92.4,17.4,1.0,131.0,0
D005009,5.1,1161.0,1.08,28.5,0.5,-64.6,-49.6,23.6,46.0,-96.6,9.5,0.0,131.0,1
D005010,4.8,1241.0,0.93,31.5,0.52,-65.2,-49.4,23.8,46.0,-94.0,,1.0,125.0,1
D005011,3.9,1139.0,0.99,22.0,0.32,-67.0,-48.8,23.8,48.0,-99.5,23.0,0.0,128.0,0
D005012,4.8,1134.0,0.97,28.5,0.46,-65.0,-49.7,23.5,43.0,-95.4,5.2,0.0,126.0,1
D005013,4.7,1167.0,1.1,24.0,0.46,-65.6,-51.1,24.7,41.0,-94.1,11.2,1.0,123.0,1
D005014,4.9,1062.0,1.43,35.5,0.65,-64.4,-47.6,29.8,42.0,-95.7,5.5,1.0,134.0,0
D005015,5.8,1195.0,1.32,30.0,0.52,-69.1,-48.1,24.1,36.0,-99.9,8.7,0.0,130.0,1
D005016,5.3,1144.0,1.12,29.0,0.58,-66.9,-50.3,23.2,43.0,-95.3,10.8,1.0,133.0,1
D005017,4.6,1149.0,1.16,31.0,0.47,-67.2,-52.2,24.9,41.0,-96.4,8.8,1.0,126.0,1
D005018,3.4,1045.0,1.45,29.5,0.41,-61.5,-47.6,26.8,55.0,-96.0,4.4,1.0,109.0,0
D005019,5.0,1073.0,1.02,29.0,0.48,-63.9,-50.7,22.9,41.0,-95.4,9.5,0.0,127.0,1
D005020,5.6,1004.0,1.39,22.0,0.64,-62.6,-47.2,26.1,47.0,-99.8,13.4,1.0,122.0,0
D005021,4.6,1218.0,1.31,30.5,0.4,-65.9,-49.3,23.9,48.0,-94.4,7.7,1.0,132.0,0
D005022,4.3,1194.0,1.01,31.0,0.52,-64.4,-51.9,24.6,43.0,-93.4,8.2,1.0,123.0,1
D005023,7.0,1042.0,0.99,33.5,0.51,-67.3,-48.7,27.1,34.0,-95.8,,0.0,115.0,1
D005024,4.7,1113.0,1.01,28.5,0.47,-64.5,-48.9,24.4,41.0,-93.3,5.8,0.0,127.0,1
D005025,4.6,1170.0,1.1,28.5,0.46,-66.6,-50.4,23.3,43.0,-96.5,8.6,1.0,122.0,1
D005026,4.8,1186.0,1.18,27.0,0.49,-67.0,-49.8,24.5,48.0,-94.7,10.1,1.0,126.0,1
D005027,4.7,1214.0,1.01,31.0,0.5,-63.6,-49.5,23.2,46.0,-96.5,12.7,0.0,130.0,1
D005028,4.9,1190.0,1.06,29.0,0.42,-64.7,-51.0,,41.0,-94.0,10.0,1.0,132.0,1
D005029,4.4,1176.0,1.07,32.5,0.55,-66.6,-48.9,22.6,41.0,-95.1,13.1,0.0,122.0,1
D005030,4.6,1157.0,1.04,27.5,0.45,-65.7,-51.0,24.7,44.0,-96.1,8.7,1.0,132.0,1
D005031,4.1,1076.0,1.03,22.0,0.62,-69.9,-45.1,20.0,53.0,-91.4,21.6,0.0,107.0,0
D005032,4.9,1131.0,0.81,20.0,0.32,-61.1,-49.2,23.4,32.0,-92.8,20.2,0.0,146.0,0
D005033,4.7,1159.0,1.1,28.0,0.47,-63.5,-52.5,26.7,44.0,-93.0,8.6,1.0,130.0,1
D005034,5.0,1204.0,1.41,39.5,0.49,-64.6,-48.6,28.2,53.0,-99.6,23.5,1.0,120.0,0
D005035,4.9,1227.0,1.14,27.5,0.48,-63.8,-49.9,,45.0,-93.9,8.5,0.0,124.0,1
D005036,5.3,1206.0,1.33,22.0,0.42,-68.0,-52.8,25.0,36.0,-91.0,13.0,0.0,116.0,1
D005037,3.2,1199.0,1.52,36.5,0.33,-60.8,,27.2,40.0,-93.1,2.9,0.0,113.0,0
D005038,6.6,1122.0,1.31,20.0,0.51,-65.9,-51.7,27.1,47.0,-97.0,14.8,1.0,126.0,0
D005039,5.1,1194.0,1.12,31.5,0.47,-65.5,-51.0,25.0,43.0,-95.1,8.7,0.0,131.0,1
D005040,6.8,1324.0,1.11,35.5,0.6,-60.0,-49.0,28.3,54.0,-96.6,4.0,1.0,105.0,0
D005041,4.4,1152.0,1.12,26.0,0.42,-64.4,-48.0,23.1,41.0,-94.4,3.9,0.0,133.0,1
D005042,4.7,1179.0,1.22,25.0,0.5,-64.0,-48.5,23.4,42.0,-96.1,9.5,1.0,139.0,0
D005043,3.4,1398.0,,31.0,0.53,-63.7,-50.1,20.7,52.0,-96.5,5.4,1.0,109.0,0
D005044,3.6,1365.0,0.99,38.0,0.43,-63.6,-53.7,20.5,49.0,-91.4,19.7,1.0,136.0,0
D005045,4.7,1136.0,1.12,27.0,0.47,-65.1,-50.3,24.0,,-97.3,10.5,1.0,121.0,0
D005046,4.7,1056.0,1.11,31.5,0.32,-60.1,-49.1,23.7,38.0,-91.9,13.3,1.0,148.0,0
D005047,5.5,1131.0,1.5,28.5,0.43,-63.3,-49.4,28.3,42.0,-95.2,4.1,,136.0,0
D005048,4.8,1148.0,1.01,29.0,0.51,-66.1,-47.7,24.3,,-96.3,7.9,0.0,133.0,1
D005049,4.5,1193.0,1.1,26.5,0.47,-66.3,-49.3,24.8,44.0,-96.2,4.9,0.0,128.0,1
D005050,5.1,1143.0,1.13,28.0,0.54,-64.8,-50.3,24.1,42.0,-96.2,10.3,1.0,131.0,1
D005051,4.7,1177.0,1.01,29.0,0.42,-65.1,-49.1,24.0,42.0,-96.0,8.1,0.0,136.0,1
D005052,5.9,1195.0,0.93,25.5,0.53,-64.7,-49.4,24.0,43.0,-95.0,13.1,1.0,128.0,1
D005053,5.1,1262.0,1.08,29.5,0.54,-65.8,-50.9,25.1,47.0,-95.2,9.5,1.0,126.0,1
D005054,4.7,1163.0,1.03,28.0,0.52,-65.0,-48.9,24.6,46.0,-95.5,10.3,1.0,125.0,0
D005055,5.1,1184.0,1.11,27.0,0.47,-65.3,-49.1,25.8,46.0,-94.6,7.5,0.0,121.0,1
D005056,5.3,1235.0,0.86,32.5,0.34,-60.8,-48.8,25.1,58.0,-93.7,10.6,1.0,102.0,0
D005057,5.2,1168.0,0.97,29.5,0.49,-64.4,-49.0,24.4,37.0,-95.2,8.2,1.0,126.0,1
D005058,4.8,1237.0,1.03,28.5,0.52,-65.1,-50.0,24.0,45.0,-95.7,8.4,0.0,132.0,1
D005059,4.7,1125.0,1.08,30.0,0.53,-65.5,-50.2,24.8,40.0,-94.7,4.9,1.0,123.0,1
D005060,3.7,1021.0,1.07,24.5,0.56,-61.5,-49.8,21.2,46.0,-93.9,16.2,1.0,138.0,0
D005061,4.8,1075.0,1.18,33.5,0.6,-63.9,-49.9,25.1,53.0,-91.0,18.8,0.0,137.0,0
D005062,5.2,1147.0,1.08,28.0,0.46,-66.5,-47.7,23.6,46.0,-97.9,10.0,0.0,129.0,1
D005063,3.5,1048.0,1.42,24.5,0.36,-69.3,-48.5,20.7,32.0,-94.4,9.0,1.0,142.0,0
D005064,6.6,1360.0,1.34,21.5,0.48,-61.5,-53.7,26.9,44.0,-97.5,11.7,1.0,145.0,1
D005065,4.7,1130.0,1.12,29.0,0.44,-64.8,-48.0,22.4,48.0,-95.7,6.2,0.0,119.0,1
D005066,4.8,1192.0,1.1,29.0,0.51,-64.8,-50.8,24.5,45.0,,10.2,1.0,128.0,1
D005067,4.5,1212.0,1.07,28.0,0.5,-65.3,-47.8,23.9,45.0,-96.3,9.5,1.0,134.0,0
D005068,4.9,1194.0,1.17,25.5,0.49,-66.2,-50.8,22.7,40.0,-96.8,8.4,0.0,122.0,1
D005069,4.6,1178.0,1.0,27.5,0.51,-65.9,-48.3,25.3,40.0,-95.3,7.5,1.0,123.0,1
D005070,5.0,1257.0,1.28,29.5,0.48,-65.1,-51.0,25.6,46.0,-94.8,8.3,1.0,133.0,1
D005071,5.1,1059.0,1.03,28.5,0.43,-68.6,-54.0,28.2,45.0,-93.6,5.6,1.0,125.0,1
D005072,4.1,1176.0,1.1,29.0,0.5,-64.7,-50.9,26.0,46.0,-97.4,11.4,1.0,129.0,1
D005073,5.8,1066.0,0.91,38.0,0.32,-66.0,-48.1,23.3,60.0,-91.9,11.0,1.0,108.0,1
D005074,4.5,1123.0,1.08,29.5,0.5,-64.5,-49.8,23.1,43.0,-95.4,7.3,1.0,133.0,1
D005075,4.9,1151.0,0.94,26.5,0.46,-65.3,-51.6,24.6,45.0,-95.6,8.5,1.0,133.0,1
D005076,5.3,1173.0,1.06,30.0,0.46,-67.2,-48.3,24.3,44.0,-94.9,,1.0,129.0,0
D005077,4.0,1130.0,1.07,28.0,0.51,-65.1,-48.7,22.7,41.0,-96.4,5.5,1.0,129.0,0
D005078,4.3,1167.0,0.98,28.5,0.49,-64.1,,26.1,46.0,-96.5,9.8,1.0,129.0,1
D005079,6.1,1373.0,1.57,27.5,0.51,-68.7,-49.7,20.1,46.0,-98.8,23.1,0.0,144.0,1
D005080,5.2,1184.0,1.16,28.5,0.45,-66.3,-49.8,24.9,48.0,-96.1,9.6,0.0,128.0,1
D005081,4.2,1081.0,1.2,32.5,0.65,-67.6,-49.0,22.2,58.0,-92.1,19.1,1.0,111.0,0
D005082,4.5,1215.0,1.0,32.5,0.42,-65.3,-47.7,23.0,45.0,-95.7,8.7,1.0,129.0,1
D005083,4.3,1204.0,1.15,28.5,0.53,-64.9,-48.5,24.1,44.0,-96.4,6.5,0.0,121.0,1
D005084,4.6,1147.0,1.15,31.0,0.5,-65.5,-50.2,23.2,42.0,-94.5,4.2,0.0,128.0,1
D005085,4.4,1238.0,1.07,26.0,0.5,-66.3,-50.3,23.3,43.0,-97.4,7.3,1.0,125.0,1
D005086,5.7,1295.0,,29.0,0.54,-60.2,-52.7,28.1,51.0,-98.8,13.4,0.0,137.0,0
D005087,4.1,1158.0,1.26,29.0,0.52,-65.7,-49.8,22.4,44.0,-96.1,13.9,0.0,124.0,1
D005088,4.6,1148.0,1.13,29.0,0.55,-66.4,-51.4,24.2,44.0,-95.2,8.5,0.0,129.0,1
D005089,4.2,1170.0,1.01,32.0,0.44,-64.9,-50.1,22.8,47.0,-95.2,12.3,0.0,126.0,1
D005090,4.6,1199.0,1.21,29.0,0.5,-65.7,-50.4,25.3,,-96.1,6.7,1.0,129.0,0
D005091,4.6,1365.0,1.0,28.0,0.59,-64.8,-50.8,20.3,31.0,-94.1,8.4,1.0,132.0,1
D005092,4.6,1146.0,1.08,30.0,0.51,-65.0,-52.4,24.9,41.0,-95.7,10.8,1.0,127.0,1
D005093,5.5,1218.0,1.11,29.5,0.54,-65.9,-49.5,23.4,47.0,-95.9,10.4,1.0,120.0,1
D005094,4.3,1169.0,1.17,25.0,0.5,-65.6,-50.9,24.4,47.0,-95.9,7.9,1.0,128.0,1
D005095,5.3,1096.0,1.19,28.5,0.51,-66.6,-51.0,24.3,46.0,-94.9,11.0,0.0,130.0,1
D005096,4.5,1203.0,1.22,32.0,0.46,-65.4,-48.7,23.8,40.0,-94.9,10.8,0.0,109.0,1
D005097,5.0,1147.0,1.08,31.0,0.45,-65.8,-48.9,23.4,41.0,-94.8,8.7,1.0,131.0,1
D005098,6.5,1127.0,0.99,30.5,0.55,-69.7,-45.2,21.4,45.0,-94.1,0.9,1.0,147.0,1
D005099,4.5,1128.0,1.09,29.0,0.53,-66.9,-49.6,25.0,43.0,-94.5,9.0,1.0,123.0,0
D005100,4.7,1177.0,1.14,28.5,0.53,-64.6,-48.9,23.8,45.0,-96.5,8.2,0.0,128.0,0
D005101,4.5,1097.0,1.11,29.0,0.49,-65.5,-49.1,24.5,44.0,-98.0,7.9,1.0,124.0,1
D005102,4.7,1123.0,1.03,29.0,0.52,-63.2,-48.9,25.0,45.0,-96.9,8.3,0.0,127.0,1
D005103,4.3,1124.0,1.22,26.5,0.38,-66.8,-52.6,21.9,51.0,-92.7,6.4,1.0,141.0,1
D005104,4.9,1188.0,1.07,26.5,0.43,-65.5,-47.5,24.2,,-95.7,9.2,1.0,132.0,1
D005105,6.6,1232.0,1.42,22.0,0.5,-67.5,-48.8,25.5,59.0,-95.0,19.1,0.0,117.0,0
D005106,4.9,1129.0,1.09,29.5,0.41,-66.9,-49.9,26.2,44.0,-96.1,12.5,1.0,129.0,1
D005107,4.4,1135.0,1.13,30.0,0.46,-65.9,-50.6,22.5,45.0,-95.7,8.8,1.0,124.0,1
D005108,4.4,1167.0,1.07,29.5,0.48,-65.6,-51.4,22.5,48.0,-94.7,9.9,0.0,127.0,1
D005109,5.3,1223.0,1.14,30.0,0.47,-65.5,-49.7,23.3,39.0,-96.6,9.1,1.0,122.0,1
D005110,4.7,1181.0,1.11,26.5,0.45,-65.6,-50.9,23.7,46.0,-96.6,9.2,0.0,139.0,1
D005111,4.7,1216.0,1.02,28.5,0.53,-64.4,-49.6,22.7,,-95.9,11.8,0.0,130.0,1
D005112,4.0,1153.0,1.15,28.5,0.52,-64.2,-48.7,25.3,46.0,-95.7,9.6,1.0,124.0,0
D005113,4.1,1151.0,1.17,26.5,0.47,-66.7,-50.7,24.1,43.0,-94.6,10.2,0.0,134.0,1
D005114,4.2,1182.0,1.06,34.5,0.48,-65.8,-48.9,22.8,39.0,-94.9,9.4,0.0,131.0,1
D005115,4.0,1154.0,0.98,30.5,0.46,-66.8,-49.5,24.3,44.0,-93.8,7.4,0.0,126.0,1
D005116,5.2,1173.0,1.09,27.0,0.54,-65.9,-49.9,24.5,41.0,-94.4,5.6,0.0,124.0,1
D005117,5.0,1211.0,0.99,28.0,0.45,-66.8,-49.6,,45.0,-95.1,11.3,0.0,125.0,1
D005118,4.4,1199.0,1.15,29.5,0.46,-65.6,-50.2,23.7,45.0,-95.8,10.5,1.0,132.0,0
D005119,5.0,1103.0,1.22,,0.49,-68.0,,24.7,42.0,-95.0,5.2,1.0,123.0,1
D005120,4.6,1127.0,1.26,30.0,0.43,-66.4,-51.2,24.9,46.0,-94.7,10.3,1.0,129.0,1
D005121,3.7,1176.0,1.6,32.0,0.53,-63.3,-45.7,22.2,55.0,-99.1,11.4,0.0,147.0,0
D005122,5.4,1172.0,1.09,24.0,0.47,-65.8,-51.1,23.2,36.0,-96.7,7.6,1.0,129.0,1
D005123,5.3,1026.0,1.23,23.0,0.66,-61.5,-52.0,21.5,38.0,-90.2,7.8,1.0,,0
D005124,4.1,1192.0,1.11,29.5,0.41,-64.2,-49.7,24.5,49.0,-96.2,4.3,1.0,121.0,1
D005125,4.7,1238.0,1.17,32.5,0.43,-66.2,-46.7,25.1,39.0,-95.9,11.8,1.0,119.0,0
D005126,4.6,1208.0,1.05,29.5,0.42,-64.1,-49.5,23.9,47.0,-94.2,7.4,1.0,118.0,1
D005127,5.9,1349.0,1.05,27.0,0.48,-62.5,,27.0,43.0,-93.9,14.5,0.0,115.0,1
D005128,4.0,1222.0,1.06,,0.31,-67.6,-48.1,24.2,43.0,-92.2,5.6,1.0,101.0,0
D005129,5.5,1130.0,1.35,23.5,0.41,-66.1,-50.3,28.3,51.0,-97.2,16.5,0.0,147.0,1
D005130,5.8,1025.0,0.91,30.0,0.53,-66.2,-51.2,29.3,52.0,-93.2,21.2,0.0,149.0,0
D005131,,1188.0,1.06,24.0,0.45,-65.4,-50.6,22.3,41.0,-96.3,8.4,1.0,133.0,1
D005132,4.0,1153.0,1.13,29.0,0.46,-65.8,-50.5,22.5,39.0,,10.7,1.0,129.0,1
D005133,4.4,1121.0,1.16,30.5,0.48,-65.1,-51.1,25.5,49.0,-95.4,3.9,1.0,128.0,1
D005134,4.6,1160.0,1.03,35.0,0.54,-65.2,-51.3,26.0,43.0,-95.5,7.6,0.0,137.0,1
D005135,4.8,1377.0,1.3,22.5,0.63,-67.2,-54.4,24.2,59.0,-91.6,3.0,1.0,106.0,0
D005136,5.4,1109.0,1.15,30.5,0.45,-66.0,-50.4,23.9,41.0,-96.6,11.4,1.0,130.0,1
D005137,5.0,1275.0,1.3,25.0,0.49,-61.4,-49.4,25.9,49.0,-94.9,10.0,1.0,143.0,0
D005138,4.9,1172.0,1.03,31.0,0.44,-65.6,-48.2,23.2,43.0,-95.8,7.4,0.0,119.0,1
D005139,4.9,1160.0,1.01,28.0,0.49,-66.6,-48.6,23.6,46.0,-95.4,9.5,1.0,120.0,1
D005140,4.5,1108.0,0.96,29.0,0.46,-63.8,-48.8,23.0,44.0,-96.4,10.5,0.0,119.0,1
D005141,4.9,1222.0,1.04,34.0,0.49,-65.9,-51.4,24.0,43.0,-94.8,8.5,1.0,130.0,1
D005142,4.2,1248.0,1.19,29.5,0.53,-65.7,-50.6,23.1,41.0,-96.6,11.5,0.0,120.0,1
D005143,4.5,1244.0,1.25,23.5,0.5,-67.5,-49.5,25.9,41.0,-93.3,9.1,0.0,131.0,1
D005144,5.2,1183.0,1.02,29.0,0.46,-65.7,-49.5,23.2,42.0,-94.0,6.1,1.0,122.0,1
D005145,4.8,1177.0,1.06,30.0,0.47,-65.7,-48.0,24.1,44.0,-93.9,6.9,1.0,127.0,0
D005146,4.2,1189.0,1.1,27.0,0.56,-66.9,-49.7,25.1,49.0,-96.4,9.0,0.0,133.0,1
D005147,4.8,1191.0,1.12,29.0,0.56,-65.2,-50.2,23.1,42.0,-95.7,7.5,1.0,136.0,1
D005148,4.2,,0.89,28.5,0.45,-64.5,-49.5,21.9,46.0,-94.0,5.4,1.0,128.0,0
D005149,4.8,1189.0,1.17,31.0,0.54,-66.5,-49.4,25.2,48.0,-95.3,10.1,0.0,133.0,1
D005150,6.3,1220.0,1.34,32.0,0.62,-69.0,-48.9,29.1,48.0,-90.0,12.9,1.0,109.0,1
D005151,4.4,1188.0,1.05,27.5,0.54,-68.0,-50.5,24.1,42.0,-95.9,3.5,0.0,129.0,1
D005152,,1242.0,1.15,39.0,0.5,-68.9,-47.4,26.6,46.0,-90.2,2.5,1.0,114.0,1
D005153,5.7,1100.0,1.47,37.0,0.69,-62.5,-50.9,21.4,30.0,-93.2,3.7,1.0,147.0,1
D005154,6.1,1399.0,1.47,20.5,0.38,-64.6,-53.9,20.9,57.0,-96.8,0.6,1.0,141.0,1
D005155,4.4,1193.0,1.13,25.5,0.52,-65.7,-49.1,24.6,42.0,-95.0,9.6,0.0,125.0,1
D005156,5.0,1133.0,1.16,32.0,0.46,-67.0,-49.4,23.8,39.0,-92.8,8.2,0.0,129.0,1
D005157,5.3,1189.0,1.02,31.5,0.52,-64.8,-50.7,24.8,42.0,-96.3,13.0,0.0,119.0,1
D005158,4.9,1047.0,1.37,30.5,0.56,-60.0,-53.6,21.9,41.0,-99.0,7.3,0.0,145.0,1
D005159,4.4,1274.0,0.85,36.0,0.59,-63.1,-46.5,29.6,52.0,-96.0,17.7,0.0,106.0,0
D005160,4.8,1177.0,1.05,28.0,0.38,-66.1,-50.7,24.5,42.0,-96.0,11.4,0.0,129.0,1
D005161,5.3,1196.0,1.11,28.5,0.42,-65.9,-49.5,25.4,42.0,-94.5,8.3,1.0,123.0,1
D005162,5.2,1149.0,1.11,26.0,0.45,-64.9,-50.0,25.4,46.0,-92.3,8.6,1.0,132.0,1
D005163,4.7,1168.0,1.07,31.0,0.49,-65.7,-49.6,23.2,44.0,-95.4,6.0,1.0,136.0,1
D005164,4.1,1154.0,1.22,32.0,0.57,-66.3,-52.7,26.4,42.0,-93.0,19.5,0.0,105.0,0
D005165,5.0,1066.0,1.59,32.5,0.61,-68.6,-47.5,23.7,41.0,-97.2,3.4,1.0,118.0,0
D005166,4.4,1190.0,0.85,33.0,0.68,-62.9,-48.8,28.9,31.0,-95.5,21.3,0.0,,0
D005167,4.9,1156.0,1.13,29.5,0.52,-66.5,-50.5,24.0,39.0,-95.8,13.3,1.0,129.0,1
D005168,,1157.0,0.93,33.0,0.5,-64.6,-50.0,22.2,47.0,-97.1,7.8,0.0,129.0,1
D005169,4.9,,1.11,32.0,0.52,-65.6,-50.8,23.1,46.0,-95.2,4.2,1.0,129.0,1
D005170,5.3,1002.0,1.42,25.5,0.33,-63.6,-52.4,29.7,44.0,-94.1,0.6,0.0,128.0,0
D005171,5.1,1183.0,1.18,31.0,0.5,-66.3,-48.5,22.0,42.0,-95.9,11.5,1.0,127.0,0
D005172,4.9,1104.0,1.04,30.0,0.42,-65.9,-49.7,23.8,46.0,,5.6,0.0,129.0,1
D005173,5.2,1113.0,1.08,32.0,0.43,-65.9,-48.6,24.7,52.0,-95.1,11.5,1.0,129.0,0
D005174,4.9,1324.0,1.13,28.5,0.36,-64.5,-53.8,21.0,44.0,,8.3,1.0,105.0,0
D005175,5.1,1192.0,1.1,27.5,0.53,-64.0,-48.6,24.0,44.0,-94.7,9.5,0.0,133.0,1
D005176,4.6,1086.0,1.33,32.0,0.6,-69.9,-51.4,25.4,47.0,-90.6,9.8,1.0,127.0,1
D005177,4.7,1127.0,0.99,30.5,0.54,-66.8,-50.0,24.2,45.0,-95.1,10.2,0.0,120.0,1
D005178,6.4,1272.0,1.42,32.5,0.36,-68.4,-45.5,23.1,35.0,-94.5,13.5,0.0,143.0,1
D005179,5.0,1210.0,1.13,27.0,0.49,-65.8,-51.0,23.5,46.0,-93.6,12.4,0.0,127.0,1
D005180,,1172.0,1.13,30.0,0.48,-66.1,-51.4,24.0,40.0,-95.0,9.5,0.0,128.0,1
D005181,4.6,1121.0,1.22,27.5,0.49,-64.9,-49.6,24.4,43.0,-96.3,10.7,0.0,129.0,0
D005182,3.2,1249.0,1.34,28.5,0.35,-60.3,-50.4,21.7,31.0,-95.8,22.3,1.0,150.0,0
D005183,4.2,1240.0,1.06,27.5,0.51,-66.0,-51.8,24.3,48.0,-96.3,8.4,1.0,136.0,1
D005184,4.6,1180.0,1.12,26.5,0.5,-65.5,,24.2,36.0,-97.3,7.5,1.0,132.0,1
D005185,4.7,1205.0,1.18,27.5,0.47,-64.6,-48.5,25.4,43.0,,9.6,1.0,130.0,0
D005186,4.7,1236.0,1.39,26.5,0.65,-68.1,-50.9,25.9,39.0,-97.6,11.9,0.0,133.0,1
D005187,4.8,1165.0,1.0,30.5,0.49,-64.9,-49.4,24.8,45.0,-96.7,10.2,1.0,124.0,1
D005188,5.3,1255.0,1.01,31.5,0.69,-68.3,-47.1,23.1,31.0,-92.3,10.8,0.0,,1
D005189,3.8,1281.0,1.1,23.5,0.51,-65.0,-50.1,23.7,40.0,-96.0,6.2,1.0,129.0,0
D005190,4.9,1138.0,1.16,29.0,0.39,-65.7,-51.2,25.3,42.0,-94.9,11.6,1.0,126.0,1
D005191,4.0,1181.0,1.13,28.0,0.43,-66.0,-49.3,23.7,45.0,-93.9,9.5,1.0,136.0,1
D005192,5.6,1266.0,0.8,33.0,0.6,-62.2,-45.8,27.9,52.0,-90.4,23.3,1.0,110.0,0
D005193,4.1,1288.0,1.48,28.0,0.54,-69.6,-53.7,26.6,52.0,-96.6,12.5,1.0,,0
D005194,4.5,1238.0,1.12,29.5,0.5,-66.6,-50.1,23.1,48.0,-97.4,6.4,0.0,129.0,1
D005195,5.7,1187.0,1.16,24.5,0.43,-65.9,-50.3,25.1,48.0,-97.1,8.9,0.0,120.0,1
D005196,4.2,1189.0,1.12,30.5,0.54,-63.7,-49.9,21.9,42.0,-96.5,9.1,0.0,125.0,1
D005197,5.0,1136.0,1.08,31.0,0.46,-66.3,-50.0,23.6,39.0,-95.6,10.6,1.0,134.0,1
D005198,3.6,,1.11,28.0,0.49,-65.6,-49.6,22.3,43.0,-96.5,10.5,1.0,133.0,0
D005199,5.5,1293.0,1.08,36.5,0.51,-60.0,-45.9,25.6,51.0,-99.8,3.1,0.0,110.0,1
D005200,4.7,1164.0,1.25,27.0,0.44,-68.4,-50.7,25.4,39.0,-94.7,7.2,1.0,125.0,1
D005201,4.5,1190.0,1.02,30.5,0.53,-64.4,-49.6,24.5,48.0,-97.3,13.4,0.0,119.0,1
D005202,5.0,1189.0,1.07,28.5,0.46,-64.9,-50.8,25.8,43.0,-98.2,11.6,1.0,121.0,1
D005203,4.3,1160.0,1.17,30.5,0.51,-65.1,-50.6,23.6,45.0,-96.9,10.2,0.0,120.0,1
D005204,4.7,1258.0,0.9,33.0,0.69,-62.9,-46.7,28.0,50.0,-90.4,22.9,0.0,119.0,0
D005205,4.8,1180.0,1.09,31.0,0.48,-65.7,-50.4,23.4,39.0,-94.8,10.5,1.0,126.0,1
D005206,5.5,1238.0,1.01,27.5,0.49,-66.3,-48.5,25.6,,-94.7,9.0,1.0,124.0,1
D005207,4.1,1128.0,1.21,28.0,0.48,-66.6,-51.4,24.0,37.0,-96.6,8.9,1.0,130.0,1
D005208,4.5,1245.0,1.45,34.5,0.39,-62.9,-46.1,20.7,55.0,-95.7,23.1,1.0,104.0,0
D005209,5.1,1226.0,1.24,30.5,0.51,-65.6,-50.2,23.9,38.0,-95.3,6.3,0.0,128.0,1
D005210,4.2,1151.0,0.91,26.5,0.49,-65.4,-49.4,24.0,41.0,-96.0,10.3,0.0,,1
D005211,,1177.0,0.93,28.5,0.46,-64.8,-49.7,24.6,42.0,-94.4,8.4,1.0,129.0,1
D005212,5.1,1387.0,1.28,33.0,0.66,-68.6,-48.0,21.2,58.0,-97.0,4.2,0.0,142.0,1
D005213,4.7,1213.0,1.07,32.5,0.48,-64.1,-49.0,24.1,47.0,-95.8,10.8,1.0,131.0,0
D005214,4.0,1070.0,1.1,31.0,0.51,-66.4,-48.6,24.4,40.0,-96.0,,1.0,120.0,1
D005215,3.2,1278.0,1.12,35.0,0.49,-62.1,-53.1,21.2,44.0,,12.2,1.0,115.0,0
D005216,4.6,1136.0,,31.5,0.53,-66.1,-50.3,23.8,40.0,-95.1,6.5,1.0,122.0,1
D005217,4.9,1159.0,1.0,31.0,0.49,-63.3,-48.4,23.0,45.0,-96.1,11.9,1.0,116.0,1
D005218,4.5,1145.0,0.86,20.0,0.34,-63.2,-51.8,24.4,59.0,-90.8,4.0,1.0,149.0,0
D005219,4.7,1160.0,1.36,39.0,0.41,-69.6,-48.3,30.0,38.0,-95.4,9.0,0.0,143.0,0
D005220,5.2,1206.0,1.27,27.0,0.53,-66.4,-49.6,25.1,42.0,-96.2,10.8,1.0,135.0,1
D005221,4.8,1108.0,1.18,35.0,0.46,-64.9,-50.9,23.1,42.0,-93.5,9.6,0.0,133.0,1
D005222,3.3,1336.0,1.53,28.0,0.57,-65.5,-53.9,23.6,32.0,-98.2,3.5,1.0,124.0,0
D005223,5.0,1136.0,1.01,27.0,0.46,-65.6,-50.0,23.6,36.0,-94.4,14.6,0.0,129.0,1
D005224,3.9,1280.0,1.32,31.0,0.41,-68.8,-50.2,28.9,44.0,-93.5,11.8,1.0,121.0,0
D005225,4.8,1143.0,1.13,25.0,0.45,-66.6,-50.7,23.4,37.0,-95.3,9.9,1.0,131.0,0
D005226,4.7,1221.0,1.11,35.0,,-64.2,-50.3,24.4,45.0,-93.8,13.7,1.0,138.0,0
D005227,4.9,1179.0,1.19,31.5,0.4,-64.6,-48.4,24.2,,-96.3,8.7,0.0,127.0,1
D005228,6.1,1021.0,0.96,21.0,0.48,-62.6,-51.6,21.2,41.0,-99.6,10.4,0.0,134.0,1
D005229,3.6,1277.0,1.26,38.5,0.68,-66.5,-49.3,25.6,,-98.4,22.4,1.0,139.0,0
D005230,3.5,1164.0,0.9,39.0,0.46,-68.1,-45.4,22.1,32.0,-98.2,17.4,0.0,114.0,1
D005231,5.1,1228.0,1.15,32.0,0.45,-66.4,-51.5,22.6,43.0,-93.1,8.9,1.0,135.0,1
D005232,5.9,1246.0,1.34,34.5,0.41,-61.9,-54.3,29.1,48.0,-98.6,23.6,1.0,136.0,0
D005233,4.6,1126.0,1.09,28.0,0.5,-64.7,-49.7,23.4,39.0,-96.3,9.0,0.0,130.0,1
D005234,4.6,1154.0,1.26,31.0,0.45,-66.5,-49.6,21.4,45.0,-94.5,9.2,1.0,130.0,0
D005235,4.3,1203.0,1.3,30.5,0.39,-65.8,-51.1,24.3,43.0,-96.1,7.7,1.0,124.0,0
D005236,5.4,1203.0,1.06,26.5,0.42,-65.1,-49.8,25.1,46.0,-93.3,10.7,0.0,126.0,1
D005237,5.0,1157.0,1.31,33.5,0.54,-61.9,-52.5,22.8,52.0,-95.6,20.8,1.0,137.0,1
D005238,6.8,1023.0,0.9,25.0,0.62,-62.7,-51.9,21.9,56.0,-92.4,16.8,1.0,140.0,1
D005239,4.8,1157.0,1.14,29.5,0.54,-65.1,-50.0,22.5,44.0,-94.8,8.6,0.0,126.0,1
D005240,4.7,1177.0,1.11,30.5,0.44,-66.4,-51.0,24.4,47.0,-95.3,12.3,0.0,129.0,1
D005241,5.9,1123.0,0.85,22.0,0.58,-69.0,-50.2,21.1,54.0,-92.9,23.2,1.0,136.0,0
D005242,4.5,1235.0,1.16,30.0,0.47,-66.2,-50.4,24.7,47.0,-96.2,5.4,0.0,129.0,1
D005243,4.7,1369.0,0.86,21.0,0.54,-66.0,-50.3,28.4,38.0,-98.1,12.5,0.0,118.0,0
D005244,5.4,1193.0,0.93,26.5,0.44,-65.1,-49.3,22.2,49.0,-95.5,8.8,1.0,124.0,1
D005245,6.5,1213.0,1.03,27.0,0.46,-68.1,-45.0,22.1,51.0,-95.9,14.9,0.0,119.0,1
D005246,5.5,1060.0,1.49,39.5,0.35,-65.9,-53.4,28.0,58.0,-99.3,8.8,1.0,124.0,1
D005247,4.0,1170.0,0.97,28.0,0.44,-64.8,-49.9,23.1,46.0,-95.7,8.2,0.0,125.0,0
D005248,4.3,,1.18,30.0,0.5,-67.0,-51.0,25.1,42.0,-95.6,8.2,0.0,130.0,1
D005249,4.7,1127.0,1.1,30.0,0.47,-66.1,-50.6,23.0,42.0,-94.5,8.1,1.0,128.0,1
D005250,4.9,1201.0,1.09,27.0,0.53,-65.0,-51.2,25.3,45.0,-95.9,6.9,0.0,130.0,1
D005251,5.5,1190.0,,25.5,0.45,-63.9,-50.3,24.1,37.0,-95.1,8.3,0.0,130.0,1
D005252,4.7,1171.0,1.27,34.0,0.58,-66.6,-49.5,24.2,43.0,-98.5,15.8,0.0,115.0,1
D005253,4.8,1178.0,0.98,32.5,0.49,-65.0,-48.6,23.3,42.0,-96.2,10.8,1.0,131.0,1
D005254,3.8,1178.0,1.48,23.0,0.64,-64.8,-51.6,28.1,59.0,-91.6,0.6,1.0,136.0,0
D005255,4.9,1226.0,1.06,29.5,0.49,-65.9,-50.7,22.5,44.0,-95.6,5.3,0.0,121.0,1
D005256,5.5,1194.0,1.11,27.0,0.56,-65.9,-51.4,24.1,41.0,-95.9,6.8,0.0,136.0,1
D005257,4.9,1219.0,1.04,31.0,0.44,-66.6,-50.0,24.1,44.0,,10.4,0.0,127.0,1
D005258,4.8,1125.0,1.11,28.0,0.48,-65.6,-48.9,24.8,42.0,-96.1,6.1,0.0,129.0,1
D005259,5.2,1308.0,1.31,39.0,0.36,-60.8,-52.2,24.9,37.0,-90.3,6.0,0.0,141.0,1
D005260,4.8,1202.0,1.17,29.0,0.45,-65.0,-48.4,21.7,44.0,-97.0,9.8,1.0,138.0,1
D005261,3.2,1052.0,1.28,29.0,0.36,,-48.4,28.8,56.0,-94.9,1.3,1.0,143.0,0
D005262,4.7,1155.0,1.11,25.5,0.52,-66.0,-49.6,26.4,46.0,-94.6,4.2,1.0,124.0,0
D005263,6.4,1254.0,1.22,37.5,0.61,-63.9,-45.6,20.9,30.0,-98.8,4.1,0.0,144.0,1
D005264,5.2,1266.0,1.2,30.0,0.45,-66.2,-50.7,24.1,40.0,-95.1,7.3,0.0,118.0,1
D005265,3.8,1361.0,1.05,28.5,0.63,-65.4,-51.4,26.6,54.0,-97.3,7.5,1.0,106.0,0
D005266,3.5,1129.0,1.52,24.0,0.65,-69.5,-47.9,29.9,59.0,-93.0,6.7,0.0,103.0,0
D005267,4.5,1191.0,1.02,29.0,0.46,-65.1,-50.7,25.2,42.0,-93.3,11.3,1.0,122.0,1
D005268,5.0,1222.0,1.14,26.0,0.45,-65.4,-48.5,24.1,42.0,-95.6,6.5,0.0,131.0,1
D005269,4.8,1242.0,1.04,28.0,0.47,-66.0,-49.5,22.7,45.0,-97.0,7.6,0.0,135.0,1
D005270,3.1,1008.0,1.1,22.0,0.63,-69.8,-51.8,27.3,33.0,-90.6,8.2,0.0,112.0,0
D005271,5.9,1018.0,1.45,33.0,0.52,-63.6,-47.0,29.4,59.0,-97.6,19.0,1.0,122.0,0
D005272,4.4,1132.0,1.09,29.5,0.54,-65.0,-49.6,23.8,41.0,-95.1,,0.0,123.0,1
D005273,6.1,1084.0,1.47,36.0,0.61,-65.5,-54.5,21.6,53.0,-93.9,6.4,1.0,150.0,1
D005274,4.0,1190.0,1.02,29.5,0.43,-65.0,-50.5,24.1,40.0,-96.5,8.7,0.0,124.0,1
D005275,6.1,1357.0,1.42,22.5,0.58,-68.0,-49.5,26.0,51.0,-97.3,23.9,0.0,112.0,0
D005276,,1185.0,1.08,30.5,0.46,-65.3,-49.2,24.5,43.0,-94.9,3.5,1.0,129.0,1
D005277,6.7,1201.0,1.09,30.0,0.54,-69.2,-45.5,25.8,32.0,-92.9,13.4,1.0,107.0,1
D005278,4.8,1183.0,0.99,30.0,0.53,-64.7,-49.2,25.4,48.0,-96.6,6.2,1.0,125.0,1
D005279,4.9,1212.0,1.11,30.0,0.5,-65.8,-50.0,22.8,45.0,-95.3,6.8,1.0,128.0,0
D005280,5.0,1187.0,1.13,28.5,0.43,-63.8,-49.2,23.8,47.0,-95.4,11.2,1.0,137.0,1
D005281,4.6,1271.0,1.16,28.0,0.38,-65.2,-48.7,24.1,45.0,-93.7,,0.0,133.0,1
D005282,6.7,1027.0,1.19,35.5,0.48,-68.0,-47.4,28.1,58.0,-90.9,5.4,1.0,107.0,1
D005283,5.0,1132.0,1.04,28.5,0.52,-63.9,,24.0,39.0,-97.3,6.5,1.0,122.0,1
D005284,6.3,1175.0,0.83,27.5,0.5,-67.6,-45.6,21.8,36.0,-98.7,9.5,1.0,139.0,1
D005285,4.8,1201.0,0.91,32.5,0.45,-65.0,-48.5,23.5,44.0,-95.6,9.8,1.0,125.0,1
D005286,4.4,1155.0,1.06,26.5,0.44,-65.0,-50.6,24.5,48.0,-95.9,4.1,1.0,126.0,1
D005287,5.3,1199.0,1.05,30.5,0.45,-65.0,-49.1,23.6,44.0,-95.2,7.4,0.0,128.0,1
D005288,5.6,1153.0,1.19,29.0,0.43,-65.1,-48.7,22.3,44.0,-93.9,7.9,1.0,124.0,1
D005289,4.1,1198.0,1.19,28.0,0.51,-64.4,-50.1,22.9,43.0,-97.2,11.5,0.0,120.0,1
D005290,5.1,1158.0,0.98,26.0,0.51,-64.5,-51.7,23.6,45.0,-95.1,9.6,0.0,132.0,1
D005291,4.7,1237.0,1.12,26.5,0.47,-64.5,-50.0,24.4,44.0,-95.7,12.5,0.0,134.0,1
D005292,4.8,1221.0,1.11,28.5,0.44,-65.9,-50.8,23.2,,-94.7,6.8,1.0,142.0,1
D005293,5.0,1282.0,1.19,25.0,0.44,-65.2,-49.5,22.6,42.0,-97.3,6.4,0.0,122.0,1
D005294,5.0,1157.0,1.3,25.0,0.54,-65.6,-50.0,24.6,39.0,-96.3,11.6,0.0,128.0,1
D005295,5.0,1195.0,1.01,28.5,0.58,-65.4,-49.8,,47.0,,7.0,0.0,130.0,1
D005296,6.2,1349.0,1.29,30.5,0.57,-62.9,-52.1,23.2,54.0,-91.8,11.9,1.0,146.0,1
D005297,4.9,1197.0,0.97,29.5,0.48,-65.7,-49.1,23.4,47.0,-95.4,11.8,0.0,130.0,1
D005298,4.9,1220.0,1.19,28.5,0.46,-65.3,-50.9,22.3,41.0,-95.0,11.7,1.0,135.0,1
D005299,4.6,1179.0,1.0,29.0,0.48,-65.3,-48.1,25.1,42.0,-95.3,9.0,0.0,134.0,1
D005300,4.6,1116.0,1.11,31.5,0.45,-65.7,-49.3,24.1,43.0,-95.9,8.7,1.0,125.0,1
D005301,4.6,1207.0,1.06,27.5,0.48,-65.2,-49.2,24.9,44.0,-95.6,9.0,0.0,122.0,1
D005302,4.3,1167.0,1.2,30.0,0.47,-65.3,-49.7,24.0,46.0,-95.1,10.0,1.0,136.0,1
D005303,5.2,1237.0,1.08,31.5,0.46,-65.4,-49.0,23.2,43.0,-97.3,8.5,1.0,137.0,0
D005304,5.1,1149.0,1.12,28.0,0.48,-66.2,-49.6,23.8,46.0,-95.2,9.6,0.0,129.0,1
D005305,4.5,1125.0,1.12,26.5,0.56,-64.8,-49.2,24.5,43.0,-96.6,8.2,1.0,135.0,1
D005306,4.4,1178.0,1.07,26.5,0.48,-64.9,-51.0,22.8,47.0,-95.8,7.7,0.0,132.0,1
D005307,4.7,1233.0,1.1,30.5,0.45,-65.5,-49.0,23.9,39.0,-96.7,8.6,1.0,122.0,1
D005308,3.5,1364.0,0.99,34.5,0.66,-68.4,-45.5,27.2,52.0,-94.1,20.0,0.0,115.0,0
D005309,3.3,1290.0,1.57,34.0,0.36,-65.7,-54.2,29.6,45.0,-91.0,,1.0,109.0,0
D005310,5.3,1167.0,1.1,25.0,0.48,-65.4,-49.8,25.1,43.0,-95.5,9.4,0.0,122.0,1
D005311,3.4,1103.0,1.17,22.5,0.32,-65.8,-47.5,25.6,41.0,-97.6,6.9,1.0,124.0,0
D005312,5.2,1218.0,1.13,28.0,0.48,-69.0,-50.5,23.8,45.0,-95.7,4.7,0.0,131.0,1
D005313,5.3,1205.0,1.04,28.0,0.51,-64.2,-49.1,23.8,44.0,-95.0,,1.0,131.0,1
D005314,5.0,1171.0,0.96,32.0,0.5,-67.3,-49.4,23.4,41.0,-95.6,11.7,1.0,119.0,1
D005315,4.8,1164.0,1.42,38.5,0.55,-61.6,-50.5,27.0,55.0,-98.9,4.9,1.0,143.0,1
D005316,4.4,1176.0,1.17,26.5,0.44,-64.9,,23.4,43.0,-96.2,,0.0,127.0,1
D005317,5.2,1161.0,1.21,30.5,0.41,-64.6,-50.2,24.1,45.0,-96.9,11.1,0.0,136.0,1
D005318,5.4,1199.0,1.14,30.5,0.44,-65.4,-50.6,23.9,48.0,-94.9,9.3,1.0,123.0,1
D005319,5.3,1134.0,0.91,25.5,0.46,-65.4,-49.1,25.5,44.0,-94.9,10.2,1.0,125.0,1
D005320,4.6,1178.0,1.13,29.5,0.48,-66.1,-49.2,24.1,47.0,-95.4,9.2,1.0,122.0,1
D005321,5.0,1101.0,1.12,31.5,0.52,-65.9,-50.6,23.4,41.0,-95.4,8.5,0.0,133.0,1
D005322,6.2,1085.0,1.42,22.5,0.4,-68.5,-54.3,27.0,55.0,-93.8,,0.0,148.0,0
D005323,5.6,1351.0,0.96,31.0,0.67,-61.2,-47.5,23.7,44.0,-94.3,22.9,0.0,106.0,0
D005324,4.9,1163.0,1.1,31.5,0.42,-65.9,-48.7,24.2,45.0,-95.8,8.2,1.0,124.0,1
D005325,3.7,1023.0,1.24,27.0,0.59,-65.3,-47.2,20.8,30.0,-94.5,19.7,1.0,108.0,0
D005326,4.2,1156.0,,27.0,0.51,-65.8,-47.3,20.9,42.0,-97.5,14.0,0.0,146.0,1
D005327,6.7,1327.0,1.42,39.0,0.31,-62.7,-49.8,21.2,44.0,-92.6,1.8,1.0,148.0,1
D005328,4.9,1221.0,1.11,28.0,0.51,-64.5,-49.7,24.7,44.0,-95.8,10.2,0.0,125.0,1
D005329,6.6,1274.0,0.87,37.5,0.66,-67.1,-48.3,21.0,49.0,-97.0,4.5,0.0,113.0,1
D005330,5.3,1136.0,1.14,27.5,0.48,-66.4,-50.0,25.1,50.0,-95.4,11.6,0.0,129.0,1
D005331,3.7,,1.49,28.5,0.68,-61.9,-48.8,28.4,45.0,-97.4,18.0,0.0,131.0,0
D005332,4.7,1099.0,1.1,27.0,0.51,,-49.8,25.1,41.0,-94.2,8.2,1.0,129.0,1
D005333,5.7,1074.0,1.43,32.0,0.63,-64.1,-46.4,22.8,49.0,-90.0,21.9,0.0,124.0,0
D005334,4.9,1206.0,1.18,32.0,0.43,-67.7,-50.6,23.5,45.0,-94.8,11.4,1.0,125.0,1
D005335,,1335.0,1.06,22.5,0.67,-65.1,-51.7,21.7,49.0,-96.7,8.2,1.0,150.0,1
D005336,4.8,1182.0,0.98,26.5,0.45,-65.2,-49.2,24.1,46.0,-93.2,7.9,0.0,130.0,1
D005337,5.0,1125.0,1.12,33.0,0.44,-65.4,-50.6,25.2,40.0,-96.6,10.6,0.0,129.0,1
D005338,4.9,1197.0,1.3,32.0,0.51,-65.4,-49.8,25.6,44.0,-95.7,8.0,0.0,127.0,1
D005339,6.1,1120.0,1.41,24.5,0.37,-67.0,-46.2,26.3,38.0,-98.1,21.9,0.0,140.0,1
D005340,4.4,1192.0,1.05,23.0,0.56,-67.3,,24.0,46.0,-97.5,3.4,1.0,125.0,0
D005341,4.3,1245.0,1.02,30.0,0.39,-65.8,-49.2,23.6,49.0,-94.2,8.8,0.0,135.0,1
D005342,4.7,1156.0,1.06,32.5,0.5,-67.2,-50.9,25.2,39.0,-94.2,10.5,,125.0,1
D005343,4.9,1173.0,1.15,28.5,0.48,-65.4,-50.0,22.4,41.0,-95.6,8.4,1.0,128.0,1
D005344,3.2,1005.0,0.96,33.0,0.32,-67.6,-49.1,28.9,34.0,-96.8,7.4,1.0,105.0,0
D005345,3.8,1134.0,0.87,39.0,0.68,-67.7,-51.7,25.8,55.0,-93.1,17.7,0.0,108.0,0
D005346,5.5,1190.0,0.99,29.0,0.46,-65.1,-49.8,25.3,47.0,-96.1,6.2,0.0,124.0,1
D005347,5.5,1212.0,1.0,29.5,0.5,-64.8,-49.9,23.7,49.0,-96.6,12.5,0.0,132.0,1
D005348,4.9,1159.0,1.07,30.5,0.47,-65.1,-49.5,25.0,47.0,-94.8,8.3,1.0,134.0,1
D005349,4.3,1179.0,1.17,27.0,0.48,-64.8,-49.9,23.6,47.0,-96.0,6.1,,129.0,0
D005350,4.6,1186.0,1.13,25.0,0.55,-67.1,-51.0,24.2,42.0,-93.7,7.5,1.0,138.0,0
D005351,3.8,1141.0,0.87,24.0,0.57,-63.9,-48.2,21.5,51.0,-96.4,22.4,0.0,116.0,0
D005352,4.6,1212.0,1.11,30.0,0.54,-67.1,-50.9,26.2,39.0,-95.0,6.9,0.0,122.0,1
D005353,3.6,1352.0,1.26,33.0,0.52,-65.2,-48.8,25.2,60.0,-96.4,7.0,0.0,124.0,1
D005354,4.9,1167.0,1.16,30.5,0.43,-66.3,-50.3,24.6,40.0,-94.9,7.9,0.0,129.0,1
D005355,4.9,1186.0,1.04,33.5,0.41,-65.1,-48.9,24.5,44.0,-96.3,6.1,0.0,139.0,1
D005356,5.1,1120.0,,22.5,0.32,-61.8,-50.3,,41.0,-98.4,6.7,,142.0,0
D005357,6.2,1120.0,1.45,24.0,0.43,-63.2,-47.3,29.0,45.0,-97.4,22.2,1.0,142.0,0
D005358,4.9,,1.14,27.0,0.45,-66.0,-50.1,24.2,48.0,-95.5,8.1,1.0,130.0,1
D005359,3.5,1320.0,0.85,21.0,0.34,-61.5,-45.1,20.6,40.0,-94.1,17.4,1.0,144.0,0
D005360,4.9,1164.0,1.23,31.0,0.48,-66.8,-49.5,23.2,39.0,-96.1,8.5,1.0,125.0,0
D005361,5.4,1190.0,1.02,28.5,0.46,-65.6,-49.8,22.6,46.0,-95.7,9.3,1.0,130.0,1
D005362,5.5,1188.0,1.14,28.0,0.45,-63.5,-50.6,20.5,55.0,-97.1,16.3,1.0,150.0,0
D005363,5.2,1236.0,1.21,31.0,0.49,-67.1,-49.5,23.9,47.0,-97.1,2.3,1.0,123.0,1
D005364,5.2,1318.0,1.16,21.5,0.59,-62.6,-54.8,29.1,34.0,-96.8,20.2,1.0,117.0,0
D005365,3.9,1165.0,1.19,26.5,0.44,-66.6,-48.6,21.3,41.0,-96.6,7.4,1.0,126.0,1
D005366,4.4,1106.0,1.29,27.0,0.5,-67.1,-49.3,24.3,43.0,-95.8,12.6,0.0,136.0,1
D005367,4.2,1177.0,1.08,27.5,0.5,-65.8,-50.3,23.6,43.0,-94.7,14.3,0.0,122.0,1
D005368,4.6,1241.0,1.02,29.0,0.42,-65.7,-49.0,24.7,44.0,-95.4,9.2,1.0,120.0,1
D005369,5.2,1184.0,,26.5,0.52,-65.4,-50.7,24.9,41.0,-95.2,8.3,1.0,132.0,1
D005370,3.5,1275.0,1.1,30.0,0.31,-69.5,-45.5,29.0,44.0,-96.5,23.8,0.0,130.0,0
D005371,4.4,1099.0,0.99,,0.4,-67.1,-50.0,23.4,47.0,-95.9,5.8,1.0,132.0,1
D005372,4.3,1186.0,1.01,24.0,0.5,-65.1,-49.5,26.0,43.0,-95.4,8.1,0.0,132.0,1
D005373,6.6,1145.0,1.36,35.0,0.4,-68.3,-54.1,21.1,47.0,-98.9,18.3,0.0,140.0,1
D005374,4.1,1164.0,1.11,27.5,0.49,-66.0,-50.7,24.6,42.0,-93.6,6.3,0.0,128.0,1
D005375,4.8,,0.88,39.0,0.38,-68.2,-46.4,22.6,52.0,-91.0,2.0,0.0,121.0,1
D005376,4.8,1171.0,1.04,29.0,0.47,-65.5,-51.5,23.8,42.0,-95.7,8.0,1.0,135.0,1
D005377,5.0,1371.0,1.07,30.5,0.56,-63.2,-51.5,24.1,33.0,-93.1,6.1,1.0,107.0,1
D005378,5.0,1179.0,1.17,24.5,,-65.0,-51.1,29.8,43.0,-96.3,23.8,0.0,144.0,0
D005379,5.0,1202.0,1.06,30.0,0.49,-66.0,-49.2,24.1,46.0,-92.9,8.7,1.0,130.0,0
D005380,5.1,1187.0,1.0,30.0,0.42,-65.1,-50.4,24.3,47.0,-96.4,9.0,1.0,125.0,1
D005381,4.3,1089.0,0.97,36.5,0.33,-64.0,-48.4,27.8,,-90.7,8.0,1.0,144.0,0
D005382,5.1,1285.0,0.92,24.0,0.67,-61.5,-48.8,24.3,45.0,-90.1,9.8,1.0,145.0,0
D005383,5.1,1151.0,1.05,26.5,0.47,-65.4,-49.1,21.7,42.0,-94.7,10.8,1.0,135.0,1
D005384,,1225.0,1.19,28.0,0.54,-65.8,-50.2,24.0,42.0,-94.4,9.9,1.0,131.0,1
D005385,4.8,1182.0,1.06,28.5,0.47,-65.3,-49.0,24.6,40.0,-96.0,6.8,1.0,129.0,1
D005386,4.2,1185.0,1.1,28.5,0.47,-66.5,-50.7,24.9,43.0,-93.7,10.0,0.0,128.0,1
D005387,5.3,1054.0,0.9,29.0,0.32,-66.0,-52.8,30.0,52.0,-96.5,9.8,0.0,134.0,0
D005388,5.0,1118.0,1.11,31.0,0.45,-67.2,-50.8,23.1,36.0,-95.5,4.7,0.0,123.0,1
D005389,4.3,1223.0,0.99,31.0,0.45,-65.7,-50.4,26.7,40.0,-95.5,6.8,0.0,132.0,1
D005390,4.5,1219.0,1.14,28.0,0.46,-64.1,-47.9,24.2,43.0,-96.3,8.8,0.0,124.0,0
D005391,4.9,1134.0,1.09,28.0,0.43,-65.8,-51.5,24.8,48.0,-94.9,8.0,1.0,131.0,1
D005392,4.9,1213.0,1.08,28.5,0.49,-66.0,-49.7,24.2,43.0,-95.6,5.0,1.0,127.0,1
D005393,3.4,1399.0,1.07,40.0,0.5,-63.8,-51.6,25.9,45.0,-94.6,13.4,1.0,115.0,0
D005394,6.0,1163.0,1.0,38.5,0.7,-68.6,-54.1,28.7,43.0,-93.3,7.9,1.0,104.0,0
D005395,4.8,1148.0,0.92,30.5,0.49,-65.8,-49.4,24.2,45.0,-95.7,7.0,1.0,123.0,1
D005396,4.4,1212.0,1.01,29.5,0.53,-64.7,-48.7,23.5,44.0,-95.1,7.2,0.0,134.0,1
D005397,4.9,1283.0,0.97,23.0,0.39,-62.4,-54.2,29.0,50.0,-96.9,19.6,0.0,142.0,0
D005398,5.5,1094.0,1.07,28.0,0.52,-66.1,-50.8,,43.0,-96.2,12.1,1.0,124.0,1
D005399,4.7,1196.0,1.09,27.0,0.45,-64.1,-51.7,25.5,46.0,-96.1,6.9,0.0,133.0,1
D005400,5.3,1161.0,1.01,31.5,0.58,-65.5,-50.5,25.8,43.0,-95.1,11.8,0.0,139.0,1
D005401,5.1,1177.0,1.12,28.5,0.42,-67.0,-47.6,24.1,44.0,-93.7,6.5,0.0,127.0,0
D005402,5.0,1203.0,0.97,30.0,0.43,-64.7,-52.2,24.5,46.0,-96.9,5.3,0.0,131.0,1
D005403,4.8,1163.0,0.84,28.5,0.5,-66.6,-50.7,23.9,52.0,-96.1,5.7,0.0,127.0,1
D005404,4.7,1130.0,1.14,30.5,,-64.5,-49.3,24.4,41.0,-96.3,9.6,0.0,121.0,1
D005405,5.3,1228.0,1.15,30.5,0.47,-65.6,-50.3,23.2,44.0,-96.3,8.5,0.0,129.0,1
D005406,5.1,1234.0,0.91,31.0,0.62,-66.7,-47.9,20.3,38.0,-93.7,1.2,0.0,146.0,1
D005407,6.7,,1.08,33.5,0.59,-68.8,-48.5,25.1,59.0,-96.8,20.2,0.0,116.0,1
D005408,4.5,1190.0,1.13,29.0,0.53,-64.0,-50.3,25.5,44.0,-95.6,13.7,0.0,130.0,1
D005409,4.6,1205.0,1.12,27.0,0.41,-65.1,-50.5,22.9,42.0,-93.1,10.3,0.0,123.0,0
D005410,4.8,1218.0,1.59,40.0,0.52,-63.6,-46.4,28.8,35.0,-94.3,7.2,1.0,114.0,0
D005411,4.6,1363.0,1.2,27.0,0.36,-60.9,-50.0,24.8,51.0,-97.9,,0.0,128.0,0
D005412,6.1,1018.0,1.48,21.5,,-61.1,-48.3,22.7,43.0,-97.4,18.7,1.0,134.0,0
D005413,4.8,1175.0,1.14,29.5,0.47,-64.9,-48.7,25.0,42.0,-94.9,12.8,0.0,124.0,1
D005414,6.1,1021.0,0.81,34.0,0.32,-66.7,-53.2,27.3,31.0,-99.5,8.4,1.0,126.0,1
D005415,4.7,1339.0,1.55,35.5,0.63,-68.8,-51.3,23.9,37.0,-98.1,22.7,0.0,122.0,1
D005416,5.0,1168.0,1.23,31.5,0.48,-66.0,-52.0,23.7,46.0,-95.3,10.1,1.0,129.0,1
D005417,4.3,1182.0,1.19,31.5,0.51,-64.0,-49.1,24.7,46.0,-93.1,11.1,0.0,134.0,1
D005418,3.5,1039.0,1.32,36.5,0.46,-68.0,-50.6,28.7,57.0,-98.2,11.0,1.0,117.0,0
D005419,4.9,1162.0,1.15,28.0,0.38,-65.6,-49.0,24.9,46.0,-96.7,12.9,0.0,132.0,0
D005420,4.8,1138.0,0.95,29.5,0.39,-64.8,-50.5,24.1,46.0,-95.4,9.1,1.0,126.0,0
D005421,4.5,1205.0,0.94,20.0,0.53,-68.7,-46.2,21.0,33.0,-94.3,13.7,0.0,125.0,0
D005422,4.3,1102.0,1.12,26.0,0.52,-66.9,-49.8,23.9,49.0,-97.9,7.8,0.0,127.0,1
D005423,4.8,1180.0,1.02,29.5,0.47,-65.1,-48.9,22.2,46.0,-96.4,13.8,1.0,127.0,0
D005424,6.9,1072.0,1.22,26.5,0.37,-60.5,-50.4,27.3,59.0,-95.2,22.3,0.0,143.0,0
D005425,4.1,1153.0,1.08,30.5,0.49,-65.7,-49.2,22.5,43.0,-94.4,10.5,0.0,121.0,1
D005426,4.4,1215.0,1.07,31.0,0.42,-65.4,-51.9,25.2,47.0,-94.6,9.3,1.0,132.0,1
D005427,4.7,1197.0,1.08,26.5,0.47,-66.0,-50.1,24.7,44.0,-96.4,10.3,0.0,129.0,0
D005428,4.7,1211.0,1.14,27.5,0.51,-65.0,-50.4,23.8,,-95.7,13.5,1.0,123.0,0
D005429,4.1,1194.0,1.16,27.5,0.49,-64.5,-49.7,23.9,41.0,-95.3,7.5,1.0,135.0,0
D005430,4.3,1205.0,1.16,30.5,0.49,-66.4,-50.0,23.5,44.0,-96.6,10.5,1.0,124.0,1
D005431,4.2,1021.0,1.07,31.5,0.52,-67.6,-54.9,28.9,,-96.2,8.7,0.0,113.0,0
D005432,4.8,1191.0,1.18,29.5,0.46,-65.6,-49.4,24.9,45.0,-95.8,6.6,1.0,132.0,1
D005433,5.6,1120.0,0.85,29.5,0.49,-65.4,-49.4,24.5,40.0,-96.2,11.4,0.0,124.0,1
D005434,4.1,1332.0,1.48,21.0,0.34,-62.5,-47.1,29.0,38.0,-90.8,22.7,1.0,108.0,0
D005435,5.7,1168.0,1.05,30.0,0.5,-65.0,-48.5,23.0,46.0,-96.3,5.2,0.0,130.0,1
D005436,4.7,1217.0,1.17,30.0,0.49,-66.1,-51.7,24.0,41.0,-96.5,6.7,0.0,126.0,1
D005437,6.9,1251.0,1.28,22.5,0.5,-60.1,-45.7,24.1,48.0,-93.9,0.4,1.0,129.0,1
D005438,5.0,1081.0,1.0,29.5,0.35,-67.9,-46.8,26.8,53.0,-94.6,22.8,1.0,105.0,0
D005439,4.5,1143.0,1.01,28.0,0.41,-64.7,-52.3,23.2,,-94.8,9.2,0.0,129.0,1
D005440,5.6,1135.0,1.21,30.0,0.49,-65.7,-50.2,24.4,43.0,-96.0,6.1,0.0,132.0,1
D005441,4.9,1159.0,1.16,30.5,0.5,-66.8,-50.8,23.5,50.0,-95.4,,1.0,127.0,1
D005442,4.6,1175.0,0.89,38.0,0.61,-69.0,-51.6,20.7,43.0,-91.6,22.5,0.0,108.0,0
D005443,4.5,1142.0,1.2,28.5,0.51,-64.8,-50.1,24.6,41.0,-95.6,9.3,0.0,116.0,0
D005444,5.7,1224.0,1.16,30.5,0.52,-67.1,-48.4,24.4,40.0,-95.7,12.7,1.0,124.0,1
D005445,5.0,1220.0,1.06,31.0,0.51,-65.9,-47.1,24.5,44.0,-94.1,7.2,1.0,135.0,0
D005446,4.8,1150.0,1.12,28.5,0.51,-65.9,-48.3,22.9,47.0,-96.0,9.5,1.0,126.0,1
D005447,5.0,1173.0,1.01,30.5,0.5,-64.2,-48.8,23.6,46.0,-95.8,7.3,0.0,128.0,1
D005448,4.9,1193.0,1.07,26.0,0.48,-67.1,-50.7,23.9,47.0,-94.6,3.9,0.0,134.0,1
D005449,5.0,1299.0,1.17,30.5,0.57,-68.9,-51.2,26.6,51.0,-94.2,14.9,0.0,141.0,1
D005450,7.0,1027.0,1.54,39.0,0.49,-68.3,-49.2,21.4,45.0,-93.6,6.4,1.0,141.0,1
D005451,6.1,1170.0,1.03,32.5,0.44,-63.5,-53.2,23.4,33.0,-91.7,2.1,1.0,107.0,1
D005452,6.6,1337.0,1.26,24.5,0.37,-62.1,-52.1,23.1,30.0,-93.8,18.6,1.0,117.0,0
D005453,5.0,1145.0,1.11,31.0,0.5,-65.1,-51.1,24.8,49.0,-95.5,11.5,0.0,125.0,1
D005454,5.6,1192.0,1.04,28.5,0.46,-64.4,-49.2,24.5,48.0,-95.0,10.8,0.0,130.0,1
D005455,4.9,1183.0,1.07,26.5,0.49,-65.0,-49.3,22.9,47.0,-95.2,10.4,1.0,136.0,1
D005456,4.9,1152.0,1.17,28.5,0.5,-65.4,-51.1,25.3,39.0,-94.9,11.4,0.0,132.0,1
D005457,5.9,1293.0,1.05,28.5,0.54,-62.3,-52.1,29.2,54.0,-94.3,6.0,1.0,128.0,0
D005458,4.3,1111.0,1.37,36.5,0.51,-61.3,-52.0,27.4,54.0,-93.7,3.7,1.0,103.0,0
D005459,4.4,1160.0,1.15,21.5,0.4,-63.9,-45.6,20.6,55.0,-98.0,19.9,1.0,109.0,0
D005460,4.5,1267.0,1.01,20.5,0.6,-65.2,-47.9,22.8,52.0,-95.3,11.7,0.0,111.0,0
D005461,4.3,1255.0,1.1,27.5,0.44,-64.0,-49.4,24.2,43.0,-96.1,12.7,0.0,131.0,0
D005462,5.2,1169.0,1.29,30.0,0.46,-66.8,-51.3,24.8,44.0,-95.3,9.6,0.0,127.0,1
D005463,5.6,1341.0,0.82,37.5,0.6,-62.9,-51.5,27.7,37.0,-95.2,19.0,1.0,112.0,0
D005464,4.9,1143.0,1.07,28.0,0.46,-65.5,-50.7,24.8,49.0,-94.8,10.3,1.0,122.0,1
D005465,4.3,1340.0,1.56,26.0,0.33,-60.4,-54.8,26.7,38.0,-95.5,20.1,1.0,115.0,0
D005466,5.2,1037.0,1.23,36.0,0.45,-64.7,,21.5,47.0,-94.3,5.1,0.0,146.0,1
D005467,5.0,1006.0,1.31,34.0,0.6,-68.5,-54.3,26.1,47.0,-98.8,16.0,1.0,136.0,1
D005468,6.0,1315.0,0.83,25.5,0.46,-60.4,-52.3,27.4,39.0,-94.0,8.6,0.0,106.0,1
D005469,4.4,1064.0,1.55,24.5,0.42,-61.4,-45.4,22.1,47.0,-91.2,17.2,1.0,148.0,0
D005470,6.7,1319.0,0.83,20.5,0.7,-62.5,-51.5,24.8,56.0,-90.7,13.9,1.0,138.0,0
D005471,4.8,1167.0,1.08,28.0,0.51,-65.3,-50.4,23.3,42.0,-95.9,,0.0,127.0,1
D005472,3.2,1353.0,1.47,27.0,0.63,-69.0,-49.1,26.1,57.0,-91.0,7.5,0.0,132.0,0
D005473,5.0,1174.0,1.14,28.0,0.38,-65.1,-49.1,22.2,42.0,-95.5,4.7,0.0,134.0,1
D005474,5.3,1389.0,1.18,27.5,0.49,-66.6,-51.1,,55.0,-92.7,10.9,1.0,113.0,1
D005475,4.0,1206.0,0.85,28.5,0.36,-69.8,-48.1,25.2,59.0,-93.0,22.8,1.0,110.0,0
D005476,3.1,1373.0,1.29,29.0,0.62,-62.5,-54.7,23.7,56.0,-96.7,5.1,0.0,129.0,0
D005477,4.7,1195.0,1.17,31.0,0.43,-66.1,-49.5,24.8,44.0,-96.2,9.5,1.0,127.0,1
D005478,4.3,1237.0,0.82,20.5,0.38,-66.1,-48.2,28.0,54.0,-93.8,2.8,0.0,103.0,0
D005479,5.6,1154.0,1.14,30.0,0.49,-66.3,-50.5,25.8,41.0,-96.5,6.1,1.0,,1
D005480,4.1,1198.0,1.04,25.0,0.52,-66.5,-50.8,23.4,46.0,-95.7,7.8,0.0,129.0,1
D005481,4.5,1218.0,0.83,20.0,0.53,-69.4,-46.6,28.5,49.0,-93.0,22.5,0.0,117.0,0
D005482,,1368.0,0.88,24.0,0.43,-67.8,-50.3,23.8,56.0,-97.2,20.9,0.0,105.0,0
D005483,5.0,1177.0,1.14,30.0,0.51,-66.4,-49.3,24.0,44.0,-95.7,8.2,1.0,125.0,0
D005484,5.8,1193.0,1.06,26.0,0.5,-66.1,-49.7,24.2,41.0,-95.2,4.0,0.0,125.0,1
D005485,4.5,1188.0,1.03,27.0,0.38,-64.7,-50.1,22.4,47.0,-94.2,6.6,1.0,128.0,0
D005486,5.6,1139.0,,28.0,0.51,-66.9,-49.4,23.8,42.0,-96.2,10.1,1.0,129.0,1
D005487,3.5,1004.0,1.2,28.5,0.53,-61.6,-47.8,22.5,39.0,-97.2,17.0,1.0,126.0,0
D005488,4.5,1135.0,1.06,28.5,0.49,-65.3,-50.1,25.2,43.0,-96.7,10.1,1.0,124.0,1
D005489,4.9,1173.0,1.05,28.0,0.46,-64.8,-51.8,25.0,45.0,-93.9,10.6,0.0,126.0,1
D005490,6.5,1190.0,1.14,30.5,0.4,-63.1,-45.1,20.8,44.0,-94.1,,1.0,126.0,1
D005491,4.8,1275.0,1.03,29.0,0.4,-64.2,-49.9,22.6,43.0,-96.3,7.3,1.0,125.0,0
D005492,3.5,1217.0,0.99,33.0,0.53,-66.5,-45.9,27.2,56.0,-99.7,8.6,0.0,104.0,1
D005493,4.7,1145.0,1.13,27.0,0.45,-65.7,-49.3,23.5,45.0,-97.2,12.4,0.0,120.0,1
D005494,5.1,1187.0,0.93,27.0,0.44,-65.6,-49.8,24.3,40.0,-95.0,15.4,0.0,136.0,1
D005495,3.6,1266.0,1.19,21.5,0.46,-68.4,-53.4,28.4,45.0,-95.5,2.9,1.0,145.0,0
D005496,6.7,1361.0,0.95,36.5,0.5,-62.5,-52.9,28.2,37.0,-91.1,1.2,1.0,112.0,1
D005497,4.6,1171.0,1.1,26.0,0.43,-65.2,-49.1,23.7,45.0,-92.8,11.6,0.0,131.0,1
D005498,4.7,1179.0,1.08,29.5,0.49,-65.9,-51.0,22.7,50.0,-94.6,6.3,0.0,139.0,1
D005499,4.5,1137.0,1.25,28.5,0.44,-65.4,-49.4,23.1,42.0,-94.2,8.8,0.0,135.0,1
D005500,5.1,1162.0,1.21,27.5,0.49,-64.3,-51.3,23.2,45.0,-95.3,3.5,0.0,135.0,1
D005501,5.2,1177.0,1.15,28.0,0.49,-66.5,-51.2,23.1,48.0,-96.3,9.8,0.0,129.0,1
D005502,5.3,1150.0,1.01,29.5,0.53,-67.1,-50.0,24.7,40.0,-94.8,10.2,1.0,134.0,1
D005503,4.7,1177.0,1.02,27.5,0.52,-66.5,-50.1,23.3,31.0,-96.7,14.0,0.0,120.0,1
D005504,4.4,1141.0,1.03,27.0,0.49,-65.3,-50.7,26.1,43.0,-94.3,10.6,0.0,122.0,0
D005505,,1209.0,1.06,27.0,0.49,-65.9,-51.1,24.3,44.0,-94.4,9.6,0.0,130.0,1
D005506,5.9,1352.0,1.01,27.5,0.69,-62.8,-52.9,28.3,50.0,-95.5,,1.0,118.0,0
D005507,5.3,1125.0,0.98,27.0,0.42,-66.0,-50.4,24.0,45.0,-97.2,12.9,0.0,129.0,0
D005508,5.3,1183.0,1.06,31.5,0.49,-64.8,-50.3,25.9,49.0,-97.8,11.9,0.0,121.0,1
D005509,5.1,1214.0,1.23,28.5,0.52,-67.3,-50.6,24.3,43.0,-94.4,11.4,1.0,127.0,1
D005510,4.3,1169.0,1.0,31.5,0.49,-65.2,-51.0,24.3,48.0,-94.3,7.5,1.0,130.0,1
D005511,4.8,1118.0,1.1,27.5,0.46,-64.5,-48.8,25.0,44.0,-94.9,8.1,1.0,129.0,1
D005512,7.0,1302.0,1.1,32.0,0.33,-64.6,-49.5,20.2,35.0,-92.4,2.0,0.0,133.0,0
D005513,4.0,1149.0,1.07,31.5,0.46,-65.3,-51.4,24.7,46.0,-93.5,7.8,0.0,130.0,1
D005514,4.6,1309.0,1.33,22.5,0.47,-67.1,-49.0,20.7,57.0,-97.8,10.0,0.0,120.0,1
D005515,5.0,1198.0,0.84,34.5,0.68,-69.0,-49.3,29.2,49.0,-99.1,13.8,1.0,127.0,0
D005516,5.4,1100.0,1.06,39.5,0.45,-65.6,-45.7,21.1,55.0,-90.2,6.6,0.0,111.0,1
D005517,4.6,1188.0,0.95,32.0,0.47,-65.2,-50.4,23.9,39.0,-97.4,8.7,1.0,133.0,0
D005518,4.7,1183.0,1.09,32.5,0.54,-65.8,-50.6,23.8,45.0,-94.8,7.1,0.0,131.0,1
D005519,5.4,1236.0,1.19,26.0,0.55,-66.5,-49.9,22.6,42.0,-95.8,12.3,0.0,133.0,1
D005520,4.8,1218.0,1.6,28.5,0.42,-67.4,-50.9,20.3,38.0,-96.1,4.0,0.0,120.0,0
D005521,5.3,1160.0,1.15,24.0,0.52,-63.5,-48.9,23.9,41.0,-95.3,,1.0,126.0,0
D005522,4.1,1157.0,1.53,32.0,0.7,-68.0,-48.5,20.9,59.0,-99.7,21.7,1.0,113.0,0
D005523,4.9,1175.0,1.1,27.5,0.49,-64.1,-51.4,22.9,43.0,-96.5,4.6,1.0,,1
D005524,4.9,1213.0,1.11,27.5,0.51,-65.0,-50.2,23.5,41.0,-94.6,8.5,1.0,133.0,1
D005525,5.8,1357.0,0.94,37.5,0.35,-68.7,-53.4,26.7,55.0,-99.6,,1.0,114.0,1
D005526,4.5,1192.0,1.02,32.5,0.42,-65.0,-48.8,24.0,47.0,-96.4,6.0,1.0,123.0,1
D005527,6.2,1040.0,0.99,28.0,0.69,-61.5,-47.2,20.9,41.0,,20.7,1.0,150.0,0
D005528,4.8,1078.0,1.2,27.5,0.44,-63.9,-49.6,23.3,45.0,-94.5,7.7,1.0,135.0,0
D005529,5.5,1230.0,1.05,,0.55,-66.9,-51.1,24.2,43.0,-95.1,11.8,0.0,123.0,1
D005530,6.6,1288.0,1.09,34.5,0.65,-69.2,-49.0,20.8,60.0,-93.8,9.5,0.0,119.0,1
D005531,4.6,1156.0,1.24,28.0,0.46,-65.3,-51.1,24.0,46.0,-95.3,10.4,0.0,138.0,1
D005532,3.5,1151.0,1.38,,0.67,-65.4,-52.0,29.3,45.0,-93.6,11.0,1.0,136.0,0
D005533,4.5,1171.0,1.16,29.0,0.47,-65.1,-51.9,24.6,46.0,-95.2,11.3,0.0,,1
D005534,5.4,1247.0,0.92,30.0,0.43,-65.1,-51.2,24.4,45.0,-94.7,9.5,1.0,123.0,1
D005535,5.4,1317.0,1.43,35.5,0.41,-64.1,-51.1,21.6,34.0,-93.0,1.6,0.0,138.0,1
D005536,4.9,1163.0,1.15,27.0,0.49,-65.3,-51.1,23.0,45.0,-96.3,12.1,0.0,130.0,1
D005537,5.5,1127.0,1.13,26.0,0.49,-66.0,-49.0,24.5,44.0,-95.9,8.9,0.0,127.0,1
D005538,6.3,1247.0,1.48,37.5,0.58,-69.7,-46.4,23.5,59.0,-99.9,15.5,1.0,140.0,1
D005539,5.0,1154.0,1.12,28.5,0.5,-65.7,-51.6,24.4,45.0,-94.8,11.0,0.0,126.0,1
D005540,6.6,1027.0,1.0,24.0,0.31,-64.5,-48.9,27.0,59.0,-98.0,12.1,0.0,116.0,0
D005541,5.8,1257.0,1.03,37.0,0.35,-68.4,-52.8,26.7,37.0,-95.8,18.9,0.0,131.0,1
D005542,4.5,1160.0,1.08,,0.46,-64.4,-50.6,23.9,47.0,-94.9,11.1,1.0,130.0,1
D005543,5.5,1273.0,1.14,,0.69,-63.8,-54.8,22.5,59.0,-92.7,8.5,1.0,142.0,1
D005544,4.4,,1.14,27.0,0.53,-64.6,-49.1,,41.0,-97.5,11.3,0.0,135.0,1
D005545,4.0,1163.0,1.53,27.5,0.45,,-53.7,27.9,41.0,-97.9,7.6,1.0,134.0,1
D005546,6.7,1131.0,0.99,34.0,0.38,-62.4,,29.6,34.0,-94.8,7.8,1.0,137.0,1
D005547,4.5,1176.0,1.13,31.5,0.42,-66.2,-50.9,21.2,44.0,-95.1,11.8,1.0,126.0,1
D005548,5.0,1183.0,1.1,31.5,0.47,-67.7,-52.3,23.6,45.0,-96.9,,0.0,134.0,1
D005549,4.4,1207.0,1.15,30.5,0.52,-66.4,-48.9,23.4,39.0,-94.7,7.0,0.0,129.0,1
D005550,4.9,1172.0,1.16,27.5,0.47,-65.9,-49.7,24.8,45.0,-95.8,11.9,1.0,132.0,1
D005551,6.4,1124.0,0.92,22.0,0.44,-65.6,-52.1,22.1,52.0,-91.4,0.2,1.0,105.0,1
D005552,3.5,1386.0,0.83,38.0,0.35,-69.0,-53.6,27.5,52.0,-95.8,12.3,1.0,126.0,1
D005553,4.3,1127.0,1.23,29.5,0.51,-64.8,-51.1,24.1,46.0,-94.9,10.4,1.0,124.0,0
D005554,4.4,1194.0,1.14,28.5,0.57,-65.5,-49.7,24.7,45.0,-94.4,12.8,0.0,131.0,1
D005555,3.6,1196.0,0.91,26.5,0.34,-69.4,-50.1,24.2,56.0,-91.1,15.2,0.0,148.0,1
D005556,4.7,1154.0,1.13,29.0,0.46,-64.5,-50.9,25.0,44.0,-97.8,10.2,0.0,119.0,1
D005557,6.9,1391.0,1.56,37.5,0.53,-62.4,-51.7,23.7,31.0,-99.7,16.9,0.0,102.0,1
D005558,5.2,1168.0,1.13,28.0,0.43,-67.7,-50.3,22.7,46.0,-95.0,10.9,1.0,123.0,1
D005559,6.5,1141.0,1.58,39.0,0.68,-66.5,-46.9,22.4,54.0,-93.7,23.0,1.0,148.0,1
D005560,5.8,1162.0,1.12,30.5,0.52,-64.5,-48.9,24.6,39.0,-95.4,10.2,1.0,128.0,1
D005561,4.7,1072.0,1.11,29.0,0.48,-66.5,-51.8,25.9,44.0,-95.1,10.3,0.0,134.0,1
D005562,4.1,1233.0,1.23,25.5,0.5,-61.2,-51.7,22.7,50.0,-99.2,12.1,1.0,148.0,0
D005563,4.4,1066.0,0.87,31.0,0.6,-63.1,-46.3,22.1,52.0,-98.7,2.9,0.0,103.0,1
D005564,5.8,,1.04,27.5,0.44,-66.2,-50.9,24.5,44.0,-94.5,10.9,1.0,140.0,1
D005565,5.2,1133.0,1.0,31.0,0.48,-65.6,-49.5,24.2,44.0,-96.1,10.0,,128.0,1
D005566,4.7,1126.0,1.01,32.0,0.47,,-51.0,22.6,47.0,-96.5,8.6,1.0,126.0,1
D005567,4.8,,0.9,29.0,0.54,-67.0,-49.0,24.3,46.0,-94.6,10.5,1.0,129.0,1
D005568,4.2,1169.0,0.84,22.0,0.48,-68.2,-45.8,27.8,31.0,-99.9,3.9,1.0,126.0,1
D005569,4.9,1205.0,1.03,29.5,0.55,-66.6,-50.6,24.7,38.0,-95.4,9.1,0.0,116.0,1
D005570,4.9,1014.0,1.45,34.0,0.43,-67.8,-46.1,29.0,57.0,-93.5,12.4,,113.0,0
D005571,4.8,1032.0,1.0,21.0,0.51,-65.9,-47.7,24.7,34.0,-94.7,4.0,0.0,101.0,1
D005572,5.1,1063.0,1.37,27.5,0.68,-67.6,-54.3,22.0,35.0,-95.5,15.1,1.0,144.0,0
D005573,5.3,1207.0,1.11,32.0,0.48,-67.2,-50.5,24.3,47.0,-94.0,9.4,1.0,126.0,1
D005574,5.0,1170.0,1.03,29.5,0.42,-65.3,-49.5,23.1,42.0,-95.5,9.7,1.0,129.0,1
D005575,6.9,1328.0,1.47,40.0,0.69,-60.1,-49.7,28.8,47.0,-98.0,5.9,0.0,123.0,0
D005576,5.2,1224.0,1.09,29.5,0.43,-65.4,-50.7,24.6,47.0,-95.3,9.1,0.0,127.0,0
D005577,4.7,1156.0,1.12,30.0,0.48,-65.4,-49.2,23.8,45.0,-95.1,9.8,1.0,126.0,0
D005578,4.5,1120.0,1.11,30.0,0.46,-65.9,-51.6,21.9,45.0,-94.9,12.6,0.0,128.0,1
D005579,4.5,1161.0,1.06,31.0,0.48,-64.8,-47.9,25.7,49.0,-95.5,7.8,1.0,122.0,1
D005580,4.5,1120.0,1.13,27.5,0.48,-67.1,-49.5,25.5,41.0,-96.2,10.7,0.0,130.0,0
D005581,3.7,1271.0,1.47,30.5,0.58,-67.3,-53.3,24.2,54.0,-92.8,1.8,1.0,148.0,1
D005582,4.5,1193.0,0.97,27.0,0.48,-65.7,-49.4,26.2,40.0,-96.4,11.4,1.0,126.0,0
D005583,4.7,1114.0,1.09,27.5,0.47,-65.8,-50.2,23.7,47.0,-95.2,5.9,1.0,126.0,1
D005584,5.2,1190.0,1.05,30.5,0.49,-65.0,-47.9,25.2,45.0,-96.1,8.9,0.0,130.0,1
D005585,5.1,1185.0,1.18,28.5,0.5,-66.8,-50.0,25.0,47.0,-95.2,7.7,1.0,124.0,1
D005586,4.7,1160.0,1.13,26.0,0.46,-67.7,-51.1,23.3,47.0,-95.2,9.8,0.0,128.0,1
D005587,4.5,1247.0,1.15,28.5,0.34,-65.4,-50.0,24.5,47.0,-94.6,6.7,0.0,127.0,0
D005588,5.0,1078.0,1.49,35.0,,-60.6,-48.8,27.4,58.0,-92.6,16.3,0.0,104.0,0
D005589,5.3,1103.0,1.15,28.0,0.33,-60.2,-46.1,21.8,46.0,-95.4,2.2,0.0,117.0,0
D005590,5.6,1144.0,1.11,30.5,0.46,-64.8,-48.8,23.4,41.0,-96.1,3.8,1.0,130.0,1
D005591,4.7,1186.0,1.14,30.0,0.45,-65.5,-49.6,24.4,42.0,-94.3,11.8,1.0,128.0,0
D005592,4.4,1026.0,1.55,33.0,0.47,-60.1,-52.2,21.3,59.0,-96.0,16.4,1.0,127.0,0
D005593,5.4,1196.0,1.05,27.5,0.45,-67.5,-50.6,24.0,45.0,-95.1,6.6,1.0,131.0,1
D005594,6.1,1023.0,1.0,39.5,0.49,-65.5,-48.3,29.3,58.0,-90.6,18.7,0.0,141.0,1
D005595,4.7,1243.0,1.11,29.5,0.51,-65.4,-49.1,23.2,47.0,-95.7,9.3,0.0,128.0,1
D005596,4.2,1188.0,1.08,26.0,0.49,-65.0,-50.2,24.5,44.0,-96.6,10.1,1.0,127.0,1
D005597,5.1,1341.0,0.89,,0.67,-66.0,-49.3,28.5,30.0,-97.4,8.8,1.0,138.0,0
D005598,5.1,1119.0,,31.0,0.5,-65.8,-49.6,22.7,48.0,-95.4,7.0,0.0,134.0,1
D005599,3.4,1350.0,1.23,34.5,0.52,-64.9,-52.0,21.9,47.0,-94.6,20.8,1.0,133.0,0
D005600,5.2,1156.0,0.95,29.5,0.4,-63.2,-50.6,24.8,45.0,-94.2,6.1,0.0,132.0,1
D005601,4.9,1216.0,1.29,35.5,0.62,-61.6,-47.5,28.7,31.0,-99.2,2.9,1.0,141.0,1
D005602,3.5,1111.0,1.38,21.0,0.5,-64.3,-51.6,23.4,58.0,-91.5,1.6,0.0,104.0,0
D005603,4.5,1186.0,1.06,31.0,0.44,-65.2,-50.7,23.3,42.0,-95.2,13.8,0.0,,0
D005604,6.0,1184.0,1.07,30.5,0.46,-64.5,-49.4,22.4,44.0,-94.7,8.9,1.0,132.0,1
D005605,5.1,1187.0,1.07,30.0,0.49,-64.9,-51.1,22.5,43.0,-94.6,2.8,1.0,124.0,1
D005606,5.1,1052.0,1.05,34.0,0.57,-64.6,-49.6,23.6,53.0,-97.8,6.5,1.0,130.0,1
D005607,4.7,1207.0,1.17,31.0,0.38,-65.8,-50.8,24.9,46.0,-95.6,12.6,0.0,123.0,0
D005608,3.9,1161.0,0.91,26.0,0.53,-64.9,-49.3,24.3,46.0,-96.4,11.8,0.0,120.0,0
D005609,6.2,1155.0,1.08,26.0,0.68,-68.9,-46.5,28.9,43.0,-99.0,23.9,0.0,123.0,0
D005610,5.3,1148.0,1.16,24.0,0.48,-66.3,-48.9,23.3,54.0,-95.1,10.1,1.0,130.0,0
D005611,3.8,1391.0,1.5,28.5,0.65,-65.8,-52.3,21.3,60.0,-90.7,5.5,1.0,127.0,0
D005612,4.9,1241.0,0.97,25.5,0.52,-64.8,-50.9,24.6,44.0,-94.4,10.6,1.0,129.0,1
D005613,5.7,1089.0,0.85,25.5,0.52,-69.9,-53.7,29.4,,-97.0,17.8,1.0,114.0,1
D005614,5.8,1239.0,1.02,30.5,0.51,-64.9,-49.0,25.2,43.0,-94.8,14.9,0.0,122.0,1
D005615,4.2,1147.0,1.27,25.0,0.45,-66.6,-50.1,24.0,42.0,-94.7,7.6,0.0,124.0,0
D005616,4.5,1358.0,1.28,28.0,0.59,-64.3,-51.7,26.0,53.0,-91.9,22.3,1.0,120.0,0
D005617,4.5,1209.0,1.11,25.0,0.48,-64.2,-51.2,25.6,43.0,-94.9,12.0,1.0,126.0,1
D005618,4.6,1165.0,1.01,27.0,0.51,-64.5,-49.9,22.4,41.0,-94.7,4.4,1.0,127.0,1
D005619,4.4,1092.0,0.92,28.5,0.42,-66.8,-50.7,22.9,49.0,-95.3,7.2,0.0,126.0,1
D005620,3.4,1035.0,0.92,32.5,0.4,-63.0,-55.0,28.1,46.0,-93.2,16.8,,113.0,0
D005621,4.8,1176.0,1.29,28.5,0.48,-66.9,-50.1,22.0,44.0,-96.9,9.4,1.0,126.0,1
D005622,5.8,1178.0,0.94,36.5,0.53,-69.3,-50.4,26.4,54.0,-98.3,16.8,0.0,116.0,1
D005623,4.8,1162.0,1.02,29.5,0.48,-67.1,-50.3,24.8,42.0,-94.4,5.1,1.0,130.0,1
D005624,6.8,1266.0,1.54,35.5,0.42,-67.6,-48.2,20.6,42.0,-93.1,5.3,0.0,132.0,1
D005625,4.3,1205.0,1.02,30.5,0.58,-65.2,-48.3,23.4,44.0,-95.8,10.0,0.0,127.0,1
D005626,3.9,1185.0,1.16,29.0,0.41,-65.6,-49.8,21.0,45.0,-96.3,8.7,1.0,133.0,0
D005627,5.0,1219.0,1.15,33.0,0.48,-63.8,-49.5,23.9,41.0,-95.9,8.9,0.0,123.0,1
D005628,4.1,1220.0,1.16,27.0,0.53,-60.7,-46.9,27.2,41.0,,13.0,0.0,114.0,1
D005629,3.9,1190.0,0.91,36.0,0.57,-63.2,-46.4,24.9,54.0,-94.7,3.5,0.0,148.0,1
D005630,3.5,1043.0,1.37,32.5,0.43,-62.9,-53.4,28.4,56.0,-96.1,3.4,0.0,149.0,0
D005631,4.4,1237.0,0.97,31.5,0.54,-65.1,-50.6,24.3,45.0,-94.9,12.8,0.0,132.0,1
D005632,3.2,1272.0,1.54,37.5,0.49,-69.3,-46.5,22.0,32.0,-95.5,11.6,1.0,106.0,0
D005633,3.8,1202.0,1.14,30.0,0.53,-66.1,-49.0,,46.0,-94.7,8.4,1.0,135.0,0
D005634,5.1,1197.0,1.14,27.5,0.49,-66.1,-51.1,25.0,45.0,,3.0,1.0,128.0,1
D005635,4.1,1160.0,1.18,22.0,0.41,-65.0,-51.8,24.0,45.0,-93.3,10.8,0.0,135.0,0
D005636,4.4,1358.0,1.26,32.0,0.48,-64.7,-45.8,22.3,39.0,-97.1,17.1,1.0,103.0,0
D005637,5.2,1217.0,0.98,26.5,0.47,-65.8,-50.9,26.6,42.0,-95.5,7.9,1.0,124.0,0
D005638,3.7,1240.0,1.39,37.5,0.3,-68.1,-49.0,21.1,39.0,-97.9,6.7,1.0,136.0,0
D005639,5.8,1201.0,0.99,28.5,0.47,-65.3,-50.0,22.7,39.0,-95.0,6.5,1.0,140.0,1
D005640,5.2,1185.0,1.0,29.5,0.44,-65.5,-49.9,23.2,40.0,-96.6,7.3,0.0,127.0,1
D005641,4.3,1208.0,1.32,38.0,0.32,-67.1,-48.2,20.6,57.0,-96.9,6.4,1.0,135.0,0
D005642,3.2,1179.0,1.41,22.5,0.65,-68.1,-47.8,25.0,57.0,-94.7,19.8,0.0,137.0,0
D005643,4.3,1198.0,1.03,28.5,0.45,-66.9,-49.8,23.7,44.0,-97.1,9.2,1.0,135.0,1
D005644,5.9,1284.0,1.29,29.0,0.47,-67.4,-53.5,29.1,59.0,-97.9,15.4,,135.0,1
D005645,5.1,1155.0,1.05,29.0,0.53,-63.9,-48.9,25.8,48.0,-96.7,9.2,1.0,123.0,0
D005646,5.4,1104.0,1.03,28.5,0.51,-66.1,-50.6,23.6,,-96.3,7.9,1.0,124.0,1
D005647,4.7,1175.0,1.12,29.0,0.44,-65.6,-50.4,24.2,38.0,-95.9,8.3,0.0,126.0,1
D005648,3.8,1188.0,1.1,29.0,0.48,-65.9,-50.1,,43.0,-95.0,9.2,1.0,126.0,1
D005649,5.0,1197.0,1.03,26.5,0.42,-66.0,-49.6,22.7,39.0,-95.5,5.8,1.0,123.0,1
D005650,6.8,1215.0,1.28,30.5,0.44,-62.7,-49.9,20.4,35.0,-90.7,8.6,1.0,142.0,1
D005651,4.6,1231.0,1.55,37.5,0.35,-62.4,-50.9,21.8,49.0,-90.9,12.0,1.0,117.0,0
D005652,5.1,1225.0,1.05,28.0,0.5,-64.6,-49.9,24.0,40.0,-94.2,9.2,1.0,124.0,1
D005653,3.7,1162.0,1.15,28.5,0.51,-65.0,-48.4,25.5,43.0,-95.3,10.8,0.0,131.0,1
D005654,4.1,1168.0,1.04,28.5,0.54,-66.5,-51.3,22.6,40.0,-96.4,9.0,1.0,124.0,1
D005655,4.7,1192.0,0.94,29.5,0.46,-64.9,-51.2,22.6,46.0,-96.8,8.7,0.0,128.0,1
D005656,4.6,1215.0,0.96,36.0,0.7,-68.0,-51.4,26.0,37.0,-91.6,22.8,1.0,105.0,0
D005657,4.9,1161.0,1.03,30.5,0.43,-66.6,-50.6,24.2,38.0,-94.3,9.1,0.0,119.0,1
D005658,3.8,1001.0,0.9,20.5,0.59,-62.7,-50.8,20.8,60.0,-91.7,6.6,0.0,128.0,0
D005659,4.0,1237.0,1.32,21.5,0.36,-65.2,-54.2,20.1,38.0,-94.9,13.9,0.0,131.0,0
D005660,5.0,1240.0,1.22,25.0,0.45,-64.9,-48.9,24.9,44.0,-94.7,6.6,0.0,122.0,1
D005661,,1148.0,0.96,28.0,0.44,-65.4,-51.5,25.5,43.0,-96.9,9.4,1.0,130.0,1
D005662,5.1,1172.0,1.1,27.5,0.5,-64.6,-49.7,24.2,46.0,-94.4,11.8,1.0,125.0,0
D005663,4.8,1168.0,1.06,27.5,0.48,-64.9,-49.5,24.0,51.0,-95.8,5.1,0.0,123.0,1
D005664,5.8,1389.0,1.41,26.0,0.37,-68.8,-49.5,21.0,33.0,-91.8,20.1,1.0,111.0,0
D005665,4.9,1374.0,0.85,31.0,0.38,-64.7,-50.7,22.1,36.0,-91.1,18.9,0.0,103.0,0
D005666,5.0,1178.0,1.3,20.5,0.7,-62.7,-49.7,27.7,32.0,-91.0,22.7,1.0,140.0,0
D005667,3.7,,1.34,39.0,0.51,-66.8,,22.6,43.0,-98.6,13.0,1.0,146.0,1
D005668,5.6,1184.0,0.93,30.5,0.4,-68.4,-49.9,21.4,47.0,-93.6,9.1,0.0,122.0,1
D005669,4.2,1138.0,1.13,23.5,0.44,-65.1,-50.2,23.7,46.0,-96.8,11.5,1.0,131.0,0
D005670,5.3,1203.0,1.19,26.5,0.47,-64.8,-51.3,23.0,40.0,-96.7,5.9,0.0,126.0,0
D005671,4.9,1155.0,1.09,31.5,0.5,-66.4,-51.3,24.1,42.0,-95.5,10.6,1.0,135.0,1
D005672,5.4,1183.0,1.21,22.5,0.5,-63.8,-50.5,23.2,44.0,-96.6,7.4,1.0,122.0,0
D005673,5.4,1246.0,1.31,27.5,0.51,-68.2,-46.1,21.3,50.0,-99.9,9.3,0.0,129.0,1
D005674,5.0,1203.0,1.15,31.0,0.49,-66.7,-49.4,23.0,43.0,-95.8,7.8,0.0,137.0,1
D005675,4.3,1314.0,1.2,22.5,0.38,-61.0,-47.0,22.8,47.0,-90.7,20.0,0.0,102.0,0
D005676,4.3,1222.0,1.09,31.0,0.47,-65.0,-50.1,24.7,46.0,-95.7,9.3,0.0,136.0,1
D005677,6.0,1342.0,1.07,29.5,0.51,-60.3,-48.6,26.9,38.0,-95.7,7.4,0.0,111.0,1
D005678,5.0,1267.0,1.22,,0.46,-65.2,-51.7,23.4,40.0,-95.4,11.3,1.0,,1
D005679,4.7,1176.0,1.11,28.5,0.5,-66.2,-49.3,23.1,49.0,-95.0,8.0,0.0,123.0,1
D005680,4.8,1122.0,1.14,33.0,0.48,-65.7,-52.0,24.8,39.0,-96.3,10.0,0.0,141.0,1
D005681,5.8,1176.0,,29.5,0.5,-65.7,-51.5,26.3,45.0,-94.5,8.0,0.0,123.0,1
D005682,3.7,1171.0,0.91,25.0,0.65,-61.2,-45.2,26.8,36.0,-97.1,18.4,1.0,107.0,0
D005683,5.1,1181.0,0.98,28.0,0.45,-64.0,-48.9,25.4,50.0,-94.4,4.3,0.0,128.0,1
D005684,5.2,1148.0,1.15,30.0,0.5,-66.3,-49.9,23.6,52.0,-95.4,6.1,0.0,137.0,1
D005685,4.9,1145.0,1.09,26.5,0.52,-66.2,-50.4,22.2,,-94.3,12.2,1.0,128.0,1
D005686,4.3,1192.0,1.04,32.0,0.55,-66.4,-48.5,26.1,44.0,-94.8,9.7,1.0,135.0,1
D005687,4.9,1222.0,1.07,27.5,0.4,-65.1,-49.9,22.1,46.0,-96.3,6.1,0.0,123.0,1
D005688,4.2,1220.0,1.17,29.0,0.44,-64.9,-50.0,22.3,45.0,-94.7,6.7,1.0,135.0,1
D005689,5.0,1167.0,0.97,31.0,0.45,-68.1,-51.2,23.9,,-93.9,11.0,0.0,123.0,1
D005690,4.0,1362.0,1.32,37.5,0.45,-62.0,-52.2,26.3,59.0,-96.5,19.1,1.0,106.0,0
D005691,4.8,1192.0,1.17,32.0,0.53,-66.0,-50.7,23.4,44.0,-96.5,11.5,1.0,132.0,1
D005692,4.0,1230.0,1.18,29.0,0.49,-65.2,-49.1,22.7,,-95.4,9.1,1.0,123.0,1
D005693,4.9,1157.0,0.95,27.5,0.54,-64.4,-50.0,25.3,45.0,-97.1,8.2,0.0,133.0,1
D005694,5.1,1201.0,1.24,28.5,0.45,-64.7,-49.1,24.6,41.0,-96.1,7.2,1.0,131.0,0
D005695,3.0,1305.0,1.16,36.0,0.41,-68.5,-47.8,,54.0,-96.1,9.5,0.0,147.0,1
D005696,4.8,1189.0,1.03,28.0,0.43,-65.8,-49.8,23.3,43.0,-96.6,5.7,1.0,122.0,1
D005697,,1167.0,1.08,29.5,0.41,-67.4,-51.1,24.7,41.0,-97.5,9.2,1.0,133.0,1
D005698,6.2,1020.0,1.38,21.5,0.58,-64.8,-54.2,26.2,31.0,-98.0,1.2,1.0,141.0,1
D005699,5.1,1236.0,1.14,27.0,0.46,-65.8,-51.1,25.0,39.0,-95.0,7.5,1.0,124.0,1
D005700,5.2,1106.0,1.05,26.5,0.51,-64.9,-48.3,22.8,44.0,-95.1,11.6,1.0,134.0,1
D005701,5.2,1163.0,1.11,29.0,0.46,-65.2,-52.0,22.5,45.0,-96.8,9.4,1.0,131.0,1
D005702,3.9,1163.0,1.08,29.5,0.43,-63.4,-49.7,23.7,45.0,-97.7,10.0,0.0,125.0,1
D005703,3.7,1190.0,1.14,29.0,0.51,-66.1,-49.9,22.5,44.0,-94.9,9.4,1.0,125.0,0
D005704,4.4,1157.0,1.04,31.0,0.51,-65.2,-49.6,24.4,46.0,-95.1,10.4,1.0,126.0,1
D005705,4.9,1170.0,1.19,31.5,0.45,-65.2,-50.0,25.5,44.0,-95.4,9.6,1.0,129.0,1
D005706,6.6,1142.0,0.91,25.5,0.56,-67.4,-54.4,26.4,34.0,-92.2,6.9,0.0,105.0,1
D005707,,1331.0,1.51,35.5,0.69,-66.7,-45.8,25.5,57.0,-95.5,7.6,1.0,147.0,1
D005708,3.4,1054.0,0.98,37.5,0.4,-60.5,-50.6,27.4,46.0,-96.1,17.0,0.0,146.0,1
D005709,4.2,1165.0,1.01,39.5,0.57,-69.6,-46.1,25.9,46.0,-97.8,0.5,1.0,138.0,1
D005710,4.8,1208.0,1.01,26.5,0.52,-66.8,-51.6,24.3,43.0,-96.0,10.2,1.0,122.0,1
D005711,5.0,1144.0,1.1,29.0,0.49,-65.4,-50.8,24.2,39.0,-95.4,11.8,1.0,130.0,1
D005712,3.1,1270.0,1.56,25.0,0.65,-65.4,-47.8,29.8,45.0,-92.5,20.2,1.0,103.0,0
D005713,3.8,1083.0,0.81,40.0,0.58,-62.4,-47.6,24.4,31.0,-99.5,13.2,0.0,147.0,1
D005714,5.1,1136.0,1.03,27.5,0.46,-65.1,-50.7,25.5,47.0,-94.9,9.1,0.0,131.0,0
D005715,6.8,1037.0,1.24,29.0,0.37,-68.6,-52.1,22.4,42.0,-94.2,12.1,0.0,116.0,1
D005716,5.2,1226.0,1.06,32.5,0.52,-64.3,-50.4,25.0,41.0,-94.3,5.3,1.0,123.0,1
D005717,6.8,1256.0,1.49,34.5,0.67,-67.2,-47.3,20.5,59.0,-91.1,13.7,1.0,107.0,0
D005718,5.0,1157.0,1.1,30.5,0.53,-66.3,-49.3,23.2,40.0,-95.0,9.5,1.0,121.0,1
D005719,5.9,1169.0,1.53,20.0,0.37,-60.7,-54.8,23.9,47.0,-98.0,6.2,0.0,120.0,0
D005720,5.4,1235.0,1.3,40.0,0.47,-61.9,-49.6,24.4,49.0,-91.7,14.6,0.0,132.0,0
D005721,4.6,1243.0,1.02,28.0,0.49,-65.0,-50.3,24.4,43.0,-96.4,11.3,1.0,128.0,1
D005722,,1226.0,1.18,30.0,0.52,-65.4,-49.4,24.4,42.0,-95.7,10.2,0.0,131.0,1
D005723,4.4,1188.0,1.24,31.0,0.42,-64.1,-50.2,23.6,42.0,-94.9,4.6,0.0,123.0,1
D005724,,1206.0,1.05,28.0,0.46,-66.8,-51.2,25.1,50.0,-95.6,10.2,0.0,133.0,1
D005725,5.2,1183.0,1.13,31.5,0.46,-65.5,-50.6,24.9,41.0,-96.3,4.6,1.0,136.0,1
D005726,3.9,1267.0,1.15,32.5,0.49,-65.4,-51.7,24.6,40.0,-95.2,9.9,1.0,120.0,1
D005727,4.8,1172.0,1.1,26.5,0.47,-66.2,-48.8,24.2,46.0,-95.0,7.3,0.0,131.0,1
D005728,4.3,1186.0,1.03,27.0,0.54,-67.1,-49.3,23.2,48.0,-96.1,9.9,0.0,126.0,1
D005729,5.1,1103.0,1.0,29.0,0.5,-65.5,-49.7,24.2,45.0,-95.8,8.1,0.0,125.0,1
D005730,6.7,1206.0,1.52,26.0,0.61,-68.0,-48.6,29.8,47.0,-92.0,24.0,1.0,131.0,0
D005731,4.8,1124.0,0.98,31.5,0.5,-64.9,-51.1,24.6,47.0,-95.5,13.6,0.0,128.0,1
D005732,5.4,1137.0,1.13,31.5,0.48,-66.1,-50.5,23.6,46.0,-95.0,7.4,1.0,118.0,1
D005733,6.7,1350.0,1.34,37.5,0.48,-66.8,-47.7,25.2,53.0,-91.1,2.2,,144.0,1
D005734,4.7,1153.0,1.07,28.5,0.51,-65.7,,24.0,47.0,-95.8,8.0,1.0,126.0,1
D005735,4.3,1309.0,1.01,40.0,0.38,-62.8,-47.6,21.5,50.0,-93.3,12.9,1.0,136.0,0
D005736,5.2,1074.0,1.1,29.5,0.47,-64.3,-52.4,24.2,39.0,-96.5,6.8,0.0,128.0,1
D005737,4.2,1135.0,1.19,36.5,0.4,-61.5,-52.5,20.4,54.0,-93.7,22.5,1.0,140.0,0
D005738,5.0,1141.0,1.14,27.0,0.47,-66.1,-49.5,26.2,44.0,-95.6,10.3,0.0,128.0,1
D005739,4.7,1110.0,1.09,27.5,0.44,-66.0,-50.6,25.6,49.0,-95.6,8.2,1.0,128.0,0
D005740,5.0,1180.0,0.92,25.0,0.66,-60.3,-46.2,27.5,46.0,-90.3,23.3,1.0,115.0,0
D005741,3.6,1290.0,1.29,27.0,0.47,-70.0,-45.9,25.7,54.0,-92.7,22.9,1.0,111.0,0
D005742,4.0,1128.0,1.14,29.5,0.39,-66.1,-48.7,23.1,44.0,-97.6,7.6,1.0,128.0,0
D005743,4.1,1111.0,1.06,26.0,0.46,-64.8,-50.3,23.2,44.0,-96.5,11.6,1.0,117.0,1
D005744,5.3,1121.0,1.18,30.0,0.42,-66.8,-49.4,22.8,48.0,-95.3,9.9,1.0,130.0,1
D005745,4.1,1324.0,0.84,24.0,0.35,-66.4,-52.8,23.2,39.0,-93.6,6.0,1.0,132.0,0
D005746,4.2,1193.0,1.16,30.0,0.45,-65.6,-48.1,23.8,47.0,-96.4,12.2,0.0,136.0,0
D005747,5.7,1246.0,1.16,31.5,0.47,-66.1,-50.1,23.1,46.0,-95.9,6.7,1.0,130.0,1
D005748,6.9,1308.0,1.43,29.0,0.62,-60.8,-51.3,21.1,42.0,-90.2,15.7,1.0,132.0,0
D005749,5.0,1184.0,0.99,30.5,0.51,-66.7,-50.8,25.0,42.0,-94.5,8.0,0.0,130.0,1
D005750,4.9,1025.0,0.91,29.5,0.63,-66.1,-46.0,21.4,47.0,-90.5,1.1,1.0,111.0,0
D005751,4.1,1389.0,1.31,33.0,,-65.0,-54.8,23.2,59.0,-92.8,21.0,0.0,126.0,1
D005752,3.8,1015.0,1.11,24.5,0.39,-61.5,-48.7,28.5,34.0,-92.7,1.1,0.0,113.0,0
D005753,4.7,1235.0,1.14,32.0,0.4,-65.7,-50.1,24.1,46.0,-98.6,8.2,1.0,130.0,0
D005754,3.3,1134.0,0.91,26.5,0.56,-68.5,-54.2,27.7,39.0,-92.7,18.6,1.0,,0
D005755,4.8,1096.0,1.49,33.0,0.46,-61.6,-45.4,29.1,43.0,-96.5,10.8,1.0,105.0,0
D005756,4.2,1130.0,1.03,33.0,0.45,-63.9,-50.6,22.1,44.0,-97.9,7.0,1.0,130.0,1
D005757,4.9,1167.0,1.2,27.5,0.52,-64.6,-49.6,24.6,45.0,-95.6,8.1,1.0,127.0,0
D005758,4.5,1081.0,1.16,30.0,0.54,-66.3,-50.1,23.7,51.0,-96.0,,0.0,129.0,1
D005759,5.3,1172.0,1.04,27.5,0.45,-66.1,,25.5,43.0,-95.1,9.1,0.0,129.0,1
D005760,4.5,1165.0,1.0,29.5,0.51,-66.4,-49.7,22.4,41.0,-93.9,8.1,0.0,126.0,1
D005761,4.7,1180.0,0.97,24.0,0.47,-64.4,-50.8,24.2,40.0,-95.4,9.7,1.0,127.0,1
D005762,4.3,1161.0,1.07,27.5,0.53,-65.5,-49.2,23.1,40.0,-93.9,8.0,0.0,127.0,1
D005763,5.2,1180.0,1.17,31.5,0.43,-66.2,-50.4,23.3,41.0,-95.7,6.2,1.0,124.0,1
D005764,5.1,1070.0,1.25,32.0,0.48,-65.4,-51.3,23.5,41.0,-98.0,10.7,1.0,131.0,1
D005765,5.2,1092.0,0.94,28.0,0.45,-63.7,-50.4,23.6,40.0,-94.0,10.6,0.0,133.0,1
D005766,4.9,1208.0,1.15,31.0,0.55,-65.5,,23.3,46.0,-94.3,7.6,1.0,112.0,1
D005767,4.9,1168.0,1.03,26.5,0.52,-65.1,-51.4,24.5,43.0,-96.6,10.9,0.0,122.0,1
D005768,4.9,1176.0,1.18,29.5,0.53,-63.6,-49.2,27.4,44.0,-94.0,12.6,1.0,125.0,0
D005769,5.5,1177.0,1.05,30.5,0.53,-66.3,-51.2,22.5,50.0,-95.9,5.5,1.0,127.0,1
D005770,3.7,1364.0,1.47,23.5,0.7,-69.4,-52.1,27.8,41.0,-98.2,13.9,0.0,144.0,0
D005771,5.7,1275.0,1.06,38.0,0.46,-65.3,-50.6,27.3,55.0,-96.4,19.6,1.0,125.0,1
D005772,4.5,1186.0,1.11,28.0,0.53,-67.6,,23.6,46.0,-96.0,10.1,0.0,133.0,1
D005773,5.3,1118.0,1.41,36.5,0.37,-67.5,-51.0,24.3,43.0,-98.8,14.2,1.0,104.0,1
D005774,4.3,1102.0,1.19,30.5,0.42,-65.0,-50.9,23.2,41.0,-95.1,7.7,0.0,130.0,1
D005775,4.7,1201.0,1.13,31.5,0.5,-65.1,-50.4,25.5,49.0,-94.3,3.7,1.0,132.0,0
D005776,6.7,1134.0,1.27,24.0,,-68.2,-50.2,26.4,60.0,-98.9,22.4,1.0,130.0,1
D005777,5.2,1134.0,1.15,30.0,0.49,-65.1,-50.9,23.8,49.0,-97.3,8.0,1.0,138.0,1
D005778,4.8,1188.0,,30.5,0.45,-65.1,-49.5,24.8,47.0,-93.7,10.2,1.0,128.0,1
D005779,5.0,1190.0,1.1,26.5,0.56,-66.6,-49.9,24.6,45.0,-94.0,,1.0,128.0,1
D005780,4.5,1122.0,1.26,29.5,0.43,-65.8,-50.3,24.1,44.0,-96.1,9.6,1.0,128.0,0
D005781,5.2,1200.0,1.03,31.0,0.49,-66.2,-49.1,24.5,44.0,-95.3,9.7,1.0,128.0,1
D005782,6.6,1041.0,1.11,38.5,0.56,-60.1,-48.2,21.1,45.0,-94.9,7.8,1.0,137.0,1
D005783,3.4,1390.0,0.99,33.5,0.55,-62.2,-47.8,27.8,50.0,-94.9,5.9,0.0,108.0,0
D005784,5.1,1126.0,1.05,30.0,0.52,-64.9,-49.1,24.0,45.0,-96.1,8.1,1.0,129.0,0
D005785,4.8,1188.0,1.1,28.5,0.54,-66.7,-50.2,25.4,50.0,-95.9,9.6,1.0,117.0,0
D005786,4.5,1242.0,1.25,29.0,0.57,-67.0,-49.9,24.3,47.0,-94.8,7.0,0.0,129.0,1
D005787,4.4,1142.0,1.02,33.0,0.43,,-49.4,24.5,51.0,-95.7,11.6,0.0,126.0,0
D005788,3.5,1111.0,1.32,24.5,0.31,-66.9,-54.8,29.0,58.0,-98.6,16.0,1.0,124.0,0
D005789,4.3,1257.0,1.13,29.0,0.44,-64.8,-50.8,23.6,42.0,-97.5,7.9,1.0,125.0,1
D005790,4.1,1212.0,1.02,30.0,0.53,-64.5,-51.7,22.4,44.0,-95.5,6.8,0.0,124.0,1
D005791,4.7,,1.35,35.0,0.65,-61.9,-52.7,22.9,50.0,-95.6,18.2,1.0,122.0,0
D005792,4.7,1158.0,1.15,30.5,0.51,-67.0,-49.1,23.5,46.0,-95.3,11.3,0.0,,1
D005793,5.0,1210.0,1.19,31.5,0.44,-66.1,-49.1,24.1,43.0,-94.7,4.5,1.0,114.0,1
D005794,4.9,1176.0,0.98,29.5,0.47,-65.7,-50.2,24.0,42.0,-97.1,6.5,0.0,136.0,1
D005795,4.7,1211.0,1.23,28.0,0.49,-64.6,-50.3,23.6,44.0,-97.3,7.2,1.0,130.0,0
D005796,4.7,1138.0,1.08,29.0,0.46,-65.7,-48.7,24.7,46.0,-95.7,8.7,1.0,121.0,1
D005797,6.5,1042.0,1.57,36.5,0.35,-62.3,-53.9,20.5,37.0,-94.5,4.4,1.0,115.0,0
D005798,3.4,1350.0,0.84,29.0,0.43,-60.9,-51.4,25.7,46.0,-96.2,19.0,1.0,138.0,0
D005799,4.9,1203.0,1.11,29.0,0.48,-66.5,-50.4,25.9,41.0,-95.6,4.8,1.0,120.0,1
D005800,6.2,1007.0,0.9,25.5,0.51,-61.5,-52.5,23.5,45.0,-95.3,9.8,1.0,146.0,1
D005801,5.1,1218.0,1.07,27.0,0.47,-66.3,-50.4,24.8,45.0,-95.7,10.4,1.0,132.0,1
D005802,4.7,1197.0,0.96,27.0,0.44,-65.6,-50.5,22.6,42.0,-95.7,12.3,0.0,132.0,1
D005803,6.7,1176.0,1.46,34.5,0.3,-64.0,-46.8,26.7,51.0,-93.2,15.5,1.0,104.0,0
D005804,4.5,1198.0,0.97,27.5,0.4,-64.4,-49.3,23.6,,-97.4,9.7,0.0,130.0,0
D005805,4.4,1205.0,1.15,28.5,0.46,-64.5,-49.3,23.0,48.0,-96.4,9.4,0.0,133.0,1
D005806,5.5,1113.0,1.06,29.5,0.45,-66.4,-49.1,23.4,47.0,-96.5,10.2,1.0,141.0,1
D005807,4.1,1142.0,1.1,33.5,,-65.6,-49.9,23.9,41.0,-94.0,7.8,0.0,134.0,1
D005808,5.5,1168.0,1.03,32.5,0.49,-66.1,-49.8,24.0,49.0,-95.6,10.2,1.0,124.0,1
D005809,5.2,,1.08,29.5,0.41,-66.0,-50.4,24.9,46.0,-96.5,6.3,1.0,125.0,1
D005810,5.2,1187.0,1.08,29.0,0.45,-66.0,-50.6,23.1,48.0,-96.5,12.6,1.0,130.0,1
D005811,3.6,1352.0,1.38,39.0,0.57,-60.7,-52.6,20.2,35.0,-99.6,1.6,1.0,113.0,0
D005812,5.0,1152.0,1.02,29.5,0.48,-67.2,-51.5,25.0,42.0,,6.7,1.0,132.0,1
D005813,3.6,,1.39,20.0,0.63,-68.2,-54.1,29.7,40.0,-95.5,23.5,0.0,107.0,0
D005814,5.0,1210.0,1.05,29.0,0.47,-64.1,-50.2,22.9,45.0,,10.5,0.0,123.0,1
D005815,3.2,1199.0,1.3,34.0,0.35,-62.0,-46.8,21.0,37.0,-91.4,5.2,1.0,132.0,0
D005816,4.8,1163.0,1.41,,0.66,-65.7,-52.9,24.9,58.0,-98.3,7.5,0.0,114.0,0
D005817,4.4,1128.0,1.07,30.0,0.42,-64.7,-48.6,23.1,46.0,-94.9,6.2,1.0,124.0,0
D005818,4.5,1252.0,1.19,31.0,0.53,-64.8,-50.6,22.6,43.0,-96.4,8.7,1.0,126.0,0
D005819,6.3,1118.0,1.57,24.0,0.38,-61.4,-46.7,29.8,42.0,-97.5,13.6,1.0,121.0,0
D005820,4.5,1208.0,1.01,28.5,0.47,-65.7,-51.0,23.7,43.0,-96.2,5.5,0.0,117.0,1
D005821,4.3,1198.0,1.14,29.0,0.52,-65.6,-50.1,23.6,47.0,-96.8,9.1,0.0,134.0,0
D005822,4.1,1190.0,0.89,33.0,0.5,-65.6,-49.5,23.3,48.0,-96.9,11.7,1.0,121.0,0
D005823,4.6,1152.0,0.98,26.5,,-65.5,-48.6,23.7,43.0,-96.5,,0.0,115.0,1
D005824,6.0,1364.0,1.34,22.0,0.57,-68.6,-50.5,21.4,39.0,-91.1,16.0,0.0,120.0,1
D005825,4.8,1211.0,1.05,26.5,0.48,-65.0,-50.0,22.6,42.0,-95.7,13.7,0.0,130.0,1
D005826,5.0,1157.0,1.14,26.5,0.49,-65.0,-50.5,24.5,48.0,-97.0,5.5,1.0,133.0,1
D005827,3.7,1137.0,1.17,29.5,0.44,-65.6,-51.8,25.7,44.0,-95.6,5.3,0.0,124.0,1
D005828,4.8,1220.0,1.08,28.5,0.53,-65.2,-51.1,23.9,43.0,-95.6,7.5,0.0,125.0,1
D005829,4.5,1184.0,1.07,31.5,0.48,-66.0,-50.3,23.4,47.0,-96.3,12.3,1.0,121.0,1
D005830,3.0,1051.0,1.03,26.5,0.43,-64.4,-47.7,25.0,34.0,-98.2,,1.0,147.0,0
D005831,5.1,1154.0,1.12,28.5,0.51,-65.4,-49.8,23.9,42.0,-96.4,7.7,1.0,123.0,1
D005832,4.8,1209.0,1.19,28.5,,-65.4,-48.8,24.5,45.0,-95.3,10.3,1.0,119.0,0
D005833,3.6,1150.0,1.04,28.0,0.44,-64.5,-50.3,23.9,49.0,-95.5,4.8,1.0,129.0,0
D005834,6.8,1250.0,0.8,29.5,0.51,-60.3,-51.8,29.5,,-94.8,12.8,1.0,124.0,1
D005835,4.1,1254.0,1.11,26.5,0.46,-66.2,-50.2,25.0,40.0,-95.4,9.6,1.0,121.0,0
D005836,5.1,1169.0,1.04,31.0,0.5,-67.0,-49.7,24.4,46.0,-97.5,,1.0,127.0,1
D005837,4.8,1166.0,1.03,31.5,0.46,-65.6,-47.7,23.3,43.0,-96.4,13.8,0.0,134.0,1
D005838,5.6,1186.0,1.08,34.0,0.5,-65.5,-49.2,25.1,47.0,-95.2,6.9,0.0,120.0,1
D005839,5.3,1133.0,0.83,34.5,0.62,-64.7,-52.3,24.8,43.0,-94.8,2.4,0.0,137.0,1
D005840,4.5,1183.0,1.03,27.5,0.48,-66.4,-50.0,25.4,46.0,-96.9,9.3,1.0,127.0,1
D005841,4.4,1187.0,1.03,32.0,0.42,-65.6,,23.2,45.0,-95.0,5.1,1.0,133.0,1
D005842,4.8,1189.0,1.0,29.5,0.46,-65.3,-49.8,24.7,44.0,-95.9,4.6,1.0,134.0,1
D005843,6.1,1334.0,0.97,35.0,0.42,-67.2,-52.2,22.7,54.0,-96.8,7.3,1.0,137.0,1
D005844,4.6,1143.0,1.03,26.0,0.53,-65.2,-48.4,22.8,42.0,,8.5,1.0,132.0,0
D005845,4.8,1189.0,1.08,31.5,0.51,-66.9,-50.5,23.1,50.0,-97.8,8.5,0.0,129.0,1
D005846,5.0,1176.0,1.12,,0.45,-65.7,-48.7,24.6,44.0,-94.5,13.7,0.0,126.0,1
D005847,4.3,1182.0,1.04,32.5,0.44,-64.0,-50.6,23.8,40.0,-95.1,11.9,0.0,136.0,1
D005848,5.1,1193.0,1.04,28.0,0.44,-64.6,-49.1,23.2,47.0,-95.6,7.0,1.0,130.0,1
D005849,4.9,1326.0,1.04,23.0,0.34,-60.7,-49.5,25.2,33.0,-97.8,16.7,1.0,118.0,0
D005850,5.5,1233.0,1.55,32.5,,-65.7,-53.2,25.1,33.0,-95.7,17.3,1.0,130.0,1
D005851,4.5,1179.0,1.1,28.0,0.47,-66.2,-50.3,23.9,51.0,-94.4,3.1,1.0,136.0,1
D005852,5.1,1177.0,0.99,28.5,0.49,-65.9,-51.3,24.5,44.0,-96.8,9.1,1.0,121.0,1
D005853,6.4,1281.0,1.37,30.5,0.66,-60.4,-51.1,24.0,53.0,-97.1,23.3,1.0,111.0,0
D005854,4.1,1131.0,1.31,34.0,0.57,-64.3,-52.4,20.0,56.0,-94.9,17.9,1.0,103.0,0
D005855,6.3,1006.0,1.31,36.0,0.34,-69.3,-45.3,22.3,40.0,-94.6,7.3,0.0,137.0,1
D005856,3.5,1109.0,1.58,27.0,0.54,-69.8,-46.1,25.0,59.0,-94.6,0.8,0.0,133.0,1
D005857,6.1,1135.0,0.98,35.5,0.49,-69.3,-50.8,29.0,40.0,-99.8,22.0,0.0,132.0,1
D005858,4.8,1146.0,1.07,28.5,0.51,-65.3,-49.0,25.4,40.0,-95.1,14.0,1.0,,1
D005859,4.1,1188.0,1.03,21.0,0.59,-63.8,-51.5,29.7,47.0,-97.1,20.1,1.0,148.0,0
D005860,4.8,1166.0,1.13,26.5,0.51,-64.3,-48.1,23.5,40.0,-93.6,9.8,0.0,133.0,1
D005861,3.8,1232.0,1.49,32.0,0.61,-65.1,-50.5,28.9,44.0,-93.4,17.2,1.0,113.0,0
D005862,5.3,1182.0,1.06,25.0,0.53,-65.8,-49.7,25.9,48.0,-94.7,7.7,0.0,132.0,1
D005863,4.3,1245.0,1.09,30.0,0.42,-65.3,-47.9,25.1,43.0,-94.9,12.7,1.0,127.0,0
D005864,5.5,1297.0,1.2,24.5,0.37,-60.8,-49.1,26.9,42.0,-92.2,8.6,0.0,,0
D005865,5.1,1212.0,1.17,39.0,0.68,-61.9,-47.4,25.7,31.0,-95.4,16.5,0.0,120.0,0
D005866,5.2,1371.0,0.81,36.5,0.65,-62.8,-52.4,21.0,48.0,-91.8,16.5,0.0,120.0,0
D005867,4.8,1227.0,1.07,30.5,0.53,-64.6,-49.4,26.3,49.0,-95.9,8.8,0.0,127.0,1
D005868,4.6,1194.0,1.25,28.0,0.44,-63.6,-48.3,25.0,45.0,-93.8,8.9,1.0,117.0,0
D005869,4.5,1114.0,,34.0,0.4,-68.0,-52.4,25.3,58.0,-90.6,11.3,0.0,146.0,1
D005870,4.0,1299.0,1.17,,0.5,-62.4,-46.1,22.4,51.0,-99.8,7.8,1.0,101.0,0
D005871,4.9,1166.0,1.2,30.0,0.46,-66.5,-49.9,24.1,50.0,-94.8,7.5,0.0,137.0,1
D005872,3.6,1197.0,1.18,25.5,0.49,-63.9,-49.4,25.8,47.0,-96.1,5.8,0.0,120.0,0
D005873,,1214.0,1.21,27.0,0.46,-64.9,-49.9,23.2,42.0,-96.3,3.3,0.0,127.0,1
D005874,4.4,1211.0,0.89,23.5,0.46,-63.2,-53.7,25.7,55.0,-93.1,2.0,0.0,139.0,1
D005875,6.4,1303.0,0.89,24.0,,-61.5,-47.2,25.7,37.0,-94.2,0.2,1.0,140.0,1
D005876,4.8,1175.0,,32.5,0.44,-63.9,-50.5,24.9,36.0,-95.6,10.7,1.0,132.0,1
D005877,3.8,1261.0,1.29,37.5,0.36,-60.6,-45.7,22.5,43.0,-90.3,16.3,1.0,,0
D005878,5.3,1251.0,1.09,28.5,0.4,-64.3,-50.0,24.4,44.0,-95.6,12.4,0.0,125.0,1
D005879,,1140.0,1.14,29.0,0.46,-64.6,-50.8,22.9,45.0,-95.2,8.1,,121.0,1
D005880,5.2,1227.0,1.05,,0.44,-64.0,-50.1,23.7,47.0,-95.7,5.2,1.0,127.0,1
D005881,4.3,1249.0,1.22,28.5,0.46,-65.9,-50.8,24.1,44.0,-96.4,7.6,1.0,132.0,0
D005882,5.6,1018.0,0.92,31.0,0.62,-68.4,-49.5,27.6,36.0,-100.0,19.6,1.0,125.0,1
D005883,6.9,1152.0,1.56,20.5,0.58,-68.8,-49.6,20.2,60.0,-98.9,21.2,1.0,129.0,0
D005884,5.0,1216.0,1.09,28.0,0.52,-66.9,-49.1,23.3,,-96.2,8.7,1.0,128.0,1
D005885,3.4,1355.0,1.12,35.0,0.51,-67.8,-51.6,23.7,38.0,-93.9,15.9,1.0,107.0,0
D005886,6.2,1258.0,1.28,26.5,0.48,-69.6,-45.6,20.2,46.0,-96.4,9.4,0.0,150.0,1
D005887,5.0,1228.0,1.19,23.5,0.5,-66.5,-49.1,25.1,47.0,-95.7,4.9,1.0,126.0,0
D005888,4.9,1189.0,1.16,26.5,0.44,-63.5,-49.5,24.2,41.0,-96.4,5.5,1.0,,1
D005889,4.7,1308.0,1.24,20.0,0.34,-63.1,-53.2,24.7,38.0,-95.6,5.5,1.0,115.0,0
D005890,4.5,1165.0,1.02,27.5,0.38,-65.7,-50.8,24.5,39.0,-94.5,11.3,1.0,127.0,1
D005891,5.0,1229.0,1.15,31.5,0.49,-65.1,-50.5,23.9,44.0,-95.2,7.7,1.0,129.0,1
D005892,4.7,1197.0,1.17,30.0,0.48,-66.5,-48.7,23.2,45.0,-96.4,9.4,1.0,135.0,1
D005893,4.9,1172.0,1.07,33.0,0.44,-65.4,-47.7,25.4,44.0,-95.0,11.0,0.0,127.0,1
D005894,5.0,1141.0,1.1,30.5,0.47,-67.3,-48.5,23.7,48.0,-96.8,7.6,1.0,130.0,1
D005895,4.2,1133.0,1.55,22.0,0.43,-60.2,-47.3,20.6,44.0,-91.3,15.3,0.0,141.0,0
D005896,5.2,1191.0,1.04,,0.49,-67.0,-51.6,25.2,44.0,-96.5,7.3,1.0,132.0,1
D005897,5.1,1184.0,1.27,30.5,0.47,-66.8,-52.9,,48.0,-95.8,7.3,1.0,132.0,1
D005898,5.0,1220.0,1.09,29.0,0.44,-67.3,-49.3,21.7,42.0,-95.4,7.6,1.0,120.0,1
D005899,4.8,1279.0,0.95,28.5,0.48,-61.2,-48.6,28.1,31.0,-97.5,21.0,1.0,117.0,0
D005900,4.8,1150.0,1.17,26.0,0.48,-66.6,-50.1,24.4,46.0,-96.7,8.9,0.0,131.0,1
D005901,,1335.0,0.95,31.0,0.58,-61.3,-49.0,26.1,37.0,-99.3,8.9,1.0,102.0,1
D005902,4.7,1271.0,1.17,28.5,0.6,-65.6,-52.4,23.1,30.0,-95.5,19.0,1.0,141.0,0
D005903,5.1,1225.0,1.17,28.0,0.49,-65.3,-50.7,22.5,49.0,-96.3,11.2,0.0,131.0,1
D005904,5.8,1142.0,1.0,26.0,0.49,-65.0,-51.4,22.9,39.0,-95.6,11.6,1.0,126.0,1
D005905,7.0,1109.0,0.88,26.0,0.49,-60.1,-52.7,21.1,40.0,-93.5,11.4,0.0,135.0,1
D005906,4.6,1126.0,1.17,29.0,0.51,-66.0,-50.2,24.1,46.0,-95.2,11.5,0.0,125.0,1
D005907,5.1,1201.0,1.16,28.5,0.53,-67.7,-50.0,26.1,45.0,-94.3,7.5,1.0,124.0,1
D005908,4.7,1177.0,1.09,26.5,0.49,-64.4,-50.8,23.7,46.0,-96.0,9.3,0.0,135.0,1
D005909,4.5,1200.0,1.18,26.0,0.45,-66.0,-50.9,23.9,44.0,-95.6,7.9,1.0,129.0,1
D005910,3.9,1183.0,1.17,25.5,0.46,-66.0,-49.3,24.5,47.0,-95.6,7.9,0.0,120.0,1
D005911,3.9,1043.0,1.12,20.0,0.37,-60.0,-53.9,25.0,31.0,-94.6,20.8,0.0,141.0,0
D005912,4.6,1191.0,1.17,28.5,0.57,-66.9,-48.8,24.1,44.0,-95.4,8.0,1.0,123.0,0
D005913,4.4,1169.0,0.94,31.0,0.52,-66.1,-50.3,20.9,51.0,-95.9,12.5,1.0,124.0,0
D005914,5.0,1201.0,1.0,27.5,0.53,-67.0,-50.5,22.9,42.0,-97.3,9.6,1.0,124.0,1
D005915,4.6,1382.0,1.23,26.5,0.43,-65.3,-50.8,29.7,57.0,-95.1,21.0,1.0,108.0,0
D005916,5.0,1187.0,1.21,31.5,0.48,-65.5,-51.1,24.0,44.0,-94.3,14.0,1.0,130.0,1
D005917,4.2,1133.0,1.03,30.0,0.44,-66.2,-49.6,23.9,51.0,-95.8,6.6,1.0,129.0,1
D005918,5.5,1175.0,1.2,32.0,0.48,-66.2,-50.4,23.1,,,5.6,0.0,124.0,1
D005919,3.4,1250.0,1.46,34.0,0.41,-68.1,-49.8,22.7,43.0,-91.4,10.2,0.0,126.0,0
D005920,5.1,1172.0,0.91,39.5,0.53,-64.3,-54.6,28.6,60.0,-98.7,20.4,1.0,109.0,1
D005921,4.0,1289.0,0.88,33.0,0.48,-67.0,-50.6,23.8,41.0,-90.2,18.3,1.0,127.0,1
D005922,4.8,1267.0,1.01,31.5,0.51,-64.8,-49.9,25.4,39.0,-95.3,7.0,1.0,138.0,1
D005923,4.8,1172.0,0.98,29.5,0.56,-65.2,-48.5,21.9,47.0,-95.2,8.2,0.0,125.0,1
D005924,6.1,1334.0,1.17,27.5,0.3,-68.4,-52.7,29.8,55.0,-93.5,20.7,1.0,122.0,0
D005925,4.7,1184.0,1.08,31.5,0.45,-65.4,-51.6,24.1,42.0,-95.6,10.7,0.0,123.0,1
D005926,5.2,1237.0,1.2,31.0,0.46,-66.5,-50.5,23.4,48.0,-96.9,4.0,0.0,133.0,1
D005927,4.7,1170.0,1.16,27.5,0.5,-65.1,-47.9,24.4,48.0,-95.1,11.0,0.0,125.0,1
D005928,3.7,1157.0,0.93,38.5,0.67,-67.5,-48.0,22.6,34.0,-92.3,6.8,1.0,123.0,0
D005929,4.6,1178.0,1.06,32.5,0.53,-66.3,-49.9,23.2,45.0,-95.3,13.2,1.0,124.0,1
D005930,4.8,1223.0,1.01,25.0,0.46,-65.1,-49.4,25.1,41.0,-95.6,11.1,1.0,135.0,1
D005931,4.5,1165.0,0.97,29.5,0.44,-63.5,-49.5,22.6,38.0,-98.0,13.5,1.0,133.0,1
D005932,5.3,1145.0,1.24,29.5,0.52,-65.8,-48.8,24.1,43.0,-94.8,7.3,1.0,114.0,1
D005933,5.1,1284.0,1.03,30.5,0.49,-64.8,-49.3,24.2,44.0,-94.8,6.1,0.0,129.0,1
D005934,4.6,1189.0,1.11,21.5,0.4,-69.4,-49.2,28.2,52.0,-92.5,2.1,0.0,109.0,0
D005935,5.7,1054.0,1.03,,0.62,-61.7,-50.1,28.1,44.0,-93.2,9.6,0.0,107.0,0
D005936,3.8,1217.0,0.9,29.5,0.46,-66.4,-49.1,29.5,54.0,-99.6,,1.0,102.0,0
D005937,4.9,1057.0,1.46,28.5,0.55,-70.0,-45.9,28.9,47.0,-98.0,13.8,0.0,144.0,1
D005938,6.5,1105.0,1.57,36.5,0.42,-69.2,-54.5,24.6,43.0,-93.8,0.0,1.0,145.0,1
D005939,3.6,1083.0,1.21,30.5,0.41,-65.8,-49.1,23.9,44.0,-96.0,10.4,0.0,120.0,0
D005940,5.0,1172.0,1.1,31.5,0.51,-66.0,-48.0,21.7,,-94.9,4.5,1.0,119.0,1
D005941,4.4,1129.0,1.17,34.0,0.53,-66.2,-49.6,24.0,45.0,-96.6,12.6,1.0,123.0,1
D005942,4.5,1192.0,1.2,31.0,0.5,-66.2,-51.1,23.8,46.0,-94.3,8.6,0.0,134.0,1
D005943,4.7,1228.0,1.13,30.0,0.52,-67.4,-50.4,23.1,41.0,-94.3,9.5,,121.0,1
D005944,6.3,1360.0,1.19,32.0,0.43,-68.1,-46.1,25.1,46.0,-94.6,3.8,1.0,112.0,1
D005945,4.9,1167.0,1.24,28.5,0.49,-65.8,-50.6,23.1,44.0,-97.4,6.9,1.0,124.0,1
D005946,4.0,1227.0,1.12,30.0,0.47,-64.0,-51.3,26.1,47.0,-95.5,8.4,1.0,132.0,0
D005947,4.9,1108.0,1.31,26.5,,-63.6,-51.2,23.5,45.0,-97.2,10.2,1.0,120.0,0
D005948,5.0,1187.0,1.15,26.5,0.47,-67.0,-50.9,23.6,44.0,-94.7,12.8,0.0,129.0,1
D005949,3.8,1158.0,1.41,26.0,0.52,-69.8,-52.4,24.8,48.0,-96.6,2.7,0.0,106.0,1
D005950,4.9,1210.0,1.12,30.0,0.46,-65.6,-50.5,23.6,45.0,-97.0,12.2,1.0,133.0,1
D005951,,1145.0,1.13,32.5,0.53,-65.2,-50.2,22.7,44.0,-96.2,,0.0,128.0,1
D005952,4.8,1133.0,1.2,28.0,0.43,-64.8,-50.5,23.3,41.0,-96.2,10.3,0.0,127.0,1
D005953,4.7,1081.0,0.99,28.0,0.51,-67.4,-47.3,29.1,36.0,-90.9,22.3,1.0,111.0,0
D005954,6.1,1174.0,1.54,30.5,0.5,-68.8,-51.2,27.7,54.0,-97.7,7.0,1.0,146.0,1
D005955,4.4,1119.0,1.13,20.5,0.3,-63.9,-53.8,25.6,55.0,-97.3,3.3,1.0,150.0,0
D005956,5.1,1253.0,1.2,27.5,0.59,-65.9,-49.6,25.8,46.0,-96.3,9.9,1.0,128.0,1
D005957,3.7,1060.0,1.29,21.5,0.69,-66.3,-48.0,26.4,58.0,-96.8,,1.0,143.0,0
D005958,5.0,1166.0,0.97,28.5,0.46,-64.9,-49.3,23.4,47.0,-96.6,8.9,0.0,127.0,1
D005959,4.6,1224.0,1.0,28.0,0.45,-65.3,-48.3,22.9,41.0,-95.0,8.8,1.0,128.0,1
D005960,3.5,1195.0,1.57,27.5,0.38,-67.8,-47.1,25.3,45.0,-94.4,11.6,1.0,135.0,0
D005961,4.5,1163.0,1.03,31.0,0.52,-65.6,-48.8,23.0,44.0,-94.4,7.3,1.0,127.0,1
D005962,4.4,1151.0,1.18,30.0,0.44,-66.2,-50.3,23.5,,-95.4,9.1,1.0,131.0,1
D005963,3.2,1027.0,1.24,35.0,0.66,-67.8,-45.3,20.2,57.0,-90.9,5.2,1.0,121.0,0
D005964,4.8,1106.0,1.08,30.0,0.5,-62.3,-50.5,22.6,47.0,-95.5,,1.0,135.0,0
D005965,4.6,1215.0,1.02,31.5,0.51,-66.6,-48.5,21.6,45.0,-94.5,,1.0,123.0,0
D005966,5.9,1214.0,0.94,28.5,0.42,-61.5,-53.9,28.7,32.0,-94.6,19.2,1.0,112.0,1
D005967,5.2,1117.0,1.05,33.0,0.46,-66.1,-49.3,24.1,43.0,-96.5,11.7,0.0,130.0,1
D005968,5.0,1230.0,1.24,29.0,0.5,-66.1,-50.8,24.2,41.0,-94.0,7.4,1.0,123.0,1
D005969,,1200.0,1.11,29.0,0.43,-67.1,-51.9,24.6,40.0,-95.2,10.6,1.0,130.0,1
D005970,4.3,1202.0,1.12,30.0,0.46,-66.1,-50.3,23.3,44.0,-94.5,7.0,0.0,121.0,1
D005971,4.8,,1.13,32.5,0.65,-66.4,-51.1,26.7,55.0,-90.1,1.3,1.0,145.0,1
D005972,4.4,1206.0,1.11,28.5,0.39,-65.2,-50.9,24.7,53.0,-95.1,3.3,0.0,,1
D005973,6.8,1217.0,0.82,25.5,0.68,-69.4,-46.6,22.9,53.0,-90.4,10.5,1.0,148.0,1
D005974,4.8,1226.0,1.05,30.5,0.47,-65.9,-49.1,23.7,44.0,-94.6,9.8,0.0,128.0,1
D005975,5.2,1164.0,1.22,25.5,0.39,-65.7,-49.0,22.6,43.0,-96.4,8.0,1.0,124.0,0
D005976,5.5,1021.0,1.29,20.5,0.64,-67.8,-54.9,27.2,59.0,-96.0,23.8,0.0,112.0,0
D005977,4.5,1128.0,1.18,31.0,0.49,-65.7,-52.4,25.7,46.0,-96.8,6.8,0.0,132.0,1
D005978,4.2,1156.0,1.34,34.5,0.51,-68.4,-49.1,21.0,58.0,-97.9,0.7,0.0,107.0,1
D005979,3.1,1360.0,1.28,26.0,0.35,-65.3,-49.5,27.6,47.0,-96.3,17.3,1.0,126.0,0
D005980,4.1,1200.0,1.08,30.5,0.5,-66.3,-48.7,23.2,33.0,-95.5,,0.0,136.0,1
D005981,5.1,1207.0,1.05,,0.53,-67.0,-49.4,24.6,46.0,-96.7,10.5,0.0,,1
D005982,5.9,1383.0,1.13,26.0,0.6,-65.2,-48.5,24.7,39.0,-91.3,19.8,0.0,129.0,0
D005983,3.0,1213.0,1.58,30.0,0.62,-60.0,-54.8,25.8,49.0,-91.4,17.7,0.0,113.0,0
D005984,5.0,1116.0,1.39,23.5,0.7,-67.5,-46.2,29.2,46.0,-97.1,19.0,1.0,116.0,0
D005985,5.1,1234.0,1.16,29.5,0.45,-63.9,-49.5,23.6,48.0,-95.7,8.6,0.0,127.0,1
D005986,4.5,1158.0,1.11,28.0,0.52,-66.1,-49.6,23.8,41.0,-95.9,8.2,1.0,131.0,1
D005987,5.1,1197.0,1.25,26.0,0.47,-66.6,-47.6,23.6,41.0,-95.1,13.0,0.0,130.0,0
D005988,4.8,1211.0,1.08,28.0,0.54,-65.3,-49.8,22.6,42.0,-95.1,8.4,0.0,125.0,1
D005989,5.0,1197.0,,31.0,0.44,-66.5,-50.5,22.3,50.0,-96.8,8.6,1.0,126.0,1
D005990,4.6,1220.0,0.95,29.5,0.44,-65.4,-50.1,23.8,45.0,-94.0,7.1,1.0,127.0,1
D005991,4.2,1171.0,1.11,31.0,0.46,-67.1,-50.7,22.8,47.0,-94.5,11.1,1.0,137.0,1
D005992,6.4,,1.02,30.5,0.51,-66.8,-46.6,27.6,39.0,-96.3,17.9,1.0,129.0,1
D005993,4.6,1124.0,1.51,28.5,0.59,-60.4,-53.1,28.6,60.0,-95.0,19.8,1.0,139.0,0
D005994,4.9,1191.0,0.98,28.0,0.45,-64.5,-49.9,25.0,46.0,-97.1,10.2,1.0,126.0,0
D005995,4.2,1306.0,1.11,26.5,0.5,-65.8,-51.9,23.5,41.0,-95.9,12.1,0.0,123.0,1
D005996,4.4,1160.0,1.0,30.5,0.5,-65.1,-49.1,24.0,48.0,-94.5,7.2,0.0,125.0,1
D005997,4.2,1203.0,0.99,33.0,0.45,-62.5,-48.6,24.6,48.0,-94.4,13.4,0.0,130.0,1
D005998,4.4,1220.0,1.06,30.5,0.44,-66.0,-49.9,22.5,46.0,-94.7,6.7,1.0,120.0,1
D005999,3.3,1389.0,1.05,26.5,0.53,-67.1,-52.4,23.4,32.0,-94.9,17.0,1.0,112.0,0
D006000,4.0,1041.0,0.82,25.5,0.41,-61.4,-54.0,21.5,38.0,-93.9,9.5,0.0,137.0,0
D006001,4.4,1211.0,1.21,30.5,0.45,-64.7,-49.6,24.0,41.0,-95.8,8.5,0.0,124.0,1
D006002,5.5,1234.0,0.97,,0.36,-65.6,-50.5,24.4,37.0,-94.7,8.1,0.0,127.0,1
D006003,5.3,1207.0,1.16,28.0,0.56,-64.9,-50.9,23.7,42.0,-94.1,8.0,0.0,127.0,1
D006004,4.2,1238.0,1.12,28.0,0.46,-63.5,-51.0,24.6,42.0,-95.8,11.4,0.0,132.0,1
D006005,4.5,1302.0,1.08,29.5,0.53,-66.0,-50.8,24.4,45.0,-96.0,10.0,0.0,129.0,1
D006006,4.8,1148.0,1.17,29.5,0.48,-65.1,-52.5,24.3,47.0,-94.0,4.2,1.0,125.0,1
D006007,5.4,1136.0,1.15,31.0,0.42,-65.9,-49.7,25.6,45.0,-96.4,8.7,1.0,127.0,1
D006008,5.1,1112.0,1.18,30.0,0.49,-65.0,-51.8,24.6,42.0,-95.2,13.7,0.0,123.0,1
D006009,6.2,1283.0,0.95,32.5,0.35,-60.6,-50.1,24.6,,-95.0,9.7,1.0,124.0,1
D006010,5.2,,1.17,28.0,0.52,-64.7,-50.5,23.5,37.0,-94.8,8.4,0.0,128.0,1
D006011,5.1,1208.0,1.23,27.0,0.47,-66.4,-48.0,24.2,43.0,-96.2,6.9,0.0,128.0,1
D006012,5.3,1217.0,0.96,27.5,0.51,-67.2,-52.0,23.3,43.0,-94.9,13.6,1.0,129.0,1
D006013,4.3,1370.0,1.26,23.0,0.48,-69.1,-49.3,28.1,31.0,-97.4,6.9,0.0,106.0,1
D006014,6.4,1039.0,0.97,27.5,0.69,-69.6,-54.8,26.9,43.0,-94.6,16.6,1.0,112.0,1
D006015,6.4,1276.0,1.42,36.5,0.41,-65.6,-48.6,22.2,51.0,-92.0,10.4,1.0,104.0,1
D006016,5.1,,0.99,29.0,0.55,-66.7,-50.3,24.1,44.0,-95.9,11.9,0.0,126.0,1
D006017,4.7,1183.0,1.23,29.0,0.46,-65.2,-49.5,23.5,45.0,-94.1,8.5,0.0,124.0,0
D006018,5.1,1172.0,1.08,32.0,0.4,-66.0,-50.4,25.2,46.0,-94.4,11.7,1.0,133.0,1
D006019,5.6,1177.0,1.08,31.0,0.42,-65.5,-48.6,23.2,48.0,-96.1,8.8,0.0,131.0,1
D006020,3.8,,1.17,38.5,0.64,-62.5,-49.3,30.0,42.0,-98.5,3.1,0.0,138.0,0
D006021,4.7,1200.0,1.08,26.0,0.46,-66.3,-50.0,23.4,45.0,-93.6,10.2,0.0,121.0,1
D006022,4.1,1177.0,1.03,30.0,0.4,-65.1,-50.4,23.9,41.0,-95.2,12.7,1.0,124.0,0
D006023,6.3,1342.0,0.96,28.5,0.6,-63.0,,25.9,31.0,-91.6,22.5,0.0,119.0,0
D006024,4.4,1213.0,1.03,30.5,,-66.6,-51.6,24.2,,-96.1,12.1,1.0,128.0,1
D006025,4.9,1187.0,1.01,29.0,0.46,-65.7,-51.6,24.5,43.0,-95.5,8.3,0.0,128.0,1
D006026,4.6,1183.0,1.18,26.0,0.51,-66.0,-51.1,,49.0,-94.0,11.3,0.0,124.0,1
D006027,5.7,1182.0,1.17,27.5,0.42,-66.7,-50.5,23.3,44.0,-95.5,11.7,0.0,123.0,1
D006028,4.9,1244.0,1.13,31.0,0.45,-65.0,-50.4,23.7,,-95.6,,0.0,122.0,1
D006029,3.5,1007.0,0.81,32.5,0.35,-61.1,-49.8,28.1,41.0,-91.3,3.9,1.0,131.0,0
D006030,5.1,1185.0,1.07,31.5,0.5,,-49.1,23.2,45.0,-96.7,14.6,1.0,132.0,0
D006031,5.0,1217.0,1.09,31.0,0.46,-65.0,-49.4,25.1,42.0,-94.4,9.2,1.0,121.0,1
D006032,5.1,1218.0,1.14,28.5,0.5,-66.2,-49.4,25.4,47.0,-95.5,9.2,1.0,136.0,1
D006033,5.2,1179.0,1.17,29.5,0.49,-65.2,-52.4,25.3,44.0,-95.3,13.1,0.0,124.0,1
D006034,3.0,1107.0,1.04,34.0,0.35,-70.0,-46.6,24.1,60.0,-95.7,21.4,1.0,107.0,0
D006035,4.8,1272.0,1.1,29.0,0.54,-64.6,-49.1,24.5,48.0,-98.1,8.9,1.0,126.0,0
D006036,6.2,1299.0,1.01,30.5,0.3,-63.8,-49.3,24.3,33.0,-98.8,20.9,1.0,139.0,0
D006037,5.3,1099.0,1.09,27.5,0.41,-64.8,-50.6,24.5,40.0,-93.7,10.2,,132.0,1
D006038,5.0,1196.0,1.1,30.0,0.48,-66.4,-50.4,23.3,36.0,-96.2,9.1,1.0,132.0,1
D006039,3.3,1312.0,1.07,28.5,0.5,-66.8,-50.5,25.0,,-97.1,21.4,1.0,140.0,0
D006040,4.1,1259.0,1.1,31.5,0.49,-66.7,-49.2,24.7,41.0,-94.4,11.7,1.0,124.0,1
D006041,4.8,1170.0,1.17,29.5,0.52,-65.3,-50.1,23.2,45.0,-93.3,10.1,0.0,130.0,1
D006042,5.3,1176.0,1.34,30.5,0.56,-63.5,-50.0,24.0,54.0,-97.0,4.2,1.0,131.0,1
D006043,5.1,1211.0,1.23,26.5,0.44,-65.4,-49.4,24.2,43.0,-95.3,9.4,1.0,124.0,0
D006044,5.2,1217.0,1.23,27.5,0.49,-66.2,-48.6,23.0,38.0,-97.1,13.5,1.0,129.0,1
D006045,5.4,1342.0,1.26,34.0,0.65,-64.5,-46.6,24.0,30.0,-98.3,3.6,0.0,113.0,1
D006046,4.6,1147.0,1.06,34.0,0.48,-65.8,-50.9,25.6,46.0,-96.2,12.9,1.0,133.0,1
D006047,5.7,1169.0,,29.5,0.53,-65.6,-51.0,24.2,35.0,-95.7,7.3,1.0,129.0,1
D006048,5.1,1238.0,1.2,30.5,0.43,-65.3,-50.5,23.7,40.0,-95.7,,1.0,125.0,1
D006049,4.6,1197.0,1.11,31.0,0.48,-66.0,-50.9,23.9,40.0,-93.5,6.7,0.0,139.0,1
D006050,5.0,1157.0,1.05,27.5,0.5,-64.2,-49.5,24.0,42.0,-95.3,5.4,0.0,129.0,1
D006051,6.5,1062.0,1.04,22.5,,-62.6,-53.0,20.3,58.0,-93.2,11.8,0.0,135.0,0
D006052,4.3,1176.0,1.04,32.0,0.5,,-50.6,23.5,43.0,-96.8,,0.0,132.0,1
D006053,6.5,1302.0,1.25,34.0,0.68,-69.0,-45.8,26.2,50.0,-90.0,10.7,1.0,128.0,1
D006054,5.2,1163.0,1.13,29.5,0.49,-65.4,-50.2,24.7,44.0,-96.2,10.6,1.0,135.0,1
D006055,5.6,1012.0,1.23,24.0,0.48,-67.8,-53.2,20.9,59.0,-92.7,3.4,1.0,113.0,0
D006056,4.8,1396.0,1.35,38.5,0.69,-63.0,-54.7,20.9,37.0,-95.2,11.9,1.0,145.0,0
D006057,5.0,1340.0,1.1,29.0,0.49,-64.6,-50.5,23.1,42.0,-95.8,9.2,0.0,124.0,1
D006058,4.7,1170.0,1.1,29.0,0.49,-66.3,-50.5,23.9,47.0,-95.4,5.3,1.0,130.0,1
D006059,5.1,1205.0,1.19,24.0,0.44,-68.3,-52.3,24.0,41.0,-96.3,11.1,1.0,131.0,1
D006060,5.1,1183.0,1.18,28.5,0.48,-64.4,-49.4,21.7,48.0,-94.8,9.3,1.0,128.0,1
D006061,3.9,1198.0,1.09,25.5,0.45,-67.0,-50.4,22.9,44.0,-94.5,13.2,0.0,,0
D006062,6.6,1009.0,0.94,25.5,0.42,-66.9,-48.8,26.9,35.0,-93.0,6.2,1.0,107.0,1
D006063,5.0,1195.0,1.09,25.5,0.49,-66.9,-48.9,23.3,44.0,-94.7,10.1,1.0,132.0,1
D006064,5.2,1179.0,1.16,26.5,0.55,-65.1,-49.9,23.9,45.0,-94.6,7.5,0.0,120.0,1
D006065,4.5,1158.0,1.15,33.0,0.49,-64.2,-48.7,24.6,49.0,-94.6,10.1,1.0,132.0,0
D006066,4.6,1198.0,1.22,32.5,0.49,-65.7,-49.6,24.0,39.0,-93.6,,,132.0,1
D006067,4.7,1228.0,1.12,,0.48,-66.0,-49.6,22.8,48.0,-95.6,7.4,0.0,123.0,1
D006068,5.3,1182.0,1.11,30.5,0.47,-67.1,-50.2,24.7,46.0,-95.8,10.1,1.0,125.0,1
D006069,4.8,1112.0,1.09,28.0,0.38,-66.1,-48.7,23.9,51.0,-96.1,7.9,0.0,123.0,1
D006070,3.2,1361.0,1.03,23.5,0.5,-65.5,-49.0,25.3,46.0,-90.3,12.4,1.0,140.0,0
D006071,4.9,1143.0,1.05,31.0,0.47,-65.1,-48.6,,39.0,-95.4,9.5,0.0,134.0,1
D006072,4.5,1179.0,1.11,27.5,0.47,-65.3,-49.2,24.1,42.0,-94.6,11.3,0.0,129.0,1
D006073,6.7,1233.0,1.29,22.0,0.37,-65.9,-45.6,28.3,49.0,-95.6,9.9,1.0,125.0,0
D006074,6.4,1366.0,0.88,26.5,0.6,-60.7,-45.2,27.1,40.0,-91.6,22.6,1.0,107.0,0
D006075,,1192.0,1.16,26.5,0.58,-65.1,-50.5,24.0,38.0,-95.6,6.6,1.0,125.0,1
D006076,4.6,1189.0,0.99,29.0,0.47,-65.1,-50.6,24.7,44.0,-94.8,10.6,1.0,132.0,1
D006077,5.0,1265.0,1.16,28.5,0.49,-64.4,-49.4,21.7,48.0,-96.0,8.4,0.0,138.0,1
D006078,5.4,1074.0,0.88,29.5,0.53,-65.6,-54.5,29.0,41.0,-96.4,12.2,0.0,103.0,1
D006079,5.3,1142.0,1.22,32.5,0.48,-63.7,-49.2,24.4,50.0,-96.0,7.7,0.0,132.0,1
D006080,4.7,1144.0,,29.5,0.43,-66.4,-49.3,22.1,45.0,-96.9,9.8,0.0,129.0,1
D006081,4.2,1195.0,1.16,26.5,0.49,-66.2,-50.4,23.0,41.0,-96.3,7.8,1.0,130.0,1
D006082,4.7,1123.0,1.04,30.0,0.58,-64.7,-48.9,24.5,47.0,-95.0,7.9,1.0,125.0,1
D006083,4.8,1177.0,1.11,26.0,0.45,-65.3,-50.2,25.3,46.0,-96.5,10.2,1.0,144.0,1
D006084,4.5,1221.0,1.06,27.0,0.52,-67.2,-50.2,22.3,49.0,-95.3,6.5,1.0,126.0,1
D006085,4.6,1228.0,1.09,,0.48,-65.5,-50.0,25.4,44.0,-94.4,11.5,1.0,136.0,1
D006086,4.5,1153.0,0.96,26.5,0.54,-66.6,-51.0,23.5,47.0,-97.1,6.3,1.0,132.0,1
D006087,5.0,1185.0,1.5,37.0,0.51,-62.0,-53.9,27.2,41.0,-96.3,23.9,1.0,130.0,0
D006088,4.9,1096.0,1.11,29.5,0.52,-66.4,-51.2,25.2,45.0,-96.3,8.3,1.0,125.0,0
D006089,4.8,1378.0,1.59,32.5,0.4,-65.8,-50.0,25.4,56.0,-96.0,9.0,1.0,141.0,1
D006090,5.1,1217.0,1.27,31.0,0.52,-65.1,-48.2,23.8,42.0,-95.7,13.5,1.0,132.0,1
D006091,3.9,1025.0,1.0,20.0,0.35,-64.9,-46.5,21.7,48.0,,17.9,1.0,136.0,0
D006092,5.2,1169.0,1.08,32.5,0.53,-66.0,-50.3,25.2,51.0,-95.3,8.0,0.0,127.0,1
D006093,4.8,1245.0,1.06,33.5,0.46,-65.0,-47.3,26.4,55.0,-92.2,11.1,0.0,143.0,1
D006094,3.0,1213.0,1.5,35.5,0.42,-62.3,-53.1,28.3,39.0,-97.5,19.5,0.0,138.0,0
D006095,5.0,1173.0,0.95,28.0,0.46,-66.3,-50.5,22.8,42.0,-95.8,6.7,0.0,125.0,1
D006096,4.7,1120.0,1.03,32.5,0.47,-66.3,-49.5,25.5,40.0,-96.6,7.4,0.0,131.0,1
D006097,4.8,1228.0,1.39,38.0,0.46,-60.9,-53.4,28.2,42.0,-98.0,6.1,0.0,103.0,0
D006098,4.6,1175.0,1.02,31.5,0.5,-65.9,-48.2,25.1,43.0,-95.3,10.1,0.0,129.0,1
D006099,5.2,1135.0,0.97,38.0,0.43,-69.7,-53.5,29.7,60.0,-99.9,21.1,0.0,145.0,1
D006100,4.8,1317.0,1.03,24.0,0.67,-60.4,-54.7,24.3,53.0,-98.1,21.7,0.0,145.0,0
D006101,4.4,1089.0,1.08,37.0,0.39,-64.0,-53.4,29.2,57.0,-95.6,0.5,1.0,104.0,0
D006102,5.2,1151.0,1.07,28.0,0.5,-66.0,-50.7,23.1,41.0,-94.8,,1.0,132.0,1
D006103,5.9,1156.0,1.12,31.0,0.47,-66.1,-49.1,22.8,46.0,-95.7,9.9,0.0,134.0,1
D006104,4.5,1189.0,1.16,29.5,0.49,-65.1,-50.0,22.2,40.0,-95.0,11.2,1.0,122.0,0
D006105,3.4,1373.0,1.46,22.0,0.63,,-47.1,27.7,35.0,-94.8,18.5,1.0,111.0,0
D006106,4.6,1167.0,,27.5,0.54,-64.1,-48.8,23.6,,-95.8,6.9,0.0,129.0,1
D006107,5.2,1205.0,1.13,30.0,0.51,-65.2,-49.5,23.8,47.0,-96.0,6.6,0.0,130.0,1
D006108,4.8,,1.09,28.0,0.5,-66.7,-49.9,25.9,46.0,-94.7,7.6,0.0,129.0,1
D006109,4.7,1262.0,1.0,25.0,0.52,-65.0,-50.3,24.7,44.0,-94.4,12.6,1.0,124.0,1
D006110,5.7,1162.0,1.13,29.5,0.54,-66.5,-49.4,21.9,44.0,-95.9,9.8,0.0,131.0,1
D006111,5.3,1133.0,1.11,30.5,0.49,-65.9,-50.3,24.2,41.0,-95.7,7.2,1.0,128.0,1
D006112,4.9,1093.0,1.2,25.0,0.45,-65.4,-50.6,24.5,44.0,-96.6,9.7,1.0,123.0,1
D006113,4.8,1120.0,1.06,29.5,0.47,-64.8,-48.7,23.6,,,14.2,0.0,128.0,1
D006114,5.3,1163.0,1.06,29.0,0.5,-65.5,-48.0,22.3,49.0,-95.3,11.8,1.0,134.0,1
D006115,4.7,,1.09,31.0,0.49,-65.3,-49.3,22.8,44.0,-94.2,10.2,0.0,135.0,1
D006116,3.5,1261.0,0.98,30.0,0.62,-62.4,-54.5,26.3,48.0,-90.8,18.0,1.0,119.0,0
D006117,5.2,1191.0,0.98,27.0,0.44,-62.8,-50.6,23.6,35.0,-97.2,8.9,1.0,133.0,1
D006118,4.4,1175.0,1.02,29.0,0.45,-65.3,-51.2,24.4,48.0,-94.6,9.4,0.0,130.0,1
D006119,5.4,1214.0,1.04,28.5,0.48,-66.3,-50.2,22.0,50.0,-96.2,5.8,0.0,123.0,1
D006120,4.5,1167.0,1.16,27.0,0.41,-65.3,-49.2,22.9,46.0,-94.9,9.5,1.0,130.0,0
D006121,6.6,1120.0,1.1,20.0,0.66,-61.8,-52.7,22.0,59.0,-92.9,18.0,1.0,136.0,0
D006122,4.4,1178.0,1.21,29.0,0.41,-63.9,-51.2,23.7,47.0,-92.6,7.5,1.0,126.0,0
D006123,5.3,1198.0,1.09,26.0,0.47,-66.1,-49.2,26.9,49.0,-96.5,8.9,1.0,125.0,1
D006124,4.2,1187.0,1.06,28.5,0.51,-64.8,-48.1,24.3,49.0,-95.7,8.5,0.0,130.0,0
D006125,4.6,1238.0,1.19,29.0,0.42,-65.6,-49.5,25.3,43.0,-96.3,11.3,1.0,124.0,0
D006126,4.5,1140.0,1.19,27.5,0.53,-66.5,-51.1,23.9,38.0,-95.6,4.5,1.0,138.0,1
D006127,4.6,,1.09,32.5,0.51,-66.7,-51.5,25.1,44.0,-95.1,8.4,0.0,130.0,1
D006128,7.0,1170.0,1.56,25.5,0.5,,-46.8,25.9,51.0,-94.1,19.0,1.0,124.0,0
D006129,4.6,1146.0,1.03,29.0,0.44,-67.1,-50.4,22.1,44.0,-94.7,11.2,0.0,139.0,1
D006130,4.7,1189.0,1.14,26.5,0.5,-66.0,-50.1,23.3,43.0,-97.7,12.0,1.0,132.0,1
D006131,4.9,1135.0,1.04,25.5,0.67,-67.1,-50.2,29.5,50.0,-96.0,12.3,0.0,133.0,0
D006132,4.5,1211.0,1.09,28.5,0.46,-63.6,-50.0,26.1,39.0,-93.7,12.4,0.0,126.0,1
D006133,5.2,1236.0,1.49,21.0,0.49,-60.4,-48.7,25.8,32.0,-93.4,1.8,1.0,129.0,0
D006134,4.3,1227.0,1.04,30.0,0.41,-66.1,-50.9,23.7,45.0,-93.6,8.2,1.0,122.0,1
D006135,5.1,1212.0,1.05,30.0,0.54,-65.2,-50.5,21.6,48.0,-95.0,10.2,1.0,123.0,0
D006136,5.1,1176.0,1.27,30.5,0.39,-65.2,-50.4,24.4,41.0,-95.7,6.6,1.0,,1
D006137,4.6,1217.0,1.05,31.5,0.58,-64.0,-50.6,24.4,46.0,-96.9,8.7,0.0,126.0,1
D006138,5.1,1152.0,1.11,30.5,0.49,-64.5,-49.8,23.5,45.0,-94.3,10.2,0.0,129.0,1
D006139,4.1,1184.0,1.32,38.5,0.59,-60.9,-49.7,27.6,44.0,-99.8,18.2,1.0,131.0,0
D006140,4.5,1226.0,1.0,31.0,0.51,-66.0,-50.2,25.1,41.0,-95.2,8.6,0.0,132.0,1
D006141,5.0,1246.0,1.04,31.0,0.44,-65.2,-49.7,25.7,40.0,-96.6,10.8,0.0,,1
D006142,6.2,1340.0,1.59,31.5,0.55,-69.1,-46.1,21.2,48.0,-90.7,8.2,0.0,118.0,1
D006143,5.4,1181.0,0.83,36.5,0.49,,-50.6,29.6,52.0,-99.6,13.2,0.0,140.0,1
D006144,4.9,1114.0,1.1,25.5,0.35,-66.0,-51.2,24.3,47.0,-96.1,8.1,0.0,126.0,0
D006145,4.4,1228.0,1.49,34.5,0.59,-60.9,-48.6,24.4,34.0,,,1.0,149.0,0
D006146,5.2,1169.0,1.14,30.5,0.54,-66.8,-50.3,24.2,43.0,-96.0,8.2,1.0,125.0,1
D006147,4.8,1170.0,1.02,29.0,0.48,,-50.3,24.4,41.0,-94.8,12.5,0.0,121.0,1
D006148,5.2,1186.0,1.2,30.5,0.45,-67.4,-49.6,23.2,47.0,-96.0,4.4,0.0,132.0,1
D006149,4.8,1134.0,1.13,27.0,0.56,-64.2,-50.4,24.3,49.0,-96.7,11.4,0.0,129.0,1
D006150,5.0,1184.0,1.09,27.5,0.54,-65.0,-50.2,,45.0,-95.6,10.5,1.0,128.0,1
D006151,6.8,1190.0,1.33,20.0,0.46,-61.0,-48.2,28.8,35.0,-96.2,2.9,1.0,101.0,0
D006152,4.2,1095.0,1.58,37.0,0.65,-63.9,-54.2,26.1,37.0,-94.3,18.7,1.0,128.0,0
D006153,4.6,1214.0,1.1,28.5,0.49,-64.4,-49.5,25.3,42.0,-95.3,4.7,1.0,120.0,1
D006154,3.8,1326.0,,34.0,0.5,-65.7,-54.8,20.2,57.0,-96.7,1.1,0.0,120.0,0
D006155,4.5,1134.0,1.07,29.5,0.51,-66.5,-51.1,24.8,42.0,-94.9,5.8,0.0,131.0,1
D006156,6.4,1006.0,0.97,30.0,0.36,-69.4,-48.4,23.1,44.0,-91.5,18.4,1.0,149.0,1
D006157,4.9,1106.0,1.11,31.5,0.45,-66.2,-49.3,22.6,44.0,-96.5,7.4,0.0,122.0,1
D006158,4.6,1182.0,1.08,28.5,0.43,-66.8,-49.9,24.9,41.0,-96.4,7.6,1.0,132.0,1
D006159,3.1,1046.0,1.52,26.5,0.32,-68.0,-51.9,22.9,58.0,-99.4,14.6,0.0,109.0,0
D006160,4.5,1050.0,1.06,22.0,0.49,-61.2,-52.8,26.3,30.0,-92.8,13.2,0.0,128.0,0
D006161,4.6,1221.0,1.08,28.5,0.41,-66.9,-50.3,22.5,50.0,-95.2,11.6,1.0,112.0,0
D006162,5.3,1032.0,1.18,29.5,0.43,-69.9,-47.8,20.1,46.0,-90.4,15.9,0.0,110.0,1
D006163,5.0,1213.0,1.22,29.0,0.45,-64.2,-49.8,24.7,43.0,-96.7,12.6,1.0,121.0,0
D006164,4.1,1146.0,1.19,38.5,0.42,-66.5,-46.7,29.0,42.0,-99.5,1.1,0.0,134.0,1
D006165,3.6,1252.0,1.1,39.5,0.69,-61.1,-50.7,21.8,57.0,-93.7,18.1,1.0,120.0,0
D006166,4.9,1143.0,1.09,31.0,0.47,-64.4,-51.0,23.9,43.0,-94.1,11.1,0.0,130.0,1
D006167,4.0,1279.0,1.52,39.0,0.6,-60.1,-47.6,22.8,53.0,-95.8,21.1,0.0,103.0,0
D006168,4.8,1175.0,1.17,29.5,0.46,-65.5,-50.7,22.2,45.0,-96.3,5.7,1.0,125.0,1
D006169,4.7,1258.0,1.07,33.0,0.44,-63.1,-49.5,25.8,31.0,-94.0,,1.0,109.0,0
D006170,3.5,1262.0,1.47,22.5,0.5,-66.5,-48.8,20.1,52.0,-92.9,16.0,0.0,149.0,0
D006171,6.4,1088.0,1.28,26.0,0.69,-66.6,-46.3,20.2,41.0,-92.5,18.4,0.0,102.0,0
D006172,4.7,1203.0,1.0,32.0,0.46,-66.3,-49.2,22.3,49.0,-95.0,9.0,0.0,128.0,1
D006173,3.5,1185.0,1.3,22.0,0.6,-63.0,-52.3,22.7,52.0,-92.8,9.8,1.0,132.0,0
D006174,4.1,1030.0,0.93,35.0,0.45,-63.7,-47.0,29.3,54.0,-96.2,14.2,1.0,134.0,0
D006175,5.3,1214.0,1.19,31.5,0.5,-65.2,-50.7,25.0,39.0,-95.5,12.5,1.0,122.0,1
D006176,5.3,1164.0,1.12,26.0,0.48,-64.9,-47.3,24.7,42.0,-93.7,8.2,0.0,126.0,1
D006177,4.3,1186.0,1.08,30.0,0.5,-67.2,-49.0,23.4,42.0,-95.8,6.9,0.0,126.0,1
D006178,5.8,1142.0,0.8,32.5,0.62,-62.1,-51.9,28.0,35.0,,12.2,1.0,116.0,1
D006179,3.2,1195.0,1.44,34.5,0.44,-61.2,-50.6,24.4,30.0,-90.6,8.0,0.0,143.0,1
D006180,5.6,1167.0,1.21,30.0,0.48,-64.7,-51.2,,43.0,-94.8,10.1,1.0,125.0,1
D006181,4.9,1124.0,1.1,27.5,0.55,-64.3,-50.2,23.9,47.0,-96.3,4.8,0.0,124.0,1
D006182,6.4,1009.0,1.55,21.5,0.45,-66.8,-46.4,23.4,53.0,-97.7,11.8,0.0,139.0,1
D006183,4.2,1164.0,0.86,22.0,0.3,-68.0,-48.1,22.8,31.0,-98.0,1.2,1.0,103.0,0
D006184,5.4,1204.0,1.08,30.0,0.51,-64.4,-48.5,25.0,42.0,-94.0,7.7,0.0,122.0,1
D006185,4.1,1173.0,1.06,28.0,0.5,-65.2,-48.8,25.0,43.0,-95.3,10.9,1.0,127.0,1
D006186,5.0,1209.0,1.1,27.5,0.55,-65.1,-48.4,23.3,43.0,-94.0,9.8,0.0,124.0,1
D006187,5.0,,1.02,30.0,0.53,-65.5,-51.6,23.2,43.0,-95.0,8.2,0.0,126.0,1
D006188,6.5,1240.0,1.02,27.5,0.64,,-49.2,23.3,39.0,-92.5,18.4,1.0,113.0,1
D006189,4.2,1177.0,0.87,31.0,,-65.6,-49.9,21.5,45.0,-96.3,6.6,1.0,134.0,1
D006190,4.0,1224.0,1.1,30.0,0.46,-65.8,-51.6,25.1,47.0,-96.2,8.6,1.0,127.0,1
D006191,4.8,1033.0,0.94,,0.44,-62.6,-50.9,28.2,32.0,-93.7,18.3,0.0,128.0,1
D006192,5.2,1149.0,1.16,29.0,0.49,-65.9,-48.9,22.7,43.0,-96.5,9.4,1.0,126.0,0
D006193,4.8,1202.0,0.97,36.5,0.39,-62.6,-54.3,21.1,54.0,-97.4,23.1,1.0,,0
D006194,4.7,1190.0,1.13,27.5,0.53,-65.5,-49.9,26.6,44.0,-96.0,8.3,1.0,132.0,0
D006195,5.4,1202.0,1.11,31.5,0.51,-65.5,-50.2,22.7,47.0,-95.7,11.5,1.0,133.0,1
D006196,3.9,1335.0,1.39,28.0,0.67,-66.2,-50.1,21.3,58.0,-98.0,16.6,0.0,100.0,0
D006197,5.7,1219.0,1.39,20.5,0.69,-68.3,-54.7,27.6,59.0,-94.5,2.8,1.0,136.0,0
D006198,4.6,1110.0,1.26,30.5,0.48,,-49.8,25.2,44.0,-95.1,10.8,0.0,122.0,1
D006199,5.1,1183.0,1.06,29.0,0.5,,-51.2,24.4,47.0,-94.9,13.1,0.0,141.0,1
D006200,3.6,1169.0,1.49,32.5,0.43,-69.4,-50.0,21.0,47.0,-96.6,19.2,1.0,123.0,0
D006201,5.9,1312.0,0.96,38.0,0.43,-66.3,-46.9,23.3,58.0,-94.1,12.5,0.0,141.0,1
D006202,4.5,1194.0,1.07,29.5,0.54,-65.2,-50.4,24.5,46.0,-94.3,10.6,0.0,126.0,1
D006203,4.9,1193.0,1.21,31.0,,-65.1,-49.7,24.4,45.0,-96.9,12.7,0.0,129.0,1
D006204,4.9,1143.0,0.97,31.0,0.47,-66.9,-51.2,23.8,36.0,-96.7,10.3,1.0,129.0,1
D006205,5.0,1197.0,1.13,30.0,0.55,-64.9,-51.1,23.0,46.0,-94.7,10.1,0.0,122.0,1
D006206,5.7,1166.0,0.97,27.0,0.45,-63.4,-50.7,24.1,44.0,-96.2,7.9,1.0,125.0,1
D006207,,1149.0,1.15,30.5,0.46,-63.6,-49.8,25.1,43.0,-95.2,11.0,1.0,128.0,1
D006208,4.9,1161.0,1.14,31.0,0.47,-65.8,-49.8,24.8,45.0,-94.8,4.4,0.0,130.0,1
D006209,3.9,1387.0,1.5,39.5,0.52,-69.7,-51.5,21.8,50.0,-95.2,10.2,1.0,103.0,0
D006210,5.4,1185.0,1.03,27.0,0.44,-66.2,-51.3,23.4,42.0,-95.1,9.8,0.0,129.0,1
D006211,5.5,1158.0,0.82,35.5,0.38,-69.1,-45.8,20.7,35.0,-95.7,,0.0,104.0,1
D006212,4.7,1281.0,1.13,30.0,0.5,-64.5,-48.8,22.8,40.0,-93.8,9.2,1.0,116.0,1
D006213,4.9,1147.0,1.1,28.0,0.46,-64.0,-50.2,23.8,42.0,-96.1,8.8,1.0,122.0,0
D006214,5.0,1166.0,1.26,30.0,0.5,-64.9,-51.0,22.7,43.0,-94.7,10.8,0.0,131.0,0
D006215,5.1,1178.0,1.14,29.5,0.49,-66.7,-49.4,24.1,49.0,-94.7,6.8,1.0,130.0,1
D006216,4.9,1221.0,1.57,29.0,0.69,-67.0,-52.1,20.1,35.0,-97.0,0.1,1.0,134.0,0
D006217,4.5,1183.0,1.1,26.0,0.55,-66.5,-49.0,23.4,44.0,-96.3,8.2,1.0,127.0,0
D006218,4.9,1218.0,1.04,28.0,0.51,-63.9,-50.2,,40.0,-96.9,5.9,0.0,125.0,1
D006219,5.7,1324.0,1.22,23.0,0.43,-69.3,-46.5,23.0,48.0,-98.9,10.0,1.0,105.0,1
D006220,5.0,1252.0,1.11,30.5,0.52,-65.2,-49.3,23.8,42.0,-95.8,10.1,0.0,124.0,1
D006221,4.6,1123.0,0.98,31.5,0.57,-64.5,-48.8,22.6,45.0,-94.0,8.1,1.0,124.0,1
D006222,5.1,1233.0,1.25,28.0,0.52,-67.8,-49.4,22.8,40.0,-95.0,9.0,1.0,139.0,1
D006223,6.1,1151.0,0.82,27.0,0.58,-60.6,-50.6,26.0,42.0,-96.2,1.0,0.0,101.0,1
D006224,3.5,1256.0,1.15,24.0,0.53,-61.5,-50.4,21.2,31.0,-94.3,,0.0,140.0,1
D006225,4.4,1186.0,1.05,31.5,0.49,-65.7,-50.0,26.3,45.0,-94.9,7.9,1.0,123.0,0
D006226,4.7,1146.0,1.16,30.5,0.53,-64.9,-51.2,25.9,46.0,-94.5,8.7,1.0,122.0,1
D006227,,1152.0,1.14,31.0,,-65.4,-48.8,25.7,40.0,-95.9,7.4,0.0,130.0,1
D006228,4.9,1274.0,1.11,27.0,0.48,-66.3,-50.1,25.1,50.0,-94.1,7.6,1.0,126.0,1
D006229,3.7,1391.0,1.41,21.0,0.41,-65.4,-45.5,27.3,36.0,-98.9,20.5,0.0,117.0,0
D006230,4.0,1006.0,1.06,33.0,0.57,-60.7,-49.1,21.1,42.0,-93.1,12.8,0.0,100.0,0
D006231,5.0,1139.0,1.15,31.0,0.51,-65.2,-51.5,24.2,39.0,-97.2,,1.0,127.0,1
D006232,4.7,1221.0,1.13,30.5,0.5,-66.2,-51.9,23.3,45.0,-95.3,11.4,1.0,120.0,1
D006233,4.3,1259.0,1.19,30.0,0.5,-63.4,-50.3,23.9,45.0,-95.9,7.4,0.0,136.0,1
D006234,5.4,1222.0,1.2,29.0,0.46,-65.7,-51.5,23.3,50.0,-97.6,10.0,0.0,135.0,1
D006235,4.1,1202.0,1.13,28.0,0.52,-66.1,-50.3,24.2,38.0,-94.5,11.0,1.0,131.0,1
D006236,5.9,1286.0,1.05,32.5,0.5,-65.9,-50.9,25.1,39.0,-95.7,9.2,0.0,141.0,1
D006237,4.8,1186.0,1.09,27.5,0.51,-64.8,-49.8,23.8,42.0,-93.9,7.0,1.0,130.0,1
D006238,4.9,1260.0,1.1,32.0,0.39,-64.5,-49.8,,49.0,-96.7,10.0,1.0,134.0,1
D006239,4.5,1203.0,1.07,36.0,0.48,-67.7,-49.5,23.4,48.0,-96.6,9.3,1.0,122.0,1
D006240,5.2,1176.0,1.15,28.0,0.43,-65.1,-51.9,23.5,41.0,-94.4,8.0,1.0,128.0,1
D006241,5.8,1190.0,0.85,24.5,0.35,-69.3,,24.4,57.0,-92.0,15.5,1.0,120.0,0
D006242,4.6,1189.0,0.99,33.0,0.41,-65.6,-50.3,23.3,50.0,-96.3,8.5,0.0,131.0,1
D006243,5.3,1140.0,1.15,29.5,0.48,-65.1,-49.8,26.2,42.0,-96.3,8.6,1.0,122.0,1
D006244,5.1,1016.0,1.17,34.5,0.49,-63.7,-48.3,21.8,42.0,-95.7,6.6,1.0,137.0,1
D006245,4.8,1233.0,1.0,25.5,0.52,-66.0,-49.5,24.5,38.0,-94.1,7.8,0.0,131.0,1
D006246,4.4,1178.0,1.16,28.5,0.56,-63.5,-49.8,24.1,48.0,-94.5,9.2,0.0,138.0,0
D006247,6.6,1304.0,0.99,30.5,0.62,-63.4,-46.9,27.8,32.0,-96.3,4.5,1.0,111.0,1
D006248,5.7,1112.0,1.41,23.0,0.68,-68.5,-55.0,25.8,51.0,-93.0,3.7,0.0,126.0,0
D006249,5.3,1204.0,1.15,29.5,0.5,-65.3,-52.0,22.9,44.0,-96.1,5.0,0.0,128.0,1
D006250,4.3,1133.0,1.21,31.5,0.5,-65.8,-48.2,25.8,43.0,-95.1,5.0,1.0,124.0,1
D006251,4.7,1176.0,1.14,28.0,0.44,-64.4,-51.0,24.6,41.0,-96.1,8.5,1.0,121.0,0
D006252,6.0,1315.0,1.41,37.0,0.47,-63.3,-46.1,23.8,58.0,-99.9,14.2,0.0,116.0,1
D006253,4.6,1226.0,1.05,30.0,0.45,-66.7,-50.8,22.9,41.0,-94.4,11.7,0.0,123.0,1
D006254,4.8,1249.0,1.15,28.5,0.48,-65.4,-48.9,24.8,43.0,-94.5,13.7,1.0,118.0,1
D006255,4.6,1180.0,1.12,30.0,0.45,-65.0,-51.6,25.1,46.0,-95.5,13.8,0.0,130.0,1
D006256,6.4,1166.0,0.94,29.0,0.4,-61.5,-49.1,30.0,43.0,-94.4,16.9,1.0,125.0,0
D006257,4.8,1305.0,1.05,22.5,0.67,-61.1,-49.9,29.4,37.0,-99.0,5.1,0.0,128.0,0
D006258,6.8,1275.0,1.16,39.5,0.45,-63.3,-48.3,24.0,43.0,-93.5,8.3,0.0,126.0,1
D006259,4.6,1240.0,1.08,29.5,0.43,-65.2,-50.2,24.3,42.0,-95.8,10.2,1.0,131.0,1
D006260,4.8,1179.0,,29.0,0.42,-65.0,-51.5,24.5,41.0,-93.8,8.1,1.0,127.0,0
D006261,6.2,1131.0,1.29,21.0,0.43,-67.8,-46.1,22.0,59.0,-99.3,12.6,1.0,133.0,0
D006262,5.5,1254.0,1.45,35.5,0.57,-64.7,-46.1,22.0,35.0,-92.7,3.2,1.0,113.0,1
D006263,5.0,,1.1,26.5,0.55,-63.9,-52.3,23.9,43.0,-95.7,7.3,1.0,136.0,0
D006264,4.7,1181.0,1.2,27.5,0.47,-66.6,-51.8,23.7,42.0,-95.4,11.6,0.0,129.0,1
D006265,5.2,1174.0,1.22,27.0,0.52,-66.4,-50.0,25.1,43.0,-96.6,9.5,1.0,124.0,1
D006266,4.6,1188.0,1.18,26.0,0.51,-65.0,-48.6,23.3,47.0,-96.4,8.4,1.0,117.0,1
D006267,5.0,1181.0,1.14,30.5,0.44,-64.8,-51.7,23.7,52.0,-95.8,8.8,1.0,128.0,1
D006268,4.4,1219.0,1.18,33.0,0.51,-65.3,-49.4,24.1,47.0,-95.6,12.0,0.0,132.0,1
D006269,5.4,1160.0,1.16,28.5,0.46,-65.6,-48.6,24.1,43.0,-95.8,9.9,0.0,126.0,0
D006270,4.8,1126.0,1.13,28.5,0.49,-65.4,-50.3,,45.0,-96.2,3.2,,133.0,0
D006271,5.5,1199.0,0.99,26.5,0.44,-65.1,-48.6,24.7,45.0,-96.5,6.0,1.0,135.0,1
D006272,5.4,1162.0,1.11,28.0,0.44,-66.2,-48.2,23.8,48.0,-95.3,8.4,1.0,132.0,1
D006273,4.7,1174.0,,31.0,0.53,-65.2,-51.8,23.6,46.0,-95.6,7.7,0.0,129.0,1
D006274,4.7,1147.0,1.04,30.0,0.51,-63.9,-48.2,25.2,45.0,-94.7,3.1,1.0,127.0,0
D006275,4.9,1247.0,1.06,,0.49,-65.8,-50.9,24.3,44.0,-96.9,10.9,1.0,135.0,1
D006276,5.0,1165.0,1.09,26.5,0.54,-66.2,-49.3,24.6,43.0,-95.6,7.6,1.0,124.0,0
D006277,5.4,1021.0,1.03,26.5,0.45,-66.5,-54.0,24.1,40.0,-98.0,3.4,,148.0,1
D006278,4.2,1100.0,1.02,30.5,0.47,-66.2,-49.1,25.0,45.0,-94.8,11.7,1.0,128.0,0
D006279,4.0,1134.0,1.11,31.5,0.44,,-48.6,24.1,44.0,-97.5,12.1,0.0,124.0,1
D006280,6.7,1094.0,1.14,20.5,0.33,-62.8,-54.9,27.9,43.0,-91.7,2.6,1.0,103.0,0
D006281,5.0,1204.0,1.29,30.0,0.47,-64.0,-51.4,25.4,46.0,-95.5,11.5,0.0,125.0,1
D006282,3.9,1201.0,1.15,26.5,0.5,-66.4,-50.0,23.2,46.0,-93.8,4.4,1.0,137.0,0
D006283,4.9,1184.0,1.11,26.5,0.49,-64.8,-49.5,23.0,41.0,-96.1,14.8,1.0,132.0,1
D006284,3.4,1231.0,1.51,24.0,0.44,-68.8,-53.8,25.8,58.0,-92.8,14.8,0.0,131.0,0
D006285,4.7,1196.0,1.1,30.5,0.51,-62.9,-51.2,23.6,43.0,-96.4,4.7,0.0,127.0,1
D006286,4.2,1375.0,1.07,38.5,0.32,-61.8,-54.9,25.3,30.0,-94.8,12.2,1.0,,1
D006287,5.0,1176.0,0.99,29.5,0.46,-66.9,-51.9,23.3,43.0,-95.6,8.9,0.0,128.0,1
D006288,5.4,1184.0,1.14,29.5,0.5,-66.2,-50.1,24.1,47.0,-95.5,8.6,1.0,132.0,1
D006289,6.8,1318.0,1.07,26.0,0.6,-61.5,-49.1,29.0,36.0,-99.7,13.6,0.0,108.0,0
D006290,6.1,1228.0,1.08,30.0,0.48,-65.6,-50.4,23.2,45.0,-96.0,10.7,0.0,128.0,1
D006291,4.4,1168.0,1.01,24.0,0.47,-64.9,-51.2,24.0,46.0,-96.8,7.8,1.0,131.0,1
D006292,4.8,1189.0,1.13,30.0,0.43,-66.1,-49.7,24.5,41.0,-94.0,10.7,0.0,132.0,0
D006293,5.2,1338.0,1.35,31.0,0.44,-67.4,-53.8,27.0,36.0,-95.7,21.5,0.0,135.0,1
D006294,4.4,1238.0,1.07,24.5,0.5,-67.9,-51.0,21.5,,-93.9,10.3,0.0,,1
D006295,4.7,1187.0,0.95,28.5,0.49,-64.8,-49.8,24.1,48.0,-93.9,5.4,0.0,123.0,1
D006296,4.3,1107.0,1.57,33.0,0.4,-63.7,-53.0,22.9,43.0,-99.9,12.9,0.0,114.0,1
D006297,4.7,1017.0,,24.5,0.47,-61.3,,26.4,45.0,-98.9,12.4,1.0,136.0,0
D006298,4.4,1105.0,1.21,31.5,0.44,-66.2,-50.3,23.2,43.0,-97.0,13.1,1.0,128.0,0
D006299,4.5,1194.0,1.11,28.0,0.51,-64.7,-49.5,21.9,47.0,-95.7,11.6,1.0,125.0,0
D006300,4.0,1205.0,1.04,30.5,0.47,-64.8,-50.9,24.3,37.0,-94.2,8.1,0.0,135.0,1
D006301,5.5,1230.0,1.54,34.5,0.44,-65.9,-50.0,21.6,39.0,-98.7,18.0,1.0,111.0,0
D006302,4.8,1262.0,0.96,31.0,0.57,-60.7,-51.8,23.4,46.0,-97.5,19.6,1.0,115.0,0
D006303,6.5,1293.0,0.87,31.0,0.63,-66.6,-48.6,23.1,42.0,-96.5,10.4,0.0,106.0,1
D006304,4.8,1175.0,0.9,32.0,0.31,-62.9,-45.7,26.3,37.0,-94.0,2.4,0.0,107.0,0
D006305,4.6,1348.0,1.34,29.5,0.7,-64.9,-45.1,25.4,51.0,-95.7,19.2,1.0,128.0,0
D006306,4.6,1163.0,1.22,32.0,0.51,-64.4,-50.2,24.0,49.0,-96.1,10.6,0.0,128.0,1
D006307,4.5,1146.0,1.05,32.5,0.51,-66.7,-51.7,22.9,39.0,-96.3,5.7,0.0,123.0,1
D006308,3.8,1342.0,1.34,31.0,0.61,-69.3,-48.3,20.2,38.0,-99.5,16.4,1.0,103.0,0
D006309,4.3,1002.0,1.39,36.0,0.41,-68.8,-50.3,29.3,49.0,-91.9,4.8,1.0,134.0,0
D006310,5.2,1148.0,1.05,28.5,0.49,-66.3,-49.6,24.9,44.0,-94.4,7.7,0.0,127.0,1
D006311,5.5,1240.0,1.13,29.5,0.57,-63.9,-50.8,24.4,44.0,-95.5,11.9,0.0,128.0,1
D006312,4.7,1114.0,1.13,25.0,0.46,-64.1,-49.8,23.8,42.0,-96.7,7.8,1.0,117.0,1
D006313,5.9,1107.0,1.31,26.5,0.38,-69.8,-50.0,25.8,54.0,-98.9,8.7,0.0,129.0,1
D006314,4.7,1024.0,0.96,30.5,0.41,-63.4,-53.4,21.1,47.0,-93.3,11.0,1.0,113.0,1
D006315,4.2,1374.0,1.55,22.0,0.42,-65.2,-45.3,29.7,52.0,-98.0,23.0,0.0,137.0,0
D006316,5.1,1156.0,1.1,28.0,0.52,-67.3,-50.9,25.6,41.0,,6.2,1.0,137.0,1
D006317,4.9,1001.0,1.33,29.0,0.54,-69.7,,28.9,43.0,-97.9,9.4,0.0,107.0,0
D006318,3.5,1028.0,1.34,38.5,0.65,-67.2,-52.7,21.1,59.0,-94.2,23.5,1.0,108.0,0
D006319,4.5,1225.0,1.28,33.0,0.56,-60.5,-47.1,26.0,58.0,-96.4,21.2,0.0,103.0,0
D006320,4.4,1268.0,1.19,26.0,0.54,-69.0,-53.0,20.5,48.0,-91.7,1.2,1.0,104.0,0
D006321,5.1,1169.0,1.16,27.0,0.49,-66.1,-50.6,24.4,39.0,-95.3,,0.0,,1
D006322,3.7,1034.0,1.45,27.5,0.41,-61.6,-50.3,20.1,,-91.3,19.5,1.0,140.0,0
D006323,3.5,1041.0,1.07,22.0,0.44,-61.8,-47.9,26.9,48.0,-96.4,6.3,1.0,123.0,0
D006324,4.4,1213.0,1.05,22.0,0.46,-67.3,-46.5,23.5,,-93.1,23.1,1.0,100.0,0
D006325,4.7,,1.11,32.5,0.5,-65.1,-48.9,22.6,41.0,-96.0,10.7,0.0,131.0,1
D006326,4.7,1203.0,0.83,23.5,0.64,-63.0,-47.3,23.8,32.0,-92.1,19.1,1.0,136.0,0
D006327,4.8,1231.0,1.06,26.5,0.52,-64.7,-49.1,23.3,45.0,-94.9,6.0,1.0,122.0,0
D006328,6.8,1098.0,1.04,32.5,0.43,-64.5,-49.9,22.7,51.0,-91.4,18.8,0.0,113.0,1
D006329,5.4,1318.0,1.07,25.0,0.65,-69.1,-46.5,,49.0,-96.1,19.6,1.0,124.0,0
D006330,5.2,1170.0,1.23,26.5,0.43,-65.7,-49.5,24.3,45.0,-95.6,6.8,1.0,119.0,0
D006331,4.7,1182.0,0.93,29.0,0.66,-68.7,-54.0,27.3,60.0,-96.5,1.2,1.0,104.0,0
D006332,6.3,1398.0,0.9,30.5,0.38,-67.9,-50.8,26.8,34.0,-98.6,20.7,0.0,144.0,1
D006333,4.0,1356.0,1.43,35.0,0.54,-67.0,-54.1,24.0,46.0,-95.9,1.6,0.0,119.0,1
D006334,3.8,1268.0,1.54,32.0,0.4,-61.2,-49.1,24.3,36.0,,9.3,1.0,142.0,0
D006335,5.4,1184.0,1.0,27.0,0.47,-64.2,-51.2,24.2,42.0,-95.6,6.1,1.0,122.0,1
D006336,4.0,1298.0,0.99,40.0,0.52,-66.0,-51.7,25.6,43.0,-98.6,6.1,0.0,104.0,1
D006337,5.5,,1.01,29.5,0.53,-65.9,-51.2,24.7,45.0,-96.4,10.5,1.0,134.0,1
D006338,4.2,1192.0,,29.0,0.6,-65.0,-49.3,23.6,46.0,-95.4,10.2,0.0,124.0,1
D006339,5.4,1224.0,1.11,28.5,0.51,-65.8,-49.2,23.2,,-95.3,10.9,0.0,122.0,1
D006340,4.0,1204.0,0.93,29.0,0.68,-66.7,-49.2,24.0,41.0,-96.6,2.4,0.0,123.0,1
D006341,,1218.0,1.13,33.5,0.49,-65.9,-49.6,24.8,43.0,-95.6,,1.0,,1
D006342,5.9,1179.0,1.12,36.5,0.57,-60.0,-51.2,23.5,52.0,-96.3,23.9,1.0,146.0,1
D006343,5.3,1092.0,1.18,24.0,0.63,-66.5,-52.8,25.4,51.0,-92.3,13.9,0.0,,0
D006344,4.2,1142.0,1.56,26.0,0.36,-61.6,-54.9,24.3,33.0,-99.6,9.4,1.0,115.0,0
D006345,5.0,1183.0,1.25,29.5,0.45,-64.7,-49.7,23.4,45.0,-96.6,11.7,1.0,133.0,1
D006346,4.9,1212.0,1.1,29.5,0.5,-64.2,-50.5,24.3,42.0,-94.2,12.2,1.0,122.0,1
D006347,4.6,1218.0,1.07,28.0,0.48,,-50.1,22.7,40.0,-96.1,11.3,1.0,120.0,1
D006348,5.3,1106.0,1.41,23.0,0.36,-64.3,-53.2,27.5,55.0,-95.3,17.6,0.0,125.0,0
D006349,5.1,1169.0,1.06,32.0,0.53,-65.5,-50.3,23.5,42.0,-94.7,10.9,1.0,128.0,1
D006350,4.8,1206.0,1.01,26.5,0.45,-65.1,-48.4,23.1,,-93.0,8.0,,144.0,1
D006351,4.0,1158.0,0.9,25.0,0.45,-65.0,-50.1,24.1,40.0,-97.3,11.2,0.0,120.0,1
D006352,5.0,1164.0,0.99,29.0,,-65.1,-50.1,24.3,43.0,-96.8,12.8,1.0,,0
D006353,3.1,1343.0,1.07,28.5,0.38,-62.5,-55.0,29.5,45.0,-93.4,6.7,0.0,126.0,0
D006354,5.0,1279.0,1.47,28.0,0.39,-65.7,-48.4,,31.0,-94.6,2.3,1.0,138.0,1
D006355,5.4,1021.0,1.16,32.0,0.41,-67.3,-53.7,,50.0,-95.6,15.8,0.0,104.0,0
D006356,5.6,1175.0,1.18,38.0,0.49,-65.9,-45.6,29.1,44.0,-98.1,17.5,0.0,142.0,1
D006357,4.1,1128.0,1.14,29.0,0.51,-64.4,-51.1,25.1,43.0,-95.0,6.9,0.0,127.0,1
D006358,3.8,1253.0,0.8,28.5,0.47,-68.1,-49.8,20.9,53.0,-95.5,3.9,1.0,115.0,1
D006359,5.0,1151.0,1.05,30.5,0.52,-65.1,-50.3,23.7,43.0,-94.5,9.0,,129.0,1
D006360,4.7,1201.0,1.27,28.0,0.52,-63.3,-50.7,22.8,44.0,-95.2,8.6,0.0,,0
D006361,5.0,1136.0,1.16,33.0,0.47,-66.0,-50.4,25.3,48.0,-95.8,8.3,1.0,131.0,0
D006362,4.4,1127.0,0.93,,0.49,-65.3,-49.2,23.3,54.0,-96.7,8.9,1.0,132.0,1
D006363,4.5,1273.0,0.95,29.5,0.59,-65.5,-49.5,23.1,39.0,-94.9,,1.0,134.0,1
D006364,6.6,1028.0,0.85,23.5,0.31,-67.4,-52.2,26.3,55.0,-97.6,2.5,1.0,135.0,1
D006365,4.5,1148.0,1.03,30.0,0.44,-65.3,-49.2,24.1,43.0,-96.8,11.9,1.0,133.0,1
D006366,5.7,1224.0,1.14,28.0,0.45,-65.5,-50.4,25.1,41.0,-95.0,11.8,0.0,126.0,1
D006367,5.2,1135.0,1.04,27.5,0.41,-64.9,-49.9,24.5,46.0,-95.6,9.3,1.0,125.0,1
D006368,4.4,1136.0,1.03,29.5,0.42,-64.0,-49.9,23.3,48.0,-95.0,7.7,0.0,133.0,1
D006369,3.8,1212.0,0.99,21.5,0.3,-61.1,-49.6,25.7,43.0,-95.4,1.7,0.0,105.0,0
D006370,7.0,1141.0,1.45,33.0,0.55,-66.7,-47.3,27.1,35.0,-95.8,20.2,0.0,127.0,0
D006371,4.3,1129.0,1.11,31.0,0.49,-65.7,-50.4,23.8,45.0,-95.6,,0.0,129.0,1
D006372,4.6,1203.0,1.09,26.0,0.46,-66.5,-49.3,22.7,49.0,-96.5,6.6,0.0,130.0,1
D006373,4.0,1089.0,1.56,31.0,0.55,-64.7,-53.3,29.8,44.0,-96.1,11.0,1.0,144.0,0
D006374,5.1,1091.0,1.27,29.0,0.53,-64.0,-48.6,22.5,41.0,-94.5,8.3,1.0,125.0,0
D006375,5.2,1201.0,1.2,30.5,0.45,-66.0,-50.6,23.3,,-96.0,7.1,1.0,123.0,1
D006376,5.5,1113.0,1.16,28.5,0.52,-67.0,-50.5,22.7,47.0,,8.7,1.0,126.0,1
D006377,4.8,1194.0,1.04,31.0,0.53,-63.8,-50.8,24.6,45.0,-95.3,9.6,0.0,134.0,1
D006378,4.6,1162.0,0.95,25.0,0.43,-66.4,-48.9,22.7,46.0,-95.8,12.4,1.0,124.0,1
D006379,4.7,1186.0,1.11,26.5,0.46,-64.8,-49.0,24.7,45.0,-94.0,10.3,1.0,131.0,1
D006380,4.8,1192.0,1.19,28.5,0.46,-66.1,-49.4,23.9,40.0,-96.9,6.3,1.0,123.0,1
D006381,6.0,1309.0,1.29,36.0,0.4,-66.1,-49.5,27.9,53.0,-99.1,9.3,1.0,,1
D006382,5.0,1197.0,1.16,31.5,0.48,-63.8,-48.8,24.2,43.0,-97.9,12.4,0.0,126.0,1
D006383,5.4,1188.0,1.17,30.0,0.51,-64.0,-50.2,23.7,48.0,-96.9,9.9,0.0,128.0,1
D006384,5.1,1160.0,1.07,28.0,0.55,-64.6,-47.8,24.7,45.0,-94.9,10.3,1.0,125.0,0
D006385,4.8,1274.0,1.2,28.5,0.47,-64.7,-48.7,24.5,46.0,-95.4,6.8,1.0,122.0,1
D006386,4.6,1274.0,0.82,38.0,0.4,-67.0,-45.3,29.7,34.0,-98.7,4.7,1.0,105.0,1
D006387,5.6,1194.0,1.12,26.5,0.44,-65.7,-51.7,23.6,43.0,-95.7,12.5,0.0,125.0,1
D006388,4.5,1112.0,1.11,27.0,0.52,-64.7,-49.3,25.4,42.0,-94.5,,1.0,132.0,0
D006389,3.2,1131.0,1.1,23.0,0.68,-67.3,-45.6,29.6,30.0,-99.7,,1.0,146.0,0
D006390,5.2,1146.0,1.03,,0.49,-64.8,-49.3,23.7,40.0,-95.0,12.0,0.0,129.0,1
D006391,5.6,1189.0,1.07,25.0,0.53,-66.1,-51.3,23.9,47.0,-97.9,10.6,0.0,128.0,1
D006392,4.3,1205.0,1.14,37.0,0.46,-69.7,-50.8,27.9,31.0,-93.1,7.3,0.0,147.0,1
D006393,3.2,1188.0,1.22,,0.51,-61.7,-53.0,23.7,45.0,-92.8,20.6,0.0,133.0,0
D006394,5.3,1259.0,1.12,27.5,0.41,-67.3,-49.8,22.8,45.0,-96.9,11.2,0.0,130.0,1
D006395,4.0,1038.0,0.8,35.0,0.36,-69.0,-50.7,28.0,34.0,-95.7,15.0,0.0,100.0,1
D006396,3.1,1202.0,1.05,34.0,0.5,-68.3,-48.7,28.9,36.0,-91.8,11.7,1.0,131.0,0
D006397,5.0,1186.0,1.0,30.5,0.51,-66.4,-49.5,24.0,39.0,-95.5,7.5,1.0,136.0,1
D006398,5.6,1186.0,1.27,21.0,0.68,-63.1,-53.6,28.0,33.0,-91.4,6.1,1.0,140.0,0
D006399,5.0,1148.0,1.12,32.5,0.53,-64.6,-49.9,25.1,46.0,-95.2,8.3,1.0,123.0,1
D006400,4.3,1196.0,1.08,29.0,0.43,-65.3,-48.9,24.2,44.0,-94.9,8.0,0.0,120.0,1
D006401,,1154.0,0.96,33.0,0.41,-64.2,-47.5,24.0,53.0,-92.0,12.8,0.0,128.0,1
D006402,4.7,1169.0,0.99,30.0,0.45,-66.3,-49.1,23.8,47.0,-95.9,8.4,0.0,124.0,1
D006403,3.9,1118.0,1.09,29.0,0.56,-65.6,-49.6,,43.0,-95.9,10.4,1.0,133.0,1
D006404,4.7,1239.0,1.08,31.5,0.55,-65.0,-50.9,21.9,37.0,-96.3,9.3,1.0,128.0,1
D006405,3.9,1175.0,1.03,31.5,0.3,-68.2,-52.7,23.1,37.0,-92.1,14.9,1.0,120.0,0
D006406,4.3,1181.0,1.05,25.0,0.39,-66.1,-51.0,24.2,49.0,-94.0,10.6,0.0,128.0,1
D006407,5.3,1209.0,1.09,31.0,0.46,-65.9,-50.5,24.3,42.0,-96.5,10.0,0.0,135.0,1
D006408,4.4,1254.0,1.36,32.5,0.32,-61.3,-54.2,28.8,32.0,-95.6,17.4,,101.0,0
D006409,5.3,1210.0,1.05,32.5,0.49,-66.0,-50.8,24.0,36.0,-96.5,6.5,1.0,120.0,1
D006410,4.3,1116.0,1.13,31.0,0.45,-64.8,-49.9,23.0,46.0,-94.9,9.5,0.0,128.0,1
D006411,,1179.0,1.07,27.0,0.37,-65.7,-51.0,23.7,46.0,-95.6,6.9,1.0,121.0,0
D006412,5.0,1140.0,1.01,30.5,0.47,-65.0,-50.2,24.7,41.0,-94.5,12.9,1.0,130.0,1
D006413,5.0,1216.0,1.15,30.5,0.58,-65.0,-50.6,23.2,,-95.0,8.6,0.0,128.0,1
D006414,6.4,1064.0,0.87,24.0,0.5,-60.9,-50.4,29.2,31.0,-99.4,13.2,1.0,100.0,1
D006415,5.2,1332.0,1.22,22.5,0.67,-66.0,-53.9,29.7,35.0,-92.2,9.2,0.0,130.0,0
D006416,5.8,1242.0,0.87,37.5,0.59,-64.9,-47.1,27.0,40.0,-90.4,8.6,1.0,104.0,1
D006417,6.2,1342.0,1.57,23.0,0.5,-68.9,-48.3,29.8,56.0,-95.5,13.7,0.0,101.0,0
D006418,3.9,1208.0,1.04,29.0,0.46,-66.0,-49.0,25.4,46.0,-94.9,7.3,1.0,129.0,0
D006419,4.5,1153.0,1.1,28.0,0.49,-65.4,-50.4,24.2,42.0,-95.6,9.8,1.0,126.0,1
D006420,4.4,1025.0,0.96,38.0,0.58,-67.6,-54.7,23.5,33.0,-96.4,0.9,0.0,115.0,1
D006421,3.9,1362.0,1.43,20.5,0.64,-62.9,-54.2,27.6,33.0,-94.2,7.9,0.0,103.0,0
D006422,4.3,1167.0,1.1,31.5,0.53,-64.5,-48.6,25.4,40.0,-95.7,9.7,0.0,133.0,1
D006423,5.3,1133.0,1.27,31.0,0.47,-65.6,-49.6,24.5,39.0,-95.9,6.8,1.0,121.0,1
D006424,4.6,1175.0,1.05,29.0,0.48,-65.5,-51.6,24.1,47.0,-96.0,5.5,0.0,126.0,1
D006425,3.9,1224.0,1.09,29.5,0.41,-66.0,-51.7,24.8,43.0,-95.7,5.4,1.0,124.0,0
D006426,4.3,1171.0,1.07,28.5,0.44,-66.3,-50.0,23.7,45.0,-95.2,9.1,1.0,131.0,1
D006427,4.6,1157.0,1.13,27.0,0.53,-65.9,-50.2,24.4,44.0,-95.7,9.1,0.0,136.0,1
D006428,4.3,1272.0,0.82,21.5,0.68,-60.4,-53.8,29.3,36.0,-92.7,8.7,1.0,143.0,0
D006429,3.2,1195.0,1.33,38.0,0.48,-63.9,-52.5,22.3,33.0,-93.0,0.7,1.0,130.0,0
D006430,4.0,1218.0,1.16,24.5,0.46,-65.1,-48.5,22.9,41.0,-96.0,5.6,1.0,128.0,1
D006431,4.8,1151.0,1.07,27.0,0.54,-65.0,-49.9,24.9,42.0,-94.6,10.9,,129.0,1
D006432,5.1,1172.0,0.95,30.0,0.46,-63.9,-50.3,24.5,39.0,,8.6,1.0,119.0,0
D006433,4.2,1142.0,1.14,26.0,0.45,-65.7,-50.3,24.3,44.0,-95.2,12.6,0.0,133.0,0
D006434,3.7,1058.0,1.35,28.5,0.33,-62.6,-54.4,20.2,36.0,-96.4,2.4,1.0,139.0,0
D006435,5.6,1211.0,1.0,27.5,0.46,-65.3,-49.9,25.0,48.0,-94.7,8.0,1.0,132.0,1
D006436,5.4,1194.0,1.12,30.0,0.49,-66.0,-49.7,24.8,45.0,-95.5,12.7,0.0,130.0,1
D006437,5.3,1232.0,1.02,30.5,0.53,-65.2,-50.3,23.6,47.0,-96.4,8.5,0.0,142.0,1
D006438,5.4,1225.0,1.12,28.0,0.41,-64.7,-50.8,24.0,43.0,-94.1,7.0,1.0,130.0,1
D006439,5.8,1318.0,0.93,25.0,0.3,-67.2,-49.9,29.9,56.0,-92.1,1.6,0.0,105.0,0
D006440,5.2,1153.0,1.11,27.0,0.44,-65.9,-49.0,23.9,43.0,-94.6,10.7,0.0,118.0,1
D006441,5.3,1283.0,1.14,28.5,0.49,-67.3,-50.9,29.3,34.0,-99.2,9.3,0.0,116.0,1
D006442,5.1,1263.0,1.12,25.5,0.46,-65.6,-49.6,23.4,41.0,-95.7,8.1,0.0,122.0,1
D006443,3.0,1366.0,1.43,35.5,0.57,-67.6,-46.9,27.6,38.0,-94.2,3.3,0.0,141.0,1
D006444,5.4,1317.0,0.82,35.0,0.48,-67.3,-52.9,29.6,53.0,-97.2,22.3,0.0,149.0,0
D006445,5.2,1230.0,1.2,27.5,0.52,-66.4,-49.0,24.5,39.0,-96.5,13.4,1.0,126.0,1
D006446,4.7,1226.0,1.07,,0.44,-64.2,-49.3,23.1,41.0,-94.7,10.6,0.0,130.0,1
D006447,4.2,1168.0,1.08,30.5,0.44,-65.5,-51.4,,50.0,-93.6,10.6,1.0,129.0,0
D006448,3.9,1136.0,1.12,29.0,0.47,-66.3,-49.6,23.1,46.0,-95.4,10.3,1.0,135.0,0
D006449,5.1,1179.0,1.18,33.0,0.5,-64.4,-50.8,26.6,45.0,-94.2,10.6,1.0,126.0,1
D006450,7.0,1362.0,1.47,37.5,0.5,-68.6,-50.3,21.5,37.0,-91.9,5.0,1.0,131.0,1
D006451,4.7,1149.0,1.14,29.0,0.47,-62.7,-49.7,,40.0,-96.5,,1.0,125.0,1
D006452,6.5,1324.0,1.03,34.5,0.41,-63.0,-50.8,20.6,46.0,-92.1,17.9,0.0,110.0,1
D006453,6.4,1134.0,1.51,32.0,0.63,-62.7,,23.7,49.0,-98.4,19.5,1.0,106.0,0
D006454,5.1,1115.0,1.05,29.5,0.46,-65.6,-50.2,22.6,44.0,-96.6,7.8,1.0,129.0,1
D006455,4.8,1205.0,0.92,31.5,0.5,-65.7,-49.3,24.6,46.0,-96.2,10.4,0.0,125.0,1
D006456,6.5,1254.0,1.19,35.5,0.67,-61.9,-49.5,25.2,54.0,-90.8,3.0,1.0,135.0,1
D006457,5.8,1201.0,1.29,39.0,0.67,-67.9,-49.0,24.3,39.0,-99.4,1.5,1.0,122.0,1
D006458,3.2,1256.0,0.82,36.0,0.7,-66.8,-50.6,20.6,31.0,-90.4,13.0,0.0,144.0,0
D006459,5.5,1170.0,1.08,32.5,0.46,-66.0,-51.9,24.1,44.0,-96.3,,1.0,132.0,1
D006460,5.3,1158.0,1.16,28.0,0.46,-64.7,-48.6,21.9,42.0,-95.0,9.3,0.0,132.0,1
D006461,5.2,1147.0,1.18,32.0,0.51,-65.8,,23.4,46.0,-94.4,10.5,0.0,123.0,1
D006462,4.9,1081.0,0.87,33.0,0.55,-65.1,-46.7,27.8,58.0,-98.0,13.7,0.0,149.0,1
D006463,6.9,1209.0,0.89,27.0,0.5,-67.7,-50.9,22.7,52.0,-93.3,6.9,1.0,124.0,1
D006464,5.2,1183.0,,29.5,0.42,-66.4,-49.6,23.2,40.0,-96.4,8.1,1.0,129.0,1
D006465,5.1,1229.0,1.07,27.0,0.53,-65.3,-50.9,23.0,44.0,-96.0,6.3,0.0,129.0,1
D006466,4.1,1276.0,0.89,31.0,0.49,-65.2,-47.6,23.4,38.0,-95.0,12.0,0.0,124.0,1
D006467,4.9,1225.0,1.01,31.0,0.48,-68.0,-49.0,24.0,48.0,-95.6,10.8,0.0,124.0,1
D006468,3.7,1385.0,1.31,22.5,0.33,-61.7,-50.8,26.0,31.0,-91.5,6.4,1.0,120.0,0
D006469,4.2,1205.0,1.08,28.0,0.5,-66.1,-49.8,23.9,43.0,-95.6,7.6,0.0,122.0,1
D006470,4.7,1184.0,0.99,28.0,0.49,-67.0,-50.3,24.0,41.0,-95.8,8.0,0.0,131.0,1
D006471,5.1,1122.0,1.13,28.0,0.51,-65.3,-50.6,25.3,50.0,-96.8,9.7,1.0,116.0,0
D006472,5.8,1093.0,1.19,24.0,0.43,-64.8,-49.0,20.3,58.0,-90.9,2.9,1.0,115.0,0
D006473,4.7,1177.0,0.99,25.5,0.46,-64.7,-48.6,22.6,49.0,-94.6,6.6,1.0,124.0,1
D006474,4.6,1138.0,1.29,30.5,0.45,-64.7,-48.8,23.3,41.0,-94.9,11.4,0.0,125.0,1
D006475,5.2,1104.0,1.27,30.0,0.4,-63.0,-49.1,23.5,31.0,-96.4,6.4,0.0,129.0,1
D006476,4.5,1161.0,1.06,29.0,0.48,-64.9,-49.8,23.9,41.0,-96.1,5.5,1.0,126.0,1
D006477,4.4,1157.0,0.98,28.0,0.48,-64.8,-50.8,24.8,45.0,-95.5,7.9,0.0,136.0,1
D006478,5.0,1214.0,1.04,29.5,0.47,-66.0,-49.4,23.1,43.0,-97.0,11.4,0.0,130.0,1
D006479,4.6,1195.0,1.0,27.0,0.53,-66.0,-49.2,24.5,44.0,-96.1,7.8,0.0,125.0,1
D006480,4.1,1097.0,1.07,31.0,0.44,-65.2,-51.0,23.9,46.0,-94.6,7.7,0.0,124.0,1
D006481,3.5,1121.0,1.29,30.0,0.64,-64.4,-47.4,25.0,36.0,-94.1,11.1,0.0,145.0,1
D006482,4.9,1124.0,1.18,31.0,0.47,-64.2,-50.9,26.5,47.0,-94.4,9.8,0.0,123.0,1
D006483,4.9,1184.0,1.16,32.5,0.46,-64.8,-49.8,24.7,46.0,-96.2,10.6,0.0,132.0,1
D006484,4.9,1127.0,1.06,,0.52,-66.1,-51.1,24.4,47.0,-93.1,10.5,0.0,130.0,1
D006485,5.2,1175.0,1.14,28.5,0.49,-65.4,-50.0,24.6,44.0,-94.9,8.5,1.0,133.0,1
D006486,4.7,1134.0,1.09,31.5,0.48,-64.4,-51.6,23.0,43.0,-96.8,6.4,0.0,116.0,1
D006487,4.6,1151.0,1.12,31.0,0.49,-65.5,-48.3,24.1,45.0,-92.8,9.6,0.0,133.0,1
D006488,3.5,1057.0,1.05,40.0,0.34,-63.3,-49.3,22.8,46.0,-95.1,15.9,0.0,137.0,0
D006489,5.2,1217.0,,28.5,0.51,-65.6,-50.6,26.3,,-96.8,9.3,1.0,129.0,0
D006490,5.4,1191.0,1.14,27.0,0.52,-62.9,-52.3,23.3,43.0,-95.4,13.4,0.0,135.0,1
D006491,5.1,1037.0,0.87,37.5,0.35,-64.1,-53.4,21.5,51.0,-90.0,8.3,1.0,125.0,1
D006492,4.3,1262.0,1.03,29.0,0.49,-65.7,-49.2,23.5,41.0,-96.1,9.2,0.0,128.0,1
D006493,4.3,1143.0,1.26,21.0,0.69,-65.5,-46.1,20.5,36.0,-93.8,20.3,0.0,121.0,0
D006494,5.0,1174.0,1.09,32.0,0.5,-62.8,-50.1,25.4,38.0,-95.8,9.0,1.0,138.0,1
D006495,4.6,1242.0,0.92,25.0,0.53,-67.9,-54.5,20.4,59.0,-92.1,13.4,1.0,104.0,1
D006496,4.9,1309.0,0.99,39.0,0.33,-63.7,-46.2,28.4,56.0,-98.0,22.9,1.0,141.0,0
D006497,5.1,1126.0,1.09,30.0,0.48,-66.6,-49.6,24.1,43.0,-95.2,9.0,0.0,125.0,1
D006498,4.3,1391.0,1.53,37.0,0.56,-68.0,-54.7,25.0,54.0,-98.0,17.0,0.0,107.0,1
D006499,4.1,1157.0,1.33,29.5,0.35,-64.0,-47.0,24.5,55.0,-90.3,20.4,0.0,138.0,0
D006500,4.7,1203.0,1.0,27.0,0.45,-65.8,-50.4,,50.0,-96.0,9.3,1.0,133.0,1
D006501,4.4,,1.05,28.0,0.44,-65.0,-49.2,24.2,49.0,-94.4,4.1,1.0,126.0,1
D006502,4.8,1231.0,1.01,30.0,0.4,-66.9,-50.2,23.7,44.0,-96.9,9.3,0.0,133.0,1
D006503,4.8,1216.0,1.12,26.0,0.53,-64.7,-48.9,23.8,45.0,-94.2,7.0,1.0,133.0,0
D006504,3.2,1363.0,1.21,,0.69,-67.1,-49.6,26.6,39.0,-93.7,21.9,0.0,134.0,0
D006505,5.2,1028.0,1.36,33.0,0.58,-67.9,-50.7,24.4,41.0,-91.1,0.6,1.0,122.0,1
D006506,3.4,1322.0,1.56,39.5,0.45,-63.8,-50.5,23.4,57.0,-98.8,2.7,0.0,146.0,1
D006507,5.0,1157.0,1.08,29.0,0.48,-65.0,-49.5,25.3,47.0,-96.0,9.4,0.0,125.0,0
D006508,4.9,1165.0,1.2,29.5,0.48,-66.2,-50.3,24.8,40.0,-95.7,9.9,1.0,120.0,1
D006509,5.1,1186.0,1.22,38.0,0.5,-63.1,-54.2,23.0,58.0,-92.5,17.8,1.0,138.0,0
D006510,4.9,1135.0,0.95,27.5,0.45,-65.9,-47.3,22.2,44.0,-95.2,12.6,1.0,130.0,0
D006511,4.6,1163.0,1.16,31.0,0.44,-64.8,-49.7,24.4,42.0,-96.9,6.7,1.0,127.0,1
D006512,3.6,1378.0,1.19,25.0,0.39,-68.4,-46.0,27.2,44.0,-90.8,,0.0,110.0,0
D006513,4.1,1259.0,0.83,37.0,0.62,-68.1,-49.9,20.1,60.0,-90.2,10.6,0.0,107.0,1
D006514,4.6,1222.0,1.12,28.5,0.5,-66.7,-50.2,25.2,46.0,-94.2,4.2,0.0,128.0,1
D006515,4.7,1154.0,0.93,28.0,0.49,-65.2,-49.1,26.5,42.0,-93.7,10.5,1.0,126.0,1
D006516,4.8,1189.0,1.14,25.0,0.55,-65.4,-51.0,26.1,44.0,-93.5,7.7,0.0,129.0,1
D006517,5.1,1183.0,1.18,21.0,0.31,-64.4,-49.9,23.9,55.0,-93.3,15.2,0.0,129.0,0
D006518,4.8,1218.0,1.13,28.0,0.51,-66.2,-51.2,22.8,47.0,-93.1,7.3,0.0,135.0,1
D006519,5.3,1356.0,1.2,24.5,0.39,-64.6,-51.4,28.0,34.0,-92.0,0.3,1.0,113.0,0
D006520,4.4,1286.0,1.21,22.0,0.36,,-52.1,23.2,58.0,-96.9,3.9,0.0,124.0,0
D006521,4.8,1167.0,1.09,30.5,0.48,-66.0,-49.1,25.0,47.0,-95.4,13.2,0.0,121.0,1
D006522,5.8,1246.0,1.28,25.0,0.68,-61.4,-45.9,27.6,,-94.2,15.0,0.0,137.0,0
D006523,5.1,1162.0,0.94,30.0,0.47,-65.1,-50.6,23.0,40.0,-94.2,11.5,0.0,121.0,1
D006524,4.5,1202.0,1.12,28.5,0.47,-66.1,-49.0,23.4,43.0,-93.6,8.1,1.0,128.0,1
D006525,5.3,1165.0,1.17,30.5,0.51,-64.5,-50.5,24.6,43.0,-96.6,8.1,1.0,131.0,1
D006526,4.4,1144.0,1.14,27.5,0.48,-65.6,-50.4,23.9,44.0,-96.4,8.6,1.0,123.0,0
D006527,5.4,1228.0,1.14,28.0,0.48,-65.3,-50.8,25.0,42.0,-96.3,11.3,0.0,124.0,1
D006528,6.0,1310.0,0.89,37.0,0.57,-68.8,-51.0,27.2,42.0,,0.6,0.0,114.0,1
D006529,5.0,1252.0,1.02,27.5,0.48,-63.5,-50.4,23.6,46.0,-96.6,7.0,0.0,123.0,1
D006530,3.9,1119.0,1.31,26.5,0.55,-69.7,-52.4,23.2,54.0,-95.1,,1.0,,0
D006531,4.8,1230.0,1.13,32.0,0.51,-64.2,-50.0,24.9,47.0,-94.5,7.0,0.0,129.0,1
D006532,5.4,1215.0,1.03,30.5,0.45,-64.6,-47.9,24.8,,-95.3,9.8,1.0,129.0,1
D006533,4.5,1220.0,1.06,29.5,0.46,-67.3,-48.9,24.4,44.0,-96.2,13.8,1.0,128.0,1
D006534,4.7,1212.0,1.17,31.5,0.44,-64.9,-49.0,26.0,48.0,-95.2,8.4,0.0,127.0,1
D006535,4.7,1214.0,1.18,29.5,0.5,-65.4,-51.0,24.3,42.0,-94.1,9.4,0.0,128.0,1
D006536,5.4,1140.0,1.11,31.5,0.42,-63.0,-50.7,24.8,48.0,-93.9,5.5,1.0,131.0,1
D006537,5.0,1181.0,1.02,25.5,0.52,-66.6,-50.3,23.6,37.0,-95.2,5.2,1.0,136.0,0
D006538,4.8,1179.0,0.99,25.5,0.52,-66.8,-49.7,24.2,46.0,-96.3,10.7,0.0,132.0,1
D006539,4.9,1205.0,1.14,29.5,0.47,-66.0,-50.0,23.7,44.0,-95.8,6.6,1.0,119.0,1
D006540,4.5,1210.0,1.12,27.0,0.46,-65.2,-49.5,22.7,43.0,-93.2,9.7,0.0,,1
D006541,6.3,1329.0,0.88,28.5,0.64,-60.4,-53.7,24.7,58.0,-97.9,3.5,1.0,133.0,1
D006542,3.9,1168.0,1.16,30.5,0.51,-65.6,-49.7,24.1,42.0,-96.2,,1.0,116.0,1
D006543,4.0,1304.0,1.34,35.0,0.56,-67.2,-53.2,20.0,46.0,-91.4,13.6,1.0,113.0,0
D006544,4.6,1180.0,1.06,28.5,0.45,-66.6,-49.8,25.4,42.0,-92.6,6.8,1.0,127.0,1
D006545,,1139.0,1.16,27.0,0.48,-64.3,-49.7,23.9,38.0,-94.2,12.6,1.0,125.0,0
D006546,5.2,1046.0,0.9,26.0,0.31,-66.6,-50.5,20.6,34.0,-95.0,3.2,1.0,130.0,0
D006547,4.8,1133.0,1.21,29.0,0.56,-65.3,-50.0,24.8,41.0,-96.7,10.8,1.0,137.0,1
D006548,,1217.0,1.06,27.5,0.49,-65.2,-49.4,23.7,44.0,-95.8,,0.0,131.0,1
D006549,5.0,1144.0,1.22,31.0,0.53,,-50.7,23.8,39.0,-94.6,7.8,0.0,128.0,1
D006550,5.2,,1.01,30.5,0.51,-65.3,-49.5,23.3,45.0,-94.4,14.8,0.0,117.0,1
D006551,3.5,1173.0,1.41,23.5,0.57,-67.4,-47.1,28.5,47.0,-94.4,5.2,1.0,139.0,0
D006552,,1008.0,0.98,39.5,0.51,-69.3,-47.1,23.7,39.0,-94.6,15.7,1.0,148.0,1
D006553,6.3,1082.0,1.17,26.0,0.4,-64.7,-46.3,,37.0,-95.2,15.3,0.0,143.0,1
D006554,5.1,1394.0,1.54,34.5,0.47,-62.4,-53.8,29.1,31.0,-96.2,19.0,1.0,129.0,1
D006555,4.5,1158.0,1.05,28.5,0.46,-64.7,-50.3,23.3,44.0,-95.4,11.3,0.0,116.0,0
D006556,6.7,1313.0,1.53,25.0,0.67,-62.1,-48.0,29.2,36.0,-96.7,12.1,1.0,131.0,0
D006557,4.7,1173.0,0.97,,0.48,-65.2,-50.3,23.2,43.0,-96.5,6.7,0.0,127.0,1
D006558,4.7,1158.0,1.06,29.0,0.54,-66.2,-51.2,23.7,47.0,-95.4,10.0,0.0,128.0,1
D006559,5.3,1047.0,1.53,28.0,0.31,,-46.7,26.1,54.0,-99.3,0.9,1.0,106.0,0
D006560,4.4,1140.0,1.15,25.5,0.42,-63.9,-51.4,23.1,,-94.8,9.4,1.0,124.0,0
D006561,5.2,1204.0,1.15,27.0,0.47,-64.3,-49.8,24.3,42.0,-95.1,10.6,0.0,123.0,1
D006562,4.5,1094.0,1.21,29.5,0.46,-65.6,-51.7,25.3,49.0,-94.5,6.9,1.0,123.0,0
D006563,3.5,1168.0,0.98,36.5,0.58,-64.9,-51.0,20.8,47.0,-92.2,4.8,0.0,101.0,1
D006564,4.5,1338.0,1.47,38.5,0.53,-65.5,-50.8,21.7,32.0,-99.1,14.1,1.0,102.0,0
D006565,5.5,,1.3,35.0,0.68,,-52.6,26.3,,-94.7,3.2,0.0,139.0,1
D006566,4.6,1223.0,1.09,29.0,0.41,-66.3,-48.5,25.0,42.0,-95.9,9.1,1.0,127.0,1
D006567,5.2,1373.0,1.2,22.0,0.35,-60.2,-53.7,20.5,42.0,-91.0,2.7,0.0,141.0,0
D006568,4.6,1197.0,1.07,27.0,0.46,-65.7,-48.5,22.0,41.0,-96.2,8.5,0.0,122.0,1
D006569,6.7,1256.0,0.9,40.0,0.49,-62.7,-46.0,20.9,38.0,-98.1,16.9,1.0,133.0,1
D006570,4.5,1121.0,1.13,30.0,0.32,-68.3,-46.9,29.4,53.0,-96.0,18.7,,115.0,0
D006571,4.0,1119.0,0.97,29.5,0.52,-68.0,-49.5,23.1,45.0,-95.7,11.1,1.0,127.0,1
D006572,4.6,1100.0,1.04,26.5,0.49,-64.3,-50.3,25.0,44.0,-94.5,13.5,0.0,135.0,1
D006573,3.8,1195.0,0.91,23.5,0.57,-64.8,-47.5,26.8,51.0,-94.1,0.9,1.0,121.0,0
D006574,4.8,1251.0,,,0.47,-65.4,-49.2,25.4,45.0,-93.8,9.1,0.0,125.0,1
D006575,4.8,1176.0,1.12,28.5,0.54,-65.0,-51.3,21.6,42.0,-95.1,13.2,1.0,123.0,1
D006576,4.7,1177.0,1.1,29.5,0.46,-65.8,-50.8,25.4,39.0,-96.0,9.0,1.0,123.0,1
D006577,5.0,,1.04,30.5,0.52,-65.5,-49.0,22.9,48.0,-93.8,5.8,1.0,125.0,1
D006578,4.4,1207.0,1.22,26.0,0.51,-65.8,-52.1,25.4,48.0,-95.4,8.5,0.0,128.0,1
D006579,4.5,1139.0,1.07,26.5,0.46,-64.3,-48.7,23.7,42.0,-96.1,5.6,1.0,124.0,1
D006580,4.2,1151.0,1.26,30.0,0.55,-64.3,-48.9,23.7,45.0,-95.0,6.7,1.0,136.0,1
D006581,5.2,1225.0,1.1,27.5,0.47,-65.6,-50.1,24.1,43.0,-96.3,4.8,1.0,126.0,1
D006582,3.9,1123.0,1.42,34.5,0.53,-62.3,-48.7,22.0,45.0,-90.5,9.7,1.0,138.0,0
D006583,4.9,1218.0,1.04,26.5,0.5,-64.2,-49.6,23.6,46.0,-93.4,,0.0,129.0,1
D006584,3.0,1127.0,0.82,33.5,0.49,-60.6,-50.6,25.8,45.0,-91.9,15.0,0.0,136.0,0
D006585,6.3,,1.54,21.0,0.35,-69.6,-47.0,28.7,59.0,-94.3,16.3,1.0,,0
D006586,5.4,1007.0,1.21,36.0,0.61,-67.4,-53.5,26.8,32.0,-97.5,,0.0,111.0,1
D006587,4.6,1114.0,1.1,27.5,0.55,-62.6,-50.0,23.3,47.0,-94.6,5.6,1.0,117.0,0
D006588,4.5,1177.0,1.04,27.5,0.42,-65.9,-49.4,23.4,,-95.9,7.0,0.0,124.0,1
D006589,5.1,1290.0,1.52,39.5,0.62,-65.6,-47.4,27.6,43.0,-90.7,14.4,1.0,116.0,0
D006590,4.8,1220.0,1.2,33.0,0.45,-64.5,-50.3,24.9,43.0,-94.9,,1.0,127.0,1
D006591,4.4,1188.0,1.09,30.0,0.49,-65.2,-49.3,24.1,36.0,-94.7,9.4,0.0,126.0,1
D006592,4.9,1203.0,1.2,31.5,0.5,-65.5,-50.8,25.1,51.0,-95.7,10.5,1.0,130.0,1
D006593,5.4,1164.0,0.9,35.5,0.67,,-51.9,26.2,36.0,-92.9,18.6,0.0,121.0,0
D006594,6.7,1189.0,1.51,37.0,0.36,-62.3,-49.6,20.6,35.0,-95.9,0.4,1.0,138.0,1
D006595,5.1,1179.0,1.16,29.5,0.45,-64.1,-49.5,24.4,47.0,-95.7,8.1,1.0,131.0,1
D006596,5.1,1222.0,1.15,32.0,0.46,-67.3,-49.6,24.2,34.0,-96.0,7.2,1.0,134.0,1
D006597,4.9,1190.0,1.15,27.5,0.53,-65.5,-51.8,24.9,43.0,-95.6,9.8,1.0,129.0,1
D006598,4.5,1159.0,1.21,35.0,0.5,-66.8,-54.4,23.1,35.0,-95.1,8.2,0.0,119.0,1
D006599,5.2,1157.0,1.07,31.0,0.47,-62.9,-50.1,24.1,41.0,-96.0,8.3,0.0,129.0,1
D006600,5.0,1119.0,1.14,32.0,,-65.9,-49.9,23.2,45.0,-96.5,10.8,1.0,126.0,1
D006601,3.9,1397.0,1.57,32.0,0.48,-61.2,-45.7,21.7,37.0,-96.6,6.5,1.0,143.0,1
D006602,5.4,1391.0,1.14,27.0,0.34,-64.7,-54.8,21.4,31.0,-92.5,6.7,0.0,104.0,0
D006603,4.8,1103.0,1.02,29.5,0.55,-68.4,-50.8,,49.0,-90.5,10.4,1.0,110.0,1
D006604,6.0,1069.0,0.97,38.5,0.42,-66.5,-49.3,28.1,49.0,-98.0,1.7,0.0,148.0,1
D006605,5.3,1211.0,1.03,29.0,0.52,-65.3,-50.1,23.4,47.0,-95.9,14.0,0.0,127.0,1
D006606,4.0,1175.0,1.15,29.0,0.52,-65.3,-49.7,24.3,44.0,-94.1,10.6,0.0,134.0,1
D006607,5.4,1154.0,1.16,22.0,0.67,-61.2,-50.1,,50.0,-90.8,21.4,1.0,137.0,0
D006608,5.3,1197.0,1.06,29.0,0.5,-65.4,-49.7,24.9,42.0,-97.6,10.0,0.0,125.0,1
D006609,4.3,1122.0,1.11,30.5,,-63.7,-49.8,24.5,45.0,-94.6,7.2,1.0,129.0,0
D006610,5.2,1152.0,1.16,32.5,0.42,-63.6,-48.4,23.5,48.0,-94.6,9.0,1.0,126.0,1
D006611,4.3,1088.0,1.01,32.0,0.57,-68.4,-49.6,26.0,32.0,-99.7,3.1,1.0,,1
D006612,4.5,1179.0,1.01,31.0,0.46,-65.6,-49.4,23.2,44.0,-98.0,7.9,0.0,126.0,1
D006613,4.8,1269.0,1.11,30.0,0.48,-66.3,-51.1,23.7,42.0,-95.3,12.6,0.0,124.0,1
D006614,4.9,1196.0,1.11,31.0,0.52,,-51.2,26.1,48.0,-96.7,10.9,1.0,125.0,1
D006615,5.0,1202.0,1.08,26.0,0.43,-66.5,-49.9,21.4,45.0,-95.4,8.8,1.0,128.0,0
D006616,3.9,1304.0,1.44,20.0,0.63,-69.5,-45.3,21.1,36.0,-90.8,9.3,1.0,118.0,0
D006617,4.5,,1.0,28.0,0.5,-66.5,-48.4,23.4,43.0,-94.8,6.3,1.0,123.0,1
D006618,4.4,1246.0,1.13,31.0,0.39,-66.4,-47.8,22.0,41.0,-95.1,10.1,0.0,131.0,0
D006619,4.1,1091.0,1.01,27.0,0.45,-64.6,-50.5,24.3,48.0,-95.8,11.2,0.0,133.0,1
D006620,4.8,1161.0,1.22,26.0,0.49,-64.5,-49.6,,42.0,-94.5,9.3,0.0,128.0,1
D006621,4.8,1114.0,1.16,25.5,0.45,-66.1,-51.9,24.6,43.0,-93.4,8.3,0.0,130.0,0
D006622,4.4,1261.0,1.14,31.5,0.48,-65.5,-46.9,23.5,47.0,-95.9,7.4,1.0,124.0,1
D006623,5.1,1211.0,1.05,31.5,0.45,-64.5,-50.5,23.6,42.0,-95.8,8.5,1.0,119.0,1
D006624,4.7,1183.0,1.13,31.0,0.47,-66.2,-50.2,24.8,39.0,-96.0,9.7,0.0,122.0,1
D006625,4.7,1127.0,1.24,31.0,0.48,-64.4,-50.6,25.7,46.0,-94.8,14.0,0.0,124.0,1
D006626,5.0,1127.0,1.08,32.5,0.44,-64.0,-50.5,24.1,45.0,-95.5,8.5,0.0,123.0,1
D006627,4.9,1205.0,1.05,29.5,0.44,-65.7,-50.4,24.4,44.0,-95.7,13.5,1.0,121.0,1
D006628,7.0,1010.0,0.82,37.5,0.46,-60.4,-53.2,23.5,47.0,-96.5,14.6,1.0,125.0,1
D006629,4.9,1216.0,1.17,33.0,0.52,-64.5,-50.2,23.1,42.0,-95.4,8.7,1.0,130.0,1
D006630,4.1,1158.0,1.22,28.5,0.44,-66.1,-49.0,24.1,44.0,-94.7,10.7,1.0,127.0,0
D006631,4.6,1132.0,0.92,31.5,0.4,-65.1,-50.5,22.7,40.0,-95.7,12.0,1.0,131.0,0
D006632,5.5,1183.0,1.34,20.5,0.57,-66.6,-48.0,23.3,39.0,-92.9,23.3,0.0,116.0,0
D006633,3.0,1124.0,1.06,23.0,0.6,-62.4,-49.8,26.2,,-99.1,5.4,0.0,110.0,0
D006634,4.1,1197.0,1.04,31.5,0.51,-65.7,-50.5,21.9,45.0,-96.2,9.7,1.0,122.0,1
D006635,5.3,1233.0,1.18,32.0,0.47,-67.3,-47.7,22.9,46.0,-96.0,10.6,0.0,127.0,1
D006636,4.5,1236.0,1.17,29.0,0.46,-65.2,-50.3,23.0,44.0,-95.0,8.1,0.0,133.0,1
D006637,6.6,1161.0,1.08,34.5,0.38,-66.0,-48.1,28.5,30.0,-96.3,21.1,1.0,149.0,1
D006638,5.9,1250.0,1.02,29.0,0.49,-65.4,-50.5,24.5,42.0,-97.4,7.5,0.0,132.0,1
D006639,5.1,1177.0,1.18,28.0,0.41,-65.1,-48.8,24.4,45.0,-95.0,9.1,1.0,128.0,1
D006640,6.7,1218.0,1.2,22.5,0.62,-67.6,-48.5,20.4,49.0,-92.6,8.0,1.0,144.0,1
D006641,4.3,1200.0,1.0,30.5,0.4,-65.8,-51.1,23.1,44.0,-94.9,13.1,1.0,132.0,0
D006642,6.4,1085.0,1.59,21.0,0.32,-66.1,-54.8,21.0,55.0,-95.3,22.7,0.0,144.0,0
D006643,5.8,1316.0,0.84,23.0,0.36,-60.9,-47.6,23.7,30.0,-96.7,22.2,0.0,101.0,0
D006644,5.1,1132.0,1.11,27.0,0.45,-65.2,-50.7,22.8,49.0,-95.5,11.5,0.0,126.0,1
D006645,4.0,1319.0,0.82,28.0,0.37,-66.7,-46.6,28.8,49.0,-99.4,3.9,0.0,142.0,1
D006646,4.8,1207.0,1.04,29.5,0.45,-65.4,-51.3,24.1,43.0,-93.7,6.1,1.0,138.0,1
D006647,4.2,1375.0,1.45,37.5,0.63,-66.5,-47.5,28.7,45.0,-98.8,10.3,0.0,109.0,0
D006648,4.6,1144.0,1.1,30.5,0.5,-65.3,-48.9,22.8,50.0,-94.8,10.1,1.0,119.0,0
D006649,4.7,1256.0,1.24,30.5,0.43,-65.1,-49.4,23.0,46.0,-93.5,5.9,1.0,141.0,1
D006650,4.7,1176.0,1.06,30.5,0.45,-64.9,-50.6,23.9,42.0,-92.6,10.6,1.0,129.0,1
D006651,4.9,1178.0,1.18,31.0,0.42,-65.0,-51.7,24.8,41.0,-97.4,11.9,1.0,124.0,1
D006652,4.5,1153.0,1.18,29.0,0.45,-65.0,-49.6,23.3,41.0,-97.1,7.8,1.0,132.0,0
D006653,5.2,1186.0,1.09,28.0,0.54,-65.0,-49.2,24.9,41.0,-93.0,,1.0,116.0,0
D006654,6.8,1379.0,1.19,21.0,0.33,-61.1,-54.7,23.6,39.0,-97.7,23.0,0.0,150.0,0
D006655,3.1,1245.0,0.88,40.0,0.33,-61.8,-47.8,21.9,56.0,-99.6,12.3,0.0,144.0,0
D006656,5.2,1217.0,1.04,31.5,0.51,-66.1,-52.5,24.9,39.0,,8.6,1.0,127.0,1
D006657,4.2,1185.0,1.1,28.5,0.45,-66.7,-50.1,22.7,49.0,-95.1,9.4,1.0,132.0,1
D006658,4.5,1139.0,1.19,27.5,0.54,-63.8,-50.6,22.9,42.0,,6.8,1.0,122.0,0
D006659,3.1,1051.0,1.47,32.5,0.42,-63.4,,21.5,40.0,-98.1,12.2,0.0,108.0,0
D006660,4.7,1218.0,1.14,32.0,0.48,-66.7,-50.0,22.8,48.0,-96.0,9.0,1.0,,1
D006661,4.3,1204.0,1.07,31.5,0.58,-63.0,-51.8,23.3,49.0,-94.9,8.1,1.0,133.0,0
D006662,4.5,1137.0,0.94,31.0,0.5,-66.1,-50.3,23.2,43.0,-97.7,6.7,1.0,126.0,1
D006663,6.8,1064.0,1.06,22.0,0.7,-63.1,-49.7,24.4,49.0,-91.6,6.6,1.0,134.0,0
D006664,3.9,1292.0,1.37,35.5,0.33,-64.3,-53.8,26.1,37.0,-92.2,20.8,0.0,137.0,1
D006665,4.0,1124.0,1.18,27.5,0.48,-66.2,-50.9,23.3,37.0,-97.4,9.5,1.0,123.0,0
D006666,4.1,1124.0,1.26,28.0,0.43,-64.5,-49.6,24.0,43.0,-96.2,9.9,0.0,138.0,0
D006667,5.2,1201.0,1.01,29.0,0.44,-63.5,-50.1,23.9,44.0,-95.2,3.6,1.0,126.0,1
D006668,5.6,1237.0,0.83,33.0,0.58,-66.8,-50.3,22.7,46.0,-93.0,19.3,1.0,125.0,1
D006669,5.4,1200.0,0.88,32.0,0.55,-60.9,-46.1,23.3,43.0,-90.4,17.0,,150.0,1
D006670,4.9,1198.0,,27.0,0.47,-66.0,-50.6,23.5,47.0,-96.3,8.7,1.0,136.0,1
D006671,4.8,1203.0,1.09,28.0,0.45,-64.8,-50.1,23.3,40.0,-95.8,10.7,0.0,124.0,1
D006672,4.5,1223.0,1.21,30.5,0.51,-64.2,-49.4,23.4,49.0,-95.5,8.3,0.0,125.0,1
D006673,4.9,1166.0,1.1,28.5,0.45,-64.2,-50.5,23.3,41.0,-96.5,9.3,1.0,132.0,0
D006674,3.6,1061.0,1.26,20.5,0.35,-66.3,-54.8,22.6,59.0,-97.8,6.2,0.0,140.0,0
D006675,5.6,1145.0,1.16,36.5,0.64,-64.0,-45.5,20.3,31.0,-96.7,6.8,0.0,137.0,1
D006676,5.1,1232.0,0.89,25.0,0.52,,-51.4,22.6,46.0,-96.3,10.1,1.0,128.0,1
D006677,5.2,1162.0,1.11,27.0,0.48,-66.5,-50.3,25.1,46.0,-97.1,5.6,0.0,127.0,1
D006678,4.9,1321.0,1.01,30.0,0.36,-63.8,-45.8,21.6,40.0,-91.2,12.9,0.0,134.0,0
D006679,5.1,1199.0,1.09,29.5,0.38,-66.2,-49.8,22.3,45.0,-95.1,4.4,1.0,127.0,1
D006680,4.7,1205.0,1.23,30.0,0.52,-64.7,-51.4,24.5,46.0,-94.4,5.8,0.0,129.0,1
D006681,4.2,1195.0,1.14,25.5,0.44,-66.2,-50.7,24.5,40.0,-93.8,10.0,0.0,128.0,0
D006682,4.7,1178.0,0.97,26.5,0.47,-68.8,-49.8,23.8,39.0,-94.4,7.1,0.0,119.0,1
D006683,4.8,1157.0,1.1,29.0,0.49,-65.2,-51.3,23.4,42.0,-94.1,7.1,0.0,122.0,1
D006684,5.7,1240.0,,29.0,0.52,-62.8,-45.1,26.5,59.0,-99.0,14.9,0.0,150.0,0
D006685,4.3,1246.0,1.55,27.0,0.53,-69.1,-52.6,23.1,58.0,-93.9,22.7,1.0,121.0,0
D006686,4.6,1300.0,0.88,34.0,0.31,-65.3,-45.8,22.3,40.0,-98.6,,1.0,115.0,0
D006687,4.6,1125.0,1.2,26.5,0.4,-66.0,-45.7,21.4,50.0,-98.2,22.4,1.0,109.0,0
D006688,3.8,1245.0,1.16,30.0,0.47,-64.8,-49.6,24.3,42.0,-95.1,8.3,0.0,130.0,1
D006689,5.5,1171.0,1.13,29.5,0.45,-66.9,-49.8,23.4,,-95.9,8.4,0.0,116.0,1
D006690,6.1,1199.0,1.07,33.5,0.49,-60.9,-53.9,23.5,,-98.7,15.5,1.0,119.0,1
D006691,4.4,1291.0,1.17,35.0,0.5,-65.1,-52.1,25.1,60.0,-98.4,3.5,1.0,107.0,0
D006692,5.4,1183.0,1.05,29.0,0.51,-67.4,-49.9,27.7,35.0,-97.4,9.7,0.0,117.0,1
D006693,5.5,1132.0,1.08,29.5,0.47,-66.5,-49.8,23.8,46.0,,6.8,1.0,130.0,1
D006694,4.4,1233.0,1.21,25.5,0.57,-68.1,-53.5,23.6,35.0,-92.0,3.0,1.0,125.0,1
D006695,5.8,1087.0,0.87,39.5,0.51,-60.7,-51.0,27.0,43.0,-98.8,10.9,0.0,121.0,1
D006696,4.4,1185.0,0.87,39.5,0.61,-65.0,-54.1,22.5,43.0,-95.5,19.8,0.0,102.0,1
D006697,6.5,1095.0,0.9,36.5,0.47,-62.7,-54.7,23.7,44.0,-97.2,16.7,0.0,129.0,1
D006698,5.8,1069.0,1.5,37.5,0.3,-60.2,-49.4,27.5,36.0,-97.2,5.4,1.0,110.0,0
D006699,4.8,1195.0,1.18,28.0,0.44,-64.4,-48.8,24.0,39.0,-95.7,8.3,1.0,124.0,1
D006700,5.8,1177.0,1.0,39.0,0.38,-70.0,-52.1,25.6,42.0,-99.4,,1.0,143.0,1
D006701,5.4,1102.0,1.17,29.0,0.52,-65.2,-48.8,24.8,45.0,-96.2,11.7,1.0,123.0,1
D006702,3.5,1097.0,1.12,33.5,0.7,-69.9,-50.0,21.1,38.0,-90.2,1.7,1.0,104.0,1
D006703,4.6,1122.0,1.25,27.0,,-66.2,-49.7,24.4,41.0,-96.2,7.6,0.0,139.0,1
D006704,5.1,1137.0,1.05,28.5,0.51,-66.6,-49.6,24.9,45.0,-96.0,6.2,0.0,131.0,1
D006705,5.5,1143.0,1.17,31.0,0.49,-63.9,-51.7,24.6,39.0,-93.5,11.3,1.0,130.0,1
D006706,5.3,1241.0,1.13,28.5,0.39,-63.9,-50.9,24.3,44.0,-95.6,9.6,1.0,130.0,0
D006707,4.6,1164.0,1.18,31.5,0.46,-67.2,-51.1,25.0,44.0,-95.2,10.0,1.0,128.0,1
D006708,4.7,1197.0,1.09,27.5,0.47,-65.0,-51.0,25.2,46.0,-96.2,4.0,1.0,129.0,1
D006709,6.9,1063.0,0.84,36.5,0.65,-61.5,-45.2,25.7,48.0,-99.8,7.0,0.0,124.0,1
D006710,4.9,1174.0,1.08,29.5,0.49,-63.8,-48.2,24.1,47.0,-95.6,7.2,0.0,128.0,1
D006711,4.8,1329.0,0.87,28.5,0.65,-69.2,-50.7,28.5,42.0,-92.6,0.5,1.0,131.0,1
D006712,6.7,1375.0,1.59,30.0,0.38,-61.3,-49.3,25.7,46.0,-97.7,4.9,1.0,116.0,0
D006713,4.8,1198.0,1.09,28.5,0.43,-64.8,-50.4,23.9,44.0,-96.4,9.7,0.0,132.0,1
D006714,4.2,1340.0,1.06,23.5,0.45,-67.8,-51.6,25.0,32.0,-93.9,10.2,0.0,138.0,1
D006715,4.2,1214.0,1.02,31.0,0.53,-66.7,-50.2,22.3,44.0,-96.0,10.2,1.0,125.0,1
D006716,6.4,1084.0,1.0,31.0,0.3,-69.1,-52.2,28.1,38.0,-95.6,5.6,0.0,144.0,1
D006717,3.6,1026.0,0.96,24.0,0.6,-62.3,-51.7,24.3,41.0,-92.8,21.1,1.0,144.0,0
D006718,5.1,1185.0,1.1,28.0,0.48,-66.2,-49.7,23.4,48.0,-95.8,7.1,0.0,124.0,1
D006719,4.7,1162.0,1.51,27.0,0.43,-62.7,-47.5,29.0,34.0,-93.4,1.0,1.0,113.0,0
D006720,4.9,1198.0,1.16,31.0,0.41,-65.0,-47.4,23.4,44.0,-96.3,7.7,0.0,120.0,1
D006721,5.1,1266.0,1.24,26.0,0.46,-63.5,-48.9,24.5,44.0,-95.4,8.3,1.0,127.0,0
D006722,6.6,1323.0,1.21,36.0,0.6,-64.8,-47.5,26.9,46.0,-98.4,9.2,0.0,123.0,1
D006723,,1287.0,1.46,36.0,0.31,-60.5,-50.3,23.1,38.0,-97.4,16.7,1.0,,0
D006724,5.0,1253.0,1.21,31.0,0.43,-60.8,-52.7,26.0,54.0,-99.1,18.9,0.0,121.0,0
D006725,3.5,1194.0,1.02,25.0,0.38,-68.8,-49.3,29.0,31.0,-98.9,12.2,1.0,130.0,0
D006726,4.3,1149.0,1.3,28.5,0.44,-64.5,-49.9,23.4,49.0,-94.0,5.9,1.0,122.0,0
D006727,5.1,1161.0,1.16,27.0,0.46,-66.4,-50.6,23.6,47.0,-95.3,6.1,0.0,136.0,1
D006728,3.6,1008.0,1.42,23.0,0.52,-62.4,-47.6,25.2,55.0,-96.3,14.0,0.0,131.0,0
D006729,3.6,1163.0,1.1,35.0,0.52,-61.1,-52.9,20.6,57.0,-93.3,9.9,1.0,115.0,0
D006730,4.9,1226.0,1.12,29.0,,-66.4,-51.1,24.3,43.0,-95.2,4.9,1.0,121.0,1
D006731,5.0,1186.0,1.06,28.5,0.56,-65.8,-49.9,24.0,42.0,-93.3,8.1,0.0,125.0,1
D006732,6.3,1370.0,1.3,31.5,0.33,-64.2,-50.6,26.0,55.0,-96.1,15.2,1.0,127.0,0
D006733,4.9,1235.0,1.23,33.5,0.45,,-47.6,27.8,44.0,-95.9,11.0,0.0,129.0,1
D006734,5.1,1255.0,1.09,25.5,0.5,-65.7,,22.6,42.0,-96.2,13.0,1.0,120.0,0
D006735,4.6,1179.0,1.04,30.5,0.47,-65.1,-49.2,23.4,44.0,-94.5,10.8,1.0,121.0,0
D006736,4.8,1160.0,1.24,28.0,0.46,-66.1,-48.8,23.4,46.0,-95.4,10.7,1.0,119.0,0
D006737,3.8,1165.0,1.07,,0.49,-68.8,,27.9,50.0,-96.1,12.9,1.0,143.0,0
D006738,4.9,1125.0,0.92,31.0,0.46,-66.0,-48.6,24.4,44.0,-95.2,,1.0,132.0,1
D006739,6.7,1228.0,1.46,22.0,0.38,-64.3,-53.6,27.3,32.0,-92.5,5.6,1.0,126.0,1
D006740,5.1,1258.0,0.85,26.5,0.64,-66.7,-51.5,24.2,42.0,-95.7,18.7,1.0,144.0,1
D006741,4.7,1386.0,1.39,26.5,0.42,-63.4,-49.2,29.0,36.0,-96.7,6.1,1.0,101.0,0
D006742,4.2,1175.0,1.01,25.5,0.47,-65.4,-49.0,24.8,42.0,-94.7,5.0,0.0,129.0,0
D006743,3.3,1268.0,0.83,31.5,0.43,-64.7,-54.4,28.0,36.0,-91.9,14.2,1.0,129.0,0
D006744,4.2,1147.0,1.04,29.5,0.44,-65.4,-50.8,24.3,44.0,-94.9,10.8,0.0,125.0,1
D006745,5.3,1170.0,1.19,25.5,0.52,-66.0,-50.8,24.4,44.0,-95.0,8.3,0.0,129.0,1
D006746,5.0,1159.0,1.19,29.0,0.48,-65.7,-48.9,23.4,48.0,-97.2,6.6,1.0,120.0,1
D006747,5.1,1227.0,0.86,30.5,0.52,-62.5,,23.6,33.0,-93.0,21.8,0.0,113.0,1
D006748,6.9,1372.0,1.08,36.0,0.44,-60.4,-51.0,21.8,41.0,-95.8,15.8,1.0,113.0,1
D006749,6.8,1314.0,1.55,,0.43,-66.5,,29.6,33.0,-99.9,18.6,0.0,105.0,0
D006750,4.9,1263.0,1.11,29.5,0.54,-64.5,-50.6,26.5,57.0,-98.3,4.0,1.0,118.0,1
D006751,5.5,1164.0,1.15,31.5,0.5,-67.8,-49.3,24.9,45.0,-94.4,7.1,1.0,135.0,1
D006752,3.9,1229.0,1.37,21.5,0.52,-69.8,-54.1,20.2,33.0,-93.3,6.9,0.0,116.0,1
D006753,3.1,1025.0,1.24,22.5,0.54,-66.4,-50.7,22.7,49.0,-91.2,3.9,0.0,124.0,0
D006754,4.9,1169.0,1.04,28.5,0.43,-64.2,-50.4,22.8,41.0,-92.9,10.9,1.0,130.0,1
D006755,4.3,1131.0,1.09,31.0,0.49,-66.1,-51.5,23.9,44.0,-96.4,,1.0,133.0,1
D006756,5.3,1179.0,1.13,28.0,0.44,-66.8,-50.7,22.1,44.0,-96.5,11.2,0.0,129.0,1
D006757,4.6,1200.0,1.06,,0.48,-64.6,-50.9,23.6,,-94.9,9.1,1.0,119.0,1
D006758,5.1,1200.0,1.07,31.0,0.47,-64.5,-49.8,22.7,42.0,-94.3,8.4,1.0,120.0,1
D006759,5.1,1151.0,0.99,,0.51,-65.5,-50.6,24.5,47.0,-94.5,7.7,1.0,131.0,1
D006760,4.7,1144.0,1.15,29.0,0.44,-66.2,-50.8,23.5,43.0,-96.5,5.9,1.0,127.0,1
D006761,4.3,1140.0,1.05,30.0,0.44,-65.9,-50.0,25.0,42.0,-95.9,6.2,0.0,133.0,1
D006762,5.3,1089.0,1.47,32.0,0.46,-68.5,-51.4,23.6,39.0,-92.6,13.3,1.0,110.0,1
D006763,6.9,1335.0,1.28,38.5,0.6,-70.0,-47.5,24.1,50.0,-90.3,5.8,1.0,111.0,1
D006764,4.0,1246.0,1.0,25.5,0.49,-65.8,-51.6,23.0,46.0,-95.8,8.0,1.0,127.0,0
D006765,5.4,1229.0,1.52,23.0,0.62,-60.0,-53.6,24.5,31.0,-93.3,14.5,0.0,111.0,0
D006766,3.6,1327.0,0.9,20.5,0.41,-63.7,-50.4,28.2,35.0,-92.7,19.5,1.0,141.0,0
D006767,4.6,1196.0,1.06,29.5,0.48,-63.9,-52.3,23.4,45.0,-94.9,11.0,1.0,123.0,1
D006768,4.6,1207.0,1.07,25.5,0.53,-65.2,-49.1,23.9,46.0,-94.6,10.1,0.0,134.0,1
D006769,4.2,1195.0,1.11,28.0,0.41,-65.9,-49.1,22.5,43.0,-95.7,11.2,0.0,127.0,1
D006770,4.7,1231.0,1.25,27.0,0.42,,-49.4,24.6,44.0,-95.2,13.1,0.0,126.0,0
D006771,5.2,1193.0,0.98,27.5,0.47,-66.5,-50.8,22.0,40.0,-96.5,15.6,0.0,135.0,1
D006772,5.0,1166.0,1.06,26.5,0.49,-63.4,-50.4,23.7,46.0,-96.5,7.6,0.0,125.0,1
D006773,4.6,1050.0,1.3,39.0,0.43,-60.4,-53.5,24.1,56.0,-96.9,,0.0,116.0,0
D006774,4.2,1052.0,,30.0,0.51,-66.7,-48.6,27.9,60.0,-99.0,0.0,1.0,141.0,0
D006775,4.7,1395.0,1.32,26.0,0.7,-68.5,-52.1,23.8,,-91.9,20.7,0.0,103.0,0
D006776,4.6,1221.0,1.08,28.0,0.52,-66.4,-48.9,24.2,44.0,-93.8,7.9,1.0,117.0,0
D006777,3.9,1316.0,1.24,32.0,0.41,-63.3,-49.2,26.7,35.0,-96.4,9.5,1.0,131.0,1
D006778,4.9,1149.0,1.12,31.5,0.39,-64.7,-50.3,24.7,40.0,-94.1,7.6,0.0,131.0,1
D006779,3.6,1140.0,0.83,32.5,0.68,-61.1,-49.8,20.0,54.0,-98.8,9.2,1.0,122.0,0
D006780,3.9,1298.0,1.17,25.5,0.44,-69.6,-52.8,22.4,32.0,-93.0,20.4,1.0,145.0,1
D006781,5.7,1249.0,1.28,39.0,0.38,-69.9,-50.8,23.5,45.0,-90.1,3.1,1.0,135.0,1
D006782,4.3,1198.0,1.39,25.5,0.51,-69.3,-53.6,23.2,39.0,-95.3,15.5,1.0,119.0,0
D006783,5.3,1392.0,1.31,37.5,0.47,-63.8,-49.5,,39.0,-91.8,19.0,0.0,139.0,0
D006784,6.8,1273.0,1.18,32.0,0.68,-67.3,-52.7,20.9,59.0,-90.3,10.4,1.0,119.0,1
D006785,3.0,1285.0,1.07,31.0,0.55,-66.5,-50.8,27.4,43.0,-99.9,12.9,0.0,146.0,1
D006786,4.4,1227.0,1.17,29.5,0.46,-66.6,-51.8,23.7,44.0,-94.4,10.2,1.0,121.0,1
D006787,5.7,1207.0,1.09,30.0,0.5,-65.1,-49.6,21.9,49.0,-95.0,9.5,1.0,137.0,1
D006788,6.2,1264.0,1.05,38.0,0.5,-62.8,-45.9,26.0,37.0,-93.2,0.2,0.0,148.0,1
D006789,4.3,1076.0,0.92,39.0,0.61,-65.4,-53.0,23.2,34.0,-91.5,9.4,0.0,129.0,1
D006790,6.9,1148.0,1.4,22.5,0.7,-63.2,-48.9,24.6,57.0,-94.2,3.6,0.0,127.0,0
D006791,5.0,1226.0,1.16,28.5,0.5,-64.7,-49.2,24.8,41.0,-95.8,6.8,1.0,123.0,1
D006792,4.3,1333.0,1.39,30.0,0.56,-68.9,-48.0,26.6,47.0,-94.3,4.5,0.0,105.0,0
D006793,4.8,1140.0,0.95,28.5,0.43,-65.5,-50.1,24.3,44.0,-95.8,10.7,0.0,130.0,1
D006794,5.5,1125.0,1.2,28.0,0.47,-64.2,-49.6,24.7,40.0,-95.3,7.8,0.0,131.0,1
D006795,5.4,1163.0,1.06,27.5,0.48,-65.8,-51.7,25.8,44.0,-97.2,8.9,0.0,122.0,1
D006796,5.8,1182.0,1.42,24.0,,-66.3,-53.6,29.0,39.0,-94.8,1.5,1.0,109.0,0
D006797,4.7,1193.0,1.23,26.0,0.54,-66.3,-49.7,24.5,43.0,-96.1,9.2,0.0,122.0,1
D006798,4.7,1237.0,1.03,27.5,0.46,-65.2,-50.3,22.9,42.0,-95.3,8.3,0.0,128.0,1
D006799,4.7,1188.0,1.12,30.0,0.44,-66.4,-50.9,24.1,,-95.2,14.9,,129.0,1
D006800,6.4,1124.0,1.55,29.5,0.47,-67.2,-45.4,27.9,31.0,-91.5,4.7,1.0,132.0,1
D006801,4.6,1191.0,1.18,27.0,0.49,,-50.4,23.1,45.0,-95.9,8.5,0.0,132.0,1
D006802,4.4,1208.0,0.96,26.5,0.5,-67.3,-50.5,24.4,42.0,-97.1,4.1,1.0,126.0,1
D006803,6.6,1144.0,1.26,32.5,0.57,-69.5,-49.2,20.6,56.0,-93.3,17.9,1.0,143.0,1
D006804,5.8,1246.0,1.1,31.0,0.51,-64.7,-51.8,24.8,43.0,-95.9,10.3,1.0,138.0,1
D006805,4.9,1207.0,1.16,29.5,0.46,-66.2,-49.0,23.7,43.0,-96.1,11.3,1.0,134.0,1
D006806,5.1,1251.0,1.14,29.0,0.41,-64.2,-49.8,25.4,43.0,-95.4,10.4,0.0,126.0,0
D006807,4.6,1181.0,1.04,,0.49,-65.7,-49.6,23.9,40.0,-94.6,4.8,1.0,132.0,1
D006808,5.3,1176.0,1.16,26.0,0.44,-64.7,-49.2,23.6,44.0,-92.9,6.7,0.0,134.0,1
D006809,4.9,1203.0,1.08,30.0,0.46,-63.2,-50.5,22.7,38.0,-94.1,11.5,0.0,129.0,1
D006810,4.7,1197.0,1.08,26.5,0.51,-65.0,-50.9,24.0,50.0,-94.5,5.8,0.0,117.0,1
D006811,3.9,1316.0,0.82,37.5,0.52,-69.6,-45.8,26.1,30.0,-99.7,13.2,1.0,103.0,1
D006812,5.1,1178.0,1.19,28.5,0.45,-65.9,-48.3,23.6,44.0,-95.8,13.8,1.0,129.0,1
D006813,4.5,1230.0,1.07,29.5,0.49,-64.7,-47.7,25.1,44.0,-96.7,9.0,0.0,125.0,0
D006814,5.0,1230.0,0.98,28.5,0.48,-65.8,-50.3,22.9,38.0,-97.5,3.2,1.0,140.0,1
D006815,5.4,1123.0,1.02,26.5,0.51,-63.5,-49.1,25.4,43.0,-96.3,9.7,0.0,122.0,1
D006816,4.3,1234.0,1.02,26.5,0.53,-63.7,-48.2,21.6,37.0,-99.5,2.7,1.0,126.0,1
D006817,5.1,1211.0,1.19,30.0,0.47,-65.5,-49.6,24.8,51.0,-96.7,10.1,1.0,134.0,0
D006818,5.2,1142.0,1.11,28.5,0.57,-63.8,-50.6,23.9,43.0,-97.5,7.4,0.0,130.0,1
D006819,4.8,1179.0,1.2,29.5,0.52,-65.8,-48.8,24.3,47.0,-95.0,6.7,0.0,133.0,1
D006820,5.2,1168.0,1.17,30.0,0.45,-64.6,-51.2,23.7,41.0,-95.4,11.2,1.0,130.0,1
D006821,4.4,1095.0,1.55,23.0,0.54,,-54.0,25.5,36.0,-90.5,2.9,0.0,136.0,1
D006822,5.1,1134.0,0.91,30.0,0.47,-65.3,-48.5,24.4,49.0,-95.8,10.6,0.0,130.0,1
D006823,5.4,1297.0,1.33,39.0,0.68,-69.2,-52.9,21.9,38.0,-95.6,14.7,0.0,134.0,1
D006824,5.3,1053.0,1.35,23.0,0.52,-68.5,,24.9,55.0,-94.1,18.0,1.0,110.0,0
D006825,6.6,1181.0,0.95,32.5,0.37,-63.0,-50.5,25.0,31.0,-90.6,19.3,1.0,133.0,1
D006826,4.9,1279.0,1.34,38.5,0.36,-62.3,-50.3,22.0,49.0,-92.9,22.6,0.0,139.0,0
D006827,4.3,1249.0,1.11,31.5,0.5,-64.6,-48.9,23.1,44.0,-95.9,8.4,1.0,137.0,1
D006828,5.0,1187.0,1.16,31.0,0.51,-65.0,-51.8,23.1,43.0,-95.0,10.0,0.0,128.0,1
D006829,4.5,1174.0,1.05,30.5,0.45,-66.4,-48.7,24.4,43.0,-94.1,9.9,1.0,129.0,1
D006830,4.3,1393.0,1.3,23.5,0.61,-63.7,-54.5,25.3,34.0,-96.5,12.6,1.0,146.0,0
D006831,5.1,1171.0,1.11,30.0,0.54,-66.3,-50.3,25.2,49.0,-95.2,9.1,1.0,130.0,1
D006832,4.6,1287.0,1.07,31.5,0.46,-64.4,-48.6,24.1,40.0,-93.0,8.3,1.0,119.0,0
D006833,4.4,1239.0,1.15,27.0,0.5,-65.1,-50.6,,41.0,-95.2,9.8,1.0,129.0,0
D006834,6.0,1361.0,1.54,26.0,0.38,-62.3,-50.5,20.6,54.0,,2.8,1.0,133.0,0
D006835,4.2,1330.0,1.04,37.0,0.67,-64.9,-48.0,28.7,57.0,,11.7,0.0,101.0,0
D006836,5.0,1146.0,1.19,29.5,0.42,-65.1,-49.3,24.6,43.0,-95.6,3.5,1.0,127.0,1
D006837,4.6,1053.0,0.88,28.0,0.45,-60.0,-51.8,29.5,45.0,-98.4,13.9,0.0,101.0,0
D006838,5.0,1143.0,0.99,31.5,0.48,-65.1,-51.5,24.6,49.0,-95.2,4.5,1.0,130.0,1
D006839,4.4,1072.0,0.98,33.5,0.52,-67.3,-45.9,25.4,39.0,-95.7,15.5,1.0,141.0,1
D006840,4.7,1105.0,1.06,27.0,0.48,-63.8,-50.3,23.8,47.0,-97.3,11.3,0.0,123.0,1
D006841,5.0,1145.0,1.21,26.5,0.48,-66.2,-48.8,25.1,44.0,-96.2,12.1,1.0,128.0,1
D006842,4.4,1195.0,1.19,29.0,0.46,-66.8,-49.3,23.9,48.0,-96.8,9.3,1.0,127.0,1
D006843,5.6,1174.0,1.15,28.0,0.5,-65.9,-51.0,23.0,43.0,-96.1,8.5,1.0,,1
D006844,4.7,1231.0,1.08,27.5,0.53,-66.0,-51.4,26.1,43.0,-94.6,10.8,1.0,129.0,1
D006845,4.2,1356.0,1.39,36.0,0.33,-62.3,-52.2,23.8,39.0,-96.4,7.3,0.0,120.0,0
D006846,5.3,1167.0,1.13,28.0,0.41,-64.5,-50.4,25.6,46.0,-96.2,8.9,1.0,,1
D006847,5.2,1193.0,0.93,28.0,0.49,-64.8,-50.0,23.8,40.0,-96.7,8.3,1.0,126.0,1
D006848,4.3,1160.0,1.13,28.0,0.44,-64.8,-50.0,24.1,47.0,-94.5,7.5,1.0,127.0,1
D006849,3.9,1309.0,1.47,21.0,0.49,-63.1,-45.6,25.0,46.0,-94.7,10.2,1.0,113.0,0
D006850,4.2,1161.0,1.1,27.5,0.44,-64.2,-49.9,24.0,42.0,-95.8,8.6,1.0,130.0,0
D006851,4.3,1198.0,1.1,31.5,0.5,-67.0,-50.5,25.1,40.0,-95.2,16.3,1.0,125.0,0
D006852,3.7,1037.0,0.87,37.5,0.49,-68.8,-48.3,20.3,44.0,-95.0,3.8,1.0,101.0,1
D006853,5.7,1229.0,1.35,27.0,0.5,-65.1,-51.2,25.7,,-95.8,4.5,0.0,126.0,1
D006854,5.3,1149.0,1.01,29.5,0.52,-67.0,-47.5,22.3,,-94.7,10.1,0.0,131.0,1
D006855,4.0,1057.0,1.23,24.5,0.38,-68.9,-45.5,25.5,31.0,-93.4,,1.0,125.0,0
D006856,4.6,1185.0,1.13,30.0,0.39,-65.2,-49.0,23.2,45.0,-96.8,8.0,0.0,116.0,1
D006857,4.9,1209.0,1.02,29.5,0.46,-65.5,-50.8,23.7,41.0,-96.3,7.9,0.0,128.0,1
D006858,3.7,1245.0,1.45,32.0,0.66,-61.4,-49.4,21.5,57.0,-92.5,12.5,0.0,104.0,0
D006859,4.7,1196.0,1.06,26.0,0.41,-65.1,-52.7,22.1,47.0,-95.6,10.2,1.0,130.0,1
D006860,3.0,1017.0,1.33,29.5,0.53,-69.5,-49.1,27.0,31.0,-97.6,6.5,1.0,102.0,0
D006861,4.0,1382.0,1.57,23.5,0.44,-63.5,-53.8,27.5,39.0,-98.1,18.4,1.0,136.0,0
D006862,5.8,1310.0,0.83,20.5,0.35,-65.1,-54.8,24.7,42.0,-93.1,20.6,1.0,102.0,0
D006863,4.9,1177.0,1.0,32.0,0.47,-66.2,-49.8,24.0,45.0,-95.1,5.7,1.0,131.0,1
D006864,5.4,1024.0,1.2,23.0,0.61,-63.0,-46.6,26.8,40.0,-99.5,1.5,1.0,121.0,1
D006865,4.7,1179.0,1.21,31.0,0.46,-64.4,-49.8,24.4,45.0,-95.9,8.0,0.0,128.0,1
D006866,5.8,1132.0,1.56,31.5,0.48,-65.6,-50.7,25.8,50.0,-99.4,17.1,0.0,100.0,0
D006867,5.0,1218.0,1.09,30.0,0.53,-64.2,-50.1,23.5,45.0,-92.7,6.9,0.0,131.0,1
D006868,4.9,1172.0,1.03,34.5,0.47,-65.8,-49.2,25.1,49.0,-96.4,10.6,0.0,133.0,1
D006869,4.8,1172.0,1.27,23.5,0.61,-68.3,-47.8,26.9,60.0,-92.5,0.5,1.0,150.0,0
D006870,3.9,1265.0,1.27,36.0,0.41,-66.8,-50.9,27.6,38.0,-93.3,23.8,0.0,109.0,0
D006871,5.5,1223.0,1.24,30.0,0.44,-64.6,-48.3,24.2,41.0,-95.1,4.2,1.0,132.0,1
D006872,5.4,1145.0,0.92,29.5,0.51,-66.3,-49.2,24.4,43.0,-95.9,7.5,1.0,131.0,1
D006873,5.7,1211.0,1.02,29.0,0.52,-64.1,-49.6,22.4,43.0,-96.6,6.5,1.0,120.0,1
D006874,4.2,1191.0,1.05,28.0,0.52,-68.0,-51.9,22.7,44.0,-95.4,8.5,1.0,128.0,1
D006875,5.7,1354.0,1.39,22.5,0.5,-64.9,-54.5,21.2,50.0,-97.5,16.7,0.0,148.0,1
D006876,4.4,1288.0,1.08,32.5,0.49,-65.5,-49.9,21.8,44.0,-95.5,10.0,0.0,130.0,1
D006877,5.0,1230.0,1.15,28.0,0.44,-64.9,-50.5,22.9,49.0,-92.7,6.8,1.0,128.0,1
D006878,4.8,1172.0,1.31,21.5,0.41,-62.9,-54.3,23.4,,-91.7,12.9,0.0,116.0,0
D006879,5.5,1164.0,1.01,30.5,0.55,-63.8,-50.1,22.8,46.0,-97.2,2.1,0.0,128.0,1
D006880,4.8,1173.0,1.23,25.0,0.45,-66.0,-50.8,22.8,47.0,-93.3,10.4,,130.0,0
D006881,4.3,1182.0,1.18,33.5,0.45,-65.4,-49.8,23.2,47.0,-95.5,13.4,0.0,131.0,1
D006882,4.4,1074.0,1.14,32.5,0.5,-65.5,-50.1,25.0,41.0,-94.8,7.0,1.0,137.0,1
D006883,5.1,1263.0,1.15,29.5,0.53,-65.2,-48.6,23.1,42.0,-94.5,,0.0,130.0,1
D006884,4.9,1048.0,1.19,35.0,0.42,-63.2,-48.9,28.0,46.0,-98.3,23.5,0.0,101.0,0
D006885,5.5,1157.0,1.13,30.0,0.54,-65.9,-50.7,26.1,46.0,-96.2,8.9,1.0,121.0,1
D006886,4.8,1174.0,1.05,27.5,0.47,-65.3,-51.7,25.0,42.0,-95.3,8.0,1.0,122.0,1
D006887,4.4,1082.0,0.8,30.5,0.3,-64.1,,27.5,56.0,-98.3,11.3,1.0,122.0,0
D006888,6.3,1187.0,0.95,34.5,0.35,-68.0,-45.1,26.9,,,22.9,0.0,127.0,1
D006889,5.3,1193.0,1.14,29.0,0.48,-66.8,-52.8,24.7,45.0,-94.0,8.7,1.0,139.0,1
D006890,5.2,1177.0,1.03,29.5,0.46,-64.9,-50.8,24.6,43.0,-95.7,13.5,0.0,126.0,1
D006891,5.0,1217.0,1.11,31.5,0.49,-63.8,-51.2,25.4,39.0,-94.8,13.8,1.0,133.0,1
D006892,5.2,1159.0,1.1,30.0,0.47,-65.2,-50.1,24.7,43.0,-96.1,7.6,0.0,139.0,1
D006893,4.9,1154.0,1.07,29.5,0.55,-66.7,-51.4,23.2,40.0,-96.3,15.0,1.0,133.0,1
D006894,4.9,1165.0,0.92,29.0,0.53,-64.0,-48.7,23.0,38.0,-95.8,13.7,1.0,126.0,1
D006895,4.8,1199.0,1.1,28.0,0.46,-66.3,-49.1,24.1,39.0,-95.0,9.8,0.0,134.0,1
D006896,4.7,1096.0,0.91,31.0,0.44,-65.8,-50.3,22.4,49.0,-96.5,5.9,1.0,125.0,1
D006897,4.8,1086.0,1.41,26.5,0.7,-60.3,-53.5,23.1,48.0,-97.4,9.0,1.0,104.0,0
D006898,5.0,1184.0,1.05,31.5,0.5,-66.3,-51.4,23.5,47.0,-94.9,8.4,1.0,124.0,1
D006899,3.8,1319.0,1.51,37.0,0.62,-66.3,-48.0,23.0,37.0,-90.9,16.4,1.0,147.0,0
D006900,4.9,1171.0,1.13,28.5,0.45,-66.0,-49.2,23.8,43.0,-94.5,,0.0,122.0,1
D006901,6.3,1083.0,1.15,36.5,0.46,-62.7,-50.0,26.8,,-95.6,2.3,1.0,133.0,1
D006902,6.2,1173.0,1.2,25.0,0.64,-62.2,-52.4,21.6,59.0,-95.1,5.3,0.0,149.0,0
D006903,5.5,1277.0,0.8,37.5,0.52,-68.3,-46.6,30.0,48.0,-96.7,,1.0,129.0,0
D006904,4.4,1166.0,1.2,28.5,0.39,-64.7,-49.7,24.0,46.0,-95.1,6.7,0.0,125.0,0
D006905,5.4,1139.0,1.14,25.0,0.5,-64.5,-49.7,22.8,45.0,-97.2,,0.0,135.0,1
D006906,7.0,1029.0,,28.5,0.51,-62.6,-49.8,26.5,48.0,-99.8,8.6,1.0,122.0,1
D006907,4.5,1203.0,1.13,28.0,0.5,-64.7,-50.3,24.7,49.0,-94.5,13.3,0.0,129.0,1
D006908,3.7,1377.0,1.31,22.0,0.6,-63.0,-50.6,23.4,60.0,-96.6,6.9,1.0,144.0,0
D006909,5.6,1137.0,1.09,29.5,0.49,-66.8,-48.8,25.6,43.0,-95.2,6.7,0.0,127.0,1
D006910,4.5,1210.0,1.02,28.0,0.51,-63.9,-48.7,23.3,42.0,-93.8,9.2,1.0,123.0,1
D006911,3.1,1140.0,0.83,32.0,0.63,-65.0,-51.6,21.2,35.0,,23.9,1.0,100.0,0
D006912,4.4,,1.36,31.5,0.44,-64.9,-49.0,26.0,47.0,-96.4,8.2,0.0,124.0,1
D006913,3.0,1107.0,0.84,28.0,0.49,-61.3,-47.9,27.1,38.0,-95.4,20.9,1.0,110.0,0
D006914,4.9,1131.0,1.09,29.5,0.43,-66.4,-49.9,22.8,47.0,-94.9,6.4,1.0,138.0,1
D006915,4.5,,1.32,27.5,0.43,-65.9,-51.1,24.2,46.0,-95.5,9.1,0.0,135.0,0
D006916,5.0,1175.0,1.16,28.5,0.46,-66.1,-51.1,25.2,46.0,-94.2,12.9,0.0,126.0,1
D006917,6.7,1079.0,1.52,30.5,0.6,-64.1,-54.8,20.7,55.0,-98.6,5.9,1.0,120.0,0
D006918,6.8,1336.0,1.33,32.0,0.7,-65.4,-46.2,29.7,43.0,-97.8,14.7,0.0,137.0,1
D006919,4.2,1188.0,1.05,30.5,0.49,-65.1,-48.3,23.5,37.0,-96.6,10.5,1.0,127.0,1
D006920,5.5,1178.0,1.07,27.0,0.54,-66.0,-49.5,23.7,50.0,-95.2,11.7,1.0,130.0,1
D006921,5.1,1189.0,1.15,30.5,0.42,-66.1,-49.4,25.0,46.0,-97.7,11.1,0.0,136.0,1
D006922,5.3,1176.0,1.14,32.0,0.46,-65.8,,24.6,51.0,-94.5,8.7,1.0,140.0,1
D006923,4.9,1181.0,1.07,29.5,0.49,-65.4,-50.7,23.9,49.0,-95.9,,0.0,126.0,1
D006924,5.4,1226.0,1.04,27.5,0.49,-64.1,-50.4,24.1,44.0,-95.9,8.2,1.0,129.0,1
D006925,4.3,1230.0,1.22,30.0,0.52,-65.4,-50.3,25.4,42.0,-96.3,11.2,1.0,130.0,0
D006926,4.6,1186.0,1.06,31.0,0.55,-65.5,-51.6,24.3,49.0,-96.7,9.1,0.0,123.0,1
D006927,4.9,1178.0,1.04,31.5,0.45,-64.5,-49.9,23.6,40.0,-96.4,7.9,0.0,132.0,1
D006928,4.7,1249.0,1.1,30.5,0.47,,-48.6,22.9,44.0,,,0.0,122.0,1
D006929,5.0,,1.13,31.0,0.44,,-50.8,24.6,44.0,-96.1,12.2,1.0,133.0,0
D006930,4.4,1239.0,1.17,,0.52,-64.8,-49.3,25.2,43.0,-95.4,12.2,0.0,130.0,0
D006931,3.3,1227.0,1.4,22.5,0.34,-65.5,-47.7,23.7,47.0,-94.6,12.9,0.0,118.0,0
D006932,4.3,1185.0,0.97,31.5,0.52,-66.0,-50.1,22.3,49.0,-96.9,,0.0,126.0,1
D006933,4.4,1138.0,0.97,31.5,0.51,-64.7,-49.8,23.7,47.0,-97.2,8.6,1.0,123.0,1
D006934,5.1,1203.0,1.02,28.5,0.49,-65.3,-48.5,24.7,45.0,-96.0,,0.0,129.0,1
D006935,5.2,1172.0,1.18,,0.52,-65.0,-50.8,24.0,46.0,-96.8,11.0,1.0,136.0,1
D006936,4.3,1115.0,1.02,31.0,0.37,-65.2,-49.5,23.8,43.0,-94.3,9.2,1.0,132.0,0
D006937,5.7,1099.0,1.21,30.0,0.49,-67.8,-49.6,23.5,47.0,-94.8,6.5,1.0,142.0,1
D006938,5.5,1162.0,1.11,29.0,0.55,-67.4,-49.3,23.4,42.0,-94.3,8.7,0.0,118.0,1
D006939,5.3,1160.0,1.07,28.5,0.44,-65.0,-50.3,23.8,49.0,-96.1,9.0,0.0,123.0,1
D006940,5.4,1234.0,1.23,25.5,0.47,-62.0,-50.2,27.7,56.0,-93.5,10.8,1.0,141.0,1
D006941,5.3,1091.0,1.05,30.5,0.53,-65.4,-50.5,24.8,,-97.9,5.3,1.0,127.0,1
D006942,4.3,1164.0,1.04,27.5,0.46,-65.5,-50.2,23.4,41.0,-96.6,5.2,0.0,135.0,1
D006943,4.8,1209.0,1.14,28.0,0.52,-64.9,-49.2,23.9,45.0,-95.1,10.3,0.0,124.0,1
D006944,4.9,1165.0,1.28,28.5,0.53,-67.6,-50.2,22.6,47.0,-97.8,10.9,1.0,123.0,1
D006945,4.7,1205.0,1.22,30.5,0.43,-66.2,-50.8,23.0,44.0,-95.8,5.3,0.0,127.0,1
D006946,4.5,1166.0,1.04,32.0,0.43,-65.8,-47.6,22.9,40.0,-94.1,9.5,1.0,129.0,1
D006947,5.0,1208.0,1.05,28.0,0.43,-66.1,-48.9,25.0,44.0,-96.1,6.3,0.0,125.0,1
D006948,6.4,1181.0,1.43,22.5,0.64,-65.7,-48.9,27.9,47.0,-97.0,19.8,1.0,139.0,0
D006949,6.9,1322.0,1.02,30.0,0.59,-67.1,-51.9,27.5,57.0,-90.2,20.5,1.0,133.0,1
D006950,5.2,1177.0,1.5,23.5,0.38,-67.3,-47.7,28.7,52.0,-100.0,18.8,0.0,143.0,0
D006951,3.0,1025.0,1.54,22.5,0.43,-68.8,-52.6,24.5,41.0,-90.2,3.4,0.0,133.0,0
D006952,4.7,1100.0,1.05,32.0,0.5,-64.6,-48.8,24.4,41.0,-97.1,9.5,0.0,130.0,1
D006953,4.8,1117.0,1.09,25.5,0.52,-65.8,-48.2,24.2,42.0,-94.6,8.4,0.0,131.0,1
D006954,5.3,1175.0,1.13,27.5,0.46,-64.5,-50.1,24.3,43.0,-95.6,6.5,1.0,125.0,1
D006955,4.6,1175.0,1.14,31.5,0.51,-66.8,-50.7,24.3,47.0,-93.5,10.5,1.0,122.0,1
D006956,5.0,1149.0,1.18,28.5,0.51,-63.5,-50.0,24.8,39.0,-96.6,10.3,0.0,126.0,1
D006957,5.0,1176.0,1.14,27.5,0.49,-65.7,-50.4,23.8,43.0,-96.1,2.1,0.0,134.0,1
D006958,4.7,1168.0,1.0,29.0,0.47,-65.9,-49.4,24.2,47.0,-93.8,10.3,1.0,126.0,1
D006959,4.3,1188.0,1.11,29.5,0.42,-65.9,-49.8,24.7,49.0,-96.0,8.0,0.0,126.0,1
D006960,4.4,1109.0,1.12,31.5,0.49,-65.5,-48.8,24.3,40.0,-95.6,7.7,1.0,129.0,0
D006961,4.7,1181.0,1.17,26.5,0.5,-66.4,-49.2,23.2,46.0,-94.6,7.3,1.0,126.0,1
D006962,4.1,1315.0,1.46,33.5,0.64,-69.1,-46.2,23.5,30.0,-91.4,14.1,1.0,115.0,0
D006963,4.8,1086.0,1.34,20.0,0.51,-66.4,-47.4,25.5,45.0,-95.8,10.6,1.0,120.0,0
D006964,4.1,1193.0,0.99,28.5,0.56,-63.9,-48.4,23.7,39.0,-96.5,11.2,1.0,130.0,0
D006965,4.8,1193.0,1.15,30.5,0.51,-67.4,-50.0,23.9,50.0,-94.9,10.7,1.0,131.0,1
D006966,5.0,1199.0,1.0,29.5,0.47,-67.0,-49.4,24.8,49.0,-94.7,8.0,0.0,127.0,1
D006967,4.6,1141.0,1.13,31.5,0.51,-65.5,-49.6,21.8,44.0,-96.5,4.1,1.0,121.0,0
D006968,4.8,1136.0,1.12,28.0,0.43,-64.6,-50.0,23.4,42.0,-94.0,8.3,1.0,121.0,0
D006969,4.5,1162.0,0.97,27.0,0.54,-66.9,-50.5,24.9,44.0,,11.1,0.0,124.0,1
D006970,4.7,1155.0,1.19,32.0,0.44,-66.4,-50.7,24.4,49.0,-93.8,7.8,1.0,123.0,1
D006971,4.8,1118.0,1.02,39.0,0.65,-68.8,-48.6,24.3,40.0,-93.3,6.6,1.0,129.0,0
D006972,4.6,1151.0,0.96,31.0,0.55,-64.1,-49.8,22.6,40.0,-96.0,6.5,0.0,,1
D006973,4.4,1206.0,1.06,30.5,0.49,-65.8,-50.0,25.0,42.0,-95.7,7.5,0.0,132.0,1
D006974,4.6,1092.0,1.11,29.5,0.5,-65.7,-50.7,23.1,47.0,-94.9,7.0,1.0,124.0,1
D006975,6.0,1167.0,1.05,34.0,0.54,-62.4,-52.5,20.8,50.0,-93.3,12.0,1.0,115.0,1
D006976,4.6,1150.0,1.25,30.0,0.5,-66.0,-51.6,23.4,37.0,-93.8,10.4,1.0,135.0,1
D006977,4.7,1186.0,1.17,30.0,0.54,-63.9,-50.7,24.0,41.0,-94.7,8.4,1.0,115.0,0
D006978,5.2,1229.0,1.04,29.0,0.47,-64.1,-50.5,24.9,47.0,-95.0,8.4,1.0,122.0,1
D006979,4.6,1200.0,1.1,28.5,0.45,-64.7,-50.3,23.8,39.0,-94.8,9.6,0.0,120.0,0
D006980,4.6,1168.0,1.04,35.0,0.51,-65.2,-49.4,25.2,,-99.1,7.6,0.0,130.0,1
D006981,5.1,1139.0,1.12,26.5,0.52,-65.1,-50.5,23.2,49.0,-95.7,8.7,0.0,132.0,1
D006982,4.0,1360.0,1.35,27.0,0.56,-68.6,-45.6,24.9,50.0,-99.7,21.0,1.0,105.0,0
D006983,4.2,1200.0,1.22,30.5,0.51,-64.3,-49.9,24.0,44.0,-95.9,8.6,1.0,129.0,1
D006984,3.5,1247.0,1.12,32.0,0.31,-67.2,-53.6,26.8,44.0,-92.8,5.4,1.0,119.0,0
D006985,4.8,1194.0,1.11,26.0,0.5,-66.1,-49.1,23.9,45.0,-96.7,7.9,0.0,124.0,1
D006986,3.5,1271.0,1.05,25.5,0.41,-60.0,-48.9,28.7,48.0,-93.8,22.9,1.0,148.0,0
D006987,3.4,1114.0,0.81,34.5,0.54,-64.7,-46.3,24.3,40.0,-91.2,22.0,1.0,139.0,0
D006988,5.6,1256.0,1.07,25.0,0.48,-64.9,-50.0,25.4,40.0,-95.1,5.5,1.0,120.0,1
D006989,4.6,1185.0,1.23,29.5,0.51,-64.5,-51.5,23.7,41.0,-94.2,7.1,1.0,120.0,1
D006990,5.0,1140.0,1.07,31.5,0.46,-66.2,-51.3,25.8,44.0,-95.5,8.3,0.0,125.0,1
D006991,5.3,1277.0,1.32,20.5,0.64,-69.8,-48.5,21.2,51.0,-90.2,19.1,1.0,123.0,0
D006992,4.3,1178.0,1.1,26.5,0.49,-66.0,-51.7,24.0,40.0,-95.4,15.5,1.0,128.0,0
D006993,4.7,1166.0,0.92,32.0,0.46,-66.7,-49.1,22.9,47.0,-95.5,7.3,1.0,124.0,1
D006994,3.3,1356.0,1.31,24.5,0.61,-69.2,-47.9,23.0,60.0,-92.6,,1.0,132.0,0
D006995,6.0,1270.0,0.95,26.0,0.45,-68.2,-52.8,21.7,43.0,-92.8,14.8,1.0,149.0,1
D006996,5.2,1223.0,1.0,28.0,0.45,-66.0,-50.4,22.8,43.0,-94.7,10.4,0.0,125.0,1
D006997,4.9,1182.0,1.08,29.0,0.43,-64.9,-51.5,24.3,43.0,-96.7,10.5,0.0,127.0,1
D006998,5.7,1217.0,1.15,26.5,0.42,-65.7,-49.2,24.6,42.0,-95.3,10.3,0.0,132.0,1
D006999,5.6,1077.0,1.19,34.5,0.55,-67.0,-47.3,27.4,34.0,-97.1,16.0,0.0,125.0,1
D007000,3.3,1192.0,1.42,30.0,0.37,-62.6,-49.8,23.5,46.0,-95.4,1.1,1.0,115.0,0
D007001,4.5,1166.0,1.08,31.0,0.51,-66.9,-50.7,23.8,45.0,-95.8,9.4,1.0,128.0,1
D007002,3.5,1354.0,1.01,24.5,0.39,,-48.2,22.7,47.0,-98.8,2.1,0.0,123.0,1
D007003,4.6,1195.0,1.0,27.5,0.47,-66.8,-50.2,23.7,51.0,-97.1,,0.0,132.0,0
D007004,4.7,1128.0,1.1,28.0,0.39,-65.0,-49.4,24.3,45.0,-95.3,4.1,1.0,128.0,1
D007005,4.8,1150.0,0.96,27.5,0.47,-64.7,-49.9,24.2,41.0,-96.6,5.7,1.0,130.0,1
D007006,4.6,1134.0,1.13,28.0,0.53,-67.5,-49.6,21.9,45.0,-95.3,9.8,1.0,127.0,1
D007007,4.8,1118.0,1.07,29.5,0.44,-63.7,-50.5,22.1,42.0,-93.8,6.5,1.0,122.0,1
D007008,4.7,1159.0,1.08,30.5,,-64.8,-49.5,21.9,50.0,-94.6,9.0,0.0,128.0,0
D007009,5.8,1130.0,0.93,27.5,0.43,-66.6,-50.0,25.1,45.0,-96.3,4.9,1.0,126.0,1
D007010,4.5,1150.0,1.05,31.0,0.52,-66.8,-50.3,22.9,44.0,-94.7,3.7,1.0,124.0,1
D007011,4.7,1204.0,0.92,27.5,0.48,-65.3,-49.0,24.1,42.0,-94.4,7.6,1.0,118.0,1
D007012,5.5,1009.0,1.35,37.0,0.38,-68.3,-53.6,20.6,32.0,-94.8,13.6,1.0,134.0,1
D007013,4.3,1383.0,1.13,25.0,0.35,-64.4,-46.0,26.7,55.0,-98.1,,1.0,128.0,0
D007014,4.4,1156.0,1.51,28.0,0.67,-66.0,-47.1,22.6,50.0,-94.5,14.1,0.0,121.0,0
D007015,4.3,1006.0,1.27,26.0,0.66,-66.3,,22.2,53.0,-98.3,17.9,0.0,113.0,0
D007016,3.8,,0.93,39.5,0.54,-65.1,-48.8,20.3,59.0,-91.8,7.9,0.0,113.0,0
D007017,5.0,1145.0,1.1,34.0,0.51,-67.6,-50.4,24.3,46.0,-96.3,6.5,0.0,128.0,1
D007018,6.3,1006.0,1.27,40.0,0.69,-68.8,-47.2,26.3,55.0,-96.3,3.6,0.0,105.0,1
D007019,5.0,1152.0,1.06,28.5,0.51,-66.6,-50.3,23.0,44.0,-94.4,7.4,0.0,125.0,1
D007020,4.6,1206.0,1.05,28.5,0.56,-65.6,-52.4,24.3,47.0,-94.9,7.2,1.0,136.0,1
D007021,5.9,1098.0,1.48,32.0,0.47,-64.3,-49.3,30.0,33.0,-93.3,20.1,1.0,125.0,0
D007022,4.8,1228.0,1.2,30.0,0.52,-66.3,-50.2,24.5,43.0,-94.3,11.2,0.0,127.0,1
D007023,4.1,1390.0,1.49,24.0,0.39,-68.5,-48.6,27.9,44.0,-91.9,10.4,1.0,144.0,0
D007024,4.8,1230.0,1.19,28.5,0.5,-65.7,-52.0,24.1,39.0,-96.5,8.3,0.0,134.0,1
D007025,6.4,1325.0,1.54,22.5,0.38,-68.5,-52.3,25.0,31.0,-98.3,17.0,1.0,112.0,1
D007026,5.2,1144.0,1.01,30.0,0.49,-65.9,-50.2,23.9,40.0,-95.0,6.7,0.0,123.0,1
D007027,6.0,1348.0,1.18,30.0,0.38,-64.6,-52.4,23.8,58.0,-95.2,2.1,0.0,107.0,1
D007028,4.3,1135.0,1.02,30.0,0.53,-65.6,-51.1,24.8,42.0,-96.0,7.1,0.0,123.0,1
D007029,4.6,1398.0,0.93,27.0,0.57,-63.4,-46.9,25.6,45.0,-93.2,22.9,1.0,106.0,0
D007030,4.4,1269.0,1.59,39.5,0.53,-69.2,-50.3,29.7,,-97.8,1.0,0.0,135.0,1
D007031,5.0,1085.0,1.15,28.0,0.48,-64.2,-50.1,23.5,48.0,-95.0,10.0,1.0,137.0,0
D007032,5.2,1187.0,1.1,31.0,0.46,-65.8,-50.1,23.7,46.0,-96.1,9.7,0.0,,1
D007033,4.7,1248.0,1.17,30.5,0.5,-65.8,-51.2,22.4,43.0,-95.5,10.2,1.0,140.0,1
D007034,6.8,1231.0,1.1,29.5,0.61,-63.5,-52.5,23.2,51.0,-90.2,9.4,0.0,142.0,1
D007035,4.8,1129.0,1.17,31.5,0.48,-64.3,-49.2,24.7,44.0,-95.6,11.2,1.0,128.0,0
D007036,5.2,1196.0,1.15,32.0,0.48,-64.7,-49.2,23.4,44.0,-97.3,8.5,1.0,125.0,1
D007037,4.1,1025.0,1.35,25.5,0.45,-60.5,-52.6,25.8,35.0,-91.5,3.6,0.0,127.0,0
D007038,4.0,1181.0,1.04,33.0,0.52,-64.4,-50.8,24.4,44.0,,12.7,1.0,125.0,0
D007039,4.7,1239.0,1.48,34.0,0.32,-62.8,-45.9,23.9,34.0,-93.2,19.0,0.0,106.0,0
D007040,6.5,1021.0,1.56,28.0,0.62,-63.4,-48.9,22.8,36.0,-90.2,6.4,0.0,138.0,1
D007041,5.5,1222.0,0.98,39.5,0.42,-62.6,-48.7,23.7,34.0,-99.5,12.7,0.0,131.0,1
D007042,5.4,1173.0,1.04,30.0,0.5,-64.9,-51.1,24.5,47.0,-93.3,12.5,0.0,127.0,1
D007043,4.4,1248.0,1.5,34.0,0.57,-64.8,-50.6,20.5,38.0,-94.1,19.5,0.0,142.0,0
D007044,5.1,1244.0,1.0,32.0,0.38,-64.0,-49.5,24.0,50.0,-96.3,11.2,0.0,129.0,1
D007045,5.2,1177.0,1.08,28.0,0.57,-65.1,-49.0,26.8,46.0,-95.2,9.0,1.0,135.0,0
D007046,4.7,1162.0,1.15,30.5,0.53,-66.4,-49.1,24.4,43.0,-95.6,10.1,1.0,121.0,1
D007047,5.3,1244.0,1.17,29.5,0.46,-64.5,-49.8,24.8,45.0,-95.9,9.0,1.0,126.0,1
D007048,4.3,1148.0,1.17,25.5,0.55,-64.7,-50.5,22.5,47.0,-95.6,11.5,0.0,126.0,0
D007049,5.3,1212.0,1.02,27.0,0.5,-66.1,-49.1,,47.0,-93.8,7.0,0.0,128.0,1
D007050,5.0,1209.0,1.11,31.0,0.53,-65.9,-48.5,22.1,48.0,-95.0,8.0,0.0,125.0,1
D007051,6.7,1223.0,1.25,27.5,0.57,-67.0,-52.1,28.7,37.0,-97.7,17.2,1.0,138.0,1
D007052,6.3,1317.0,1.53,20.0,0.35,-67.1,-54.5,23.5,47.0,-91.5,18.0,1.0,123.0,0
D007053,3.8,1189.0,0.91,30.5,0.51,-68.5,-45.7,24.3,36.0,-90.4,16.8,0.0,110.0,1
D007054,6.4,1144.0,0.82,36.5,0.51,-60.7,-50.9,25.6,53.0,-93.2,6.9,1.0,146.0,1
D007055,5.1,1026.0,1.0,32.5,0.63,-66.3,-49.9,29.0,42.0,-99.4,21.6,0.0,133.0,0
D007056,5.2,1164.0,1.08,30.5,0.48,-64.6,-51.5,23.3,44.0,-93.9,8.9,1.0,128.0,1
D007057,5.9,1360.0,1.15,38.5,0.64,-65.3,-52.3,26.3,49.0,-93.6,21.3,1.0,113.0,1
D007058,,1201.0,1.16,33.5,0.38,-68.2,-53.5,22.0,48.0,-91.6,13.0,1.0,126.0,1
D007059,5.1,1141.0,1.23,29.5,0.48,-65.6,-51.9,22.6,39.0,-95.9,10.6,0.0,134.0,1
D007060,4.4,1164.0,1.1,30.0,0.45,-64.4,-49.9,24.3,45.0,-93.9,9.6,0.0,128.0,1
D007061,4.9,1146.0,0.98,26.5,0.41,-65.3,-48.4,25.4,39.0,-96.9,12.2,1.0,132.0,1
D007062,6.4,1065.0,0.94,31.5,0.67,-67.3,-49.1,29.0,32.0,-91.3,21.7,1.0,119.0,0
D007063,4.0,1026.0,1.28,24.0,0.61,-69.0,-47.7,20.5,55.0,-97.6,23.8,1.0,134.0,0
D007064,6.5,1339.0,1.09,26.5,0.44,-66.0,-48.2,28.5,58.0,-92.0,5.6,0.0,148.0,1
D007065,5.0,1174.0,1.01,30.5,0.47,-66.3,-49.5,24.9,47.0,-94.4,4.8,1.0,130.0,1
D007066,5.8,1300.0,1.02,31.5,0.45,-67.8,-45.5,30.0,39.0,-90.9,19.8,1.0,139.0,0
D007067,5.1,1148.0,1.09,25.0,0.53,-65.2,-48.6,25.1,45.0,-96.8,6.2,0.0,134.0,1
D007068,5.4,1145.0,1.16,32.0,0.42,-64.4,-49.0,25.5,38.0,-94.2,11.1,1.0,124.0,0
D007069,3.0,1286.0,1.41,28.5,0.33,-62.6,-45.6,20.3,51.0,-90.1,16.1,1.0,122.0,0
D007070,5.3,1032.0,1.04,22.5,0.66,-65.4,-45.4,25.6,,-92.9,10.0,0.0,138.0,0
D007071,6.0,1196.0,1.05,40.0,0.63,-66.0,-54.9,29.6,32.0,-98.7,5.1,1.0,135.0,1
D007072,6.4,1104.0,1.45,32.0,0.35,-66.4,-49.7,28.8,58.0,-93.8,1.8,0.0,115.0,0
D007073,4.3,1226.0,1.1,30.5,0.55,-67.5,-48.8,23.1,37.0,-96.8,11.4,0.0,128.0,1
D007074,4.1,1217.0,1.0,26.5,0.5,-65.4,-50.7,22.4,44.0,-95.0,9.2,1.0,123.0,0
D007075,4.9,1121.0,1.02,31.0,0.52,-65.1,-50.4,24.6,41.0,-95.5,11.0,0.0,128.0,1
D007076,5.1,1195.0,1.23,28.5,0.48,-64.7,-50.9,24.8,44.0,-95.5,,1.0,120.0,0
D007077,3.4,1315.0,1.57,35.0,0.67,-65.6,-51.6,26.6,47.0,-90.1,13.5,0.0,107.0,0
D007078,5.3,1121.0,1.11,27.5,0.41,-65.6,-49.6,22.5,45.0,-95.9,4.8,0.0,136.0,0
D007079,4.4,1233.0,1.28,30.5,0.39,-69.6,-49.3,27.4,47.0,-94.2,18.2,0.0,107.0,0
D007080,5.0,1257.0,1.04,30.0,0.45,-66.8,-50.6,25.3,44.0,-96.9,9.7,0.0,135.0,1
D007081,4.8,1152.0,1.14,26.0,0.49,-66.3,-49.3,24.3,45.0,-95.0,8.5,1.0,130.0,1
D007082,5.3,1167.0,,28.0,0.44,-66.8,-50.5,23.6,44.0,-97.0,8.0,0.0,131.0,1
D007083,5.1,1177.0,1.2,30.5,0.56,-66.1,-51.4,24.0,43.0,-96.4,12.1,0.0,126.0,1
D007084,4.6,1142.0,1.13,28.0,0.45,-65.9,-50.8,23.9,44.0,-95.8,8.7,1.0,136.0,1
D007085,4.6,1158.0,1.18,29.5,0.49,-64.0,-49.2,22.6,44.0,-94.4,12.0,1.0,118.0,0
D007086,4.2,1186.0,1.04,30.0,0.5,-65.6,-51.4,22.1,42.0,-94.5,6.4,1.0,127.0,1
D007087,4.5,1159.0,1.07,25.5,0.51,-63.6,-48.7,24.3,46.0,-94.5,10.4,1.0,129.0,0
D007088,4.9,1245.0,1.13,27.0,0.4,-66.5,-50.5,23.2,49.0,-95.1,8.3,0.0,130.0,1
D007089,5.9,1143.0,0.81,23.5,0.66,-61.2,-51.0,20.5,58.0,-95.2,3.5,1.0,148.0,0
D007090,4.6,1203.0,1.07,28.0,0.55,-64.9,-50.2,24.1,43.0,-95.4,6.8,1.0,120.0,1
D007091,3.8,1063.0,1.0,28.0,0.34,-69.6,-48.7,22.3,58.0,-97.9,10.4,0.0,134.0,0
D007092,3.7,1323.0,0.84,39.0,0.52,-60.7,-46.9,25.9,59.0,-98.6,18.5,1.0,129.0,0
D007093,7.0,1173.0,0.99,21.0,0.56,-68.1,-53.1,29.9,41.0,-96.2,18.6,1.0,103.0,0
D007094,4.7,1113.0,1.14,29.5,0.51,-64.4,-49.0,24.7,42.0,-95.2,6.6,1.0,123.0,1
D007095,5.0,1384.0,1.13,30.0,0.58,-61.3,-47.3,21.2,49.0,-90.3,3.7,0.0,105.0,0
D007096,4.7,1243.0,1.18,34.0,0.5,-66.5,-50.7,25.9,48.0,-97.2,8.8,0.0,132.0,0
D007097,5.2,1179.0,1.14,28.0,,-64.4,-50.4,23.3,49.0,-96.3,6.9,0.0,125.0,1
D007098,5.0,1149.0,1.01,27.0,0.48,-66.0,-49.4,23.8,,-95.2,8.9,1.0,131.0,1
D007099,4.7,1147.0,1.08,30.5,0.45,-66.3,-51.2,24.3,45.0,-95.6,6.9,1.0,137.0,1
D007100,5.4,1160.0,0.92,25.5,0.62,-62.9,-52.5,28.0,33.0,-91.9,12.8,1.0,114.0,0
D007101,4.9,1160.0,0.96,26.5,0.48,-64.2,-51.2,24.3,48.0,-96.4,14.3,1.0,129.0,0
D007102,4.4,1159.0,1.12,29.5,0.45,-65.1,-50.8,24.9,49.0,-96.6,6.8,1.0,130.0,0
D007103,6.3,1068.0,1.15,28.5,0.64,-63.9,-51.6,26.2,,-93.3,16.2,1.0,126.0,1
D007104,5.0,1125.0,1.06,32.0,0.51,-66.8,-49.7,24.0,44.0,-97.0,11.4,1.0,135.0,1
D007105,4.5,1202.0,1.06,30.0,0.5,-66.7,-48.1,23.4,46.0,-96.8,5.6,0.0,130.0,1
D007106,5.7,1105.0,1.18,36.5,0.67,-64.2,-49.3,20.7,41.0,-93.3,18.6,1.0,103.0,0
D007107,5.2,1100.0,1.1,30.0,0.49,-65.0,-49.2,23.1,43.0,-96.3,9.6,0.0,134.0,1
D007108,5.3,1182.0,0.99,26.5,0.43,-66.2,-50.4,22.7,43.0,-95.3,9.4,1.0,125.0,1
D007109,3.2,1178.0,0.99,36.0,0.53,-65.7,-46.9,23.8,48.0,-93.1,17.8,1.0,130.0,0
D007110,5.5,1092.0,1.23,31.5,0.5,-63.9,-51.0,25.0,40.0,-95.1,4.8,1.0,130.0,1
D007111,4.2,1223.0,1.05,29.5,0.45,-65.6,-48.8,23.2,40.0,-94.6,9.1,1.0,133.0,1
D007112,4.1,1118.0,1.58,34.0,0.56,-63.3,-53.6,23.6,56.0,-98.6,1.6,,130.0,1
D007113,3.2,1274.0,1.37,28.0,0.33,-65.3,-51.2,21.2,60.0,-95.3,4.6,0.0,105.0,0
D007114,5.4,1336.0,1.17,27.5,0.34,-64.9,-48.2,26.0,54.0,-95.8,21.6,0.0,120.0,0
D007115,4.7,1239.0,1.1,31.0,0.46,-65.5,-52.4,22.2,49.0,-96.3,2.8,1.0,122.0,1
D007116,4.6,1178.0,1.07,29.0,0.41,-65.5,-49.5,21.9,44.0,-94.2,7.6,1.0,129.0,0
D007117,6.5,1114.0,0.89,20.5,0.3,-62.1,-52.1,26.8,37.0,-90.3,11.3,1.0,134.0,0
D007118,5.1,1184.0,1.18,30.5,,-65.5,-50.4,23.9,42.0,-94.2,9.1,1.0,131.0,1
D007119,6.1,1138.0,0.97,29.0,0.35,-69.4,-50.5,23.6,43.0,-98.1,12.0,0.0,116.0,1
D007120,5.3,1023.0,0.98,29.5,0.37,-66.9,-47.8,25.5,44.0,-96.9,15.4,1.0,148.0,1
D007121,4.3,1216.0,1.09,30.0,0.5,-66.8,-50.5,23.0,49.0,-93.8,13.9,1.0,124.0,1
D007122,3.4,1198.0,1.0,34.0,0.66,-60.2,-51.3,29.0,53.0,-98.8,,1.0,145.0,0
D007123,4.1,1227.0,1.1,28.0,0.54,-65.2,-48.3,24.3,44.0,-96.1,7.9,1.0,139.0,0
D007124,5.0,1261.0,1.13,24.0,0.52,-66.6,-50.7,25.1,45.0,-95.5,12.0,1.0,133.0,1
D007125,4.7,1235.0,1.12,28.5,0.46,-67.8,-48.9,24.2,43.0,-97.0,2.8,1.0,124.0,1
D007126,5.1,1132.0,1.14,26.0,0.46,-66.6,-49.1,23.7,44.0,-95.0,11.0,1.0,130.0,1
D007127,5.1,1194.0,1.2,27.5,0.45,-66.6,-51.1,22.4,45.0,-95.6,7.6,0.0,130.0,1
D007128,4.2,1166.0,1.04,28.0,0.4,-64.1,-49.9,23.8,43.0,-93.2,8.6,1.0,124.0,0
D007129,5.4,1174.0,1.16,30.5,0.48,-67.3,-49.4,,44.0,-95.7,10.0,1.0,125.0,1
D007130,4.0,1173.0,1.19,30.5,0.53,-66.9,-51.5,24.2,52.0,-95.9,6.4,1.0,126.0,1
D007131,5.1,1172.0,1.13,30.5,0.62,-65.2,-48.7,24.1,43.0,-96.6,7.8,1.0,128.0,0
D007132,5.0,1112.0,1.12,32.5,0.43,-65.1,-51.0,23.5,46.0,-96.7,8.5,0.0,128.0,1
D007133,4.8,1169.0,1.19,30.0,0.5,-66.1,-51.5,25.2,40.0,-95.6,7.7,1.0,123.0,1
D007134,5.0,1236.0,1.03,28.0,0.45,-66.0,-48.6,23.7,44.0,-95.1,5.1,0.0,,1
D007135,4.7,1156.0,1.15,31.0,0.52,-65.6,-50.6,23.2,44.0,-93.5,9.4,1.0,133.0,1
D007136,4.8,1161.0,1.0,32.5,0.49,-66.4,-50.1,23.3,47.0,-95.6,4.7,0.0,130.0,1
D007137,5.1,1199.0,1.02,31.0,0.52,-67.5,-49.8,24.0,47.0,-95.6,8.7,0.0,128.0,1
D007138,4.4,1139.0,1.04,31.5,0.45,-65.2,-51.1,25.0,48.0,-97.1,8.0,0.0,118.0,1
D007139,4.7,1340.0,1.54,26.5,0.3,-68.5,-54.0,23.0,60.0,-97.7,8.3,1.0,106.0,0
D007140,4.8,1173.0,1.13,30.5,0.51,-66.4,-48.8,23.2,46.0,-95.4,3.8,1.0,129.0,1
D007141,4.7,,1.08,25.5,0.55,-67.1,-51.2,25.0,45.0,-97.0,,0.0,121.0,1
D007142,5.0,1124.0,1.09,30.0,0.47,-65.7,-49.2,23.6,48.0,-94.5,9.6,1.0,122.0,1
D007143,5.2,1187.0,1.19,31.5,0.45,-63.9,-50.3,24.9,39.0,-93.8,,1.0,127.0,1
D007144,5.3,1182.0,1.02,28.0,0.51,-64.0,-48.7,23.8,44.0,-95.7,8.9,1.0,135.0,1
D007145,4.9,1196.0,1.14,28.5,0.48,-66.4,-51.3,23.3,44.0,-96.4,6.9,1.0,127.0,1
D007146,4.6,1128.0,1.05,28.0,0.49,-65.4,-50.6,24.4,42.0,-94.1,,1.0,125.0,1
D007147,7.0,1354.0,1.37,,0.35,-66.4,-50.1,26.5,38.0,-91.1,17.4,1.0,137.0,1
D007148,4.6,1149.0,1.12,28.5,0.42,-66.0,-49.7,23.8,42.0,-94.4,5.9,1.0,131.0,0
D007149,4.6,1239.0,1.05,29.0,0.53,-65.6,-52.0,23.0,47.0,-94.6,8.2,1.0,130.0,1
D007150,5.4,1245.0,1.1,31.5,0.46,-63.7,-49.0,23.1,48.0,-97.0,11.6,1.0,123.0,1
D007151,,1168.0,1.13,28.5,0.52,-65.9,-50.1,25.0,44.0,-95.3,6.9,1.0,128.0,1
D007152,5.7,1146.0,1.12,26.5,0.48,-65.0,-49.8,25.3,49.0,-95.5,6.1,0.0,131.0,1
D007153,4.9,1001.0,1.5,23.0,0.57,-60.8,-48.4,22.0,50.0,-99.5,19.8,1.0,128.0,0
D007154,5.5,1224.0,1.38,27.5,0.49,-61.1,-54.6,26.3,43.0,-92.0,10.4,0.0,143.0,1
D007155,4.4,1128.0,1.07,24.0,0.5,-68.2,-50.0,25.8,30.0,-95.5,12.3,1.0,131.0,1
D007156,4.5,1188.0,1.03,27.5,0.41,-67.1,-49.9,23.5,42.0,-96.2,10.3,0.0,130.0,1
D007157,5.8,1222.0,0.95,23.0,0.43,-69.4,-52.0,25.0,32.0,-95.8,22.5,1.0,127.0,1
D007158,4.5,1176.0,1.06,33.5,0.47,-65.2,-50.5,24.0,44.0,-95.9,7.4,1.0,127.0,1
D007159,5.8,1355.0,0.81,39.0,0.49,-60.2,-53.4,29.6,36.0,-97.7,12.5,0.0,109.0,1
D007160,3.5,1109.0,1.16,34.5,0.44,-61.5,-49.8,26.2,42.0,-97.2,4.8,0.0,122.0,1
D007161,,1150.0,1.2,28.5,0.53,-65.2,-50.7,26.6,41.0,-94.6,9.9,1.0,129.0,0
D007162,4.9,1171.0,1.1,29.0,0.46,-65.3,-51.0,25.3,43.0,-95.0,12.3,1.0,131.0,1
D007163,6.0,1007.0,1.3,21.5,0.6,-69.0,-45.2,23.6,43.0,-98.9,13.9,1.0,113.0,0
D007164,4.3,1117.0,1.05,29.5,0.51,-66.6,-49.1,23.7,40.0,-95.6,,1.0,129.0,1
D007165,4.9,1201.0,1.25,26.0,0.63,-63.1,-46.4,26.3,57.0,-94.0,15.1,0.0,122.0,0
D007166,5.0,1177.0,1.15,28.5,0.47,-65.0,-51.3,23.0,46.0,-94.3,10.8,0.0,,1
D007167,4.1,1109.0,1.12,30.0,0.49,-65.6,-49.3,24.5,47.0,-96.1,9.7,1.0,127.0,1
D007168,4.8,1163.0,1.0,32.0,0.51,,-48.9,25.0,45.0,-93.9,9.1,1.0,127.0,0
D007169,,1328.0,1.18,24.0,0.51,-61.3,-51.7,22.0,58.0,-98.8,6.7,0.0,110.0,1
D007170,4.5,1129.0,1.22,31.5,0.39,-64.4,-49.7,25.1,39.0,-96.9,5.5,0.0,136.0,1
D007171,6.6,1188.0,1.43,31.5,0.53,-60.9,-48.4,21.2,42.0,-99.3,20.4,0.0,146.0,1
D007172,4.8,1240.0,1.18,30.0,0.43,-64.9,-51.2,24.7,42.0,-97.1,11.6,1.0,129.0,1
D007173,3.8,1360.0,1.58,22.5,0.47,-63.4,-50.6,29.1,56.0,-92.1,20.0,1.0,150.0,0
D007174,,1106.0,1.05,24.5,0.51,-67.1,-50.6,23.5,43.0,-96.1,8.5,1.0,125.0,1
D007175,5.2,1213.0,1.07,26.5,0.49,,-50.0,22.2,43.0,-93.3,12.2,0.0,133.0,1
D007176,5.4,1171.0,0.98,28.5,0.54,-66.1,-48.4,23.3,43.0,-95.5,7.0,0.0,128.0,1
D007177,5.1,1216.0,1.13,27.5,0.51,-64.7,-49.8,22.9,44.0,-93.3,8.1,0.0,124.0,0
D007178,4.9,1221.0,1.01,30.0,0.48,-66.1,,26.0,43.0,-93.3,10.1,1.0,126.0,1
D007179,4.3,1132.0,0.84,21.0,0.52,-66.9,-54.4,21.3,39.0,-99.4,1.3,1.0,148.0,1
D007180,5.1,1139.0,1.05,26.5,0.52,-65.3,-50.0,24.6,47.0,-97.4,7.3,0.0,131.0,1
D007181,4.8,1181.0,1.06,30.0,0.49,-64.9,-51.8,23.1,42.0,-94.2,12.6,1.0,135.0,0
D007182,4.0,1153.0,1.17,28.0,0.51,-65.3,-50.3,24.5,45.0,-94.6,8.7,1.0,130.0,0
D007183,5.2,1239.0,1.18,29.5,0.44,-65.2,-50.6,24.3,47.0,-94.3,8.1,0.0,128.0,1
D007184,5.1,1096.0,1.18,30.0,0.51,-64.0,-49.9,24.3,42.0,-94.9,7.0,1.0,126.0,1
D007185,4.2,,1.04,26.0,0.47,-65.0,-50.9,24.5,43.0,-95.1,10.8,1.0,144.0,1
D007186,4.9,1248.0,0.94,29.5,0.51,-65.8,-49.6,24.3,,-94.7,9.5,1.0,,1
D007187,5.2,1171.0,1.13,34.0,0.54,-66.0,-50.2,23.2,38.0,-97.3,9.4,1.0,125.0,1
D007188,4.8,1150.0,1.03,27.5,0.49,-65.6,-48.5,25.1,44.0,-96.5,10.2,0.0,123.0,1
D007189,4.7,1245.0,1.08,32.0,0.43,-66.8,-50.6,25.7,40.0,-94.8,10.1,0.0,136.0,1
D007190,5.1,1193.0,1.09,29.0,0.47,-62.8,-50.2,22.6,43.0,-95.5,6.1,0.0,128.0,1
D007191,5.3,1221.0,1.2,29.0,0.36,-66.5,-49.2,23.8,46.0,-95.4,6.4,1.0,125.0,0
D007192,4.5,1168.0,1.2,28.0,0.57,-66.6,-49.7,24.1,44.0,-94.6,9.6,0.0,124.0,1
D007193,5.2,1251.0,1.03,28.5,0.47,-65.8,-47.7,24.1,43.0,-96.0,9.8,0.0,127.0,1
D007194,6.2,1254.0,1.47,32.0,0.47,-64.9,-49.7,27.5,44.0,-95.0,7.9,1.0,,1
D007195,5.9,1255.0,1.11,20.5,0.44,-62.7,-51.7,28.6,60.0,-93.7,2.2,0.0,134.0,0
D007196,4.5,1205.0,1.21,29.5,0.49,-66.8,-51.5,24.4,43.0,-94.8,10.7,1.0,128.0,1
D007197,4.2,1372.0,1.08,21.0,0.37,-69.8,-55.0,24.1,51.0,-91.4,13.1,0.0,122.0,1
D007198,4.5,1094.0,1.55,31.5,0.59,-61.5,-48.1,25.1,38.0,-90.2,7.7,1.0,135.0,0
D007199,4.4,1148.0,1.03,28.0,0.47,-65.0,-50.3,23.9,46.0,-95.5,8.9,1.0,131.0,1
D007200,3.4,1224.0,0.87,23.0,0.32,-67.3,-54.1,24.0,31.0,-93.6,18.6,1.0,118.0,0
D007201,4.8,1279.0,0.91,38.0,0.39,-61.7,-49.5,23.7,32.0,-97.9,13.0,0.0,120.0,1
D007202,5.9,1003.0,0.87,38.0,0.67,-69.1,-50.5,21.8,44.0,-90.9,18.6,1.0,134.0,1
D007203,4.6,1209.0,,28.5,0.48,-66.7,-50.2,23.5,36.0,-95.5,6.6,0.0,122.0,1
D007204,6.6,1045.0,1.32,32.5,0.52,-68.5,-54.8,25.2,44.0,-91.4,21.7,1.0,128.0,1
D007205,4.8,1185.0,1.26,29.5,0.52,-66.1,-48.6,24.0,45.0,-96.3,8.8,1.0,123.0,1
D007206,4.7,1050.0,1.22,23.0,0.47,-66.8,-50.1,22.6,39.0,,8.0,0.0,130.0,0
D007207,6.6,1106.0,1.24,34.0,0.45,-62.2,-51.3,20.6,50.0,-99.7,17.3,0.0,122.0,0
D007208,4.8,1195.0,1.03,30.0,0.46,-64.3,-49.0,23.5,43.0,-93.9,8.8,0.0,141.0,1
D007209,5.9,1292.0,1.05,39.0,0.36,,-52.3,24.0,38.0,-98.3,7.6,0.0,107.0,1
D007210,4.4,1141.0,1.12,32.0,0.5,-66.0,-51.8,,39.0,-95.6,6.2,1.0,125.0,1
D007211,5.1,1214.0,1.08,27.5,,-66.7,-47.7,23.8,42.0,-96.1,6.6,0.0,127.0,1
D007212,4.4,1148.0,1.15,29.5,0.56,-64.7,-50.3,23.8,45.0,-95.5,13.8,1.0,125.0,1
D007213,6.9,1297.0,,38.5,0.57,-60.7,-49.7,23.1,48.0,-90.3,11.8,0.0,131.0,1
D007214,3.8,1196.0,0.94,26.0,0.42,-65.2,-49.5,22.3,50.0,-96.0,13.0,1.0,131.0,1
D007215,4.9,1199.0,1.21,36.0,0.43,-68.0,-54.2,23.5,32.0,-91.2,7.8,0.0,130.0,1
D007216,5.4,1002.0,1.04,27.5,0.62,-60.0,-52.5,20.1,35.0,-99.6,6.3,1.0,128.0,0
D007217,4.8,,1.03,27.0,0.44,-64.5,-51.3,22.8,42.0,-94.9,6.6,1.0,130.0,1
D007218,3.7,1039.0,1.47,23.5,0.59,-63.6,-45.1,27.1,55.0,-94.0,15.8,0.0,144.0,0
D007219,5.5,1305.0,1.12,27.5,0.44,-67.3,-49.2,24.6,48.0,-95.5,17.2,1.0,116.0,1
D007220,4.3,1156.0,1.04,28.0,0.53,-67.3,-49.8,26.0,45.0,-96.1,7.5,1.0,128.0,1
D007221,5.8,1385.0,0.97,38.0,0.61,-63.9,-54.4,22.7,42.0,-90.5,10.7,0.0,129.0,1
D007222,4.4,1282.0,1.16,27.5,0.52,-66.7,-46.8,20.7,39.0,-90.9,15.2,1.0,140.0,1
D007223,5.2,1170.0,0.98,29.5,0.48,-65.5,-50.0,23.9,43.0,-95.3,4.8,1.0,132.0,1
D007224,4.7,1196.0,1.14,27.5,0.49,-65.2,-50.3,22.7,43.0,-93.7,7.5,0.0,132.0,1
D007225,4.6,1131.0,1.21,29.5,0.54,-63.5,-51.1,24.1,47.0,-95.9,6.4,0.0,132.0,1
D007226,4.5,1169.0,1.14,28.0,0.47,-65.1,-47.3,25.0,47.0,-96.0,15.8,1.0,127.0,0
D007227,4.6,1376.0,1.32,36.0,0.45,-67.8,-54.1,21.3,37.0,-90.4,10.0,1.0,122.0,1
D007228,5.1,1007.0,1.12,33.0,0.57,-67.1,-53.3,23.2,56.0,-91.8,18.2,0.0,144.0,1
D007229,4.9,1220.0,1.06,31.5,0.51,-65.7,-52.0,24.4,39.0,-95.3,6.9,1.0,133.0,1
D007230,5.6,1157.0,1.17,32.5,0.48,-65.8,-49.0,25.3,43.0,-97.0,14.1,1.0,126.0,1
D007231,4.3,1209.0,1.16,25.5,0.48,-65.3,-49.9,22.2,43.0,-95.9,10.9,1.0,134.0,0
D007232,5.6,1203.0,1.19,29.0,0.46,-67.8,-49.8,24.2,40.0,-95.4,10.5,1.0,129.0,1
D007233,4.8,1193.0,1.26,28.0,0.49,-66.6,-50.3,24.3,38.0,-97.2,5.5,0.0,120.0,1
D007234,4.8,1167.0,1.09,30.0,0.57,-65.1,-50.1,24.3,43.0,-96.2,10.1,1.0,133.0,1
D007235,5.1,1144.0,1.22,33.0,0.55,,-49.2,23.6,47.0,-94.6,8.8,0.0,119.0,1
D007236,5.2,1242.0,1.27,23.0,0.43,-64.8,-53.7,21.4,52.0,-93.8,16.2,0.0,133.0,0
D007237,5.3,1216.0,1.02,27.0,0.52,-65.8,-49.8,24.1,48.0,,7.2,0.0,125.0,1
D007238,4.0,1176.0,0.95,26.0,0.45,-65.6,-49.8,22.1,40.0,-95.2,10.7,1.0,124.0,1
D007239,,1335.0,1.13,25.0,0.7,-60.8,-50.0,22.9,39.0,-98.3,21.8,1.0,106.0,0
D007240,,1397.0,0.9,36.0,0.38,-64.6,-52.7,28.5,33.0,-98.2,3.8,0.0,122.0,1
D007241,4.8,1133.0,1.04,27.5,0.51,-64.9,-50.3,25.7,46.0,-96.5,11.6,1.0,124.0,1
D007242,3.2,1153.0,1.26,37.5,0.37,-64.5,-51.9,,48.0,-93.5,12.5,1.0,110.0,0
D007243,4.6,1166.0,0.87,29.0,0.53,-67.5,-49.1,23.1,47.0,-95.3,9.4,0.0,127.0,1
D007244,3.2,1336.0,1.56,30.5,0.63,-60.1,-54.9,21.8,43.0,-91.8,17.7,0.0,149.0,0
D007245,4.4,1095.0,1.1,28.5,0.44,-65.4,-49.9,22.6,45.0,-97.9,13.2,1.0,132.0,1
D007246,4.2,1319.0,1.25,32.0,0.55,-61.0,-53.6,20.9,59.0,-91.6,23.0,1.0,130.0,0
D007247,4.4,1176.0,1.1,27.5,0.41,,-49.3,25.1,42.0,-96.9,9.9,1.0,123.0,0
D007248,4.5,1149.0,0.99,30.5,0.52,-66.5,-49.5,24.8,,-95.8,9.1,1.0,132.0,1
D007249,5.0,1280.0,1.31,26.5,0.36,-68.5,-49.8,25.2,38.0,-97.5,5.2,1.0,114.0,0
D007250,4.3,1178.0,1.02,28.5,0.47,-66.2,-48.9,23.4,37.0,-96.2,8.0,0.0,116.0,1
D007251,4.9,1041.0,1.48,33.0,0.45,-66.6,-47.4,24.8,46.0,-91.0,21.4,1.0,110.0,0
D007252,4.3,1188.0,1.16,29.0,0.48,-66.3,-49.8,23.8,46.0,-96.5,10.7,1.0,135.0,1
D007253,5.4,1193.0,1.11,28.0,0.43,-65.1,-49.9,23.7,44.0,-95.4,,1.0,133.0,1
D007254,6.9,1285.0,1.58,26.5,0.48,-69.8,-49.1,24.7,44.0,-90.1,,1.0,140.0,1
D007255,4.8,1237.0,1.02,21.0,0.7,-61.7,-47.0,24.4,45.0,-99.4,18.9,1.0,128.0,0
D007256,5.0,1206.0,1.16,27.5,0.45,-65.5,-50.0,23.3,44.0,-95.5,9.4,0.0,125.0,1
D007257,5.4,1134.0,1.09,30.5,0.56,-66.7,-52.4,23.8,48.0,-95.1,11.6,1.0,130.0,1
D007258,4.0,1383.0,1.46,37.5,0.65,-66.0,-45.3,23.3,56.0,-94.5,14.1,0.0,142.0,0
D007259,4.8,1123.0,1.16,30.5,0.49,-65.7,-49.9,23.7,42.0,-95.3,10.2,1.0,133.0,1
D007260,6.6,1094.0,1.19,29.0,0.51,-60.2,-48.0,29.6,42.0,-96.4,21.2,0.0,127.0,0
D007261,4.9,1225.0,1.11,38.0,0.64,-63.3,-52.5,28.7,60.0,-99.9,9.0,1.0,137.0,0
D007262,4.5,1195.0,1.21,31.0,0.42,-64.1,-51.2,24.8,49.0,-94.8,10.1,1.0,119.0,0
D007263,4.9,1158.0,1.0,27.0,0.46,-65.3,-51.3,23.7,43.0,-95.7,15.0,1.0,130.0,0
D007264,5.5,1176.0,1.09,40.0,0.33,-63.9,-54.9,22.7,34.0,-92.1,4.8,0.0,110.0,1
D007265,5.3,1146.0,1.06,34.0,0.46,-64.5,-51.5,25.3,44.0,-95.3,6.4,0.0,126.0,1
D007266,6.9,1384.0,0.85,23.5,0.69,-68.5,-46.1,20.4,52.0,-91.0,2.1,0.0,141.0,0
D007267,4.2,1181.0,1.04,24.5,0.47,-66.4,-49.6,23.1,47.0,-95.5,7.4,1.0,131.0,1
D007268,4.7,1236.0,1.02,31.0,0.47,-66.7,-48.9,23.9,41.0,-93.6,9.7,1.0,,1
D007269,5.6,1124.0,1.04,20.0,0.62,-67.4,-53.2,22.8,37.0,-94.9,4.4,0.0,114.0,1
D007270,5.6,1252.0,1.5,25.5,0.59,-62.2,-49.0,22.5,40.0,-98.1,,1.0,108.0,0
D007271,5.1,1210.0,1.17,29.0,0.47,-64.8,-50.8,,36.0,-95.9,7.3,1.0,128.0,0
D007272,5.4,1213.0,1.19,31.0,0.48,-65.8,-52.3,22.9,47.0,-94.8,8.5,0.0,123.0,1
D007273,4.6,1154.0,0.92,27.5,0.45,-65.9,-46.5,23.6,47.0,-94.0,9.3,0.0,123.0,1
D007274,5.3,1206.0,1.09,30.5,0.5,-66.7,-49.6,24.1,45.0,-93.9,8.9,1.0,134.0,1
D007275,4.9,1203.0,1.16,29.0,0.38,-66.5,-50.0,24.4,47.0,-92.6,7.5,1.0,130.0,0
D007276,4.8,1131.0,1.03,,0.48,-65.9,-50.9,24.5,47.0,-94.0,6.4,0.0,130.0,1
D007277,5.1,1063.0,1.03,33.0,0.45,-66.5,-49.0,22.4,41.0,-95.2,6.1,1.0,134.0,1
D007278,4.7,1145.0,1.07,30.5,0.49,-65.3,-49.7,24.0,44.0,-96.3,8.7,1.0,129.0,1
D007279,4.8,1133.0,1.0,29.5,0.47,-68.4,-50.2,23.0,41.0,-95.1,9.8,1.0,125.0,1
D007280,4.9,1164.0,1.04,32.0,0.53,-63.9,-50.3,23.7,42.0,-93.5,9.0,0.0,131.0,1
D007281,4.4,1351.0,0.81,24.5,0.56,-64.2,-49.2,24.5,46.0,-96.2,23.4,0.0,104.0,1
D007282,4.4,1217.0,1.17,27.0,0.5,-66.0,-48.1,25.9,47.0,-95.7,8.4,1.0,135.0,0
D007283,4.8,1264.0,1.24,25.5,0.55,-65.2,-49.7,22.0,45.0,-96.5,8.5,1.0,,1
D007284,5.4,1247.0,1.17,29.0,0.52,-66.8,-50.5,25.2,41.0,-95.4,10.3,1.0,135.0,1
D007285,5.2,1185.0,1.25,29.0,0.52,-65.8,-49.7,24.9,44.0,-95.4,7.7,0.0,124.0,1
D007286,5.5,1077.0,0.92,25.0,0.63,-63.0,,25.0,33.0,-94.9,3.2,0.0,123.0,1
D007287,4.6,1274.0,1.08,28.5,0.51,-67.0,-49.3,23.5,43.0,-97.7,10.1,1.0,120.0,1
D007288,3.5,1360.0,1.46,,0.46,-68.2,-51.8,26.3,58.0,-99.1,16.2,0.0,139.0,1
D007289,4.1,1207.0,0.98,27.5,0.47,-63.6,-51.7,25.3,42.0,-94.3,12.8,1.0,142.0,1
D007290,3.5,1195.0,0.84,23.5,0.45,-66.4,-52.8,28.6,49.0,-95.2,7.5,0.0,106.0,0
D007291,3.6,1365.0,1.53,34.5,0.32,-65.4,-45.1,27.2,60.0,-94.5,6.1,1.0,149.0,0
D007292,,1037.0,1.38,38.0,0.5,-66.8,-50.1,24.5,53.0,-96.0,23.0,1.0,147.0,0
D007293,6.1,,0.95,32.0,0.55,-67.6,-53.5,29.0,,-100.0,12.7,0.0,119.0,1
D007294,5.4,1149.0,1.14,30.0,0.49,-65.4,-49.0,23.9,42.0,-95.5,6.8,0.0,126.0,1
D007295,4.0,1272.0,1.04,30.5,0.58,-65.2,-45.5,20.8,36.0,-91.9,16.6,1.0,145.0,0
D007296,4.8,1144.0,1.12,28.0,0.48,-64.8,-50.1,24.0,43.0,-95.5,13.8,0.0,136.0,1
D007297,4.6,1191.0,1.11,25.5,0.52,-65.7,-50.7,22.3,47.0,-96.4,9.2,0.0,133.0,1
D007298,5.9,1323.0,1.53,37.5,0.42,-61.9,-54.5,29.8,,-95.5,15.6,0.0,,0
D007299,4.9,1208.0,1.09,27.5,0.47,-66.2,-50.9,25.0,50.0,-95.8,12.2,1.0,127.0,1
D007300,4.1,1173.0,1.14,29.5,0.53,-64.2,-49.4,22.4,44.0,-95.8,9.7,1.0,130.0,0
D007301,4.7,1186.0,1.06,28.0,0.44,-68.0,-49.5,27.0,41.0,-94.5,13.2,1.0,132.0,1
D007302,4.1,1206.0,1.2,27.0,0.48,-66.4,-50.6,26.2,45.0,-94.1,8.0,,120.0,1
D007303,3.9,1247.0,1.48,39.0,0.39,-62.9,-52.3,24.8,,-91.4,0.7,1.0,106.0,0
D007304,6.5,1266.0,1.33,37.0,0.39,-62.1,-52.7,24.3,36.0,-95.3,22.5,1.0,125.0,1
D007305,4.7,1138.0,0.96,33.0,0.5,-63.5,-50.5,25.6,48.0,-94.8,11.5,1.0,131.0,1
D007306,4.1,1392.0,1.22,28.0,0.6,-63.2,-48.1,20.3,55.0,-93.7,0.0,1.0,126.0,0
D007307,3.7,1114.0,1.28,35.5,0.54,-65.3,-52.0,23.5,42.0,-90.7,14.7,1.0,103.0,0
D007308,4.9,1128.0,1.22,28.5,0.47,-65.1,-49.9,22.5,39.0,-94.8,10.3,1.0,122.0,1
D007309,4.9,1167.0,1.08,27.5,0.45,-64.9,-51.4,23.4,43.0,-96.5,3.8,1.0,123.0,1
D007310,4.7,1164.0,1.18,33.5,0.42,-64.4,-49.9,24.9,45.0,-93.3,9.5,0.0,121.0,1
D007311,4.6,1128.0,1.11,31.0,0.46,-65.5,-50.4,24.1,43.0,-96.8,9.7,1.0,132.0,1
D007312,4.3,1192.0,1.1,28.5,0.44,-65.9,-50.1,24.3,45.0,-95.5,11.8,1.0,132.0,0
D007313,5.2,1233.0,0.98,31.0,0.41,-63.9,-50.2,22.0,48.0,-96.5,6.8,0.0,124.0,1
D007314,3.6,1171.0,1.13,30.5,0.54,-64.6,-49.7,23.2,45.0,-95.1,,1.0,124.0,1
D007315,5.4,1259.0,1.14,30.0,0.42,-65.8,-50.3,23.8,47.0,-96.7,7.2,1.0,128.0,1
D007316,5.0,1212.0,1.33,37.0,0.37,,-52.1,24.7,31.0,-99.6,7.8,0.0,127.0,1
D007317,5.1,1220.0,0.95,22.0,0.47,-66.4,-51.7,20.2,53.0,-97.3,4.0,1.0,102.0,0
D007318,5.9,,1.31,29.5,0.49,-65.9,-49.0,23.7,43.0,-96.6,5.6,0.0,121.0,1
D007319,4.8,1192.0,1.02,26.5,0.51,-65.4,-51.0,24.5,41.0,-96.2,6.1,0.0,134.0,1
D007320,4.7,,1.07,31.5,0.49,-65.2,-51.4,24.8,40.0,-94.2,9.1,1.0,129.0,1
D007321,5.2,1202.0,,30.0,0.44,-66.6,-50.6,23.8,43.0,-96.6,11.4,0.0,132.0,1
D007322,5.2,1143.0,0.99,29.0,0.5,-66.3,-48.7,23.8,50.0,-96.0,8.2,1.0,126.0,1
D007323,4.3,1136.0,1.11,29.5,0.53,-63.3,-50.6,24.2,41.0,-97.1,8.3,1.0,127.0,0
D007324,5.7,1205.0,1.11,29.5,0.46,-66.8,-48.5,23.7,44.0,-97.4,9.2,1.0,125.0,1
D007325,5.0,1196.0,0.99,27.5,0.41,-65.2,-51.1,27.2,45.0,-93.0,4.4,1.0,131.0,0
D007326,6.3,1057.0,1.45,34.5,0.48,-61.0,-49.5,29.7,47.0,-92.7,,1.0,145.0,1
D007327,4.6,1312.0,0.85,35.5,0.6,-64.0,-49.5,28.9,57.0,-93.0,8.7,0.0,144.0,0
D007328,3.5,1247.0,1.53,30.5,0.42,-64.0,-51.8,24.0,30.0,-91.7,11.3,0.0,137.0,1
D007329,4.9,1173.0,1.07,29.0,0.44,-65.3,-50.3,23.7,41.0,-95.0,7.9,1.0,130.0,1
D007330,4.2,1139.0,1.27,25.0,0.47,-70.0,-50.9,27.5,56.0,,13.2,0.0,109.0,0
D007331,4.9,1234.0,0.99,32.0,0.5,-67.3,-50.7,24.2,46.0,-95.1,7.9,1.0,130.0,1
D007332,5.4,1140.0,0.84,24.0,0.69,-64.3,-50.5,29.8,33.0,-91.9,22.9,1.0,127.0,0
D007333,3.9,1231.0,1.17,25.0,0.57,-69.7,-54.1,22.1,51.0,-94.4,21.4,1.0,106.0,0
D007334,3.5,1263.0,1.16,25.5,,-65.6,-52.3,30.0,41.0,-93.4,4.6,0.0,130.0,0
D007335,4.5,1219.0,1.01,32.0,0.51,-66.5,-50.2,22.8,44.0,-96.2,11.4,1.0,129.0,1
D007336,4.3,1112.0,1.07,26.0,0.48,-65.6,-49.4,24.1,45.0,-94.9,5.1,0.0,128.0,1
D007337,5.1,1208.0,1.11,28.0,0.52,-66.3,-50.7,23.9,48.0,-95.4,9.6,1.0,130.0,1
D007338,6.0,1304.0,1.48,39.0,0.42,-66.4,-52.7,20.2,31.0,-91.8,7.5,,106.0,0
D007339,6.4,1250.0,1.45,38.5,0.68,-68.3,-50.8,20.5,38.0,-91.7,23.8,0.0,142.0,1
D007340,4.8,1178.0,1.25,31.5,0.55,-65.7,-50.0,23.9,41.0,-95.7,8.3,1.0,128.0,1
D007341,4.3,1176.0,1.14,33.0,0.47,-64.8,-50.1,22.2,40.0,-94.5,9.5,0.0,127.0,1
D007342,5.6,1129.0,1.11,32.0,0.46,-67.0,-51.6,23.5,,-96.4,9.5,1.0,132.0,1
D007343,4.6,1193.0,1.05,28.0,0.48,-66.1,-48.7,23.4,42.0,-95.3,10.7,1.0,135.0,1
D007344,4.3,1172.0,1.15,28.5,0.53,-65.3,-50.3,23.5,40.0,-94.4,9.0,0.0,123.0,0
D007345,4.6,1156.0,1.02,28.0,0.47,-65.7,-50.7,23.0,42.0,-95.3,10.0,1.0,130.0,1
D007346,4.4,1235.0,1.19,30.0,0.45,-67.1,-50.0,24.5,47.0,-94.9,9.1,1.0,139.0,0
D007347,6.8,1351.0,1.08,20.5,0.6,-60.8,-48.9,23.5,31.0,-90.7,6.1,0.0,115.0,0
D007348,4.6,1137.0,1.17,27.0,0.52,-65.1,-50.3,24.2,48.0,-96.2,10.8,1.0,127.0,0
D007349,4.2,1386.0,1.59,23.5,0.38,-63.4,-50.4,24.8,51.0,-98.0,2.2,1.0,102.0,0
D007350,4.2,1239.0,1.22,30.5,0.49,-66.2,-49.0,23.0,,-95.3,5.3,0.0,120.0,1
D007351,5.3,1209.0,1.07,29.5,0.48,-64.5,-49.8,25.6,45.0,-93.7,9.8,0.0,123.0,1
D007352,4.3,1170.0,1.01,30.5,0.44,-64.8,-50.1,24.0,41.0,-95.8,7.7,1.0,120.0,0
D007353,5.1,1202.0,0.97,28.5,0.41,-66.3,-48.0,25.6,45.0,-95.2,8.6,0.0,127.0,1
D007354,6.8,1281.0,1.01,28.0,0.45,-65.9,-50.6,23.4,49.0,-90.5,22.7,0.0,119.0,1
D007355,5.2,1305.0,1.19,20.0,0.59,-67.3,-46.1,27.8,37.0,-90.2,8.0,1.0,104.0,1
D007356,5.7,1346.0,1.39,26.5,0.57,-67.8,-47.5,24.5,43.0,-91.5,15.2,1.0,109.0,0
D007357,5.1,1221.0,1.11,29.5,0.5,-66.6,-48.2,24.4,44.0,-95.9,7.0,0.0,127.0,1
D007358,4.5,1194.0,1.18,30.0,0.48,-66.8,-50.0,24.6,40.0,-96.7,,0.0,113.0,0
D007359,5.5,1091.0,1.02,28.0,0.47,-66.1,-50.5,22.4,43.0,-94.0,7.1,1.0,125.0,1
D007360,4.4,1262.0,1.19,29.0,0.47,-65.3,-52.0,25.6,48.0,-95.8,6.4,1.0,122.0,0
D007361,5.9,1222.0,1.42,22.0,0.56,-66.8,-51.1,23.4,31.0,-92.0,13.4,1.0,150.0,1
D007362,6.9,1367.0,0.97,34.0,0.6,-65.7,-49.8,23.5,57.0,-93.9,18.2,1.0,123.0,1
D007363,4.9,1370.0,1.19,38.0,0.53,-68.3,-48.5,27.1,45.0,-95.4,21.2,0.0,119.0,1
D007364,5.1,1168.0,1.04,26.0,0.47,-65.8,-49.0,24.7,42.0,-95.0,5.0,0.0,137.0,1
D007365,6.4,1109.0,1.23,39.5,0.64,-67.9,-47.2,22.2,,-97.7,22.5,0.0,,1
D007366,4.8,1170.0,0.98,30.0,0.5,-64.3,,23.9,44.0,-95.4,13.4,1.0,130.0,0
D007367,4.8,1240.0,1.18,31.0,0.54,-66.3,-50.8,23.6,42.0,-96.9,5.8,1.0,128.0,0
D007368,3.9,1165.0,1.06,26.5,0.48,-67.3,-51.0,25.0,,-94.4,9.5,1.0,130.0,1
D007369,4.6,1093.0,0.99,29.0,0.51,-65.0,-49.9,24.3,42.0,-94.0,4.5,1.0,124.0,1
D007370,4.4,1175.0,1.17,28.5,0.42,-64.1,-50.1,25.4,43.0,-95.9,5.5,0.0,123.0,1
D007371,5.3,1183.0,1.05,29.5,0.49,-66.3,-49.0,21.6,46.0,-95.7,7.5,1.0,123.0,1
D007372,6.8,1296.0,1.35,23.0,0.52,-67.3,-51.8,27.4,32.0,-97.0,6.9,0.0,150.0,1
D007373,4.7,1211.0,1.12,29.0,0.48,-63.3,-49.7,24.4,49.0,-95.4,12.5,1.0,138.0,1
D007374,6.4,1036.0,0.97,35.0,0.36,-60.6,-48.7,21.2,,-99.5,2.8,0.0,142.0,1
D007375,6.0,1167.0,0.86,30.5,0.37,-60.7,-46.1,24.0,54.0,-90.0,5.4,0.0,119.0,0
D007376,4.1,1200.0,1.03,27.0,0.57,-66.2,-51.0,22.2,45.0,-95.3,8.6,1.0,130.0,0
D007377,,1159.0,0.99,27.0,0.49,-64.0,-51.0,24.4,45.0,-96.4,5.3,0.0,133.0,1
D007378,4.1,1188.0,1.25,34.0,0.57,-69.1,-45.2,29.7,52.0,-94.1,23.5,0.0,131.0,0
D007379,5.2,1130.0,0.93,26.0,0.63,-69.6,-48.1,22.1,38.0,-98.8,1.3,1.0,148.0,1
D007380,,1174.0,1.21,28.5,0.46,-64.0,-50.5,24.4,40.0,,10.1,0.0,133.0,1
D007381,3.9,1237.0,1.2,27.0,0.53,-65.2,-48.8,24.5,50.0,-95.4,8.3,0.0,127.0,0
D007382,5.1,1195.0,1.1,30.5,0.54,-65.5,-49.9,24.3,46.0,-95.2,13.0,1.0,124.0,1
D007383,4.6,1174.0,1.11,28.0,0.51,-67.0,-50.8,24.8,42.0,-96.2,8.1,1.0,128.0,1
D007384,4.8,1139.0,1.11,29.0,0.39,-65.0,-50.2,23.6,39.0,-94.4,11.4,1.0,122.0,1
D007385,4.8,1201.0,1.01,33.5,0.49,-65.8,-50.8,24.3,38.0,-96.4,9.1,1.0,122.0,1
D007386,3.2,1349.0,0.98,36.0,0.51,-68.4,-55.0,29.1,30.0,-93.5,5.5,0.0,144.0,1
D007387,4.7,1198.0,1.12,25.0,0.5,-66.5,-49.0,23.5,46.0,-94.1,8.5,,133.0,1
D007388,4.7,1185.0,1.11,26.5,0.51,-65.8,-51.5,24.5,50.0,-95.1,9.6,1.0,127.0,0
D007389,4.2,1160.0,1.14,,0.43,-66.2,-49.8,24.6,45.0,-96.8,8.4,0.0,129.0,1
D007390,4.5,1152.0,1.01,37.5,0.61,-62.3,-46.2,24.7,53.0,-90.2,21.5,0.0,143.0,0
D007391,4.6,1123.0,1.02,28.5,0.52,-67.7,-49.8,24.9,44.0,-96.1,10.0,1.0,124.0,1
D007392,4.7,1239.0,1.04,32.5,0.54,-66.4,-49.8,23.4,52.0,-95.4,11.9,0.0,135.0,1
D007393,3.1,1330.0,1.33,25.0,0.36,-65.7,-50.9,27.3,45.0,-90.6,21.6,0.0,120.0,0
D007394,5.0,1183.0,1.28,28.0,0.46,-66.2,-48.2,22.8,44.0,-96.4,7.3,1.0,128.0,1
D007395,4.9,1211.0,1.15,29.5,0.46,-63.9,-50.3,23.6,41.0,-96.4,11.7,1.0,130.0,1
D007396,5.2,1107.0,1.1,28.0,0.44,-65.5,-50.0,25.2,,-96.2,7.8,0.0,119.0,1
D007397,4.7,1180.0,1.24,28.5,0.5,-64.2,-49.3,23.5,42.0,-96.0,9.1,1.0,131.0,0
D007398,4.7,1224.0,1.15,28.5,0.46,-63.7,-51.5,24.9,46.0,-96.4,10.0,1.0,130.0,0
D007399,5.6,1197.0,1.01,30.0,0.45,-65.8,-49.5,24.7,41.0,-96.1,12.8,0.0,128.0,1
D007400,4.9,1214.0,0.93,29.0,0.68,-69.9,-50.1,28.6,35.0,-96.4,21.5,1.0,128.0,0
D007401,3.9,,0.93,22.0,0.52,-69.0,-50.1,29.4,53.0,-99.8,16.5,0.0,132.0,0
D007402,4.4,1132.0,0.84,29.5,0.32,-66.4,-47.8,27.1,47.0,-93.0,13.6,1.0,114.0,0
D007403,3.9,1047.0,1.41,34.5,0.37,-69.9,-51.3,,41.0,-93.3,19.1,0.0,136.0,1
D007404,5.4,1201.0,1.17,27.5,0.45,-65.4,-51.0,24.3,45.0,-94.2,6.2,0.0,125.0,1
D007405,3.3,1366.0,1.43,37.0,0.55,-64.3,-47.4,24.2,50.0,,22.6,1.0,100.0,0
D007406,6.8,1061.0,1.21,32.0,0.5,-60.3,-52.9,29.2,50.0,-92.1,1.2,1.0,136.0,1
D007407,3.5,1059.0,1.44,27.5,0.48,-65.9,-52.9,28.4,54.0,-90.0,4.5,0.0,120.0,0
D007408,4.8,1221.0,1.18,34.0,0.47,-65.4,-50.4,22.4,44.0,-95.8,11.5,1.0,127.0,1
D007409,5.0,1142.0,1.05,26.5,0.51,-65.3,,26.1,40.0,-95.4,8.2,0.0,123.0,1
D007410,5.2,1209.0,1.11,30.0,0.38,-65.8,-49.2,23.5,46.0,-95.6,6.2,1.0,128.0,1
D007411,5.3,1363.0,1.49,23.5,0.54,-68.4,-52.5,24.5,33.0,-96.2,10.5,1.0,107.0,0
D007412,5.3,1188.0,1.08,29.0,0.44,-65.0,-49.3,23.3,44.0,-94.8,12.1,1.0,132.0,0
D007413,5.0,1166.0,1.11,27.0,0.52,-66.0,-51.6,26.0,40.0,,10.3,1.0,127.0,0
D007414,5.0,1207.0,1.05,29.0,0.53,-66.5,-49.4,25.1,42.0,-96.3,9.2,0.0,125.0,1
D007415,5.0,1153.0,1.05,28.0,0.5,-66.4,-50.5,24.3,42.0,-95.2,5.0,1.0,131.0,1
D007416,4.7,1183.0,0.95,35.0,0.58,-67.8,-50.3,29.6,44.0,-90.2,8.5,,104.0,0
D007417,4.5,1112.0,1.6,31.5,0.47,-66.9,-49.0,22.4,56.0,-96.9,19.0,0.0,147.0,1
D007418,4.4,1175.0,1.25,33.0,0.48,-65.9,-50.3,24.6,45.0,-95.7,9.4,1.0,,1
D007419,6.3,1001.0,1.28,30.5,0.51,-61.4,-46.8,23.2,56.0,-97.5,7.2,0.0,113.0,1
D007420,4.2,1165.0,1.07,31.5,0.49,-65.5,-48.8,23.3,48.0,,7.2,1.0,135.0,1
D007421,4.4,1156.0,1.04,28.5,0.53,-65.5,-49.5,23.3,39.0,-96.4,10.4,1.0,136.0,1
D007422,5.1,1135.0,0.92,33.5,0.55,-66.2,-49.5,23.4,49.0,-94.2,10.4,1.0,134.0,1
D007423,5.5,1146.0,1.1,26.5,0.54,-65.9,-49.4,,47.0,-96.3,8.4,1.0,133.0,1
D007424,5.1,1200.0,1.12,31.0,0.51,-65.5,-50.2,25.8,41.0,-94.8,7.6,1.0,119.0,1
D007425,5.2,1203.0,1.05,29.5,0.4,-63.7,-49.7,23.2,48.0,-94.9,8.1,1.0,132.0,0
D007426,5.3,1160.0,1.07,32.5,0.49,-66.9,-52.1,25.5,46.0,-95.0,12.0,1.0,129.0,1
D007427,5.4,1180.0,1.13,31.0,0.45,-66.1,-51.4,25.0,41.0,-94.1,11.7,1.0,120.0,1
D007428,6.3,1150.0,1.28,29.0,0.67,-63.5,-53.4,22.7,51.0,-93.4,5.6,0.0,146.0,1
D007429,4.4,1004.0,1.15,35.5,0.36,-64.4,-49.4,20.5,54.0,-90.5,15.9,0.0,119.0,0
D007430,6.5,1126.0,1.46,39.0,0.43,-68.5,,29.4,42.0,-97.2,23.9,0.0,121.0,0
D007431,4.8,1141.0,1.33,33.5,0.46,-62.0,-50.4,25.8,53.0,-90.4,18.9,1.0,117.0,0
D007432,5.0,1117.0,1.07,30.0,0.48,-64.8,-50.0,24.8,43.0,-96.2,10.5,0.0,125.0,1
D007433,5.3,1232.0,0.87,26.5,0.52,-67.8,-49.0,,41.0,-93.4,10.0,1.0,124.0,1
D007434,4.6,1201.0,1.14,28.0,0.46,-64.9,-51.5,25.6,43.0,-96.2,9.1,0.0,137.0,1
D007435,4.7,1218.0,0.99,28.5,0.48,-66.8,-51.7,23.8,45.0,-95.4,9.6,1.0,125.0,1
D007436,4.8,1212.0,1.08,32.0,0.36,-65.7,-50.4,23.9,39.0,-95.0,2.6,0.0,129.0,1
D007437,4.7,1255.0,1.15,29.5,0.5,-64.3,-49.4,23.5,43.0,-95.6,10.8,1.0,128.0,1
D007438,4.4,1151.0,0.91,30.5,0.43,-67.2,-52.9,25.0,34.0,-94.1,0.9,1.0,115.0,1
D007439,5.2,1150.0,1.13,30.5,0.42,-64.9,-51.2,22.5,44.0,-94.6,4.3,1.0,126.0,1
D007440,3.9,1232.0,1.17,31.0,0.48,-65.0,-50.6,23.0,42.0,-96.1,9.4,1.0,123.0,0
D007441,6.1,1368.0,1.16,25.0,0.45,-68.8,-46.4,22.1,47.0,-90.1,5.5,1.0,144.0,1
D007442,6.5,1217.0,1.51,34.0,0.61,-60.9,-46.4,20.3,36.0,-95.4,2.4,0.0,102.0,0
D007443,6.3,1354.0,1.06,21.0,0.5,-67.8,-53.9,21.7,56.0,-93.6,3.9,1.0,145.0,1
D007444,6.6,1263.0,0.86,32.0,0.61,-67.5,-49.5,23.1,41.0,-97.1,14.8,0.0,105.0,1
D007445,4.8,1227.0,1.06,28.5,0.52,-67.1,-50.0,22.7,47.0,-95.5,10.2,1.0,134.0,1
D007446,6.8,1043.0,1.29,38.0,0.3,-69.9,-50.4,25.6,33.0,-93.4,6.7,1.0,105.0,0
D007447,5.3,1199.0,1.08,29.0,0.46,-66.4,-52.8,25.8,44.0,-96.3,7.0,1.0,130.0,1
D007448,4.9,1163.0,1.14,27.5,0.48,-66.1,-50.1,23.2,47.0,-96.6,7.4,0.0,130.0,1
D007449,4.7,1376.0,0.83,26.0,0.42,-69.4,-46.4,27.1,38.0,-90.2,21.1,0.0,144.0,0
D007450,4.6,1208.0,1.1,27.5,0.39,-64.6,-51.7,23.3,47.0,-94.6,3.7,1.0,121.0,0
D007451,4.7,1102.0,1.07,28.5,0.48,-65.7,-49.7,24.7,42.0,-95.2,6.9,0.0,130.0,1
D007452,4.4,1064.0,1.24,32.0,0.4,-63.4,-51.4,28.3,53.0,-94.4,4.6,0.0,101.0,0
D007453,5.4,1320.0,1.06,27.0,0.56,-68.4,-53.2,26.2,47.0,-95.7,7.5,1.0,109.0,1
D007454,3.0,1043.0,0.95,24.0,0.62,-69.5,-48.1,28.7,38.0,-93.5,22.2,0.0,132.0,0
D007455,5.2,1156.0,1.01,28.0,0.46,-64.8,-51.0,24.1,39.0,-95.5,7.8,1.0,131.0,1
D007456,4.6,1242.0,1.07,32.5,0.49,-66.1,-50.0,25.4,44.0,-94.3,7.3,0.0,126.0,1
D007457,4.9,1253.0,1.17,29.0,0.61,-66.3,-49.1,24.2,40.0,-95.9,4.7,0.0,,1
D007458,4.9,1146.0,1.01,28.5,0.51,-65.3,-51.1,23.8,45.0,-94.7,12.3,0.0,133.0,1
D007459,4.6,1126.0,1.17,31.0,0.56,-65.7,-49.1,23.9,47.0,-92.9,11.7,0.0,131.0,1
D007460,4.8,1154.0,1.12,29.0,0.52,-65.9,-49.3,24.2,45.0,-94.4,11.2,0.0,133.0,1
D007461,6.2,1170.0,1.6,33.0,0.32,-66.1,-47.2,20.1,49.0,-99.8,21.2,1.0,133.0,0
D007462,4.1,1166.0,1.09,30.5,0.51,-63.6,-50.0,23.5,43.0,-95.7,11.2,0.0,125.0,0
D007463,4.9,1239.0,1.07,27.0,0.52,-67.0,-50.6,22.7,40.0,-96.6,11.2,0.0,120.0,1
D007464,3.3,1395.0,1.32,21.5,0.41,-62.8,-49.2,25.9,47.0,-94.5,9.7,0.0,135.0,0
D007465,4.8,1180.0,1.04,27.5,0.47,-65.5,-49.1,24.4,45.0,-94.8,10.6,,125.0,1
D007466,3.3,1261.0,1.54,30.5,0.58,-69.9,-45.9,26.4,36.0,-93.1,8.3,0.0,143.0,1
D007467,5.1,1217.0,1.06,,0.51,-66.9,-49.9,22.2,41.0,-96.7,10.2,1.0,136.0,1
D007468,5.0,1201.0,1.09,29.0,0.5,-63.6,-51.2,24.5,44.0,-97.0,8.3,1.0,122.0,1
D007469,5.0,1144.0,1.14,32.0,0.43,-65.2,-50.6,24.3,48.0,-95.3,11.6,0.0,126.0,1
D007470,3.8,1091.0,1.46,39.5,0.65,-65.9,-50.0,20.7,31.0,-90.3,19.2,1.0,124.0,0
D007471,,1205.0,1.03,28.5,0.48,-66.3,-49.5,24.3,45.0,,9.1,0.0,127.0,1
D007472,4.4,1164.0,1.06,30.5,0.45,-65.0,-50.3,23.6,49.0,-95.5,9.7,0.0,131.0,1
D007473,4.5,1224.0,1.14,,0.48,-65.7,-50.2,24.3,46.0,-94.6,9.9,1.0,123.0,0
D007474,5.3,1225.0,1.13,30.5,0.48,-63.9,-50.0,24.8,46.0,-96.1,,1.0,130.0,1
D007475,6.9,1346.0,1.44,22.0,0.54,-63.1,-51.8,23.1,52.0,-95.9,15.1,1.0,115.0,0
D007476,4.2,1164.0,1.14,29.0,0.43,-64.5,,24.2,43.0,-95.4,4.0,1.0,127.0,1
D007477,6.7,1323.0,1.05,32.0,0.53,-64.0,-50.0,22.1,34.0,-96.8,10.2,0.0,116.0,1
D007478,4.9,1195.0,1.09,29.0,0.49,-65.3,-50.4,24.8,52.0,-95.8,6.6,0.0,116.0,1
D007479,4.7,1175.0,1.27,30.0,0.5,-63.3,-53.0,24.5,44.0,-94.9,4.4,0.0,133.0,1
D007480,4.5,1219.0,1.14,27.0,0.53,-65.1,-49.5,24.2,47.0,-95.9,8.5,1.0,133.0,1
D007481,5.0,1144.0,1.03,28.0,0.51,-64.7,-48.9,23.3,44.0,-95.6,9.6,0.0,127.0,1
D007482,5.3,1210.0,1.18,28.0,0.46,-65.8,-49.8,24.8,40.0,-96.4,10.5,0.0,123.0,1
D007483,4.4,1104.0,1.41,20.5,0.51,-66.7,-45.6,22.8,52.0,-90.6,3.6,1.0,110.0,0
D007484,5.1,1154.0,1.23,27.5,0.51,-65.0,-51.1,25.8,45.0,-95.4,11.5,1.0,130.0,1
D007485,5.8,1099.0,1.19,26.5,0.56,-66.2,-49.9,24.1,44.0,-96.6,12.7,0.0,126.0,1
D007486,5.9,1384.0,1.2,34.5,0.58,-68.7,-51.8,22.2,37.0,-90.5,,0.0,121.0,1
D007487,6.8,1019.0,1.09,23.5,0.32,-67.5,-50.9,22.8,42.0,-93.7,21.8,1.0,110.0,0
D007488,5.1,1162.0,1.11,29.0,0.56,-67.3,-49.7,23.6,40.0,-93.3,10.5,0.0,121.0,1
D007489,3.9,1160.0,1.13,28.5,0.51,-67.0,-51.2,25.3,42.0,-94.4,8.5,0.0,124.0,1
D007490,4.8,1200.0,1.1,25.5,0.52,-65.7,-49.2,23.7,46.0,-97.0,9.2,0.0,127.0,1
D007491,5.0,1219.0,1.07,30.0,0.48,-65.6,-49.2,25.4,48.0,-95.9,10.4,0.0,129.0,1
D007492,4.6,1139.0,1.25,37.5,0.66,-63.0,-46.3,29.0,56.0,-94.3,11.3,1.0,121.0,0
D007493,5.1,1164.0,1.21,28.5,0.41,-64.9,-49.0,24.3,47.0,-96.9,3.2,1.0,120.0,0
D007494,5.4,1165.0,1.13,30.5,0.55,-66.2,-48.6,25.6,47.0,-95.8,13.3,0.0,120.0,1
D007495,3.2,1194.0,0.81,38.0,0.5,-66.3,-54.3,28.7,57.0,-96.8,6.1,0.0,145.0,1
D007496,5.1,1158.0,1.09,26.5,0.36,-67.1,-51.0,25.5,45.0,-94.8,9.5,0.0,126.0,0
D007497,5.0,1194.0,1.04,28.0,0.49,-66.7,-52.4,20.7,39.0,-94.9,6.0,0.0,136.0,1
D007498,4.6,1200.0,,30.0,0.44,-65.6,-51.4,23.6,46.0,-95.6,7.5,1.0,123.0,1
D007499,4.9,1242.0,1.19,29.0,0.43,-65.4,-50.2,23.1,41.0,-96.2,8.1,1.0,128.0,1
D007500,6.6,1048.0,0.85,22.5,0.57,-60.4,-47.5,25.5,52.0,,17.9,1.0,144.0,0
D007501,4.5,1267.0,1.06,30.5,0.55,-65.1,-49.8,26.8,43.0,-95.9,14.3,1.0,133.0,1
D007502,3.4,1269.0,1.29,21.5,0.43,-69.5,-48.7,22.3,51.0,-99.2,7.4,0.0,114.0,1
D007503,5.0,1232.0,1.25,31.0,0.49,-67.9,-50.1,24.0,45.0,-95.2,6.7,1.0,126.0,1
D007504,4.6,1200.0,1.14,32.0,0.38,-67.1,-49.6,24.0,,-94.6,7.2,0.0,124.0,1
D007505,4.9,1197.0,1.11,26.0,0.49,-65.1,-48.6,22.7,43.0,-95.1,6.3,1.0,136.0,1
D007506,5.8,1233.0,1.08,30.5,0.52,-64.9,-49.9,24.2,42.0,-94.7,11.4,0.0,128.0,1
D007507,5.5,1027.0,1.49,21.5,0.48,-68.2,-49.8,29.0,52.0,-95.6,10.8,1.0,147.0,1
D007508,4.0,1036.0,1.59,31.5,0.54,-61.6,-47.2,28.9,35.0,-94.4,4.0,1.0,133.0,0
D007509,4.6,1345.0,1.06,24.0,0.63,-68.1,-48.1,29.6,45.0,-94.5,18.0,0.0,137.0,0
D007510,5.4,1244.0,1.5,24.5,0.53,-65.7,-52.4,27.3,48.0,-94.2,11.0,1.0,148.0,1
D007511,6.5,1330.0,0.85,24.5,0.37,-62.9,-49.7,20.5,,-95.4,8.3,0.0,123.0,0
D007512,4.7,1092.0,1.21,31.0,0.5,-66.4,-48.9,25.5,41.0,-96.1,8.3,1.0,130.0,0
D007513,4.7,1200.0,1.08,30.0,0.45,-66.1,-50.4,24.8,45.0,-95.7,7.9,1.0,137.0,1
D007514,4.9,1135.0,0.93,33.0,0.49,-66.4,-48.9,25.1,45.0,-95.3,12.8,1.0,134.0,1
D007515,5.3,1090.0,0.93,32.0,0.31,-68.7,-52.3,28.7,31.0,-98.5,6.1,1.0,123.0,0
D007516,4.1,1210.0,1.16,29.0,0.5,-64.9,-49.2,24.5,43.0,-95.2,4.7,1.0,128.0,1
D007517,5.0,1293.0,0.97,27.5,0.49,-65.7,-49.8,24.2,41.0,-95.8,,0.0,129.0,1
D007518,4.8,1192.0,1.19,28.0,0.5,-64.9,-50.4,23.8,45.0,-96.0,9.7,1.0,125.0,1
D007519,4.6,1133.0,1.1,32.5,0.42,-65.1,-51.5,25.2,48.0,-95.0,9.2,0.0,126.0,1
D007520,4.5,1321.0,1.46,30.5,0.68,-68.0,-46.2,22.3,38.0,-93.9,,1.0,109.0,0
D007521,5.1,1212.0,1.16,28.5,0.48,-65.4,-49.8,23.4,48.0,-95.3,8.5,1.0,,1
D007522,4.8,1276.0,1.14,28.0,0.47,-65.8,-52.2,22.2,44.0,-94.6,8.0,0.0,136.0,1
D007523,4.0,1190.0,0.97,29.0,0.49,-64.7,-49.9,24.5,43.0,-95.4,4.8,1.0,134.0,1
D007524,5.3,1208.0,1.14,30.0,0.55,-63.0,-50.6,23.2,42.0,,6.7,,130.0,1
D007525,4.5,1153.0,1.13,28.0,0.41,-65.2,-50.1,24.5,48.0,-95.5,5.7,0.0,135.0,1
D007526,4.7,1195.0,0.99,26.5,0.5,-64.8,-49.7,23.4,45.0,-95.3,8.9,1.0,120.0,1
D007527,4.1,1186.0,1.02,31.5,0.45,-64.0,-49.8,24.5,47.0,-96.2,8.5,0.0,127.0,1
D007528,5.1,1080.0,1.49,35.5,0.43,-64.1,-48.4,22.3,49.0,-91.6,14.6,0.0,141.0,0
D007529,4.9,1146.0,0.93,30.5,0.5,-64.1,-50.3,23.6,47.0,-94.7,13.1,0.0,,1
D007530,3.8,1256.0,1.46,23.5,0.51,-66.6,-46.2,27.6,,-91.8,3.8,0.0,125.0,0
D007531,4.5,1267.0,0.96,28.5,0.49,-65.3,-48.8,25.5,41.0,-94.9,5.0,1.0,128.0,1
D007532,4.8,1195.0,1.24,30.0,0.35,-64.8,-51.0,22.8,44.0,-95.8,8.0,1.0,122.0,0
D007533,4.2,1187.0,1.21,31.0,0.53,-64.7,-50.5,24.8,38.0,-95.1,5.4,0.0,132.0,1
D007534,4.7,,1.15,32.5,0.5,-65.5,-49.4,22.8,43.0,-94.9,8.5,1.0,127.0,1
D007535,5.2,1178.0,1.15,29.0,0.54,-66.0,-50.3,24.5,43.0,-94.4,13.4,1.0,119.0,1
D007536,5.1,1147.0,1.26,28.0,0.44,-69.1,-52.2,23.0,45.0,-96.2,9.0,1.0,132.0,1
D007537,3.9,1059.0,0.81,35.5,0.59,-62.5,-46.3,25.1,54.0,-94.4,10.6,1.0,106.0,0
D007538,4.9,,1.18,29.0,0.49,-65.2,-48.7,24.2,,-97.6,6.9,1.0,129.0,1
D007539,3.5,1252.0,1.0,34.0,0.38,-61.9,-51.0,,43.0,-95.5,17.3,1.0,144.0,0
D007540,4.9,1018.0,1.07,31.0,0.69,-67.8,-46.6,20.5,46.0,-90.8,3.2,1.0,125.0,0
D007541,5.1,1164.0,1.08,31.0,0.44,-66.0,-50.2,25.0,47.0,-95.2,6.5,0.0,126.0,1
D007542,4.8,1192.0,1.15,30.5,0.52,-64.9,-49.6,23.5,45.0,-95.3,6.9,1.0,126.0,0
D007543,4.3,1109.0,1.06,27.0,0.46,-66.6,-49.8,23.4,40.0,-96.2,11.8,0.0,127.0,1
D007544,6.9,1342.0,0.84,35.0,0.67,-69.2,-48.8,26.4,,-91.7,12.9,1.0,110.0,1
D007545,4.8,1179.0,1.04,32.5,0.39,-65.8,-49.9,24.5,46.0,-96.2,8.5,1.0,138.0,1
D007546,4.9,1133.0,1.0,28.0,0.49,-65.3,-50.5,23.6,47.0,-95.0,9.9,1.0,120.0,0
D007547,4.8,1156.0,1.03,29.5,0.5,-66.3,-49.6,23.6,44.0,-93.8,8.4,0.0,129.0,1
D007548,4.5,1149.0,1.15,27.0,0.51,-65.5,-52.2,24.2,43.0,-95.2,9.0,1.0,132.0,1
D007549,,1259.0,1.41,31.5,0.36,-67.4,-51.1,29.3,48.0,-95.2,3.9,1.0,147.0,0
D007550,4.2,1175.0,1.13,29.5,0.54,-66.1,-51.6,24.9,41.0,-95.5,11.4,1.0,117.0,1
D007551,4.4,1210.0,0.94,32.5,0.53,-66.2,-49.4,23.4,44.0,-94.1,8.8,0.0,126.0,1
D007552,4.7,1183.0,1.13,28.5,0.58,-65.3,-48.7,24.7,39.0,-94.9,8.3,1.0,124.0,0
D007553,3.2,1177.0,0.95,24.5,0.56,-60.4,-49.3,28.6,57.0,-91.1,18.3,1.0,107.0,0
D007554,4.3,1138.0,1.12,32.5,0.47,-64.4,-49.7,25.7,41.0,-94.2,12.6,0.0,123.0,1
D007555,4.7,1215.0,1.06,29.0,0.45,-64.9,-50.1,23.9,43.0,-95.0,7.1,1.0,132.0,1
D007556,5.3,1257.0,1.33,32.5,0.53,-67.1,-51.2,24.8,32.0,-90.3,4.7,,147.0,1
D007557,5.0,1229.0,1.14,31.0,0.49,-65.6,-50.3,23.5,41.0,-96.6,6.8,1.0,130.0,1
D007558,4.6,1207.0,1.42,35.5,0.65,-69.3,-46.0,20.3,43.0,-97.9,1.5,1.0,108.0,0
D007559,5.1,1224.0,,30.0,0.44,-64.9,-49.8,24.2,44.0,-95.8,9.2,0.0,130.0,1
D007560,4.5,1205.0,1.06,25.0,0.51,-65.7,-51.4,25.0,43.0,-95.9,4.8,0.0,123.0,1
D007561,5.0,1157.0,0.96,29.5,0.49,-65.7,-48.2,22.8,43.0,-94.3,9.3,1.0,144.0,1
D007562,4.9,1157.0,1.21,29.0,0.5,-66.4,-48.1,25.4,46.0,-96.9,7.6,1.0,131.0,1
D007563,4.5,1214.0,0.98,31.5,0.51,-63.9,-50.7,26.2,41.0,-95.0,8.2,0.0,128.0,1
D007564,4.9,1208.0,1.09,29.0,0.55,-64.4,-52.1,24.4,43.0,-94.5,7.4,0.0,125.0,1
D007565,4.9,1180.0,0.97,29.0,0.51,-66.4,-49.8,23.7,43.0,-96.7,14.3,1.0,124.0,1
D007566,5.3,1126.0,1.05,27.0,0.42,-63.7,-49.1,26.3,42.0,-95.3,9.0,1.0,,0
D007567,3.0,1246.0,0.87,21.0,0.64,-67.3,-52.3,23.7,38.0,-92.8,23.9,1.0,133.0,0
D007568,3.9,1222.0,1.12,30.5,0.46,-66.8,-48.8,24.6,42.0,-95.8,7.4,0.0,124.0,1
D007569,4.7,1143.0,1.15,23.5,0.58,-61.8,-46.8,30.0,52.0,-96.4,3.5,0.0,100.0,0
D007570,4.5,1104.0,1.07,31.5,0.49,-66.6,-50.1,24.9,41.0,-94.7,12.6,1.0,132.0,1
D007571,5.1,1174.0,1.27,29.0,0.46,-67.0,-49.0,22.6,49.0,-96.0,7.2,1.0,124.0,1
D007572,5.5,1246.0,1.14,39.5,0.49,-64.4,-46.9,29.2,33.0,-95.6,8.9,0.0,130.0,0
D007573,3.8,1031.0,1.02,30.5,0.39,-69.5,-47.2,22.0,38.0,-93.4,17.4,0.0,110.0,1
D007574,6.1,1181.0,1.46,22.5,0.5,-62.2,-52.9,22.3,46.0,-92.7,11.5,0.0,127.0,0
D007575,5.5,1150.0,1.09,40.0,0.38,-64.7,-49.0,22.4,50.0,-92.3,1.5,1.0,102.0,1
D007576,5.2,1186.0,1.1,28.0,0.48,,-48.7,23.9,46.0,-95.5,11.6,0.0,134.0,1
D007577,5.0,1161.0,1.12,30.5,0.53,,-48.7,23.8,40.0,-95.7,9.3,1.0,121.0,1
D007578,4.3,1144.0,1.14,29.0,0.49,-64.2,-49.2,23.3,42.0,-95.9,6.4,1.0,129.0,1
D007579,4.3,1210.0,0.96,29.0,0.52,-64.5,-50.0,24.9,46.0,-95.1,12.3,0.0,128.0,1
D007580,6.7,1102.0,0.94,29.0,0.3,-69.2,-48.2,23.9,48.0,-97.1,17.7,0.0,126.0,1
D007581,4.3,1215.0,1.11,27.5,0.47,-66.4,-48.8,23.9,45.0,-95.0,7.7,1.0,137.0,1
D007582,4.7,1237.0,1.1,30.0,0.44,-66.9,-48.6,24.4,40.0,-96.0,6.7,1.0,127.0,1
D007583,4.4,1220.0,1.19,27.5,0.43,-66.0,-52.0,24.9,44.0,-94.8,,0.0,131.0,1
D007584,4.9,1207.0,1.17,27.5,0.42,-65.2,-49.7,24.8,49.0,-96.0,5.9,1.0,129.0,1
D007585,5.5,1210.0,1.23,28.5,0.55,-65.5,-49.9,24.1,41.0,-94.9,7.8,1.0,129.0,0
D007586,4.5,1192.0,1.19,29.5,0.49,-65.6,-49.4,23.3,47.0,-94.6,11.5,1.0,129.0,0
D007587,5.1,1173.0,1.03,26.5,0.47,-65.1,-50.4,23.5,47.0,-93.9,8.0,1.0,132.0,0
D007588,4.2,1139.0,1.16,27.5,0.46,-66.5,-49.8,24.2,42.0,-93.7,9.5,1.0,129.0,0
D007589,5.2,1199.0,1.07,24.5,0.54,-66.5,-51.1,25.6,44.0,-95.6,4.5,0.0,126.0,1
D007590,4.4,1203.0,1.1,30.0,0.52,-66.2,-50.3,24.3,45.0,-95.6,9.3,0.0,130.0,1
D007591,4.4,1225.0,1.08,31.5,0.52,-66.0,-48.6,22.4,46.0,-96.1,11.8,1.0,126.0,1
D007592,5.1,1176.0,1.09,33.0,0.44,-63.8,-50.4,24.4,40.0,-96.0,9.8,0.0,129.0,1
D007593,6.4,1378.0,1.48,37.5,0.56,-65.4,-52.8,28.1,56.0,-93.3,18.1,1.0,107.0,0
D007594,4.6,1198.0,1.09,33.5,0.56,-65.7,-51.6,23.5,40.0,-95.0,5.2,1.0,130.0,1
D007595,4.8,1172.0,1.25,29.0,0.46,-64.8,-50.3,22.3,40.0,-96.2,11.9,1.0,124.0,0
D007596,3.3,1321.0,1.24,29.5,0.55,-68.9,-48.8,26.4,45.0,-92.7,11.6,1.0,119.0,0
D007597,6.6,1190.0,1.59,27.5,0.64,-65.2,-45.8,23.0,60.0,-98.3,15.9,0.0,138.0,0
D007598,4.4,1163.0,1.19,27.5,0.49,-67.3,-49.6,23.9,46.0,-95.2,7.3,0.0,125.0,1
D007599,4.5,1211.0,1.1,30.0,0.51,-65.4,-51.3,25.0,43.0,-95.5,8.1,1.0,126.0,0
D007600,5.3,1196.0,0.99,26.5,0.4,-64.7,-52.1,23.6,44.0,-94.8,9.6,0.0,125.0,1
D007601,4.7,1239.0,1.16,30.0,0.46,-65.4,-50.5,24.9,43.0,-96.2,11.9,1.0,133.0,1
D007602,,1106.0,1.24,26.0,,-69.3,-47.3,20.4,46.0,-94.7,9.0,1.0,130.0,1
D007603,4.3,1143.0,1.15,36.5,0.46,-64.9,-51.1,25.1,49.0,-96.2,1.5,1.0,127.0,1
D007604,5.5,1158.0,1.02,29.5,0.53,-66.2,-49.4,25.4,36.0,-93.8,9.1,0.0,130.0,1
D007605,4.5,1381.0,1.12,36.5,0.69,-69.0,-49.3,24.3,59.0,-98.5,18.9,1.0,128.0,0
D007606,4.8,1201.0,1.17,29.5,0.51,-65.8,-50.8,24.5,40.0,-96.2,7.8,0.0,138.0,1
D007607,4.7,1100.0,1.06,29.0,0.47,-64.9,-51.2,22.7,46.0,-94.8,7.9,1.0,133.0,1
D007608,4.3,1211.0,1.28,29.0,0.45,-66.7,-49.9,23.5,43.0,-95.4,11.6,0.0,130.0,1
D007609,4.7,1191.0,1.03,28.0,0.53,,-48.3,25.9,45.0,-94.4,11.3,1.0,123.0,0
D007610,4.1,1008.0,1.22,21.0,0.52,-61.8,-48.8,23.9,46.0,-96.6,24.0,1.0,140.0,0
D007611,4.8,1202.0,0.98,30.0,0.49,-63.1,-48.9,26.9,45.0,-95.7,8.9,0.0,122.0,1
D007612,4.6,1191.0,1.05,26.5,0.41,-64.4,-51.1,24.3,44.0,-94.6,8.8,0.0,125.0,1
D007613,6.1,1066.0,1.05,22.5,0.4,-62.1,-53.6,29.4,54.0,-93.4,19.4,0.0,148.0,0
D007614,3.4,1101.0,0.9,37.0,0.42,-62.7,-47.1,21.8,43.0,-98.7,5.4,1.0,134.0,0
D007615,4.0,1184.0,1.04,31.5,0.47,-65.8,-50.1,25.6,47.0,-96.7,10.4,0.0,123.0,1
D007616,4.5,1092.0,1.08,28.5,0.57,-65.4,-49.9,22.6,46.0,-93.3,11.5,1.0,128.0,0
D007617,4.7,1206.0,0.84,31.0,0.5,,-49.3,24.8,42.0,-95.0,7.3,0.0,133.0,1
D007618,,1338.0,1.49,27.0,,-67.5,-52.5,24.9,56.0,-95.9,13.6,0.0,106.0,1
D007619,5.5,1181.0,1.12,30.5,0.54,-64.4,-48.6,26.1,42.0,-95.9,8.2,1.0,123.0,0
D007620,5.6,1236.0,1.04,27.5,0.4,-65.8,-50.8,25.6,47.0,-97.5,8.4,1.0,122.0,1
D007621,5.1,1246.0,1.22,31.0,0.49,-65.8,-50.7,22.1,46.0,-94.5,9.1,1.0,135.0,1
D007622,6.0,1330.0,0.95,32.0,0.46,-63.5,-48.8,28.1,32.0,-93.1,11.4,0.0,120.0,1
D007623,5.5,1304.0,1.31,36.5,0.55,-68.2,-49.7,29.3,37.0,,1.1,1.0,108.0,1
D007624,5.2,1154.0,0.94,27.5,0.49,-65.2,-51.2,24.4,45.0,-93.5,8.9,0.0,140.0,1
D007625,4.9,1157.0,1.12,31.5,0.54,-65.7,-51.1,25.9,43.0,-95.6,11.5,0.0,131.0,1
D007626,4.1,1152.0,1.15,29.5,0.5,-65.5,-49.8,23.6,47.0,-95.7,8.1,1.0,126.0,0
D007627,4.7,1136.0,1.02,32.5,0.44,-66.8,-49.2,25.0,40.0,-97.8,10.1,0.0,129.0,1
D007628,5.3,1174.0,1.16,30.0,0.51,-66.4,-50.3,23.0,47.0,-94.5,9.5,0.0,125.0,1
D007629,6.9,1151.0,1.07,25.0,0.64,-65.8,-45.7,26.3,45.0,-97.4,12.3,0.0,101.0,0
D007630,6.2,1247.0,1.44,40.0,0.37,-65.5,-51.7,22.5,35.0,-96.0,18.9,0.0,121.0,1
D007631,5.2,1196.0,0.85,29.0,0.51,-65.9,-50.3,26.3,38.0,-95.0,9.7,0.0,130.0,1
D007632,4.7,1235.0,1.0,24.5,0.35,-60.2,-52.8,24.7,56.0,-95.1,0.5,1.0,119.0,0
D007633,6.0,1234.0,0.91,25.5,0.65,-69.5,-48.8,20.0,56.0,-95.5,12.8,,109.0,0
D007634,4.7,1195.0,1.21,29.0,0.5,-66.1,-49.0,25.7,42.0,-95.8,9.3,0.0,144.0,1
D007635,4.8,1229.0,1.19,30.5,0.44,-65.9,-49.2,22.6,40.0,-96.2,11.4,0.0,139.0,1
D007636,3.9,1042.0,1.59,30.0,0.49,-65.1,-52.0,25.4,43.0,-95.1,3.0,0.0,131.0,0
D007637,4.6,1183.0,1.19,29.0,0.49,-63.7,-51.9,24.4,,-95.0,7.7,0.0,114.0,1
D007638,3.8,1132.0,1.04,29.0,0.46,-64.9,-49.7,22.9,40.0,-95.3,11.3,0.0,132.0,1
D007639,6.3,1109.0,1.1,22.5,0.47,-62.4,-53.4,24.0,32.0,-92.9,,0.0,135.0,1
D007640,,1264.0,1.15,27.5,0.5,-66.0,,25.2,44.0,-94.4,6.8,0.0,129.0,1
D007641,4.6,1208.0,1.2,26.5,0.55,-65.3,-50.5,23.9,52.0,-95.0,4.6,0.0,130.0,1
D007642,6.0,1298.0,1.25,20.5,0.38,-62.7,-47.1,29.4,58.0,-97.8,20.3,1.0,132.0,0
D007643,4.5,1221.0,1.08,28.5,0.5,-63.9,-51.4,23.8,48.0,-95.2,6.9,1.0,129.0,0
D007644,3.1,1264.0,0.84,31.5,0.56,-68.2,-49.9,28.3,49.0,-90.1,5.0,1.0,110.0,0
D007645,5.4,1165.0,0.98,26.0,0.49,-66.7,-49.5,24.2,38.0,-95.9,10.2,1.0,130.0,1
D007646,4.9,1102.0,1.11,29.5,0.46,-66.3,-51.2,24.3,36.0,,9.0,1.0,127.0,1
D007647,5.0,1162.0,1.15,30.0,0.45,-66.1,-49.9,24.8,45.0,-94.5,9.9,0.0,126.0,1
D007648,5.2,1273.0,1.17,26.0,0.48,-64.8,-48.9,24.0,,-97.4,7.0,0.0,122.0,1
D007649,6.6,1376.0,1.52,27.5,0.51,-61.7,-52.6,20.8,32.0,-99.8,16.3,1.0,101.0,0
D007650,4.9,1196.0,1.15,27.5,0.52,-64.7,-50.0,23.6,49.0,-95.5,6.5,0.0,129.0,1
D007651,6.7,1077.0,1.14,24.0,0.69,-61.7,-51.2,22.9,38.0,-92.7,3.4,1.0,111.0,0
D007652,5.3,1155.0,1.09,28.5,0.51,-67.4,-51.0,24.7,47.0,-94.2,,1.0,125.0,1
D007653,4.5,1241.0,1.16,29.0,0.47,-65.1,-52.3,23.7,41.0,-92.5,9.3,1.0,126.0,1
D007654,4.9,1146.0,1.28,29.5,0.48,-65.3,-50.7,25.1,47.0,-96.2,10.2,0.0,130.0,1
D007655,5.0,1196.0,1.05,32.0,0.47,-68.6,-50.0,23.8,48.0,-95.8,6.3,1.0,129.0,1
D007656,4.2,1206.0,1.2,29.0,0.43,-65.5,-50.9,24.5,41.0,-94.5,5.1,1.0,129.0,1
D007657,5.1,1158.0,1.14,29.0,0.43,,-52.0,24.6,49.0,-96.8,,1.0,125.0,1
D007658,5.0,1091.0,1.55,30.5,0.47,-69.9,-49.4,21.2,38.0,-98.1,18.9,1.0,110.0,0
D007659,4.6,1209.0,1.0,30.5,0.47,-66.2,-49.2,21.9,45.0,-94.3,1.9,1.0,129.0,1
D007660,4.1,1385.0,1.35,25.0,0.45,-68.7,-53.4,23.8,53.0,-99.1,4.5,1.0,122.0,1
D007661,6.0,1079.0,1.23,21.0,0.55,-66.4,-49.7,28.2,39.0,-98.6,21.0,0.0,148.0,0
D007662,5.0,1200.0,1.12,31.0,0.5,-65.9,-51.6,24.8,40.0,-94.3,8.2,0.0,134.0,1
D007663,6.3,,0.99,27.5,0.34,-67.6,-53.1,25.7,51.0,-94.8,2.1,1.0,108.0,1
D007664,5.2,1293.0,1.03,36.5,0.6,-61.6,-54.5,28.2,50.0,-95.9,4.5,0.0,113.0,0
D007665,5.1,1150.0,1.11,25.5,0.55,-65.5,-48.5,23.8,46.0,-94.8,8.1,0.0,127.0,1
D007666,5.3,1041.0,1.1,34.5,0.52,-66.0,-45.2,28.1,47.0,-92.8,18.8,0.0,135.0,1
D007667,5.2,1249.0,1.23,26.5,0.45,-66.3,-49.9,24.2,40.0,-95.9,11.9,0.0,133.0,1
D007668,6.6,1061.0,0.83,39.5,0.46,-65.4,,24.5,34.0,-90.2,13.5,0.0,149.0,1
D007669,4.4,1315.0,1.11,25.0,0.53,-63.5,-47.7,27.8,56.0,-91.2,21.0,1.0,138.0,0
D007670,4.6,1204.0,0.97,29.0,0.5,-66.4,-49.8,23.7,39.0,-93.5,4.0,0.0,137.0,0
D007671,6.8,1199.0,0.92,22.0,0.41,-61.6,-52.9,25.5,46.0,-99.7,16.8,0.0,140.0,0
D007672,5.6,1267.0,1.55,30.0,0.35,-68.8,-52.4,23.6,36.0,-91.4,14.7,1.0,136.0,1
D007673,6.2,1101.0,1.44,26.0,0.49,-70.0,-45.5,20.4,43.0,-94.8,1.9,1.0,121.0,1
D007674,4.9,1235.0,1.18,28.5,0.54,-63.7,-49.6,24.3,47.0,-97.5,10.0,,129.0,0
D007675,4.8,1145.0,0.96,23.0,0.49,-65.4,-48.9,24.0,48.0,-94.0,8.5,1.0,126.0,1
D007676,4.2,1200.0,1.16,32.5,0.5,-65.7,-48.6,23.3,43.0,-96.8,9.3,0.0,123.0,1
D007677,5.2,1176.0,1.05,32.0,0.52,-67.2,-50.8,23.8,47.0,-96.1,6.5,0.0,122.0,1
D007678,5.1,1197.0,1.07,33.0,0.44,-65.0,-49.2,24.9,51.0,-95.8,4.7,0.0,138.0,1
D007679,5.1,1209.0,0.95,30.0,0.45,-66.4,-50.0,24.2,42.0,-95.9,9.5,0.0,142.0,1
D007680,6.9,1156.0,1.46,29.0,0.49,-66.8,-48.9,20.9,42.0,-98.4,23.3,1.0,137.0,1
D007681,5.0,1084.0,1.31,30.5,0.43,-67.7,-52.1,23.7,42.0,-96.0,9.7,1.0,129.0,0
D007682,4.5,1223.0,1.15,28.0,0.39,-66.6,-49.0,24.4,40.0,,13.0,1.0,131.0,0
D007683,4.8,1140.0,1.1,29.0,0.48,-65.4,-50.2,22.4,44.0,-96.4,11.5,1.0,124.0,0
D007684,4.0,1146.0,1.33,22.0,0.58,-69.3,-45.7,20.2,41.0,-91.2,1.7,1.0,135.0,0
D007685,4.6,1216.0,1.12,27.5,0.49,-67.8,-50.5,24.2,40.0,-92.8,11.8,1.0,126.0,1
D007686,3.9,1172.0,0.82,32.0,0.68,-63.1,-50.5,24.9,34.0,-92.2,7.5,1.0,133.0,0
D007687,5.4,1129.0,1.07,29.5,0.51,-64.5,-50.9,25.3,42.0,-97.0,8.8,0.0,133.0,1
D007688,5.1,1135.0,1.12,30.5,0.52,-66.9,-49.4,23.6,45.0,-96.6,6.9,1.0,129.0,1
D007689,4.6,1173.0,1.04,24.0,0.44,-66.5,-50.3,23.9,48.0,-95.6,5.4,0.0,123.0,1
D007690,4.9,1179.0,1.05,31.0,0.49,-66.1,-49.2,23.8,46.0,-93.9,10.6,0.0,129.0,1
D007691,4.8,1227.0,1.13,28.0,0.38,-64.3,-48.7,26.6,48.0,-97.5,8.2,0.0,123.0,1
D007692,4.5,1208.0,0.92,26.5,0.46,-64.3,-49.9,24.2,49.0,-95.3,8.3,1.0,129.0,1
D007693,4.2,1129.0,1.19,29.5,0.4,-66.8,-50.2,23.0,44.0,-95.5,9.0,0.0,132.0,0
D007694,4.9,1165.0,1.13,30.0,0.47,-65.9,-50.9,23.8,41.0,-96.0,5.7,1.0,133.0,1
D007695,3.8,1362.0,1.4,23.5,0.51,-61.8,-52.2,22.2,48.0,-97.9,8.8,0.0,107.0,0
D007696,4.7,1250.0,1.04,27.0,0.5,-64.5,-50.0,23.0,50.0,-96.1,8.9,0.0,131.0,1
D007697,4.4,1225.0,1.37,25.5,0.56,-67.8,-48.2,22.7,45.0,-95.7,4.7,0.0,125.0,0
D007698,5.0,1175.0,1.2,34.5,0.4,-64.0,-49.6,24.1,47.0,-94.3,8.4,0.0,130.0,1
D007699,,1041.0,1.26,27.5,0.68,-61.4,-53.0,26.4,40.0,-99.5,9.4,1.0,116.0,0
D007700,4.7,1181.0,0.99,30.5,0.51,-65.9,-49.8,24.9,46.0,-96.0,10.2,0.0,128.0,1
D007701,5.8,1233.0,1.01,30.5,0.48,-64.8,-50.8,23.9,41.0,-94.8,10.2,0.0,123.0,1
D007702,4.8,1181.0,0.98,30.0,0.47,-65.6,-49.8,22.8,43.0,-97.2,7.1,1.0,125.0,0
D007703,5.2,1178.0,1.11,29.0,0.42,-67.1,-51.5,22.7,46.0,-94.2,11.7,1.0,122.0,1
D007704,4.7,1168.0,0.97,27.5,0.5,-65.7,-50.8,,43.0,-93.6,3.9,1.0,118.0,1
D007705,4.8,1175.0,1.04,25.5,0.4,-66.8,-49.9,23.7,41.0,-98.0,8.0,0.0,124.0,1
D007706,4.4,1116.0,1.21,26.0,0.43,-66.5,-51.0,23.4,47.0,-95.0,8.8,1.0,125.0,0
D007707,4.8,1143.0,1.2,36.0,0.66,-61.0,-50.1,24.7,52.0,-91.7,2.9,1.0,123.0,0
D007708,4.7,1179.0,1.09,25.5,0.49,-65.2,-48.2,24.4,,-96.0,11.6,1.0,128.0,0
D007709,4.8,1138.0,1.12,29.0,0.45,-65.6,-48.6,25.2,44.0,-94.5,10.8,0.0,123.0,1
D007710,3.4,1236.0,1.39,36.5,0.65,-60.5,-52.4,21.7,59.0,-94.3,10.5,1.0,138.0,0
D007711,5.0,1252.0,0.98,30.0,0.51,-66.8,-49.2,24.6,40.0,-94.4,9.4,1.0,125.0,1
D007712,5.3,1367.0,1.49,28.5,0.3,-64.2,-46.6,21.2,38.0,-91.8,22.7,1.0,141.0,0
D007713,5.1,1233.0,1.04,31.5,0.48,-64.4,-49.6,24.0,49.0,-96.6,9.1,1.0,134.0,1
D007714,5.2,1203.0,1.15,29.0,0.51,-66.0,-50.3,24.7,55.0,-95.3,11.5,1.0,134.0,1
D007715,3.1,1194.0,1.02,25.0,0.48,-63.0,-51.6,20.9,44.0,-94.3,20.8,0.0,130.0,0
D007716,4.9,1240.0,1.0,32.5,0.46,-65.1,-49.6,22.5,41.0,-95.9,6.4,0.0,136.0,1
D007717,5.0,1210.0,0.98,31.5,0.4,-66.7,-49.1,22.9,45.0,-95.8,9.7,1.0,127.0,1
D007718,4.3,1250.0,1.45,,0.31,-68.8,-50.9,28.2,32.0,-93.1,9.3,1.0,134.0,0
D007719,6.9,1228.0,1.04,38.5,0.61,-63.5,-47.2,27.2,34.0,-90.7,6.3,1.0,108.0,1
D007720,4.9,1149.0,1.06,29.5,0.44,-66.9,-51.3,25.2,43.0,-95.8,10.3,0.0,137.0,1
D007721,5.0,1398.0,0.99,35.5,0.36,-62.0,-53.3,20.6,40.0,-99.6,2.3,0.0,123.0,1
D007722,5.1,1125.0,1.21,32.0,0.48,-65.2,-51.3,24.5,47.0,-97.5,8.4,1.0,135.0,1
D007723,4.9,1214.0,1.0,32.0,0.55,,-50.5,23.0,46.0,-94.2,7.5,0.0,120.0,1
D007724,4.6,1122.0,1.18,27.5,0.49,-65.6,-50.1,24.9,44.0,-97.2,9.0,1.0,130.0,0
D007725,5.3,1136.0,1.44,26.0,0.47,-67.8,-53.2,25.4,37.0,-94.4,7.1,1.0,123.0,1
D007726,5.2,1171.0,1.12,27.5,0.42,-63.9,-49.3,21.7,43.0,-94.6,6.8,1.0,125.0,0
D007727,5.1,1189.0,1.04,29.5,0.4,-66.2,-49.7,24.1,,-96.0,12.3,1.0,135.0,1
D007728,4.4,1172.0,1.12,34.0,0.49,-65.4,-49.9,26.0,49.0,-93.5,9.9,0.0,131.0,1
D007729,6.7,1067.0,1.08,34.5,0.46,-62.0,-49.1,27.1,57.0,-95.0,19.9,0.0,136.0,1
D007730,4.5,1170.0,1.1,20.5,0.39,-69.8,-49.2,27.6,35.0,-93.1,18.8,1.0,144.0,0
D007731,4.8,1252.0,1.16,28.0,0.44,-65.5,-49.8,24.7,51.0,-94.5,12.5,0.0,125.0,1
D007732,4.4,1228.0,1.16,28.0,0.55,-66.0,-50.3,23.1,43.0,-94.1,8.0,1.0,129.0,1
D007733,3.4,1051.0,1.18,25.5,0.38,-69.9,,25.2,46.0,-95.9,11.7,1.0,140.0,0
D007734,4.3,1168.0,1.09,30.0,0.44,-65.8,-50.6,24.2,39.0,-95.2,9.0,1.0,123.0,1
D007735,4.8,1146.0,1.02,30.5,0.46,-66.7,-49.7,23.8,43.0,-96.7,13.1,0.0,125.0,1
D007736,5.8,1118.0,1.3,26.5,0.42,-64.6,-49.4,28.4,48.0,-91.6,23.3,1.0,133.0,0
D007737,5.1,1209.0,1.0,29.0,0.52,-64.1,-49.6,22.7,44.0,-95.0,12.5,1.0,124.0,1
D007738,4.0,1261.0,1.41,25.0,0.48,-67.3,-46.5,26.1,37.0,-95.1,17.1,0.0,148.0,0
D007739,5.0,1144.0,1.05,32.0,0.47,-63.5,-49.0,23.6,43.0,-96.1,9.1,0.0,122.0,1
D007740,5.9,1168.0,1.02,35.5,0.68,-67.9,-47.2,24.2,39.0,-94.9,22.8,0.0,101.0,0
D007741,4.6,1237.0,1.14,27.0,0.53,-66.1,-50.4,24.6,45.0,-94.8,5.3,0.0,132.0,1
D007742,5.6,1170.0,1.1,26.0,0.51,-65.8,-49.8,24.7,44.0,-95.6,8.0,0.0,138.0,1
D007743,6.4,1382.0,1.04,39.0,0.68,-61.1,,28.6,32.0,-90.3,19.9,0.0,128.0,0
D007744,4.9,1163.0,1.16,27.5,0.45,-66.5,-49.7,21.9,39.0,-96.0,9.0,1.0,134.0,1
D007745,4.6,1194.0,1.09,30.0,0.51,-65.0,-49.7,24.4,45.0,-94.8,13.3,1.0,133.0,1
D007746,4.2,1239.0,1.04,30.5,0.47,-65.7,-50.0,24.2,,-96.4,10.5,0.0,138.0,1
D007747,3.5,1167.0,1.42,24.5,0.38,-64.2,-49.3,26.1,36.0,-90.8,23.9,1.0,118.0,0
D007748,4.7,1217.0,1.11,26.5,0.49,-64.1,-47.6,23.9,48.0,-96.2,8.4,,122.0,0
D007749,6.7,1297.0,1.24,36.5,0.52,-61.2,-50.0,26.3,39.0,-99.8,9.8,1.0,145.0,1
D007750,3.6,1043.0,1.42,29.0,0.37,-62.5,-50.1,24.6,48.0,-96.1,19.5,0.0,120.0,0
D007751,4.8,1178.0,1.11,27.0,0.52,-65.9,-51.5,23.5,47.0,-94.6,9.5,1.0,128.0,1
D007752,3.2,1075.0,1.28,23.5,0.4,-61.0,-53.7,22.3,52.0,,15.7,1.0,137.0,0
D007753,5.1,1173.0,1.09,27.0,0.48,-64.4,-50.4,23.9,47.0,-95.9,6.5,1.0,123.0,1
D007754,5.6,1252.0,1.09,37.0,0.68,-67.6,-46.7,28.7,38.0,-91.5,3.9,0.0,119.0,1
D007755,4.2,1276.0,1.0,27.5,0.56,-64.0,-49.0,23.0,,-95.1,6.8,0.0,125.0,1
D007756,5.1,1368.0,,22.5,0.37,-68.1,-48.0,29.4,34.0,-98.0,2.3,0.0,125.0,1
D007757,6.1,1167.0,1.12,27.5,0.45,-64.4,-50.6,23.1,45.0,-96.6,,1.0,131.0,1
D007758,4.1,1133.0,1.27,30.0,0.49,-66.0,-49.9,23.3,42.0,-95.6,8.6,0.0,132.0,1
D007759,6.7,1049.0,1.08,31.5,0.48,-68.5,-46.4,25.3,33.0,-91.2,12.3,0.0,144.0,1
D007760,3.0,1017.0,1.53,34.0,0.68,-64.5,-53.2,22.8,51.0,-90.3,4.5,1.0,120.0,0
D007761,6.5,1187.0,0.84,33.5,0.32,-65.0,-51.8,20.5,33.0,-94.0,,0.0,113.0,1
D007762,4.2,1379.0,1.01,31.0,0.62,-60.6,-49.9,25.1,55.0,-98.8,2.1,1.0,124.0,0
D007763,4.9,1134.0,1.48,20.5,0.33,-65.5,-48.3,26.6,58.0,-90.6,8.8,1.0,131.0,0
D007764,4.5,1137.0,1.11,26.0,0.44,-65.2,-50.5,24.7,43.0,-96.5,10.7,0.0,127.0,1
D007765,5.0,1218.0,1.11,29.0,0.54,-64.1,-51.8,24.1,47.0,-97.1,11.3,1.0,127.0,1
D007766,5.6,1141.0,1.08,34.5,0.48,-65.4,-49.3,22.3,,,9.0,1.0,126.0,1
D007767,3.0,1373.0,1.28,34.0,0.58,-68.8,-46.1,22.4,36.0,-97.5,12.0,1.0,144.0,1
D007768,5.2,1351.0,0.94,33.5,0.53,-67.0,-45.9,26.1,,-93.0,5.2,0.0,112.0,1
D007769,4.5,1186.0,1.03,29.5,0.49,,-50.2,24.2,44.0,-96.3,5.6,0.0,134.0,1
D007770,4.6,1137.0,0.88,27.5,0.53,,-51.0,,48.0,-96.5,11.7,0.0,129.0,1
D007771,4.9,1235.0,1.16,26.0,0.43,-65.4,-51.1,24.4,45.0,-95.3,8.7,1.0,133.0,1
D007772,5.3,1063.0,1.53,26.0,0.46,-64.6,-50.6,24.7,42.0,-93.2,13.3,1.0,117.0,0
D007773,5.2,1182.0,1.14,31.5,0.49,-66.7,-49.0,23.3,52.0,-97.0,9.3,1.0,124.0,0
D007774,3.7,1066.0,1.18,,0.69,-63.1,-53.5,29.4,48.0,-96.5,7.5,1.0,137.0,0
D007775,4.4,1118.0,1.05,30.0,0.41,-64.0,-49.4,25.1,43.0,-95.5,9.4,0.0,126.0,0
D007776,5.0,1163.0,1.09,27.5,0.47,-64.9,-50.1,23.6,49.0,-96.1,9.9,1.0,127.0,1
D007777,6.7,1180.0,0.82,22.5,0.35,-68.7,-45.6,28.8,53.0,-94.2,14.5,0.0,139.0,0
D007778,5.7,1005.0,0.92,20.5,0.32,-66.1,-47.8,21.5,45.0,-96.3,12.8,1.0,129.0,0
D007779,5.4,1191.0,0.99,31.5,0.41,-64.6,-49.8,22.7,39.0,-95.2,9.3,1.0,142.0,1
D007780,4.1,1118.0,1.15,21.5,0.47,-66.3,-47.8,20.0,46.0,-95.7,6.8,1.0,130.0,0
D007781,5.6,1230.0,0.92,29.0,0.46,-64.6,-49.3,23.7,41.0,-98.1,11.4,0.0,121.0,0
D007782,5.0,1204.0,1.16,30.0,0.52,-65.6,-52.1,24.5,46.0,-95.5,8.0,1.0,118.0,1
D007783,5.4,1138.0,1.14,30.5,0.51,-65.8,-49.6,22.8,45.0,-96.0,10.8,0.0,124.0,1
D007784,4.6,1202.0,,31.0,0.47,-65.4,-50.3,24.9,44.0,-96.8,9.9,1.0,122.0,1
D007785,4.5,,1.18,29.5,0.49,-66.6,-49.5,21.4,40.0,-96.6,10.3,1.0,127.0,0
D007786,6.7,1209.0,1.29,21.5,0.46,-60.4,-54.7,22.9,49.0,-91.7,13.8,1.0,100.0,0
D007787,3.3,1393.0,1.27,38.0,0.65,-67.2,-52.6,25.7,36.0,-95.3,5.6,,119.0,0
D007788,3.3,1334.0,1.48,26.0,0.33,-67.1,-47.1,26.1,47.0,-95.6,8.1,1.0,105.0,0
D007789,6.3,1297.0,1.59,33.5,0.6,-62.9,-50.1,20.3,36.0,-91.9,5.1,0.0,147.0,1
D007790,5.1,1242.0,1.18,28.5,0.5,-65.6,-48.0,24.7,47.0,-96.3,11.0,0.0,122.0,0
D007791,4.9,1158.0,0.94,31.0,0.48,-66.3,-49.8,23.6,42.0,-96.8,9.6,1.0,120.0,1
D007792,5.0,1231.0,1.34,30.5,0.52,-65.6,-51.6,23.6,45.0,-96.5,10.2,0.0,129.0,1
D007793,6.4,1358.0,1.44,21.0,0.59,-65.5,-53.8,27.4,52.0,,13.1,0.0,117.0,0
D007794,3.8,1006.0,1.32,37.5,0.57,-62.9,-49.0,23.1,53.0,-90.9,23.8,1.0,108.0,0
D007795,3.1,1385.0,1.07,30.0,0.63,-61.3,-47.3,29.3,37.0,-95.4,20.5,1.0,141.0,0
D007796,4.4,1311.0,0.96,32.0,0.7,-66.1,-51.1,29.0,51.0,-92.1,0.7,0.0,132.0,1
D007797,5.1,1150.0,1.01,34.0,0.51,-63.2,-51.0,24.0,46.0,-94.7,9.0,0.0,127.0,1
D007798,5.2,1231.0,1.14,32.0,0.53,-67.3,-45.1,20.7,51.0,-92.2,18.1,0.0,122.0,0
D007799,5.4,1022.0,1.29,25.0,0.52,-64.8,-54.9,,42.0,,18.5,0.0,110.0,0
D007800,4.9,1154.0,1.14,31.0,0.51,-65.5,-50.8,25.0,,-95.4,7.1,1.0,119.0,0
D007801,4.5,1084.0,1.5,26.5,0.37,-61.0,-47.4,24.8,52.0,-95.2,12.3,1.0,121.0,0
D007802,5.6,1118.0,1.21,33.0,0.55,-69.5,-47.7,28.4,37.0,-97.9,2.6,1.0,124.0,0
D007803,4.7,1196.0,1.13,26.5,0.51,-65.2,-49.8,26.3,44.0,-95.2,6.1,0.0,127.0,1
D007804,4.9,1090.0,1.1,27.0,0.43,-65.4,-48.4,22.9,38.0,-94.7,9.0,0.0,137.0,0
D007805,5.5,1135.0,1.28,30.0,0.47,-66.0,-50.6,23.3,45.0,-95.3,10.4,1.0,130.0,1
D007806,,1161.0,1.12,32.5,0.49,-65.1,-50.5,22.8,39.0,-95.7,10.3,1.0,129.0,1
D007807,4.7,1205.0,1.0,31.5,0.51,-65.5,-49.6,23.3,49.0,-93.8,2.3,1.0,130.0,1
D007808,4.8,1182.0,1.26,28.0,0.53,-67.5,-49.8,25.1,40.0,-95.8,5.4,1.0,131.0,1
D007809,4.4,1207.0,,29.0,0.46,-65.8,-50.0,23.4,46.0,-96.9,,0.0,127.0,1
D007810,5.8,1031.0,1.5,38.0,0.59,-68.1,-46.6,23.9,40.0,-95.6,19.1,0.0,133.0,1
D007811,6.4,1189.0,1.08,31.0,0.44,-65.6,-45.2,27.4,56.0,-91.5,20.4,1.0,112.0,0
D007812,4.4,1140.0,1.03,28.5,0.45,-66.2,-49.0,24.5,42.0,-93.7,9.5,1.0,134.0,1
D007813,5.1,1075.0,1.19,30.5,0.49,-66.2,-51.6,24.8,40.0,-96.1,11.4,1.0,129.0,1
D007814,5.2,1180.0,1.04,30.0,0.47,-65.2,-50.2,23.8,45.0,-97.3,11.0,1.0,123.0,1
D007815,4.3,1170.0,1.05,29.5,0.49,-66.2,-49.8,25.3,37.0,-95.2,8.7,0.0,131.0,1
D007816,4.3,1180.0,1.06,30.0,0.46,-64.5,-51.1,23.1,46.0,-97.1,8.5,1.0,136.0,1
D007817,5.5,1159.0,1.18,28.0,0.47,-64.6,-50.5,23.5,43.0,-97.5,11.5,0.0,123.0,1
D007818,4.7,1179.0,1.22,30.0,0.45,-65.6,-50.6,24.3,45.0,-94.6,6.5,1.0,129.0,1
D007819,4.6,1167.0,1.06,29.0,0.43,-66.8,-49.3,24.3,48.0,-95.8,5.7,1.0,122.0,0
D007820,3.5,1207.0,1.26,37.5,0.37,-61.1,-54.9,22.4,36.0,-98.3,3.9,0.0,140.0,1
D007821,5.4,1060.0,1.04,39.0,0.35,-64.5,-53.9,28.3,33.0,-94.1,7.6,1.0,116.0,1
D007822,4.9,1156.0,1.52,24.0,0.43,-65.7,-53.9,26.8,39.0,,6.7,1.0,133.0,1
D007823,3.1,1371.0,0.89,28.0,0.4,-63.1,-53.4,25.6,45.0,-93.9,16.5,0.0,103.0,0
D007824,6.1,1207.0,0.95,36.5,0.61,-67.5,-45.8,25.2,39.0,-96.8,2.6,0.0,143.0,1
D007825,5.3,1179.0,1.22,31.0,0.41,-67.0,,24.5,45.0,-96.9,9.2,0.0,126.0,1
D007826,5.4,1137.0,1.14,27.5,0.37,-67.0,-50.6,23.4,48.0,-96.3,5.4,0.0,132.0,1
D007827,5.3,1172.0,1.01,28.5,0.48,-65.1,-48.5,24.5,41.0,-95.6,8.1,1.0,130.0,1
D007828,3.7,1248.0,1.3,26.5,0.57,-69.3,-47.4,25.4,52.0,-99.5,5.0,1.0,131.0,0
D007829,4.0,1199.0,1.5,32.0,0.36,-66.6,-53.9,20.1,52.0,-92.3,16.9,0.0,149.0,0
D007830,4.9,1122.0,1.1,30.5,0.54,-66.0,-50.8,24.9,37.0,-96.1,,1.0,131.0,1
D007831,5.4,1165.0,1.13,27.0,0.5,-66.5,-49.2,24.6,39.0,-96.0,6.0,0.0,134.0,1
D007832,4.5,1379.0,0.89,28.5,0.43,-60.2,-45.0,23.0,35.0,-95.0,20.4,1.0,112.0,0
D007833,6.5,1386.0,1.4,23.0,0.33,-63.0,-48.2,27.1,52.0,-95.7,21.3,1.0,136.0,0
D007834,5.1,1318.0,1.33,39.0,0.67,-65.6,-52.3,29.8,51.0,-96.7,4.7,1.0,110.0,0
D007835,5.3,1204.0,1.43,36.5,0.46,-69.2,-54.0,25.0,36.0,-91.6,4.7,1.0,131.0,1
D007836,3.7,1003.0,1.49,26.5,0.36,-67.4,-50.2,25.6,46.0,-98.1,3.5,1.0,150.0,0
D007837,4.6,1201.0,0.97,24.0,0.47,-65.1,-49.1,23.7,41.0,-95.8,12.1,1.0,128.0,1
D007838,4.4,1122.0,1.22,35.5,0.43,-61.6,-47.2,23.4,52.0,-99.9,0.8,0.0,116.0,1
D007839,4.3,1117.0,1.16,27.5,0.45,-67.0,-51.1,23.7,39.0,-98.6,7.7,1.0,132.0,1
D007840,5.3,1121.0,0.94,28.5,0.44,-64.6,-51.0,25.0,49.0,-97.3,5.4,0.0,124.0,1
D007841,5.0,1155.0,1.02,28.0,0.49,-65.1,-51.7,25.6,43.0,-93.8,8.1,0.0,123.0,1
D007842,4.5,1222.0,1.08,28.5,0.5,-65.1,-50.6,24.6,42.0,-96.1,,1.0,123.0,1
D007843,6.0,1018.0,1.02,34.5,0.58,-62.8,-51.6,21.0,49.0,-99.2,1.4,1.0,120.0,1
D007844,4.8,1125.0,1.09,32.0,0.49,-64.0,-50.3,24.5,47.0,-96.6,9.2,0.0,136.0,0
D007845,4.8,1196.0,1.12,29.5,0.5,-65.7,-50.3,23.9,42.0,-95.0,7.6,1.0,136.0,1
D007846,4.7,1184.0,1.09,28.5,0.42,-62.9,-49.8,24.0,43.0,-95.9,7.3,1.0,134.0,0
D007847,4.3,1031.0,0.84,32.5,0.32,-68.1,-49.3,24.0,37.0,-96.5,12.4,0.0,118.0,1
D007848,3.2,1215.0,,28.0,0.53,-60.5,-49.4,29.2,35.0,-96.7,9.7,0.0,150.0,0
D007849,4.0,1140.0,1.08,21.0,0.43,-69.0,-54.0,28.2,40.0,-92.5,13.5,1.0,132.0,0
D007850,4.7,1203.0,1.14,30.5,,-65.4,-51.1,24.0,45.0,-96.9,8.8,1.0,136.0,1
D007851,4.6,1143.0,1.16,26.5,0.44,-66.0,-51.2,24.0,38.0,-94.3,10.1,1.0,133.0,1
D007852,3.7,,0.8,34.5,0.68,-65.4,-47.1,21.1,46.0,-94.7,6.1,0.0,116.0,1
D007853,6.2,1028.0,1.25,38.0,0.37,-60.4,-47.6,29.7,48.0,-98.7,12.9,1.0,121.0,0
D007854,4.8,1167.0,1.09,26.5,0.52,-65.8,-50.5,26.3,45.0,-95.7,7.0,0.0,133.0,0
D007855,4.6,1125.0,1.13,33.5,0.5,-64.7,-47.7,24.9,44.0,-94.1,8.5,1.0,125.0,0
D007856,5.2,1221.0,1.18,29.0,0.48,-67.8,-50.1,23.4,44.0,-95.5,9.7,0.0,131.0,1
D007857,4.8,1204.0,1.15,32.0,0.52,-66.8,-51.3,22.5,44.0,-94.9,9.3,1.0,126.0,1
D007858,6.0,1006.0,1.11,27.5,0.69,-69.9,-47.4,23.3,33.0,-90.8,22.2,0.0,132.0,1
D007859,4.7,1018.0,1.16,31.0,0.66,-69.6,-47.8,21.9,32.0,-99.8,18.8,0.0,107.0,0
D007860,5.2,1253.0,1.28,28.0,0.43,-66.2,-53.0,20.6,59.0,-97.4,15.8,1.0,141.0,0
D007861,5.3,1006.0,1.1,37.0,0.65,-65.4,-47.4,26.9,59.0,-93.5,6.7,0.0,109.0,1
D007862,5.4,1263.0,1.13,27.5,0.48,-64.5,-49.2,,45.0,-94.3,,1.0,137.0,1
D007863,4.8,1196.0,1.04,31.0,0.42,-65.9,-49.2,,48.0,-96.5,5.9,0.0,125.0,1
D007864,4.3,1213.0,1.05,28.5,0.47,-67.4,-50.4,21.8,44.0,-95.7,10.2,1.0,122.0,0
D007865,5.1,1164.0,1.15,30.0,0.48,-63.6,-48.5,24.2,40.0,-95.0,10.5,1.0,124.0,0
D007866,4.7,1180.0,1.02,30.5,0.46,,-51.1,22.7,41.0,-96.0,8.8,1.0,139.0,1
D007867,4.8,1202.0,1.14,28.0,0.5,-65.7,-49.7,25.5,47.0,-95.8,10.2,0.0,122.0,1
D007868,4.8,1184.0,1.1,28.0,0.51,-66.1,-50.1,24.0,44.0,-96.9,7.6,0.0,129.0,1
D007869,4.4,1024.0,0.94,28.5,0.59,-64.7,-53.7,23.7,48.0,-97.6,9.7,0.0,133.0,1
D007870,5.0,1114.0,1.0,28.5,0.47,-65.2,-51.2,25.2,44.0,-94.0,13.1,1.0,125.0,1
D007871,5.3,1175.0,1.11,31.5,0.45,-65.7,-48.9,23.1,47.0,-95.2,9.7,1.0,133.0,1
D007872,4.6,1192.0,1.08,26.5,0.5,-66.2,-49.9,24.4,48.0,-95.9,8.5,1.0,124.0,0
D007873,5.1,1270.0,1.0,30.5,0.44,-65.8,-50.2,23.2,41.0,-96.1,9.9,0.0,113.0,1
D007874,5.0,1058.0,0.88,29.0,0.68,-67.0,-50.8,28.2,43.0,-92.9,12.5,0.0,133.0,0
D007875,6.1,1143.0,0.83,22.5,0.37,-66.8,-47.1,29.9,32.0,-99.5,12.7,1.0,116.0,0
D007876,4.6,1156.0,1.02,30.5,0.43,-66.4,-48.7,25.4,41.0,-95.5,11.1,1.0,125.0,1
D007877,4.5,1204.0,1.16,29.5,0.47,-65.6,-49.6,23.5,38.0,-96.5,6.6,0.0,129.0,1
D007878,4.5,1110.0,1.15,26.5,0.47,-66.0,-48.7,23.5,41.0,-96.6,9.6,0.0,139.0,1
D007879,5.0,1156.0,1.02,26.0,0.55,-65.5,-50.3,23.8,46.0,-94.1,9.2,0.0,128.0,1
D007880,6.1,1203.0,1.54,29.0,0.48,-67.5,-51.8,27.5,59.0,-95.0,8.4,1.0,125.0,0
D007881,4.8,1064.0,1.3,25.0,0.33,-66.7,-47.2,25.1,42.0,-99.6,0.9,0.0,104.0,0
D007882,3.1,1223.0,1.12,38.0,0.51,-66.3,-46.1,23.8,41.0,,12.1,1.0,141.0,1
D007883,4.8,1222.0,1.1,30.5,0.5,-65.7,-49.6,24.7,42.0,-94.4,8.7,0.0,127.0,1
D007884,4.5,1217.0,1.1,,0.52,-66.0,-50.4,23.4,42.0,-95.8,5.8,1.0,123.0,1
D007885,5.5,1087.0,1.1,26.5,0.51,-63.3,-51.6,23.5,48.0,-95.4,8.8,0.0,125.0,1
D007886,,1188.0,1.24,32.0,0.44,-65.5,-48.8,23.7,40.0,-93.4,7.4,1.0,119.0,0
D007887,4.9,1154.0,1.36,23.0,0.62,-65.3,-51.9,25.1,59.0,-98.4,3.9,0.0,148.0,1
D007888,4.1,1178.0,1.14,25.5,0.41,-65.0,-49.5,24.5,44.0,-95.8,8.8,1.0,127.0,0
D007889,,1220.0,1.11,31.0,0.44,-66.7,-50.8,26.0,41.0,-95.5,12.9,1.0,135.0,0
D007890,4.8,1214.0,0.99,27.0,,-64.1,-48.9,22.5,46.0,-95.9,,0.0,121.0,0
D007891,4.6,1252.0,1.08,29.5,0.46,-66.4,-50.2,22.3,48.0,-96.0,5.8,1.0,131.0,1
D007892,5.1,1220.0,1.16,27.0,0.43,-66.2,-49.5,24.0,47.0,-96.9,7.5,1.0,128.0,1
D007893,,1205.0,1.45,22.0,0.68,-61.5,-52.4,27.1,50.0,-91.7,20.5,1.0,,0
D007894,3.9,1283.0,1.49,27.5,0.59,-62.9,-48.1,28.3,48.0,-99.3,0.4,1.0,131.0,0
D007895,4.8,1108.0,1.18,26.5,0.49,-66.6,-51.6,23.5,48.0,-95.5,7.7,0.0,130.0,1
D007896,6.3,1144.0,1.54,38.0,0.58,-67.9,-51.9,22.6,34.0,-96.5,18.5,0.0,122.0,1
D007897,5.8,1222.0,1.45,30.5,0.62,-67.9,-52.0,28.1,40.0,-94.0,3.8,0.0,106.0,0
D007898,5.1,1158.0,1.03,29.5,0.47,-65.0,-50.6,23.5,46.0,-95.4,8.3,0.0,132.0,1
D007899,5.1,1131.0,1.01,28.0,0.41,-64.4,-51.0,23.9,45.0,-96.2,9.1,0.0,122.0,1
D007900,4.9,1186.0,1.08,28.0,0.57,-66.1,-48.8,24.9,41.0,-95.6,5.2,0.0,134.0,1
D007901,3.1,1343.0,0.91,27.0,0.4,-62.7,-54.3,21.1,36.0,-93.5,24.0,1.0,115.0,0
D007902,6.0,1003.0,1.02,25.0,0.31,-69.1,-51.5,29.6,55.0,-90.2,5.4,1.0,127.0,0
D007903,4.9,1279.0,1.49,39.5,0.52,-61.4,-46.9,29.8,51.0,-98.6,4.4,1.0,118.0,0
D007904,4.1,1204.0,1.17,29.0,0.53,-65.6,-51.5,23.8,42.0,-95.6,14.5,1.0,129.0,0
D007905,4.9,1177.0,1.19,25.5,0.4,-68.0,-50.2,25.0,39.0,-96.1,5.2,1.0,125.0,1
D007906,6.7,1005.0,0.86,33.5,0.37,-62.1,-45.1,25.8,38.0,-90.8,16.8,0.0,119.0,0
D007907,3.6,1170.0,1.12,33.5,0.37,-66.5,-54.8,27.2,38.0,-97.5,19.3,1.0,143.0,0
D007908,5.4,1137.0,1.24,35.0,0.5,-63.2,-50.3,23.8,44.0,-95.0,5.6,1.0,130.0,1
D007909,4.9,1224.0,1.13,28.5,0.48,-66.3,,24.9,42.0,-96.0,6.8,0.0,128.0,1
D007910,3.7,1118.0,1.45,22.5,0.42,-61.7,-49.4,22.2,44.0,-94.4,17.3,1.0,119.0,0
D007911,4.9,1244.0,0.99,26.0,0.51,-63.4,-48.6,23.3,42.0,-96.5,8.3,1.0,127.0,0
D007912,4.8,1202.0,1.12,,0.46,-67.6,-48.6,25.8,38.0,-94.7,11.4,0.0,133.0,1
D007913,5.0,1169.0,1.22,30.0,0.52,-66.3,-50.8,23.3,45.0,-96.4,10.6,1.0,128.0,1
D007914,4.7,1219.0,1.16,26.5,0.48,-64.8,-48.8,23.7,44.0,-95.7,5.7,1.0,139.0,1
D007915,4.1,1237.0,0.87,26.5,0.48,-67.0,-46.9,29.7,41.0,,6.6,1.0,136.0,0
D007916,,1083.0,1.1,26.0,0.47,-65.0,-47.1,23.3,45.0,-94.0,7.1,0.0,126.0,1
D007917,4.2,1240.0,1.11,32.5,0.5,-64.0,-49.3,23.8,41.0,-95.0,7.2,0.0,116.0,0
D007918,5.2,1245.0,1.11,28.5,0.45,-64.5,-49.9,22.3,48.0,-96.4,9.0,1.0,131.0,1
D007919,,1148.0,1.14,29.0,0.47,-66.5,-49.1,24.4,49.0,-97.0,6.5,0.0,121.0,1
D007920,4.3,1148.0,1.07,27.0,0.47,-66.0,-51.4,24.3,38.0,-96.4,7.1,1.0,125.0,1
D007921,4.3,1209.0,1.09,30.0,0.52,-65.9,-50.8,22.6,44.0,-94.0,12.0,0.0,127.0,1
D007922,3.4,1181.0,1.4,21.5,0.69,-65.3,-53.7,25.4,30.0,-90.6,3.1,1.0,149.0,0
D007923,5.0,1208.0,1.11,26.5,0.45,-64.3,-49.0,23.2,50.0,-96.2,9.9,0.0,124.0,1
D007924,4.5,1221.0,1.05,26.0,0.48,-64.2,-50.2,24.9,42.0,-93.3,11.4,0.0,125.0,1
D007925,5.9,1388.0,1.25,37.5,0.56,-66.3,-54.0,27.2,33.0,-92.8,3.4,1.0,150.0,1
D007926,4.9,,1.06,30.0,0.44,-64.6,-48.4,23.8,45.0,-92.9,7.2,1.0,130.0,1
D007927,4.1,1392.0,1.46,30.5,0.45,,-50.7,27.7,43.0,-92.4,19.3,0.0,105.0,0
D007928,5.0,1274.0,1.04,,0.46,-67.0,-49.9,20.4,,-91.1,20.3,0.0,107.0,0
D007929,3.9,1178.0,1.04,33.5,0.45,-68.7,-54.4,27.7,58.0,-93.6,0.2,1.0,133.0,1
D007930,4.9,1103.0,1.02,28.5,0.48,-65.8,-50.0,25.5,43.0,-93.8,11.1,0.0,136.0,1
D007931,4.3,1204.0,1.12,30.0,0.4,-65.4,-50.5,24.2,42.0,-96.1,15.4,1.0,135.0,1
D007932,4.4,1194.0,1.0,29.0,0.46,-64.1,-49.2,23.6,48.0,-95.3,6.4,0.0,133.0,1
D007933,3.2,1367.0,1.19,27.0,0.61,-67.6,-49.4,26.4,47.0,-99.7,7.5,0.0,105.0,0
D007934,4.9,1105.0,1.14,27.0,0.54,-63.4,-51.2,22.8,47.0,-95.3,7.6,1.0,120.0,1
D007935,3.7,1252.0,1.22,22.5,0.57,-66.9,-52.3,27.3,48.0,-95.8,16.9,1.0,110.0,0
D007936,4.8,1077.0,1.0,26.0,0.42,-66.5,-49.7,23.5,46.0,-96.2,10.0,1.0,122.0,0
D007937,4.7,1195.0,1.01,27.5,0.51,-66.1,-49.9,21.3,43.0,-96.8,5.7,0.0,129.0,1
D007938,4.2,1300.0,1.07,26.0,0.54,-69.1,-46.7,28.6,53.0,-98.0,21.6,1.0,122.0,0
D007939,4.1,1205.0,1.13,29.5,0.46,-65.2,,24.3,41.0,-96.6,7.1,,121.0,1
D007940,4.3,1167.0,1.01,31.5,0.46,-66.9,-49.6,23.0,48.0,-93.2,6.5,0.0,132.0,1
D007941,6.0,1291.0,1.21,32.5,0.32,-63.6,-51.8,25.1,43.0,-91.5,22.5,1.0,127.0,0
D007942,4.9,1213.0,1.09,29.5,0.46,-64.0,-49.6,22.8,44.0,,9.8,1.0,128.0,0
D007943,5.2,1170.0,1.16,,0.45,-63.5,-47.8,23.9,48.0,-94.9,10.6,0.0,130.0,1
D007944,5.4,1171.0,1.14,29.0,0.51,-62.6,-48.9,23.7,46.0,-96.1,7.2,0.0,131.0,1
D007945,3.8,1053.0,1.01,36.0,0.55,-65.7,-47.2,28.3,57.0,-98.9,2.9,1.0,149.0,0
D007946,4.7,1197.0,1.21,28.5,0.46,-64.2,-49.9,23.6,44.0,-94.6,4.9,1.0,122.0,0
D007947,4.3,1142.0,1.12,28.0,0.47,-63.5,-48.8,23.8,45.0,-94.7,11.2,1.0,126.0,0
D007948,5.4,1131.0,1.17,28.5,0.52,-65.5,-50.3,24.7,43.0,-94.2,7.8,1.0,134.0,1
D007949,3.6,1157.0,1.09,29.0,0.55,-61.3,-50.4,22.5,38.0,-98.8,22.5,0.0,121.0,0
D007950,6.2,1366.0,0.8,,0.33,-63.3,-53.3,26.4,55.0,-99.7,19.6,0.0,124.0,1
D007951,5.8,1349.0,0.84,30.5,0.59,-65.8,-48.9,21.2,34.0,-98.8,21.0,1.0,105.0,1
D007952,3.4,1370.0,0.99,30.0,0.34,-66.4,-45.6,26.1,60.0,-92.2,13.2,0.0,125.0,0
D007953,4.8,1154.0,0.97,28.0,0.49,-65.3,-49.8,24.9,46.0,-94.8,10.6,0.0,119.0,1
D007954,3.8,1163.0,1.01,28.5,0.43,-65.1,-50.3,26.0,44.0,-95.3,,0.0,,1
D007955,4.7,1210.0,1.16,26.0,0.56,-65.3,-49.4,23.2,47.0,-95.4,6.9,0.0,139.0,1
D007956,3.3,1101.0,1.46,22.0,0.53,-62.1,-53.0,22.5,48.0,-92.1,19.2,1.0,131.0,0
D007957,4.2,1149.0,1.58,28.0,0.43,-66.6,-47.0,27.8,58.0,-93.3,4.0,0.0,144.0,1
D007958,3.8,1232.0,1.1,30.5,0.42,-63.1,-50.5,22.5,41.0,,11.5,0.0,123.0,1
D007959,,1093.0,1.13,30.0,0.49,-63.6,,24.0,44.0,-93.6,8.8,0.0,130.0,1
D007960,5.1,1246.0,1.11,29.5,0.4,-65.7,-50.9,23.3,45.0,-94.8,13.3,0.0,127.0,1
D007961,5.6,1158.0,1.12,28.0,0.46,-64.2,-51.8,22.9,43.0,-98.0,6.9,1.0,139.0,1
D007962,4.9,1235.0,0.99,29.5,0.45,-64.3,-50.6,25.9,45.0,-96.7,7.4,1.0,124.0,1
D007963,4.7,1147.0,1.16,28.5,0.5,-66.5,-50.8,23.3,46.0,-96.0,12.4,1.0,125.0,1
D007964,4.3,1198.0,1.07,31.0,0.44,-65.7,-50.9,23.1,49.0,-95.4,12.7,0.0,129.0,1
D007965,6.1,1398.0,1.48,22.5,0.44,-61.7,-47.4,22.4,37.0,-93.4,15.1,0.0,107.0,0
D007966,4.6,1187.0,1.2,31.0,0.49,-65.7,-50.2,24.4,42.0,-94.9,11.4,1.0,130.0,1
D007967,4.8,1221.0,0.91,32.0,0.51,-64.9,-50.2,25.6,40.0,-95.9,9.3,1.0,134.0,1
D007968,5.1,1378.0,0.82,23.0,0.66,-60.3,-50.8,25.1,49.0,-98.1,6.5,1.0,144.0,0
D007969,6.8,1287.0,1.46,32.0,0.65,-68.2,-50.0,24.3,45.0,-99.2,7.2,1.0,140.0,1
D007970,5.2,1170.0,1.49,30.5,0.51,-63.5,-53.5,22.2,58.0,-99.8,2.4,0.0,132.0,1
D007971,4.9,1127.0,1.19,28.0,0.48,-64.4,-50.4,25.1,43.0,-95.8,12.0,1.0,122.0,0
D007972,4.5,1237.0,1.06,27.0,0.41,-64.2,-49.6,23.7,,-96.0,4.5,1.0,130.0,1
D007973,4.6,1004.0,1.06,27.0,0.37,-63.8,-51.2,28.4,59.0,-93.2,22.1,0.0,102.0,0
D007974,4.7,1181.0,0.9,36.5,0.64,-60.1,-51.9,21.9,60.0,-91.6,7.4,1.0,110.0,0
D007975,4.7,1198.0,1.0,30.0,0.4,-66.3,-49.8,21.2,46.0,-96.4,7.9,0.0,128.0,1
D007976,5.1,1127.0,1.2,29.5,0.51,-66.6,-50.8,25.3,39.0,-94.4,9.5,0.0,127.0,1
D007977,5.2,1292.0,1.43,38.5,0.53,-69.5,-47.3,28.2,42.0,-95.0,2.8,1.0,139.0,1
D007978,5.6,1162.0,1.14,28.0,0.56,-66.7,-50.2,25.2,44.0,-93.7,9.2,0.0,124.0,1
D007979,5.0,1145.0,1.03,31.5,0.53,-65.2,-52.2,24.2,42.0,-95.5,,1.0,124.0,1
D007980,4.7,1175.0,1.05,28.5,0.52,-65.2,-49.1,22.9,41.0,-96.4,9.2,1.0,126.0,1
D007981,5.3,1160.0,1.23,32.0,0.42,-65.0,-50.2,25.1,39.0,-94.7,10.5,0.0,127.0,1
D007982,4.2,1204.0,1.06,26.0,0.45,-64.2,-50.4,23.9,40.0,-94.8,10.4,0.0,125.0,1
D007983,4.9,1170.0,1.03,31.5,0.44,-64.7,-50.1,22.6,44.0,-95.6,6.8,1.0,124.0,1
D007984,4.2,1198.0,1.08,27.0,0.52,-66.0,-49.9,22.9,50.0,-96.3,12.3,1.0,132.0,1
D007985,4.5,1182.0,1.13,29.5,0.5,-66.9,-49.4,23.6,47.0,-94.2,5.5,0.0,131.0,1
D007986,4.8,1107.0,1.1,31.5,0.39,-65.5,-49.5,22.5,34.0,-97.1,8.8,1.0,126.0,0
D007987,3.1,1043.0,1.59,38.5,0.33,-69.8,-52.4,20.8,55.0,-96.4,23.5,0.0,142.0,0
D007988,3.9,1179.0,1.03,23.5,0.41,-61.7,-52.1,21.0,51.0,-90.2,10.3,0.0,118.0,0
D007989,4.9,1278.0,1.14,27.5,0.42,-64.6,-51.3,23.6,39.0,,9.8,1.0,134.0,0
D007990,4.5,1213.0,0.96,29.5,0.55,-62.8,-51.0,24.5,49.0,-95.5,4.4,1.0,126.0,1
D007991,5.2,1205.0,1.13,31.5,0.48,-64.5,-49.7,24.9,43.0,,10.0,1.0,129.0,1
D007992,6.4,1247.0,1.59,22.5,0.42,-62.7,-50.9,22.1,44.0,-96.6,6.2,0.0,147.0,0
D007993,4.8,1113.0,1.15,26.0,0.51,-64.7,-49.2,24.1,43.0,-95.1,8.8,1.0,139.0,1
D007994,4.7,1300.0,0.99,24.5,0.47,-62.6,-47.2,29.8,56.0,-98.6,7.3,1.0,127.0,0
D007995,4.9,1175.0,1.14,30.5,0.49,-64.9,-50.0,24.6,41.0,-96.1,6.6,0.0,138.0,1
D007996,4.6,1157.0,1.26,27.0,0.44,-67.8,-49.0,23.0,38.0,-94.2,8.7,1.0,126.0,1
D007997,5.2,1217.0,1.25,24.0,0.51,-66.1,-49.1,24.3,43.0,-95.7,9.8,0.0,122.0,1
D007998,4.8,1170.0,1.07,27.0,0.49,-65.8,-50.2,25.5,40.0,-97.6,10.3,0.0,129.0,1
D007999,4.3,1146.0,1.06,30.0,0.52,-64.6,-50.6,23.8,49.0,-96.4,4.9,0.0,121.0,1
