die_id,uv_time,uv_intensity,pin_speed,pin_pressure,pin_height,head_vacuum,pin_vacuum,temperature,humidity,vacuum_status,runtime_hours,tape_type,die_thickness,pickup_success
D000000,4.9,1398.0,1.43,37.5,0.54,-67.7,-51.0,28.7,40.0,-99.6,9.2,1.0,149.0,1
D000001,4.3,1219.0,1.18,27.0,0.47,-66.0,-50.7,22.3,47.0,-96.4,5.2,0.0,129.0,1
D000002,4.4,1156.0,1.14,29.0,0.55,-64.5,-48.9,23.8,45.0,-94.3,8.3,0.0,122.0,1
D000003,7.0,1052.0,1.52,27.5,0.38,-69.8,-46.2,20.5,48.0,-94.1,2.4,0.0,115.0,1
D000004,5.3,1307.0,0.99,40.0,0.34,-67.2,-52.4,24.4,51.0,-93.6,2.9,0.0,141.0,1
D000005,4.9,1249.0,1.08,30.0,0.48,-64.6,-51.2,23.2,44.0,-93.3,8.3,0.0,123.0,1
D000006,5.9,1204.0,1.15,26.5,0.51,-64.6,-53.2,23.5,47.0,-96.5,8.5,0.0,133.0,1
D000007,3.6,1348.0,1.0,33.0,0.48,-64.7,-51.2,29.5,43.0,-92.2,22.2,1.0,142.0,0
D000008,4.7,1177.0,1.05,33.5,0.48,-64.6,-50.9,23.9,46.0,-95.4,10.4,1.0,116.0,1
D000009,5.0,1162.0,1.14,29.5,0.55,-64.5,-51.1,25.0,43.0,-96.0,8.1,0.0,129.0,1
D000010,,1221.0,1.01,32.0,0.47,-66.2,-52.7,23.5,47.0,-94.0,7.0,0.0,133.0,1
D000011,6.0,1203.0,,39.0,0.68,-62.8,-54.2,23.5,46.0,-93.9,5.8,0.0,123.0,1
D000012,4.7,1246.0,1.04,29.5,0.45,-64.9,-50.1,,49.0,-95.4,7.4,,126.0,1
D000013,4.4,1200.0,1.07,31.0,0.5,-65.0,-50.1,21.9,44.0,-96.2,10.7,1.0,127.0,1
D000014,5.3,1190.0,1.24,25.5,0.47,-66.3,-49.3,22.9,43.0,-95.4,,0.0,128.0,1
D000015,5.1,1236.0,0.91,31.5,0.47,-64.8,-50.3,23.6,45.0,-93.5,6.7,1.0,136.0,1
D000016,5.5,1168.0,1.16,27.5,0.56,-65.6,-48.6,23.1,43.0,-94.9,12.6,0.0,120.0,0
D000017,3.7,1358.0,1.6,37.5,0.3,-66.6,-51.2,25.1,40.0,-91.9,3.6,0.0,109.0,0
D000018,4.7,1215.0,1.16,30.0,0.45,-65.5,-50.0,22.5,40.0,-94.9,12.3,1.0,132.0,1
D000019,4.7,1145.0,0.97,26.0,0.5,-66.3,-49.3,24.3,43.0,-95.7,12.6,0.0,122.0,1
D000020,7.0,1323.0,1.02,34.0,0.6,-60.3,-49.3,24.8,46.0,-97.6,7.2,1.0,145.0,1
D000021,5.4,1319.0,1.16,25.0,0.62,-62.9,-50.8,22.8,60.0,-93.9,18.1,1.0,116.0,0
D000022,4.2,1231.0,1.22,29.5,0.41,-65.5,-48.7,21.8,42.0,-95.8,9.1,0.0,135.0,1
D000023,6.4,1150.0,1.55,24.5,0.69,-60.4,-54.1,29.4,38.0,-99.2,0.4,0.0,145.0,0
D000024,6.6,1252.0,0.88,30.0,0.49,-68.0,-53.5,21.1,49.0,-91.2,23.9,1.0,150.0,1
D000025,5.8,1100.0,1.02,32.0,0.46,-64.1,-51.1,29.8,50.0,-95.2,23.6,1.0,106.0,0
D000026,5.1,1106.0,1.26,28.0,0.49,-64.4,-47.5,24.7,43.0,-95.4,7.2,0.0,127.0,1
D000027,6.8,1085.0,1.36,21.5,0.68,-61.2,-50.8,21.2,57.0,-99.5,22.5,0.0,116.0,0
D000028,4.1,1277.0,0.87,33.0,0.59,-66.2,-46.2,22.6,36.0,-94.6,22.1,0.0,144.0,1
D000029,4.6,1227.0,1.09,31.5,0.5,-65.7,-50.1,22.0,43.0,-96.0,6.5,0.0,130.0,0
D000030,6.0,1188.0,0.85,33.5,0.37,-65.4,-46.7,25.2,34.0,-95.7,,1.0,149.0,1
D000031,3.7,1199.0,1.07,33.0,0.36,-67.0,-48.4,21.4,52.0,-92.7,19.2,,108.0,0
D000032,4.8,1298.0,1.35,21.5,0.7,-64.4,-53.3,23.9,44.0,-97.6,6.1,0.0,118.0,0
D000033,4.6,1245.0,0.82,22.5,0.47,-61.7,-50.4,25.0,35.0,-94.3,17.2,1.0,110.0,0
D000034,5.6,1161.0,1.39,27.0,0.61,-66.5,-47.8,21.1,54.0,-97.2,18.8,1.0,104.0,0
D000035,3.2,1320.0,0.84,40.0,0.52,-62.4,-49.8,27.3,36.0,-98.6,0.7,0.0,141.0,1
D000036,6.3,1164.0,1.13,38.0,0.45,-61.2,-48.6,22.3,32.0,-99.4,9.7,1.0,114.0,1
D000037,4.2,1137.0,1.24,30.0,0.51,-66.1,-50.3,22.8,39.0,-96.4,8.9,0.0,132.0,1
D000038,6.8,1048.0,1.07,,0.59,-61.9,-50.5,29.6,49.0,-98.3,9.8,0.0,130.0,0
D000039,5.9,1204.0,1.21,30.0,0.45,-65.6,-49.2,24.8,44.0,-95.4,7.6,0.0,129.0,1
D000040,6.3,1067.0,0.88,27.0,,-68.7,-49.0,24.5,58.0,-91.9,14.1,,134.0,1
D000041,3.2,1318.0,0.93,33.5,0.6,-67.6,-46.0,24.6,53.0,-97.2,9.0,1.0,119.0,0
D000042,5.1,1196.0,1.11,28.0,0.54,-66.5,-50.5,23.6,48.0,-95.1,9.1,1.0,121.0,1
D000043,4.9,1186.0,1.12,33.0,0.5,-65.0,-50.0,24.5,44.0,-94.4,9.9,0.0,137.0,1
D000044,5.1,1172.0,1.01,25.5,0.51,-65.9,-48.6,25.1,43.0,-94.8,7.2,1.0,134.0,1
D000045,5.8,1238.0,1.37,39.0,0.68,-69.7,-47.0,24.5,35.0,-93.2,8.8,1.0,128.0,1
D000046,4.6,1057.0,1.28,21.5,0.67,-61.5,-46.8,29.1,32.0,-98.8,6.9,1.0,138.0,0
D000047,4.4,1131.0,1.23,27.0,0.49,-66.0,-50.2,21.9,46.0,-94.1,3.4,1.0,125.0,0
D000048,6.7,1030.0,1.04,29.0,0.32,-62.3,-53.1,29.2,48.0,-91.2,22.5,1.0,115.0,0
D000049,5.2,1134.0,1.0,27.0,0.43,-66.2,-48.7,23.9,45.0,-95.1,9.7,0.0,126.0,1
D000050,4.3,1358.0,0.82,24.5,0.43,-65.0,-47.4,25.6,42.0,-92.0,21.3,0.0,121.0,0
D000051,4.9,1142.0,1.13,27.5,0.56,-65.6,-50.8,24.2,47.0,-94.8,8.6,1.0,125.0,1
D000052,4.8,1151.0,1.01,26.5,0.47,-63.6,-50.5,23.3,46.0,-96.4,7.9,1.0,134.0,1
D000053,5.1,1198.0,,28.0,0.42,-66.1,-49.3,23.9,40.0,-97.0,5.8,1.0,127.0,1
D000054,3.8,1168.0,1.18,31.5,0.42,-64.7,-49.4,24.8,47.0,-96.5,6.0,1.0,129.0,1
D000055,3.9,1280.0,1.14,29.0,0.59,-61.6,-52.5,24.5,41.0,-96.5,10.5,1.0,145.0,1
D000056,3.5,1366.0,1.15,38.0,0.42,-61.9,-47.0,27.1,53.0,-97.5,14.6,1.0,131.0,0
D000057,4.8,1196.0,0.94,30.5,0.48,-65.0,-50.1,24.8,47.0,-96.4,5.8,1.0,124.0,1
D000058,6.3,1079.0,1.44,25.0,0.59,-63.6,-54.2,27.0,33.0,-92.0,23.4,1.0,111.0,0
D000059,4.8,1198.0,1.06,28.0,0.48,-67.0,-50.3,23.6,,-97.3,,0.0,128.0,1
D000060,4.8,1141.0,1.14,26.5,0.49,-64.8,-50.9,23.8,49.0,-95.8,9.7,0.0,134.0,1
D000061,3.2,1353.0,0.9,24.0,0.59,-69.0,-49.2,24.9,52.0,-91.7,16.6,0.0,120.0,0
D000062,5.1,1206.0,1.09,29.5,0.56,-66.7,-51.0,24.4,44.0,-94.6,7.9,1.0,120.0,1
D000063,4.4,1137.0,1.26,28.5,0.63,-64.9,-50.4,27.2,33.0,-98.1,16.2,1.0,126.0,0
D000064,5.4,1228.0,1.41,24.5,0.43,-61.4,-51.1,26.4,45.0,-93.1,4.3,0.0,101.0,0
D000065,5.4,1206.0,1.23,26.5,0.48,-66.4,-51.6,24.1,48.0,-95.8,14.4,1.0,130.0,1
D000066,4.6,1265.0,1.02,26.5,0.46,-65.2,-48.4,23.8,43.0,,12.6,1.0,125.0,0
D000067,3.9,1307.0,0.93,33.5,0.64,-68.1,-54.7,29.2,48.0,-92.0,12.5,0.0,109.0,0
D000068,5.1,1283.0,1.15,29.5,0.47,-64.3,-48.9,25.5,46.0,-96.2,8.3,1.0,122.0,1
D000069,4.6,1168.0,1.13,28.5,0.46,-64.3,-49.6,23.0,40.0,-95.3,8.5,1.0,129.0,1
D000070,3.6,1231.0,1.03,22.0,0.46,-63.6,-50.7,24.1,36.0,-97.0,14.5,1.0,140.0,0
D000071,4.8,1220.0,1.14,29.5,0.44,-64.0,-50.7,24.1,47.0,-96.3,9.8,1.0,127.0,0
D000072,4.9,1192.0,1.01,25.0,0.42,-67.0,-51.7,24.6,46.0,-95.5,10.3,1.0,135.0,0
D000073,5.8,1143.0,1.06,32.5,0.47,-68.4,-49.8,26.0,33.0,-93.7,1.6,0.0,122.0,1
D000074,6.8,1100.0,1.23,22.5,0.32,-66.9,-51.3,24.0,41.0,-93.5,3.6,1.0,123.0,1
D000075,3.4,1299.0,1.5,34.5,0.52,-68.6,-54.7,29.0,43.0,-91.8,18.0,1.0,144.0,0
D000076,4.6,1240.0,1.16,31.0,0.47,-66.2,-51.8,23.5,42.0,-94.9,8.0,1.0,118.0,1
D000077,5.4,1193.0,1.23,30.5,0.43,-65.8,-49.1,24.3,45.0,-95.6,13.7,1.0,125.0,1
D000078,4.9,1166.0,1.15,29.0,0.47,-65.1,-50.1,23.0,42.0,-94.6,8.5,1.0,133.0,1
D000079,3.5,1133.0,1.11,36.5,0.59,-63.2,-49.3,21.6,52.0,-90.5,11.1,0.0,121.0,1
D000080,3.5,1189.0,1.06,37.0,0.33,-68.1,-47.2,29.4,34.0,-90.9,3.3,1.0,118.0,0
D000081,4.7,1193.0,1.29,29.0,0.5,-63.7,-51.9,27.7,47.0,-94.1,13.1,0.0,122.0,0
D000082,4.3,1215.0,0.99,29.5,0.48,-65.9,-51.4,24.0,41.0,-96.1,4.5,0.0,134.0,1
D000083,4.9,1145.0,1.13,28.5,0.48,-66.3,-49.6,23.8,50.0,-94.7,7.3,0.0,127.0,1
D000084,4.9,1104.0,1.21,29.0,0.47,-63.8,-49.5,22.9,44.0,-96.0,9.5,1.0,128.0,0
D000085,,1224.0,1.16,25.0,0.45,-67.6,-50.4,,42.0,-95.5,8.4,0.0,128.0,1
D000086,3.7,1299.0,1.05,29.0,0.51,-64.6,-52.7,,45.0,-97.6,7.6,0.0,146.0,1
D000087,5.3,1202.0,1.47,21.0,0.61,-62.1,-47.3,24.4,36.0,-90.3,22.3,0.0,106.0,0
D000088,7.0,1132.0,1.35,30.0,0.33,-63.2,-51.4,23.5,41.0,-91.4,18.8,0.0,115.0,0
D000089,4.9,1246.0,1.03,30.0,0.48,-65.5,-50.1,24.8,38.0,-96.8,3.8,0.0,134.0,1
D000090,4.7,1140.0,1.12,29.5,0.45,-65.9,-50.9,24.6,43.0,-94.5,7.7,1.0,127.0,1
D000091,4.9,1130.0,1.19,26.5,0.52,-66.4,-49.2,22.5,43.0,-96.8,8.3,1.0,130.0,1
D000092,5.1,1148.0,1.04,28.5,0.48,-66.1,-49.1,24.4,43.0,-96.9,,1.0,128.0,1
D000093,5.6,1161.0,1.11,28.0,0.54,-65.4,-50.3,23.3,48.0,-94.3,5.6,0.0,126.0,1
D000094,4.3,1224.0,1.08,20.5,0.58,-68.2,-46.2,26.0,49.0,-95.9,7.0,0.0,111.0,0
D000095,5.0,1255.0,1.14,32.5,0.52,-63.6,-49.9,24.0,38.0,-95.2,5.1,1.0,132.0,1
D000096,4.8,1193.0,0.98,30.0,0.47,-65.7,-50.3,24.4,42.0,-95.5,5.5,0.0,134.0,1
D000097,5.0,1174.0,1.18,31.0,0.45,-65.7,-49.3,25.4,50.0,-95.9,8.4,1.0,,1
D000098,4.1,1185.0,1.22,29.0,0.49,-65.2,-52.0,24.1,43.0,-95.7,10.6,0.0,119.0,1
D000099,4.9,1327.0,1.2,,0.62,-69.2,-47.9,26.6,55.0,-95.6,18.3,1.0,132.0,0
D000100,5.3,1233.0,1.04,30.5,0.47,-65.3,-50.4,21.4,49.0,-96.3,9.2,1.0,129.0,1
D000101,5.8,1086.0,0.95,25.0,0.52,-62.8,-47.1,20.3,49.0,-94.0,15.3,0.0,150.0,0
D000102,5.0,1203.0,1.12,27.0,0.53,-65.7,-50.6,24.0,40.0,-95.6,10.3,1.0,123.0,1
D000103,3.6,1256.0,1.18,30.5,0.49,-66.1,-49.1,24.9,51.0,-92.4,21.7,1.0,123.0,0
D000104,5.1,1187.0,1.06,30.0,0.52,-65.6,-50.3,24.7,44.0,-97.4,9.9,0.0,128.0,1
D000105,4.8,1221.0,1.05,27.5,0.51,-65.7,-50.8,22.4,45.0,-95.8,11.0,0.0,138.0,1
D000106,4.1,1218.0,0.86,32.0,0.62,-61.0,-45.0,25.6,31.0,-91.8,4.3,0.0,123.0,0
D000107,3.6,1142.0,1.12,,0.47,-65.7,-49.9,23.1,46.0,-95.1,8.9,1.0,119.0,0
D000108,6.2,1066.0,1.25,33.5,0.66,-68.1,-50.6,22.3,49.0,-97.7,7.5,1.0,139.0,1
D000109,4.4,1171.0,0.88,26.5,0.45,-63.3,-50.6,25.3,45.0,-94.4,10.7,0.0,126.0,1
D000110,4.8,1188.0,1.06,29.5,0.55,-65.6,-49.5,23.1,43.0,-96.1,13.7,1.0,129.0,1
D000111,6.9,1396.0,1.51,21.0,0.39,-62.3,-52.6,23.7,42.0,-98.5,4.2,0.0,118.0,1
D000112,5.1,1192.0,1.16,,0.53,-66.9,-50.5,23.0,38.0,-96.1,14.3,1.0,135.0,0
D000113,4.4,1211.0,1.15,26.5,0.52,-65.9,-49.3,25.2,42.0,-95.5,10.1,0.0,130.0,1
D000114,4.4,1175.0,1.32,29.0,0.45,-66.2,-49.6,24.6,48.0,-95.5,11.6,0.0,117.0,1
D000115,4.6,1222.0,0.88,29.5,0.53,-64.8,-50.8,24.4,43.0,-96.3,7.3,1.0,130.0,1
D000116,6.1,1270.0,0.82,36.0,0.61,-68.3,-54.8,22.7,56.0,-93.2,22.7,1.0,143.0,1
D000117,5.4,1325.0,1.21,37.5,0.35,-69.2,-53.6,26.1,32.0,-93.6,0.5,0.0,104.0,1
D000118,3.9,1157.0,1.19,25.5,0.52,-65.4,-47.9,24.3,45.0,-96.2,12.5,1.0,128.0,0
D000119,4.8,1235.0,1.16,,0.5,-66.3,-48.6,23.5,46.0,-95.5,5.3,0.0,129.0,1
D000120,3.2,1147.0,1.47,34.5,0.54,-69.5,,27.0,36.0,-98.9,,0.0,115.0,1
D000121,5.5,1219.0,1.1,28.0,0.47,-66.6,-48.7,24.3,47.0,-94.3,13.2,1.0,134.0,1
D000122,4.8,1175.0,0.94,29.5,0.5,-63.4,-50.3,23.6,41.0,-95.3,7.9,1.0,125.0,1
D000123,4.7,1190.0,1.13,28.5,0.53,-66.4,-48.9,24.3,46.0,-95.7,10.9,0.0,125.0,1
D000124,5.1,1156.0,1.05,27.5,0.47,-66.7,-50.6,24.1,42.0,-95.1,7.3,0.0,134.0,1
D000125,4.8,1225.0,1.15,39.5,0.54,-65.8,-47.7,20.9,56.0,-93.0,1.6,1.0,142.0,1
D000126,5.0,1322.0,1.0,29.5,0.55,-60.8,-48.7,21.2,32.0,-94.8,5.9,1.0,112.0,0
D000127,3.8,1219.0,1.19,23.5,0.46,-65.1,-48.8,24.6,47.0,-94.7,13.7,1.0,132.0,0
D000128,6.8,1316.0,1.31,21.0,0.4,-65.6,-46.3,27.7,45.0,-90.1,20.4,0.0,149.0,0
D000129,4.9,1211.0,1.25,27.0,0.5,-66.7,-48.9,23.8,41.0,-96.5,11.1,0.0,134.0,1
D000130,5.4,1003.0,1.3,20.5,0.31,-66.9,-54.2,26.6,46.0,-90.1,6.4,1.0,144.0,0
D000131,5.4,1180.0,1.16,31.5,0.47,-65.3,-51.4,23.0,44.0,-96.0,11.2,0.0,141.0,1
D000132,4.5,1161.0,1.22,32.0,0.51,-67.0,-49.1,23.7,45.0,-95.6,,1.0,134.0,1
D000133,4.4,1186.0,1.21,27.0,0.46,-65.1,-48.8,24.4,43.0,-97.0,11.4,0.0,122.0,1
D000134,5.1,1099.0,1.09,25.5,0.5,,-50.7,23.1,43.0,-95.0,9.6,1.0,139.0,1
D000135,4.1,1156.0,1.07,30.0,0.47,-65.4,-49.1,23.7,43.0,-95.5,11.5,1.0,135.0,1
D000136,3.7,1203.0,1.11,30.0,0.55,-65.3,-49.7,23.2,42.0,-95.9,7.1,1.0,129.0,1
D000137,5.2,1201.0,1.09,30.0,0.55,-65.9,-50.8,23.7,52.0,-96.0,11.7,0.0,122.0,1
D000138,5.3,1210.0,1.13,27.5,0.42,-63.5,-49.8,25.4,41.0,-95.3,7.3,1.0,127.0,0
D000139,4.4,1213.0,1.11,29.5,0.47,-65.1,-50.6,23.8,46.0,-97.0,7.7,1.0,124.0,1
D000140,5.2,1278.0,1.0,29.5,0.45,-65.5,-50.5,23.5,48.0,-96.1,9.7,0.0,129.0,1
D000141,4.9,1244.0,0.94,23.5,0.44,-65.8,-48.6,24.1,45.0,-96.9,10.7,1.0,123.0,1
D000142,5.7,1094.0,1.55,26.5,0.49,-61.3,-46.7,20.2,31.0,-96.8,11.1,1.0,133.0,0
D000143,5.1,1237.0,1.16,34.5,0.39,-64.4,-50.8,25.6,49.0,-97.1,11.9,1.0,128.0,1
D000144,3.0,1387.0,1.01,35.0,0.34,-64.6,-45.3,27.2,41.0,-98.8,7.6,1.0,119.0,0
D000145,5.4,1165.0,1.12,30.0,0.49,-65.5,-48.8,23.2,46.0,-95.3,12.3,1.0,126.0,1
D000146,4.9,1174.0,1.03,28.0,0.46,-63.7,-50.7,24.9,51.0,-96.3,10.7,1.0,124.0,0
D000147,5.2,1251.0,1.19,28.5,0.51,-64.2,-49.4,24.8,46.0,-95.0,9.6,0.0,124.0,1
D000148,4.7,1326.0,1.02,34.0,0.69,-69.3,-52.1,22.4,,-95.5,20.5,1.0,105.0,0
D000149,5.5,1179.0,1.04,29.5,0.44,-65.6,-50.1,22.7,41.0,-95.9,12.5,1.0,119.0,1
D000150,5.0,1023.0,1.28,27.0,0.56,-66.0,-50.9,22.6,43.0,-96.6,22.0,0.0,101.0,0
D000151,5.7,1191.0,1.05,28.0,0.54,-62.8,-50.8,23.5,46.0,-95.2,11.7,0.0,136.0,1
D000152,4.7,1175.0,1.14,28.5,0.44,-65.7,-49.1,22.6,39.0,-96.8,8.7,0.0,123.0,1
D000153,4.2,1167.0,1.4,31.5,0.57,-61.7,-47.7,24.9,47.0,-92.2,17.1,1.0,142.0,0
D000154,4.1,1031.0,1.23,27.5,0.64,-66.5,-53.9,29.0,52.0,-98.3,19.5,0.0,141.0,0
D000155,5.4,1057.0,1.59,39.0,0.31,-69.2,-52.2,25.9,30.0,-94.9,11.1,1.0,,0
D000156,5.7,1254.0,1.06,30.0,0.5,-67.8,-49.3,22.3,51.0,-95.6,9.1,0.0,134.0,1
D000157,5.0,1176.0,1.14,28.5,0.5,-64.7,-50.4,23.7,47.0,-95.6,7.5,0.0,130.0,1
D000158,5.3,1224.0,1.14,30.0,0.47,-66.9,-51.5,26.6,50.0,-93.5,5.7,1.0,128.0,0
D000159,4.8,1222.0,1.1,28.5,0.49,-66.6,-52.5,23.2,47.0,-94.4,10.7,,123.0,1
D000160,5.1,1172.0,1.12,30.0,0.51,-64.6,-51.3,26.0,45.0,-95.4,8.4,0.0,130.0,1
D000161,5.0,1305.0,1.01,33.0,0.65,-61.6,-45.8,26.2,51.0,-93.7,23.2,0.0,119.0,0
D000162,5.1,1149.0,1.16,30.0,0.45,-65.7,-49.6,22.7,43.0,-95.9,8.5,1.0,132.0,1
D000163,5.4,1126.0,1.23,28.0,0.49,-65.0,-49.7,24.3,46.0,-93.3,7.0,0.0,136.0,1
D000164,5.4,1281.0,1.12,30.0,0.44,-66.4,-49.6,25.4,48.0,-95.8,10.9,0.0,122.0,1
D000165,4.8,1212.0,1.18,31.0,0.46,-67.7,-49.5,24.8,43.0,-96.4,10.0,1.0,128.0,1
D000166,4.6,1274.0,1.02,28.5,0.41,-64.7,-50.1,23.3,39.0,-95.7,10.7,0.0,129.0,1
D000167,5.3,1134.0,1.13,31.0,0.53,-65.6,-48.3,24.2,40.0,-94.9,5.3,0.0,125.0,1
D000168,4.2,1248.0,1.18,26.5,0.48,-65.1,-49.4,24.2,45.0,-96.4,10.7,1.0,127.0,0
D000169,4.7,1213.0,1.25,31.0,0.47,-66.3,-48.4,22.8,47.0,-94.5,9.9,1.0,124.0,0
D000170,3.9,1167.0,1.24,30.5,0.47,,-49.6,22.1,50.0,-95.9,6.0,0.0,130.0,1
D000171,4.8,1195.0,1.07,27.5,0.5,-64.2,-50.1,23.6,49.0,-95.6,9.9,0.0,124.0,1
D000172,4.5,1246.0,1.04,30.0,0.39,-66.4,-50.4,24.2,43.0,-95.6,13.8,0.0,127.0,1
D000173,4.3,1127.0,0.93,30.5,0.55,-64.5,-49.5,23.0,43.0,-94.3,8.6,0.0,126.0,1
D000174,,1140.0,1.2,28.0,0.48,-68.0,-50.1,25.1,44.0,-97.4,9.6,1.0,127.0,1
D000175,5.2,1233.0,1.0,28.5,0.52,-66.4,-50.1,22.1,43.0,-94.2,6.8,1.0,129.0,1
D000176,4.6,1196.0,,30.0,0.52,-65.7,-48.9,23.3,46.0,-95.6,12.6,0.0,124.0,1
D000177,6.7,1269.0,1.5,40.0,0.42,-63.4,-52.3,27.0,47.0,-96.3,7.0,1.0,,1
D000178,3.8,1194.0,1.12,26.0,0.42,-66.2,-48.6,24.5,42.0,-96.0,8.9,1.0,127.0,0
D000179,6.6,1089.0,1.15,35.5,0.52,-66.4,-47.5,28.6,60.0,-94.8,11.1,1.0,111.0,1
D000180,5.5,1183.0,0.98,28.0,0.49,-66.5,-50.5,25.4,43.0,-96.2,3.8,0.0,127.0,1
D000181,3.1,1087.0,,20.0,0.3,-62.3,-48.0,20.2,33.0,-100.0,21.1,0.0,108.0,0
D000182,4.3,1216.0,1.06,29.0,0.44,-66.8,-48.7,21.7,44.0,-95.1,10.1,0.0,128.0,1
D000183,5.1,1147.0,0.95,30.0,0.48,-65.8,-49.9,24.0,47.0,-95.9,14.2,1.0,128.0,1
D000184,5.5,1336.0,1.2,34.5,0.53,-61.5,-53.8,25.0,42.0,-96.8,13.9,0.0,131.0,1
D000185,5.2,1107.0,1.09,30.0,0.47,-64.3,-49.8,24.2,45.0,,7.0,0.0,123.0,1
D000186,6.5,1159.0,0.84,37.0,0.56,-60.8,-48.6,25.2,37.0,-90.5,1.5,1.0,102.0,1
D000187,6.8,1067.0,0.99,36.0,0.35,-66.6,-45.9,21.8,35.0,-91.6,19.9,0.0,113.0,0
D000188,4.1,1276.0,1.14,34.5,0.52,-64.9,-49.9,22.3,44.0,-96.2,11.2,1.0,124.0,1
D000189,4.3,1181.0,1.1,27.0,0.46,-66.6,-50.1,25.6,44.0,-95.2,12.4,0.0,130.0,1
D000190,3.9,1131.0,1.2,25.5,0.48,-66.2,-49.7,24.1,42.0,-95.4,4.7,0.0,130.0,1
D000191,4.3,1190.0,1.08,27.5,0.51,-64.8,-47.8,22.5,48.0,-95.3,7.4,1.0,125.0,1
D000192,5.1,1354.0,1.07,29.5,,,-45.2,21.2,54.0,-90.4,11.9,0.0,150.0,0
D000193,6.1,1297.0,1.56,28.5,0.57,-64.0,-48.9,22.0,40.0,-93.3,,0.0,111.0,0
D000194,5.0,1129.0,1.02,28.5,0.43,-66.3,-49.5,23.8,46.0,-96.0,9.9,1.0,128.0,1
D000195,4.8,1111.0,1.14,27.5,0.57,-64.6,-47.3,25.2,44.0,-96.0,6.9,1.0,127.0,0
D000196,4.6,1167.0,1.17,29.0,0.46,-66.8,,25.5,45.0,-95.9,9.4,1.0,132.0,1
D000197,4.5,1149.0,1.13,29.0,0.45,-65.6,-49.3,24.3,41.0,-94.1,9.8,0.0,135.0,0
D000198,4.9,1187.0,1.09,30.0,0.52,-66.8,-50.6,22.0,49.0,-96.3,11.9,0.0,130.0,1
D000199,4.5,1088.0,1.1,28.5,0.5,-66.4,-50.4,25.2,37.0,-96.2,6.4,1.0,137.0,1
D000200,5.1,1215.0,1.16,29.0,0.54,-64.9,-49.1,24.4,41.0,-95.2,11.4,1.0,130.0,1
D000201,4.1,1213.0,1.37,36.0,0.4,-64.8,-52.8,25.4,42.0,-96.5,9.4,1.0,102.0,0
D000202,5.1,1188.0,1.13,30.5,0.48,-67.4,,24.1,48.0,-95.2,8.2,0.0,119.0,1
D000203,5.1,1239.0,1.19,27.0,0.6,-67.3,-45.9,23.0,54.0,-91.8,20.6,0.0,129.0,0
D000204,4.7,1183.0,1.15,29.5,0.53,-64.4,-49.0,24.7,44.0,-96.8,8.8,0.0,125.0,1
D000205,6.4,1303.0,1.07,22.5,0.66,-63.2,-48.7,29.2,38.0,-97.8,23.2,1.0,122.0,0
D000206,5.2,1181.0,1.2,32.5,0.56,-66.7,-49.8,25.2,43.0,-95.5,9.2,1.0,133.0,1
D000207,5.0,1159.0,1.14,31.5,0.4,-65.3,-52.7,25.2,48.0,-96.3,10.6,1.0,126.0,1
D000208,5.4,1225.0,1.02,33.0,0.54,-64.8,-51.3,23.9,47.0,-95.2,4.5,0.0,126.0,1
D000209,3.6,1175.0,1.43,39.5,0.55,-68.1,-55.0,26.6,41.0,-96.1,6.9,1.0,138.0,1
D000210,4.9,1153.0,1.05,25.5,0.52,-66.7,-50.9,23.4,46.0,-96.5,8.7,0.0,129.0,1
D000211,6.6,1007.0,0.94,23.0,0.65,-63.4,-53.2,21.5,46.0,-98.8,14.9,0.0,145.0,1
D000212,4.5,1164.0,1.07,27.0,0.44,-63.1,-50.5,23.1,44.0,-95.9,5.8,1.0,136.0,1
D000213,3.7,1089.0,0.8,29.0,0.37,-60.2,-54.2,23.3,38.0,-93.0,19.2,0.0,136.0,0
D000214,4.5,1190.0,0.94,27.5,0.47,-64.3,-48.8,24.4,48.0,-95.5,8.2,0.0,131.0,1
D000215,5.1,1183.0,0.87,28.0,0.46,-68.1,-47.5,22.3,58.0,-94.0,21.0,0.0,134.0,0
D000216,4.4,1248.0,1.33,36.5,0.68,-69.9,-47.3,28.6,45.0,-91.1,15.1,0.0,132.0,0
D000217,4.8,1208.0,1.01,29.5,0.47,-65.4,-50.2,24.4,42.0,-95.4,10.2,0.0,118.0,1
D000218,6.2,1153.0,0.81,36.5,0.62,-63.8,-52.0,20.8,59.0,-97.2,12.9,1.0,145.0,1
D000219,,1197.0,1.11,30.0,0.46,-64.5,-49.3,22.3,40.0,-96.9,9.2,1.0,125.0,1
D000220,4.9,1187.0,1.16,28.5,0.49,-65.2,-50.3,24.1,48.0,-93.9,9.4,1.0,131.0,0
D000221,5.2,1147.0,1.03,28.0,0.55,-65.0,-49.4,24.9,41.0,-96.3,11.5,0.0,136.0,1
D000222,5.8,1391.0,1.08,39.0,0.4,-68.8,-50.1,24.3,,-98.3,24.0,1.0,110.0,1
D000223,4.5,1123.0,1.08,28.0,0.51,-64.9,-49.9,25.6,48.0,-94.3,9.3,0.0,128.0,1
D000224,4.1,1195.0,0.98,32.0,0.43,-66.6,-50.4,23.2,36.0,-96.5,11.8,0.0,130.0,1
D000225,5.8,1128.0,1.43,36.5,0.51,-61.1,-46.6,27.7,30.0,-92.9,,0.0,118.0,0
D000226,5.1,1207.0,1.11,28.5,0.53,-66.4,-51.4,24.4,40.0,-96.7,8.3,0.0,134.0,1
D000227,4.4,1202.0,1.14,31.0,0.48,-63.9,-50.7,,47.0,-96.0,7.2,1.0,126.0,0
D000228,5.4,1348.0,1.3,33.0,0.53,,-48.9,20.4,51.0,-91.8,14.8,1.0,145.0,0
D000229,6.0,1172.0,1.51,20.0,,-65.2,-49.1,23.2,47.0,-95.3,10.2,0.0,145.0,1
D000230,4.7,1136.0,1.0,31.5,0.5,-65.8,-51.5,23.0,48.0,-94.6,12.5,0.0,134.0,1
D000231,4.7,1121.0,1.16,28.5,0.45,-64.7,-49.6,23.9,44.0,-96.9,10.8,0.0,126.0,0
D000232,5.3,1202.0,1.06,28.0,0.56,-65.4,-49.8,24.3,46.0,-95.7,12.7,1.0,132.0,1
D000233,4.4,1119.0,0.98,24.0,0.4,-60.1,-45.5,23.7,60.0,-93.9,6.7,0.0,137.0,0
D000234,5.5,1205.0,1.02,28.5,0.55,-66.9,-49.7,23.7,48.0,-96.0,5.5,1.0,132.0,1
D000235,4.5,1084.0,1.12,31.0,0.52,-65.1,-49.2,23.9,47.0,-98.0,6.6,1.0,127.0,1
D000236,6.9,1020.0,1.21,39.0,0.58,-69.3,-48.0,21.1,47.0,-92.9,16.1,0.0,140.0,1
D000237,5.2,1223.0,1.07,31.5,0.57,-65.7,-50.0,23.9,48.0,-96.2,7.5,0.0,124.0,1
D000238,4.9,1196.0,1.1,30.5,0.54,-66.7,-50.1,22.5,44.0,-94.2,9.1,0.0,134.0,1
D000239,5.1,1176.0,,29.0,0.51,-65.2,-49.8,23.9,47.0,-96.9,8.8,0.0,132.0,1
D000240,4.8,1156.0,1.03,31.0,0.49,-66.2,-48.2,23.1,49.0,-95.4,8.4,0.0,128.0,1
D000241,4.7,1215.0,1.04,32.0,0.43,-66.6,-50.2,24.4,44.0,-94.6,8.6,1.0,130.0,1
D000242,5.4,1251.0,1.26,27.0,0.41,-63.4,-49.9,24.6,42.0,-93.1,5.7,0.0,131.0,1
D000243,4.3,1346.0,1.46,37.5,0.58,-65.1,-54.1,26.1,45.0,-100.0,8.2,1.0,135.0,1
D000244,3.8,1371.0,1.38,38.0,0.67,-62.7,-54.0,24.6,47.0,-90.1,15.5,0.0,149.0,1
D000245,4.5,1139.0,1.0,30.0,0.43,-65.7,-49.2,23.8,47.0,-95.9,1.9,1.0,125.0,0
D000246,4.9,1123.0,1.1,28.5,0.52,-64.0,-50.7,22.1,42.0,-96.1,11.7,0.0,127.0,1
D000247,4.7,1038.0,1.4,38.5,0.56,-62.4,-47.0,23.1,59.0,-97.7,13.9,1.0,144.0,0
D000248,5.2,1128.0,1.22,28.0,0.46,-64.9,-50.4,24.3,41.0,-96.9,12.5,1.0,131.0,1
D000249,4.6,1160.0,1.16,28.5,0.53,-64.0,-51.4,21.7,45.0,,10.6,0.0,134.0,1
D000250,3.4,1145.0,1.1,32.5,0.53,-62.2,-50.0,28.8,57.0,-96.1,5.3,1.0,111.0,0
D000251,4.0,1380.0,1.51,27.5,0.37,-63.7,-51.0,22.5,36.0,-96.0,20.2,0.0,142.0,0
D000252,4.3,1182.0,1.03,29.5,0.54,-66.1,-50.6,23.9,42.0,-95.2,3.6,1.0,124.0,1
D000253,4.9,1227.0,1.06,27.0,0.49,-66.4,-48.5,25.3,39.0,-94.1,12.1,0.0,126.0,1
D000254,4.9,1222.0,1.1,31.0,0.4,-64.1,-50.0,23.5,47.0,-95.1,8.3,0.0,124.0,1
D000255,5.0,1129.0,1.43,28.0,0.56,-62.3,-46.1,25.5,45.0,-91.3,1.8,1.0,119.0,0
D000256,5.5,1296.0,1.56,36.0,0.5,-68.3,-51.0,20.4,40.0,-96.0,19.9,,142.0,1
D000257,3.2,1290.0,0.96,36.0,0.56,-60.4,-47.7,20.9,51.0,-99.4,22.8,1.0,147.0,0
D000258,5.1,1252.0,1.2,27.0,0.5,-67.4,-49.0,24.8,37.0,-96.2,11.2,1.0,142.0,1
D000259,5.1,1293.0,1.28,39.0,0.39,-64.3,-53.9,29.7,32.0,-93.7,16.3,1.0,110.0,0
D000260,5.3,1183.0,1.23,28.0,0.4,-65.5,-49.3,25.9,44.0,-96.0,9.5,1.0,132.0,1
D000261,4.7,1122.0,1.03,27.0,0.44,-67.9,-49.7,25.4,50.0,,5.0,0.0,134.0,1
D000262,4.3,1173.0,1.2,29.0,0.4,-66.3,-50.2,25.1,39.0,-94.1,6.3,0.0,122.0,1
D000263,4.1,1168.0,1.09,28.0,0.44,-65.1,-50.9,22.9,42.0,-95.7,8.6,0.0,135.0,1
D000264,6.6,1126.0,1.38,35.0,0.39,-60.1,-53.4,25.5,42.0,-91.5,12.0,0.0,128.0,0
D000265,4.8,1268.0,0.96,35.0,0.66,-68.1,-49.6,29.9,54.0,-98.3,11.9,0.0,117.0,0
D000266,5.0,1217.0,1.04,30.0,0.57,-65.1,-49.6,23.2,44.0,-95.7,14.1,1.0,129.0,1
D000267,6.3,1337.0,1.48,37.5,0.37,-68.4,-47.6,29.7,31.0,-100.0,19.8,0.0,105.0,0
D000268,4.2,1206.0,1.48,34.5,0.43,-64.2,-50.6,29.3,31.0,-99.5,8.1,1.0,107.0,0
D000269,4.6,1212.0,1.25,30.5,0.42,-65.3,-49.2,24.7,46.0,-95.6,10.7,0.0,129.0,0
D000270,5.9,1139.0,1.31,33.5,0.45,-69.0,-50.6,26.6,48.0,-96.9,5.7,1.0,,1
D000271,4.7,1230.0,1.08,30.5,0.42,-66.3,-50.3,24.6,43.0,-94.5,8.7,1.0,128.0,1
D000272,4.4,1142.0,1.12,28.0,0.37,-65.1,-49.5,24.1,46.0,-95.8,7.6,0.0,129.0,1
D000273,5.1,1175.0,0.93,29.5,0.47,-64.9,-50.6,25.1,41.0,-94.2,7.9,1.0,117.0,1
D000274,5.0,1148.0,1.03,32.0,0.55,-64.0,-49.7,24.4,43.0,-95.0,12.6,1.0,121.0,1
D000275,6.2,1122.0,1.21,27.5,0.49,-70.0,-50.5,24.5,56.0,-95.1,20.2,1.0,132.0,1
D000276,5.4,1170.0,1.09,31.5,0.47,-63.1,-50.3,24.1,42.0,-94.7,7.9,1.0,132.0,1
D000277,3.7,1390.0,1.41,26.0,0.41,-65.3,-46.0,22.2,57.0,-94.2,18.7,1.0,124.0,0
D000278,4.8,1170.0,1.22,31.5,0.44,-65.4,-49.6,24.6,42.0,-96.1,5.0,1.0,127.0,1
D000279,5.1,1252.0,0.86,22.5,0.35,-61.3,-45.6,26.2,52.0,-95.8,4.3,1.0,105.0,0
D000280,4.5,1229.0,1.31,28.5,0.46,-65.7,-51.6,22.3,45.0,-95.2,12.5,1.0,135.0,1
D000281,4.7,1156.0,1.13,27.5,0.48,-66.1,-48.9,24.3,39.0,-95.4,10.4,0.0,136.0,1
D000282,6.2,1125.0,1.2,31.0,0.68,-69.8,-54.7,28.6,43.0,-91.0,9.6,1.0,129.0,1
D000283,4.1,1190.0,1.12,30.0,0.44,-65.9,-51.2,23.8,39.0,-94.3,4.7,0.0,122.0,1
D000284,3.6,1161.0,0.9,34.0,0.68,-64.8,-49.7,25.2,40.0,-91.7,17.1,1.0,103.0,0
D000285,4.4,1052.0,1.37,26.0,0.47,-64.0,-48.1,26.6,39.0,-91.4,16.6,0.0,116.0,0
D000286,4.5,1231.0,1.08,32.0,0.36,-64.0,-50.8,24.7,42.0,-97.4,10.4,1.0,121.0,0
D000287,4.9,1100.0,0.95,22.5,0.5,-60.7,-48.8,26.4,31.0,-97.4,20.8,0.0,104.0,0
D000288,4.8,1135.0,1.07,28.0,0.53,-64.8,-49.3,23.5,49.0,-94.6,9.3,1.0,126.0,1
D000289,5.0,,1.07,31.0,0.45,-66.5,-51.0,23.3,40.0,-93.6,10.7,0.0,127.0,1
D000290,5.0,1121.0,1.16,27.0,0.47,-66.0,-50.2,25.0,,-94.4,7.6,1.0,131.0,0
D000291,4.4,1360.0,1.4,33.5,0.5,-62.6,-53.1,23.5,55.0,-95.8,7.4,1.0,110.0,0
D000292,5.3,1138.0,1.07,29.0,0.65,-69.4,-47.0,23.6,49.0,-95.0,11.5,1.0,140.0,1
D000293,4.8,1283.0,0.85,36.5,0.65,-63.9,-49.2,24.2,46.0,-91.8,16.0,0.0,102.0,1
D000294,5.0,1191.0,0.94,32.5,0.35,-65.2,-48.9,27.5,33.0,-90.7,0.2,1.0,105.0,1
D000295,6.6,1344.0,1.06,23.5,0.65,-69.3,-48.9,25.4,42.0,-98.9,19.0,1.0,116.0,1
D000296,4.8,1145.0,1.03,28.5,0.46,-65.7,-50.9,23.0,48.0,-95.4,10.2,1.0,136.0,1
D000297,4.9,1190.0,1.11,28.5,0.5,-65.3,-48.9,24.8,45.0,-95.9,11.0,1.0,128.0,1
D000298,5.9,1342.0,0.86,20.0,0.56,-61.4,-51.8,27.5,45.0,-90.9,1.0,0.0,127.0,1
D000299,6.5,1386.0,1.35,28.5,0.47,-69.7,-48.7,24.5,47.0,-93.6,17.4,1.0,133.0,1
D000300,5.1,1180.0,1.1,26.5,0.42,-66.6,-51.9,23.3,43.0,-97.5,9.8,1.0,125.0,1
D000301,4.1,1175.0,1.18,,0.56,-61.7,-51.7,21.8,42.0,-94.2,19.6,1.0,110.0,0
D000302,4.5,1218.0,1.01,32.0,0.46,-64.8,-50.2,23.6,50.0,-95.1,10.0,1.0,122.0,0
D000303,4.9,1357.0,0.9,37.0,0.43,-61.0,-53.2,24.3,56.0,-93.0,3.3,0.0,108.0,1
D000304,4.5,1191.0,1.12,30.0,0.44,-66.9,-49.9,23.0,46.0,-95.3,12.6,1.0,132.0,1
D000305,4.8,1097.0,1.16,30.5,0.52,-65.1,-50.3,26.5,43.0,-94.6,5.6,1.0,132.0,1
D000306,4.4,1146.0,1.05,31.5,0.52,-65.9,-50.7,23.9,42.0,-94.7,8.5,1.0,124.0,1
D000307,5.8,1060.0,1.46,25.0,0.47,-60.8,-51.6,23.4,47.0,-99.6,,1.0,144.0,0
D000308,4.9,1226.0,1.18,32.5,0.47,-64.3,-49.9,23.4,46.0,-97.0,8.3,1.0,122.0,0
D000309,4.6,1150.0,1.13,31.0,0.5,-64.9,-50.7,23.5,44.0,-95.1,10.9,,125.0,0
D000310,4.3,,1.06,34.0,0.53,-61.0,-48.5,21.2,46.0,-90.2,14.0,1.0,143.0,0
D000311,6.0,1207.0,1.54,33.0,0.69,-64.8,-54.0,25.5,35.0,-97.5,20.0,1.0,124.0,0
D000312,4.6,1149.0,0.95,31.5,0.49,-65.2,-49.1,23.1,45.0,-95.4,10.9,0.0,134.0,1
D000313,4.8,1232.0,1.04,25.5,0.52,-65.9,-49.9,23.4,47.0,-95.2,10.3,1.0,137.0,1
D000314,5.5,1141.0,1.07,30.5,0.56,-65.6,-49.6,24.5,43.0,-93.2,5.1,1.0,117.0,1
D000315,5.0,1172.0,1.01,29.5,0.45,-66.1,-50.4,23.0,45.0,-95.9,7.2,0.0,122.0,1
D000316,4.7,1237.0,1.01,23.5,0.39,-70.0,-54.9,25.0,36.0,-94.8,10.8,0.0,130.0,1
D000317,4.9,1147.0,1.17,29.0,0.46,-64.9,-49.9,22.4,51.0,-96.1,8.4,1.0,133.0,1
D000318,4.8,1231.0,1.1,30.0,0.52,-65.5,-49.7,23.6,42.0,-94.1,7.6,1.0,132.0,1
D000319,3.9,1387.0,1.55,28.5,0.65,-60.6,-51.1,26.9,44.0,-91.8,13.4,0.0,147.0,0
D000320,4.8,,1.02,28.5,0.5,,-50.2,21.6,44.0,-94.1,11.3,1.0,125.0,1
D000321,5.0,1178.0,0.97,31.5,0.51,-65.1,-49.6,24.4,43.0,-96.7,6.0,0.0,125.0,0
D000322,4.1,1173.0,1.05,26.5,0.51,-67.0,-50.8,25.1,40.0,-94.9,12.9,1.0,131.0,1
D000323,4.6,1109.0,1.25,28.5,0.47,-64.9,-47.9,24.4,47.0,-96.9,5.4,1.0,134.0,1
D000324,4.6,,1.03,25.5,0.42,-65.4,-49.3,23.0,43.0,-95.2,10.2,0.0,131.0,1
D000325,4.7,1097.0,1.24,21.0,0.41,-69.2,-52.6,20.8,34.0,-92.5,12.0,0.0,142.0,1
D000326,3.2,,1.23,26.5,0.67,-67.6,-52.0,20.6,32.0,-98.4,19.0,0.0,140.0,0
D000327,6.8,1376.0,1.38,24.5,0.37,-69.9,-47.4,24.6,32.0,-96.4,20.8,1.0,109.0,1
D000328,5.0,,1.1,31.5,0.48,-66.7,-50.9,21.5,50.0,-95.9,6.9,1.0,136.0,1
D000329,4.1,1227.0,1.12,27.0,0.46,-64.1,-50.9,23.5,45.0,-96.2,8.9,0.0,128.0,1
D000330,3.6,1062.0,1.31,26.5,0.33,-62.9,-50.7,28.5,40.0,-97.5,15.9,0.0,100.0,0
D000331,5.3,1162.0,1.08,27.5,0.5,-66.4,-49.4,23.7,42.0,-93.2,13.1,0.0,134.0,1
D000332,4.5,1186.0,1.13,29.0,0.47,-66.5,-49.1,24.4,44.0,-94.5,10.2,0.0,128.0,1
D000333,4.2,1173.0,1.03,25.5,0.48,-65.8,-51.3,23.5,43.0,-97.4,10.8,1.0,122.0,1
D000334,4.8,1166.0,1.04,29.5,0.4,-66.1,-47.9,24.2,44.0,-95.3,3.9,0.0,122.0,1
D000335,5.0,1247.0,1.45,39.0,0.37,-60.4,-45.5,25.7,45.0,-96.5,21.4,1.0,132.0,0
D000336,4.9,1151.0,1.07,30.0,0.46,,-52.4,24.2,48.0,,6.8,0.0,135.0,1
D000337,4.8,1181.0,1.2,32.0,0.52,-66.0,-49.6,24.4,42.0,-97.0,11.8,0.0,126.0,1
D000338,3.7,1166.0,1.04,21.5,0.52,-62.2,-46.8,23.5,57.0,-98.2,8.1,1.0,134.0,0
D000339,4.4,1016.0,0.96,25.0,0.65,-65.2,-47.4,24.7,49.0,-96.2,1.1,0.0,109.0,1
D000340,4.5,1161.0,1.14,29.0,0.46,-65.5,-49.6,25.4,48.0,-95.9,6.0,0.0,122.0,1
D000341,4.3,1155.0,1.03,28.0,0.46,-66.0,-49.1,24.6,45.0,-95.5,10.0,1.0,128.0,0
D000342,4.9,1096.0,1.05,29.5,0.54,-65.7,-52.9,23.5,46.0,-95.7,8.3,1.0,126.0,1
D000343,4.7,1108.0,1.0,29.0,0.58,-66.3,-49.4,23.6,47.0,-96.4,9.4,0.0,130.0,1
D000344,5.0,1235.0,1.06,31.0,0.49,-64.4,-51.4,22.0,44.0,-96.4,12.3,1.0,127.0,0
D000345,4.6,1246.0,1.58,37.0,0.59,-65.0,-51.6,29.2,41.0,-98.5,18.6,1.0,145.0,0
D000346,5.5,1069.0,1.26,21.0,0.69,-68.6,-52.8,,42.0,-90.5,21.6,0.0,143.0,0
D000347,3.0,1133.0,1.13,32.0,0.52,-67.0,-53.5,29.2,40.0,,8.7,0.0,140.0,0
D000348,3.2,1155.0,1.06,23.5,0.41,-67.2,-54.3,25.8,47.0,-91.8,5.8,1.0,104.0,0
D000349,4.3,1223.0,1.07,29.0,0.45,-65.7,-50.6,24.4,42.0,-94.1,9.1,1.0,129.0,1
D000350,4.2,1163.0,1.12,32.0,0.42,-67.9,-52.2,24.3,48.0,-95.8,,1.0,128.0,0
D000351,4.2,1150.0,1.17,29.5,0.49,-64.9,-51.9,25.1,42.0,-96.3,13.5,1.0,127.0,1
D000352,5.3,1052.0,1.09,29.5,0.45,-64.8,-51.5,22.9,47.0,-93.8,5.3,0.0,132.0,1
D000353,5.1,1130.0,1.02,25.5,0.48,-64.8,-50.3,24.4,45.0,-96.1,7.9,0.0,119.0,1
D000354,3.8,1085.0,1.34,28.0,0.64,-68.6,-51.8,25.7,34.0,-93.8,9.7,1.0,139.0,1
D000355,6.0,1015.0,1.01,25.5,0.69,-60.6,-53.3,24.7,56.0,-99.5,7.2,0.0,131.0,0
D000356,6.6,1132.0,1.22,23.0,0.49,-68.0,-48.1,29.2,41.0,-93.9,16.2,1.0,124.0,0
D000357,6.7,1056.0,1.11,32.5,0.63,-60.5,-49.7,24.3,38.0,-93.0,23.9,1.0,130.0,0
D000358,4.5,1153.0,1.03,30.5,0.44,-65.2,-49.7,24.2,44.0,-94.9,8.0,1.0,134.0,1
D000359,5.3,1143.0,1.15,29.5,0.48,-67.0,-50.8,25.4,50.0,-94.0,8.2,1.0,122.0,1
D000360,4.7,1157.0,1.2,30.0,0.51,-64.3,-51.1,25.8,45.0,-95.3,8.5,,125.0,1
D000361,4.4,1218.0,1.01,29.0,0.51,-65.8,-49.8,23.4,47.0,-96.1,8.5,0.0,124.0,1
D000362,4.8,1176.0,1.13,26.0,0.43,-65.2,-48.3,23.9,39.0,-94.5,11.9,1.0,131.0,0
D000363,4.0,,1.1,28.0,0.44,-65.1,-49.6,23.4,46.0,-94.7,9.4,0.0,119.0,0
D000364,5.2,1181.0,1.07,25.0,0.48,-66.2,-50.3,21.5,44.0,-95.7,10.7,0.0,123.0,1
D000365,3.8,1209.0,0.99,29.0,0.52,-65.9,-52.5,21.1,41.0,-94.5,9.4,0.0,141.0,1
D000366,4.9,1203.0,1.14,26.5,0.52,-65.4,-50.1,24.2,42.0,-95.3,5.9,1.0,130.0,1
D000367,4.8,1211.0,0.99,31.5,0.53,-65.8,-50.0,24.2,43.0,-94.1,11.2,0.0,129.0,1
D000368,4.6,1126.0,1.12,29.0,0.44,-63.7,-48.9,,47.0,-96.8,8.3,0.0,128.0,1
D000369,4.7,1152.0,1.11,32.5,0.36,-66.7,-51.8,23.2,46.0,-96.1,7.3,0.0,133.0,1
D000370,,1167.0,1.08,30.5,0.48,-65.8,-50.0,24.4,48.0,-95.8,6.2,1.0,127.0,1
D000371,5.1,1178.0,1.18,31.5,0.51,-65.1,-49.1,23.9,45.0,-96.5,8.1,1.0,132.0,1
D000372,4.5,1204.0,1.07,30.5,0.46,-63.6,-50.8,22.4,42.0,-96.2,10.9,0.0,124.0,1
D000373,3.8,1317.0,0.99,31.0,0.53,-67.9,-49.0,29.1,56.0,-94.4,13.9,1.0,114.0,0
D000374,5.7,1009.0,1.06,36.0,0.67,-68.1,-50.8,22.8,49.0,-93.5,17.9,1.0,126.0,0
D000375,4.9,1147.0,1.05,26.0,0.51,-65.8,-50.0,24.4,51.0,-95.9,9.8,0.0,130.0,0
D000376,4.8,1194.0,1.05,27.5,0.5,-65.9,-49.9,23.3,39.0,-96.8,13.4,0.0,122.0,1
D000377,4.7,1103.0,1.03,31.0,0.5,-64.5,-49.9,22.1,39.0,-95.0,5.9,1.0,123.0,1
D000378,4.6,1187.0,1.12,31.0,0.46,-64.3,-51.5,24.4,48.0,-95.7,11.9,0.0,135.0,1
D000379,4.8,1181.0,1.09,26.0,0.48,-66.9,-49.5,21.9,42.0,-95.9,8.1,0.0,122.0,1
D000380,4.3,1232.0,1.0,26.0,0.47,-66.2,-50.7,22.4,43.0,-96.0,11.2,0.0,121.0,1
D000381,4.2,1093.0,0.97,29.5,0.54,-65.7,-49.6,24.0,47.0,-97.0,9.8,1.0,127.0,0
D000382,4.9,1179.0,1.18,27.5,0.45,-65.0,-50.4,23.7,45.0,-97.0,8.6,1.0,140.0,1
D000383,5.0,1112.0,1.1,27.0,0.45,-65.1,-49.5,25.6,46.0,-95.9,12.6,1.0,128.0,1
D000384,5.3,1133.0,1.05,31.0,0.42,-64.5,-51.0,24.6,47.0,,8.1,1.0,125.0,1
D000385,5.5,1200.0,1.15,32.0,0.56,-65.2,-51.2,25.0,43.0,-95.3,10.6,1.0,131.0,1
D000386,3.2,1046.0,0.98,30.5,0.4,-64.6,-45.1,28.7,40.0,-94.6,4.3,1.0,139.0,0
D000387,3.6,1203.0,1.18,26.0,0.46,-60.6,-53.1,26.7,43.0,-95.2,15.9,1.0,142.0,0
D000388,5.0,1196.0,1.19,26.5,0.44,-65.3,-50.7,25.4,48.0,-93.7,,0.0,128.0,1
D000389,6.5,1313.0,1.17,,0.4,-65.5,-53.9,22.3,53.0,-92.2,14.6,1.0,140.0,1
D000390,4.3,1178.0,1.14,28.0,0.41,-65.4,-49.4,23.8,48.0,-95.8,10.2,0.0,126.0,0
D000391,4.9,1261.0,1.09,28.5,0.55,-66.1,-48.4,23.4,48.0,-95.0,9.1,0.0,133.0,1
D000392,4.9,1206.0,1.13,28.0,0.48,-65.8,-48.2,24.1,43.0,-95.2,9.4,0.0,131.0,1
D000393,5.1,1197.0,0.93,30.5,0.53,-65.4,-48.6,26.4,44.0,-96.6,10.7,0.0,135.0,1
D000394,4.9,1123.0,1.09,26.5,0.46,-66.0,-49.0,23.8,47.0,-95.0,9.7,0.0,129.0,1
D000395,6.4,1268.0,1.02,32.0,0.36,-64.0,-53.3,21.1,34.0,-91.4,21.6,1.0,124.0,0
D000396,4.8,1043.0,1.04,36.5,0.4,-62.9,-53.3,29.1,,-94.9,6.4,0.0,136.0,1
D000397,5.3,1185.0,1.16,29.5,0.48,,-49.3,,48.0,-95.8,8.2,0.0,130.0,1
D000398,5.5,1178.0,1.19,29.0,0.49,-66.6,-48.3,25.8,49.0,-94.3,2.6,0.0,116.0,1
D000399,5.0,1173.0,1.13,30.0,0.48,-66.0,-48.1,24.6,44.0,-94.5,9.6,1.0,133.0,1
D000400,4.8,1172.0,1.57,39.0,0.55,-60.6,-51.2,24.2,35.0,-92.9,9.2,0.0,101.0,0
D000401,5.5,1154.0,0.91,30.0,0.56,-64.8,-50.2,25.2,47.0,-95.0,8.2,1.0,129.0,1
D000402,3.1,1288.0,1.44,28.5,0.56,-63.0,-48.5,21.0,38.0,-91.7,19.1,0.0,106.0,0
D000403,5.6,1195.0,1.05,29.5,0.5,-63.7,-51.0,22.2,45.0,-96.2,8.2,1.0,119.0,1
D000404,4.3,1206.0,0.96,28.0,0.45,-66.2,-50.2,23.6,43.0,-93.3,3.7,1.0,145.0,1
D000405,4.8,1193.0,1.08,29.0,0.44,-63.4,-49.9,23.5,40.0,-96.6,7.1,1.0,136.0,1
D000406,5.6,1310.0,1.58,29.0,0.36,-69.4,-53.0,,43.0,-95.2,10.2,0.0,137.0,1
D000407,4.7,1081.0,1.22,24.0,0.31,-67.5,-53.4,26.8,47.0,-92.6,18.9,1.0,100.0,0
D000408,4.3,1245.0,1.08,23.0,0.53,-65.5,-49.9,29.5,58.0,-94.0,23.9,0.0,104.0,0
D000409,5.0,1148.0,1.02,28.0,0.44,-65.5,-50.8,25.3,37.0,-95.0,9.0,0.0,133.0,1
D000410,4.2,1044.0,0.85,38.5,0.56,-66.6,-51.6,27.5,42.0,-96.0,4.4,0.0,114.0,1
D000411,4.6,1138.0,1.01,32.0,0.55,-64.6,-50.0,24.6,42.0,-95.0,10.3,0.0,133.0,1
D000412,5.5,1157.0,1.01,28.5,0.44,-65.2,-51.1,26.5,51.0,-94.5,8.4,0.0,128.0,1
D000413,5.6,,1.16,30.5,0.59,-68.7,-54.3,29.0,47.0,-94.2,13.1,1.0,127.0,1
D000414,4.9,1173.0,1.04,29.0,0.52,-65.2,-50.8,23.1,50.0,-96.3,8.6,1.0,125.0,1
D000415,5.4,1151.0,0.98,31.0,0.52,-64.7,-49.9,23.7,42.0,-94.9,6.9,0.0,125.0,1
D000416,5.1,1027.0,1.13,,0.45,-69.8,-52.7,25.4,55.0,-98.3,11.4,0.0,108.0,1
D000417,5.6,1372.0,1.18,27.0,0.62,-69.0,-48.7,25.6,58.0,-95.6,22.7,0.0,110.0,0
D000418,5.1,1166.0,1.18,30.5,0.45,-64.6,-50.0,24.2,48.0,-94.7,5.2,0.0,124.0,1
D000419,4.3,1157.0,1.06,32.5,0.51,-65.2,-50.4,24.0,45.0,-95.1,12.4,1.0,121.0,1
D000420,3.3,1092.0,1.39,32.5,0.48,-62.8,-54.9,21.5,35.0,-95.2,14.5,0.0,123.0,0
D000421,6.7,1013.0,1.34,22.5,0.48,-64.0,-52.7,22.6,46.0,-100.0,13.2,0.0,149.0,1
D000422,4.0,1035.0,1.58,35.0,0.33,-60.2,-54.1,28.9,39.0,-92.2,11.2,1.0,130.0,0
D000423,4.7,1181.0,1.13,33.5,0.45,-66.9,-50.4,24.3,38.0,-95.2,8.0,1.0,134.0,1
D000424,4.3,1227.0,1.18,,0.49,-66.0,-50.3,23.5,42.0,-94.0,8.5,0.0,121.0,1
D000425,5.4,1246.0,1.04,23.5,0.3,-64.7,-52.1,24.2,43.0,-96.4,21.6,1.0,130.0,0
D000426,4.3,1187.0,1.16,30.5,0.43,-65.4,-48.8,23.7,47.0,-96.1,7.0,1.0,125.0,0
D000427,3.3,1382.0,0.85,39.5,0.34,-69.7,-48.3,26.0,57.0,-96.7,17.1,0.0,126.0,1
D000428,4.0,1274.0,1.47,35.5,0.44,-61.4,-51.0,25.6,31.0,-94.6,4.0,1.0,128.0,1
D000429,5.5,1171.0,1.0,27.5,0.54,-65.5,-50.7,25.8,42.0,-95.5,7.7,,124.0,1
D000430,6.7,1142.0,0.9,36.0,0.5,-65.6,-48.7,25.3,31.0,-96.2,15.7,1.0,106.0,1
D000431,5.4,1155.0,1.14,29.5,0.48,-66.7,-50.4,24.2,36.0,-97.0,13.8,1.0,135.0,1
D000432,4.3,1351.0,1.02,31.0,0.38,-66.7,-46.2,,59.0,-98.0,13.0,0.0,131.0,0
D000433,6.6,1374.0,1.08,28.5,0.41,-64.0,-52.9,22.5,41.0,-97.7,7.0,1.0,114.0,1
D000434,5.3,1124.0,1.11,28.0,0.45,-63.9,-50.0,24.7,45.0,-94.9,9.9,1.0,132.0,1
D000435,5.7,1231.0,1.43,23.0,0.48,-60.7,-50.1,26.4,35.0,-94.3,6.3,1.0,113.0,0
D000436,4.8,1217.0,1.12,29.5,0.46,-65.6,-48.1,23.6,46.0,-95.4,11.3,1.0,126.0,1
D000437,6.4,1164.0,1.54,28.0,0.53,-64.5,-45.4,22.0,53.0,-91.1,2.3,0.0,123.0,1
D000438,6.3,1153.0,1.2,28.0,0.51,-66.8,-48.7,24.0,39.0,-96.4,10.6,1.0,132.0,1
D000439,5.6,1239.0,1.12,28.0,0.43,-67.2,-53.0,23.7,42.0,-94.9,11.8,0.0,128.0,1
D000440,5.0,1214.0,1.18,24.5,0.47,-65.7,-51.1,22.8,,-95.7,7.9,1.0,127.0,1
D000441,5.3,1201.0,1.12,31.0,0.45,-65.7,-49.4,24.4,45.0,-94.5,5.5,1.0,124.0,1
D000442,4.8,1159.0,0.96,27.0,0.43,-65.8,-48.8,23.4,44.0,-95.2,8.3,0.0,129.0,0
D000443,4.9,1249.0,1.08,28.0,0.44,-65.0,-51.9,24.4,43.0,-97.3,9.8,0.0,135.0,1
D000444,4.5,1056.0,1.52,25.5,0.59,-67.1,-46.0,20.7,35.0,-98.4,,0.0,130.0,0
D000445,,1171.0,1.03,29.0,0.54,-64.4,-48.9,25.7,39.0,-95.9,9.5,1.0,140.0,0
D000446,5.9,1118.0,1.3,30.5,0.57,-60.1,-52.2,27.3,56.0,-94.5,4.8,1.0,147.0,1
D000447,5.4,1242.0,1.05,27.0,0.49,-66.6,-49.6,23.2,42.0,-94.2,7.5,0.0,127.0,1
D000448,3.0,1203.0,0.86,26.5,0.52,-69.3,-49.5,25.0,54.0,-99.9,6.0,1.0,136.0,1
D000449,5.0,1139.0,1.25,31.5,0.57,-63.4,-50.8,24.9,49.0,-96.1,8.5,0.0,128.0,0
D000450,5.3,1208.0,1.13,28.0,0.52,-64.9,-50.0,22.8,50.0,-94.8,8.6,1.0,126.0,1
D000451,4.4,1188.0,1.0,34.5,0.67,-62.6,-47.4,22.8,30.0,-94.6,17.8,1.0,119.0,0
D000452,5.1,1187.0,1.22,27.5,0.46,-66.5,-49.5,24.3,48.0,-96.4,11.5,0.0,125.0,1
D000453,4.8,1137.0,1.05,29.5,0.46,-65.7,-49.0,26.4,47.0,-95.9,11.0,1.0,125.0,1
D000454,4.8,1033.0,1.45,35.5,0.56,-60.7,-47.9,21.3,33.0,-96.7,11.3,1.0,125.0,0
D000455,6.0,1099.0,1.52,27.5,0.62,-63.4,-47.4,21.5,57.0,-96.1,1.4,1.0,129.0,0
D000456,3.4,1229.0,1.25,33.5,0.41,-65.0,-50.0,25.7,51.0,-95.8,11.4,1.0,144.0,0
D000457,4.9,1186.0,1.04,28.5,0.54,-65.7,-51.2,23.1,46.0,-93.2,7.0,1.0,123.0,1
D000458,5.6,1244.0,1.06,28.5,0.45,-65.4,-49.9,24.4,48.0,-95.3,8.2,1.0,128.0,1
D000459,4.8,1171.0,1.17,27.5,0.4,-65.1,-49.5,22.8,40.0,-97.2,10.7,0.0,129.0,1
D000460,4.2,1199.0,1.22,31.5,0.49,-65.2,-49.7,24.4,46.0,-95.0,6.1,1.0,129.0,1
D000461,5.4,1190.0,1.12,26.5,0.51,-64.7,-49.6,23.4,46.0,-95.2,9.7,1.0,126.0,0
D000462,5.5,1177.0,1.23,26.5,,-66.7,,25.3,44.0,-96.7,11.0,0.0,129.0,1
D000463,4.5,1154.0,1.16,28.5,0.42,-64.3,-49.7,24.3,40.0,-95.3,10.0,0.0,128.0,1
D000464,4.8,1230.0,1.06,30.5,0.48,-64.9,-49.9,24.9,45.0,-94.7,8.5,0.0,123.0,1
D000465,4.9,1168.0,1.27,31.5,0.53,-66.4,-49.2,23.3,47.0,-95.1,10.1,0.0,126.0,1
D000466,6.6,1341.0,1.01,30.5,0.51,-65.3,-50.7,29.6,59.0,,1.1,1.0,133.0,1
D000467,3.1,1069.0,1.11,35.0,0.68,-66.4,-46.1,24.3,46.0,-96.2,1.4,1.0,109.0,0
D000468,4.9,1169.0,1.07,29.0,0.45,-64.7,-49.7,23.6,41.0,-94.3,9.9,0.0,136.0,1
D000469,3.4,1213.0,1.31,39.5,0.58,,-54.1,21.5,42.0,-93.9,7.3,0.0,140.0,1
D000470,5.5,1162.0,1.12,26.0,0.47,-66.8,-49.2,21.9,,-96.4,9.8,0.0,127.0,1
D000471,4.7,1187.0,1.04,28.0,0.49,-66.1,-48.4,25.5,45.0,-93.1,10.1,0.0,136.0,1
D000472,4.1,1216.0,1.13,28.5,0.49,-64.9,-50.9,22.8,43.0,-96.2,5.6,1.0,125.0,1
D000473,5.3,1204.0,1.09,32.5,0.5,-64.9,-50.3,22.1,37.0,-95.1,7.4,1.0,123.0,1
D000474,5.2,1179.0,1.03,30.5,0.57,-64.3,-49.9,23.4,42.0,-95.2,10.7,0.0,129.0,1
D000475,5.2,1092.0,1.16,39.0,0.54,-67.3,-45.0,26.8,52.0,-95.8,6.6,0.0,109.0,1
D000476,4.8,1197.0,1.05,30.5,0.42,-65.9,,24.7,38.0,-95.6,11.3,1.0,136.0,1
D000477,4.8,1186.0,1.11,24.0,0.42,-64.5,-49.3,23.2,42.0,,9.5,1.0,129.0,1
D000478,4.8,,1.17,28.5,0.49,-64.5,-48.3,24.2,46.0,-94.6,7.6,,132.0,0
D000479,5.2,1166.0,1.12,32.5,0.56,-65.3,-49.7,24.9,45.0,-95.7,12.5,1.0,122.0,1
D000480,4.0,1186.0,1.14,29.0,0.56,-65.8,-48.5,25.1,50.0,-94.7,10.0,0.0,127.0,1
D000481,3.8,1197.0,1.01,28.5,0.47,-65.2,-49.8,23.1,45.0,-96.0,6.7,1.0,120.0,0
D000482,5.0,1259.0,1.06,29.0,0.47,-67.4,-50.6,23.6,41.0,-96.3,6.0,0.0,125.0,1
D000483,4.8,1181.0,1.22,26.5,0.5,-66.5,-51.8,25.2,43.0,-96.9,9.5,1.0,130.0,1
D000484,5.2,1345.0,1.38,31.5,0.59,-66.5,-46.7,26.1,48.0,-95.7,2.5,0.0,128.0,1
D000485,5.2,1148.0,0.98,31.5,0.5,-64.2,-50.1,23.2,48.0,-96.6,8.4,0.0,135.0,1
D000486,6.4,1318.0,1.41,20.0,0.55,-64.6,-52.2,28.3,50.0,-98.0,0.1,0.0,130.0,1
D000487,5.3,1158.0,1.09,27.5,0.48,-65.9,-51.3,23.7,40.0,-96.3,,1.0,133.0,1
D000488,4.8,1128.0,1.47,27.0,0.47,-66.8,-51.5,20.2,48.0,-95.4,11.4,1.0,102.0,0
D000489,5.0,1145.0,1.11,30.0,0.5,-63.9,-50.9,21.0,45.0,-95.3,12.2,0.0,136.0,1
D000490,4.7,1174.0,1.17,31.5,0.46,-66.7,-51.0,23.8,45.0,-95.5,12.6,1.0,126.0,1
D000491,5.6,1382.0,1.11,25.5,0.64,-62.4,-51.7,27.7,37.0,-94.7,2.0,0.0,111.0,0
D000492,,1137.0,,39.5,0.41,-68.5,-49.0,25.5,43.0,-92.4,12.2,1.0,121.0,1
D000493,4.9,1230.0,1.12,28.0,0.46,-66.4,-52.2,23.7,47.0,-95.8,10.9,1.0,133.0,1
D000494,4.1,1287.0,1.48,36.5,0.4,-68.4,-45.7,24.8,31.0,-94.9,7.7,1.0,101.0,0
D000495,5.0,1195.0,1.08,28.5,0.5,-64.7,-50.9,24.1,48.0,-95.8,12.8,0.0,126.0,1
D000496,4.6,1143.0,1.1,29.5,0.54,-67.4,-50.5,24.2,48.0,-95.8,11.6,1.0,130.0,1
D000497,3.5,1136.0,1.3,27.5,0.45,-65.7,-46.7,27.5,49.0,-93.7,11.7,1.0,135.0,0
D000498,5.7,1377.0,1.06,29.5,0.47,-61.0,-50.2,27.4,55.0,-97.9,23.4,1.0,143.0,0
D000499,4.3,1292.0,,25.5,0.67,-64.3,-46.7,26.8,56.0,-92.8,14.1,1.0,104.0,0
D000500,3.9,1159.0,1.53,33.0,0.44,-61.7,-51.8,22.5,56.0,-92.0,7.4,1.0,143.0,0
D000501,4.2,1211.0,1.24,28.5,,-64.8,-50.3,24.1,45.0,,8.6,1.0,129.0,0
D000502,4.3,1336.0,1.18,39.5,0.65,-69.4,-46.1,29.7,58.0,-91.7,3.2,1.0,113.0,0
D000503,3.7,1342.0,1.27,31.5,0.45,-62.7,-51.0,25.5,44.0,-91.0,23.6,1.0,127.0,0
D000504,4.2,1338.0,1.56,27.0,0.66,-67.8,-48.2,22.3,49.0,-94.6,2.9,0.0,111.0,0
D000505,4.9,1173.0,1.01,28.5,0.48,-65.3,-50.5,23.9,43.0,-96.8,10.6,1.0,123.0,1
D000506,4.2,1120.0,0.99,27.5,0.44,-64.6,,23.3,43.0,-96.9,5.4,1.0,128.0,1
D000507,3.9,1115.0,1.19,30.0,0.36,-67.4,-53.2,27.0,50.0,-97.4,21.7,1.0,147.0,0
D000508,4.8,1222.0,1.19,31.5,0.44,-65.2,-48.9,24.7,41.0,-96.1,4.0,1.0,133.0,1
D000509,4.7,1198.0,1.13,29.0,0.47,-66.3,-49.0,24.3,47.0,-95.4,9.5,1.0,118.0,1
D000510,6.5,1127.0,1.15,28.5,0.63,-69.9,-48.3,25.3,47.0,-91.2,20.4,1.0,116.0,0
D000511,4.8,1149.0,1.27,23.5,0.54,-63.8,-50.6,23.6,42.0,-94.2,6.3,1.0,132.0,0
D000512,5.0,1080.0,,27.0,0.48,-64.4,-48.6,22.7,,-97.0,7.1,0.0,133.0,1
D000513,6.5,1138.0,1.34,28.5,0.54,-64.6,-45.9,24.2,47.0,-91.4,11.4,1.0,112.0,0
D000514,4.6,1226.0,1.09,29.5,0.47,-65.1,-50.1,23.9,46.0,-94.2,7.8,1.0,129.0,1
D000515,4.0,1385.0,1.35,33.0,0.55,-62.5,-46.9,22.7,32.0,-91.2,4.8,1.0,130.0,0
D000516,4.7,1179.0,1.02,31.0,0.47,-65.3,-50.0,22.4,46.0,-95.3,10.8,1.0,131.0,1
D000517,4.4,1209.0,1.01,27.0,0.48,-65.7,-51.3,23.4,44.0,-95.4,8.5,0.0,124.0,1
D000518,4.8,1195.0,1.09,30.0,0.44,-64.8,-49.7,23.3,44.0,-95.0,10.7,1.0,126.0,1
D000519,5.0,1129.0,1.18,29.0,0.51,-63.3,-47.9,22.4,43.0,-93.8,9.8,0.0,126.0,0
D000520,4.6,1186.0,0.99,25.5,0.67,-64.1,-47.8,25.5,30.0,-94.0,10.8,0.0,108.0,0
D000521,4.6,1296.0,1.13,33.5,0.45,-66.0,-49.8,23.3,50.0,-96.6,8.4,1.0,130.0,1
D000522,4.9,1291.0,1.21,31.0,0.37,-66.8,-47.8,26.7,30.0,-93.0,21.6,1.0,109.0,0
D000523,4.9,1189.0,1.15,31.5,0.43,-65.9,-49.7,23.3,42.0,-95.6,7.7,1.0,128.0,1
D000524,5.1,1164.0,1.02,28.0,0.58,-64.8,-50.8,25.5,46.0,-95.3,9.7,1.0,132.0,1
D000525,3.2,1179.0,1.37,38.0,0.6,-66.3,-54.4,21.1,40.0,-95.0,7.8,0.0,102.0,0
D000526,4.8,1170.0,1.05,24.0,0.54,-66.6,-49.3,23.9,43.0,-96.4,12.4,1.0,121.0,1
D000527,4.1,1391.0,1.24,29.0,0.67,,-53.0,25.5,53.0,-94.1,19.2,1.0,148.0,0
D000528,4.8,1193.0,1.08,28.5,0.47,-67.6,-50.5,25.9,48.0,-96.8,10.2,0.0,128.0,1
D000529,6.3,1091.0,0.83,21.5,0.67,-69.0,-45.2,21.3,37.0,-91.5,3.6,0.0,145.0,1
D000530,4.7,1263.0,0.89,39.0,0.67,-65.6,-46.4,21.5,51.0,-91.1,4.4,0.0,103.0,1
D000531,4.7,1198.0,1.28,29.5,0.46,-65.7,-50.9,22.9,38.0,-94.2,9.7,1.0,123.0,1
D000532,5.6,1157.0,1.19,28.5,0.48,-63.8,-49.3,23.8,43.0,-96.2,9.3,0.0,122.0,1
D000533,5.1,1173.0,1.12,28.5,0.51,-66.5,-51.4,23.7,46.0,-95.3,8.6,0.0,129.0,1
D000534,4.3,1175.0,0.95,30.0,0.65,-63.0,-47.2,21.7,36.0,-91.6,,1.0,102.0,0
D000535,4.3,1088.0,1.0,29.0,0.55,-66.3,-51.1,23.0,44.0,-94.6,9.4,0.0,124.0,1
D000536,5.3,1229.0,1.05,24.5,0.44,-65.0,-49.6,24.7,45.0,-93.2,9.7,1.0,133.0,1
D000537,,1166.0,1.15,28.0,0.47,-65.5,-51.7,23.6,43.0,-97.4,8.7,1.0,126.0,1
D000538,5.4,1344.0,0.94,37.5,0.5,-66.5,-51.6,21.4,44.0,-94.3,7.1,1.0,103.0,1
D000539,4.5,1165.0,1.05,27.5,0.44,-65.1,-51.0,24.2,,-94.7,6.5,1.0,131.0,1
D000540,,1398.0,1.49,31.5,0.59,-62.6,-49.7,28.0,43.0,-91.0,17.9,0.0,141.0,0
D000541,5.1,,1.29,28.5,0.46,-66.4,-48.8,24.5,39.0,-93.8,9.5,1.0,133.0,1
D000542,4.8,1004.0,1.43,34.5,0.66,-63.7,-50.7,26.9,45.0,-93.6,6.0,1.0,131.0,0
D000543,4.6,1157.0,0.82,35.5,0.62,-63.7,-54.4,27.4,42.0,-95.2,6.4,0.0,120.0,1
D000544,4.0,1012.0,1.34,40.0,0.65,-70.0,-49.3,25.7,59.0,-94.3,22.8,0.0,120.0,0
D000545,3.7,1070.0,0.92,22.5,0.56,-61.9,-50.8,24.5,49.0,-93.8,2.3,0.0,149.0,1
D000546,5.2,1170.0,1.21,30.0,0.45,-64.2,-50.4,24.3,41.0,-94.5,9.9,0.0,125.0,1
D000547,4.6,1198.0,1.12,29.0,0.45,-64.7,-50.6,,45.0,-95.2,10.6,0.0,131.0,1
D000548,4.8,1124.0,1.1,24.5,0.46,-65.1,-50.5,25.5,44.0,-95.0,9.7,1.0,133.0,0
D000549,4.1,1384.0,1.4,29.5,0.58,-65.9,-50.0,,33.0,-92.2,23.7,0.0,105.0,0
D000550,4.6,1191.0,1.01,27.0,0.52,-65.0,-49.1,24.7,46.0,-94.7,10.5,1.0,125.0,1
D000551,4.2,1360.0,1.54,32.0,0.44,-68.5,-49.0,24.8,44.0,-90.4,7.6,0.0,147.0,1
D000552,5.6,1224.0,1.05,26.0,0.49,-63.7,-50.1,23.4,44.0,-95.3,11.0,1.0,131.0,1
D000553,5.2,1161.0,1.09,28.0,0.53,-64.6,-49.7,24.9,47.0,-96.7,10.5,1.0,124.0,1
D000554,7.0,1034.0,1.51,40.0,0.3,-63.9,-46.2,21.5,46.0,-90.1,20.5,0.0,118.0,0
D000555,4.5,1217.0,1.13,29.0,0.49,-65.0,-51.6,25.0,38.0,-93.7,8.9,0.0,139.0,1
D000556,5.1,1160.0,1.18,29.0,0.44,-65.4,-48.7,25.2,49.0,-96.8,13.4,1.0,137.0,1
D000557,4.7,1253.0,1.02,30.5,0.46,-64.2,-50.2,23.7,45.0,-95.2,12.0,0.0,134.0,1
D000558,5.0,1224.0,1.12,28.0,0.43,-66.4,-50.4,24.2,47.0,-96.4,7.6,1.0,131.0,1
D000559,5.0,1109.0,1.26,31.0,0.49,-65.9,-49.0,24.6,49.0,-96.4,9.7,1.0,128.0,1
D000560,3.6,1258.0,1.44,35.0,0.58,-69.8,-50.7,29.0,42.0,-94.7,13.5,0.0,143.0,0
D000561,5.3,1177.0,1.14,27.5,0.47,-67.3,-49.3,23.1,44.0,-95.7,8.6,0.0,126.0,1
D000562,4.9,1232.0,1.11,31.0,0.45,-65.0,-50.4,23.5,,-96.0,10.7,1.0,137.0,1
D000563,5.1,1248.0,1.15,31.0,0.48,-63.9,-50.1,24.4,44.0,-96.5,13.3,0.0,128.0,1
D000564,5.1,1122.0,1.21,29.0,0.46,-65.3,-50.7,22.5,45.0,-95.3,9.2,1.0,131.0,1
D000565,6.8,1043.0,1.26,37.0,0.53,-64.6,-45.5,25.5,54.0,-93.6,20.2,1.0,107.0,0
D000566,6.8,1050.0,1.39,33.0,0.44,-60.8,-49.9,29.6,42.0,-97.9,15.1,0.0,128.0,0
D000567,4.8,1130.0,1.22,30.0,0.55,-66.6,-49.8,24.6,42.0,-96.2,9.0,0.0,130.0,1
D000568,7.0,1256.0,1.36,25.5,0.46,-61.0,-53.4,24.6,45.0,-97.6,17.5,1.0,104.0,0
D000569,4.5,1154.0,1.15,31.5,0.51,-64.9,-50.6,23.4,44.0,-95.3,11.2,1.0,120.0,1
D000570,4.7,1168.0,1.17,28.5,0.52,-66.4,-52.2,22.4,43.0,-95.2,9.9,1.0,125.0,1
D000571,5.1,1141.0,1.06,28.5,0.49,-64.8,-49.4,24.0,47.0,-95.2,10.4,1.0,126.0,1
D000572,4.0,1191.0,1.17,31.5,0.66,-61.1,-49.4,25.8,42.0,-93.5,15.1,0.0,118.0,0
D000573,3.4,1163.0,1.04,25.5,0.66,-67.2,-45.8,23.1,30.0,-91.4,11.9,0.0,117.0,0
D000574,5.0,1211.0,1.13,31.0,0.42,-65.9,-49.6,25.7,50.0,-95.6,9.6,1.0,131.0,1
D000575,4.6,1163.0,1.09,26.0,0.55,-67.6,-50.0,25.4,41.0,-96.5,9.2,0.0,130.0,1
D000576,4.9,1135.0,1.05,27.5,0.54,-64.3,-50.6,22.9,46.0,-96.3,9.1,,117.0,1
D000577,3.9,1194.0,1.04,29.0,0.43,-67.5,-50.3,23.9,49.0,-96.2,7.2,1.0,135.0,1
D000578,4.7,1181.0,1.02,30.0,0.48,-64.4,-50.9,25.0,44.0,-95.3,10.4,0.0,133.0,1
D000579,4.9,1215.0,1.16,33.5,0.51,-65.7,-50.5,22.6,46.0,-94.8,10.1,0.0,130.0,1
D000580,4.3,1154.0,1.09,25.5,0.42,-66.7,-49.5,23.3,44.0,-95.2,8.4,0.0,127.0,0
D000581,5.2,1203.0,1.08,31.5,0.48,-65.7,-48.7,23.5,44.0,,5.4,0.0,129.0,1
D000582,5.2,1198.0,1.06,28.0,0.53,-66.4,-50.0,24.4,44.0,-95.7,9.8,1.0,123.0,1
D000583,3.8,1031.0,1.36,39.0,0.33,-66.1,-50.3,25.9,44.0,-97.9,7.7,1.0,129.0,1
D000584,4.0,1152.0,1.23,28.5,,-65.9,-49.5,25.5,39.0,-96.6,13.0,1.0,128.0,0
D000585,6.7,1369.0,1.43,29.0,0.3,-69.0,-52.5,22.0,34.0,-91.1,7.3,1.0,120.0,1
D000586,3.5,1031.0,0.9,40.0,,-60.9,-49.5,28.5,46.0,-99.8,22.0,1.0,100.0,0
D000587,4.7,1228.0,1.04,29.5,0.49,-64.3,-48.3,22.6,48.0,-95.2,14.6,1.0,129.0,0
D000588,5.2,1174.0,1.27,28.5,0.48,-65.5,-50.2,22.3,49.0,-95.9,6.2,0.0,135.0,1
D000589,4.9,1163.0,1.17,26.5,0.51,-66.6,-49.7,21.9,42.0,-95.9,12.6,1.0,124.0,0
D000590,5.2,1050.0,1.12,37.0,0.44,-67.7,-47.5,20.9,44.0,-95.0,0.3,0.0,131.0,1
D000591,3.6,1149.0,1.04,29.0,0.63,-62.2,-50.9,25.8,43.0,-94.0,12.9,0.0,131.0,0
D000592,4.7,1190.0,1.2,28.5,0.48,-66.4,-49.7,24.3,,-94.3,12.4,0.0,122.0,0
D000593,4.5,1126.0,0.97,28.5,0.45,-64.6,-51.3,23.1,48.0,-96.6,8.1,0.0,135.0,1
D000594,4.3,1291.0,0.89,32.0,0.42,-63.5,-52.8,26.4,50.0,-90.7,11.3,0.0,113.0,1
D000595,7.0,1044.0,1.45,34.5,0.7,,-48.4,22.6,59.0,-91.3,8.5,1.0,100.0,0
D000596,4.4,1085.0,0.95,29.0,0.44,-65.1,-51.1,25.2,44.0,-97.1,8.7,1.0,127.0,1
D000597,4.9,1192.0,1.02,28.0,0.55,-66.1,-50.3,24.1,42.0,-95.4,13.9,1.0,133.0,0
D000598,4.6,1205.0,1.04,30.0,0.47,-66.0,-50.6,25.1,49.0,-95.3,6.1,1.0,130.0,1
D000599,6.4,1038.0,1.21,28.5,0.56,-60.4,-52.2,20.0,41.0,-95.7,7.1,1.0,100.0,0
D000600,4.7,1256.0,1.14,27.0,0.51,-65.6,-51.5,24.8,38.0,-95.4,9.8,1.0,132.0,1
D000601,6.2,1063.0,1.48,34.0,0.51,-64.9,-53.8,29.4,56.0,-97.6,3.3,1.0,143.0,1
D000602,4.7,1096.0,1.05,26.0,0.54,-66.8,-50.9,23.9,43.0,-95.8,5.9,0.0,129.0,1
D000603,4.4,1232.0,1.32,39.0,0.42,-68.8,-53.1,29.5,45.0,-91.7,3.2,0.0,125.0,1
D000604,4.4,1175.0,1.16,30.5,0.56,-65.0,-49.8,21.8,47.0,-95.9,7.5,1.0,118.0,0
D000605,4.9,1251.0,1.11,25.5,0.48,-65.0,-50.2,23.8,51.0,-97.0,7.8,0.0,132.0,1
D000606,6.5,1289.0,1.38,24.5,0.39,-62.7,-45.5,27.3,53.0,-97.6,19.3,0.0,115.0,0
D000607,5.1,1165.0,1.28,30.5,0.52,-65.9,,23.4,42.0,-96.5,8.0,1.0,129.0,1
D000608,4.3,1168.0,1.07,29.0,0.55,-66.2,-50.1,23.0,44.0,-95.8,,0.0,138.0,1
D000609,5.7,1091.0,1.14,37.5,0.46,-61.6,-52.3,28.2,42.0,-90.0,6.8,1.0,149.0,1
D000610,5.1,1217.0,1.03,30.0,0.53,-65.4,-48.3,23.9,47.0,-93.6,10.3,1.0,126.0,1
D000611,4.9,1176.0,1.17,31.5,0.47,-64.0,-51.1,24.7,42.0,-93.9,10.4,1.0,132.0,0
D000612,5.0,1111.0,1.06,31.0,0.52,-64.4,-51.3,23.0,39.0,-96.6,7.3,0.0,127.0,0
D000613,4.5,1176.0,1.54,26.0,0.62,-67.3,-52.8,29.2,41.0,-99.3,13.0,1.0,108.0,0
D000614,4.6,1222.0,1.11,32.0,0.49,-66.0,-50.6,23.8,46.0,-95.1,9.3,0.0,127.0,1
D000615,5.5,1138.0,1.1,26.5,0.46,-66.4,-51.4,26.3,46.0,-95.4,4.5,0.0,123.0,1
D000616,4.1,1232.0,1.12,26.0,0.56,-65.5,-50.1,24.9,44.0,-96.9,7.2,0.0,121.0,1
D000617,4.0,1221.0,1.32,23.0,0.36,-67.5,-48.2,26.1,41.0,-98.3,18.0,1.0,146.0,0
D000618,4.0,1152.0,1.13,27.0,0.53,-66.1,-52.1,22.1,50.0,-90.4,22.4,0.0,147.0,1
D000619,5.1,1187.0,0.89,27.0,0.52,-64.2,-50.1,22.8,43.0,-95.9,6.2,1.0,131.0,1
D000620,6.5,1286.0,1.59,38.0,0.63,-67.4,-50.5,24.9,54.0,-91.8,16.5,0.0,125.0,1
D000621,5.5,1151.0,1.05,28.0,0.46,-66.4,-49.0,22.5,44.0,-95.9,8.7,0.0,122.0,1
D000622,5.3,1265.0,1.12,29.5,0.44,-66.2,-50.8,24.8,49.0,-95.6,9.1,0.0,130.0,1
D000623,6.0,1192.0,1.09,29.0,0.49,-66.6,-48.1,25.6,43.0,-94.3,10.3,1.0,130.0,1
D000624,5.1,1148.0,1.2,27.0,0.48,-66.2,-50.2,24.1,39.0,-97.7,4.7,0.0,128.0,1
D000625,6.1,1262.0,1.37,37.0,0.45,-67.1,-48.3,23.2,48.0,-91.1,10.2,0.0,143.0,1
D000626,5.3,1244.0,1.13,28.5,0.5,-65.2,-50.0,22.9,42.0,-95.9,9.2,0.0,122.0,1
D000627,5.3,1171.0,1.02,31.5,0.41,-67.4,-49.5,23.1,45.0,-94.9,11.5,0.0,129.0,1
D000628,5.8,1113.0,1.02,24.0,0.34,-61.6,-54.3,25.9,33.0,-93.8,1.0,0.0,122.0,0
D000629,4.5,1173.0,1.17,29.0,0.53,-64.3,-50.6,23.9,42.0,-96.2,11.0,1.0,130.0,0
D000630,4.8,1130.0,0.8,39.0,0.49,-66.5,-51.3,28.2,42.0,-98.6,,1.0,149.0,1
D000631,4.0,1193.0,1.05,31.5,0.4,-67.8,-50.2,23.1,54.0,-95.0,4.8,1.0,126.0,0
D000632,5.3,1122.0,0.95,26.5,0.41,-62.2,-46.9,26.8,36.0,-94.1,2.5,0.0,114.0,1
D000633,4.7,1276.0,1.28,36.5,0.54,-67.4,-49.4,27.5,50.0,-96.9,22.0,1.0,113.0,0
D000634,5.3,1300.0,0.85,32.0,0.54,-62.1,-54.7,29.5,32.0,,18.3,1.0,142.0,1
D000635,3.9,1176.0,0.96,22.5,0.66,-67.1,-49.9,21.4,35.0,-94.6,19.7,0.0,129.0,0
D000636,5.2,1202.0,1.06,28.0,0.49,-65.4,-48.7,24.9,39.0,-96.3,8.9,1.0,126.0,1
D000637,5.0,1260.0,1.06,31.5,0.53,-67.0,-49.7,23.3,38.0,-95.8,9.8,1.0,123.0,1
D000638,5.3,1267.0,0.98,22.0,0.55,-65.5,-51.3,26.3,33.0,-95.2,2.9,0.0,114.0,1
D000639,6.1,1115.0,1.26,36.0,0.66,-62.2,-46.3,21.4,55.0,-91.0,12.7,1.0,105.0,0
D000640,5.3,1025.0,0.9,36.5,0.65,-64.5,-52.2,29.8,33.0,-96.4,13.8,1.0,101.0,0
D000641,4.8,1236.0,1.0,30.0,0.37,-65.0,-52.5,24.3,48.0,-97.3,9.7,0.0,127.0,1
D000642,6.4,1395.0,1.2,39.0,0.67,,-48.2,26.7,51.0,-99.7,3.4,1.0,109.0,0
D000643,4.5,,1.18,28.0,0.46,-63.5,-50.6,22.8,46.0,-96.3,10.6,1.0,130.0,1
D000644,5.1,1187.0,0.96,29.0,0.49,-65.7,-51.4,23.1,43.0,-94.3,9.3,1.0,127.0,1
D000645,5.5,1189.0,1.01,27.0,0.49,-65.6,-50.2,22.7,45.0,-94.7,11.8,1.0,122.0,1
D000646,5.5,1346.0,0.9,22.5,0.64,-62.2,-47.1,27.9,51.0,-98.1,22.7,0.0,113.0,0
D000647,4.5,,0.91,26.0,0.43,-65.8,-50.7,23.7,44.0,-94.9,5.2,0.0,119.0,1
D000648,4.8,1235.0,1.05,26.5,0.47,-64.1,-50.3,24.1,43.0,-95.4,10.8,1.0,129.0,1
D000649,5.4,1237.0,1.2,30.5,0.5,,-48.2,24.3,43.0,-96.1,5.5,1.0,126.0,1
D000650,6.6,1154.0,1.38,26.5,0.65,-68.5,-50.3,20.4,59.0,-98.4,19.8,1.0,100.0,0
D000651,5.0,1200.0,0.95,30.0,0.54,-67.2,-51.2,26.0,42.0,-96.2,,,126.0,1
D000652,5.0,1205.0,1.13,28.5,0.45,-67.0,-48.4,23.5,44.0,-95.5,6.1,1.0,125.0,1
D000653,4.3,1131.0,1.25,29.0,0.49,-64.9,-51.1,24.0,42.0,-95.8,6.3,1.0,121.0,0
D000654,5.0,1261.0,1.16,31.5,0.52,-65.4,-49.0,24.1,44.0,-96.0,13.3,1.0,131.0,1
D000655,4.7,1163.0,1.16,28.0,0.52,-66.4,-49.3,24.3,50.0,-95.9,6.7,1.0,131.0,1
D000656,5.5,1129.0,1.13,31.0,0.54,-63.2,-50.5,23.8,39.0,-95.1,6.6,1.0,132.0,1
D000657,3.4,1251.0,1.4,23.0,0.68,-65.6,-48.5,29.8,43.0,-93.4,15.8,0.0,129.0,0
D000658,5.0,1146.0,1.07,28.5,0.46,-64.8,-50.4,25.5,43.0,-96.2,9.8,1.0,129.0,1
D000659,4.5,1384.0,1.17,34.5,0.4,,-45.2,25.1,58.0,-95.2,6.0,1.0,139.0,1
D000660,5.1,1174.0,0.93,29.5,0.47,-65.5,-47.6,23.3,45.0,-95.4,13.1,1.0,127.0,1
D000661,4.4,1187.0,1.21,30.5,0.45,-64.7,-50.4,23.4,42.0,-95.4,6.8,0.0,130.0,1
D000662,3.9,1006.0,1.06,34.5,0.41,-66.7,-54.8,27.0,31.0,-94.1,7.4,1.0,130.0,1
D000663,3.7,1235.0,1.2,28.5,0.45,-64.4,-49.3,23.4,49.0,-93.7,11.6,0.0,136.0,1
D000664,4.9,1219.0,1.1,29.0,0.42,-66.8,-50.7,23.6,42.0,-96.4,10.4,1.0,134.0,1
D000665,5.4,1111.0,1.17,31.0,0.45,-66.8,-50.4,23.3,46.0,-97.4,3.1,1.0,126.0,1
D000666,5.2,1183.0,1.2,30.5,0.39,-66.4,-50.1,26.5,49.0,-94.6,8.0,0.0,128.0,1
D000667,5.7,1142.0,1.0,30.5,0.47,-64.8,-49.1,25.6,46.0,-95.3,9.3,1.0,123.0,1
D000668,4.4,1195.0,1.16,25.0,0.45,-65.0,-50.4,22.0,45.0,-99.4,21.0,1.0,115.0,0
D000669,3.5,1027.0,1.24,23.0,0.41,-68.2,-50.1,25.9,38.0,-100.0,3.5,,119.0,0
D000670,4.5,1194.0,1.2,27.0,0.54,-64.0,-49.2,24.9,45.0,-96.1,6.4,1.0,136.0,1
D000671,4.3,1209.0,1.13,27.0,0.38,-66.4,-49.0,26.4,42.0,-95.6,8.8,0.0,137.0,0
D000672,4.6,1232.0,1.03,26.5,0.49,-65.7,-48.6,25.1,44.0,-97.8,7.7,1.0,127.0,1
D000673,4.3,1159.0,1.03,28.0,0.54,-65.9,-51.2,21.6,43.0,-96.0,7.0,1.0,132.0,0
D000674,6.4,1243.0,1.48,22.5,0.69,-61.8,-51.1,26.5,,-97.3,23.5,1.0,110.0,0
D000675,4.4,1196.0,1.17,29.0,,-66.0,-49.7,23.8,49.0,-95.5,9.7,1.0,132.0,0
D000676,5.3,1320.0,1.28,22.5,0.44,-68.8,-50.2,27.1,55.0,-90.8,22.5,0.0,116.0,0
D000677,5.7,1206.0,1.02,28.5,0.57,-66.7,-51.1,23.0,42.0,-95.8,5.8,1.0,128.0,1
D000678,4.2,1028.0,0.94,32.0,0.61,-61.6,-53.1,26.6,33.0,-95.7,2.4,0.0,112.0,0
D000679,4.9,1304.0,1.05,33.5,0.49,-63.9,-49.6,25.3,43.0,-94.3,8.2,1.0,125.0,1
D000680,4.4,1172.0,1.03,26.5,0.53,-66.2,-50.5,25.2,46.0,-95.5,7.0,0.0,118.0,1
D000681,4.6,1080.0,1.26,34.5,0.55,-65.2,-52.2,25.5,49.0,-91.0,19.9,1.0,103.0,0
D000682,,1151.0,1.22,29.5,0.45,-65.7,-49.0,24.2,46.0,,8.3,1.0,131.0,0
D000683,5.3,1186.0,1.1,24.5,0.47,-65.3,-47.6,23.8,46.0,-95.5,8.9,1.0,129.0,1
D000684,5.1,1292.0,1.14,,0.51,-65.4,-48.5,25.0,45.0,-94.9,7.0,0.0,125.0,1
D000685,4.7,1266.0,1.04,31.5,0.58,-69.0,-52.7,20.1,40.0,-94.3,15.1,1.0,127.0,1
D000686,5.8,1353.0,1.27,36.5,0.62,-69.4,-50.8,28.1,37.0,-97.8,22.8,1.0,134.0,1
D000687,5.2,1173.0,1.23,27.0,0.49,-64.7,-50.9,25.1,,-96.5,10.1,1.0,125.0,1
D000688,3.4,1266.0,0.86,39.5,0.4,-67.0,-50.8,28.6,34.0,-97.5,23.6,,119.0,0
D000689,4.8,1185.0,1.16,28.5,0.52,-65.3,-49.7,24.3,41.0,-95.8,6.6,1.0,132.0,1
D000690,4.7,1141.0,0.98,29.5,0.47,-66.6,-51.7,23.9,41.0,-96.0,3.9,1.0,132.0,1
D000691,4.9,1094.0,1.11,30.0,0.55,-65.8,,21.9,44.0,-94.8,9.9,0.0,124.0,1
D000692,4.6,1150.0,0.86,23.0,0.52,-67.1,-53.8,26.0,51.0,-93.3,14.0,0.0,104.0,1
D000693,4.5,1137.0,1.12,26.5,0.47,-65.1,-51.8,26.1,41.0,-95.2,9.6,1.0,127.0,0
D000694,5.0,1174.0,1.0,31.5,0.37,-67.1,-49.7,26.8,43.0,-94.4,8.2,0.0,122.0,1
D000695,5.4,1105.0,1.06,27.0,0.52,-64.8,-49.7,25.6,43.0,-92.9,8.7,1.0,132.0,1
D000696,4.7,1200.0,0.99,27.5,0.51,-65.3,-48.9,23.0,43.0,-96.2,9.5,0.0,130.0,1
D000697,3.1,1102.0,1.1,31.5,0.5,-67.3,-51.9,29.2,47.0,-95.1,6.7,,109.0,0
D000698,6.6,1205.0,1.38,29.0,0.5,-65.4,-54.2,21.6,52.0,-90.4,21.6,1.0,127.0,1
D000699,5.1,1116.0,1.15,30.0,0.5,-65.5,-50.9,24.7,42.0,-97.0,10.8,1.0,124.0,1
D000700,3.9,1048.0,0.84,28.5,0.34,-67.6,-52.8,24.9,31.0,-93.7,11.4,0.0,145.0,1
D000701,5.3,1164.0,1.13,30.0,0.51,-64.6,-51.7,23.1,44.0,-96.2,11.5,0.0,129.0,1
D000702,6.8,1046.0,1.44,30.0,0.42,-68.4,-47.9,21.3,51.0,-95.1,4.4,1.0,131.0,1
D000703,4.9,1202.0,1.04,29.0,0.51,-63.7,-49.7,24.7,46.0,-94.8,10.2,1.0,120.0,0
D000704,4.8,1149.0,1.2,28.0,0.45,-67.8,-51.0,22.3,40.0,-96.2,12.0,0.0,132.0,1
D000705,6.1,1152.0,0.88,36.0,0.57,-63.5,-46.1,21.5,55.0,-98.3,9.0,1.0,121.0,1
D000706,4.1,1140.0,1.07,27.5,0.56,-65.0,-49.7,23.8,43.0,-94.4,10.8,0.0,118.0,0
D000707,4.8,1105.0,1.04,26.5,0.52,-65.5,-49.1,21.7,42.0,-95.5,8.8,0.0,125.0,1
D000708,3.5,1072.0,1.0,29.0,0.33,-68.2,-46.5,23.9,42.0,,23.0,0.0,140.0,0
D000709,5.2,1147.0,1.1,28.5,0.49,-64.9,-50.7,21.8,44.0,-95.7,7.0,1.0,131.0,0
D000710,5.9,1143.0,1.13,26.5,0.52,-64.4,-46.6,27.4,40.0,-91.1,17.2,1.0,127.0,0
D000711,4.5,1309.0,1.37,28.0,0.3,-66.5,-51.1,22.2,37.0,-90.6,22.4,1.0,145.0,0
D000712,4.5,1198.0,1.1,31.0,0.44,,-49.6,25.7,38.0,-94.5,9.0,1.0,128.0,1
D000713,4.9,1183.0,1.4,30.5,0.52,-66.8,-50.0,22.1,33.0,-99.6,13.9,1.0,133.0,1
D000714,4.4,1034.0,1.13,23.0,0.48,-64.6,-49.3,21.2,35.0,-94.1,18.7,1.0,100.0,0
D000715,4.0,1203.0,1.2,34.0,0.61,-63.5,-49.1,28.9,38.0,-96.8,12.4,0.0,120.0,0
D000716,5.2,1153.0,1.1,26.5,0.37,-67.2,-49.9,25.1,47.0,-96.9,10.9,0.0,127.0,1
D000717,4.0,1178.0,1.22,26.0,0.48,-65.1,-48.7,23.0,49.0,-95.1,8.2,1.0,126.0,0
D000718,4.5,1224.0,0.91,32.0,0.51,-67.3,-49.6,23.9,43.0,-95.6,9.1,0.0,131.0,1
D000719,4.2,1224.0,1.09,31.5,0.44,-63.1,-50.0,23.2,49.0,-96.4,7.4,1.0,123.0,1
D000720,3.7,1020.0,1.02,34.5,0.54,-60.2,-49.0,22.6,58.0,-95.0,18.9,1.0,115.0,0
D000721,4.6,1209.0,1.02,27.5,0.46,-65.4,-50.8,25.1,43.0,-95.7,10.2,0.0,134.0,1
D000722,4.6,1247.0,1.58,22.0,0.58,-65.7,-54.9,26.2,50.0,-97.3,21.1,1.0,101.0,0
D000723,4.8,1144.0,1.16,29.5,0.45,-65.7,-52.4,24.5,40.0,-94.6,10.5,0.0,125.0,1
D000724,5.0,1154.0,1.01,30.5,0.46,-67.0,-50.3,23.6,42.0,-93.6,10.8,0.0,133.0,1
D000725,4.8,1315.0,1.49,26.5,0.57,-68.8,-47.4,29.1,37.0,-93.6,3.4,0.0,116.0,1
D000726,5.0,1020.0,0.97,36.5,0.7,-65.1,-54.5,30.0,52.0,,5.4,0.0,136.0,0
D000727,5.1,1199.0,1.08,29.0,0.54,-65.2,-49.8,25.1,46.0,-96.6,13.2,1.0,122.0,1
D000728,4.5,1146.0,1.03,28.5,0.49,-66.1,-51.3,24.0,45.0,-94.8,11.6,0.0,126.0,1
D000729,4.0,1132.0,1.03,30.0,0.39,-66.1,-50.7,23.7,48.0,-95.6,7.5,0.0,128.0,1
D000730,5.2,1135.0,1.08,29.0,0.48,-65.6,-49.1,24.7,48.0,-96.0,6.6,0.0,136.0,1
D000731,4.4,1147.0,1.16,28.5,0.54,-63.6,-50.7,24.3,46.0,-95.9,5.8,0.0,124.0,1
D000732,6.7,1290.0,0.98,23.5,0.49,-62.2,-48.7,26.3,,-95.1,17.6,1.0,101.0,0
D000733,4.9,1161.0,1.13,29.5,0.54,-63.1,-48.9,24.6,41.0,-94.8,,1.0,114.0,0
D000734,4.9,1133.0,1.11,28.0,0.45,-65.2,-48.5,25.8,47.0,-96.5,8.3,1.0,126.0,1
D000735,4.7,1152.0,1.01,28.5,0.48,-65.4,-48.6,24.0,50.0,-95.1,9.4,0.0,122.0,1
D000736,4.5,1210.0,1.09,28.0,0.51,-65.3,-47.7,26.0,46.0,-94.6,6.0,0.0,132.0,1
D000737,5.6,1148.0,1.17,31.0,0.39,-65.1,,25.2,47.0,-95.2,6.5,1.0,128.0,0
D000738,4.7,1166.0,1.18,30.0,0.52,-65.7,-49.0,24.0,45.0,-93.9,9.7,,127.0,0
D000739,5.0,1106.0,1.08,29.0,0.46,-65.2,-49.9,22.5,45.0,-96.4,5.3,1.0,125.0,1
D000740,4.7,1254.0,1.21,27.0,0.55,-65.4,-50.2,24.3,47.0,-95.7,7.3,,135.0,0
D000741,4.7,1188.0,1.01,27.5,0.46,-65.4,-50.1,23.9,41.0,-95.9,9.9,0.0,130.0,1
D000742,3.3,1066.0,0.87,,0.63,-60.1,-52.7,25.5,45.0,-99.1,16.2,1.0,110.0,0
D000743,6.7,1188.0,0.93,37.0,0.66,-64.9,,22.2,37.0,-90.5,14.5,1.0,115.0,1
D000744,4.8,1136.0,1.23,30.5,0.52,-66.2,,23.6,42.0,,9.8,0.0,125.0,1
D000745,5.0,1140.0,1.13,29.5,0.46,-66.2,-50.1,23.8,39.0,-94.4,9.0,1.0,122.0,1
D000746,4.7,1217.0,1.19,26.5,0.49,-65.4,-50.0,24.9,43.0,-94.6,4.8,1.0,126.0,1
D000747,4.6,1129.0,,30.0,0.44,-67.0,-50.1,25.6,43.0,-93.6,5.4,1.0,127.0,1
D000748,5.0,1191.0,1.21,28.0,0.47,-65.7,-50.4,25.7,36.0,-96.0,,0.0,,1
D000749,7.0,1156.0,1.4,35.5,0.64,-69.3,-46.5,22.9,35.0,-93.4,18.4,0.0,148.0,1
D000750,4.5,1132.0,1.17,28.0,0.49,-64.7,-50.8,23.7,43.0,-95.2,7.7,0.0,129.0,1
D000751,4.5,1169.0,1.15,31.5,0.45,-66.3,-48.6,23.6,44.0,-95.1,14.9,0.0,128.0,1
D000752,5.4,1223.0,1.56,22.0,0.6,-62.3,-51.1,22.7,53.0,-91.7,8.7,0.0,113.0,0
D000753,6.1,1325.0,1.55,37.0,0.35,-69.4,-54.9,24.6,54.0,-95.5,8.8,1.0,140.0,1
D000754,6.3,1041.0,1.57,30.0,0.67,-60.1,-51.7,26.9,46.0,-97.4,14.1,1.0,145.0,0
D000755,4.9,1127.0,1.01,30.0,0.56,-65.4,-49.6,24.3,40.0,-96.5,,1.0,131.0,1
D000756,7.0,1057.0,1.06,26.0,0.35,-66.4,-53.7,22.5,49.0,-98.2,3.1,1.0,136.0,1
D000757,4.2,1178.0,1.14,30.0,0.5,-65.6,-51.3,24.8,48.0,-96.8,11.0,0.0,131.0,1
D000758,6.6,1365.0,0.99,38.5,0.37,-68.0,-46.3,28.9,51.0,-90.9,2.6,1.0,144.0,1
D000759,4.8,1363.0,1.43,32.0,0.38,-64.5,-52.9,24.3,31.0,-96.7,5.6,1.0,128.0,1
D000760,3.5,1122.0,0.91,21.0,0.7,-63.0,-53.0,28.6,43.0,-95.3,3.9,1.0,120.0,0
D000761,3.1,1021.0,0.85,36.5,0.35,-68.1,-45.0,20.7,32.0,-95.7,14.1,1.0,143.0,0
D000762,4.9,1162.0,0.98,31.0,0.52,-66.2,-49.7,25.5,46.0,-95.6,5.8,1.0,131.0,1
D000763,4.6,1109.0,1.03,29.0,0.51,-66.8,-47.7,23.6,44.0,-95.2,9.6,1.0,125.0,1
D000764,5.1,1169.0,1.18,27.5,,-63.5,-50.5,23.1,47.0,-93.7,10.9,1.0,127.0,0
D000765,4.7,1089.0,0.97,27.0,0.47,-66.5,-49.0,23.7,52.0,-94.8,6.8,0.0,131.0,1
D000766,4.6,1184.0,1.21,30.0,0.45,-65.7,-50.4,23.9,40.0,-96.8,13.6,0.0,133.0,1
D000767,3.2,1344.0,0.84,21.5,0.57,-62.1,-49.4,21.0,55.0,-96.0,23.2,1.0,121.0,0
D000768,4.9,1238.0,1.35,28.5,0.56,-60.7,-48.4,20.9,,-99.1,15.3,1.0,121.0,0
D000769,4.7,1266.0,1.42,39.5,0.43,-65.5,-46.2,26.0,52.0,-92.1,9.0,1.0,138.0,0
D000770,5.1,1078.0,1.29,27.0,0.39,-65.9,-50.0,28.3,48.0,-92.9,2.8,1.0,103.0,0
D000771,4.7,1175.0,1.17,29.0,0.47,-65.6,-50.0,24.1,42.0,-96.5,12.5,0.0,129.0,1
D000772,4.7,1227.0,1.18,29.0,0.49,-66.2,-50.3,22.4,50.0,-96.6,8.4,1.0,136.0,1
D000773,4.5,1119.0,1.05,33.5,0.48,-65.2,-51.5,25.1,49.0,-95.1,13.5,1.0,127.0,1
D000774,4.5,1096.0,1.03,,0.49,-65.4,-51.8,22.0,47.0,-95.2,7.6,,139.0,1
D000775,6.4,1259.0,1.53,35.0,0.52,-68.9,,21.4,,-90.1,5.0,0.0,147.0,1
D000776,4.4,1169.0,1.08,32.5,0.47,-66.6,-51.2,26.5,41.0,-95.1,11.3,0.0,128.0,1
D000777,5.3,1106.0,1.18,37.5,0.66,-69.3,-53.1,28.6,45.0,-94.1,22.4,0.0,136.0,0
D000778,5.1,1054.0,1.5,21.0,0.65,,-53.5,27.2,57.0,-99.5,14.2,1.0,136.0,0
D000779,4.3,1180.0,1.09,28.0,0.45,-65.5,-51.1,23.6,42.0,-95.2,8.6,1.0,127.0,1
D000780,4.6,1171.0,1.16,27.0,0.52,-65.7,-49.4,24.1,44.0,-95.0,8.6,0.0,131.0,1
D000781,4.7,1172.0,1.13,24.5,0.48,-67.1,-50.4,23.9,45.0,-95.7,9.4,0.0,133.0,1
D000782,5.1,1156.0,1.18,29.0,0.48,-64.4,-50.6,24.7,42.0,-95.5,9.7,0.0,123.0,1
D000783,4.9,1172.0,0.99,26.0,0.5,-63.2,-48.5,25.6,47.0,-95.5,12.1,1.0,133.0,0
D000784,3.4,1177.0,1.48,29.5,0.59,-66.7,-47.8,23.4,43.0,-90.4,12.3,1.0,138.0,0
D000785,4.7,1368.0,1.12,32.5,0.3,-64.0,-45.7,22.1,46.0,,5.7,1.0,111.0,0
D000786,5.1,1135.0,1.17,28.0,0.44,-65.1,-50.0,25.1,41.0,-95.5,11.0,0.0,124.0,1
D000787,5.0,1199.0,1.04,26.0,0.47,-65.6,-50.6,23.3,40.0,-95.2,,1.0,121.0,1
D000788,4.1,1213.0,1.16,29.0,0.47,-64.7,-50.3,24.7,45.0,-93.4,5.8,1.0,136.0,1
D000789,5.6,1346.0,0.9,38.5,0.38,-62.8,-52.4,28.1,40.0,-97.2,19.7,1.0,141.0,1
D000790,3.4,1133.0,0.99,38.5,0.45,-66.6,-53.0,28.4,53.0,-91.9,2.4,1.0,136.0,0
D000791,4.0,1377.0,0.8,33.0,0.38,-64.2,-51.3,21.6,54.0,-97.1,22.7,0.0,142.0,0
D000792,5.0,1246.0,0.99,31.0,0.5,-66.0,-49.0,23.2,47.0,-93.8,7.8,0.0,119.0,1
D000793,5.6,1125.0,1.09,27.5,0.53,-64.4,-48.8,22.3,39.0,-96.0,5.3,1.0,128.0,1
D000794,4.5,1208.0,1.08,31.5,0.48,-65.2,-50.5,23.6,44.0,-96.1,8.0,0.0,125.0,1
D000795,4.4,1197.0,1.5,25.5,0.48,-65.1,-52.9,23.9,54.0,-99.8,22.1,1.0,113.0,0
D000796,5.9,1278.0,1.03,30.0,0.5,-64.6,-50.1,20.9,48.0,-95.8,4.0,1.0,135.0,1
D000797,5.1,1231.0,1.15,27.0,0.51,-64.3,-50.1,24.1,39.0,-96.1,7.0,0.0,128.0,1
D000798,5.0,1057.0,1.14,27.0,0.47,-65.5,-49.1,24.4,41.0,-96.0,5.0,1.0,124.0,1
D000799,4.8,1234.0,1.1,27.0,0.47,-65.5,-50.3,26.0,46.0,-95.6,8.1,1.0,123.0,1
D000800,5.1,1224.0,1.06,27.5,0.51,-64.8,-49.9,23.3,47.0,-94.7,,1.0,129.0,1
D000801,3.0,1003.0,1.29,30.5,0.37,-62.4,-48.1,24.8,47.0,-93.1,4.7,0.0,142.0,0
D000802,4.9,1146.0,1.14,30.5,0.48,-65.2,-50.5,23.5,40.0,-95.4,6.9,0.0,131.0,1
D000803,4.4,1147.0,1.1,29.5,,-63.0,-48.5,24.0,42.0,-96.3,8.4,1.0,124.0,1
D000804,4.8,1194.0,0.97,30.0,0.49,-65.5,-49.0,24.1,41.0,-94.0,10.2,1.0,128.0,1
D000805,5.5,1188.0,1.18,26.5,0.37,-65.5,-51.4,24.6,45.0,-94.5,7.0,0.0,133.0,1
D000806,4.7,1264.0,1.05,28.0,0.4,-67.0,-50.2,25.3,45.0,-94.0,10.2,0.0,126.0,1
D000807,6.3,1210.0,1.58,23.5,0.5,-61.4,-53.7,27.4,32.0,-93.1,11.9,0.0,139.0,0
D000808,4.6,1184.0,1.22,26.0,0.54,-66.1,-50.2,23.8,45.0,-95.7,9.5,1.0,123.0,0
D000809,3.8,1378.0,1.43,26.5,0.37,-67.3,-49.6,21.5,43.0,-93.5,0.8,1.0,134.0,0
D000810,4.5,1181.0,1.18,24.0,0.47,-67.7,-49.8,25.6,44.0,-95.3,9.6,0.0,125.0,1
D000811,5.2,1226.0,1.02,30.0,0.47,-63.0,-51.9,23.8,46.0,-95.4,2.7,1.0,115.0,1
D000812,5.1,1230.0,1.13,27.5,0.48,-65.5,-48.7,24.0,44.0,-94.8,10.2,,127.0,0
D000813,3.4,1147.0,0.96,24.5,,-66.7,-51.8,20.2,,-93.2,20.2,1.0,117.0,0
D000814,4.7,1177.0,1.06,28.0,0.53,-66.4,-50.2,23.1,46.0,-96.9,8.1,1.0,130.0,1
D000815,5.0,1147.0,1.1,30.0,0.51,,-50.2,23.3,49.0,-98.7,5.0,1.0,128.0,1
D000816,5.5,1101.0,1.18,40.0,0.56,-69.1,-54.0,29.9,47.0,-96.4,7.2,0.0,116.0,1
D000817,4.8,1102.0,1.34,35.0,0.48,-69.4,-45.1,30.0,34.0,-95.2,0.7,0.0,114.0,1
D000818,3.3,1077.0,0.85,25.0,0.3,-66.0,-49.6,26.4,41.0,-95.0,12.0,0.0,144.0,0
D000819,4.6,1187.0,1.15,30.5,0.5,-66.0,-50.9,25.3,45.0,-95.6,15.2,1.0,132.0,0
D000820,4.6,1186.0,1.18,29.5,0.49,-67.8,-51.7,24.4,41.0,-95.6,8.2,1.0,134.0,1
D000821,4.8,1232.0,0.97,34.5,0.41,-64.0,-48.6,23.8,40.0,-94.6,9.4,0.0,134.0,1
D000822,4.7,1034.0,1.11,30.5,0.42,-64.0,-50.0,24.0,44.0,-95.3,,0.0,135.0,0
D000823,4.9,1182.0,1.03,30.0,0.49,-65.1,-49.6,23.7,46.0,-95.8,6.9,1.0,129.0,1
D000824,3.3,1307.0,1.15,23.0,0.67,-64.0,-51.4,25.3,55.0,-98.0,13.8,0.0,122.0,0
D000825,4.9,1187.0,0.99,30.0,0.45,-65.0,-49.9,25.5,48.0,-94.7,7.9,1.0,137.0,1
D000826,3.7,1314.0,0.93,36.5,0.38,-68.5,-51.0,26.0,60.0,-96.2,8.2,1.0,119.0,0
D000827,5.4,1065.0,1.13,39.0,0.44,-62.7,-54.5,22.8,48.0,-92.8,16.9,1.0,108.0,0
D000828,5.0,1204.0,1.13,26.5,0.46,-65.0,-51.9,23.6,42.0,-95.7,7.2,1.0,129.0,1
D000829,5.7,1287.0,1.45,22.5,0.44,-61.1,-53.4,21.8,33.0,-93.6,7.4,1.0,142.0,1
D000830,5.1,1184.0,1.06,28.5,0.52,-64.8,-50.7,25.2,47.0,-95.0,9.0,1.0,127.0,1
D000831,6.3,1380.0,1.17,32.5,0.54,-68.3,-51.8,,60.0,-99.2,4.3,1.0,137.0,0
D000832,4.8,1171.0,1.09,28.5,0.43,-66.8,-51.8,24.2,43.0,-95.4,6.3,1.0,129.0,1
D000833,5.4,1042.0,1.52,21.5,0.37,-69.0,-51.7,28.8,48.0,-92.7,15.7,1.0,137.0,0
D000834,4.9,1164.0,1.19,25.5,0.45,-63.8,-50.2,24.6,46.0,-95.5,10.2,1.0,136.0,0
D000835,4.7,1169.0,1.12,29.0,0.46,-66.8,-51.0,22.3,49.0,-95.3,3.2,0.0,128.0,1
D000836,4.4,1186.0,1.08,27.0,0.54,-65.2,-49.3,25.7,43.0,-95.8,8.1,1.0,131.0,1
D000837,4.7,1117.0,1.13,32.0,0.48,-66.2,-51.0,23.9,39.0,-95.4,6.5,1.0,118.0,1
D000838,5.3,1374.0,1.22,29.5,0.49,-64.5,-47.2,25.9,53.0,,5.9,0.0,148.0,1
D000839,4.2,1210.0,0.94,28.0,0.38,-63.8,-48.8,29.1,40.0,-95.3,13.5,0.0,135.0,0
D000840,5.0,1149.0,1.15,32.0,0.44,-64.7,-50.7,24.1,36.0,-95.0,8.2,1.0,126.0,1
D000841,4.2,1112.0,1.13,30.0,0.43,-64.3,-51.3,24.6,37.0,-95.1,11.9,0.0,133.0,1
D000842,4.7,1157.0,1.14,31.5,0.47,-66.3,-49.6,23.3,50.0,-95.4,9.2,1.0,128.0,1
D000843,4.8,1253.0,1.02,27.5,0.42,-64.0,-49.4,22.5,46.0,-97.3,10.6,1.0,128.0,1
D000844,4.9,1155.0,1.1,25.5,0.5,-66.6,-51.3,23.7,48.0,-95.8,5.0,0.0,134.0,1
D000845,5.0,1181.0,1.16,31.5,0.45,-65.0,-50.5,23.1,46.0,-93.4,10.7,1.0,136.0,1
D000846,4.3,1092.0,0.81,35.0,0.44,-63.6,-51.2,24.1,48.0,-97.9,6.3,0.0,122.0,1
D000847,4.6,1108.0,1.21,33.0,0.34,-60.4,-47.3,25.1,32.0,-90.4,,0.0,147.0,0
D000848,4.3,1392.0,1.26,20.5,0.44,-69.3,-54.5,24.4,30.0,-99.1,10.7,0.0,103.0,1
D000849,5.0,1287.0,1.13,29.5,0.44,-67.0,-50.6,24.8,41.0,-96.4,10.2,0.0,128.0,1
D000850,5.2,1115.0,1.02,29.5,0.51,-66.7,-49.6,24.7,45.0,-95.3,7.5,1.0,128.0,1
D000851,4.6,1117.0,1.07,31.0,0.48,-65.5,-48.1,23.2,44.0,-94.7,10.1,1.0,128.0,1
D000852,5.4,1146.0,1.43,31.0,0.46,-65.4,-50.6,25.9,52.0,-94.2,14.2,1.0,108.0,0
D000853,4.9,1177.0,1.1,31.0,0.53,-65.7,-49.8,23.7,48.0,-95.2,9.6,0.0,128.0,1
D000854,4.7,1180.0,1.09,28.0,0.44,-65.7,-52.7,22.8,40.0,-94.3,6.6,1.0,129.0,1
D000855,5.1,1184.0,1.17,28.5,0.5,-65.8,-48.2,24.5,41.0,-96.2,7.1,1.0,131.0,1
D000856,4.7,1242.0,1.11,27.5,0.5,-65.6,-49.1,23.4,44.0,-94.9,9.7,0.0,129.0,1
D000857,4.2,1304.0,1.01,24.0,0.68,-69.5,-48.4,26.5,40.0,-96.9,23.9,1.0,113.0,0
D000858,5.6,1223.0,1.12,27.0,0.47,-65.4,-49.8,23.2,43.0,-95.0,8.3,1.0,121.0,1
D000859,5.1,1265.0,1.13,27.0,0.44,-65.9,-49.6,24.6,44.0,-95.4,6.5,0.0,129.0,1
D000860,4.5,1163.0,1.05,31.0,0.42,-65.6,-51.1,23.4,46.0,-95.5,9.9,0.0,132.0,1
D000861,4.8,1229.0,1.19,27.5,0.47,-66.4,-49.9,24.7,44.0,-96.9,7.8,1.0,124.0,1
D000862,3.3,1210.0,1.36,20.5,0.36,-66.2,-46.3,28.7,42.0,-94.5,8.3,1.0,119.0,0
D000863,4.6,1153.0,1.15,32.5,0.45,-63.7,-49.8,24.3,39.0,-95.6,6.5,1.0,136.0,1
D000864,5.1,1154.0,1.22,30.5,0.52,-68.5,-49.9,23.9,48.0,-95.1,8.3,0.0,125.0,1
D000865,5.1,1261.0,1.11,28.5,0.5,-65.9,-49.6,24.1,48.0,-95.8,5.9,1.0,127.0,1
D000866,5.3,1202.0,1.18,30.5,,-65.2,-47.5,25.7,43.0,-94.5,9.8,1.0,128.0,1
D000867,4.6,1225.0,1.08,28.5,0.44,-64.6,-49.0,23.1,43.0,-95.1,14.0,0.0,129.0,1
D000868,4.3,1204.0,1.14,31.0,0.52,-64.9,-52.4,23.5,46.0,-94.9,8.8,1.0,127.0,1
D000869,5.0,,1.06,29.5,0.43,-66.6,-50.6,25.4,45.0,-95.3,8.2,1.0,128.0,1
D000870,5.4,1115.0,0.98,28.5,0.33,-62.2,-46.6,25.9,38.0,-92.5,20.2,1.0,110.0,0
D000871,4.6,1212.0,1.1,28.0,0.44,-66.5,-50.0,25.3,45.0,-96.7,8.4,1.0,132.0,1
D000872,3.9,1175.0,1.29,27.5,0.48,-66.1,-49.4,24.7,39.0,-96.2,9.2,0.0,127.0,1
D000873,3.6,1054.0,1.11,30.5,0.38,-67.5,-54.7,26.7,32.0,-91.6,9.8,0.0,114.0,0
D000874,4.7,1271.0,1.18,29.0,0.5,-65.1,-50.1,25.1,46.0,-95.9,7.4,0.0,134.0,1
D000875,6.0,1173.0,1.58,28.5,0.63,-62.8,-46.5,25.9,59.0,-95.6,17.4,1.0,115.0,0
D000876,4.7,1175.0,1.14,26.5,0.48,-66.3,-50.8,23.5,42.0,-94.7,11.1,0.0,139.0,1
D000877,5.1,1226.0,0.96,30.5,0.48,-64.4,-48.6,23.2,45.0,-95.5,14.2,0.0,130.0,1
D000878,3.5,1142.0,1.25,30.0,0.54,-65.5,-49.7,23.7,43.0,-94.4,8.7,1.0,139.0,1
D000879,5.0,1116.0,1.32,33.0,0.44,,-48.9,25.8,44.0,,14.1,1.0,134.0,1
D000880,4.5,1169.0,1.19,26.5,0.41,-65.0,-50.6,23.5,41.0,-95.6,9.0,1.0,132.0,0
D000881,5.2,1194.0,1.08,27.5,0.37,-66.2,-50.7,23.1,50.0,-95.8,7.8,1.0,131.0,1
D000882,5.7,1214.0,1.11,29.5,,-64.4,-50.8,23.9,46.0,-96.3,9.8,0.0,126.0,1
D000883,4.3,1183.0,1.14,30.0,0.43,-64.7,-49.2,25.8,49.0,-93.1,6.0,0.0,132.0,0
D000884,4.2,1023.0,1.58,25.0,0.47,-60.4,-53.0,22.5,33.0,-92.7,19.0,0.0,122.0,0
D000885,4.0,1177.0,1.13,31.5,0.49,-65.0,-48.7,24.5,39.0,-95.7,12.4,1.0,130.0,1
D000886,4.9,1142.0,1.17,30.0,0.47,-66.0,-50.1,23.7,44.0,-95.2,11.7,1.0,126.0,0
D000887,4.7,1201.0,1.19,31.0,0.51,-64.9,-50.9,24.6,40.0,-96.9,9.1,0.0,123.0,1
D000888,4.5,1193.0,1.08,26.5,0.48,-64.9,-49.4,24.2,50.0,-95.0,8.5,1.0,132.0,1
D000889,4.6,1121.0,1.59,26.0,0.48,-69.3,-48.9,27.3,47.0,-95.8,10.0,1.0,130.0,0
D000890,4.8,1347.0,0.85,29.0,0.64,-65.1,-45.6,25.0,39.0,-92.9,4.9,0.0,129.0,1
D000891,4.8,1170.0,1.09,28.0,0.51,-66.1,-48.8,26.1,38.0,-96.1,8.4,0.0,122.0,1
D000892,5.0,1161.0,1.17,31.0,0.44,-66.0,-47.4,22.7,44.0,-94.9,8.6,0.0,129.0,1
D000893,5.1,1171.0,1.17,29.0,0.5,-63.8,-49.5,24.6,41.0,-95.5,8.8,1.0,137.0,1
D000894,5.9,1098.0,1.3,36.0,0.65,-64.3,-51.8,28.6,57.0,-91.4,3.9,0.0,144.0,1
D000895,6.9,1092.0,1.53,37.0,0.67,-63.5,-51.2,26.3,56.0,-92.6,20.0,1.0,120.0,0
D000896,4.5,1111.0,1.18,22.0,0.46,-64.6,-52.0,22.4,48.0,-93.9,,0.0,129.0,1
D000897,6.8,1369.0,1.18,24.0,0.49,-67.5,-53.2,28.1,53.0,-96.2,5.1,0.0,140.0,1
D000898,3.6,1362.0,0.98,36.0,0.39,-61.9,-46.3,21.1,31.0,-100.0,12.0,0.0,117.0,1
D000899,5.4,1204.0,1.11,30.5,0.55,-66.1,-50.7,24.8,42.0,-93.2,8.8,0.0,131.0,1
D000900,4.0,1224.0,1.02,29.0,0.34,-66.4,-50.3,24.6,46.0,-95.5,7.1,0.0,133.0,1
D000901,6.2,1164.0,1.03,22.0,0.31,-69.1,-54.2,22.4,58.0,-91.7,15.8,0.0,147.0,1
D000902,5.2,1218.0,1.1,30.0,0.5,-64.6,-50.6,23.2,40.0,-95.9,11.1,1.0,128.0,1
D000903,4.2,1300.0,1.34,20.5,0.35,-61.6,-50.1,26.2,53.0,-90.5,17.5,1.0,109.0,0
D000904,6.0,1306.0,1.07,23.0,0.54,-64.6,-50.6,25.4,36.0,-99.1,17.4,0.0,139.0,1
D000905,5.0,1119.0,1.08,29.5,0.55,-66.0,-50.2,24.6,41.0,-95.2,7.6,1.0,135.0,1
D000906,4.7,1204.0,1.11,31.5,0.55,-66.5,-47.9,25.1,43.0,-95.8,12.2,1.0,136.0,1
D000907,4.9,1181.0,0.94,29.0,0.45,-65.2,-50.2,23.3,41.0,-94.2,7.1,0.0,128.0,1
D000908,4.8,1143.0,1.08,32.0,0.43,-65.3,-50.5,24.0,39.0,-96.4,11.8,0.0,133.0,1
D000909,5.2,1226.0,1.07,27.5,0.5,-65.6,-52.0,24.1,43.0,-95.7,9.7,0.0,125.0,1
D000910,4.1,1303.0,0.88,23.0,0.48,-63.6,-50.4,26.0,40.0,-94.5,22.8,1.0,103.0,0
D000911,4.6,1160.0,1.2,26.0,0.48,-64.0,-50.9,24.6,44.0,-95.7,2.8,1.0,130.0,1
D000912,4.4,1173.0,1.16,26.5,0.54,-66.4,-49.9,22.6,44.0,-92.7,8.2,0.0,127.0,1
D000913,4.9,1264.0,1.03,30.5,0.39,-65.7,-50.2,24.9,40.0,-94.6,6.8,0.0,137.0,1
D000914,4.0,1188.0,1.55,31.5,0.35,-62.0,-49.1,27.8,36.0,-96.4,8.9,0.0,131.0,0
D000915,4.5,1238.0,1.09,28.5,0.47,,-49.0,25.8,48.0,-94.9,7.4,1.0,130.0,1
D000916,4.9,1227.0,1.54,29.0,0.55,-64.6,-54.9,26.4,57.0,-94.7,14.3,,128.0,0
D000917,5.0,1215.0,1.13,27.5,0.51,-65.8,-48.6,21.9,44.0,-94.3,6.8,0.0,123.0,1
D000918,4.1,1164.0,1.06,25.5,0.5,-65.0,-49.2,26.4,49.0,-98.1,6.2,1.0,129.0,1
D000919,4.6,1200.0,1.07,33.0,0.42,-67.3,-49.4,23.2,43.0,-95.0,9.5,1.0,126.0,1
D000920,3.4,1103.0,1.01,34.5,0.51,-62.0,-50.8,24.5,31.0,-95.6,4.2,0.0,133.0,1
D000921,4.4,1114.0,1.14,27.5,0.51,-65.5,-50.8,22.8,45.0,-94.2,7.8,1.0,132.0,1
D000922,5.5,1374.0,1.06,29.0,0.55,,-55.0,22.9,56.0,-98.1,20.7,1.0,141.0,1
D000923,3.6,1230.0,1.36,30.0,0.51,-64.9,-53.6,22.3,50.0,-96.5,19.7,,126.0,0
D000924,6.7,1276.0,1.46,28.5,0.61,-68.0,-52.8,25.9,51.0,-90.7,,0.0,136.0,1
D000925,6.9,1312.0,0.83,35.0,0.62,-61.0,-48.1,29.6,43.0,-93.0,1.7,1.0,118.0,1
D000926,3.9,1170.0,1.11,,0.53,-67.2,-51.9,22.9,45.0,-94.4,7.5,1.0,130.0,1
D000927,4.3,1288.0,0.95,24.5,0.63,-61.5,-54.5,24.8,42.0,-93.2,,1.0,123.0,0
D000928,4.4,1152.0,1.1,29.5,0.42,-66.2,-49.9,25.2,39.0,-95.7,6.9,0.0,128.0,1
D000929,4.3,1103.0,1.06,29.5,0.48,-65.6,-51.2,25.2,47.0,-95.9,9.0,0.0,127.0,1
D000930,4.1,1111.0,0.81,30.0,0.7,-68.7,-54.5,29.1,42.0,-94.3,3.1,1.0,143.0,0
D000931,5.1,1244.0,1.13,28.0,0.5,-65.1,-49.6,22.6,42.0,-95.0,7.2,0.0,126.0,1
D000932,5.2,1119.0,1.07,33.5,0.46,-66.1,-50.9,24.2,47.0,-94.8,9.5,1.0,125.0,1
D000933,3.7,1147.0,1.58,21.0,0.58,-65.2,-49.8,21.0,33.0,-91.9,17.4,0.0,101.0,0
D000934,5.0,1134.0,1.05,29.0,0.48,-66.7,-51.5,22.5,47.0,-95.6,7.4,1.0,127.0,1
D000935,4.9,1098.0,1.04,29.0,0.43,-66.0,-48.9,25.5,46.0,-95.1,8.0,0.0,125.0,1
D000936,3.8,1034.0,0.85,34.0,0.58,-68.6,-51.6,22.5,35.0,-91.5,4.9,1.0,107.0,1
D000937,5.1,1193.0,1.14,33.5,0.51,-64.6,-50.1,24.3,45.0,-96.9,12.0,1.0,131.0,1
D000938,5.1,1176.0,1.09,31.0,0.37,-65.8,-50.1,25.3,48.0,-95.0,4.7,0.0,127.0,1
D000939,6.3,1377.0,1.26,39.5,0.58,-61.2,-51.1,23.4,47.0,-92.5,8.5,1.0,123.0,1
D000940,4.4,1172.0,1.01,27.5,0.43,-65.4,-49.7,23.4,40.0,-95.3,10.2,0.0,120.0,0
D000941,3.3,1290.0,0.83,24.0,0.62,-69.6,-52.6,20.4,43.0,-95.6,16.6,0.0,105.0,0
D000942,4.5,1332.0,0.81,25.5,0.62,-65.8,-45.4,29.6,44.0,-92.9,0.6,1.0,132.0,0
D000943,5.1,1160.0,1.09,29.0,0.46,-66.0,-50.7,22.4,40.0,-94.5,12.7,,124.0,1
D000944,4.7,1194.0,1.1,27.5,0.44,-66.4,-49.5,25.0,41.0,-94.7,,1.0,128.0,1
D000945,4.2,1129.0,1.12,27.0,0.48,-64.1,-50.1,23.6,46.0,-95.6,5.2,1.0,134.0,1
D000946,5.3,1194.0,1.21,31.5,0.51,-65.7,-49.1,22.0,45.0,-95.7,6.2,1.0,124.0,1
D000947,4.4,1166.0,1.03,26.0,0.39,-63.8,-50.0,24.6,43.0,-96.2,12.5,1.0,130.0,0
D000948,4.8,1253.0,1.05,30.0,0.45,-63.9,-50.0,22.4,44.0,-95.9,7.9,0.0,,1
D000949,4.4,1249.0,1.54,38.5,0.54,-60.1,-50.9,25.2,31.0,-93.3,10.0,0.0,137.0,1
D000950,3.6,1392.0,1.44,24.0,0.52,-67.0,-54.0,27.4,56.0,-95.5,7.7,0.0,134.0,0
D000951,4.4,1208.0,0.88,29.0,0.31,-68.8,-49.8,23.5,45.0,-97.3,2.3,0.0,117.0,1
D000952,4.4,1139.0,1.21,26.0,0.47,-65.4,-49.9,24.0,45.0,-95.7,,1.0,133.0,1
D000953,4.3,1050.0,1.53,21.0,0.48,-63.5,-45.2,25.0,55.0,-91.1,12.5,1.0,106.0,0
D000954,4.6,1144.0,0.98,32.0,0.46,-64.4,-51.1,24.1,41.0,-95.8,7.3,0.0,126.0,1
D000955,6.8,1276.0,1.28,38.0,0.37,-61.0,-48.7,27.6,51.0,-96.4,19.4,0.0,111.0,0
D000956,5.0,1199.0,1.03,28.5,0.49,-66.1,-49.0,23.7,,-95.5,12.5,1.0,123.0,1
D000957,5.1,1196.0,1.23,,,-66.0,-48.7,24.3,41.0,-94.3,7.3,1.0,136.0,1
D000958,5.4,1157.0,0.95,30.0,0.5,-65.9,-50.2,24.6,41.0,-96.5,10.5,1.0,117.0,1
D000959,5.9,1205.0,0.92,21.0,0.7,-65.1,-45.1,23.5,44.0,-98.2,7.3,0.0,106.0,0
D000960,4.8,1180.0,1.06,32.0,0.5,-64.6,-50.4,23.5,47.0,-96.4,7.4,0.0,125.0,1
D000961,6.6,1130.0,1.36,26.0,0.51,-67.4,-51.9,20.9,51.0,-93.9,11.8,1.0,141.0,0
D000962,4.7,1126.0,1.09,30.0,0.57,-65.9,-49.9,23.6,45.0,-95.1,11.3,1.0,131.0,1
D000963,4.7,1216.0,1.15,28.5,0.41,-64.9,-48.9,23.5,37.0,-96.0,12.2,,120.0,0
D000964,4.2,1057.0,1.18,31.0,0.34,-68.3,-53.2,27.2,53.0,-90.4,7.6,1.0,105.0,0
D000965,6.0,1310.0,1.23,26.0,0.66,-68.9,-51.3,27.6,57.0,-99.6,15.5,0.0,126.0,1
D000966,5.1,1125.0,1.13,28.0,0.48,-66.7,-49.7,25.3,41.0,-97.2,10.1,1.0,113.0,1
D000967,5.2,1182.0,0.9,26.0,0.45,-65.3,-51.2,23.7,45.0,-95.2,9.1,1.0,128.0,1
D000968,3.8,1018.0,1.56,35.5,0.5,-65.6,-46.8,20.3,35.0,-98.0,14.5,0.0,120.0,0
D000969,3.7,1222.0,,24.0,0.59,-64.3,-45.8,24.1,57.0,-97.4,12.4,0.0,127.0,0
D000970,4.8,1223.0,1.13,29.5,0.5,-64.9,-49.9,22.8,47.0,-95.6,8.8,1.0,138.0,1
D000971,5.1,1264.0,1.15,31.0,0.51,,-50.3,25.4,46.0,-96.6,6.2,1.0,,1
D000972,5.6,1096.0,1.12,28.5,0.51,-67.3,-50.6,22.6,42.0,-96.1,11.6,1.0,125.0,1
D000973,4.4,1152.0,1.14,28.5,0.38,-67.2,-50.7,25.2,47.0,-96.5,14.2,1.0,120.0,0
D000974,4.9,1165.0,0.94,27.5,0.47,-66.2,-49.5,23.8,45.0,-95.7,12.0,1.0,127.0,1
D000975,5.0,1227.0,1.17,32.0,0.56,-65.8,-51.0,25.0,39.0,-95.5,10.6,0.0,124.0,1
D000976,4.9,1184.0,1.04,33.0,0.48,-65.5,-49.8,22.4,44.0,-93.9,10.3,1.0,133.0,1
D000977,5.2,1164.0,1.11,26.5,0.44,-65.6,-49.4,25.9,49.0,-94.3,12.3,1.0,125.0,0
D000978,4.8,1158.0,1.06,31.0,0.45,-64.3,-51.1,23.2,49.0,-97.5,11.3,0.0,132.0,1
D000979,3.8,1195.0,1.07,28.5,0.5,-65.5,,24.4,48.0,-96.4,12.3,1.0,128.0,0
D000980,3.0,1371.0,0.99,32.0,0.66,-67.3,-50.3,21.2,47.0,-94.6,16.6,0.0,119.0,1
D000981,6.4,1163.0,1.38,29.0,0.6,-62.7,-51.3,21.3,45.0,-96.4,10.3,0.0,144.0,1
D000982,5.0,1190.0,1.12,26.0,0.5,-64.5,-49.8,25.2,43.0,-95.4,13.4,1.0,128.0,0
D000983,3.9,,1.23,20.0,0.69,-67.6,-47.0,23.2,57.0,-96.7,9.2,1.0,120.0,0
D000984,5.7,1210.0,1.12,23.0,0.32,-60.0,-49.8,24.7,41.0,-95.5,,1.0,148.0,1
D000985,4.9,1326.0,1.06,29.0,0.43,-64.2,-45.2,23.9,44.0,-92.1,8.6,1.0,131.0,1
D000986,4.6,1227.0,1.13,29.0,0.4,-65.2,-49.5,24.3,46.0,-94.9,9.9,1.0,119.0,1
D000987,5.1,1167.0,1.11,28.5,,-65.4,-50.9,24.4,44.0,-95.2,8.0,1.0,133.0,1
D000988,4.3,1212.0,1.36,23.0,0.47,-61.8,-53.7,28.6,55.0,-93.3,5.6,1.0,104.0,0
D000989,4.7,1173.0,0.97,29.0,0.55,-67.4,-49.3,23.4,45.0,-94.0,7.7,0.0,118.0,1
D000990,5.5,1330.0,0.99,22.0,0.62,-65.5,-54.8,26.0,54.0,-95.8,11.3,1.0,129.0,0
D000991,4.6,1219.0,1.03,24.0,0.46,-65.8,-50.2,23.2,40.0,-95.4,11.2,1.0,136.0,1
D000992,5.4,1169.0,1.17,28.5,0.4,-65.5,-49.1,23.9,45.0,-93.5,7.6,1.0,127.0,1
D000993,4.3,1139.0,1.08,34.0,0.51,-67.1,-47.9,23.5,45.0,-96.1,8.8,0.0,130.0,1
D000994,4.8,1152.0,0.94,29.5,0.56,-65.1,-49.3,23.9,39.0,-93.5,13.2,1.0,128.0,1
D000995,4.9,1174.0,1.05,29.5,0.47,-65.9,-49.5,24.0,36.0,-96.9,10.1,0.0,129.0,1
D000996,4.3,1222.0,1.12,30.5,0.47,-66.2,-49.2,25.4,40.0,-95.0,10.3,1.0,121.0,0
D000997,,1178.0,1.15,27.0,0.5,-65.1,-50.2,25.2,45.0,-96.2,9.4,0.0,128.0,1
D000998,,1153.0,0.98,29.0,0.52,-66.6,-50.9,25.5,41.0,-93.8,9.1,0.0,123.0,1
D000999,4.8,1119.0,0.96,37.0,0.31,-61.4,-46.0,24.5,43.0,-90.7,20.6,0.0,136.0,0
D001000,4.7,1058.0,1.15,27.0,0.47,-65.1,-50.6,21.8,38.0,-95.1,10.2,1.0,124.0,0
D001001,5.0,1323.0,1.14,29.5,0.62,-62.4,-53.2,27.1,43.0,-95.5,22.6,0.0,101.0,0
D001002,3.0,1185.0,1.1,34.0,0.36,-63.0,-48.5,23.5,36.0,-90.7,22.5,1.0,149.0,0
D001003,5.3,1334.0,0.97,25.0,0.7,-62.2,-53.2,28.4,36.0,-99.7,19.6,0.0,134.0,0
D001004,4.1,1266.0,1.46,39.5,0.36,-68.4,-52.9,22.0,52.0,-96.5,9.2,1.0,100.0,0
D001005,4.8,1186.0,1.14,29.0,0.49,-65.1,-49.2,25.8,41.0,-96.4,10.2,1.0,118.0,1
D001006,4.8,1158.0,1.01,27.5,0.43,-64.0,-50.8,23.4,42.0,-95.4,5.8,1.0,128.0,1
D001007,4.8,1233.0,1.18,29.5,0.45,-65.3,-50.2,25.0,47.0,-96.0,6.0,1.0,137.0,1
D001008,5.7,1067.0,1.17,24.5,0.52,-66.9,-51.1,22.6,33.0,-90.9,2.0,0.0,126.0,1
D001009,5.4,1147.0,1.12,27.5,0.44,-64.6,-50.0,25.3,47.0,-95.8,9.6,1.0,127.0,0
D001010,4.7,1205.0,1.29,27.0,0.46,-64.8,-50.4,26.0,42.0,-95.3,7.6,1.0,129.0,1
D001011,3.2,1236.0,1.49,23.0,0.51,-65.6,-46.4,28.2,51.0,-95.7,15.2,1.0,146.0,0
D001012,5.0,1242.0,1.1,31.0,0.5,-66.1,-50.4,25.6,43.0,-96.3,6.0,1.0,134.0,1
D001013,4.9,1193.0,1.05,30.5,0.51,-63.9,-51.1,22.9,42.0,-95.4,6.9,0.0,127.0,1
D001014,4.8,1186.0,0.94,30.5,0.48,-65.5,-49.7,23.1,44.0,-92.9,8.1,1.0,136.0,1
D001015,,1212.0,1.08,30.0,0.48,-64.2,-50.9,25.9,44.0,-95.3,6.8,1.0,122.0,1
D001016,4.8,1221.0,1.13,26.0,0.46,-65.2,-51.4,25.7,42.0,-95.8,11.7,1.0,124.0,1
D001017,4.7,1220.0,1.16,29.5,0.45,-65.4,-49.5,23.1,39.0,-93.4,9.2,0.0,123.0,1
D001018,4.0,1328.0,1.15,,0.59,-63.3,-49.4,26.6,49.0,-91.5,23.4,1.0,113.0,0
D001019,5.4,1147.0,0.94,27.0,0.46,-65.4,-49.8,23.8,45.0,-94.7,10.5,0.0,130.0,1
D001020,4.7,1199.0,1.13,27.0,0.49,-64.7,-50.7,24.5,47.0,-95.1,8.6,0.0,126.0,1
D001021,4.6,1150.0,1.03,29.5,0.43,-64.7,-50.4,24.4,42.0,-94.1,9.4,0.0,116.0,1
D001022,3.6,1009.0,1.29,28.5,0.36,-64.6,-51.9,27.9,39.0,-95.4,18.2,1.0,142.0,0
D001023,6.0,1386.0,1.31,37.0,,-67.2,-50.1,27.6,39.0,-99.3,23.4,1.0,113.0,0
D001024,4.9,1133.0,1.15,30.5,0.5,-65.9,-50.6,22.7,44.0,-95.7,7.4,1.0,138.0,1
D001025,5.1,1183.0,1.21,30.5,,-66.4,-50.7,23.4,42.0,,12.6,0.0,128.0,1
D001026,4.5,1036.0,0.99,36.5,0.4,-65.3,-52.0,27.9,,-94.8,10.2,1.0,103.0,1
D001027,5.0,1059.0,1.1,21.5,0.67,-69.1,-49.2,20.5,34.0,-93.9,23.2,1.0,135.0,0
D001028,4.5,1147.0,1.09,29.0,0.42,-66.0,-49.4,26.5,44.0,-94.6,10.6,1.0,124.0,0
D001029,4.7,1204.0,1.09,28.5,0.39,-63.7,-50.5,23.8,44.0,-94.7,7.3,0.0,126.0,0
D001030,3.9,1108.0,1.16,31.0,0.36,-67.0,-48.8,24.9,39.0,-94.0,8.8,0.0,132.0,1
D001031,7.0,1018.0,1.1,40.0,0.58,-67.1,-49.6,24.0,48.0,-95.7,6.1,0.0,147.0,1
D001032,3.9,1175.0,1.12,27.5,,-65.6,-48.7,24.3,43.0,-97.4,9.5,1.0,136.0,0
D001033,4.9,1155.0,1.29,30.5,0.56,-65.1,-50.6,22.9,46.0,-96.1,9.9,1.0,122.0,1
D001034,4.7,1278.0,0.99,28.0,0.5,-66.0,-49.2,23.8,49.0,-94.1,8.0,1.0,138.0,1
D001035,5.0,1169.0,0.98,30.0,0.39,-65.5,-49.3,24.4,42.0,-95.1,8.7,1.0,126.0,1
D001036,4.7,1200.0,1.16,29.5,0.48,-65.2,-48.9,24.5,35.0,-96.1,10.6,1.0,127.0,1
D001037,5.0,1201.0,0.98,26.0,0.49,-67.2,-50.0,23.4,44.0,-92.6,7.6,1.0,125.0,1
D001038,4.9,1183.0,1.02,29.5,0.43,-65.9,-48.4,27.1,,-93.3,6.9,0.0,130.0,0
D001039,3.8,1188.0,1.16,20.5,0.46,-64.6,-50.9,29.5,58.0,-99.5,6.7,1.0,123.0,0
D001040,6.3,1029.0,1.43,37.5,0.5,-69.6,-45.5,20.6,37.0,-93.4,2.4,0.0,130.0,1
D001041,4.7,1182.0,1.16,29.0,0.42,-64.7,-50.3,24.6,42.0,-93.0,9.9,1.0,124.0,1
D001042,4.8,1213.0,1.14,28.5,0.54,-67.0,-51.3,25.1,50.0,-97.1,13.3,0.0,139.0,1
D001043,4.7,1223.0,1.11,28.5,0.55,-65.7,-50.5,24.7,42.0,-96.8,10.2,1.0,129.0,1
D001044,4.7,1199.0,1.15,32.0,0.45,-68.0,-51.1,25.3,48.0,-93.9,7.8,0.0,126.0,1
D001045,5.0,1235.0,1.1,32.5,0.52,-66.8,-51.4,23.0,45.0,-95.6,14.7,0.0,133.0,1
D001046,4.6,1211.0,1.06,29.5,0.47,-64.3,-51.1,24.2,45.0,-95.2,9.9,1.0,134.0,1
D001047,5.3,1241.0,1.06,32.0,0.46,-64.8,-51.2,,36.0,-95.5,6.9,1.0,124.0,1
D001048,4.5,1165.0,1.05,31.0,0.47,-66.0,-50.4,25.0,47.0,-96.2,10.0,1.0,122.0,1
D001049,4.3,1249.0,1.13,30.0,0.54,-67.5,-49.2,22.4,42.0,-95.9,15.3,1.0,130.0,1
D001050,5.6,1098.0,1.5,27.0,0.4,-61.9,-46.7,23.8,49.0,-97.8,3.5,1.0,145.0,1
D001051,5.5,1242.0,1.14,29.0,0.48,-65.3,-50.5,24.8,47.0,-94.8,8.5,1.0,126.0,1
D001052,5.4,1189.0,1.09,28.5,0.46,-65.3,-49.5,24.9,39.0,-96.8,11.0,0.0,120.0,1
D001053,5.3,1038.0,1.07,29.5,0.44,-64.4,-54.5,20.3,36.0,-92.4,11.1,1.0,121.0,0
D001054,4.9,1182.0,1.12,26.5,0.44,-64.7,-49.6,23.1,46.0,-97.3,8.2,0.0,130.0,1
D001055,4.4,1176.0,1.05,30.0,0.42,-64.9,-48.5,25.5,45.0,-96.5,8.9,1.0,126.0,0
D001056,4.5,1263.0,0.96,33.0,0.48,-64.0,-52.7,22.0,58.0,-98.1,19.5,1.0,104.0,0
D001057,4.9,1252.0,1.17,31.0,0.52,-64.6,,25.5,39.0,-97.2,8.9,0.0,122.0,1
D001058,5.0,1228.0,1.21,27.5,0.46,-66.0,-50.3,23.6,49.0,-93.5,9.4,0.0,125.0,0
D001059,4.5,1199.0,1.05,29.5,0.5,-66.4,-49.4,24.1,48.0,-95.2,3.2,1.0,126.0,1
D001060,4.3,1327.0,0.93,36.0,0.64,-62.8,-46.5,22.1,42.0,-90.5,8.7,0.0,104.0,0
D001061,4.7,1164.0,1.6,34.0,0.56,-67.5,-51.4,20.9,50.0,-94.5,17.6,1.0,128.0,0
D001062,5.2,1190.0,1.19,28.0,0.46,-65.7,-50.2,23.2,49.0,-96.7,9.7,0.0,133.0,1
D001063,5.0,1168.0,1.19,28.0,0.5,-65.5,-49.8,25.1,39.0,-95.2,8.5,0.0,124.0,1
D001064,5.1,1227.0,0.98,29.5,0.48,-65.6,-50.4,23.6,45.0,-95.1,8.0,0.0,126.0,1
D001065,5.0,1249.0,1.1,30.0,0.49,-63.8,-50.1,22.7,41.0,,8.1,0.0,135.0,1
D001066,7.0,1261.0,1.38,24.0,0.46,-61.3,-51.3,22.4,37.0,-93.0,14.7,0.0,136.0,1
D001067,3.3,1278.0,1.39,28.5,0.65,-61.6,-50.6,25.4,48.0,-94.0,14.3,0.0,102.0,0
D001068,,1221.0,1.12,25.0,0.42,-64.0,-51.1,25.3,42.0,-94.8,11.8,1.0,120.0,0
D001069,3.4,1200.0,1.36,36.0,0.36,-63.1,-50.1,29.0,40.0,-96.4,5.8,1.0,129.0,0
D001070,5.1,1265.0,1.58,32.5,0.62,-63.3,-52.6,25.5,48.0,-90.6,22.8,1.0,147.0,0
D001071,4.9,1135.0,1.17,27.0,0.55,-64.8,-49.1,24.9,43.0,-96.0,11.4,0.0,136.0,1
D001072,6.0,1178.0,1.14,34.5,0.44,-64.9,-50.1,23.4,46.0,-97.2,11.1,1.0,129.0,1
D001073,4.1,1155.0,1.07,27.5,0.56,-64.1,-49.8,24.9,44.0,-97.6,6.5,1.0,129.0,1
D001074,4.2,1202.0,1.19,25.5,0.53,-66.7,-50.0,24.5,43.0,-96.7,7.8,1.0,129.0,0
D001075,3.3,1097.0,0.93,28.5,0.6,-64.7,-52.7,28.7,34.0,-91.5,6.0,1.0,102.0,0
D001076,4.9,1198.0,1.22,31.0,0.54,,-50.2,23.8,38.0,-96.3,9.0,0.0,129.0,1
D001077,4.4,1180.0,1.14,29.5,0.46,-64.6,-49.7,23.8,44.0,-96.0,10.2,0.0,131.0,1
D001078,4.5,1173.0,1.11,30.5,0.46,-65.4,-48.8,24.1,43.0,-95.3,8.6,1.0,123.0,1
D001079,4.7,1279.0,1.58,35.0,0.53,-64.5,-53.9,27.0,43.0,-94.1,11.0,0.0,132.0,0
D001080,4.4,1167.0,1.01,23.0,0.41,-64.8,-49.0,24.0,46.0,-96.0,8.8,0.0,,1
D001081,5.8,1167.0,0.98,35.5,0.31,-60.7,-52.2,22.6,32.0,-98.6,14.9,0.0,145.0,1
D001082,4.5,1335.0,0.85,34.0,0.36,-65.0,-54.7,21.9,42.0,-93.0,13.3,0.0,102.0,1
D001083,5.4,1190.0,1.01,28.5,0.54,-66.6,-51.1,24.2,43.0,-95.9,10.4,0.0,125.0,1
D001084,4.3,1129.0,1.12,32.0,0.49,-63.8,-49.9,23.5,44.0,-94.3,11.2,0.0,124.0,0
D001085,4.4,1143.0,1.13,30.0,0.52,-67.1,-49.4,24.2,43.0,-94.4,11.7,0.0,131.0,1
D001086,5.6,1178.0,1.04,31.0,0.42,-65.9,-50.1,23.9,43.0,-95.7,5.4,1.0,132.0,1
D001087,4.3,1176.0,0.93,28.5,0.48,-65.4,-48.6,22.9,49.0,,8.3,0.0,124.0,1
D001088,4.8,1164.0,1.1,26.0,0.45,-66.3,-51.5,24.4,41.0,-94.0,11.5,0.0,125.0,1
D001089,6.4,1077.0,1.53,22.0,0.48,-61.0,-53.5,21.9,49.0,-93.7,15.1,0.0,110.0,0
D001090,4.6,1228.0,1.15,29.5,0.42,-66.3,-49.0,23.4,39.0,-95.7,6.9,0.0,120.0,1
D001091,4.1,1206.0,1.23,28.5,0.48,-65.5,-48.9,24.2,43.0,-94.0,9.1,1.0,131.0,0
D001092,6.8,1049.0,1.13,29.0,0.59,-69.8,-54.6,25.6,51.0,-91.1,0.6,1.0,137.0,1
D001093,4.5,1384.0,0.97,26.5,0.48,-65.7,-52.1,28.3,45.0,-95.7,10.8,0.0,126.0,1
D001094,4.3,1122.0,0.89,36.0,0.5,-65.2,-46.2,26.4,48.0,-99.8,22.9,1.0,102.0,1
D001095,6.7,1006.0,1.51,27.0,0.53,-61.6,-53.4,26.4,59.0,-90.2,10.1,1.0,120.0,0
D001096,4.8,1177.0,1.02,32.5,0.51,-64.9,-49.1,25.7,,-95.6,3.1,1.0,122.0,1
D001097,4.7,1145.0,1.22,28.5,0.4,-64.4,-48.8,24.9,41.0,-96.2,12.3,0.0,122.0,1
D001098,4.3,1191.0,1.04,27.5,0.43,-65.7,-51.7,23.1,42.0,-93.9,8.7,0.0,118.0,1
D001099,3.8,1125.0,1.47,40.0,0.61,-64.7,-48.4,22.8,41.0,-94.1,7.2,0.0,144.0,1
D001100,4.4,1225.0,1.26,31.5,0.53,-68.6,-45.1,26.3,37.0,-99.6,16.5,0.0,105.0,0
D001101,5.0,1189.0,0.99,27.5,0.48,-65.1,-50.0,23.0,43.0,-96.6,8.8,0.0,126.0,1
D001102,4.4,1160.0,1.16,31.0,,-66.6,-49.8,23.3,44.0,-96.7,8.1,1.0,129.0,1
D001103,4.4,1152.0,1.26,26.5,0.49,-66.1,-51.8,23.7,,-95.7,12.8,0.0,119.0,1
D001104,5.1,1139.0,1.18,31.5,0.44,-65.0,-50.1,23.6,46.0,-94.5,9.2,1.0,122.0,1
D001105,6.2,1122.0,1.48,27.5,0.67,-61.3,-51.5,26.8,52.0,-90.9,11.3,0.0,115.0,0
D001106,4.6,,1.09,28.0,0.47,-65.1,-50.2,23.3,40.0,-96.7,6.5,1.0,131.0,1
D001107,6.3,1122.0,,28.0,0.4,-68.0,-53.2,27.2,36.0,-97.0,,0.0,113.0,0
D001108,5.4,1275.0,0.99,38.5,0.39,-64.0,-49.0,21.4,57.0,-91.2,3.2,0.0,105.0,0
D001109,6.2,1210.0,0.92,35.5,0.49,-68.6,-46.3,27.8,34.0,-90.5,9.8,,101.0,1
D001110,5.3,1140.0,1.12,,0.52,-65.2,-49.3,23.7,41.0,-95.4,5.0,0.0,134.0,1
D001111,4.3,1249.0,1.11,23.5,0.51,-64.0,-48.4,25.7,42.0,-95.1,10.9,1.0,119.0,0
D001112,4.3,1080.0,1.15,34.0,0.31,-64.5,-52.7,22.2,54.0,-92.2,21.5,1.0,126.0,0
D001113,4.3,1185.0,1.13,27.5,0.5,-64.7,-49.7,24.3,48.0,-93.4,6.6,0.0,122.0,1
D001114,4.1,1201.0,1.21,29.0,0.48,-63.9,-49.4,24.3,39.0,-95.9,7.3,0.0,126.0,1
D001115,4.6,1270.0,1.29,30.5,0.51,-64.8,-49.2,24.5,42.0,-96.3,6.4,1.0,129.0,1
D001116,4.2,1182.0,1.23,28.5,0.42,-66.9,-49.7,24.4,,-96.6,6.1,1.0,122.0,1
D001117,4.9,1121.0,1.09,30.5,0.59,-64.4,-47.6,23.6,41.0,-97.4,10.4,0.0,130.0,1
D001118,4.6,1214.0,1.09,26.5,0.45,-64.7,-50.4,23.7,41.0,-95.7,10.2,1.0,133.0,1
D001119,4.5,1212.0,1.09,30.0,0.51,-66.8,-50.5,24.8,49.0,-97.1,6.8,0.0,124.0,1
D001120,5.1,1197.0,1.16,28.0,0.45,-67.1,-50.8,24.1,42.0,-97.8,7.8,0.0,122.0,1
D001121,4.3,1258.0,1.06,25.5,0.53,-65.3,-48.8,24.4,42.0,-95.1,5.3,1.0,125.0,1
D001122,4.8,1181.0,1.04,29.0,0.45,-63.9,-48.6,25.0,49.0,-94.8,6.8,1.0,125.0,1
D001123,5.0,1192.0,1.07,31.5,0.51,-63.8,-48.9,24.0,39.0,-95.4,11.0,1.0,131.0,1
D001124,4.9,1183.0,1.14,28.5,0.47,-64.9,-50.6,23.6,49.0,-96.6,12.7,0.0,132.0,1
D001125,4.3,1190.0,1.0,29.5,0.48,-66.5,-49.4,23.2,46.0,-95.9,7.2,1.0,140.0,1
D001126,5.6,1047.0,1.43,30.0,0.46,-68.0,-49.0,29.4,41.0,-97.2,5.4,0.0,148.0,1
D001127,4.9,1142.0,1.09,29.5,0.41,-65.1,-50.9,,46.0,-94.3,4.2,0.0,119.0,1
D001128,5.4,1173.0,1.08,31.0,0.48,-66.0,-50.5,25.2,50.0,-97.3,8.1,0.0,145.0,1
D001129,5.0,1180.0,1.07,26.5,0.54,-65.3,-49.4,23.3,46.0,-94.0,5.4,1.0,124.0,1
D001130,4.2,1148.0,1.07,29.5,0.53,-65.2,-49.3,23.0,39.0,-95.8,11.8,0.0,133.0,1
D001131,4.9,1222.0,,31.0,0.64,-68.1,-48.9,21.3,60.0,,5.3,1.0,147.0,1
D001132,5.2,1202.0,1.23,28.0,0.44,-65.9,-49.1,22.6,47.0,-96.7,9.3,1.0,128.0,1
D001133,4.6,1142.0,1.18,31.5,0.46,-64.7,-49.9,26.0,44.0,-94.7,8.6,0.0,131.0,1
D001134,4.7,1188.0,1.01,28.0,0.45,-66.5,-48.7,24.1,43.0,-94.3,11.5,1.0,122.0,1
D001135,6.9,1138.0,0.86,33.0,0.37,-64.5,-46.2,25.8,51.0,-94.3,9.1,1.0,103.0,1
D001136,5.7,1260.0,1.08,27.0,0.59,-64.8,-50.4,24.2,44.0,-96.0,14.4,0.0,137.0,1
D001137,4.7,1202.0,1.14,29.0,0.48,-65.3,-48.6,24.2,49.0,-94.6,10.5,1.0,134.0,1
D001138,5.1,1136.0,1.14,27.0,0.55,-66.1,,25.9,45.0,-94.8,5.9,1.0,124.0,1
D001139,4.7,1179.0,1.07,30.5,0.47,-64.9,-51.5,22.0,45.0,-95.2,4.0,1.0,127.0,1
D001140,4.0,1180.0,1.43,28.0,0.62,-61.8,-46.5,20.3,46.0,-99.9,16.5,1.0,114.0,0
D001141,3.0,1022.0,1.1,32.0,0.47,-63.8,-51.7,29.9,56.0,-97.9,22.7,0.0,107.0,0
D001142,5.7,1327.0,1.32,33.5,0.69,-66.4,-47.8,21.9,32.0,-98.1,4.0,1.0,104.0,0
D001143,3.6,1029.0,1.19,35.5,0.32,-65.5,-47.0,20.0,37.0,-94.4,4.3,1.0,106.0,0
D001144,5.1,1223.0,0.82,24.5,0.67,-60.2,-51.9,26.6,32.0,-98.7,,0.0,144.0,1
D001145,4.4,1181.0,1.07,28.5,0.5,-65.7,-49.5,23.1,45.0,-96.2,4.2,1.0,120.0,1
D001146,4.6,1195.0,1.06,31.0,0.51,-64.9,-49.5,24.5,42.0,-96.3,7.9,1.0,126.0,1
D001147,6.6,1072.0,1.51,31.0,0.32,-63.0,-49.4,27.8,54.0,-98.6,2.4,1.0,117.0,0
D001148,4.3,1032.0,0.84,26.5,0.62,-68.4,-50.4,26.5,44.0,-94.5,,1.0,143.0,0
D001149,5.1,1058.0,1.09,28.5,0.43,-64.9,-51.7,24.9,44.0,-96.4,9.3,1.0,128.0,0
D001150,7.0,1067.0,1.56,37.5,0.43,-66.8,-49.8,29.4,39.0,-97.7,9.9,0.0,121.0,0
D001151,5.1,1245.0,1.08,29.0,0.5,-65.9,-48.9,24.4,47.0,-96.2,7.0,1.0,129.0,1
D001152,4.2,1155.0,1.11,29.5,0.55,-64.3,-49.5,25.3,43.0,-95.6,10.5,1.0,127.0,0
D001153,5.1,1198.0,1.11,32.0,0.44,-65.1,-50.3,25.4,,-96.0,8.5,1.0,131.0,1
D001154,3.8,1182.0,1.07,30.5,0.44,,-49.5,24.5,41.0,-95.3,9.5,1.0,129.0,0
D001155,4.8,,1.24,31.0,0.31,-69.7,-50.5,29.4,53.0,-91.2,20.6,0.0,116.0,0
D001156,5.4,1242.0,1.16,25.0,0.34,-64.9,-51.1,22.5,41.0,-96.4,5.5,1.0,127.0,0
D001157,4.9,1277.0,,28.5,0.47,-65.6,-50.5,21.7,39.0,-96.5,6.9,0.0,128.0,1
D001158,5.9,1344.0,1.19,33.0,0.33,-65.0,-48.9,27.6,32.0,-93.7,19.7,1.0,107.0,0
D001159,5.0,1105.0,0.96,33.5,0.51,-66.2,-48.0,23.8,44.0,-96.0,11.9,0.0,130.0,1
D001160,4.5,1030.0,0.96,39.5,0.55,-65.5,-49.7,22.3,37.0,-94.5,1.0,1.0,131.0,1
D001161,3.9,1254.0,1.19,29.0,0.48,-63.5,-45.3,25.6,39.0,-90.6,18.6,0.0,116.0,0
D001162,4.6,1186.0,1.36,23.5,0.63,-64.7,-47.6,28.5,38.0,-92.4,20.7,1.0,124.0,0
D001163,5.3,1160.0,1.15,27.0,0.46,-64.6,-50.9,22.3,40.0,-94.5,7.7,0.0,128.0,1
D001164,4.9,1166.0,1.05,30.5,0.43,-66.0,-50.4,23.4,42.0,-94.7,,1.0,135.0,1
D001165,5.0,1249.0,1.08,27.0,0.5,-65.4,-51.7,23.9,47.0,-96.4,12.4,0.0,133.0,1
D001166,3.8,1118.0,1.0,26.0,0.48,-66.0,-50.2,23.8,,-96.5,10.1,1.0,125.0,0
D001167,4.9,1266.0,0.88,21.5,0.58,-68.1,-52.5,26.4,33.0,-91.6,9.2,1.0,144.0,1
D001168,4.2,1108.0,1.43,35.5,0.51,-63.9,-52.6,25.6,38.0,-94.8,8.9,0.0,106.0,1
D001169,4.3,1223.0,1.08,29.0,0.55,-67.2,-48.3,23.2,44.0,-96.5,8.7,0.0,128.0,1
D001170,5.2,1100.0,0.95,30.0,0.5,-64.5,-48.3,23.7,45.0,-94.7,6.2,1.0,130.0,1
D001171,4.0,1390.0,1.06,30.5,0.4,-66.3,-49.8,24.9,38.0,-93.3,14.4,0.0,113.0,0
D001172,4.9,1252.0,0.96,28.0,0.42,-65.6,-49.2,24.7,43.0,-95.9,8.5,0.0,121.0,1
D001173,5.4,1394.0,1.49,29.0,0.39,-62.0,-47.8,22.0,,-100.0,11.2,0.0,135.0,1
D001174,4.2,1152.0,,24.5,0.43,-65.5,-49.4,23.0,41.0,-95.1,9.0,1.0,122.0,0
D001175,5.5,1242.0,1.07,27.0,0.47,-66.4,-49.4,24.4,45.0,-95.3,10.0,0.0,123.0,1
D001176,6.7,1397.0,0.84,34.5,0.39,-66.7,-54.8,20.8,40.0,-93.2,19.3,1.0,105.0,1
D001177,3.9,1106.0,,28.0,0.56,-61.5,-52.5,,34.0,-97.2,6.1,0.0,141.0,1
D001178,4.8,1126.0,1.26,27.0,0.41,-66.3,-50.8,22.2,36.0,-95.4,6.9,0.0,123.0,1
D001179,5.4,1171.0,1.07,27.0,0.51,-64.5,-48.7,23.5,43.0,-96.1,11.1,0.0,126.0,1
D001180,4.5,1161.0,1.27,33.0,0.45,-64.4,-50.0,24.2,42.0,-94.8,7.4,1.0,131.0,1
D001181,5.1,1187.0,1.17,30.0,0.45,-67.2,-50.2,23.6,50.0,-95.6,10.9,1.0,116.0,0
D001182,5.3,,1.26,,0.46,-68.3,-49.7,27.8,32.0,-97.1,5.2,0.0,104.0,1
D001183,4.8,1171.0,1.03,30.0,0.5,-65.4,-50.4,24.8,46.0,-95.6,10.5,1.0,125.0,1
D001184,3.7,1214.0,1.13,29.0,0.48,-66.8,-48.0,21.9,43.0,-96.7,8.2,0.0,124.0,1
D001185,3.2,1282.0,1.03,38.0,0.69,-67.7,-48.9,29.7,33.0,-99.8,9.1,1.0,133.0,0
D001186,4.1,1145.0,1.05,29.5,0.44,-64.8,-50.2,22.8,48.0,-96.8,6.0,0.0,133.0,1
D001187,5.3,1218.0,1.0,31.0,0.54,-62.5,-49.0,24.3,41.0,-95.4,10.0,1.0,120.0,1
D001188,5.2,1167.0,1.11,32.0,0.5,-66.1,-51.5,24.4,45.0,-95.9,13.7,1.0,127.0,1
D001189,4.7,1196.0,1.07,30.5,0.43,-65.9,-51.8,23.1,47.0,-96.4,8.3,0.0,124.0,1
D001190,5.3,1187.0,0.98,30.0,0.47,-66.1,-47.9,24.0,39.0,-96.0,13.3,1.0,121.0,1
D001191,4.4,1158.0,1.17,26.5,0.5,-66.7,-51.4,25.6,41.0,-97.0,4.8,1.0,130.0,1
D001192,4.8,1049.0,1.02,30.5,0.61,-68.0,-49.8,23.1,33.0,-91.2,5.8,0.0,108.0,1
D001193,4.8,1076.0,0.92,31.5,0.46,-65.8,-48.4,22.8,46.0,-93.3,9.2,1.0,129.0,1
D001194,3.9,1329.0,1.22,30.5,0.43,-65.8,-47.8,,44.0,-96.3,7.9,1.0,116.0,0
D001195,4.3,,1.11,29.5,0.46,-64.2,-50.2,25.1,51.0,-96.0,12.6,0.0,120.0,0
D001196,3.4,1055.0,0.96,37.0,0.37,-60.6,-49.2,26.4,59.0,-93.5,17.7,1.0,135.0,0
D001197,3.8,1091.0,1.51,25.0,0.55,-69.2,-50.6,29.8,37.0,,23.4,1.0,132.0,0
D001198,4.7,1176.0,1.06,28.0,0.48,-65.5,-52.7,23.7,48.0,-95.4,9.8,1.0,130.0,1
D001199,5.1,1312.0,1.45,,0.62,-60.0,-55.0,21.9,56.0,-91.2,18.0,1.0,132.0,0
D001200,4.8,1212.0,1.08,31.0,0.5,-65.5,-49.8,23.9,42.0,,10.3,1.0,127.0,0
D001201,4.7,1189.0,1.17,28.0,0.55,-64.5,-50.1,24.4,45.0,-94.3,9.9,1.0,123.0,0
D001202,4.7,1192.0,1.12,28.0,0.48,-65.8,-50.4,24.8,39.0,-96.2,,1.0,118.0,1
D001203,5.3,1190.0,1.12,26.0,0.48,-64.8,-50.5,23.5,42.0,-96.2,9.9,0.0,130.0,1
D001204,3.9,1053.0,1.44,24.5,0.68,-68.0,-47.8,20.2,60.0,-94.2,0.6,0.0,134.0,0
D001205,5.6,1289.0,0.82,33.5,0.46,-67.5,-51.6,20.3,58.0,-95.7,13.8,1.0,112.0,1
D001206,4.5,1242.0,1.21,29.5,0.5,-65.5,-49.9,23.7,47.0,-95.7,8.9,0.0,134.0,1
D001207,5.6,1393.0,0.93,31.5,0.46,,-50.1,24.3,32.0,-91.8,14.8,0.0,106.0,1
D001208,4.0,1019.0,1.34,27.5,0.57,-65.3,-49.0,26.5,47.0,-96.8,5.1,1.0,130.0,0
D001209,5.9,1164.0,1.0,32.0,0.43,-64.4,-50.3,23.9,48.0,-95.5,9.4,,130.0,1
D001210,5.3,1157.0,1.15,28.5,0.44,-64.8,-49.1,22.2,47.0,-94.5,8.4,0.0,130.0,1
D001211,4.3,1231.0,1.22,30.0,0.52,-64.9,-48.8,24.6,48.0,-96.0,9.7,0.0,128.0,1
D001212,6.4,1305.0,1.35,32.5,0.34,-61.2,-46.3,23.4,30.0,-98.8,5.5,0.0,132.0,1
D001213,4.9,1109.0,1.21,34.0,0.4,-65.7,-45.8,20.2,33.0,-90.8,7.2,1.0,118.0,0
D001214,4.5,1212.0,1.13,33.0,0.45,-63.7,,24.5,46.0,-94.8,13.4,1.0,131.0,1
D001215,5.1,1384.0,1.56,26.0,0.37,-62.8,-45.8,29.6,32.0,-91.5,16.4,0.0,114.0,0
D001216,4.9,1255.0,1.09,29.0,0.52,-65.5,-49.9,24.3,40.0,-94.3,8.8,1.0,127.0,1
D001217,4.7,1095.0,1.0,20.5,0.56,-61.8,-52.2,26.2,59.0,-97.0,7.3,0.0,137.0,0
D001218,4.5,1168.0,1.02,31.5,0.48,-64.5,-51.1,24.9,39.0,-95.4,11.1,1.0,119.0,1
D001219,5.4,1161.0,,29.0,0.45,-65.4,-50.7,24.3,49.0,-96.5,9.2,0.0,124.0,1
D001220,4.5,1092.0,1.13,31.5,0.51,-66.1,-49.6,24.5,40.0,-96.9,6.9,0.0,128.0,1
D001221,4.6,1215.0,1.12,29.0,0.55,-66.7,-50.3,24.8,47.0,-95.8,8.6,1.0,113.0,1
D001222,5.4,1132.0,1.13,27.0,0.52,-64.1,-50.7,23.3,44.0,-93.8,9.5,1.0,136.0,1
D001223,3.9,1395.0,1.03,31.0,0.51,-60.5,-46.9,29.8,32.0,-97.4,17.3,0.0,112.0,0
D001224,5.2,1170.0,1.01,27.0,,-67.8,-49.4,24.2,46.0,-96.0,8.5,1.0,121.0,1
D001225,4.2,1182.0,1.06,25.0,0.44,-63.6,-50.4,23.1,45.0,-95.6,8.4,0.0,132.0,0
D001226,5.5,1196.0,1.08,31.5,0.45,-66.5,-51.7,22.6,45.0,-96.7,9.0,0.0,135.0,1
D001227,5.2,1181.0,1.16,28.0,0.51,-66.2,-48.1,24.1,44.0,-97.1,12.1,1.0,125.0,0
D001228,3.2,1396.0,1.42,22.0,0.34,-64.4,-50.5,22.6,60.0,-98.6,9.2,0.0,129.0,0
D001229,3.7,1332.0,0.9,25.5,0.43,-69.4,-50.0,28.7,,-93.6,5.2,1.0,144.0,0
D001230,5.1,1170.0,0.99,32.5,0.51,-65.9,-50.1,24.9,37.0,-94.0,3.8,1.0,125.0,1
D001231,6.3,1050.0,1.54,35.0,0.6,-61.5,-47.2,29.8,58.0,-95.4,11.0,1.0,113.0,0
D001232,5.7,1074.0,1.37,39.5,0.62,-61.4,-51.3,23.1,45.0,-98.2,14.7,1.0,120.0,0
D001233,4.9,1202.0,1.18,32.5,0.44,-66.1,-49.4,24.0,50.0,-96.6,4.6,,129.0,1
D001234,4.9,1165.0,1.13,29.5,0.48,-64.4,-49.9,23.9,45.0,-94.7,11.6,1.0,134.0,1
D001235,5.0,1068.0,1.11,30.0,0.53,-64.7,-50.1,24.1,38.0,-95.2,9.8,0.0,128.0,1
D001236,4.0,1214.0,1.2,26.5,0.62,-69.9,-49.6,21.0,53.0,-91.9,5.1,1.0,139.0,0
D001237,5.2,1193.0,1.21,28.5,,-65.3,-47.7,23.8,43.0,-96.3,9.4,0.0,133.0,1
D001238,4.6,1186.0,1.0,25.5,0.47,-65.0,-49.6,22.9,47.0,-95.1,10.2,1.0,126.0,0
D001239,,1115.0,1.11,26.5,0.53,-66.0,-48.7,22.3,47.0,-93.8,8.2,0.0,141.0,1
D001240,4.5,1155.0,1.02,31.0,0.43,-66.1,-52.0,23.5,44.0,-95.1,6.1,0.0,133.0,1
D001241,5.0,1121.0,0.98,27.5,0.44,-65.3,-48.8,23.3,41.0,-96.9,6.2,0.0,128.0,1
D001242,4.1,1304.0,1.15,20.5,0.37,-67.8,-46.0,26.6,35.0,-97.7,15.5,0.0,131.0,0
D001243,3.2,1319.0,1.57,38.5,0.5,-61.4,-47.7,20.9,46.0,-93.1,17.0,0.0,144.0,0
D001244,5.4,1380.0,1.51,33.5,0.4,-60.2,-49.5,28.3,50.0,-100.0,6.4,0.0,106.0,0
D001245,4.4,1198.0,1.11,29.5,0.46,-65.0,-49.8,23.9,44.0,-95.5,11.1,1.0,129.0,1
D001246,5.1,1115.0,1.1,25.5,0.41,,-48.8,22.6,42.0,-95.0,10.5,1.0,126.0,0
D001247,4.5,1213.0,1.08,27.5,0.42,-67.3,-50.5,24.1,42.0,-97.2,16.3,1.0,130.0,1
D001248,5.1,1166.0,1.16,28.0,0.5,-64.1,-50.4,25.7,45.0,-95.4,5.8,1.0,139.0,1
D001249,4.2,1215.0,1.12,27.5,0.51,-66.2,-47.0,23.8,42.0,-97.2,10.4,1.0,137.0,1
D001250,5.1,1039.0,1.58,32.5,0.58,-63.0,-53.2,23.2,43.0,-93.7,20.4,1.0,140.0,1
D001251,4.6,1211.0,1.09,29.0,0.48,-65.2,-50.3,23.6,38.0,-96.5,6.7,1.0,123.0,1
D001252,5.4,1171.0,1.23,26.5,0.46,-65.4,-50.5,23.0,45.0,-95.0,5.3,1.0,131.0,1
D001253,5.0,1241.0,1.11,32.0,0.47,-65.4,-49.9,23.8,45.0,-94.0,8.0,0.0,128.0,1
D001254,5.5,1267.0,1.07,28.5,0.51,-65.3,-50.8,22.7,46.0,-97.5,9.4,0.0,130.0,1
D001255,6.9,1085.0,0.84,36.5,0.31,-65.5,-53.4,25.0,45.0,-96.1,8.2,0.0,122.0,1
D001256,5.4,1197.0,0.87,33.0,0.32,-65.4,-45.4,24.1,39.0,-96.1,2.1,1.0,107.0,1
D001257,5.8,1371.0,0.9,23.5,0.63,-64.2,-52.8,21.6,42.0,-98.9,9.9,1.0,134.0,1
D001258,5.9,1182.0,1.3,39.5,0.68,-65.7,-50.8,28.2,52.0,-94.0,,1.0,140.0,1
D001259,6.1,1179.0,1.01,23.0,0.57,-65.4,-51.2,24.5,37.0,-97.7,5.5,1.0,148.0,1
D001260,4.0,1179.0,1.1,31.0,0.47,-65.3,-49.5,23.3,45.0,-96.5,10.2,0.0,131.0,1
D001261,4.6,1165.0,1.09,25.5,0.48,-64.4,-48.4,25.0,51.0,-95.5,7.3,1.0,125.0,0
D001262,5.3,1383.0,1.47,25.5,0.33,-69.1,-47.7,20.5,40.0,-90.4,9.9,1.0,110.0,0
D001263,5.0,1165.0,1.15,28.0,0.54,-65.3,-50.0,24.9,50.0,-95.1,7.6,0.0,132.0,1
D001264,3.1,1332.0,1.34,21.5,0.34,-63.7,-53.5,29.0,56.0,-94.5,3.6,1.0,143.0,0
D001265,3.7,1097.0,1.56,22.0,0.53,-66.4,-52.5,29.5,53.0,-92.6,17.3,1.0,149.0,0
D001266,,1195.0,1.09,30.5,0.51,-65.3,-49.3,23.8,45.0,-94.8,7.6,1.0,131.0,1
D001267,4.8,1221.0,1.15,26.0,0.49,-65.3,-49.3,25.2,47.0,-95.6,9.2,0.0,129.0,1
D001268,4.4,1209.0,1.05,29.0,0.42,-67.4,-48.9,25.7,40.0,-96.3,12.4,1.0,132.0,1
D001269,5.3,1207.0,1.04,30.5,0.48,-66.3,-49.8,22.8,40.0,-95.5,8.0,0.0,123.0,1
D001270,5.4,1165.0,1.05,30.5,0.46,-66.2,-48.2,22.7,46.0,-94.8,10.8,1.0,135.0,0
D001271,4.7,1097.0,1.13,32.0,0.43,-66.4,-51.2,24.8,44.0,-96.8,6.7,1.0,125.0,1
D001272,6.7,,1.46,28.5,0.53,-66.3,-48.3,24.4,45.0,-92.0,4.4,0.0,146.0,1
D001273,4.8,1185.0,1.09,27.5,,-66.3,-49.5,23.7,45.0,-94.4,,1.0,128.0,0
D001274,5.6,1176.0,1.07,28.0,0.48,-65.5,-50.0,24.1,42.0,-94.6,5.3,1.0,137.0,1
D001275,,1187.0,1.06,33.0,0.53,-64.7,-51.1,22.1,43.0,-94.5,5.8,0.0,128.0,1
D001276,4.0,,0.87,35.5,0.43,-68.6,-48.2,22.0,37.0,-92.0,10.3,0.0,146.0,1
D001277,5.1,1222.0,1.1,32.0,0.43,-65.8,-49.6,23.4,45.0,-96.6,7.3,0.0,134.0,1
D001278,5.0,1208.0,1.12,31.5,0.45,-64.5,-49.5,25.2,41.0,-96.4,9.2,0.0,126.0,1
D001279,5.8,1398.0,0.91,33.0,0.45,-63.5,-54.0,22.8,40.0,-92.0,13.2,0.0,135.0,1
D001280,,1038.0,1.23,36.5,0.48,-63.8,-50.0,24.9,57.0,-98.1,1.1,1.0,122.0,1
D001281,3.9,1010.0,1.33,23.5,0.34,-63.4,-50.1,26.3,32.0,-94.4,1.6,0.0,114.0,0
D001282,5.1,1162.0,1.14,25.0,0.5,-66.0,-50.9,,43.0,-95.1,3.7,0.0,120.0,1
D001283,4.6,1175.0,1.0,32.0,0.48,-65.1,-51.4,22.8,45.0,-94.5,11.0,0.0,131.0,1
D001284,4.7,1176.0,1.17,32.5,0.44,-65.1,,23.0,42.0,-96.9,9.5,1.0,122.0,1
D001285,,1137.0,1.59,28.5,0.67,-64.8,-49.5,24.1,49.0,-91.5,3.9,1.0,,0
D001286,3.6,1083.0,1.0,31.5,0.54,-62.6,-53.4,23.8,48.0,-97.5,3.4,1.0,107.0,1
D001287,6.7,1029.0,1.25,25.0,0.65,-60.4,-51.1,24.5,34.0,-97.4,0.6,1.0,145.0,1
D001288,4.4,1117.0,1.09,31.5,0.42,-64.5,-49.3,24.3,47.0,-98.1,9.2,0.0,124.0,1
D001289,4.8,1102.0,0.95,31.5,0.44,-64.0,-49.9,22.6,50.0,-95.2,12.0,0.0,124.0,1
D001290,5.8,1070.0,0.84,37.0,0.55,-67.8,-54.8,22.5,53.0,-91.6,16.2,0.0,116.0,1
D001291,5.1,1204.0,1.09,29.5,0.45,-65.5,-50.1,22.7,45.0,-97.1,10.6,1.0,134.0,1
D001292,4.8,1171.0,1.13,31.0,0.48,-64.8,-50.3,24.2,42.0,-95.5,9.5,1.0,130.0,1
D001293,4.0,1305.0,0.95,34.0,0.62,-60.5,-51.6,29.2,56.0,-95.9,18.6,1.0,126.0,0
D001294,4.2,1176.0,1.08,28.0,0.44,-66.3,-50.0,22.1,46.0,-94.7,8.3,1.0,135.0,0
D001295,5.0,1290.0,1.55,20.5,0.43,-61.7,-53.1,23.7,33.0,-98.9,1.2,1.0,141.0,1
D001296,6.8,1154.0,0.91,23.5,0.63,-60.4,-50.8,27.6,45.0,-90.6,3.2,0.0,106.0,0
D001297,4.7,1162.0,1.12,29.0,0.51,-66.5,-48.9,22.7,44.0,-93.8,7.5,0.0,125.0,1
D001298,4.6,1125.0,1.1,32.5,0.49,,-50.2,25.0,41.0,-94.8,5.5,1.0,133.0,1
D001299,5.1,1201.0,1.12,26.5,0.48,-65.3,-50.2,22.8,44.0,-94.0,11.1,0.0,134.0,1
D001300,4.8,1188.0,1.1,30.0,0.42,-64.1,-50.7,22.9,45.0,-94.3,11.6,1.0,127.0,0
D001301,4.3,1183.0,1.14,29.0,0.47,-65.4,-51.7,24.7,44.0,-97.0,9.6,1.0,130.0,1
D001302,4.9,1184.0,1.06,28.5,0.49,-64.6,-50.5,22.3,41.0,-95.7,9.1,0.0,125.0,1
D001303,4.4,1161.0,1.04,26.0,0.44,-65.6,-50.6,24.2,43.0,-95.0,7.3,0.0,133.0,1
D001304,5.4,1128.0,1.15,33.0,0.61,-67.6,-47.4,20.1,35.0,-95.7,5.6,0.0,119.0,1
D001305,4.2,1203.0,1.09,28.5,0.57,-66.5,-49.1,24.4,46.0,-94.3,8.1,0.0,133.0,0
D001306,5.1,1215.0,1.31,31.0,0.47,-65.3,-49.3,24.8,45.0,-94.6,9.9,1.0,126.0,1
D001307,3.3,1080.0,,38.5,0.52,-64.4,-45.4,22.9,54.0,-94.9,19.4,0.0,133.0,0
D001308,5.4,1196.0,1.21,26.0,0.46,-64.4,-49.6,23.2,45.0,-95.8,11.8,1.0,123.0,0
D001309,5.5,1297.0,1.5,20.5,0.63,-69.0,-45.3,21.9,56.0,-95.2,11.4,1.0,105.0,0
D001310,5.0,1129.0,1.15,29.5,0.49,,-49.5,23.4,42.0,-94.9,9.1,1.0,128.0,0
D001311,6.4,1069.0,0.93,30.0,0.47,-64.1,-53.3,20.3,56.0,-97.6,4.6,0.0,133.0,1
D001312,6.6,1345.0,1.05,37.0,0.68,-63.4,-54.6,25.1,37.0,-90.6,3.4,1.0,145.0,1
D001313,5.2,1164.0,1.08,29.5,0.54,-65.4,-49.8,23.7,41.0,-95.2,11.2,0.0,125.0,1
D001314,4.9,1136.0,1.1,30.5,0.5,-64.3,-50.5,23.9,37.0,-95.5,9.6,0.0,125.0,1
D001315,6.6,1158.0,1.42,32.0,0.32,-69.7,-51.4,22.5,56.0,-97.6,3.7,1.0,118.0,1
D001316,4.5,1198.0,1.15,26.5,0.57,-64.0,-49.6,22.7,46.0,-96.7,10.1,0.0,129.0,1
D001317,7.0,1039.0,1.13,27.5,0.41,-64.6,-53.8,20.4,55.0,-94.3,19.3,0.0,102.0,0
D001318,4.5,1105.0,1.13,27.5,0.52,-66.1,-51.0,23.4,44.0,-93.8,5.0,1.0,120.0,1
D001319,6.8,1143.0,0.9,40.0,0.62,-68.0,-52.6,20.0,48.0,-93.9,13.3,0.0,133.0,1
D001320,4.6,1251.0,1.44,23.5,0.55,-60.5,-46.3,21.6,41.0,-95.9,,1.0,106.0,0
D001321,4.6,1135.0,1.22,26.5,0.43,-66.0,-49.5,23.7,42.0,-94.6,12.6,1.0,129.0,0
D001322,6.3,1132.0,1.0,32.5,0.46,-69.5,-46.4,27.6,51.0,-92.2,10.8,1.0,145.0,1
D001323,5.4,1171.0,0.99,30.0,0.49,-65.3,-49.9,22.6,43.0,-94.7,10.5,1.0,127.0,1
D001324,5.1,1244.0,1.2,27.5,0.68,-67.8,-48.3,26.8,31.0,-92.2,21.5,0.0,114.0,0
D001325,6.5,1274.0,1.45,20.5,0.42,-63.0,-52.8,21.1,57.0,-95.9,22.3,1.0,134.0,0
D001326,3.6,1196.0,1.25,24.5,0.41,-62.4,-47.0,29.7,47.0,-96.3,13.0,0.0,129.0,0
D001327,5.1,1022.0,0.91,24.5,0.39,-69.3,-54.8,28.6,51.0,-92.5,2.9,1.0,141.0,0
D001328,4.1,1181.0,1.16,29.0,0.44,-65.1,-50.2,23.0,41.0,-95.2,11.3,0.0,126.0,1
D001329,5.5,1082.0,1.16,28.5,0.47,-64.5,-49.8,26.6,,-96.6,7.2,1.0,136.0,0
D001330,4.7,1159.0,1.1,32.0,0.53,-65.3,-48.3,23.4,38.0,-95.1,6.4,1.0,121.0,1
D001331,4.0,1231.0,1.03,31.0,0.46,-64.3,-49.8,25.6,45.0,-94.2,7.1,0.0,133.0,1
D001332,4.6,1394.0,0.92,23.0,0.7,-69.2,,22.2,50.0,-90.9,20.8,,130.0,0
D001333,4.7,1176.0,1.17,28.5,0.54,-66.6,-51.1,22.0,40.0,-96.7,7.0,0.0,133.0,1
D001334,6.4,1199.0,1.11,25.0,0.32,-65.0,-52.8,28.1,42.0,-98.8,1.0,0.0,106.0,0
D001335,4.5,1201.0,1.3,25.5,0.43,-65.1,-48.7,,39.0,-95.4,5.5,1.0,132.0,1
D001336,4.4,1001.0,1.41,22.5,0.51,-64.4,-46.9,,33.0,-91.6,18.1,1.0,132.0,0
D001337,6.2,1198.0,1.55,39.5,0.41,-69.9,-51.5,29.9,50.0,-98.0,12.6,1.0,117.0,0
D001338,4.4,1204.0,1.15,29.5,0.53,-66.1,-49.3,23.9,46.0,-96.0,10.3,1.0,129.0,0
D001339,5.2,1153.0,1.14,28.0,0.51,-64.6,-48.5,25.5,41.0,-95.6,12.4,0.0,127.0,1
D001340,5.2,1123.0,1.0,29.0,0.58,-65.1,-50.4,24.9,45.0,-95.4,6.2,1.0,121.0,1
D001341,3.4,1100.0,0.81,32.5,0.38,-60.7,-53.9,21.1,31.0,-90.8,7.3,1.0,121.0,1
D001342,4.6,1236.0,1.09,30.5,0.47,-66.3,-50.8,25.0,46.0,-96.2,5.8,0.0,126.0,1
D001343,6.0,1074.0,1.16,27.5,0.47,-68.2,-45.7,29.1,47.0,-99.8,6.1,1.0,145.0,1
D001344,5.2,1145.0,0.99,28.5,0.54,-67.0,-50.6,23.9,47.0,-94.1,9.4,1.0,121.0,1
D001345,6.2,1302.0,1.56,22.0,0.51,-63.0,-51.5,27.5,59.0,-96.3,15.8,1.0,131.0,0
D001346,4.5,1204.0,0.93,24.0,0.56,-69.1,-51.1,21.4,44.0,-94.8,20.9,0.0,,1
D001347,4.9,1121.0,1.15,28.5,0.45,-65.8,-52.1,24.0,45.0,-95.3,12.0,0.0,118.0,1
D001348,4.8,1195.0,1.13,27.0,0.39,-65.7,-49.8,23.5,43.0,-95.3,10.6,0.0,122.0,1
D001349,4.8,1238.0,1.09,30.0,0.49,-64.7,-50.0,24.3,39.0,-96.1,9.4,0.0,125.0,1
D001350,4.7,1107.0,1.11,31.5,0.43,-64.3,-52.1,22.7,45.0,-91.4,4.3,1.0,138.0,0
D001351,5.1,1111.0,1.29,23.5,0.4,-66.0,-46.5,22.9,30.0,-96.4,15.4,0.0,133.0,0
D001352,5.1,1171.0,1.04,32.0,0.45,-65.4,-48.9,24.2,46.0,-94.6,9.1,1.0,131.0,1
D001353,4.9,1132.0,1.25,28.5,0.45,-64.8,-50.4,21.8,46.0,-98.2,5.5,1.0,137.0,1
D001354,5.1,1151.0,1.07,28.5,0.55,-65.2,-50.3,21.9,52.0,-94.9,15.7,0.0,135.0,1
D001355,4.7,1199.0,1.17,28.0,0.48,-65.1,-50.6,23.0,48.0,-95.5,8.3,0.0,125.0,0
D001356,3.1,1120.0,0.8,33.5,0.66,-68.3,-49.3,23.0,48.0,-97.2,0.4,1.0,127.0,0
D001357,4.6,1204.0,1.15,27.5,0.46,-66.4,-49.8,24.1,47.0,-95.9,8.9,0.0,125.0,1
D001358,6.2,1119.0,1.15,36.5,0.39,-63.7,-50.0,20.7,44.0,-99.8,7.4,1.0,116.0,1
D001359,4.7,1201.0,1.05,32.5,0.52,-64.8,-49.1,23.1,42.0,-96.6,9.9,1.0,127.0,1
D001360,4.2,1204.0,1.18,35.5,0.36,-67.5,-52.3,26.2,40.0,-97.7,3.0,1.0,118.0,1
D001361,3.7,1247.0,1.2,28.0,0.38,-66.3,-48.2,24.3,41.0,-96.8,15.3,1.0,129.0,0
D001362,4.3,1257.0,1.45,30.5,0.32,-62.7,-49.8,22.0,56.0,-96.8,15.3,1.0,122.0,0
D001363,5.0,1154.0,1.25,28.5,0.46,-66.5,-48.3,23.4,42.0,-95.2,8.7,1.0,125.0,1
D001364,4.9,1169.0,1.06,32.5,0.54,-63.8,-49.9,23.6,48.0,-94.5,11.3,1.0,123.0,0
D001365,5.0,1138.0,1.12,29.5,0.48,-65.1,-50.5,23.5,41.0,-97.2,7.7,0.0,128.0,1
D001366,4.8,1175.0,0.92,28.5,0.53,-65.6,-48.0,23.2,46.0,-94.2,6.6,0.0,,1
D001367,4.1,1204.0,1.16,23.0,0.49,-65.9,-49.6,25.6,45.0,-94.0,9.7,0.0,123.0,0
D001368,5.1,1100.0,1.21,29.5,0.53,-65.6,-50.3,23.8,47.0,-96.2,14.8,1.0,,1
D001369,4.0,1203.0,1.42,23.5,0.31,-68.6,-46.9,27.0,51.0,-97.2,15.4,1.0,108.0,0
D001370,3.6,1180.0,1.21,28.0,0.49,-66.1,-50.4,23.2,46.0,-97.1,8.3,0.0,127.0,0
D001371,4.7,1139.0,1.09,28.5,0.42,-65.0,-50.7,22.7,45.0,-95.1,9.1,1.0,123.0,1
D001372,,1181.0,1.03,28.5,0.56,-66.5,-49.5,24.8,40.0,-95.4,7.9,1.0,122.0,1
D001373,4.9,1170.0,1.04,32.0,0.47,-65.3,-50.4,25.0,44.0,-97.9,7.5,1.0,126.0,1
D001374,4.4,,1.14,29.0,0.38,-66.9,-50.5,24.4,43.0,-96.0,6.1,0.0,133.0,1
D001375,4.6,1140.0,1.18,32.5,0.5,-66.5,-51.3,23.1,39.0,-96.1,9.2,1.0,127.0,1
D001376,5.5,1189.0,1.01,32.0,0.52,-66.1,-49.1,24.4,45.0,-93.8,7.2,0.0,124.0,1
D001377,4.8,1202.0,0.99,30.0,0.46,-65.8,-48.7,23.6,44.0,-96.2,6.7,1.0,124.0,1
D001378,4.7,1168.0,1.05,30.0,0.45,-64.3,-49.6,25.9,49.0,-96.1,8.9,0.0,130.0,1
D001379,3.8,1263.0,1.05,32.5,0.57,-65.8,-49.9,24.2,45.0,-96.2,11.6,0.0,121.0,1
D001380,4.4,1217.0,1.2,28.5,0.44,-66.1,-51.1,23.8,47.0,-95.9,5.6,0.0,122.0,1
D001381,3.4,1155.0,0.92,26.0,0.6,-65.6,-48.2,23.9,35.0,-95.9,18.2,0.0,146.0,0
D001382,4.3,1157.0,1.15,27.5,0.49,-65.4,-48.7,23.8,,-94.3,,,130.0,1
D001383,5.4,1195.0,1.23,34.0,0.48,-64.9,-49.1,22.2,45.0,-95.3,8.8,1.0,132.0,1
D001384,4.2,1233.0,1.06,29.5,0.44,-65.5,-48.0,24.6,40.0,-94.0,10.3,1.0,125.0,1
D001385,4.3,1376.0,1.58,21.5,0.44,-67.6,-51.4,26.6,57.0,-93.4,1.8,0.0,128.0,0
D001386,4.4,1203.0,1.21,29.0,0.46,-66.0,-49.9,25.4,40.0,-94.5,6.9,1.0,135.0,1
D001387,5.5,1002.0,,35.0,0.47,-65.0,-50.3,23.2,50.0,-96.2,2.0,1.0,122.0,1
D001388,4.0,1032.0,1.3,27.0,0.48,-66.7,-50.4,23.9,46.0,,5.6,1.0,126.0,0
D001389,5.0,1196.0,1.06,31.0,0.46,-67.5,-51.1,23.7,46.0,-95.4,7.5,1.0,125.0,1
D001390,4.6,1339.0,0.92,26.5,0.38,-63.3,-53.4,25.7,60.0,-97.2,20.3,0.0,145.0,0
D001391,4.7,1274.0,1.08,27.5,0.45,-66.4,-49.6,24.6,47.0,-96.2,10.4,0.0,123.0,1
D001392,5.3,1162.0,1.17,34.0,0.53,-64.8,-49.0,22.6,43.0,-96.0,10.8,1.0,129.0,1
D001393,,1154.0,1.16,25.0,0.5,-65.6,-49.2,24.2,42.0,-96.0,10.4,0.0,126.0,1
D001394,4.7,1176.0,1.08,26.5,0.48,-66.3,-51.1,,40.0,-95.0,8.8,0.0,125.0,1
D001395,4.8,1134.0,1.51,20.5,0.6,-67.3,,29.8,47.0,-95.5,16.2,1.0,116.0,0
D001396,4.6,1172.0,1.09,26.0,0.48,-64.8,-50.2,23.3,45.0,-94.7,12.7,1.0,132.0,0
D001397,4.6,1169.0,1.04,27.5,0.44,-63.3,-49.6,23.6,46.0,-95.2,10.2,1.0,127.0,1
D001398,4.7,1158.0,1.13,28.5,0.45,-65.5,-50.8,24.8,46.0,-93.3,7.5,1.0,134.0,1
D001399,5.6,1287.0,0.91,34.5,0.48,-66.4,-49.7,26.9,54.0,-90.9,22.8,1.0,123.0,1
D001400,4.4,1071.0,1.42,33.0,0.39,-68.4,-48.7,23.9,31.0,-99.6,23.5,0.0,145.0,1
D001401,3.7,1119.0,1.17,40.0,0.63,-60.8,-54.7,21.4,41.0,-91.6,19.6,,128.0,0
D001402,5.5,1213.0,1.17,28.0,0.53,-64.4,-49.7,23.5,42.0,-93.9,,0.0,134.0,1
D001403,4.4,1179.0,1.03,33.0,0.49,-65.9,-49.5,24.9,42.0,-95.3,5.6,1.0,124.0,1
D001404,4.1,1229.0,1.24,25.5,0.52,-65.8,-49.3,25.9,47.0,-94.4,7.7,1.0,133.0,0
D001405,3.8,1109.0,1.43,36.5,0.45,-66.4,-52.2,26.4,40.0,-97.5,16.1,1.0,108.0,0
D001406,5.3,1145.0,1.17,29.0,0.53,-65.1,-49.5,23.8,43.0,-96.2,11.9,0.0,126.0,1
D001407,4.6,1149.0,0.89,28.0,0.5,-66.7,-50.2,23.2,45.0,-96.8,15.6,0.0,127.0,1
D001408,5.0,1125.0,1.06,31.0,0.52,-64.4,-51.3,22.6,47.0,-94.7,7.1,1.0,127.0,0
D001409,6.9,1374.0,1.58,20.0,0.58,-61.6,-50.2,22.8,50.0,-94.4,0.4,1.0,114.0,0
D001410,4.6,1232.0,1.1,30.0,0.5,-66.1,-50.5,23.7,39.0,-93.9,11.6,1.0,124.0,1
D001411,5.1,1337.0,0.82,36.5,0.46,-61.3,-50.6,25.6,54.0,-91.0,2.1,1.0,101.0,1
D001412,4.3,1176.0,1.23,30.5,0.47,-66.8,-50.0,22.8,41.0,-96.6,11.3,1.0,127.0,0
D001413,5.0,1162.0,1.0,28.5,0.43,-64.4,-50.2,22.7,43.0,-96.1,6.1,0.0,116.0,1
D001414,4.8,1392.0,1.4,27.0,0.48,-66.1,-50.6,25.7,44.0,-94.0,11.4,0.0,133.0,1
D001415,4.6,1215.0,0.83,35.5,0.68,-64.2,-51.5,29.6,45.0,-98.2,16.4,1.0,103.0,0
D001416,5.0,1245.0,0.93,29.5,0.41,,-49.9,24.2,42.0,-94.8,,1.0,124.0,1
D001417,3.8,1110.0,1.26,36.0,0.63,-67.3,-50.6,21.5,50.0,-95.6,7.2,0.0,148.0,0
D001418,4.3,1155.0,1.14,30.0,0.52,-65.1,-49.9,24.4,36.0,-94.8,6.6,0.0,122.0,1
D001419,5.1,1179.0,1.16,31.5,0.49,-64.7,-49.7,24.8,42.0,-95.2,8.2,1.0,130.0,0
D001420,4.7,1232.0,1.04,32.0,0.46,-66.5,-49.0,24.1,41.0,-96.6,9.8,1.0,123.0,1
D001421,4.4,1210.0,1.03,29.5,0.51,-66.0,-50.5,25.5,48.0,-96.7,10.5,1.0,124.0,1
D001422,5.5,1167.0,1.01,29.5,0.5,-66.4,-49.9,22.8,41.0,-95.2,9.4,1.0,120.0,1
D001423,4.5,1241.0,1.18,27.0,0.54,-65.3,-49.9,24.2,38.0,-95.8,10.6,1.0,132.0,1
D001424,3.4,1023.0,1.06,34.0,0.64,-68.6,-48.7,27.7,38.0,-92.8,0.9,0.0,109.0,0
D001425,3.0,1313.0,0.84,22.5,0.48,-66.8,-54.8,29.4,58.0,-98.9,19.8,,108.0,0
D001426,5.0,1176.0,1.15,28.0,0.43,-66.0,-50.4,25.0,40.0,-95.3,7.9,1.0,126.0,1
D001427,4.6,1216.0,1.03,29.5,0.46,-65.0,-48.4,23.9,49.0,-95.4,8.7,0.0,130.0,1
D001428,4.4,1126.0,1.16,29.0,0.52,-65.3,-49.7,23.8,49.0,-95.6,7.4,0.0,126.0,1
D001429,4.2,1231.0,0.95,27.0,0.47,-64.9,-48.6,23.7,34.0,-94.6,10.5,1.0,128.0,1
D001430,5.2,1248.0,1.51,27.0,0.47,-63.4,-53.3,21.3,42.0,-96.4,7.4,1.0,120.0,1
D001431,4.7,1137.0,1.17,30.0,0.53,-67.0,-51.0,24.4,44.0,-94.8,9.3,1.0,117.0,1
D001432,4.6,1237.0,1.18,29.0,0.53,-65.7,-49.7,25.1,46.0,-95.6,7.4,0.0,126.0,1
D001433,4.7,1200.0,1.13,29.0,0.48,-64.0,-50.8,24.1,45.0,-95.9,10.0,1.0,126.0,0
D001434,3.8,1124.0,1.5,28.5,0.33,-60.5,-50.2,28.9,55.0,-90.8,3.6,1.0,103.0,0
D001435,4.3,1094.0,1.07,28.0,0.44,-62.7,-50.0,24.3,48.0,-95.9,12.8,0.0,120.0,0
D001436,5.6,1217.0,1.12,31.5,0.5,-68.0,-49.9,23.3,39.0,-94.1,6.7,1.0,130.0,1
D001437,4.6,1161.0,1.13,27.0,0.46,-65.7,-51.9,24.9,44.0,-93.2,11.0,0.0,124.0,1
D001438,4.6,1249.0,0.91,28.0,0.51,-65.6,-49.6,24.1,41.0,-96.8,4.6,1.0,132.0,1
D001439,4.8,1270.0,0.86,31.5,0.52,-66.2,-52.9,28.9,46.0,-90.2,12.7,0.0,143.0,1
D001440,4.6,1373.0,1.25,34.5,0.35,-65.1,-51.3,20.5,44.0,-90.5,20.8,0.0,119.0,0
D001441,4.2,1296.0,1.19,40.0,0.41,-69.1,-46.0,27.0,59.0,-91.6,7.9,0.0,129.0,1
D001442,6.7,1183.0,1.27,32.0,0.54,-69.6,-52.9,28.6,49.0,-90.7,3.2,1.0,137.0,1
D001443,4.0,1373.0,0.92,26.0,0.61,-60.1,-53.9,20.2,36.0,-99.0,2.0,0.0,126.0,1
D001444,4.4,1238.0,1.09,29.0,0.45,-64.8,-50.4,24.4,45.0,-94.2,8.7,0.0,120.0,1
D001445,4.7,1152.0,1.11,32.0,0.5,-66.8,-50.5,24.1,41.0,-94.0,7.5,0.0,127.0,1
D001446,4.7,1204.0,1.07,31.5,0.44,-65.6,-51.3,23.8,43.0,-94.9,15.5,0.0,125.0,1
D001447,4.8,1099.0,0.84,24.0,0.56,-62.7,-54.2,22.5,41.0,-95.4,14.2,1.0,116.0,0
D001448,4.9,1217.0,0.89,29.5,0.51,-67.0,-49.3,24.1,43.0,-94.8,6.1,1.0,129.0,1
D001449,3.8,1362.0,1.19,21.5,0.5,-62.5,-45.0,24.6,36.0,-99.3,3.6,1.0,107.0,0
D001450,4.7,1186.0,1.27,29.5,0.5,-65.0,-51.2,23.8,43.0,-94.9,11.6,1.0,122.0,0
D001451,5.6,1157.0,1.2,31.0,0.5,-65.6,,23.6,45.0,-95.0,7.0,1.0,126.0,1
D001452,,1144.0,1.17,,0.43,-65.2,-50.2,24.1,39.0,-94.7,9.0,1.0,125.0,0
D001453,5.3,1148.0,1.24,30.5,0.43,-66.1,-50.2,24.0,37.0,-98.1,,1.0,125.0,1
D001454,4.6,1303.0,1.17,40.0,0.66,-67.8,-49.2,21.6,34.0,-90.3,5.0,,137.0,1
D001455,3.0,1287.0,1.27,29.0,0.52,-67.1,-45.9,,33.0,-95.3,20.1,1.0,149.0,0
D001456,4.8,1165.0,1.16,31.0,0.48,-62.6,-49.3,22.7,39.0,-96.6,,0.0,136.0,0
D001457,5.3,1221.0,1.13,28.5,0.46,-65.1,-48.1,23.9,46.0,-95.3,8.2,1.0,125.0,1
D001458,4.8,1183.0,1.1,21.0,0.61,-61.4,-45.7,27.9,34.0,-96.0,17.3,0.0,132.0,0
D001459,5.7,1149.0,1.16,27.5,0.51,-66.1,-51.4,25.4,45.0,-95.6,11.8,0.0,126.0,1
D001460,5.7,1354.0,0.81,20.5,0.37,-61.8,-53.4,28.9,37.0,-93.4,13.8,1.0,147.0,0
D001461,5.0,1252.0,1.49,30.5,0.58,-60.7,-45.2,20.1,58.0,-93.0,15.8,1.0,127.0,0
D001462,5.2,1174.0,1.19,31.5,0.5,-65.4,-48.8,24.5,43.0,-95.0,7.4,0.0,129.0,1
D001463,4.4,1108.0,1.11,25.5,0.49,-66.3,-50.1,25.6,44.0,-96.2,6.1,1.0,126.0,1
D001464,3.4,1031.0,1.48,25.0,0.4,-61.0,-48.8,22.0,46.0,-99.6,18.1,0.0,,0
D001465,6.2,1109.0,1.25,33.5,,-69.6,-54.0,21.5,44.0,-92.4,17.7,1.0,106.0,1
D001466,4.5,1177.0,1.24,28.5,0.52,-66.7,-50.0,23.6,48.0,-95.7,10.6,0.0,127.0,0
D001467,5.3,1169.0,1.13,31.0,0.46,-64.6,-51.5,24.2,40.0,-95.1,11.5,1.0,123.0,1
D001468,4.9,1108.0,1.08,26.5,0.45,-66.6,-49.7,24.6,40.0,-96.0,7.4,1.0,135.0,1
D001469,4.6,1100.0,1.07,33.0,0.53,-68.1,-51.5,24.6,43.0,-96.2,7.1,1.0,125.0,1
D001470,4.3,1101.0,0.87,37.5,0.44,-68.8,-50.9,21.6,55.0,-99.4,24.0,1.0,140.0,1
D001471,5.2,1270.0,1.06,29.5,0.51,-67.0,-50.4,24.7,44.0,-93.5,10.7,1.0,124.0,1
D001472,4.7,1273.0,1.09,28.0,0.54,-65.6,-49.5,22.6,46.0,-94.8,,1.0,121.0,0
D001473,4.8,1216.0,0.98,29.5,0.53,-66.1,-51.0,24.9,45.0,-95.8,9.0,1.0,124.0,1
D001474,5.2,1243.0,1.11,29.5,0.42,-66.1,-50.9,24.1,39.0,-94.9,8.4,0.0,134.0,1
D001475,4.9,1232.0,1.15,26.5,0.51,-65.3,-50.6,24.5,38.0,-96.3,9.0,0.0,131.0,1
D001476,4.6,1198.0,1.35,26.5,0.37,-63.1,-52.8,22.0,35.0,-100.0,16.9,1.0,110.0,0
D001477,4.7,1215.0,1.06,28.5,0.47,-65.3,-49.9,24.9,39.0,-94.1,12.6,1.0,138.0,1
D001478,5.1,1207.0,0.99,29.5,0.44,-64.9,-50.0,23.2,41.0,-95.9,9.2,1.0,134.0,1
D001479,4.6,1118.0,1.13,28.0,0.49,-66.1,-50.6,23.1,45.0,-96.8,7.1,1.0,125.0,1
D001480,4.8,,1.11,28.5,0.48,-66.0,-52.8,24.5,43.0,-95.0,13.0,0.0,130.0,1
D001481,4.7,1207.0,1.07,26.0,0.52,-65.7,-50.9,23.6,47.0,-94.7,14.7,0.0,125.0,1
D001482,5.9,1006.0,0.94,22.5,0.47,-66.6,-50.1,22.5,60.0,-96.7,0.7,0.0,118.0,1
D001483,4.8,1197.0,1.07,28.5,0.48,-64.7,-50.4,22.9,45.0,-96.1,10.2,1.0,137.0,1
D001484,3.9,1140.0,1.03,28.0,0.52,-64.6,-50.9,23.9,44.0,-96.2,7.9,1.0,136.0,1
D001485,5.0,1165.0,0.94,32.5,0.48,-65.4,-50.0,24.0,47.0,,7.4,0.0,126.0,1
D001486,4.1,1119.0,1.11,31.0,0.5,-66.7,-50.1,24.5,46.0,-95.0,2.9,1.0,120.0,1
D001487,3.8,1157.0,1.04,27.0,0.56,-66.6,-49.6,23.6,46.0,-95.7,10.8,1.0,125.0,0
D001488,5.0,1228.0,1.12,30.5,0.49,-67.0,-48.6,24.5,48.0,-95.5,10.5,1.0,127.0,1
D001489,4.5,1156.0,1.44,31.5,0.44,-69.8,-45.7,20.1,56.0,-91.1,20.3,1.0,128.0,0
D001490,3.4,1141.0,1.23,37.0,0.54,-60.4,-52.8,27.3,45.0,-94.5,5.1,0.0,150.0,1
D001491,,1180.0,1.12,25.5,0.51,-65.3,-51.2,24.0,43.0,-94.1,7.9,1.0,127.0,1
D001492,5.3,1134.0,0.99,30.0,0.46,-65.6,-49.3,24.5,40.0,-95.8,8.7,1.0,131.0,1
D001493,5.8,1296.0,1.23,33.0,0.65,-70.0,-47.2,21.4,34.0,-92.3,4.7,1.0,120.0,1
D001494,4.6,1253.0,1.12,30.5,0.52,-65.6,-50.1,25.9,41.0,,8.1,1.0,133.0,1
D001495,5.4,1131.0,1.13,33.0,0.47,-65.2,-48.4,23.9,45.0,-94.6,7.8,0.0,133.0,1
D001496,4.8,1142.0,1.09,32.0,0.54,-66.1,-49.4,23.2,46.0,-96.0,,1.0,126.0,1
D001497,5.2,1160.0,0.99,31.0,0.5,-65.7,,24.5,44.0,-95.6,8.9,0.0,122.0,1
D001498,4.5,1176.0,1.16,25.5,0.48,-66.0,-50.7,23.5,43.0,-95.0,8.4,0.0,124.0,1
D001499,4.8,1187.0,1.08,31.0,0.49,-65.8,-50.6,23.0,43.0,-95.2,10.5,1.0,129.0,1
D001500,4.6,1170.0,1.16,25.5,0.47,-64.3,-46.6,25.2,43.0,-92.8,8.6,0.0,136.0,0
D001501,5.1,1052.0,0.95,37.0,0.6,-66.4,-46.0,25.2,32.0,-95.3,15.1,1.0,111.0,1
D001502,4.0,1084.0,1.47,23.0,0.56,-68.1,-53.8,23.1,37.0,-93.6,6.9,1.0,127.0,0
D001503,4.8,1342.0,,24.0,0.52,-68.1,-46.6,26.3,60.0,-90.7,18.6,0.0,102.0,0
D001504,5.4,1112.0,1.29,31.5,0.48,-64.8,-50.9,23.5,45.0,-94.8,10.8,0.0,128.0,1
D001505,6.6,1183.0,1.37,28.5,0.47,-65.6,-47.4,29.2,37.0,-94.1,,0.0,107.0,0
D001506,5.1,1102.0,0.83,39.5,0.63,-69.9,-53.7,23.7,51.0,-95.2,8.9,1.0,136.0,1
D001507,3.1,1028.0,1.42,36.0,0.31,-68.5,-48.7,22.9,51.0,-94.7,8.9,1.0,106.0,0
D001508,3.5,1055.0,0.87,27.5,0.66,-62.8,-47.7,29.9,50.0,-91.8,13.0,0.0,126.0,0
D001509,5.1,1135.0,1.22,27.0,0.65,-61.6,-53.3,21.8,45.0,-92.1,17.0,1.0,103.0,0
D001510,5.2,1222.0,1.25,25.0,0.5,-64.8,-50.5,23.1,42.0,-96.0,5.8,0.0,130.0,1
D001511,4.9,1144.0,1.11,31.0,0.41,-65.1,-51.4,25.1,48.0,-95.0,3.5,1.0,118.0,1
D001512,4.5,1174.0,0.98,27.5,0.47,-66.3,-51.7,24.6,47.0,,12.1,1.0,126.0,1
D001513,5.0,1165.0,1.14,26.0,0.41,-65.4,-50.9,24.1,41.0,-96.9,4.3,0.0,133.0,1
D001514,4.8,1229.0,1.32,26.0,0.48,-65.7,-52.2,24.9,44.0,-95.8,11.5,0.0,123.0,1
D001515,5.1,1174.0,1.12,31.0,0.48,-64.8,-50.6,23.7,44.0,-96.0,5.5,0.0,131.0,1
D001516,6.0,1204.0,1.23,26.0,,,-48.7,27.3,30.0,-95.3,0.5,0.0,145.0,1
D001517,5.5,1076.0,1.29,37.5,0.48,-60.7,-52.5,21.4,45.0,-94.1,7.2,1.0,104.0,1
D001518,6.4,1210.0,1.42,38.5,0.65,-69.5,-51.2,24.9,,-93.1,9.6,1.0,112.0,0
D001519,5.1,1166.0,1.2,29.0,0.41,-65.1,-49.9,23.6,44.0,-95.7,12.1,1.0,134.0,0
D001520,4.1,1215.0,1.09,29.0,0.43,-64.7,-50.9,25.4,46.0,-94.5,6.9,1.0,123.0,0
D001521,5.4,1228.0,1.06,27.5,0.46,-65.9,-49.3,23.9,44.0,-94.5,5.7,0.0,126.0,1
D001522,4.5,1172.0,1.21,30.0,0.47,-64.3,-50.0,22.3,44.0,-96.3,8.4,1.0,129.0,0
D001523,5.0,1169.0,1.07,24.5,0.46,-65.0,-49.3,24.9,47.0,-94.4,9.8,0.0,129.0,1
D001524,6.2,1295.0,1.48,33.0,0.42,-68.8,-47.9,29.2,44.0,-92.7,18.8,1.0,127.0,0
D001525,6.2,1163.0,0.92,29.0,0.52,-64.8,-51.4,23.0,46.0,-96.7,12.1,0.0,125.0,1
D001526,6.7,,1.18,33.0,0.33,-61.6,-52.7,27.0,45.0,-92.9,22.9,0.0,126.0,0
D001527,4.6,1330.0,1.13,39.5,0.46,-64.5,-49.3,27.0,49.0,-91.0,4.5,1.0,107.0,0
D001528,5.0,1148.0,1.06,28.5,0.44,-65.8,-50.9,23.1,49.0,-96.4,5.7,0.0,129.0,1
D001529,3.1,1278.0,1.45,28.5,0.62,-68.1,-46.2,27.8,39.0,-95.2,0.5,0.0,129.0,0
D001530,4.8,1196.0,1.09,28.0,0.47,-64.0,-50.6,22.0,45.0,-95.9,12.3,1.0,123.0,0
D001531,5.0,1027.0,1.01,35.0,0.67,-67.6,-45.6,28.4,56.0,-98.5,6.0,1.0,131.0,0
D001532,5.6,1186.0,1.05,31.5,0.52,-65.4,-50.1,24.1,39.0,-95.4,11.0,1.0,128.0,1
D001533,4.6,1225.0,1.19,28.5,0.56,-66.6,-49.6,24.8,44.0,-95.8,6.0,0.0,130.0,1
D001534,5.2,1102.0,1.05,25.5,0.51,-65.0,-49.7,25.9,50.0,-95.2,6.5,0.0,130.0,1
D001535,5.0,1243.0,0.99,30.0,0.54,-65.8,-47.9,21.9,40.0,-93.6,11.6,0.0,133.0,1
D001536,5.4,1195.0,0.99,30.0,0.45,-65.1,-50.5,25.4,44.0,-96.1,9.6,0.0,134.0,1
D001537,4.9,1017.0,,34.5,0.39,-61.7,-54.2,29.8,38.0,-91.8,9.0,1.0,139.0,0
D001538,6.8,1198.0,1.58,26.0,0.34,-68.1,-46.3,29.6,52.0,-91.8,23.0,0.0,130.0,0
D001539,6.2,1366.0,1.17,31.0,0.3,-69.0,-45.1,24.5,56.0,-90.6,18.9,0.0,100.0,0
D001540,5.2,1215.0,1.23,30.0,0.51,-65.0,-50.5,25.1,52.0,-96.6,4.8,1.0,124.0,1
D001541,5.1,1186.0,0.99,29.0,0.51,,-50.3,24.1,39.0,-96.2,9.5,1.0,124.0,1
D001542,4.8,,1.0,28.0,0.41,-65.0,-48.5,23.4,45.0,-94.6,12.7,0.0,128.0,0
D001543,4.5,1247.0,1.17,29.0,0.52,-64.4,-48.8,25.1,39.0,-95.9,14.2,0.0,120.0,1
D001544,3.4,1080.0,0.81,32.5,0.53,-65.6,-48.3,20.2,37.0,-94.7,18.8,1.0,135.0,0
D001545,6.9,1097.0,1.08,29.5,,-69.6,-51.7,26.5,37.0,-93.4,9.1,1.0,110.0,1
D001546,4.5,1033.0,0.97,31.0,0.53,-63.4,-51.7,23.5,34.0,-91.4,17.1,1.0,100.0,0
D001547,5.1,1191.0,1.07,27.5,,-63.8,-49.6,23.1,45.0,-95.3,3.6,1.0,129.0,1
D001548,4.4,1320.0,1.25,28.0,0.32,-65.9,-54.2,25.0,31.0,-92.3,3.9,1.0,112.0,0
D001549,6.0,1101.0,1.44,24.5,0.36,-65.6,-51.4,28.0,57.0,-91.4,14.8,1.0,135.0,0
D001550,4.9,1224.0,1.19,31.5,0.45,-64.9,-49.6,23.6,45.0,-94.9,12.7,1.0,122.0,1
D001551,5.2,1230.0,1.04,30.5,0.53,-66.1,-51.0,22.5,43.0,-94.8,7.7,0.0,134.0,1
D001552,4.8,1168.0,1.04,28.0,0.47,-65.9,-51.0,23.3,,-95.4,6.3,1.0,122.0,1
D001553,5.0,1175.0,1.04,29.0,0.49,-65.4,-49.4,24.6,49.0,-95.0,5.9,0.0,130.0,1
D001554,3.1,1113.0,0.99,26.0,0.35,-60.5,-45.4,20.6,57.0,-97.7,1.6,0.0,106.0,0
D001555,5.5,1046.0,1.58,24.0,0.69,-61.7,-52.3,27.8,55.0,-96.8,11.6,1.0,113.0,0
D001556,3.5,1332.0,1.55,36.5,0.34,-60.8,-54.5,29.3,48.0,-99.6,15.4,1.0,110.0,0
D001557,6.2,1244.0,0.9,21.5,0.54,-68.8,-46.5,25.6,42.0,-98.6,11.3,0.0,132.0,1
D001558,4.1,1222.0,1.03,28.0,0.52,-66.2,-49.5,23.3,53.0,-96.2,11.6,1.0,132.0,1
D001559,4.2,1117.0,1.22,27.5,0.37,-66.7,-47.7,24.0,46.0,-98.2,9.2,0.0,128.0,0
D001560,4.1,1016.0,1.45,39.0,0.53,-69.2,-52.3,28.9,34.0,-94.8,11.6,,,1
D001561,3.9,1257.0,,22.5,0.58,-61.7,-47.4,24.0,49.0,-96.4,3.0,1.0,137.0,0
D001562,5.3,1137.0,1.0,28.5,0.43,-64.8,-50.1,24.8,47.0,-96.2,10.1,1.0,128.0,1
D001563,4.7,1033.0,1.18,40.0,0.68,-63.0,-50.4,20.0,47.0,-90.8,22.8,0.0,140.0,0
D001564,5.2,1192.0,1.08,29.5,0.46,-63.0,-50.9,25.8,49.0,-94.5,7.2,0.0,,1
D001565,4.9,1147.0,1.11,31.0,0.45,-66.0,-48.7,24.7,41.0,-95.5,6.0,0.0,129.0,1
D001566,4.3,1208.0,1.14,34.5,0.48,-66.6,-50.3,24.3,43.0,-95.9,9.0,1.0,130.0,0
D001567,4.6,1203.0,1.16,27.0,0.5,-65.4,-50.6,24.3,43.0,-96.3,10.4,0.0,117.0,0
D001568,5.5,1199.0,1.12,29.0,0.48,-64.7,-50.3,24.8,45.0,-96.7,11.8,0.0,123.0,1
D001569,4.7,,0.96,30.0,0.51,-64.4,-49.2,24.6,45.0,-94.1,6.5,1.0,133.0,1
D001570,5.2,1272.0,0.98,24.5,0.67,-61.4,-46.1,24.3,56.0,-97.1,13.5,1.0,134.0,0
D001571,4.6,1254.0,1.04,28.5,0.52,-65.8,-50.1,22.5,44.0,-96.9,4.4,0.0,128.0,1
D001572,5.8,1314.0,1.55,36.5,0.4,-66.6,-49.5,29.4,47.0,-97.6,8.9,0.0,106.0,0
D001573,3.5,1069.0,1.34,27.5,0.7,-64.6,-45.2,25.3,57.0,-96.0,0.6,1.0,120.0,0
D001574,6.8,1038.0,1.02,25.0,0.4,-63.9,-49.1,,43.0,-91.0,21.8,1.0,111.0,0
D001575,4.9,1131.0,1.09,27.5,0.45,-64.1,-49.7,22.0,47.0,-94.6,8.7,0.0,138.0,0
D001576,4.7,1197.0,1.19,26.5,0.44,-67.3,-49.5,24.9,43.0,-94.7,9.8,0.0,129.0,0
D001577,5.8,1191.0,1.06,28.5,0.44,-67.8,-49.7,21.9,42.0,-92.8,6.9,1.0,123.0,1
D001578,5.0,1154.0,1.24,32.5,0.49,-65.1,-48.4,22.8,49.0,-94.8,11.0,0.0,129.0,1
D001579,5.2,1135.0,0.98,28.5,0.51,-64.4,-51.1,26.0,45.0,-94.7,6.7,1.0,133.0,1
D001580,5.0,1171.0,1.09,33.5,0.54,-65.7,-49.4,23.9,41.0,-95.8,10.2,1.0,134.0,1
D001581,4.8,1272.0,1.19,30.0,0.51,-65.9,-50.0,23.6,46.0,-95.2,9.3,1.0,131.0,1
D001582,5.1,1151.0,1.3,25.5,0.47,-67.6,-49.0,23.0,45.0,-94.9,9.6,1.0,138.0,1
D001583,4.2,1226.0,1.1,29.0,0.54,-64.5,-50.7,22.5,42.0,-95.4,8.0,1.0,127.0,1
D001584,4.0,1184.0,0.82,37.5,0.52,-69.0,-47.2,25.3,41.0,-92.1,6.8,1.0,114.0,1
D001585,4.8,1176.0,1.09,26.5,0.48,-68.1,-52.6,24.6,46.0,-95.2,10.3,1.0,133.0,1
D001586,5.2,1134.0,1.13,28.0,0.48,-65.7,-49.4,24.9,44.0,-96.6,4.1,1.0,122.0,1
D001587,4.8,1175.0,1.16,30.0,0.47,-65.7,-49.5,22.7,46.0,-95.3,,0.0,131.0,1
D001588,3.1,1179.0,1.06,33.5,0.37,-69.3,-47.1,24.3,49.0,-99.7,,1.0,146.0,0
D001589,5.1,,1.04,27.0,0.49,-63.5,-50.4,23.2,42.0,-95.1,7.9,1.0,130.0,1
D001590,4.3,1112.0,1.33,27.5,0.42,-66.2,-47.4,29.5,46.0,-94.1,23.3,1.0,148.0,0
D001591,4.7,1157.0,1.09,31.0,0.51,-66.9,-49.5,22.4,48.0,-94.8,8.6,1.0,127.0,1
D001592,5.0,1189.0,1.0,27.5,0.48,-64.7,-49.7,21.3,43.0,-96.0,,1.0,121.0,1
D001593,4.8,1120.0,1.03,28.5,0.42,-64.2,-48.1,23.8,44.0,-97.4,7.0,0.0,133.0,0
D001594,6.1,1371.0,0.98,21.0,0.67,-66.2,-46.4,21.7,58.0,-96.4,13.8,1.0,128.0,0
D001595,4.5,1113.0,1.02,36.0,0.42,-63.7,-54.1,23.6,55.0,-99.7,2.5,0.0,128.0,1
D001596,3.9,1159.0,1.05,28.5,0.54,-66.0,-50.0,24.7,50.0,-96.0,15.0,0.0,126.0,1
D001597,3.0,1306.0,1.05,31.5,0.64,-60.6,-51.6,20.5,56.0,-99.8,10.0,1.0,110.0,0
D001598,5.1,1168.0,1.09,28.0,0.54,-65.2,-49.1,23.8,40.0,,9.1,0.0,123.0,1
D001599,5.5,1199.0,1.04,28.0,0.54,-66.9,-49.8,22.1,41.0,-94.8,9.0,1.0,132.0,1
D001600,4.5,1139.0,,29.0,0.5,-65.5,-48.5,24.6,45.0,-95.5,7.4,0.0,127.0,1
D001601,4.5,1192.0,1.13,28.5,0.56,-66.6,-50.1,24.3,44.0,-95.0,15.1,1.0,122.0,1
D001602,3.3,1161.0,1.05,22.5,0.48,-67.8,-48.6,24.2,32.0,,18.1,0.0,130.0,0
D001603,4.1,1242.0,1.17,28.5,0.46,-65.9,-49.8,25.7,50.0,-94.8,8.4,0.0,120.0,0
D001604,4.5,1136.0,1.01,25.5,0.49,-65.5,-48.5,23.8,46.0,-98.3,7.2,1.0,130.0,0
D001605,5.3,1224.0,1.08,27.0,0.5,-66.4,-51.2,21.9,41.0,-95.4,8.9,0.0,129.0,1
D001606,4.8,1155.0,1.18,27.5,0.5,-65.9,-51.5,25.4,43.0,-95.9,4.2,0.0,128.0,1
D001607,5.1,1146.0,1.09,29.5,0.5,-65.5,-50.0,22.3,43.0,-95.6,9.9,0.0,130.0,1
D001608,4.8,1187.0,1.15,30.5,0.45,-66.3,-50.1,23.8,47.0,-95.2,10.8,1.0,129.0,1
D001609,5.0,1168.0,1.13,27.0,0.5,-66.7,-50.9,23.8,38.0,-94.3,5.6,0.0,134.0,1
D001610,4.7,1180.0,1.01,25.0,0.51,-64.2,-49.7,25.3,43.0,-93.5,9.5,0.0,129.0,1
D001611,6.8,1221.0,1.06,27.0,0.37,-62.1,-47.9,20.7,44.0,-97.2,12.6,0.0,144.0,0
D001612,5.2,1172.0,1.05,31.5,0.43,-64.8,-51.2,23.7,48.0,-96.1,8.6,0.0,130.0,1
D001613,5.0,1165.0,1.15,25.5,0.52,-65.2,-50.8,24.1,45.0,-95.0,9.1,1.0,130.0,1
D001614,,1274.0,1.22,27.0,0.55,-65.4,-49.7,23.9,44.0,-95.2,6.0,1.0,127.0,0
D001615,5.4,1177.0,0.98,31.0,0.51,-64.5,-49.6,23.8,42.0,-94.1,6.7,0.0,128.0,1
D001616,4.6,1233.0,1.09,27.5,0.48,-65.9,-50.6,24.4,46.0,-94.5,10.8,1.0,125.0,1
D001617,5.8,1204.0,1.08,23.5,0.46,-69.7,-51.0,25.8,52.0,-90.3,22.3,1.0,116.0,1
D001618,4.9,1174.0,0.93,27.5,0.44,-66.2,-51.0,23.6,37.0,-94.4,9.5,0.0,130.0,1
D001619,5.2,1160.0,0.97,27.5,0.61,-60.7,-46.6,25.8,52.0,-94.5,1.7,0.0,108.0,0
D001620,4.6,1179.0,0.96,30.5,0.46,-64.7,-49.6,22.5,37.0,-95.5,7.6,1.0,136.0,1
D001621,4.4,1217.0,1.22,29.5,0.41,-66.8,-50.1,23.5,42.0,-95.6,12.7,0.0,127.0,0
D001622,4.4,1149.0,1.1,27.5,0.5,-65.8,-51.3,21.9,44.0,-95.9,7.8,1.0,124.0,0
D001623,4.4,1204.0,1.11,32.0,0.5,-64.0,-50.7,24.6,44.0,-96.0,4.7,0.0,121.0,1
D001624,4.5,1202.0,1.0,30.0,0.55,-65.6,-50.3,23.3,48.0,-95.3,4.7,1.0,134.0,0
D001625,4.7,1189.0,1.01,28.5,0.49,-64.5,-49.8,23.3,47.0,-95.0,10.4,1.0,121.0,0
D001626,5.3,1180.0,1.0,30.0,0.45,-66.8,-49.0,25.7,43.0,-96.5,7.8,0.0,121.0,1
D001627,4.9,1165.0,1.08,31.5,0.47,-64.8,-49.9,24.9,44.0,-95.5,10.0,1.0,125.0,1
D001628,3.5,1050.0,1.44,30.0,0.56,-67.7,-54.7,23.2,51.0,-92.7,19.0,1.0,118.0,0
D001629,4.7,1235.0,1.11,29.0,0.48,,-51.3,24.2,44.0,-95.0,9.1,1.0,133.0,1
D001630,5.3,1213.0,0.98,31.0,0.4,-64.6,,23.9,,-96.3,12.3,1.0,125.0,1
D001631,5.1,1165.0,1.33,38.5,0.67,-63.7,-55.0,25.1,51.0,-92.5,21.5,1.0,133.0,0
D001632,5.1,1207.0,1.02,28.5,0.45,-65.1,-50.8,23.6,45.0,-94.9,10.0,1.0,132.0,1
D001633,5.5,1136.0,1.22,31.5,0.44,-64.7,-49.9,22.7,44.0,-94.0,13.2,0.0,131.0,1
D001634,5.0,1207.0,1.08,28.0,0.42,-65.7,-49.8,22.3,39.0,-93.4,8.6,1.0,130.0,1
D001635,5.7,1019.0,1.56,33.5,0.3,-69.8,-55.0,24.2,35.0,-95.8,17.1,0.0,140.0,1
D001636,4.4,1194.0,0.99,26.5,0.45,-66.0,-51.1,23.8,45.0,-95.7,13.6,1.0,138.0,1
D001637,4.7,1210.0,1.06,27.0,0.49,-63.8,-49.9,,43.0,-93.7,9.9,1.0,121.0,0
D001638,4.7,1115.0,1.27,29.5,0.48,-65.1,-48.3,24.5,40.0,-97.1,5.7,0.0,125.0,1
D001639,4.0,1185.0,1.03,28.5,0.44,-65.8,-50.6,24.6,46.0,-95.9,7.3,1.0,135.0,0
D001640,5.0,1114.0,1.26,29.0,0.47,-67.9,-48.4,22.5,43.0,-95.5,7.7,1.0,134.0,1
D001641,4.7,1259.0,1.11,28.5,0.5,-65.9,-47.8,,40.0,-93.9,10.1,1.0,136.0,1
D001642,4.7,1188.0,1.07,28.5,0.47,-64.9,-51.0,23.9,50.0,-95.6,8.5,1.0,119.0,1
D001643,6.6,1058.0,1.16,28.5,0.56,-61.2,-53.1,26.3,49.0,-95.5,6.6,1.0,121.0,1
D001644,5.8,1216.0,1.46,23.5,0.38,-61.6,-48.2,,31.0,-93.0,23.0,1.0,112.0,0
D001645,5.2,1026.0,1.6,26.5,0.45,-63.3,-50.6,24.0,37.0,-93.7,13.2,1.0,126.0,0
D001646,4.5,1190.0,1.14,30.5,0.51,-66.7,-50.8,23.3,,-96.0,9.2,1.0,126.0,0
D001647,5.2,1015.0,1.09,28.5,0.46,-70.0,-54.5,27.1,56.0,-93.2,10.7,1.0,125.0,1
D001648,4.5,1043.0,1.43,21.5,0.44,-68.9,-51.7,29.6,52.0,-96.1,0.2,1.0,129.0,0
D001649,4.5,1137.0,1.23,30.0,0.44,-67.0,-50.1,25.5,42.0,-96.0,7.1,1.0,132.0,0
D001650,5.3,1196.0,1.25,28.5,0.44,-65.3,-49.6,23.4,37.0,-94.6,9.1,1.0,123.0,1
D001651,5.2,1207.0,1.12,27.5,0.42,-67.9,-51.6,23.9,49.0,-96.5,5.3,0.0,129.0,1
D001652,5.6,1074.0,1.59,23.5,0.59,-64.3,-45.3,20.2,60.0,-96.8,17.8,1.0,138.0,0
D001653,4.2,1367.0,0.88,27.5,0.37,-68.1,-45.1,28.7,56.0,-93.7,14.1,1.0,117.0,0
D001654,5.0,1201.0,1.09,30.5,0.49,-66.3,-51.1,24.3,42.0,-95.6,8.3,0.0,121.0,1
D001655,4.6,1132.0,1.06,29.5,0.51,-65.4,-50.1,23.0,38.0,-97.5,9.2,1.0,122.0,1
D001656,4.5,1167.0,1.08,31.5,0.47,-62.1,-50.2,23.9,46.0,-96.6,6.6,0.0,127.0,1
D001657,6.8,1279.0,1.56,25.5,0.42,-63.1,-45.3,28.6,58.0,-98.8,12.1,0.0,115.0,0
D001658,4.8,1219.0,1.0,31.5,0.54,-64.8,-50.1,24.0,42.0,-95.1,8.3,0.0,126.0,1
D001659,5.4,1264.0,1.15,29.0,0.49,-65.6,-48.8,23.1,45.0,-96.0,9.3,0.0,130.0,1
D001660,4.4,1027.0,0.96,30.0,0.34,-69.4,-48.0,22.3,57.0,-98.7,16.0,1.0,129.0,0
D001661,4.9,1317.0,1.6,34.5,0.68,-66.8,-54.2,25.4,31.0,-91.8,12.2,1.0,124.0,1
D001662,3.9,1123.0,1.14,32.0,0.35,-69.9,-53.9,23.0,41.0,-99.4,0.9,1.0,146.0,1
D001663,4.9,1212.0,1.07,28.5,0.48,-65.2,-51.0,21.9,47.0,-96.4,6.8,0.0,127.0,1
D001664,,1174.0,1.04,28.5,0.54,-66.4,-47.7,24.3,41.0,-94.8,8.8,1.0,128.0,1
D001665,4.2,1142.0,1.09,24.5,0.47,-65.2,-49.9,24.9,47.0,-97.2,14.8,0.0,134.0,0
D001666,4.1,1134.0,1.07,28.5,0.51,-65.1,-50.7,23.0,47.0,-93.6,11.8,0.0,133.0,1
D001667,3.5,1341.0,1.1,37.5,0.39,-61.8,-48.5,22.0,60.0,-91.3,7.1,0.0,133.0,1
D001668,4.8,1221.0,1.01,30.5,0.42,-67.5,-49.5,23.1,40.0,-94.1,9.7,0.0,125.0,1
D001669,4.8,1236.0,1.18,25.5,,-64.4,-49.0,24.8,48.0,-94.6,8.2,1.0,130.0,0
D001670,4.7,1197.0,1.28,30.0,0.56,-66.3,-51.7,23.5,44.0,-96.0,12.9,1.0,119.0,1
D001671,4.7,1192.0,1.11,30.5,0.47,-63.4,-50.1,24.3,47.0,-94.8,12.2,0.0,127.0,1
D001672,3.2,1002.0,0.9,29.0,0.69,-69.1,-53.0,28.5,37.0,-90.9,6.5,1.0,136.0,0
D001673,5.0,1194.0,1.03,29.5,0.52,-69.1,-50.2,24.0,42.0,-95.8,8.7,1.0,129.0,1
D001674,3.5,1127.0,1.2,20.5,0.68,-66.8,-52.2,21.3,54.0,-90.2,5.9,1.0,118.0,0
D001675,5.5,1154.0,1.1,26.5,0.49,-63.9,-50.6,24.9,44.0,-96.3,10.5,1.0,121.0,1
D001676,4.8,,,23.5,0.67,-61.9,-47.2,21.4,34.0,-94.3,5.9,0.0,142.0,0
D001677,4.9,1259.0,0.95,31.0,0.6,-68.9,-54.5,21.8,54.0,-93.1,10.3,0.0,145.0,1
D001678,5.0,1161.0,1.15,30.0,0.47,-68.4,-48.7,23.1,45.0,-95.7,4.8,0.0,127.0,1
D001679,5.1,1227.0,1.03,29.0,0.46,-66.2,-49.8,23.2,43.0,-97.2,11.1,0.0,129.0,1
D001680,5.5,1308.0,1.5,22.0,0.39,-62.9,-54.7,24.6,53.0,-98.6,4.7,0.0,133.0,1
D001681,5.3,1232.0,1.17,27.5,0.45,-63.6,-51.2,23.3,45.0,-95.4,10.9,1.0,132.0,1
D001682,6.6,1343.0,1.59,32.5,0.56,-61.6,-50.2,27.3,49.0,-95.0,11.2,0.0,113.0,0
D001683,5.5,1086.0,0.81,33.5,0.61,-60.6,-45.9,20.7,35.0,-99.7,12.2,1.0,136.0,1
D001684,4.6,1158.0,1.28,29.0,0.51,-65.6,-50.9,24.1,43.0,-97.4,6.0,0.0,125.0,1
D001685,5.1,1210.0,1.1,26.5,0.5,-65.4,-48.1,23.2,41.0,-96.8,12.5,1.0,132.0,1
D001686,4.8,1116.0,0.99,27.5,0.44,-66.5,-49.5,24.6,44.0,-94.6,10.6,0.0,133.0,1
D001687,5.3,1208.0,1.05,22.0,0.67,-69.1,-50.4,26.1,46.0,-99.0,1.7,1.0,123.0,1
D001688,6.3,1153.0,0.97,28.5,0.34,-66.4,-51.4,25.9,35.0,-99.4,2.1,1.0,114.0,1
D001689,4.1,1097.0,1.6,23.5,0.45,-66.4,-53.0,21.3,40.0,-96.1,1.3,1.0,130.0,1
D001690,5.0,1170.0,1.15,30.0,0.51,-65.7,-51.2,23.9,48.0,-96.5,11.2,1.0,123.0,1
D001691,6.2,1087.0,0.9,27.0,0.67,-67.7,-52.5,22.8,37.0,-94.3,12.0,0.0,105.0,1
D001692,4.4,1272.0,1.3,31.0,0.68,-66.0,-54.6,26.5,46.0,-93.6,20.6,1.0,131.0,0
D001693,5.4,1165.0,1.11,27.5,0.52,-64.3,-51.7,23.4,,-96.3,7.7,0.0,123.0,1
D001694,4.3,1149.0,1.12,26.5,0.43,-64.2,-50.4,23.8,51.0,-93.2,7.3,0.0,139.0,1
D001695,3.0,1216.0,0.9,23.5,0.57,-65.7,-46.2,25.8,55.0,-91.0,13.6,1.0,139.0,0
D001696,4.0,1281.0,1.31,33.0,0.47,-63.4,-49.7,28.1,32.0,-93.2,19.0,1.0,143.0,0
D001697,3.6,1043.0,1.54,37.0,0.64,-67.2,-49.9,23.4,42.0,-98.9,4.0,0.0,113.0,0
D001698,4.8,1175.0,0.99,32.0,0.53,-66.6,-51.1,24.4,45.0,-95.4,12.4,1.0,131.0,1
D001699,4.4,1183.0,1.0,29.5,0.48,-65.5,-49.5,24.5,44.0,-92.9,9.2,0.0,130.0,1
D001700,5.0,1318.0,1.09,32.0,0.34,-61.3,-52.7,23.4,43.0,-96.8,1.2,1.0,139.0,1
D001701,4.1,1103.0,1.56,37.0,0.47,-66.1,-54.7,22.9,35.0,-98.5,17.1,1.0,103.0,0
D001702,4.3,1200.0,1.09,24.5,0.43,-65.4,-52.2,24.7,49.0,-94.7,12.1,1.0,126.0,0
D001703,3.9,1276.0,1.15,24.5,0.56,-62.8,-49.2,26.5,48.0,-99.6,15.3,1.0,133.0,0
D001704,4.4,1170.0,1.15,27.0,0.43,-64.8,-50.8,25.7,44.0,-97.7,5.9,1.0,122.0,0
D001705,4.5,1225.0,1.05,27.5,0.54,-64.1,,23.7,34.0,-93.4,10.5,1.0,132.0,1
D001706,4.6,1184.0,1.15,30.0,0.48,-65.5,-48.9,23.9,46.0,-97.7,8.0,1.0,127.0,0
D001707,4.3,1181.0,1.28,27.5,0.51,-64.6,-50.1,22.2,46.0,-95.3,7.9,1.0,128.0,0
D001708,3.9,1164.0,1.15,28.0,0.6,-61.9,-49.1,27.3,48.0,-97.4,3.4,1.0,108.0,0
D001709,5.0,1171.0,1.15,28.5,0.43,-65.4,-51.8,22.2,48.0,-95.9,4.5,1.0,125.0,1
D001710,5.2,1214.0,1.09,26.0,0.47,-64.3,-50.2,22.4,49.0,-95.5,9.6,1.0,131.0,0
D001711,5.7,1145.0,0.88,34.0,0.44,-68.9,-51.1,28.3,37.0,-98.7,8.5,1.0,103.0,1
D001712,4.6,1236.0,1.23,28.0,0.46,-66.3,-50.5,23.0,46.0,-96.0,3.1,1.0,133.0,1
D001713,5.1,1203.0,1.01,33.5,0.47,-64.0,-48.3,23.7,42.0,-96.7,10.5,1.0,131.0,0
D001714,5.0,1194.0,1.04,28.5,0.42,-67.1,-51.4,23.5,45.0,-96.3,11.7,1.0,130.0,1
D001715,5.2,1163.0,0.96,24.5,,-63.6,-49.8,23.4,41.0,-96.5,12.2,0.0,132.0,1
D001716,4.7,1199.0,1.08,27.5,0.49,-65.5,-50.2,24.5,42.0,-96.0,9.5,1.0,119.0,1
D001717,4.7,1220.0,0.95,29.5,0.5,-62.7,-51.1,22.9,42.0,-95.6,1.9,1.0,135.0,1
D001718,4.7,1261.0,0.98,28.0,0.55,-65.3,-51.9,25.3,41.0,-94.3,8.0,0.0,122.0,1
D001719,4.9,1093.0,1.15,36.5,0.34,-68.0,-54.1,,31.0,-97.7,19.2,1.0,143.0,1
D001720,5.1,1359.0,1.31,32.5,0.51,-63.7,-48.0,21.0,55.0,-97.2,18.6,0.0,121.0,0
D001721,4.4,1179.0,1.25,31.0,0.53,-65.9,-50.6,23.8,45.0,-94.6,,0.0,138.0,1
D001722,6.5,1233.0,1.37,20.5,0.49,-60.3,-48.9,23.5,49.0,-99.9,,0.0,101.0,0
D001723,6.9,1263.0,1.48,26.0,0.61,-61.9,-48.3,27.6,53.0,-98.9,9.9,1.0,149.0,0
D001724,6.4,1102.0,1.43,28.5,0.66,-61.2,-46.2,25.6,50.0,-93.6,17.6,1.0,115.0,0
D001725,4.6,1210.0,1.01,33.0,0.47,-66.6,-49.4,24.5,48.0,-95.6,10.5,0.0,132.0,1
D001726,5.0,1175.0,0.98,27.0,0.49,-64.2,-49.7,23.1,37.0,-95.0,11.9,0.0,126.0,0
D001727,5.3,1181.0,0.85,,0.49,-68.2,-46.6,25.1,46.0,-95.3,22.7,1.0,124.0,1
D001728,4.2,1159.0,1.2,26.5,0.49,-64.9,-49.5,23.4,47.0,-95.9,11.0,1.0,130.0,0
D001729,5.7,1244.0,1.05,30.0,0.44,-63.8,-49.0,22.9,48.0,-96.3,10.4,1.0,127.0,1
D001730,5.1,1173.0,1.18,28.0,0.5,-66.5,-50.4,23.2,43.0,-95.3,5.6,1.0,136.0,1
D001731,4.3,1324.0,1.27,33.0,0.63,-68.7,-48.4,26.5,31.0,-95.9,18.4,1.0,138.0,1
D001732,,1177.0,1.02,29.0,0.52,-64.8,-49.9,23.7,44.0,-95.5,12.2,0.0,129.0,1
D001733,5.9,1221.0,1.25,31.0,0.68,-62.0,-52.9,24.2,57.0,-97.9,19.7,0.0,102.0,0
D001734,5.0,1215.0,1.08,27.0,0.45,-65.7,-48.9,23.1,41.0,-94.3,10.6,0.0,120.0,1
D001735,4.2,1287.0,1.04,31.0,0.7,-63.6,-53.3,21.3,50.0,-95.7,13.5,1.0,103.0,0
D001736,3.4,1355.0,1.5,20.0,,-66.4,-52.2,23.0,39.0,-90.1,20.9,0.0,122.0,0
D001737,5.1,1207.0,0.97,29.5,0.45,-65.0,-50.7,25.8,45.0,-95.2,13.1,1.0,129.0,1
D001738,5.1,1119.0,1.02,28.5,0.44,-65.7,-48.1,23.7,48.0,-94.8,12.8,1.0,126.0,1
D001739,4.8,1230.0,1.12,29.0,0.49,-66.9,-48.5,23.5,46.0,-96.3,8.0,0.0,118.0,1
D001740,6.5,1381.0,1.6,30.5,0.51,-60.4,-45.1,25.2,48.0,-92.0,23.3,1.0,105.0,0
D001741,3.7,1286.0,0.97,31.0,0.67,-69.0,-49.5,27.8,58.0,-95.1,11.5,1.0,103.0,0
D001742,6.1,1013.0,0.89,39.0,0.44,-64.9,-48.6,28.3,35.0,-96.4,,1.0,116.0,1
D001743,5.2,1169.0,1.17,29.5,0.47,-66.5,-47.8,24.4,40.0,-96.0,10.4,0.0,125.0,1
D001744,4.7,1144.0,1.21,29.0,0.51,-67.1,-50.9,23.7,44.0,-95.5,10.4,0.0,130.0,1
D001745,7.0,1212.0,0.83,35.0,0.54,-62.5,-49.6,28.1,41.0,-91.4,8.6,0.0,147.0,1
D001746,3.2,1298.0,1.12,27.0,0.48,-65.4,-45.1,27.4,42.0,-100.0,15.8,0.0,115.0,0
D001747,5.2,1145.0,1.1,28.0,0.5,-64.4,-50.8,23.9,38.0,-94.0,6.8,1.0,124.0,1
D001748,5.3,1215.0,1.11,27.5,0.5,-66.3,-48.5,25.4,43.0,-93.6,7.6,0.0,125.0,1
D001749,5.9,1230.0,1.57,37.5,0.54,-63.4,-54.0,23.1,35.0,-95.9,8.7,1.0,124.0,1
D001750,5.4,1169.0,1.11,29.0,0.49,-64.6,-51.0,24.9,44.0,-96.3,11.8,1.0,129.0,1
D001751,4.4,1170.0,1.12,30.0,0.46,-67.5,-49.1,23.0,39.0,-94.4,7.8,1.0,133.0,1
D001752,6.7,1265.0,1.2,28.0,0.42,-64.5,-52.2,22.9,43.0,-99.1,7.6,1.0,104.0,0
D001753,3.1,1179.0,1.47,30.5,0.68,-67.1,-52.6,25.7,35.0,,,0.0,140.0,0
D001754,3.6,1122.0,1.35,34.5,0.54,-67.7,-45.9,26.9,54.0,-90.8,0.8,0.0,132.0,1
D001755,4.4,1189.0,1.11,29.5,0.49,-65.1,-48.6,22.0,48.0,-96.0,13.4,0.0,128.0,1
D001756,3.0,1398.0,1.18,22.0,0.68,-67.7,-53.2,29.0,47.0,,6.1,0.0,103.0,0
D001757,5.1,1193.0,1.08,27.5,0.45,-65.1,-49.0,21.8,47.0,-95.0,8.5,1.0,125.0,1
D001758,5.3,1266.0,1.22,30.5,0.65,-62.9,-45.5,23.4,40.0,-93.6,15.8,1.0,121.0,0
D001759,4.2,1160.0,1.24,29.0,0.67,-61.2,-45.7,24.8,32.0,-94.6,14.3,0.0,124.0,0
D001760,4.5,1152.0,1.16,29.0,0.55,-65.7,-50.5,23.6,45.0,-95.1,7.8,1.0,129.0,1
D001761,4.8,1173.0,1.06,27.0,0.49,-65.1,-52.1,25.5,40.0,-96.0,12.7,1.0,136.0,1
D001762,6.5,1144.0,1.45,32.5,0.43,-67.9,-51.8,20.1,50.0,-92.4,5.3,0.0,127.0,1
D001763,3.0,1335.0,1.55,36.5,0.6,-68.3,-49.5,23.4,56.0,-96.5,2.6,1.0,128.0,1
D001764,6.6,1073.0,1.12,35.5,0.39,-61.2,-51.1,23.7,56.0,-95.7,8.4,0.0,125.0,1
D001765,4.3,1192.0,1.08,30.0,0.45,-65.8,-49.5,24.9,40.0,-94.2,6.5,1.0,126.0,1
D001766,5.7,1327.0,1.19,35.5,0.44,-69.5,-50.8,25.0,45.0,-95.8,13.7,0.0,140.0,1
D001767,5.1,1201.0,1.13,29.5,0.47,-65.6,-49.0,23.8,40.0,-97.3,5.9,1.0,127.0,1
D001768,4.7,1193.0,1.09,29.0,0.43,-64.2,-50.7,23.3,47.0,-94.9,8.3,1.0,124.0,1
D001769,4.1,1186.0,1.33,24.0,,-68.8,-50.7,30.0,34.0,-96.8,0.8,0.0,101.0,0
D001770,5.7,1219.0,1.44,31.0,0.53,-61.1,-45.5,24.1,39.0,-91.3,8.1,1.0,150.0,0
D001771,4.3,1335.0,0.8,31.0,0.67,-62.9,-47.2,22.4,38.0,-91.0,12.6,1.0,101.0,0
D001772,4.7,1193.0,0.97,28.0,0.52,-64.0,-49.5,25.2,48.0,-97.2,8.3,0.0,133.0,1
D001773,5.2,1170.0,1.06,27.5,0.54,-64.8,-51.3,22.3,43.0,-95.8,,0.0,135.0,1
D001774,4.4,1132.0,1.18,28.0,0.47,-64.9,-50.5,23.4,48.0,-96.2,9.4,0.0,132.0,1
D001775,5.1,1145.0,0.93,39.5,0.47,-60.7,-47.2,26.5,55.0,-91.6,7.4,0.0,109.0,1
D001776,5.2,1160.0,1.04,26.5,0.47,-65.0,-48.0,22.1,47.0,-95.3,6.1,0.0,125.0,1
D001777,4.3,1151.0,1.1,33.0,0.52,-62.4,-52.2,25.6,43.0,-95.1,9.2,1.0,125.0,0
D001778,6.1,1227.0,1.12,23.0,0.64,-62.3,-53.4,24.4,59.0,-93.8,23.8,1.0,116.0,0
D001779,4.5,1175.0,0.97,29.0,0.44,-64.2,-48.5,23.4,46.0,-94.5,10.2,0.0,121.0,1
D001780,4.6,1150.0,1.03,28.0,0.48,-64.9,-48.7,25.1,46.0,-95.7,12.4,1.0,123.0,0
D001781,5.8,1396.0,0.91,34.5,0.42,-65.8,-49.7,21.5,48.0,-91.0,18.1,0.0,112.0,0
D001782,5.6,1118.0,1.23,25.5,0.53,-64.9,-49.6,24.8,43.0,-95.0,7.4,0.0,128.0,0
D001783,4.3,1178.0,1.18,29.5,0.48,-64.9,-49.1,24.2,46.0,-94.0,8.1,0.0,132.0,1
D001784,4.2,1219.0,0.98,26.0,0.51,-65.2,-50.5,23.0,45.0,-96.5,8.0,1.0,122.0,1
D001785,3.6,1311.0,0.98,30.0,0.46,-65.3,-54.0,28.3,31.0,-90.5,8.1,1.0,132.0,1
D001786,5.5,1199.0,1.2,30.0,0.58,-63.7,-46.7,29.3,55.0,-91.7,11.4,1.0,102.0,0
D001787,4.8,1215.0,1.52,36.5,0.34,-64.1,-46.8,24.5,40.0,-98.0,18.6,0.0,141.0,0
D001788,5.3,1171.0,0.94,30.0,0.48,-66.5,-49.1,23.0,45.0,-94.4,10.9,1.0,133.0,1
D001789,5.9,1016.0,1.46,31.0,0.62,-68.6,-45.0,27.1,45.0,-99.2,12.2,1.0,116.0,0
D001790,4.3,1072.0,0.85,23.0,0.42,-66.6,-52.7,29.0,37.0,-91.3,1.0,1.0,108.0,0
D001791,6.4,1111.0,1.28,36.0,0.37,-63.1,-49.6,24.7,43.0,-98.6,9.4,0.0,116.0,1
D001792,6.7,1101.0,1.32,37.5,0.57,-62.8,-54.7,26.4,45.0,-94.2,2.4,1.0,137.0,1
D001793,3.3,1304.0,1.15,23.5,,-63.7,-48.3,22.7,60.0,-99.5,8.5,,149.0,0
D001794,4.8,1218.0,1.16,27.0,0.45,-65.3,-51.0,22.7,,-95.7,5.1,1.0,133.0,1
D001795,4.6,1148.0,1.05,31.0,0.56,-66.3,-49.9,24.7,41.0,-93.7,7.4,0.0,123.0,1
D001796,5.0,1256.0,1.07,31.0,0.53,-67.3,-51.4,23.7,44.0,-95.1,9.8,1.0,128.0,1
D001797,5.0,1133.0,1.24,29.5,0.43,-67.0,-49.6,23.2,48.0,-95.2,8.1,0.0,,1
D001798,4.4,1177.0,1.16,31.0,0.46,-65.5,-48.7,23.0,46.0,-95.7,6.1,1.0,130.0,0
D001799,5.3,1120.0,1.03,27.0,0.57,-64.8,-49.9,25.4,50.0,-93.0,9.8,0.0,125.0,1
D001800,5.7,1261.0,1.02,23.0,0.31,-67.9,-52.8,20.6,59.0,-92.9,7.7,1.0,105.0,0
D001801,4.5,1188.0,1.19,26.0,0.52,-67.7,-49.0,24.5,38.0,-97.0,11.7,0.0,129.0,1
D001802,4.9,1192.0,1.15,29.5,0.41,-67.0,-49.7,23.9,45.0,-96.6,12.0,0.0,127.0,1
D001803,4.5,1168.0,1.05,28.5,0.5,-66.3,-50.5,24.8,46.0,-95.8,,1.0,121.0,1
D001804,5.4,1193.0,,31.0,0.49,-65.5,-50.1,23.8,45.0,-95.3,11.9,0.0,130.0,1
D001805,4.6,1154.0,1.24,25.5,0.5,-66.2,-50.8,24.6,48.0,-96.2,11.1,0.0,132.0,0
D001806,5.8,1280.0,1.34,38.0,0.51,-68.1,-53.4,29.1,46.0,,6.9,1.0,131.0,1
D001807,4.5,1180.0,1.18,32.0,0.51,-65.4,-50.3,26.1,48.0,-96.5,11.4,0.0,125.0,1
D001808,4.5,1236.0,1.05,27.0,0.5,-64.3,-50.0,25.0,41.0,-95.5,11.5,0.0,136.0,1
D001809,6.2,1365.0,1.34,26.5,0.56,-65.0,-49.9,25.2,53.0,-95.1,23.0,1.0,123.0,0
D001810,4.6,1150.0,1.07,29.0,0.42,-66.2,-50.2,23.1,43.0,-96.0,6.4,0.0,120.0,1
D001811,4.7,1179.0,1.11,30.5,0.47,-67.4,-50.2,26.2,47.0,-94.3,8.2,1.0,136.0,1
D001812,4.6,1175.0,1.21,30.5,0.51,-63.6,-48.8,25.4,40.0,-96.2,13.5,0.0,123.0,1
D001813,4.1,1242.0,1.08,33.0,0.42,-66.1,-52.1,24.1,45.0,-95.4,10.5,1.0,132.0,1
D001814,5.5,1202.0,1.05,27.5,0.48,-64.0,-48.0,22.7,44.0,-95.2,9.2,1.0,,1
D001815,5.3,1101.0,1.57,32.0,0.31,-64.1,-49.9,20.6,39.0,-98.2,11.8,0.0,110.0,0
D001816,5.6,1180.0,1.18,29.5,0.47,-63.9,-50.1,22.0,41.0,-96.0,10.3,0.0,128.0,1
D001817,4.9,1160.0,1.09,28.5,0.53,-63.8,-50.9,25.6,47.0,-94.8,7.2,1.0,127.0,1
D001818,4.4,1198.0,1.01,28.0,0.45,-64.7,-49.2,25.0,42.0,-95.8,5.9,1.0,127.0,1
D001819,4.6,1382.0,1.12,22.0,0.69,-67.7,-46.2,26.5,41.0,-90.4,9.2,0.0,143.0,0
D001820,5.3,1142.0,1.26,26.5,0.48,-66.4,-48.2,23.1,58.0,-98.2,10.1,0.0,101.0,1
D001821,5.7,1244.0,1.22,36.5,0.67,-66.7,-49.6,21.5,56.0,-99.9,17.2,1.0,135.0,1
D001822,4.3,1273.0,1.24,27.0,0.5,-65.6,-47.4,21.8,46.0,-96.1,9.9,1.0,116.0,0
D001823,4.9,1232.0,1.34,29.0,0.47,-64.7,-49.0,23.0,41.0,-96.3,7.3,0.0,130.0,1
D001824,,1220.0,1.05,30.5,0.46,-65.9,-50.1,25.2,40.0,-95.0,5.9,1.0,127.0,1
D001825,,1284.0,1.01,34.5,0.31,-64.4,-51.9,28.3,44.0,-95.6,8.5,1.0,138.0,0
D001826,4.2,1194.0,1.11,29.5,0.45,-67.0,-50.8,22.6,42.0,-95.6,,1.0,126.0,0
D001827,3.8,1165.0,1.18,24.0,0.38,-66.3,,24.4,47.0,-96.5,9.2,0.0,125.0,1
D001828,6.3,1007.0,1.31,36.0,0.64,-68.0,-48.2,28.0,44.0,-96.7,0.2,1.0,125.0,1
D001829,5.4,1188.0,1.24,,0.37,-65.7,-48.7,25.3,37.0,-95.6,9.9,1.0,129.0,1
D001830,5.0,1178.0,1.08,26.5,0.46,-64.1,-49.3,22.2,49.0,-95.9,9.2,1.0,130.0,1
D001831,4.7,1159.0,1.17,26.0,0.52,-65.7,-50.7,23.1,42.0,-96.0,5.8,0.0,128.0,1
D001832,4.4,1231.0,0.92,26.0,0.62,-68.4,-45.4,22.1,40.0,-97.9,12.2,0.0,120.0,1
D001833,5.4,1252.0,1.28,37.0,0.35,-61.9,-46.1,24.1,45.0,-92.7,4.4,0.0,145.0,1
D001834,4.2,1240.0,1.17,30.0,0.49,-63.2,-48.9,24.4,40.0,-94.5,9.5,0.0,124.0,1
D001835,5.2,1134.0,1.11,26.5,0.52,-66.6,-49.4,24.6,49.0,-94.8,7.9,1.0,132.0,1
D001836,4.9,1161.0,1.06,27.5,0.44,-66.0,-48.9,22.5,44.0,-96.0,8.5,1.0,124.0,0
D001837,5.0,1183.0,0.94,27.5,0.52,-66.3,-49.3,23.9,44.0,,10.8,1.0,124.0,0
D001838,3.6,1267.0,1.14,27.0,0.43,-66.2,-49.6,25.2,44.0,-95.4,10.3,1.0,127.0,0
D001839,3.8,1333.0,1.16,27.0,0.62,-61.8,-47.0,22.9,49.0,-97.2,6.3,0.0,120.0,0
D001840,4.9,1268.0,1.13,30.5,0.5,-65.2,-51.4,25.2,40.0,-95.8,4.8,1.0,132.0,1
D001841,3.1,1111.0,1.46,25.0,0.5,-63.9,-52.9,29.4,44.0,-91.3,6.3,1.0,134.0,0
D001842,4.9,1228.0,1.13,30.0,0.55,-65.4,-49.4,23.6,43.0,-96.3,9.1,1.0,126.0,1
D001843,,1246.0,1.18,28.5,0.5,-67.1,-48.6,24.6,42.0,-94.5,10.7,1.0,131.0,1
D001844,4.8,1253.0,1.01,29.5,0.53,-66.3,-50.8,24.5,46.0,-95.0,6.7,0.0,123.0,1
D001845,5.2,1147.0,1.17,28.5,0.5,-64.1,-49.7,25.9,48.0,-95.9,11.1,1.0,132.0,1
D001846,4.6,1147.0,1.01,30.0,0.41,-66.5,-49.3,24.5,43.0,-96.1,10.6,1.0,129.0,1
D001847,4.2,1247.0,0.87,33.5,0.44,-66.4,-53.8,24.3,54.0,-92.8,19.8,1.0,140.0,1
D001848,4.5,1228.0,1.31,20.5,0.42,-68.2,-47.4,28.0,34.0,-96.9,12.1,1.0,124.0,0
D001849,5.0,1201.0,1.28,27.0,0.37,-64.6,-49.3,23.2,44.0,-97.0,7.8,0.0,130.0,1
D001850,5.3,1204.0,1.21,28.0,0.48,-64.3,-51.0,24.6,44.0,-96.2,12.4,1.0,130.0,1
D001851,3.6,1144.0,1.28,37.5,0.64,-61.0,-48.4,26.1,51.0,-94.9,21.8,1.0,123.0,0
D001852,4.6,1346.0,0.92,28.5,0.45,-65.4,-54.2,29.2,36.0,-99.1,19.5,1.0,133.0,1
D001853,5.0,1271.0,1.27,25.0,0.61,-67.2,-51.5,22.3,56.0,-94.9,2.0,0.0,140.0,1
D001854,4.4,1194.0,1.13,30.0,0.51,-64.5,-49.8,24.2,41.0,-96.3,7.0,1.0,128.0,1
D001855,4.1,1234.0,1.12,29.5,,-65.7,-49.6,23.8,39.0,-95.6,8.7,0.0,131.0,0
D001856,4.4,1230.0,1.11,27.5,0.5,-64.6,-50.5,21.9,45.0,-93.8,10.2,1.0,124.0,1
D001857,4.9,1186.0,1.09,27.5,0.51,-65.3,-50.1,24.4,44.0,-94.5,9.6,1.0,139.0,1
D001858,4.8,1255.0,,30.5,0.41,-64.1,-50.6,23.6,45.0,-97.1,9.0,1.0,128.0,1
D001859,5.3,1199.0,1.11,29.0,0.45,-66.1,-50.8,24.0,40.0,-95.3,11.1,0.0,115.0,1
D001860,4.3,1274.0,1.1,29.0,0.5,-63.7,-50.8,24.8,44.0,-95.4,13.5,0.0,126.0,0
D001861,4.6,1215.0,0.83,34.5,0.65,-61.5,-52.3,26.4,43.0,-98.0,12.9,1.0,136.0,0
D001862,6.6,1217.0,0.91,21.5,0.7,-61.8,-53.8,24.8,35.0,-90.6,10.0,1.0,138.0,1
D001863,4.7,1361.0,0.98,32.5,0.44,-68.2,-51.7,21.2,36.0,-92.1,12.3,,103.0,0
D001864,,,1.18,30.0,0.52,-64.9,-50.6,23.0,43.0,-95.7,10.2,,127.0,1
D001865,4.7,1173.0,1.04,30.0,0.44,-65.9,-51.0,24.6,47.0,-97.0,10.7,0.0,140.0,1
D001866,4.7,1165.0,1.05,27.0,0.49,-64.1,-50.4,23.6,39.0,-96.4,5.5,1.0,140.0,1
D001867,4.6,1206.0,1.13,29.5,0.54,-64.7,-50.3,21.3,42.0,-96.9,9.0,1.0,126.0,0
D001868,4.9,1156.0,1.13,28.0,0.39,-68.2,-48.8,25.1,37.0,-96.4,4.0,0.0,134.0,1
D001869,4.9,1231.0,1.1,28.0,0.56,-64.4,-51.4,23.7,40.0,-96.5,7.0,1.0,138.0,1
D001870,4.2,1224.0,1.09,31.0,0.54,-65.6,-48.5,25.3,42.0,-94.7,10.1,1.0,132.0,1
D001871,4.6,1153.0,1.08,27.5,0.49,-67.0,-50.1,,41.0,-94.3,8.5,1.0,120.0,0
D001872,4.1,1188.0,1.12,28.0,0.45,-64.5,-50.0,24.1,45.0,-95.8,12.1,1.0,125.0,0
D001873,4.2,1261.0,1.46,24.0,0.43,-60.4,-51.8,20.8,42.0,-92.5,16.5,1.0,113.0,0
D001874,4.9,1188.0,1.12,27.5,0.46,-66.6,-49.9,25.1,47.0,-95.7,7.5,0.0,127.0,1
D001875,,1299.0,1.41,30.5,0.36,-62.6,-47.0,28.9,39.0,-93.9,4.4,1.0,104.0,0
D001876,4.6,1165.0,1.06,27.5,0.48,-66.3,-50.5,23.7,45.0,-97.4,8.3,1.0,,1
D001877,6.5,1260.0,1.12,36.5,0.42,-66.7,-48.6,29.6,46.0,-96.2,3.0,0.0,144.0,1
D001878,4.2,1134.0,1.17,30.0,0.54,-67.7,,24.6,41.0,-95.8,7.6,0.0,126.0,1
D001879,4.7,1172.0,1.12,30.0,0.5,-65.1,-50.8,23.8,42.0,-95.1,8.5,0.0,135.0,1
D001880,4.9,1187.0,1.25,32.0,0.4,-66.8,-49.7,,41.0,-95.7,12.3,1.0,125.0,1
D001881,,1190.0,1.04,23.5,0.52,-65.5,-50.2,24.7,41.0,-96.6,10.6,1.0,132.0,1
D001882,5.3,,1.07,27.5,0.47,,-48.7,23.4,47.0,-95.3,10.4,1.0,125.0,0
D001883,4.6,1185.0,1.18,26.0,0.48,-66.0,-50.9,22.9,44.0,-98.2,5.0,0.0,131.0,1
D001884,5.2,1250.0,1.04,20.5,0.33,-67.0,-51.7,22.2,43.0,-99.9,10.5,1.0,146.0,1
D001885,5.2,1201.0,1.11,26.0,0.43,-64.2,-50.8,25.9,46.0,-94.7,10.2,0.0,124.0,1
D001886,,1108.0,1.09,35.0,0.6,-66.3,-50.6,23.8,51.0,-90.6,5.4,0.0,125.0,1
D001887,5.4,,1.16,26.5,0.55,-63.6,-45.5,26.7,53.0,-90.3,22.7,1.0,107.0,0
D001888,4.7,1200.0,1.11,26.0,0.52,-65.9,-50.4,25.3,40.0,-93.9,3.9,1.0,124.0,1
D001889,5.1,1376.0,1.13,35.5,0.68,-63.5,-51.6,21.0,,-96.7,12.1,0.0,137.0,0
D001890,4.5,1223.0,1.18,28.0,0.52,-64.9,,24.4,41.0,-96.4,6.9,1.0,132.0,0
D001891,4.3,1172.0,1.09,30.5,0.44,-64.8,-50.0,23.7,46.0,-96.0,6.8,0.0,124.0,1
D001892,4.5,1275.0,1.02,40.0,0.34,-68.5,-53.1,25.7,,-98.8,13.2,1.0,124.0,1
D001893,4.6,1102.0,0.9,30.0,0.44,-66.3,-48.1,23.2,46.0,-95.1,6.4,0.0,131.0,1
D001894,3.8,1215.0,1.3,37.5,0.4,-61.8,-46.3,25.4,43.0,-93.6,10.6,1.0,147.0,0
D001895,4.5,1171.0,1.05,27.5,0.49,-66.8,-49.8,24.7,42.0,-95.8,8.2,0.0,131.0,1
D001896,4.1,1146.0,1.1,30.5,0.46,-65.8,-49.3,24.3,50.0,-96.8,5.0,1.0,123.0,1
D001897,4.8,1127.0,1.17,27.5,0.45,-67.2,-50.6,24.7,49.0,-95.9,6.0,0.0,133.0,1
D001898,5.1,1147.0,1.11,29.0,0.45,-64.6,-50.8,23.6,49.0,,9.7,1.0,124.0,1
D001899,4.2,1202.0,1.28,24.5,0.52,-69.6,-48.2,28.6,53.0,-96.2,2.0,1.0,102.0,0
D001900,5.0,1284.0,0.87,36.0,0.51,-66.9,-49.3,25.4,50.0,-98.1,7.4,0.0,111.0,1
D001901,4.4,1138.0,1.13,27.5,0.47,-66.2,-48.7,24.6,41.0,-94.3,7.9,1.0,125.0,1
D001902,4.1,1244.0,1.11,29.5,0.39,-67.1,-49.2,21.1,42.0,-96.5,11.1,1.0,132.0,0
D001903,4.9,1177.0,1.21,,0.42,-65.8,-48.6,23.9,50.0,-95.9,9.3,1.0,129.0,0
D001904,3.2,1271.0,0.82,33.0,0.46,-67.2,-50.9,20.8,30.0,-94.6,20.5,0.0,,1
D001905,4.6,1140.0,1.17,30.0,0.61,-69.6,-45.2,29.3,48.0,-90.6,20.7,0.0,124.0,0
D001906,3.2,1219.0,1.56,20.5,0.37,-63.4,-50.1,28.7,58.0,-93.4,8.1,0.0,106.0,0
D001907,5.1,1156.0,1.02,28.5,0.53,-64.6,-50.9,25.1,44.0,-95.1,7.6,0.0,125.0,1
D001908,5.7,1224.0,1.26,28.0,0.47,-65.1,-48.8,23.9,44.0,-95.3,10.2,1.0,129.0,1
D001909,4.6,1211.0,1.22,31.5,0.39,-64.1,-49.7,22.9,52.0,-95.1,6.4,1.0,128.0,1
D001910,3.1,1208.0,1.05,32.0,0.52,-69.1,-51.7,22.7,40.0,-91.3,4.0,0.0,129.0,1
D001911,4.4,1211.0,1.17,27.5,0.47,-63.2,-51.5,24.3,39.0,-96.1,4.3,1.0,130.0,0
D001912,4.4,1159.0,1.05,27.5,0.45,,-51.6,23.6,49.0,-94.8,10.1,1.0,124.0,0
D001913,3.0,1150.0,0.88,31.0,0.45,-68.0,-50.2,22.7,43.0,-91.7,15.2,0.0,124.0,1
D001914,4.5,1210.0,1.06,33.5,0.47,-62.7,-49.5,23.0,45.0,-95.1,6.4,0.0,128.0,1
D001915,5.0,1150.0,1.01,30.5,0.54,-65.6,-50.5,24.2,42.0,-95.7,7.8,0.0,123.0,1
D001916,5.0,1142.0,1.07,28.0,0.41,-65.8,-47.9,23.2,47.0,-94.0,7.3,0.0,130.0,1
D001917,4.9,1151.0,1.26,29.5,0.44,-67.3,-49.0,24.9,47.0,-95.9,7.4,0.0,120.0,1
D001918,4.3,1224.0,0.96,30.0,0.55,-64.8,-48.8,23.8,45.0,-95.0,7.1,0.0,131.0,1
D001919,4.9,1124.0,1.09,30.5,0.55,-64.8,-50.7,24.5,47.0,-94.4,11.7,0.0,132.0,0
D001920,5.3,1227.0,1.01,28.0,0.46,-65.7,-50.4,24.8,46.0,-96.4,7.8,1.0,132.0,1
D001921,6.0,1352.0,,28.5,0.53,-62.5,-45.8,20.2,36.0,-98.1,21.6,1.0,146.0,0
D001922,5.4,1310.0,1.03,32.0,0.36,-60.6,-46.2,21.2,56.0,-90.0,9.6,1.0,132.0,0
D001923,5.0,1153.0,1.18,30.5,0.45,-65.5,-50.7,23.5,,-95.8,11.7,0.0,131.0,1
D001924,3.0,1363.0,1.37,38.5,0.64,-60.5,-52.4,23.1,42.0,-91.6,4.3,1.0,125.0,0
D001925,4.9,1194.0,1.01,29.5,0.48,-64.8,-50.2,,45.0,-97.0,4.5,1.0,128.0,1
D001926,5.6,1351.0,1.04,23.0,0.62,-61.4,-53.2,20.8,48.0,-90.5,19.0,0.0,111.0,0
D001927,5.8,1297.0,1.47,30.5,0.57,-61.9,-49.6,22.9,58.0,-94.6,21.2,1.0,108.0,0
D001928,4.5,1300.0,1.08,24.5,0.51,-65.0,-49.8,22.8,43.0,-96.6,9.6,0.0,141.0,1
D001929,5.0,1135.0,1.16,28.5,0.5,-66.1,-49.4,23.7,40.0,-95.5,5.1,0.0,124.0,1
D001930,4.6,1162.0,1.19,30.5,0.51,-66.9,-49.4,24.1,41.0,-93.6,8.1,1.0,128.0,1
D001931,3.9,1303.0,1.48,22.5,0.47,-69.9,-50.9,26.3,57.0,-96.6,6.4,0.0,105.0,0
D001932,4.7,1211.0,1.1,27.5,0.48,-65.1,-50.5,24.9,49.0,-95.4,8.2,0.0,125.0,1
D001933,4.8,1193.0,1.03,28.5,0.43,-64.5,-49.7,22.1,41.0,-95.3,11.0,0.0,135.0,1
D001934,3.5,1187.0,1.42,27.5,0.36,-61.8,-49.9,29.8,36.0,-91.3,23.4,0.0,100.0,0
D001935,4.2,1118.0,1.13,30.5,0.51,-65.2,-49.8,25.8,40.0,-95.0,6.7,1.0,124.0,0
D001936,5.9,1102.0,1.55,31.0,0.67,-67.4,-51.9,21.7,53.0,-98.0,10.6,0.0,141.0,1
D001937,4.7,1216.0,1.16,27.0,0.42,-65.3,-49.8,24.2,44.0,-93.2,,1.0,132.0,1
D001938,3.1,1365.0,1.31,33.0,0.59,-68.3,-45.1,26.0,43.0,-92.0,2.0,1.0,111.0,0
D001939,5.1,1058.0,0.82,34.5,0.65,-68.8,-47.9,27.2,58.0,-99.2,20.7,1.0,143.0,0
D001940,4.7,1177.0,1.03,28.5,0.5,-63.8,-51.5,26.1,42.0,-95.1,10.7,0.0,120.0,1
D001941,5.2,1260.0,1.07,28.5,0.42,-66.2,-51.9,24.9,44.0,-95.1,7.2,1.0,128.0,1
D001942,5.9,1310.0,1.47,29.5,0.4,-65.2,-48.9,25.8,51.0,-97.7,18.0,,115.0,0
D001943,4.2,1231.0,1.12,25.0,0.44,-65.3,-49.4,25.1,40.0,-95.6,13.4,1.0,130.0,0
D001944,4.5,1095.0,1.33,33.0,0.53,-64.5,-54.2,26.2,46.0,-96.8,11.7,1.0,143.0,1
D001945,5.4,1231.0,1.42,38.5,,,-50.1,29.5,45.0,-92.1,3.4,0.0,141.0,0
D001946,5.2,1174.0,1.05,30.0,0.48,-66.7,-51.2,25.7,45.0,-96.7,,1.0,124.0,1
D001947,4.9,1245.0,1.19,29.5,0.43,-65.6,-50.1,23.1,45.0,-95.6,11.2,1.0,134.0,1
D001948,6.2,1160.0,1.15,27.5,0.6,-66.0,-50.9,21.3,42.0,-90.9,5.8,0.0,134.0,1
D001949,5.3,1281.0,1.24,26.5,0.42,-68.2,-51.0,24.5,,-95.0,,1.0,134.0,1
D001950,4.5,1239.0,1.14,35.0,0.5,-66.5,-49.0,25.3,,-95.6,13.8,0.0,116.0,1
D001951,,1184.0,1.0,28.0,0.54,-63.4,-53.1,27.2,54.0,-94.6,10.8,1.0,149.0,1
D001952,5.2,1233.0,1.05,30.0,0.45,-65.9,-50.3,24.5,45.0,-94.8,5.5,1.0,126.0,1
D001953,4.8,1222.0,1.04,26.5,0.49,-66.4,-51.4,23.5,43.0,-95.2,5.7,,123.0,1
D001954,3.4,1157.0,1.54,27.5,0.53,-64.9,-55.0,22.7,,-92.8,12.9,0.0,134.0,1
D001955,4.8,1158.0,1.15,30.5,0.44,-64.7,-50.4,23.9,41.0,-93.6,8.6,0.0,123.0,1
D001956,4.9,1225.0,1.15,30.0,0.49,-65.8,-51.8,24.0,41.0,-94.9,7.8,1.0,133.0,1
D001957,4.1,1178.0,0.95,37.0,0.31,-68.5,-48.6,24.6,49.0,-99.3,21.3,1.0,111.0,0
D001958,4.6,1169.0,1.04,35.5,0.67,-64.9,-51.7,22.2,36.0,-95.4,17.7,0.0,137.0,1
D001959,4.9,1244.0,1.18,33.0,0.45,-64.3,-49.2,23.4,43.0,-96.4,10.2,0.0,138.0,1
D001960,4.8,1102.0,1.3,31.5,0.34,-65.9,-47.9,22.7,43.0,-99.0,4.4,0.0,145.0,0
D001961,6.7,1317.0,1.44,28.0,0.57,-67.9,-53.2,27.3,33.0,-96.2,20.1,1.0,140.0,1
D001962,6.1,1085.0,1.24,40.0,0.69,-60.4,-54.9,25.4,43.0,-92.9,7.4,1.0,102.0,0
D001963,4.1,1067.0,1.06,40.0,0.61,-67.3,-51.8,30.0,34.0,-95.4,1.2,0.0,133.0,1
D001964,3.2,1149.0,1.39,26.0,0.52,-69.8,-51.2,24.4,,-92.8,23.5,0.0,111.0,0
D001965,4.8,1228.0,1.21,29.5,0.56,-64.8,-49.7,26.0,38.0,-94.1,10.8,0.0,121.0,1
D001966,5.0,1209.0,1.07,29.0,0.47,-64.7,-50.7,24.4,44.0,-93.2,6.9,0.0,125.0,1
D001967,5.1,1142.0,1.13,25.5,0.45,-65.9,-50.4,23.2,39.0,-96.1,6.7,1.0,125.0,1
D001968,4.7,1223.0,1.1,30.5,0.5,-67.7,-50.1,24.4,47.0,-96.7,10.2,0.0,125.0,1
D001969,4.7,1240.0,1.11,26.5,0.46,-64.6,-50.5,24.3,46.0,-95.7,13.6,1.0,132.0,0
D001970,6.9,1349.0,1.35,31.5,0.5,-62.6,-52.9,22.0,47.0,-99.4,13.6,1.0,123.0,1
D001971,4.1,1197.0,1.13,28.0,0.39,-67.2,-49.3,24.1,47.0,-94.6,12.3,0.0,130.0,1
D001972,4.5,1180.0,1.03,30.5,0.43,,-50.1,24.6,42.0,-95.5,6.5,1.0,129.0,0
D001973,4.8,1179.0,1.12,26.5,0.54,-65.1,-51.5,24.9,39.0,-94.8,10.6,0.0,120.0,1
D001974,4.5,1329.0,1.05,25.5,0.54,-66.0,-50.6,23.5,44.0,-94.1,9.3,1.0,128.0,0
D001975,6.7,1043.0,0.89,34.5,0.5,,-45.3,25.2,45.0,-91.9,15.7,1.0,120.0,1
D001976,6.0,1340.0,0.89,32.5,0.43,-61.2,-53.7,24.1,59.0,-91.8,9.8,0.0,140.0,1
D001977,4.3,1207.0,1.15,28.0,0.46,-65.7,-48.9,25.7,39.0,-95.5,6.1,1.0,132.0,0
D001978,5.9,1103.0,1.02,36.5,0.61,-60.0,-54.2,25.6,52.0,-90.7,4.9,0.0,121.0,1
D001979,4.2,1208.0,0.91,30.5,0.51,-65.9,-50.3,23.8,48.0,-96.0,3.9,1.0,129.0,1
D001980,4.9,1132.0,1.02,28.5,0.49,-65.4,-52.1,23.7,40.0,-92.7,7.7,1.0,128.0,1
D001981,4.5,1174.0,1.16,32.0,0.42,-66.0,-50.6,23.5,37.0,-95.7,10.9,0.0,130.0,1
D001982,4.8,1005.0,0.87,37.0,0.48,-66.1,-54.9,29.7,56.0,-91.0,8.5,0.0,118.0,0
D001983,5.1,1229.0,1.34,22.5,0.33,-63.3,-49.8,27.5,32.0,-90.8,22.3,1.0,150.0,0
D001984,4.0,1379.0,0.9,34.5,0.38,-64.7,-50.4,29.1,48.0,-95.1,20.0,0.0,125.0,0
D001985,,1150.0,1.26,28.0,0.52,-65.3,-49.7,24.4,42.0,-95.6,10.3,0.0,127.0,1
D001986,5.0,1143.0,1.1,26.5,0.55,-62.8,-52.2,24.0,46.0,-94.9,7.1,1.0,124.0,1
D001987,4.5,1237.0,1.08,31.0,0.47,-66.9,-49.9,24.6,43.0,-94.6,7.2,1.0,126.0,1
D001988,4.8,1226.0,1.0,30.5,0.53,-65.7,-51.9,24.6,40.0,-94.7,13.4,0.0,136.0,1
D001989,4.5,1119.0,1.03,31.5,0.55,-67.2,-50.4,25.2,43.0,-94.4,7.0,1.0,128.0,1
D001990,5.0,1193.0,1.08,27.0,0.47,-67.9,-49.8,24.0,44.0,-94.3,9.1,0.0,129.0,1
D001991,4.3,1231.0,0.92,20.0,0.47,-67.9,-51.1,27.8,56.0,-95.4,12.0,1.0,133.0,0
D001992,4.7,1204.0,0.98,32.0,0.47,-67.3,-49.5,23.9,43.0,-95.9,8.4,0.0,130.0,1
D001993,6.3,1382.0,1.17,28.5,0.39,-66.8,-47.2,21.7,37.0,-91.8,3.4,0.0,146.0,1
D001994,4.2,1124.0,1.07,26.5,0.41,-65.2,-49.8,24.5,41.0,-95.6,12.1,1.0,123.0,0
D001995,5.1,1130.0,1.19,29.5,0.5,-66.3,-50.2,23.8,48.0,-96.2,11.4,0.0,124.0,1
D001996,4.8,1121.0,1.13,30.5,,-67.4,-51.2,25.5,42.0,-94.4,9.3,1.0,128.0,1
D001997,4.4,1192.0,1.21,30.0,0.48,-65.3,-49.1,25.7,41.0,-94.3,9.3,0.0,128.0,1
D001998,4.4,1208.0,1.18,31.0,0.49,-64.1,-49.2,23.7,45.0,-96.7,9.5,1.0,129.0,1
D001999,5.0,1009.0,0.92,36.0,0.68,-63.7,-47.6,26.9,35.0,-92.5,19.1,1.0,136.0,0
D002000,5.2,1396.0,0.89,29.0,0.31,-66.5,-46.8,27.5,53.0,-94.2,11.6,1.0,135.0,1
D002001,3.8,1181.0,0.97,30.5,0.55,-67.2,-49.6,23.5,51.0,-93.9,6.3,1.0,140.0,1
D002002,4.7,1240.0,1.15,22.0,0.6,-66.2,-45.3,28.0,33.0,-93.7,20.2,0.0,110.0,0
D002003,5.4,1149.0,1.12,31.5,0.47,-66.7,-50.1,25.3,41.0,-95.7,7.3,1.0,136.0,1
D002004,4.9,1287.0,1.24,21.5,0.69,-62.2,-45.6,29.3,54.0,-93.9,17.8,1.0,108.0,0
D002005,4.6,1223.0,1.16,28.5,0.49,-64.8,-50.2,25.5,45.0,-96.6,11.3,0.0,130.0,1
D002006,4.9,1303.0,1.15,28.5,0.51,-64.4,-49.1,23.8,48.0,-94.3,8.1,1.0,137.0,1
D002007,3.3,1357.0,1.17,32.5,0.56,-64.1,-53.5,28.7,60.0,-98.6,9.2,0.0,118.0,0
D002008,4.7,1152.0,1.06,25.0,0.57,-66.0,-51.4,25.0,42.0,-97.1,12.7,0.0,132.0,1
D002009,5.0,1115.0,1.18,27.5,0.49,-66.0,-49.9,23.5,49.0,-95.4,8.9,0.0,134.0,1
D002010,4.6,1149.0,1.01,28.5,0.45,-63.4,-51.6,23.8,48.0,-95.5,7.7,0.0,132.0,1
D002011,5.3,1121.0,1.11,27.5,0.43,-65.1,-49.4,22.8,41.0,-96.9,5.0,1.0,124.0,1
D002012,4.9,1261.0,1.2,29.0,0.47,-65.6,-51.1,23.7,47.0,-94.5,11.2,1.0,132.0,1
D002013,5.3,1218.0,1.16,27.0,0.52,-64.6,-50.8,23.5,46.0,-96.7,8.1,1.0,119.0,1
D002014,4.8,1225.0,1.0,30.5,0.51,-66.1,-50.2,23.6,44.0,-92.4,9.6,0.0,125.0,1
D002015,3.6,1203.0,1.16,,0.35,-67.4,-45.7,27.4,35.0,-94.2,5.3,0.0,148.0,1
D002016,3.7,1025.0,0.93,30.0,0.34,-66.0,-50.5,24.5,54.0,-96.8,4.5,1.0,118.0,0
D002017,3.8,1180.0,1.41,36.0,0.51,-67.4,-48.9,29.8,37.0,-90.8,22.7,0.0,133.0,0
D002018,5.4,1167.0,1.23,26.0,0.5,-66.9,-50.6,23.6,45.0,-95.2,11.4,1.0,131.0,1
D002019,4.5,1104.0,1.29,27.0,0.45,-64.8,-49.1,24.7,41.0,-95.5,17.7,1.0,127.0,0
D002020,4.7,1158.0,0.97,30.0,0.49,-67.3,-50.4,22.9,39.0,-97.4,7.7,1.0,125.0,1
D002021,5.4,1166.0,1.13,30.5,0.53,-66.2,-49.9,,41.0,-94.0,12.2,1.0,138.0,1
D002022,5.5,,1.03,28.5,0.46,-67.0,-49.9,24.8,37.0,-94.0,2.0,1.0,130.0,1
D002023,6.4,1059.0,1.37,27.5,0.41,-63.2,-47.6,21.3,48.0,-92.7,14.9,0.0,101.0,0
D002024,5.2,1195.0,0.96,32.5,0.56,-66.9,-48.4,22.7,45.0,-96.0,,0.0,126.0,1
D002025,4.6,1131.0,1.13,29.5,0.42,-65.8,-50.2,24.9,42.0,-95.1,9.4,0.0,136.0,1
D002026,4.6,1151.0,1.14,26.5,0.52,-65.6,-48.1,23.6,,-95.6,10.1,0.0,131.0,0
D002027,4.9,1184.0,1.22,29.5,0.36,-66.1,-51.2,23.3,47.0,-94.2,8.4,0.0,125.0,1
D002028,4.6,1214.0,1.04,25.0,0.49,-65.3,-48.6,24.4,45.0,-93.9,11.6,1.0,127.0,1
D002029,6.3,1132.0,1.57,31.5,0.63,-60.7,-48.9,26.1,58.0,-90.1,20.2,0.0,116.0,0
D002030,5.7,1151.0,1.38,40.0,0.69,-68.6,-47.1,23.2,38.0,-93.0,19.4,1.0,106.0,0
D002031,5.0,1149.0,,29.5,0.47,-65.1,-50.3,25.7,43.0,-94.3,8.1,1.0,131.0,0
D002032,4.7,1186.0,1.04,28.0,0.5,-66.0,-49.2,24.2,46.0,-95.6,9.3,0.0,129.0,1
D002033,4.3,1216.0,1.36,38.5,0.5,-69.0,-54.7,29.7,31.0,-97.6,16.3,1.0,100.0,0
D002034,4.3,1145.0,1.07,29.0,0.52,-66.7,-51.3,24.1,49.0,-96.4,11.3,0.0,126.0,1
D002035,4.9,1230.0,1.12,26.0,0.44,-64.2,-49.1,23.7,42.0,-95.9,7.4,1.0,130.0,1
D002036,6.1,1030.0,0.9,37.0,0.63,-67.6,-52.4,23.4,60.0,-97.4,13.4,0.0,112.0,1
D002037,3.5,1133.0,0.85,34.5,0.52,-61.1,-50.0,29.2,32.0,-99.0,2.1,1.0,127.0,0
D002038,4.3,1158.0,1.31,26.5,0.49,,-50.7,24.4,48.0,-95.4,5.8,0.0,126.0,0
D002039,5.6,1131.0,1.1,30.5,0.5,-66.4,-49.5,23.6,44.0,-94.9,8.1,1.0,127.0,1
D002040,4.8,1163.0,1.1,27.5,0.45,-67.0,-48.5,24.7,46.0,-94.7,10.0,0.0,125.0,1
D002041,4.7,1160.0,1.01,28.5,0.41,-64.4,-50.0,25.6,53.0,-93.6,,1.0,130.0,0
D002042,4.5,1117.0,1.0,24.5,0.49,-64.6,-50.1,25.5,46.0,-96.4,8.1,1.0,126.0,1
D002043,4.4,1206.0,1.08,28.0,0.48,-66.5,-52.2,24.2,49.0,-96.7,8.7,1.0,128.0,1
D002044,4.5,1173.0,1.09,26.5,0.47,-65.1,-51.4,23.6,39.0,-92.9,6.5,1.0,123.0,0
D002045,3.7,1282.0,1.57,,0.38,-63.6,-46.8,24.9,,-94.6,13.0,1.0,132.0,0
D002046,5.1,1148.0,1.08,28.5,0.48,-63.9,-51.0,24.1,44.0,-95.3,12.1,0.0,125.0,1
D002047,,1179.0,1.12,29.0,0.47,-66.3,-49.3,24.9,45.0,-95.0,10.9,1.0,115.0,0
D002048,3.9,1289.0,1.16,39.0,0.31,-63.9,-50.7,28.8,33.0,,2.2,1.0,116.0,0
D002049,6.1,1047.0,1.17,36.0,0.4,-61.2,-51.2,24.6,,-99.1,17.2,0.0,129.0,1
D002050,5.4,1252.0,1.39,31.0,0.32,-65.3,-49.9,25.0,55.0,-92.6,0.8,1.0,111.0,0
D002051,,1164.0,0.99,27.5,0.47,-66.1,-50.2,23.1,42.0,-95.7,7.4,0.0,125.0,1
D002052,5.8,1166.0,1.12,29.5,0.52,-64.6,-49.4,21.7,43.0,-94.9,5.1,,127.0,1
D002053,4.8,1198.0,1.0,29.0,0.5,-63.6,-48.7,22.3,41.0,-95.2,10.2,1.0,133.0,1
D002054,5.0,1200.0,1.22,29.0,0.46,-66.0,-50.3,24.5,42.0,-96.6,8.5,0.0,131.0,1
D002055,4.7,1154.0,1.15,,0.53,-66.4,-51.9,25.7,42.0,-95.5,10.6,0.0,135.0,1
D002056,4.9,1217.0,1.08,27.0,0.5,-64.9,-50.0,23.0,48.0,-95.9,8.9,0.0,123.0,1
D002057,7.0,1160.0,1.29,23.0,0.62,-62.1,-46.6,21.2,49.0,-95.5,4.0,0.0,144.0,1
D002058,4.1,1207.0,1.05,26.5,0.42,-66.0,-51.1,24.3,38.0,-96.0,8.5,1.0,126.0,0
D002059,4.5,1108.0,1.12,30.0,0.48,-67.0,-50.1,24.1,43.0,-94.1,,1.0,124.0,1
D002060,4.9,,1.08,29.5,0.45,-67.7,-48.7,25.6,50.0,-94.8,5.5,0.0,128.0,1
D002061,5.3,1236.0,1.06,27.5,0.52,-65.6,-48.9,23.6,46.0,-96.4,9.8,1.0,125.0,1
D002062,5.6,1314.0,1.14,38.5,0.47,-64.5,-49.5,20.1,52.0,-92.8,13.0,1.0,107.0,0
D002063,4.8,1215.0,1.07,27.5,0.43,-65.4,-52.2,23.9,43.0,-94.4,7.6,1.0,133.0,1
D002064,3.1,1040.0,1.4,22.5,,-66.2,-54.3,23.1,44.0,-93.5,4.3,1.0,105.0,0
D002065,3.9,1216.0,1.05,30.0,0.51,-66.1,-50.3,24.3,43.0,-95.5,9.9,0.0,135.0,0
D002066,5.2,1161.0,1.16,27.5,0.49,-65.9,-50.5,,43.0,-94.7,10.3,1.0,131.0,1
D002067,6.5,,1.43,24.5,0.58,-68.9,-52.2,22.6,40.0,-94.9,2.1,1.0,113.0,1
D002068,3.2,1256.0,0.99,30.5,0.41,-69.7,-47.1,25.1,52.0,-90.6,2.3,0.0,128.0,1
D002069,5.4,1122.0,1.18,29.0,0.5,-66.4,-49.4,24.4,47.0,-94.6,12.1,0.0,131.0,1
D002070,4.0,1229.0,0.99,30.5,0.52,-66.3,-49.8,27.2,42.0,-94.8,10.0,0.0,125.0,1
D002071,4.4,1076.0,1.17,27.0,0.6,-65.8,-50.6,,46.0,-95.5,11.5,1.0,125.0,0
D002072,5.2,1184.0,1.1,32.0,0.49,-64.9,-49.1,24.1,38.0,-96.1,6.1,1.0,129.0,1
D002073,6.1,1331.0,1.05,29.5,0.52,-62.7,-49.1,21.0,41.0,-91.3,8.2,0.0,125.0,1
D002074,5.2,1218.0,1.04,28.0,0.47,-66.0,-49.8,22.4,43.0,-94.6,7.2,0.0,125.0,1
D002075,4.7,1231.0,1.15,30.0,0.43,-65.2,-50.2,23.5,43.0,-93.7,12.2,0.0,126.0,1
D002076,5.6,1180.0,1.07,27.5,0.5,,-49.3,24.0,46.0,,11.2,0.0,135.0,1
D002077,5.1,1184.0,1.0,28.0,0.49,-65.8,-49.5,24.1,44.0,-94.9,10.2,1.0,128.0,1
D002078,5.9,1132.0,1.52,20.0,0.37,-69.1,-47.0,29.8,58.0,-94.7,3.6,0.0,132.0,0
D002079,4.6,1253.0,1.29,26.0,0.49,-64.4,-48.7,21.9,45.0,-95.8,8.2,1.0,,0
D002080,3.7,1140.0,1.23,25.5,0.44,-66.5,-53.9,23.2,33.0,-93.7,6.5,1.0,,0
D002081,4.4,,1.18,28.0,,-66.6,-50.1,24.6,44.0,-95.1,11.4,1.0,130.0,1
D002082,5.3,1246.0,0.87,39.5,0.63,-60.6,-53.9,28.8,57.0,-97.8,3.3,0.0,102.0,1
D002083,5.9,1347.0,1.05,30.5,0.61,-66.5,-49.8,22.5,33.0,-99.7,17.1,1.0,108.0,1
D002084,4.7,1162.0,1.13,29.0,0.48,-65.2,-49.1,23.4,46.0,-94.8,4.9,1.0,127.0,1
D002085,4.1,1235.0,0.95,27.5,0.4,-67.7,-47.9,22.4,42.0,,12.2,1.0,134.0,1
D002086,4.9,1179.0,1.13,27.0,0.49,-66.3,-50.1,24.6,,-94.5,12.1,1.0,130.0,1
D002087,6.4,1264.0,1.24,25.5,0.52,-63.4,-51.3,29.8,53.0,-98.0,10.4,0.0,101.0,0
D002088,4.6,1137.0,1.01,34.0,0.48,-66.2,-50.5,23.1,39.0,-95.5,9.8,0.0,128.0,1
D002089,4.5,1215.0,1.14,26.5,0.53,-65.4,-50.3,23.2,44.0,-98.8,10.5,1.0,120.0,0
D002090,4.1,1126.0,1.02,29.0,,-65.7,-51.5,24.3,43.0,-93.2,10.4,0.0,123.0,1
D002091,3.6,1090.0,0.91,31.0,0.4,-68.7,-52.1,21.4,53.0,-96.9,15.5,0.0,132.0,1
D002092,5.3,1125.0,1.11,31.5,0.52,-66.5,-49.6,23.3,43.0,-96.9,8.8,1.0,123.0,1
D002093,3.8,1246.0,1.02,29.0,0.5,-67.6,-48.9,23.8,,-95.0,6.4,1.0,134.0,1
D002094,4.6,1188.0,1.17,30.5,0.41,-64.5,-50.9,25.2,44.0,-95.3,7.2,0.0,122.0,1
D002095,4.6,1175.0,1.06,27.5,0.52,-66.5,-50.4,23.0,42.0,-95.7,12.9,0.0,133.0,1
D002096,5.2,1138.0,1.16,31.5,0.43,-67.7,-52.9,23.4,40.0,-95.4,8.0,1.0,135.0,1
D002097,4.7,1234.0,1.1,31.0,0.51,-64.7,-50.6,25.4,43.0,-95.6,10.4,1.0,128.0,1
D002098,4.1,1234.0,1.07,28.0,0.51,-64.5,-50.6,23.1,44.0,-94.7,5.4,1.0,123.0,0
D002099,4.4,1166.0,1.08,31.5,0.46,-65.8,-49.3,25.5,47.0,-95.1,11.4,0.0,126.0,1
D002100,5.5,1193.0,1.11,25.5,0.51,-65.5,-49.9,22.5,41.0,-96.7,9.5,1.0,131.0,1
D002101,4.9,1136.0,1.15,31.0,0.48,-64.4,-50.6,23.7,41.0,-95.0,6.4,1.0,140.0,1
D002102,5.9,1147.0,1.32,34.0,0.66,-66.0,-45.3,27.6,53.0,-95.7,18.5,1.0,115.0,0
D002103,4.5,1000.0,1.48,30.0,0.54,-61.4,-52.6,24.8,44.0,-90.2,,0.0,122.0,0
D002104,5.2,1150.0,1.13,27.5,0.51,-65.8,-51.1,25.5,46.0,-95.6,8.2,1.0,127.0,1
D002105,5.5,1326.0,0.83,30.0,0.64,-67.9,-50.0,27.4,42.0,-92.5,13.7,0.0,110.0,1
D002106,4.7,1209.0,1.25,30.5,,-65.8,-49.6,24.5,41.0,-95.6,12.0,0.0,134.0,1
D002107,4.7,1167.0,1.1,26.5,0.49,-65.2,-51.2,23.4,49.0,-95.1,6.5,1.0,119.0,0
D002108,5.0,1171.0,1.05,34.0,0.5,-65.7,-50.0,26.4,51.0,-94.7,10.2,1.0,124.0,0
D002109,5.1,1165.0,1.08,27.0,0.47,-66.3,-51.5,24.4,44.0,-95.3,10.3,1.0,125.0,0
D002110,5.7,1138.0,1.3,40.0,0.3,-64.2,-53.5,23.3,57.0,-94.5,6.3,1.0,105.0,0
D002111,5.2,1169.0,1.12,30.0,0.55,-65.4,-50.3,23.4,43.0,-96.0,7.2,1.0,121.0,1
D002112,5.2,1203.0,0.96,29.5,0.5,-65.3,-50.1,23.9,40.0,,8.6,0.0,130.0,1
D002113,4.4,1187.0,1.0,27.5,0.48,-64.2,-48.8,23.3,47.0,-95.9,4.6,0.0,127.0,1
D002114,4.9,1188.0,1.05,31.0,0.49,-65.9,-50.7,23.5,46.0,-96.8,9.3,0.0,130.0,1
D002115,6.8,1290.0,1.14,33.0,0.54,-62.9,-50.7,24.4,49.0,-94.3,13.1,1.0,140.0,1
D002116,6.9,1212.0,0.8,31.0,0.3,-62.2,-53.1,22.7,54.0,-98.9,9.9,1.0,129.0,1
D002117,3.6,1124.0,0.94,39.5,0.54,-69.1,-52.9,24.0,39.0,-95.9,8.6,1.0,110.0,1
D002118,3.2,1202.0,1.03,25.5,0.49,-62.2,-53.5,25.4,59.0,-99.4,1.5,0.0,109.0,1
D002119,4.8,1169.0,1.0,32.5,0.55,-64.2,-50.2,22.4,38.0,-95.2,7.7,0.0,126.0,1
D002120,5.7,1155.0,1.17,28.0,0.47,-65.0,-50.0,23.9,42.0,-95.2,9.9,0.0,126.0,1
D002121,6.1,1131.0,1.08,26.0,0.4,-68.4,-46.3,25.3,53.0,-97.7,6.2,1.0,133.0,1
D002122,4.2,1214.0,1.13,28.0,0.44,-66.4,-49.4,24.8,47.0,-96.2,11.3,1.0,119.0,0
D002123,6.9,1247.0,0.93,26.5,0.68,-65.5,-52.1,23.8,54.0,-94.0,23.3,0.0,104.0,0
D002124,4.7,1210.0,1.07,32.0,0.55,-63.2,-49.1,24.2,,-93.8,7.6,1.0,126.0,0
D002125,7.0,1194.0,1.57,40.0,0.32,-68.9,-51.5,24.3,52.0,-97.6,12.5,0.0,104.0,0
D002126,5.1,1255.0,1.09,29.5,0.41,-65.1,-49.4,23.0,47.0,-95.6,7.3,0.0,128.0,1
D002127,5.0,1186.0,1.21,29.5,0.51,-64.1,-50.7,24.3,43.0,-95.4,9.0,0.0,127.0,1
D002128,3.9,1186.0,1.06,27.5,0.44,-65.1,-51.7,23.2,43.0,-96.5,7.2,0.0,132.0,1
D002129,4.6,1214.0,1.06,22.5,0.53,-67.1,-48.7,27.3,50.0,-93.7,6.8,0.0,107.0,1
D002130,4.7,1159.0,1.09,31.5,0.5,-66.4,-50.5,24.2,43.0,-96.1,10.6,1.0,144.0,1
D002131,5.0,1194.0,1.08,26.5,0.57,-66.2,-50.8,25.4,45.0,-94.7,10.8,1.0,132.0,0
D002132,4.5,1111.0,1.11,30.0,0.46,-64.7,-49.9,22.0,,-96.0,10.1,0.0,124.0,1
D002133,6.0,1204.0,1.19,35.5,0.67,-63.4,-50.0,28.3,56.0,-98.3,3.3,1.0,100.0,1
D002134,3.8,1064.0,0.85,22.0,0.36,-62.9,-54.0,27.2,53.0,-93.0,,0.0,131.0,0
D002135,4.5,1143.0,1.09,26.5,0.45,-65.3,-50.6,23.1,37.0,-93.5,5.3,0.0,125.0,1
D002136,3.6,1335.0,1.48,37.0,0.62,-69.1,-47.0,27.6,48.0,-97.3,20.2,1.0,134.0,0
D002137,5.8,1199.0,1.27,29.5,0.51,-66.8,-46.4,24.8,56.0,-95.8,13.5,1.0,144.0,1
D002138,5.1,1396.0,1.12,23.5,0.36,-61.2,-54.9,26.6,51.0,-99.3,1.7,0.0,117.0,0
D002139,5.0,1157.0,0.96,31.0,0.5,-66.3,-49.8,22.6,45.0,-96.0,3.7,1.0,122.0,1
D002140,5.1,1254.0,1.15,29.0,0.45,-65.4,-50.7,24.8,47.0,-94.3,7.3,1.0,123.0,1
D002141,4.4,1091.0,1.28,29.0,0.49,-65.7,-50.5,24.3,37.0,-94.6,8.5,1.0,130.0,1
D002142,3.5,,1.46,24.5,0.6,-63.9,-52.2,28.9,42.0,-92.7,13.4,0.0,149.0,0
D002143,4.9,1173.0,1.12,36.0,0.56,-60.4,-50.7,20.5,48.0,-92.7,23.6,1.0,116.0,0
D002144,5.1,1100.0,1.15,25.5,0.44,-66.6,-51.2,24.8,45.0,-95.4,9.8,0.0,125.0,1
D002145,4.7,1225.0,1.07,27.5,0.51,-66.7,-49.3,24.0,,-94.7,11.7,1.0,126.0,0
D002146,4.6,1128.0,1.08,29.0,0.42,-65.4,-49.9,22.2,,-96.3,8.2,0.0,126.0,1
D002147,4.0,1168.0,1.15,30.5,0.48,-65.0,-49.8,24.1,42.0,-95.2,10.2,1.0,126.0,1
D002148,4.2,1158.0,1.14,27.0,0.51,-68.9,-50.4,22.3,43.0,-95.6,7.9,1.0,118.0,1
D002149,5.1,1154.0,1.12,27.0,0.4,-64.5,-50.3,24.9,45.0,-95.0,7.3,0.0,137.0,1
D002150,5.2,1165.0,1.04,30.0,0.43,-64.5,-50.5,24.4,45.0,-96.1,8.2,0.0,135.0,1
D002151,5.3,1144.0,1.17,27.0,0.5,-65.6,-51.4,23.3,40.0,-96.7,3.4,1.0,128.0,1
D002152,5.5,1051.0,0.95,27.0,0.46,-69.8,-50.2,21.3,54.0,-95.0,5.0,1.0,147.0,1
D002153,4.9,1217.0,1.11,28.5,0.49,-64.1,-49.0,25.1,45.0,-95.3,6.2,0.0,129.0,0
D002154,4.5,1157.0,1.08,30.5,0.48,-64.8,-51.2,23.1,41.0,-96.2,14.0,1.0,121.0,0
D002155,4.2,1235.0,0.95,27.0,0.43,-64.8,-50.2,23.1,49.0,-95.3,11.7,0.0,132.0,1
D002156,4.9,1160.0,1.18,,0.52,-64.8,-49.6,26.0,41.0,-93.7,8.2,0.0,132.0,1
D002157,5.0,1242.0,1.17,26.0,0.39,-66.3,-50.0,27.1,41.0,-95.4,11.6,1.0,121.0,0
D002158,4.4,1219.0,1.12,30.5,0.49,-64.7,-50.9,24.5,43.0,-94.6,8.3,1.0,129.0,0
D002159,4.4,1188.0,1.17,29.0,0.51,-64.1,-49.2,25.0,47.0,-94.3,3.9,0.0,128.0,1
D002160,4.9,1145.0,1.07,30.5,0.51,-64.4,-50.6,23.7,44.0,-96.4,6.1,1.0,131.0,1
D002161,5.9,1027.0,1.1,30.5,0.47,,-49.9,24.8,45.0,-97.8,11.3,1.0,126.0,1
D002162,3.1,1398.0,1.58,20.0,0.48,-69.0,-45.2,20.1,52.0,-98.5,17.9,0.0,122.0,0
D002163,4.7,,1.48,24.0,0.34,-69.2,-47.4,25.4,40.0,-95.0,23.6,0.0,118.0,0
D002164,4.5,1124.0,1.01,31.0,0.45,-66.8,-50.2,23.8,,-94.2,5.4,0.0,128.0,1
D002165,6.8,1312.0,1.2,31.5,0.43,-69.5,-46.7,20.2,37.0,-93.9,21.5,0.0,145.0,1
D002166,5.3,1248.0,1.12,29.5,0.54,-67.1,-48.9,24.4,39.0,-94.9,9.3,0.0,129.0,1
D002167,5.3,1246.0,1.17,31.5,0.45,-65.9,-50.5,22.3,,-95.3,9.9,1.0,127.0,1
D002168,4.3,1111.0,1.14,28.0,0.49,-64.6,,23.5,,-94.7,6.8,1.0,125.0,1
D002169,4.4,1171.0,1.18,27.5,0.41,-62.1,-50.3,24.3,44.0,-94.7,8.5,,126.0,0
D002170,5.3,1199.0,1.06,31.5,0.42,-66.6,-50.6,22.1,42.0,-94.3,8.2,1.0,123.0,1
D002171,5.3,1309.0,1.12,28.5,0.41,,-50.0,24.0,47.0,-95.9,7.5,1.0,122.0,1
D002172,4.1,1236.0,1.08,,0.55,-67.6,-52.6,25.5,53.0,-92.2,4.8,0.0,116.0,1
D002173,5.0,1206.0,1.14,27.5,0.57,-67.1,-50.2,25.6,47.0,-95.4,11.5,1.0,128.0,1
D002174,4.9,1184.0,1.07,31.5,0.46,-64.4,-51.2,23.9,45.0,-94.2,10.6,1.0,135.0,0
D002175,4.8,1192.0,1.01,28.0,0.47,-64.2,-49.3,22.5,43.0,-95.7,9.7,0.0,132.0,1
D002176,4.5,1177.0,1.12,27.0,0.5,-65.6,-51.1,24.5,41.0,-96.1,12.6,1.0,132.0,1
D002177,4.8,1181.0,1.18,28.5,0.52,-65.9,-50.1,23.7,39.0,-95.3,9.0,0.0,133.0,1
D002178,4.9,1166.0,1.02,27.5,0.53,-66.9,-49.8,22.3,48.0,-96.0,10.0,0.0,121.0,1
D002179,3.3,1075.0,0.97,36.0,0.41,-66.8,-48.0,29.4,54.0,-91.5,15.4,1.0,140.0,0
D002180,4.2,1113.0,1.06,29.5,0.48,-63.9,-49.2,24.5,53.0,-94.7,11.1,0.0,124.0,0
D002181,4.8,1167.0,1.01,28.0,0.53,-65.2,-50.5,23.2,44.0,-96.9,10.8,0.0,127.0,0
D002182,4.4,1165.0,1.02,32.0,0.45,-67.3,-49.0,24.6,41.0,-94.8,5.8,0.0,137.0,1
D002183,3.3,1221.0,1.13,35.5,0.63,-62.5,-53.9,23.4,49.0,-92.4,22.4,0.0,116.0,0
D002184,4.4,1177.0,1.11,28.5,0.44,-68.4,-50.4,24.0,44.0,-95.9,7.0,1.0,130.0,1
D002185,5.5,1198.0,1.06,29.5,0.52,-65.4,-49.3,23.1,47.0,-96.0,14.8,1.0,119.0,1
D002186,3.3,1317.0,1.27,27.5,0.64,-69.0,-46.4,26.5,32.0,-93.9,2.1,1.0,147.0,0
D002187,4.2,1309.0,0.92,38.5,0.31,-66.3,-47.0,22.6,50.0,-97.0,4.1,0.0,148.0,0
D002188,4.5,1220.0,1.15,29.5,0.49,-63.8,-50.1,23.9,49.0,-95.1,10.3,0.0,136.0,0
D002189,5.5,1053.0,0.9,31.0,0.69,-69.4,-52.2,29.7,46.0,-99.9,6.7,1.0,126.0,1
D002190,5.4,1055.0,0.83,25.0,0.33,-63.5,-53.4,23.7,34.0,-96.4,16.1,0.0,129.0,0
D002191,3.8,1145.0,,29.0,0.51,-65.8,-49.2,22.1,36.0,-96.6,9.0,1.0,136.0,0
D002192,4.3,1182.0,1.41,37.5,0.48,-64.2,-51.1,23.8,43.0,-96.1,10.8,1.0,,0
D002193,5.8,1316.0,1.01,25.5,0.49,-67.4,-46.9,21.3,44.0,-96.2,7.2,1.0,149.0,1
D002194,4.5,1187.0,1.15,31.0,0.41,-65.8,-50.5,24.6,49.0,-95.9,7.8,1.0,125.0,0
D002195,5.4,1172.0,1.1,36.5,0.32,-66.7,-46.5,21.7,40.0,-93.2,6.1,1.0,121.0,1
D002196,5.2,1330.0,1.16,28.0,0.35,-65.8,-53.4,28.5,37.0,-95.9,14.8,0.0,104.0,0
D002197,3.7,1206.0,1.39,31.0,0.63,-66.6,,27.7,46.0,-97.2,8.6,1.0,108.0,0
D002198,4.2,1346.0,1.57,21.0,0.55,-67.5,-45.1,20.8,32.0,-91.4,14.3,1.0,149.0,0
D002199,6.2,1163.0,0.98,29.0,0.44,-67.7,-52.0,21.1,46.0,-97.5,14.5,1.0,135.0,1
D002200,4.4,1180.0,1.09,23.5,0.43,-65.2,-49.6,23.0,50.0,-96.6,13.8,1.0,126.0,0
D002201,6.4,1341.0,1.36,26.5,0.63,-64.5,-53.5,23.6,39.0,-93.9,12.4,0.0,142.0,1
D002202,5.4,1191.0,1.05,31.5,0.5,-66.1,-49.0,23.8,42.0,-96.1,,0.0,127.0,1
D002203,4.9,1290.0,0.91,34.0,0.61,-69.9,-46.2,21.8,58.0,-94.3,7.3,1.0,131.0,1
D002204,4.7,1240.0,1.13,31.5,0.51,-66.3,-49.8,23.9,45.0,-96.3,5.0,0.0,130.0,1
D002205,5.3,1199.0,1.11,27.5,0.45,-65.2,-51.1,22.5,41.0,-95.5,1.2,1.0,128.0,1
D002206,5.6,1213.0,1.13,29.0,0.45,-65.6,-49.5,24.6,46.0,-94.5,9.0,0.0,127.0,1
D002207,5.6,1070.0,1.01,27.5,0.54,-67.1,-50.2,24.9,44.0,-93.8,4.1,1.0,129.0,1
D002208,4.7,1121.0,1.25,33.0,0.45,-67.0,-49.7,25.5,34.0,-95.3,4.5,0.0,130.0,1
D002209,5.1,1286.0,0.95,28.0,0.34,-64.5,-50.9,20.7,39.0,-93.9,17.5,1.0,139.0,0
D002210,5.0,1192.0,1.12,29.5,0.44,-66.2,-50.3,24.9,42.0,-96.5,8.2,1.0,130.0,1
D002211,4.0,1140.0,1.1,34.0,0.47,-64.7,-49.4,24.9,46.0,-94.5,9.6,0.0,133.0,1
D002212,5.2,1196.0,1.09,31.5,0.48,-64.3,-48.0,22.8,39.0,-96.2,7.5,0.0,133.0,1
D002213,6.5,1188.0,1.21,34.5,0.6,-68.9,-53.7,21.4,49.0,-97.3,2.8,1.0,124.0,1
D002214,5.5,1165.0,1.04,31.5,0.5,-66.4,-51.9,24.2,40.0,-96.1,9.6,1.0,127.0,1
D002215,5.3,1121.0,1.13,31.0,0.4,-65.7,-49.2,24.2,43.0,,4.5,1.0,127.0,1
D002216,6.0,1000.0,1.31,21.5,0.32,-60.0,-47.9,22.6,51.0,-98.6,5.9,0.0,143.0,0
D002217,6.2,1256.0,1.49,23.5,0.45,-67.2,-51.3,25.0,43.0,-92.6,16.0,1.0,104.0,0
D002218,3.3,1318.0,0.81,34.5,0.46,-61.3,-45.5,26.7,44.0,,2.3,1.0,111.0,0
D002219,3.1,1329.0,1.32,35.0,0.53,-60.0,-48.3,25.2,54.0,-95.3,15.8,1.0,102.0,0
D002220,4.7,1195.0,1.04,29.5,0.5,-64.3,-50.5,26.2,41.0,-94.1,10.9,1.0,125.0,1
D002221,4.8,1202.0,1.12,29.5,0.52,-65.6,-49.7,23.7,42.0,-96.5,7.8,1.0,132.0,1
D002222,5.0,1191.0,1.12,25.0,0.5,-64.1,-50.6,23.4,49.0,-95.4,9.5,0.0,127.0,1
D002223,5.3,1072.0,1.48,26.0,0.32,-64.2,-46.0,21.3,35.0,-90.2,3.2,0.0,131.0,0
D002224,4.9,1205.0,1.2,27.5,0.53,-66.7,-49.8,25.8,39.0,-96.5,12.0,0.0,128.0,1
D002225,3.4,1370.0,1.45,21.5,0.43,-64.5,-46.5,29.6,32.0,-95.3,11.6,0.0,107.0,0
D002226,4.8,1224.0,1.2,27.0,0.48,-65.5,-51.5,23.0,36.0,-95.8,,0.0,138.0,1
D002227,4.6,1210.0,1.11,30.5,0.48,-65.3,-51.8,23.8,47.0,-95.6,13.2,0.0,138.0,1
D002228,4.9,1250.0,0.96,27.0,0.5,-63.5,-51.0,24.8,50.0,-96.2,,0.0,127.0,1
D002229,5.0,1211.0,1.1,32.0,0.42,-65.9,-49.6,22.9,47.0,-93.1,12.6,0.0,131.0,1
D002230,5.0,1213.0,1.22,30.5,0.45,-66.0,-47.3,24.9,42.0,-95.0,14.8,0.0,133.0,1
D002231,5.4,1225.0,1.19,28.5,0.46,-66.4,-51.6,23.2,45.0,-96.8,10.3,1.0,132.0,1
D002232,3.6,1089.0,1.17,26.5,0.3,-62.2,-45.1,28.8,57.0,-93.1,0.1,1.0,124.0,0
D002233,5.3,1129.0,1.05,31.5,0.47,-64.4,-48.6,25.7,46.0,-95.8,7.0,0.0,128.0,1
D002234,4.9,1261.0,1.07,29.0,0.56,-64.1,-49.4,25.0,39.0,,6.0,0.0,133.0,1
D002235,5.5,1001.0,1.56,33.5,0.41,-66.5,-49.8,28.2,52.0,-96.3,22.3,0.0,146.0,0
D002236,6.8,1184.0,0.88,38.5,0.66,-64.0,-46.0,29.3,32.0,-92.4,11.9,0.0,104.0,0
D002237,4.2,1116.0,1.09,26.5,0.47,-65.7,-49.9,22.3,40.0,-95.8,9.7,0.0,130.0,0
D002238,6.3,1044.0,1.54,39.0,0.64,-66.2,-52.2,29.7,56.0,-91.7,2.7,0.0,145.0,1
D002239,4.6,1150.0,1.2,28.0,0.56,-64.4,-52.2,23.5,43.0,-95.2,3.7,1.0,121.0,1
D002240,3.9,1078.0,1.04,39.5,0.62,-60.2,-54.0,24.1,59.0,-95.5,15.5,1.0,132.0,0
D002241,5.5,1355.0,0.9,26.5,0.45,-69.5,-45.2,26.3,49.0,-97.9,6.0,0.0,114.0,1
D002242,3.4,1234.0,1.41,34.0,0.52,-65.1,-49.6,24.9,,-97.6,7.7,1.0,120.0,0
D002243,5.7,1355.0,1.39,24.5,0.45,-62.5,-51.0,23.9,42.0,-91.1,0.7,0.0,134.0,1
D002244,4.7,1243.0,1.13,29.0,0.53,-67.1,-49.8,22.3,41.0,-97.0,6.2,0.0,133.0,1
D002245,3.5,1146.0,1.28,26.0,0.42,-65.9,-46.1,28.5,42.0,-97.1,20.8,1.0,114.0,0
D002246,4.5,1137.0,1.04,31.5,0.57,-65.1,-50.5,23.7,40.0,-96.1,10.0,,130.0,1
D002247,3.4,1148.0,1.04,29.0,0.46,-64.0,-50.3,23.5,50.0,-94.8,9.5,0.0,132.0,0
D002248,3.6,1273.0,1.54,24.0,0.53,-64.4,-46.7,24.4,48.0,-97.3,7.9,1.0,100.0,0
D002249,4.2,1142.0,1.07,28.5,0.42,-66.5,-50.4,24.3,42.0,-96.4,12.7,0.0,130.0,1
D002250,4.9,1200.0,1.1,31.5,0.41,-66.7,-49.9,23.9,39.0,,10.1,0.0,123.0,1
D002251,5.1,1153.0,1.12,27.0,0.4,-65.4,-50.5,24.3,41.0,-95.5,9.9,0.0,128.0,1
D002252,4.5,1189.0,1.06,27.5,0.47,-66.3,-51.9,25.1,,-95.9,7.3,1.0,128.0,1
D002253,4.6,1210.0,1.31,30.0,0.43,-64.2,-50.0,24.1,43.0,-94.8,7.0,0.0,131.0,1
D002254,4.6,1190.0,1.11,28.0,0.47,-65.0,-50.3,24.4,45.0,-95.4,14.1,0.0,119.0,1
D002255,3.3,,1.24,27.0,0.61,-60.3,-53.2,26.3,32.0,,16.6,1.0,111.0,0
D002256,4.8,1197.0,1.26,30.5,0.49,-64.3,-49.5,24.7,47.0,-94.6,7.3,0.0,131.0,1
D002257,4.9,1200.0,1.07,22.5,0.42,-65.5,-48.9,26.2,44.0,-95.8,8.4,1.0,130.0,0
D002258,3.8,1207.0,1.4,32.5,0.56,-62.3,-48.5,20.5,40.0,-94.8,17.4,1.0,105.0,0
D002259,4.6,1025.0,1.49,22.5,0.67,-61.9,-53.8,24.4,49.0,-95.9,19.1,,137.0,0
D002260,6.3,1268.0,1.58,30.5,0.34,-61.7,-52.0,28.4,40.0,,10.0,1.0,107.0,0
D002261,5.7,1207.0,1.06,30.5,0.51,-65.3,-49.1,24.6,38.0,-94.8,9.2,0.0,125.0,1
D002262,5.7,1164.0,0.99,30.5,0.5,-64.5,-47.6,23.8,47.0,-95.1,8.9,1.0,128.0,1
D002263,5.0,1119.0,0.94,31.0,0.43,-68.7,-46.4,26.4,32.0,-94.3,14.5,1.0,133.0,1
D002264,4.7,1264.0,1.24,28.5,0.43,-64.9,-49.8,22.3,51.0,-94.4,10.0,1.0,129.0,1
D002265,4.4,1159.0,0.99,29.0,0.54,-67.1,-49.1,23.6,42.0,-95.1,6.1,1.0,118.0,0
D002266,5.4,1164.0,1.3,28.5,0.49,-66.2,-48.9,24.0,36.0,-93.6,6.3,1.0,132.0,1
D002267,5.3,1121.0,1.09,31.5,0.46,-64.2,-49.0,26.0,46.0,-94.5,11.0,1.0,134.0,1
D002268,5.2,1181.0,1.09,30.0,0.45,-65.4,-49.6,23.6,38.0,-97.1,6.2,1.0,133.0,1
D002269,5.0,1180.0,1.18,29.0,0.57,-63.2,-47.1,24.7,42.0,-98.7,8.7,0.0,123.0,1
D002270,4.9,1223.0,,29.5,0.48,-64.2,-50.1,24.4,50.0,-97.3,9.1,0.0,129.0,1
D002271,5.7,1154.0,1.04,26.5,0.37,-66.1,-48.3,24.6,39.0,-95.4,10.6,0.0,120.0,0
D002272,6.8,1257.0,1.58,37.0,0.68,-70.0,-48.2,24.2,51.0,-91.5,6.1,0.0,147.0,1
D002273,6.6,1028.0,1.21,21.5,0.66,-63.5,-54.0,27.9,55.0,-93.8,5.0,0.0,127.0,0
D002274,3.2,1382.0,1.38,36.5,0.55,-61.1,-52.4,24.8,58.0,-98.2,4.9,1.0,129.0,0
D002275,4.6,1200.0,1.07,29.5,0.46,-64.8,-49.2,21.9,44.0,-96.6,9.4,0.0,126.0,1
D002276,4.5,1189.0,0.99,28.0,0.42,-65.2,-50.9,24.8,42.0,-95.4,6.0,0.0,130.0,1
D002277,4.3,1188.0,1.0,,0.44,-67.1,-48.2,26.6,42.0,-95.8,10.7,0.0,126.0,1
D002278,4.0,1111.0,1.48,31.0,0.4,-63.1,-54.0,27.3,53.0,-90.4,23.4,1.0,100.0,0
D002279,5.1,1157.0,1.04,30.0,0.46,-65.0,-51.5,22.3,46.0,-96.3,8.8,1.0,131.0,0
D002280,4.4,1098.0,1.06,29.5,0.42,-66.2,-49.7,22.7,45.0,-97.1,12.8,0.0,135.0,0
D002281,4.4,1201.0,1.04,26.5,0.5,-65.0,-50.4,24.4,41.0,-95.3,10.7,,130.0,1
D002282,4.9,1209.0,1.55,38.0,0.58,-64.8,-47.0,23.6,55.0,-93.3,8.1,0.0,133.0,1
D002283,3.2,1265.0,1.12,40.0,0.37,-60.9,-54.5,29.1,46.0,-94.1,0.2,1.0,119.0,0
D002284,6.6,1075.0,1.5,32.0,0.55,-61.0,-47.0,21.4,41.0,-94.6,19.0,1.0,139.0,0
D002285,4.7,1193.0,1.11,27.0,0.5,-65.2,-50.3,22.7,43.0,-95.6,11.1,1.0,126.0,1
D002286,4.4,1243.0,1.15,32.0,0.5,-65.4,-49.9,25.5,42.0,-95.4,9.5,0.0,123.0,1
D002287,5.6,1191.0,1.08,23.5,0.47,-66.7,-49.7,22.6,44.0,-96.4,10.9,1.0,121.0,1
D002288,6.6,1341.0,1.17,22.0,0.65,-62.6,-52.7,21.2,55.0,-90.8,1.3,0.0,118.0,1
D002289,3.9,1204.0,1.13,31.5,0.53,-66.1,-49.4,22.5,47.0,-95.1,11.4,1.0,132.0,0
D002290,5.7,1228.0,1.14,30.5,0.56,-67.5,-50.9,21.4,,-93.9,5.7,0.0,128.0,1
D002291,6.2,1290.0,0.88,22.5,0.45,-65.9,-51.4,23.6,54.0,-97.8,5.3,1.0,118.0,1
D002292,4.7,1211.0,1.24,29.0,0.38,-66.6,-50.5,24.1,44.0,-95.7,7.5,0.0,120.0,1
D002293,4.8,1201.0,1.13,28.0,0.52,-65.9,-50.5,23.7,43.0,-96.4,,0.0,124.0,1
D002294,5.5,1240.0,1.08,33.0,0.47,-63.8,-48.5,23.1,45.0,-96.3,6.3,0.0,133.0,1
D002295,5.7,1179.0,1.55,39.5,0.49,-60.2,-49.7,22.4,53.0,-95.9,1.4,1.0,135.0,1
D002296,4.2,1079.0,1.23,37.5,0.46,-62.1,-51.5,28.6,43.0,-95.0,19.6,0.0,133.0,0
D002297,,1214.0,1.22,27.0,0.55,-65.1,-49.5,23.3,41.0,-95.3,8.6,1.0,132.0,1
D002298,4.3,1193.0,0.92,28.5,0.46,-66.0,-50.6,26.3,47.0,-94.6,7.9,0.0,125.0,1
D002299,6.0,,1.04,30.5,0.58,-60.3,-48.2,27.5,43.0,-97.2,16.2,0.0,107.0,0
D002300,4.4,1161.0,1.16,25.5,0.5,-63.2,-51.8,22.5,42.0,-96.6,8.9,1.0,121.0,0
D002301,5.0,1106.0,1.08,27.0,0.53,-66.1,-51.6,24.0,45.0,-96.0,9.8,0.0,126.0,1
D002302,4.9,1198.0,1.16,29.0,0.55,-66.8,-49.2,,41.0,-97.1,9.7,0.0,119.0,1
D002303,4.2,1191.0,1.24,22.0,0.54,-68.5,-46.3,26.1,51.0,-95.5,19.7,0.0,123.0,0
D002304,5.0,1229.0,1.07,26.5,0.53,-64.0,-51.9,23.9,40.0,-96.0,13.9,1.0,120.0,1
D002305,4.9,1125.0,1.09,31.0,0.49,-66.0,-49.7,24.9,39.0,-94.6,8.0,0.0,126.0,1
D002306,5.3,1222.0,1.04,26.5,0.38,-65.5,-50.4,23.4,42.0,-96.8,10.4,1.0,122.0,1
D002307,5.5,1222.0,1.01,25.0,0.45,-66.6,-52.5,23.4,45.0,-94.1,8.0,1.0,121.0,1
D002308,6.2,1266.0,1.14,31.0,0.3,-63.1,-47.1,23.1,37.0,-99.0,13.6,0.0,119.0,0
D002309,4.7,1111.0,,29.0,0.53,-62.0,-49.6,26.3,46.0,-96.1,6.1,,130.0,0
D002310,5.3,1160.0,1.24,28.5,0.56,-64.8,-51.5,22.7,45.0,-95.1,8.6,1.0,128.0,1
D002311,4.4,1167.0,1.15,31.5,0.46,-66.1,-50.6,24.0,43.0,-96.1,11.3,0.0,127.0,1
D002312,4.8,1212.0,1.07,28.5,0.41,-66.9,-50.9,22.6,46.0,-96.8,6.9,0.0,128.0,1
D002313,6.7,1320.0,1.59,26.5,0.5,-62.9,-51.2,24.6,40.0,-98.9,14.7,0.0,133.0,0
D002314,6.3,1174.0,0.95,30.0,0.67,-69.6,-51.6,26.3,57.0,-96.2,18.2,1.0,117.0,1
D002315,4.2,1200.0,1.01,27.5,0.5,-62.5,-49.7,25.1,43.0,-96.5,7.9,1.0,122.0,0
D002316,5.3,,1.09,27.0,0.54,-68.0,-48.5,22.4,42.0,-94.1,5.6,1.0,126.0,1
D002317,4.1,1191.0,1.02,27.5,0.48,-63.8,-52.3,25.0,44.0,-95.4,,1.0,124.0,1
D002318,4.9,1229.0,1.09,27.0,0.51,-66.4,-49.1,23.9,42.0,-95.9,9.5,1.0,133.0,1
D002319,4.7,1191.0,1.1,30.5,0.46,,-50.1,24.1,44.0,-96.2,6.2,0.0,125.0,1
D002320,5.2,1225.0,1.3,26.0,0.51,-67.3,-50.4,26.3,44.0,-94.8,8.0,1.0,125.0,1
D002321,6.0,1249.0,1.44,39.0,0.52,-60.9,-54.1,26.0,39.0,-94.6,11.0,1.0,135.0,1
D002322,4.3,1138.0,1.12,,0.51,-64.5,-49.2,22.7,43.0,-95.3,5.9,1.0,126.0,0
D002323,3.8,1186.0,1.16,28.5,0.47,-64.3,-49.6,23.5,46.0,-95.1,6.7,1.0,126.0,0
D002324,4.4,1197.0,1.29,28.5,0.47,-66.4,-50.9,24.7,44.0,-96.5,9.7,1.0,126.0,0
D002325,4.7,1149.0,1.08,30.5,0.51,-64.0,-51.0,25.7,43.0,-96.8,9.2,0.0,122.0,1
D002326,4.3,1248.0,1.04,28.0,0.52,-66.0,-51.3,25.2,38.0,-94.4,10.1,1.0,128.0,0
D002327,4.3,1196.0,1.09,30.0,0.41,-63.3,-51.1,23.2,43.0,-94.2,6.8,0.0,133.0,1
D002328,4.2,1143.0,1.15,31.0,0.51,-64.6,-50.6,23.1,44.0,-96.0,8.1,1.0,125.0,1
D002329,3.5,1136.0,1.1,31.5,0.58,-68.1,-53.2,26.7,33.0,-97.0,1.5,1.0,150.0,1
D002330,4.8,1134.0,1.09,28.0,0.48,-64.2,-51.0,23.9,46.0,-97.4,6.0,1.0,128.0,1
D002331,5.6,1190.0,1.57,36.0,0.52,-61.8,-52.5,26.2,47.0,-92.3,13.4,1.0,115.0,0
D002332,6.1,1163.0,1.24,28.0,0.57,-65.4,-47.6,28.6,38.0,-99.2,14.1,1.0,107.0,0
D002333,4.8,1209.0,1.17,26.5,0.5,-66.2,-51.1,24.3,42.0,-97.3,10.4,0.0,123.0,1
D002334,5.1,1199.0,1.1,27.0,0.44,-65.4,-49.1,23.4,42.0,-96.0,6.0,0.0,126.0,1
D002335,5.3,1161.0,1.11,26.5,0.46,,-51.8,24.1,51.0,-95.1,7.9,1.0,124.0,1
D002336,4.2,1220.0,1.06,27.0,0.51,-67.6,,25.6,41.0,-94.0,16.0,0.0,129.0,1
D002337,4.3,1199.0,1.29,28.5,0.55,,-48.6,23.3,47.0,-96.3,12.1,0.0,127.0,0
D002338,5.0,,1.14,31.5,0.54,-66.2,-49.0,23.9,40.0,-96.6,7.4,0.0,127.0,1
D002339,4.5,1208.0,1.05,20.0,0.52,-65.2,-47.2,29.4,52.0,-95.6,9.3,1.0,140.0,0
D002340,4.6,1148.0,1.25,31.0,0.52,-66.2,-50.6,23.8,41.0,-96.8,12.0,0.0,123.0,1
D002341,3.1,1133.0,1.38,38.5,0.39,-64.5,-45.8,27.9,49.0,-95.5,15.0,1.0,127.0,0
D002342,4.4,1116.0,1.0,27.0,0.55,-64.3,-48.9,25.3,,-94.5,8.0,0.0,123.0,1
D002343,5.2,1230.0,1.14,25.0,0.49,-65.8,-50.4,22.5,45.0,-94.6,7.0,1.0,130.0,1
D002344,4.2,1093.0,1.45,33.5,0.36,-68.0,-52.6,24.3,56.0,-94.4,14.3,1.0,119.0,0
D002345,5.2,1146.0,1.23,28.0,0.41,-65.5,-50.4,23.0,44.0,-95.1,11.5,1.0,128.0,0
D002346,4.6,1132.0,1.16,28.0,0.43,-63.8,-48.9,25.6,41.0,-94.7,11.2,0.0,129.0,1
D002347,5.3,1127.0,1.05,29.0,0.51,-66.2,-51.1,21.0,42.0,-94.2,9.4,1.0,125.0,1
D002348,4.8,1164.0,1.22,29.0,0.44,-66.2,-50.5,24.6,44.0,-96.5,12.4,1.0,137.0,1
D002349,6.2,1074.0,1.07,36.0,0.43,-61.7,-48.9,25.0,50.0,-96.6,9.6,1.0,111.0,1
D002350,5.8,1224.0,1.48,32.0,0.51,-65.8,-48.3,20.8,46.0,-95.6,22.1,0.0,110.0,0
D002351,5.8,1133.0,0.89,32.5,0.44,-62.7,-50.4,28.8,50.0,-96.8,16.4,1.0,117.0,0
D002352,5.2,1141.0,1.18,32.5,0.51,-67.2,-51.1,23.8,42.0,-94.9,8.0,0.0,128.0,1
D002353,6.2,1028.0,0.87,23.0,0.68,-60.3,-49.7,26.2,46.0,-90.3,10.4,0.0,120.0,0
D002354,5.8,1044.0,1.45,30.5,0.53,-67.4,-52.9,22.0,34.0,,5.5,0.0,127.0,1
D002355,4.8,1148.0,1.12,32.0,0.49,-67.0,-50.8,24.1,45.0,-96.1,4.4,1.0,122.0,1
D002356,5.0,1274.0,1.11,26.0,0.56,-65.4,-50.7,23.0,48.0,-94.3,9.6,0.0,125.0,1
D002357,5.6,1255.0,1.12,25.0,0.55,-66.8,-51.3,20.7,52.0,-90.7,13.8,0.0,138.0,1
D002358,6.0,1349.0,1.4,32.0,0.54,-65.6,-52.0,27.1,46.0,-99.0,8.3,1.0,108.0,0
D002359,,1145.0,0.99,26.0,0.44,-66.8,-50.4,23.4,39.0,-97.8,12.8,1.0,127.0,1
D002360,4.7,1150.0,1.06,31.5,0.49,-64.0,-49.8,23.9,43.0,-97.6,8.8,0.0,122.0,1
D002361,5.1,1163.0,1.11,28.5,0.51,-65.5,-47.8,24.4,52.0,-94.4,12.4,0.0,131.0,1
D002362,5.1,1237.0,1.04,27.0,0.47,-67.7,-50.8,24.4,43.0,-96.1,12.1,1.0,127.0,1
D002363,4.6,1136.0,1.27,27.0,0.5,-65.0,-49.0,24.3,49.0,-94.6,7.0,1.0,129.0,1
D002364,5.1,1120.0,1.05,33.5,0.46,-65.5,-49.8,24.9,48.0,-95.7,13.2,0.0,125.0,1
D002365,3.7,1106.0,1.37,30.5,0.47,,-47.3,25.5,34.0,-93.6,14.2,1.0,136.0,0
D002366,5.6,1233.0,1.12,32.0,0.47,-66.7,-49.5,24.2,39.0,-97.2,11.2,1.0,123.0,1
D002367,3.3,1186.0,0.85,26.5,0.42,-61.3,-49.1,28.9,48.0,-98.8,3.6,1.0,146.0,0
D002368,4.7,1120.0,1.09,25.0,0.5,-65.0,-48.4,23.6,40.0,-97.6,9.6,1.0,136.0,1
D002369,5.1,1125.0,0.97,27.0,0.51,-65.9,-49.9,24.5,49.0,-97.1,11.6,0.0,136.0,1
D002370,4.6,1164.0,1.18,28.5,0.53,-64.5,-49.5,24.4,43.0,-94.6,11.5,,117.0,0
D002371,7.0,1017.0,1.06,34.5,0.66,-66.5,-50.7,20.6,45.0,-92.6,19.4,1.0,108.0,0
D002372,4.8,1209.0,1.15,29.5,0.48,-66.7,-49.9,23.5,46.0,-97.2,10.2,1.0,137.0,1
D002373,4.7,1145.0,1.05,28.5,0.51,-65.8,-50.6,24.0,48.0,-96.7,11.0,1.0,137.0,0
D002374,5.4,1154.0,1.11,30.0,0.43,-64.0,-48.1,23.3,37.0,-95.0,,1.0,129.0,1
D002375,3.4,1312.0,1.08,26.5,0.68,-68.6,-48.3,23.7,34.0,-98.6,10.1,0.0,116.0,1
D002376,5.0,1193.0,1.13,29.5,0.45,-66.4,-49.1,24.2,38.0,-94.6,8.1,0.0,118.0,1
D002377,4.1,1040.0,1.24,33.0,0.54,-68.3,-53.0,27.1,30.0,-93.4,1.2,0.0,104.0,1
D002378,4.7,1195.0,,27.0,0.42,-67.7,-49.1,22.4,42.0,-94.9,11.4,1.0,139.0,0
D002379,4.0,1185.0,1.11,32.0,0.52,-64.4,-49.4,24.4,49.0,-94.8,9.7,1.0,131.0,0
D002380,5.3,1133.0,1.18,32.5,0.51,-65.8,-51.8,24.4,44.0,-93.8,12.9,0.0,129.0,1
D002381,3.1,1394.0,1.22,38.5,0.42,-63.9,-50.3,21.5,39.0,-99.5,3.7,1.0,120.0,0
D002382,5.5,1193.0,0.98,30.0,0.51,-63.8,-51.3,22.6,44.0,-94.3,5.0,1.0,133.0,1
D002383,5.0,1158.0,1.15,30.0,0.47,-65.6,-50.6,23.6,44.0,-95.9,7.3,1.0,120.0,1
D002384,4.3,1176.0,1.03,30.0,0.51,-64.3,-49.9,23.4,46.0,-96.9,6.4,1.0,128.0,1
D002385,5.1,1252.0,1.11,27.0,0.44,-65.4,-51.1,23.8,48.0,-96.4,9.1,1.0,125.0,1
D002386,4.2,1383.0,1.56,36.0,0.31,-61.6,-46.7,26.8,41.0,-94.2,4.5,1.0,133.0,0
D002387,4.2,1195.0,1.08,33.0,0.48,-65.6,-50.7,24.5,59.0,-96.9,22.9,1.0,134.0,1
D002388,3.7,1271.0,0.84,21.0,0.47,-62.1,-45.4,20.8,37.0,-100.0,4.7,0.0,106.0,0
D002389,6.6,1196.0,1.27,25.5,0.33,-62.6,-54.4,25.8,34.0,-90.3,17.2,1.0,114.0,0
D002390,5.0,1175.0,1.06,31.5,0.48,-64.8,-50.3,23.6,43.0,-94.1,13.8,0.0,135.0,1
D002391,4.9,1158.0,1.21,26.5,0.47,-65.3,-50.7,22.6,46.0,-96.4,7.0,1.0,132.0,1
D002392,4.0,1137.0,1.08,28.0,0.51,-66.0,-49.4,22.3,44.0,-95.8,13.6,0.0,128.0,1
D002393,5.3,1154.0,1.0,28.0,0.58,-66.9,-50.3,21.6,50.0,-96.6,11.5,1.0,122.0,1
D002394,5.0,1187.0,1.18,30.5,0.48,-64.5,-50.3,25.1,49.0,-96.6,6.2,1.0,139.0,1
D002395,4.1,1286.0,1.12,29.5,0.57,-65.7,-53.5,23.3,59.0,-99.0,21.9,,145.0,1
D002396,4.5,1213.0,1.08,28.0,0.5,-64.1,-50.3,23.3,47.0,-95.6,9.4,1.0,124.0,1
D002397,4.8,1280.0,1.14,27.0,0.4,-66.3,-49.5,24.1,39.0,-95.7,9.5,1.0,125.0,1
D002398,5.2,1242.0,1.18,29.5,0.54,-64.1,-49.7,23.5,45.0,-96.4,5.0,1.0,128.0,1
D002399,4.4,1200.0,1.12,31.5,0.51,-66.2,-50.6,25.5,44.0,-94.8,5.9,1.0,136.0,1
D002400,4.9,1086.0,1.06,40.0,0.34,-63.5,-51.9,28.3,51.0,-97.3,23.3,1.0,133.0,0
D002401,4.4,1199.0,1.11,25.0,0.5,-65.9,-49.6,,43.0,-95.8,10.3,0.0,131.0,0
D002402,5.0,1174.0,1.0,26.5,0.51,-66.4,-51.5,25.0,49.0,-96.2,4.4,1.0,122.0,1
D002403,6.6,1378.0,1.35,27.5,0.48,-61.1,-47.9,25.5,37.0,-97.4,15.2,1.0,150.0,1
D002404,5.7,1146.0,1.21,26.0,0.46,-66.0,-48.9,24.6,44.0,-93.4,8.7,0.0,129.0,1
D002405,6.1,1246.0,1.3,28.0,0.56,-60.7,-49.2,29.5,53.0,-91.9,22.5,0.0,103.0,0
D002406,5.4,1223.0,1.57,23.0,0.58,-67.1,-49.6,26.8,54.0,-91.1,5.1,1.0,109.0,0
D002407,5.5,1299.0,1.53,31.5,0.54,-68.8,-45.5,29.5,60.0,-98.3,15.4,1.0,143.0,0
D002408,4.0,1288.0,1.44,27.5,0.59,-66.2,-49.5,,45.0,,2.8,0.0,140.0,0
D002409,4.9,1050.0,1.08,24.0,0.33,-64.2,-48.2,26.1,49.0,-97.9,12.7,1.0,138.0,0
D002410,5.4,1154.0,1.07,27.0,0.45,-65.4,-50.2,23.4,42.0,-95.7,10.3,0.0,127.0,1
D002411,4.9,1205.0,1.04,29.0,0.41,-66.1,-50.5,24.2,46.0,-95.3,10.9,1.0,127.0,1
D002412,4.8,1158.0,1.14,27.0,0.48,,-49.9,24.4,38.0,-94.6,11.7,1.0,135.0,1
D002413,3.4,1187.0,0.99,30.5,0.45,-65.8,-51.0,23.6,39.0,-95.2,7.8,0.0,120.0,1
D002414,5.1,1253.0,1.22,29.0,0.45,-65.9,-51.1,24.8,46.0,-94.7,9.3,0.0,118.0,1
D002415,3.8,1265.0,1.31,28.5,0.38,-63.8,-54.0,24.1,44.0,-98.6,12.9,0.0,132.0,1
D002416,5.9,1346.0,0.98,39.5,0.63,-60.8,-54.8,27.6,31.0,-95.5,20.3,1.0,118.0,0
D002417,5.2,1114.0,1.05,27.5,0.44,-65.0,-49.5,24.7,40.0,-96.1,8.7,0.0,128.0,1
D002418,3.8,1171.0,1.03,28.5,0.48,-65.9,-50.6,22.1,36.0,-94.9,10.2,1.0,131.0,1
D002419,5.7,1178.0,1.31,33.5,0.44,-67.6,-53.7,23.0,48.0,-99.2,12.3,1.0,141.0,1
D002420,3.3,1240.0,1.31,23.5,0.55,-62.8,-46.8,29.0,32.0,-95.1,23.5,1.0,135.0,0
D002421,5.7,1135.0,1.14,32.0,0.4,-63.8,-49.3,24.8,40.0,-96.0,10.5,0.0,133.0,1
D002422,4.6,1201.0,1.04,28.0,0.48,-65.9,-51.2,24.7,42.0,-95.5,3.8,0.0,127.0,1
D002423,4.9,1129.0,1.08,28.0,0.47,-65.1,-50.8,,48.0,-93.3,11.0,1.0,124.0,0
D002424,4.4,1147.0,1.12,27.5,0.5,-65.8,-48.3,24.3,47.0,-95.0,12.0,0.0,124.0,1
D002425,3.1,1065.0,1.53,25.0,0.6,-68.3,-51.9,27.8,40.0,-92.9,10.0,1.0,136.0,0
D002426,4.6,1245.0,1.04,29.0,0.45,-66.0,-49.8,20.8,40.0,-95.0,9.0,0.0,136.0,1
D002427,4.1,1385.0,1.03,23.5,0.38,-64.5,-47.1,27.2,60.0,-98.1,6.3,0.0,112.0,0
D002428,4.7,1183.0,1.15,30.5,0.53,-66.4,-49.9,24.3,42.0,-95.7,12.1,0.0,133.0,1
D002429,5.6,1174.0,1.2,30.0,0.48,-66.2,-48.2,22.0,42.0,-95.4,10.7,0.0,122.0,1
D002430,6.5,1296.0,1.19,29.5,0.63,-62.9,-53.5,26.4,59.0,-97.3,8.4,,149.0,1
D002431,4.5,1119.0,1.15,27.0,0.52,-64.1,-49.1,24.1,44.0,-92.7,11.7,0.0,123.0,1
D002432,5.2,1121.0,1.11,30.5,0.48,-63.8,-50.0,23.9,38.0,-93.9,13.0,0.0,130.0,1
D002433,5.2,1213.0,1.02,32.0,0.44,-65.4,-48.5,24.7,44.0,-97.1,,1.0,131.0,1
D002434,5.1,1240.0,1.17,28.5,0.44,-65.4,-50.3,24.3,42.0,-95.2,9.3,0.0,128.0,0
D002435,4.5,1145.0,1.08,26.0,0.46,-67.4,-50.6,21.9,43.0,-95.6,10.0,0.0,133.0,1
D002436,4.9,1140.0,1.09,30.0,0.43,-65.2,-48.4,24.0,45.0,-94.5,11.2,1.0,130.0,0
D002437,5.5,1183.0,1.02,28.5,0.44,-63.0,-49.8,,48.0,-97.2,10.0,,138.0,1
D002438,6.2,1139.0,1.23,39.0,0.55,-68.5,-51.6,22.2,38.0,-97.7,9.8,0.0,140.0,1
D002439,5.4,1298.0,1.33,20.0,0.66,-62.8,-54.1,25.0,32.0,-94.3,7.0,1.0,125.0,0
D002440,5.8,1153.0,1.03,34.0,0.31,-69.2,-51.0,25.5,47.0,-94.6,18.7,1.0,113.0,0
D002441,4.0,1154.0,0.87,36.0,0.38,-64.2,-48.1,20.1,37.0,-99.9,14.7,1.0,108.0,0
D002442,4.8,1175.0,1.17,27.5,0.54,-64.2,-49.0,22.4,48.0,-96.3,7.1,1.0,126.0,1
D002443,5.4,1137.0,1.09,28.5,0.52,-64.7,-48.5,24.9,48.0,-94.9,8.9,0.0,134.0,1
D002444,4.7,1267.0,1.06,31.5,0.43,-66.3,-48.4,22.0,42.0,-94.5,9.6,0.0,125.0,1
D002445,5.2,1202.0,1.04,28.0,0.4,-66.3,-49.6,23.8,46.0,-95.1,8.2,1.0,120.0,1
D002446,5.2,1152.0,1.02,30.0,0.46,-64.2,-50.6,24.9,41.0,-94.5,7.1,0.0,132.0,1
D002447,5.8,1171.0,1.06,40.0,0.64,-67.6,-46.3,23.6,43.0,-96.6,11.2,1.0,133.0,1
D002448,4.3,1166.0,0.99,27.0,0.39,-65.6,-50.2,23.9,50.0,-94.8,8.4,0.0,132.0,1
D002449,3.0,1017.0,1.19,40.0,0.59,-67.4,-52.1,21.9,45.0,-98.0,12.2,1.0,119.0,0
D002450,5.1,1234.0,1.21,26.5,0.47,-66.2,-50.6,23.8,39.0,-96.4,9.5,,129.0,1
D002451,4.7,1205.0,1.05,27.5,0.55,,-49.6,24.2,38.0,-93.6,8.5,1.0,132.0,1
D002452,5.5,1234.0,1.11,30.0,0.49,-66.3,-49.7,24.5,39.0,-92.3,7.3,0.0,126.0,1
D002453,5.5,1174.0,0.8,35.0,0.49,-61.0,-48.2,25.6,,-95.3,17.7,1.0,117.0,1
D002454,4.3,1052.0,1.59,27.0,0.64,-62.7,-45.1,25.1,52.0,-91.7,12.5,1.0,131.0,0
D002455,5.0,1179.0,0.93,28.5,0.47,-67.8,-50.1,23.4,47.0,-94.8,5.7,0.0,127.0,1
D002456,4.8,1194.0,1.1,29.0,0.5,-64.9,-50.7,25.0,37.0,-95.9,10.3,0.0,125.0,1
D002457,5.0,1112.0,1.04,31.5,0.49,-63.5,-50.8,25.6,45.0,-95.2,9.2,1.0,132.0,1
D002458,4.5,1122.0,1.19,28.5,0.47,-63.6,-50.3,24.1,45.0,-97.0,7.2,0.0,124.0,0
D002459,4.8,1177.0,1.05,27.0,0.5,-64.6,-49.4,22.6,40.0,-95.0,3.3,1.0,120.0,0
D002460,4.7,1393.0,1.59,32.5,0.65,-64.6,-48.3,22.0,46.0,-95.7,12.5,1.0,136.0,0
D002461,4.8,1177.0,1.08,30.5,0.44,-65.7,-49.8,24.9,41.0,-96.8,8.4,0.0,122.0,1
D002462,4.6,1175.0,1.09,31.5,0.46,-66.1,-50.2,23.8,42.0,-95.5,7.1,0.0,125.0,1
D002463,6.6,,1.34,21.5,0.34,-61.9,-50.9,22.2,34.0,-95.4,3.6,0.0,140.0,1
D002464,4.9,1274.0,1.2,31.5,0.47,-66.0,-50.2,24.3,,-96.2,12.4,0.0,131.0,1
D002465,6.5,1112.0,1.55,21.5,0.64,-65.9,-50.2,22.0,59.0,-95.0,16.7,0.0,140.0,0
D002466,4.1,1151.0,1.12,,0.58,-65.1,-49.7,23.9,40.0,-96.2,10.6,0.0,121.0,1
D002467,4.8,1208.0,1.23,33.5,0.5,-64.8,-49.2,23.6,44.0,-95.4,8.4,1.0,124.0,1
D002468,,1219.0,1.24,30.0,0.49,-65.9,-50.2,26.3,40.0,-96.2,11.6,1.0,129.0,1
D002469,4.5,1240.0,1.07,28.0,0.46,,-51.1,23.8,43.0,-94.7,8.1,1.0,128.0,0
D002470,4.6,1213.0,1.26,29.0,,-65.4,-50.4,22.6,46.0,-95.6,5.9,1.0,127.0,1
D002471,4.1,1137.0,1.12,24.0,0.46,-65.1,-50.1,25.8,,-96.6,8.8,1.0,124.0,0
D002472,5.6,1137.0,1.03,27.5,0.47,-66.8,-51.6,23.7,42.0,-95.6,9.0,0.0,126.0,1
D002473,4.2,1152.0,1.02,30.5,0.48,-65.2,-49.8,26.0,48.0,-93.8,8.6,1.0,125.0,1
D002474,5.1,1200.0,1.14,27.5,0.5,-64.3,-49.7,22.8,41.0,-95.6,10.9,1.0,137.0,1
D002475,4.2,1190.0,1.16,30.0,0.52,-65.9,-50.0,22.9,43.0,-94.6,8.6,1.0,122.0,1
D002476,4.3,1124.0,1.04,27.5,0.52,-65.7,-50.3,23.5,46.0,-95.5,12.4,1.0,133.0,1
D002477,6.5,1223.0,1.37,32.5,0.39,-69.5,-53.7,26.4,50.0,-94.5,22.8,0.0,109.0,1
D002478,4.6,1169.0,0.89,27.5,0.49,-64.6,-52.1,25.1,45.0,-95.8,,0.0,128.0,1
D002479,5.0,1204.0,1.03,31.0,0.47,-65.0,-48.7,23.5,45.0,-95.6,,0.0,123.0,1
D002480,5.5,1198.0,1.34,22.5,0.47,-60.8,-49.9,27.9,40.0,,18.3,1.0,139.0,0
D002481,6.4,1122.0,1.27,37.0,0.33,-60.4,-48.9,27.4,39.0,-99.8,18.9,0.0,,0
D002482,6.0,1046.0,1.36,23.0,0.64,-62.4,-48.6,23.8,39.0,-92.3,6.5,1.0,144.0,1
D002483,5.7,1173.0,1.14,26.0,0.46,-64.8,-49.3,23.4,46.0,-94.9,10.0,1.0,131.0,1
D002484,5.8,1206.0,1.14,27.0,0.52,-61.4,-52.8,29.9,45.0,-91.4,14.6,1.0,147.0,0
D002485,4.2,1190.0,1.56,21.0,0.65,-62.3,-50.2,29.7,43.0,-91.6,6.9,1.0,111.0,0
D002486,3.5,1003.0,1.42,38.5,0.62,-64.1,-45.9,27.5,45.0,-91.4,17.4,1.0,106.0,0
D002487,4.9,1248.0,1.26,34.5,0.5,,-47.8,25.1,49.0,-96.1,8.1,1.0,128.0,1
D002488,4.5,1210.0,1.04,27.5,0.48,-65.7,-49.0,25.3,44.0,-96.6,7.9,1.0,131.0,1
D002489,5.3,1001.0,1.46,28.0,0.47,-69.7,-50.2,24.2,44.0,-91.1,21.6,1.0,138.0,0
D002490,5.2,1092.0,0.95,25.5,0.45,-63.2,-47.6,30.0,34.0,-92.0,14.2,1.0,131.0,0
D002491,5.2,1174.0,1.06,29.5,0.47,-67.4,-50.3,24.5,47.0,-94.5,11.7,1.0,129.0,0
D002492,6.2,1083.0,1.13,25.5,0.48,-67.9,-52.8,26.5,46.0,-90.8,5.7,0.0,134.0,1
D002493,3.5,1338.0,1.16,24.5,0.43,-68.9,-50.6,22.9,43.0,-92.6,15.6,0.0,123.0,0
D002494,4.3,1149.0,1.05,28.5,0.47,-65.3,-48.0,25.0,43.0,-95.8,11.7,0.0,127.0,1
D002495,4.0,1158.0,0.99,27.5,0.48,-66.7,-49.2,24.2,42.0,-94.8,10.4,1.0,130.0,1
D002496,3.9,1297.0,1.54,31.0,0.65,-66.0,-46.0,28.4,48.0,-92.9,14.0,0.0,133.0,0
D002497,3.8,1261.0,1.57,23.0,0.48,-64.6,-48.6,20.5,38.0,-94.6,15.1,0.0,110.0,0
D002498,5.2,1217.0,1.06,27.0,0.48,-65.2,-50.4,22.5,47.0,-97.5,11.7,0.0,134.0,1
D002499,6.2,1262.0,1.0,35.0,0.47,-63.2,-50.8,20.1,43.0,-99.9,4.4,1.0,110.0,1
D002500,5.4,1182.0,1.28,27.0,0.68,-69.4,-53.7,26.1,31.0,-91.1,7.0,1.0,119.0,0
D002501,5.4,1196.0,1.02,30.0,0.52,-64.6,-51.0,22.3,47.0,-96.2,8.3,0.0,134.0,1
D002502,5.3,1213.0,0.99,29.5,0.45,-65.8,-49.4,22.6,42.0,-94.2,5.3,1.0,135.0,1
D002503,4.7,1182.0,1.06,31.5,0.54,-65.6,-49.2,24.0,42.0,-96.2,11.0,1.0,126.0,1
D002504,6.8,1001.0,1.01,29.5,0.68,-68.4,-51.3,28.8,47.0,-94.5,,1.0,134.0,0
D002505,4.9,1167.0,1.07,30.0,0.48,-64.6,-50.2,24.3,45.0,-95.6,8.4,0.0,131.0,1
D002506,5.3,1213.0,1.13,,0.49,-65.0,-50.1,23.0,43.0,-96.3,7.5,0.0,128.0,1
D002507,4.5,1185.0,1.27,26.0,0.49,-65.0,-49.4,23.7,49.0,-95.7,7.1,1.0,141.0,0
D002508,5.7,1105.0,1.09,27.0,0.51,-63.7,-51.3,24.4,49.0,-95.2,8.0,0.0,124.0,1
D002509,5.1,1019.0,1.51,21.5,0.36,-63.0,-48.5,22.8,43.0,-93.3,9.6,1.0,139.0,0
D002510,6.3,1166.0,1.02,21.0,0.38,-62.2,-46.8,24.1,,-95.0,23.1,0.0,129.0,0
D002511,4.2,1151.0,1.15,27.5,0.47,-67.1,-51.3,22.2,41.0,-96.1,6.2,0.0,120.0,1
D002512,5.2,1163.0,1.06,26.5,0.46,-66.8,-49.7,24.9,46.0,-96.7,6.3,1.0,131.0,1
D002513,3.6,1262.0,1.26,39.5,0.41,-67.5,-49.2,26.7,36.0,-97.8,3.7,1.0,119.0,1
D002514,5.0,1121.0,1.05,31.0,0.53,-64.7,-50.4,22.7,44.0,-95.9,6.6,0.0,129.0,1
D002515,5.1,1221.0,0.96,28.0,0.52,-65.5,-47.9,25.8,48.0,-93.7,10.8,0.0,127.0,1
D002516,6.5,1038.0,0.87,24.5,0.46,-65.0,-52.4,23.2,40.0,-98.8,22.0,0.0,138.0,0
D002517,4.5,1173.0,0.95,29.5,0.42,-65.0,-49.8,22.7,39.0,-93.1,9.1,0.0,125.0,1
D002518,4.9,1205.0,1.13,30.5,0.45,-67.0,-50.3,23.9,41.0,-92.1,7.7,1.0,125.0,1
D002519,4.1,1144.0,1.47,27.5,0.48,-69.5,-48.8,20.5,58.0,-99.6,17.5,1.0,139.0,0
D002520,4.6,,1.16,29.0,0.48,-64.7,-48.8,24.4,41.0,-95.4,10.5,1.0,124.0,1
D002521,4.8,1224.0,0.99,27.0,0.51,-64.2,-49.2,24.4,41.0,-95.7,6.6,1.0,123.0,1
D002522,4.5,1222.0,1.12,31.0,0.4,-64.5,-50.5,24.2,,-96.1,11.4,0.0,138.0,1
D002523,3.6,1372.0,1.51,33.0,0.5,-61.0,-51.0,24.3,53.0,-92.9,23.4,1.0,141.0,0
D002524,5.6,1094.0,1.58,21.0,0.36,-68.8,-52.3,28.0,30.0,-95.0,4.2,1.0,129.0,0
D002525,4.4,1079.0,1.07,28.5,0.52,-66.1,-48.9,23.1,47.0,-96.9,9.5,0.0,,1
D002526,4.4,1213.0,1.1,28.5,0.54,-65.9,-49.3,24.5,51.0,-96.8,7.4,0.0,132.0,1
D002527,4.7,1224.0,1.07,27.0,0.51,-65.0,-50.2,24.0,42.0,-96.4,8.3,0.0,125.0,1
D002528,5.4,1215.0,1.12,28.5,0.46,-66.5,-50.3,23.4,41.0,-94.8,12.6,0.0,126.0,1
D002529,4.3,1155.0,1.02,29.5,0.48,-64.0,-49.5,23.3,43.0,-94.3,10.6,0.0,129.0,1
D002530,4.6,1216.0,1.23,30.0,0.53,-66.5,-48.4,23.0,41.0,-96.6,11.0,1.0,144.0,1
D002531,4.3,1137.0,1.14,29.0,0.5,-64.4,-49.8,25.7,40.0,-95.4,10.8,1.0,129.0,1
D002532,4.9,1200.0,1.23,27.5,0.57,-65.0,-49.8,,43.0,-95.4,4.1,0.0,130.0,1
D002533,6.8,1176.0,1.3,37.0,0.51,-67.2,-54.6,20.7,39.0,,9.9,0.0,103.0,1
D002534,5.6,1138.0,1.1,28.0,0.5,-64.7,-50.4,22.2,41.0,-93.5,8.4,0.0,121.0,1
D002535,5.0,1239.0,1.04,30.5,0.49,-65.8,-51.0,24.6,39.0,-94.0,7.4,0.0,130.0,1
D002536,5.6,1280.0,0.91,32.0,0.67,-64.6,-49.5,25.1,37.0,-94.8,22.6,1.0,113.0,0
D002537,5.5,1136.0,1.1,29.5,0.48,-63.7,-51.0,25.5,42.0,-95.3,9.2,,127.0,0
D002538,4.7,1187.0,1.1,28.5,0.45,-66.0,-49.0,23.9,,-95.3,9.9,0.0,125.0,1
D002539,4.4,1152.0,1.12,27.0,0.46,-65.5,-48.8,23.0,43.0,-95.9,9.2,0.0,123.0,1
D002540,4.5,1166.0,1.13,27.0,0.49,-66.9,-49.1,23.4,,-95.6,10.3,1.0,129.0,1
D002541,5.4,1003.0,1.3,33.5,0.44,-67.8,-46.0,28.4,31.0,-98.1,3.5,1.0,129.0,1
D002542,5.2,1216.0,1.3,27.5,0.48,-65.5,-49.0,23.3,42.0,-94.8,8.9,0.0,132.0,1
D002543,4.3,1248.0,1.29,24.0,0.47,-63.0,-48.0,20.1,41.0,-94.3,5.2,0.0,107.0,0
D002544,6.1,1129.0,1.11,36.0,0.66,-62.8,-53.5,28.7,48.0,-95.7,20.9,1.0,126.0,0
D002545,4.7,1132.0,1.09,30.0,0.52,-66.1,-50.6,23.0,49.0,-96.0,9.4,0.0,121.0,1
D002546,4.9,1200.0,1.17,26.5,0.38,-65.6,-49.3,25.1,44.0,-96.8,8.4,0.0,138.0,0
D002547,4.8,1193.0,1.24,27.0,0.53,-64.7,-51.5,24.5,47.0,-95.1,13.8,1.0,,1
D002548,4.6,1142.0,1.16,26.0,0.45,-65.3,-49.6,23.3,40.0,-98.1,10.2,1.0,125.0,1
D002549,4.8,1130.0,1.18,26.5,0.46,-65.7,-49.9,24.0,41.0,-95.7,10.7,0.0,129.0,1
D002550,3.4,1218.0,0.96,32.5,0.58,-67.6,-47.1,21.2,36.0,-95.7,18.5,0.0,116.0,0
D002551,5.9,1259.0,0.98,28.5,0.35,-68.4,-48.1,26.9,34.0,-98.7,16.9,1.0,102.0,1
D002552,4.7,1127.0,1.18,28.5,0.46,-64.5,-49.9,25.2,45.0,-95.1,6.0,0.0,133.0,1
D002553,4.5,1211.0,1.19,30.0,0.41,-64.2,-52.7,25.4,42.0,,5.9,0.0,130.0,1
D002554,5.0,1166.0,1.21,27.5,0.49,-66.4,-51.5,23.3,42.0,-94.8,12.0,1.0,138.0,1
D002555,4.4,1011.0,1.45,31.5,0.32,-60.9,-52.5,,36.0,-92.7,12.3,0.0,122.0,0
D002556,4.7,1189.0,1.09,28.5,0.45,-65.1,-51.8,24.8,41.0,-94.5,11.0,1.0,127.0,1
D002557,5.0,,1.04,31.5,0.4,-64.9,-51.5,21.8,46.0,-94.8,9.4,0.0,123.0,1
D002558,5.4,1142.0,1.2,29.0,0.42,-64.2,-49.6,23.3,48.0,-96.1,7.0,1.0,121.0,1
D002559,4.9,1162.0,1.12,25.0,0.51,-65.2,-50.2,23.5,42.0,-94.8,10.5,1.0,133.0,0
D002560,4.5,1259.0,1.07,29.5,0.47,-65.5,-50.6,23.3,48.0,-97.5,10.1,0.0,134.0,1
D002561,6.5,1060.0,1.44,39.5,0.67,-64.3,-51.3,24.5,35.0,-93.7,19.2,1.0,128.0,0
D002562,3.8,1320.0,1.29,20.0,0.32,-68.6,-47.0,27.9,39.0,-92.0,2.8,1.0,146.0,0
D002563,4.5,1153.0,1.16,29.0,0.48,-64.2,-50.1,25.0,37.0,-93.2,6.3,0.0,130.0,1
D002564,4.8,1275.0,1.03,27.0,0.49,-65.4,-50.5,25.2,46.0,-98.2,11.5,1.0,121.0,1
D002565,5.1,1166.0,1.14,29.5,0.44,-65.2,-51.1,23.5,45.0,-96.5,11.6,1.0,117.0,1
D002566,4.0,1154.0,1.0,32.0,0.52,-63.8,-49.9,23.5,46.0,-93.5,7.9,0.0,124.0,1
D002567,4.2,1189.0,1.13,25.5,0.46,-66.1,-50.3,23.3,41.0,-97.8,7.0,1.0,129.0,0
D002568,5.2,1193.0,1.15,29.0,0.49,-65.6,-49.7,25.2,51.0,-94.1,15.1,1.0,137.0,1
D002569,4.3,1127.0,1.01,27.0,0.49,-66.4,-50.4,25.6,46.0,-95.0,9.0,0.0,129.0,1
D002570,3.3,1250.0,0.84,26.0,0.4,-66.4,-53.2,23.7,40.0,-92.9,1.2,1.0,114.0,0
D002571,3.8,1196.0,1.32,29.5,0.51,-64.5,-52.2,26.0,39.0,-90.5,9.3,0.0,111.0,0
D002572,5.5,1127.0,1.52,39.5,0.47,-60.2,-46.4,23.3,48.0,-92.2,13.3,0.0,111.0,0
D002573,4.3,1238.0,1.17,29.0,0.48,-64.1,-51.2,23.8,44.0,-96.0,10.2,0.0,125.0,1
D002574,4.5,1230.0,1.11,,0.5,,-50.2,24.3,45.0,-95.8,9.7,1.0,124.0,1
D002575,4.7,1352.0,0.93,26.0,0.45,-68.1,,26.0,46.0,-95.2,21.3,0.0,140.0,1
D002576,6.4,1352.0,0.91,29.0,0.52,-60.6,-47.6,23.9,32.0,-92.2,19.2,1.0,127.0,1
D002577,4.7,1133.0,1.05,28.5,0.46,,-50.2,23.1,45.0,-95.9,8.3,0.0,131.0,0
D002578,5.6,1183.0,1.18,29.5,0.45,-66.1,-50.4,25.6,45.0,,8.3,1.0,124.0,1
D002579,4.3,1223.0,1.13,27.0,0.51,-65.1,-49.5,24.2,39.0,-95.1,12.1,1.0,125.0,1
D002580,6.8,1350.0,0.8,27.0,0.51,-60.7,-53.5,23.9,50.0,-90.4,0.9,0.0,,1
D002581,4.7,1199.0,1.08,32.0,0.51,-64.6,-49.9,25.4,43.0,-95.9,10.5,0.0,119.0,1
D002582,5.3,1206.0,0.94,31.0,0.55,-66.1,-48.3,25.3,41.0,-96.3,10.2,1.0,133.0,1
D002583,4.9,1217.0,1.27,28.5,0.52,-66.8,-50.1,25.3,40.0,-96.0,6.9,1.0,116.0,1
D002584,5.2,1180.0,1.01,30.5,0.54,-68.1,-51.5,23.3,44.0,-94.5,13.0,1.0,128.0,1
D002585,5.3,1262.0,1.14,29.5,0.44,-64.4,-51.0,23.9,45.0,-95.1,9.9,0.0,137.0,1
D002586,6.8,1150.0,1.41,27.5,0.6,-65.5,-54.2,24.6,31.0,-97.5,3.2,0.0,127.0,1
D002587,4.3,1142.0,1.01,31.0,0.5,-66.4,-49.6,24.7,45.0,-94.4,9.6,0.0,127.0,1
D002588,4.6,1108.0,1.02,26.0,0.49,-65.9,-50.8,23.6,40.0,-96.5,11.1,0.0,136.0,1
D002589,4.8,1122.0,1.24,34.0,0.48,-66.6,-49.9,23.6,40.0,-97.0,10.6,0.0,128.0,1
D002590,4.9,1150.0,1.14,30.0,0.49,-64.1,-50.9,24.7,41.0,-94.8,7.5,0.0,120.0,0
D002591,4.4,1238.0,1.2,25.0,0.5,-64.8,-50.1,26.2,46.0,-95.1,9.0,1.0,118.0,0
D002592,5.7,1237.0,1.09,26.5,,-66.5,-50.3,22.7,46.0,-94.5,12.1,0.0,124.0,1
D002593,5.5,1013.0,0.81,22.0,0.37,-62.2,-49.4,22.8,34.0,-95.4,4.1,0.0,110.0,1
D002594,4.6,1160.0,1.14,27.0,0.48,-63.5,-49.6,23.6,42.0,-94.4,10.1,0.0,120.0,0
D002595,4.5,1154.0,1.1,30.5,0.52,-66.1,-49.6,25.2,45.0,,9.5,1.0,125.0,1
D002596,4.8,1153.0,1.0,33.5,0.53,-66.8,-50.9,23.8,41.0,-96.7,12.3,0.0,129.0,1
D002597,6.1,1232.0,1.07,21.0,0.4,-66.4,-50.7,25.2,,-93.0,17.6,0.0,129.0,1
D002598,5.4,1097.0,1.04,30.0,0.52,-64.7,-51.1,24.7,46.0,-94.3,10.0,0.0,133.0,1
D002599,4.1,1094.0,1.28,36.5,0.51,-64.4,-49.6,24.9,50.0,-99.1,3.9,1.0,109.0,0
D002600,3.6,1023.0,1.02,27.5,0.58,-65.1,-54.5,28.6,33.0,-98.7,21.4,1.0,104.0,0
D002601,6.8,1341.0,1.21,37.5,0.68,-65.5,-48.3,25.1,59.0,-98.8,22.8,1.0,145.0,1
D002602,6.7,1251.0,1.3,39.5,0.36,-66.7,-48.7,24.9,52.0,-95.3,15.5,1.0,122.0,1
D002603,5.4,1108.0,1.09,28.5,0.52,-65.0,-50.2,24.5,44.0,-93.2,8.3,0.0,125.0,1
D002604,4.4,1163.0,1.0,28.5,0.46,-65.7,-52.7,23.5,42.0,-94.1,9.6,1.0,136.0,1
D002605,6.7,1234.0,1.11,23.0,0.6,-65.3,-51.8,28.1,43.0,-93.3,10.8,1.0,105.0,1
D002606,5.0,1129.0,1.01,30.5,0.46,-66.4,-50.3,24.2,43.0,-97.2,10.7,,134.0,1
D002607,6.4,1261.0,1.29,38.0,0.34,-66.6,-46.3,22.6,48.0,-90.1,6.0,1.0,115.0,1
D002608,4.4,1174.0,1.14,29.0,0.49,-65.0,-50.6,25.8,47.0,-97.0,6.5,0.0,125.0,1
D002609,4.7,1155.0,1.12,32.5,,-65.4,-50.3,24.6,41.0,-95.9,9.9,0.0,119.0,1
D002610,5.0,1224.0,1.21,31.0,0.53,-65.4,-49.1,22.9,38.0,-96.5,8.1,1.0,131.0,1
D002611,5.0,1120.0,1.1,28.5,0.57,-65.8,-49.2,25.5,44.0,-95.7,10.9,0.0,136.0,1
D002612,3.0,1101.0,1.41,26.5,0.66,-63.9,-54.0,23.3,37.0,-92.1,10.9,1.0,122.0,0
D002613,6.2,1088.0,0.98,27.0,0.53,-61.2,-50.0,29.7,57.0,-90.2,13.6,0.0,116.0,0
D002614,5.3,,1.15,31.0,0.48,-63.5,-51.8,23.3,44.0,,10.4,1.0,132.0,1
D002615,4.7,1158.0,0.99,28.0,,-65.5,-50.8,25.6,45.0,-97.0,7.2,1.0,130.0,1
D002616,4.1,1091.0,1.13,38.0,0.38,-67.1,-55.0,23.9,52.0,-98.6,17.5,1.0,129.0,0
D002617,5.2,1209.0,1.01,29.0,0.46,-67.1,-49.5,23.5,48.0,,8.8,1.0,138.0,1
D002618,6.1,1011.0,1.17,26.5,0.6,-60.1,-45.8,27.9,51.0,-90.0,18.9,0.0,142.0,0
D002619,4.6,1212.0,1.04,25.5,0.53,-66.4,-50.2,22.9,43.0,-94.2,10.6,0.0,141.0,1
D002620,4.4,1158.0,0.98,40.0,0.63,-61.9,-50.1,25.4,60.0,,10.3,1.0,144.0,0
D002621,5.5,1092.0,1.59,30.5,0.46,-67.9,-51.4,29.6,43.0,-92.3,2.5,1.0,103.0,0
D002622,6.3,1376.0,1.47,37.0,0.39,-61.6,-45.1,26.8,42.0,-98.9,,1.0,102.0,1
D002623,6.3,1001.0,1.27,29.0,0.68,-61.4,-53.8,24.6,52.0,-96.9,17.2,1.0,123.0,0
D002624,6.2,1109.0,1.22,40.0,0.68,-68.1,-54.5,20.9,58.0,-91.0,18.8,1.0,121.0,1
D002625,5.1,1342.0,1.02,38.5,0.51,-61.9,-47.9,22.1,55.0,-92.7,0.9,1.0,131.0,1
D002626,4.5,1183.0,1.06,25.0,0.43,-64.7,-48.7,25.1,44.0,-96.2,4.9,0.0,132.0,1
D002627,4.3,1185.0,1.08,29.0,0.45,-67.0,-50.1,26.0,46.0,-94.7,7.3,1.0,129.0,1
D002628,4.1,1269.0,1.27,28.0,0.54,-69.4,-49.4,29.1,36.0,-93.8,23.8,,113.0,0
D002629,5.2,1243.0,1.02,28.0,0.49,-65.4,-51.6,24.1,40.0,-94.3,6.1,,129.0,1
D002630,4.7,1135.0,1.05,29.5,0.54,-66.3,-49.7,24.8,45.0,-95.4,9.4,0.0,131.0,0
D002631,4.6,1148.0,1.09,27.5,0.5,-65.7,-50.6,23.5,41.0,-94.7,7.6,1.0,130.0,1
D002632,4.7,1159.0,1.27,26.0,0.48,-65.8,-49.8,23.9,46.0,-94.9,6.6,1.0,133.0,1
D002633,4.4,1212.0,1.15,30.0,0.51,-68.1,-48.6,24.0,48.0,-96.1,12.0,1.0,129.0,1
D002634,6.3,1170.0,1.13,28.5,0.58,-68.6,-48.7,27.1,52.0,-93.8,12.9,1.0,132.0,1
D002635,4.6,1212.0,1.1,27.5,0.54,-65.0,-50.1,25.0,43.0,-96.7,5.5,0.0,128.0,1
D002636,4.8,1091.0,1.11,24.5,0.49,-65.8,-50.9,23.8,43.0,-97.0,9.7,0.0,132.0,1
D002637,3.3,1018.0,1.12,33.0,0.38,,-50.5,20.9,46.0,-97.8,16.9,0.0,149.0,0
D002638,5.1,1190.0,1.13,25.5,0.43,-66.1,-51.5,22.4,47.0,-96.7,3.2,0.0,126.0,1
D002639,4.0,1298.0,1.37,39.0,0.53,-65.0,-52.6,23.5,39.0,-96.9,22.0,0.0,121.0,1
D002640,4.8,1205.0,1.07,29.5,,-65.3,-51.2,25.8,49.0,-95.3,4.1,1.0,128.0,1
D002641,4.7,1149.0,1.03,32.0,0.5,-63.9,-50.9,23.3,42.0,-92.6,12.3,0.0,125.0,1
D002642,5.2,1076.0,1.28,26.0,0.44,-62.8,-51.6,27.3,38.0,-93.4,20.2,0.0,140.0,0
D002643,4.7,1248.0,1.06,30.5,0.46,-66.7,-49.3,26.7,40.0,-94.6,7.1,1.0,133.0,1
D002644,5.1,1222.0,1.18,31.5,0.5,-65.9,-49.4,24.5,41.0,-95.8,6.9,0.0,129.0,1
D002645,4.9,1205.0,1.12,32.0,0.44,-67.2,-50.9,25.1,43.0,-96.0,13.3,1.0,126.0,1
D002646,4.7,1181.0,1.16,28.5,0.51,-65.7,-50.4,25.7,47.0,-93.7,9.9,0.0,135.0,1
D002647,5.3,1356.0,1.35,33.5,0.39,-61.1,-47.1,23.7,33.0,-99.7,1.1,0.0,134.0,1
D002648,4.9,1394.0,1.59,31.0,0.45,-62.4,-48.7,20.2,44.0,-95.8,12.6,0.0,105.0,0
D002649,4.8,1035.0,1.02,29.5,0.44,-61.9,-53.4,26.5,42.0,-97.3,18.6,1.0,126.0,0
D002650,5.4,1372.0,1.32,23.0,0.64,-62.6,-45.2,25.7,49.0,-92.1,3.8,1.0,120.0,0
D002651,4.6,1239.0,1.05,29.0,0.41,-66.5,-50.7,23.9,45.0,-95.6,12.1,0.0,119.0,1
D002652,4.7,1176.0,1.09,29.5,,-64.4,-50.0,24.6,41.0,-97.2,13.4,0.0,121.0,0
D002653,4.8,1134.0,1.0,29.5,0.48,-66.3,-50.5,26.0,36.0,-95.0,10.5,0.0,128.0,1
D002654,4.9,1157.0,1.08,30.5,0.54,-64.1,-49.6,23.9,44.0,-96.7,14.3,0.0,129.0,1
D002655,5.9,1155.0,1.51,38.5,0.41,,-53.9,26.3,46.0,-96.6,8.0,0.0,119.0,1
D002656,6.9,1371.0,1.36,28.5,0.46,-63.8,-46.8,29.2,53.0,-97.3,23.0,0.0,143.0,0
D002657,3.4,1180.0,1.17,21.5,0.46,-66.0,-47.7,21.3,40.0,-97.2,1.2,1.0,129.0,0
D002658,5.4,1189.0,1.15,29.0,0.5,-65.6,-49.6,23.8,48.0,-96.0,8.8,1.0,110.0,1
D002659,4.2,1163.0,1.1,29.5,0.5,-66.2,-48.6,24.6,44.0,-95.9,11.3,1.0,127.0,1
D002660,4.6,1168.0,1.04,30.0,0.52,-66.3,-51.3,25.2,43.0,-94.9,9.8,1.0,127.0,1
D002661,5.2,1169.0,1.13,31.0,0.41,-66.2,-48.7,24.5,51.0,,8.7,1.0,134.0,1
D002662,5.6,1259.0,1.07,28.0,0.54,-65.7,-48.8,24.4,36.0,-95.3,9.1,0.0,128.0,1
D002663,5.0,1193.0,1.04,,0.52,-65.9,-51.4,21.0,43.0,-98.0,5.1,1.0,132.0,1
D002664,4.1,1145.0,1.05,31.5,0.45,-64.9,-51.7,23.2,43.0,-96.0,9.3,0.0,118.0,1
D002665,5.1,1165.0,1.04,31.0,0.51,-65.9,-50.4,23.7,,-95.3,10.9,1.0,134.0,1
D002666,3.7,1061.0,1.03,38.5,0.46,-60.3,,23.6,53.0,-97.3,4.0,0.0,135.0,1
D002667,5.5,1075.0,0.96,27.5,0.5,-68.6,-47.8,26.6,52.0,-93.0,5.7,1.0,116.0,1
D002668,4.7,1170.0,1.08,30.0,0.47,-67.1,-51.5,23.0,40.0,-95.1,7.4,1.0,137.0,1
D002669,4.0,1201.0,1.12,28.5,0.49,-66.1,-50.7,23.0,47.0,-93.9,6.2,0.0,125.0,0
D002670,5.2,1204.0,1.08,31.0,0.44,-65.6,-50.2,24.9,45.0,-95.5,4.7,1.0,122.0,1
D002671,4.0,1223.0,1.11,30.5,,-65.2,-49.3,23.2,43.0,-96.7,11.4,1.0,123.0,0
D002672,5.0,1206.0,1.19,25.5,0.45,-64.4,-51.1,23.9,46.0,-96.3,4.6,0.0,121.0,1
D002673,6.5,1238.0,1.15,31.5,0.62,-67.8,-49.6,29.9,50.0,-91.3,6.6,0.0,139.0,1
D002674,4.7,1195.0,1.27,29.5,0.44,-65.2,-50.6,24.2,42.0,-95.2,12.1,0.0,130.0,1
D002675,3.2,1260.0,1.46,24.0,0.57,-67.9,-49.7,26.8,57.0,-94.1,14.9,1.0,145.0,0
D002676,4.1,1136.0,1.18,30.5,0.52,-66.1,-49.7,25.2,47.0,-95.7,8.5,1.0,136.0,0
D002677,5.1,1146.0,1.09,28.5,0.44,-66.4,-49.9,23.3,42.0,-96.4,9.7,1.0,133.0,1
D002678,5.2,1154.0,1.05,31.0,0.36,-63.9,-50.0,30.0,56.0,-97.9,9.6,0.0,114.0,0
D002679,5.2,1185.0,1.11,28.5,0.55,-64.7,-50.7,24.3,42.0,-94.6,8.3,,127.0,1
D002680,4.8,1176.0,1.53,39.5,0.63,-68.6,-45.8,25.5,60.0,-95.9,13.1,0.0,111.0,0
D002681,6.8,1303.0,1.31,35.5,0.34,-62.9,-50.8,22.6,50.0,-90.4,22.0,1.0,145.0,1
D002682,4.4,1282.0,0.99,29.5,0.47,-63.4,-48.6,23.6,,-95.1,6.1,0.0,120.0,1
D002683,4.2,1300.0,1.54,21.5,0.37,-63.3,-53.0,23.7,43.0,-92.9,16.6,1.0,116.0,0
D002684,3.1,1286.0,1.1,26.5,0.3,-62.6,-45.6,28.1,53.0,-90.2,16.9,0.0,138.0,0
D002685,4.8,1134.0,1.13,27.0,0.49,-65.1,-49.9,22.7,44.0,-95.2,6.3,0.0,129.0,1
D002686,4.6,1226.0,0.82,35.5,0.46,-65.0,-49.2,23.9,37.0,-91.1,11.6,0.0,131.0,1
D002687,6.2,1033.0,0.95,27.5,0.62,-69.7,-46.9,21.4,57.0,-98.2,5.3,0.0,125.0,1
D002688,3.7,1220.0,1.28,28.0,0.5,-65.1,-49.8,23.6,41.0,-95.9,10.5,1.0,124.0,1
D002689,5.7,1230.0,1.4,34.0,0.45,-66.9,-48.6,26.8,49.0,-96.2,13.2,1.0,118.0,1
D002690,4.5,1214.0,1.02,34.0,0.42,-64.2,-51.6,23.7,45.0,-97.5,8.1,0.0,132.0,1
D002691,5.3,1227.0,0.99,25.5,0.45,-63.8,-50.0,23.6,42.0,-93.3,7.2,0.0,127.0,1
D002692,3.8,1029.0,1.07,26.5,0.67,-69.1,-45.1,21.8,45.0,-96.0,5.8,1.0,118.0,0
D002693,4.8,1135.0,1.14,26.0,0.46,-65.8,-50.9,25.6,44.0,-95.7,11.2,0.0,118.0,1
D002694,4.1,1119.0,1.17,28.5,0.46,-63.7,-50.1,25.6,36.0,-95.5,14.0,1.0,126.0,0
D002695,5.0,1284.0,1.13,31.5,0.47,-65.3,-50.8,23.6,38.0,-95.5,7.7,1.0,130.0,1
D002696,4.9,1216.0,1.24,32.5,0.43,-66.7,-49.2,21.3,44.0,-94.8,9.4,1.0,121.0,1
D002697,4.4,1152.0,0.94,28.0,0.42,-65.6,-49.3,24.6,50.0,-95.5,9.0,1.0,127.0,0
D002698,6.0,1388.0,1.03,34.0,0.31,,-47.9,25.6,36.0,-91.4,11.5,0.0,140.0,1
D002699,,1099.0,1.03,29.5,0.47,-65.3,-50.2,24.4,,-96.1,8.1,0.0,124.0,1
D002700,6.7,1118.0,1.29,36.0,0.37,-63.7,-53.5,26.9,38.0,-91.1,7.8,1.0,108.0,1
D002701,4.9,1165.0,1.09,,0.48,-67.3,-50.1,23.5,37.0,-94.7,6.4,1.0,123.0,1
D002702,4.8,1132.0,1.08,32.5,0.49,-66.1,-50.3,26.2,43.0,-95.2,8.9,1.0,124.0,1
D002703,6.6,,1.37,27.5,0.63,-64.9,-46.0,21.9,59.0,-95.9,6.8,1.0,146.0,0
D002704,4.2,1142.0,1.01,28.5,0.44,-64.7,-49.6,22.3,37.0,-94.5,12.9,1.0,136.0,0
D002705,5.2,1217.0,1.2,30.0,0.47,-65.3,-49.8,23.3,47.0,-95.9,12.9,0.0,123.0,0
D002706,4.6,1295.0,1.07,26.5,0.49,-66.2,-50.9,24.3,47.0,-95.2,7.8,1.0,132.0,0
D002707,4.3,1249.0,0.93,26.0,0.45,-66.8,-50.5,23.3,46.0,-96.4,3.7,0.0,129.0,1
D002708,3.5,1314.0,0.95,20.5,0.38,-66.6,-48.3,20.8,,-97.9,6.1,1.0,119.0,0
D002709,4.3,1237.0,1.13,26.0,,-65.1,-49.6,22.7,46.0,-95.5,10.2,1.0,139.0,1
D002710,5.0,1217.0,1.1,29.0,0.46,-65.5,-50.1,24.5,45.0,-93.8,8.7,1.0,126.0,1
D002711,5.1,1054.0,,28.5,0.55,-63.8,-47.4,28.2,57.0,-94.2,22.0,1.0,139.0,0
D002712,5.3,1183.0,0.88,29.5,0.52,-65.2,-50.0,24.1,47.0,-95.7,10.0,0.0,129.0,1
D002713,5.0,1156.0,1.11,32.5,0.46,-66.0,-51.2,23.3,44.0,-94.9,4.7,0.0,128.0,1
D002714,4.8,1130.0,1.19,30.0,0.51,-65.6,-49.4,25.0,45.0,-92.9,6.2,1.0,129.0,1
D002715,3.9,1281.0,1.56,34.0,0.43,-64.3,-46.1,20.1,52.0,-93.5,19.5,,150.0,0
D002716,4.2,1223.0,0.82,26.0,0.57,-68.9,-47.0,20.8,42.0,-99.8,23.5,1.0,148.0,1
D002717,4.3,1199.0,1.08,26.5,0.42,-65.9,-50.4,21.7,,-96.5,11.1,1.0,127.0,0
D002718,4.9,1189.0,1.14,28.0,0.5,-64.0,-51.3,25.3,44.0,-96.3,8.2,0.0,123.0,1
D002719,5.2,1217.0,0.88,20.0,0.68,-69.8,,29.4,52.0,-95.1,3.7,0.0,106.0,0
D002720,4.7,1167.0,0.98,30.0,0.49,-64.8,-51.1,22.9,44.0,-95.9,,1.0,130.0,1
D002721,5.4,1174.0,1.2,26.0,0.52,-64.5,-48.5,24.3,41.0,-95.3,9.4,0.0,130.0,1
D002722,4.5,1114.0,1.11,28.0,0.5,-65.8,-50.1,24.5,42.0,-96.2,8.0,1.0,130.0,1
D002723,6.4,1300.0,1.58,23.0,0.5,-60.9,-53.8,,40.0,-90.6,0.6,1.0,145.0,1
D002724,6.0,1363.0,1.54,34.0,0.46,-68.7,-45.1,28.2,35.0,-94.0,13.2,0.0,117.0,0
D002725,3.8,1215.0,1.08,39.0,0.42,-68.5,-53.0,22.0,46.0,-95.9,18.9,1.0,116.0,1
D002726,3.4,1326.0,1.58,30.0,0.5,-63.7,-55.0,29.6,35.0,,14.7,1.0,125.0,0
D002727,4.6,1181.0,0.96,31.5,0.56,-65.6,-50.1,25.3,51.0,-93.9,8.1,0.0,132.0,1
D002728,4.9,1172.0,1.08,30.5,0.54,-63.7,-48.7,24.3,48.0,-96.4,9.4,0.0,124.0,1
D002729,5.7,1381.0,1.59,20.0,0.48,-63.5,-53.9,29.0,42.0,-98.0,20.6,1.0,106.0,0
D002730,5.1,1155.0,0.98,29.5,0.42,-65.7,-49.5,24.8,48.0,-95.8,12.0,1.0,123.0,0
D002731,3.3,1013.0,1.55,,0.45,-63.5,-46.9,23.3,50.0,-99.3,2.7,1.0,124.0,0
D002732,4.2,1189.0,1.15,27.0,0.51,-66.0,-51.0,24.8,43.0,-95.0,7.3,0.0,127.0,1
D002733,5.0,1170.0,1.06,29.5,0.49,-66.3,-50.9,24.5,45.0,-95.4,11.5,1.0,132.0,1
D002734,4.2,1125.0,1.18,21.5,,-61.7,-46.9,28.7,32.0,-91.9,1.6,1.0,145.0,0
D002735,4.5,1167.0,1.09,27.0,0.48,-65.6,-49.7,24.5,46.0,-95.2,8.3,0.0,122.0,1
D002736,4.6,1140.0,1.05,28.0,0.45,-65.2,-51.8,23.8,50.0,-94.5,5.4,0.0,130.0,1
D002737,4.8,1116.0,0.89,29.5,0.46,-66.2,,23.9,43.0,-96.3,8.3,,125.0,1
D002738,4.8,1178.0,1.11,29.0,0.46,-65.7,-51.8,25.8,41.0,-96.6,9.8,,133.0,1
D002739,4.9,1106.0,1.44,21.5,0.3,-62.4,-45.9,29.4,42.0,-98.2,1.6,1.0,107.0,0
D002740,4.2,1373.0,0.81,32.5,0.39,-64.3,-45.0,29.2,51.0,-95.1,8.3,1.0,134.0,0
D002741,5.2,1133.0,1.27,22.5,0.67,-68.6,-48.3,21.0,34.0,-94.3,16.0,0.0,102.0,0
D002742,5.3,1053.0,0.86,26.5,0.43,-61.4,-53.8,22.8,45.0,-94.6,7.5,0.0,113.0,1
D002743,4.3,1135.0,0.96,30.0,0.48,-66.3,-50.1,24.3,44.0,-95.7,12.7,1.0,128.0,0
D002744,5.1,1201.0,1.15,27.0,0.56,-65.4,-50.7,23.6,43.0,-95.2,9.3,1.0,127.0,0
D002745,3.3,1056.0,1.31,27.0,0.33,-66.9,-47.4,25.4,31.0,-97.7,15.0,0.0,129.0,0
D002746,5.4,1119.0,0.98,32.5,0.47,-65.6,-50.5,24.1,42.0,-94.7,7.6,0.0,129.0,1
D002747,4.4,1161.0,1.16,29.5,0.46,-67.2,-49.4,25.1,38.0,-95.0,4.7,0.0,124.0,1
D002748,4.9,1219.0,1.06,28.5,0.47,-65.5,-50.3,24.9,41.0,-94.3,10.2,1.0,131.0,1
D002749,5.0,1120.0,0.97,24.5,0.48,-65.0,-49.2,24.1,43.0,-94.1,5.9,1.0,130.0,1
D002750,4.2,1333.0,1.36,34.5,0.59,-61.2,-47.2,25.2,40.0,-97.8,5.7,1.0,114.0,0
D002751,3.7,1028.0,1.17,39.5,0.61,-65.8,-52.5,20.5,36.0,-93.0,9.4,0.0,115.0,1
D002752,4.3,1201.0,1.16,36.0,0.48,-63.1,-52.7,21.0,52.0,-97.2,23.5,1.0,111.0,0
D002753,6.8,1002.0,1.26,40.0,0.67,-66.4,-46.6,21.8,36.0,-96.9,8.5,0.0,114.0,0
D002754,5.6,1199.0,1.12,29.0,0.49,-65.8,-49.1,24.3,46.0,-97.2,7.6,1.0,141.0,1
D002755,5.2,1224.0,1.18,33.0,0.47,-66.0,-50.0,24.8,43.0,-97.2,6.7,0.0,123.0,1
D002756,5.1,1153.0,1.11,30.0,0.44,-65.5,-51.5,23.5,,-94.1,8.9,1.0,132.0,1
D002757,5.2,1174.0,1.23,30.0,0.47,-67.5,-50.0,23.9,43.0,-95.2,10.4,1.0,126.0,1
D002758,4.6,1208.0,0.89,21.5,0.59,-65.8,-46.0,28.7,44.0,-90.9,9.3,1.0,136.0,0
D002759,5.6,1379.0,0.97,22.0,,-66.7,-49.8,27.9,38.0,-90.1,7.4,1.0,138.0,1
D002760,5.2,1207.0,0.99,29.5,0.41,-65.9,-52.0,25.0,45.0,-95.7,10.4,0.0,121.0,1
D002761,4.6,1224.0,1.14,28.5,0.52,-66.5,-50.3,23.1,48.0,-96.8,6.0,1.0,120.0,1
D002762,5.1,1151.0,1.45,21.0,0.54,-64.7,-51.8,27.0,49.0,-94.6,19.4,0.0,118.0,0
D002763,3.8,1348.0,0.93,24.5,0.36,-66.6,-53.5,27.4,43.0,-99.6,13.3,1.0,131.0,0
D002764,4.6,1311.0,1.02,32.0,0.6,-66.1,-47.1,23.2,48.0,-99.1,19.1,0.0,135.0,1
D002765,4.7,1149.0,1.5,22.0,0.32,-62.9,-47.2,24.7,47.0,-99.7,0.5,0.0,149.0,0
D002766,3.8,,1.09,28.5,0.41,-64.0,-50.3,24.1,45.0,-94.7,7.4,0.0,126.0,1
D002767,4.4,1246.0,1.21,31.5,0.5,-67.1,-48.4,24.5,43.0,-94.9,13.0,1.0,121.0,1
D002768,5.6,1102.0,1.42,23.5,0.63,-62.3,-47.9,28.8,55.0,-97.3,1.1,0.0,112.0,0
D002769,5.3,1060.0,1.06,28.5,0.47,-65.9,-49.9,23.4,41.0,-94.2,6.1,0.0,131.0,1
D002770,4.7,1161.0,1.06,24.5,0.49,-65.4,-51.2,24.2,40.0,-96.6,11.0,1.0,136.0,1
D002771,4.4,1343.0,1.57,38.5,0.46,-64.6,-53.5,25.3,39.0,-92.4,20.5,0.0,148.0,1
D002772,3.2,1029.0,1.51,28.5,0.68,-63.3,-47.5,26.5,41.0,-90.1,22.6,0.0,148.0,0
D002773,4.8,1155.0,1.21,29.5,0.46,-65.7,,25.2,43.0,-94.9,9.1,1.0,131.0,1
D002774,5.2,1145.0,1.2,29.5,0.42,-65.0,-50.1,23.0,46.0,-96.6,7.9,1.0,,0
D002775,6.9,1028.0,0.87,33.5,0.45,-63.7,-49.0,20.1,,-96.3,8.8,0.0,104.0,1
D002776,3.4,1345.0,1.09,24.5,0.36,-64.2,-48.7,20.8,42.0,-95.7,23.7,1.0,123.0,0
D002777,4.5,1088.0,1.06,30.5,0.46,-66.7,-50.7,24.1,42.0,-93.9,7.0,1.0,135.0,1
D002778,5.1,1202.0,1.12,24.5,0.42,-63.1,-48.9,24.0,41.0,-95.2,10.2,1.0,,0
D002779,5.6,1172.0,1.07,28.0,0.47,-64.0,-50.4,24.1,37.0,-98.1,8.5,1.0,129.0,1
D002780,4.4,1175.0,1.14,30.5,0.47,-65.0,-49.4,23.2,47.0,-94.8,6.7,0.0,,1
D002781,5.1,1145.0,1.18,27.0,0.48,-66.4,-50.5,23.5,40.0,-94.5,6.4,1.0,130.0,1
D002782,5.1,1206.0,1.09,29.5,0.45,-67.0,-50.1,23.2,45.0,-95.1,7.5,1.0,124.0,1
D002783,5.6,1149.0,1.15,24.0,0.51,-65.1,-51.8,24.0,47.0,-95.8,7.9,0.0,138.0,1
D002784,5.3,1388.0,1.01,28.0,0.61,-69.0,-54.8,28.0,38.0,-96.0,,0.0,103.0,1
D002785,5.2,1107.0,1.29,29.5,0.49,-65.4,-49.1,25.3,40.0,-96.2,7.0,1.0,133.0,0
D002786,4.8,1146.0,1.13,32.0,0.46,-65.3,-48.3,22.8,46.0,-95.0,6.3,1.0,118.0,1
D002787,5.1,1194.0,1.19,27.5,0.45,-65.8,-51.0,23.8,40.0,-95.9,8.3,0.0,128.0,1
D002788,5.6,1306.0,1.24,29.0,0.31,-68.8,-48.4,22.0,40.0,-99.1,16.1,0.0,103.0,0
D002789,4.1,1195.0,1.19,32.5,0.47,-65.1,-50.0,24.9,46.0,-95.4,11.4,1.0,120.0,0
D002790,4.7,1156.0,0.95,30.0,0.44,-65.1,-50.2,23.6,45.0,-96.4,9.3,1.0,128.0,1
D002791,5.0,1128.0,1.06,28.5,0.55,-64.6,-49.7,25.0,39.0,-95.2,12.8,1.0,122.0,1
D002792,4.7,1161.0,1.15,30.5,0.48,,-50.2,24.7,44.0,-94.7,10.1,0.0,132.0,1
D002793,4.7,1268.0,1.11,29.5,0.51,-66.0,-50.5,23.7,38.0,-93.7,9.0,1.0,124.0,1
D002794,5.6,1115.0,1.11,26.0,0.44,-66.6,-47.6,26.3,41.0,-96.7,7.6,0.0,124.0,1
D002795,5.1,1182.0,1.19,26.5,0.49,-65.8,-49.5,22.6,46.0,-96.2,8.3,0.0,125.0,1
D002796,4.9,1166.0,1.06,29.0,0.5,-65.2,-49.2,23.2,46.0,-95.0,,0.0,129.0,1
D002797,5.1,1113.0,1.11,27.5,0.38,-66.1,-49.7,25.5,46.0,-94.0,11.6,0.0,132.0,1
D002798,3.5,1147.0,1.5,29.5,0.33,-66.1,-52.5,21.9,45.0,-95.2,10.3,0.0,107.0,0
D002799,5.3,1123.0,1.21,29.5,0.45,-66.2,-49.9,24.4,37.0,-94.8,9.3,0.0,123.0,1
D002800,4.9,,1.02,27.0,0.45,-66.3,-51.6,21.9,43.0,-94.2,8.9,1.0,133.0,1
D002801,5.4,1124.0,1.58,36.0,0.68,-69.5,-54.1,25.9,,-99.2,8.9,0.0,111.0,0
D002802,5.4,1218.0,1.13,,0.52,-66.6,-49.2,23.2,41.0,,8.3,,125.0,1
D002803,4.4,1196.0,1.13,29.0,0.54,-67.4,-49.9,24.6,43.0,-94.7,8.8,0.0,128.0,1
D002804,4.6,1175.0,1.22,27.5,0.42,-63.1,-50.6,24.7,47.0,-97.1,14.5,0.0,119.0,0
D002805,5.2,1184.0,1.14,24.0,0.45,-67.2,-49.8,24.3,47.0,-96.9,7.9,1.0,129.0,1
D002806,4.7,1181.0,1.18,29.0,0.47,-63.5,-50.7,22.7,41.0,-95.9,11.9,0.0,132.0,1
D002807,4.9,1237.0,0.99,31.5,0.47,-63.7,-49.5,24.7,46.0,-93.4,7.5,0.0,127.0,1
D002808,3.6,1392.0,1.58,29.0,0.42,-62.8,-50.6,23.2,42.0,-95.6,21.9,0.0,128.0,0
D002809,5.4,1193.0,1.11,25.5,0.5,-64.5,-50.2,24.8,40.0,-96.3,9.7,0.0,119.0,1
D002810,5.6,1395.0,0.85,25.0,0.33,-67.7,-49.9,22.3,37.0,-92.1,,1.0,103.0,1
D002811,5.2,1208.0,1.19,33.0,0.4,-65.8,-49.2,22.8,46.0,-95.4,10.5,0.0,130.0,1
D002812,4.7,1136.0,0.93,29.0,0.5,-65.9,-50.8,22.5,41.0,-95.1,5.3,0.0,133.0,1
D002813,4.5,1120.0,0.98,28.0,0.48,-65.9,-48.8,23.7,46.0,-96.9,12.2,1.0,128.0,1
D002814,5.0,1335.0,1.16,29.0,0.36,,-51.1,23.0,43.0,-96.0,,1.0,102.0,0
D002815,4.3,1171.0,0.8,32.0,0.57,-68.0,-45.5,25.2,54.0,-99.5,23.5,0.0,103.0,0
D002816,4.9,1335.0,1.4,35.5,0.61,-64.5,-52.6,29.7,30.0,-95.5,8.1,0.0,107.0,0
D002817,4.0,1323.0,1.42,20.5,0.59,-65.2,-49.2,23.9,40.0,-90.9,8.1,0.0,111.0,0
D002818,4.8,1202.0,1.19,30.0,0.5,-64.8,-50.4,24.5,47.0,-98.2,8.3,0.0,128.0,1
D002819,4.9,1210.0,1.47,29.0,0.61,-63.9,-53.4,29.2,38.0,-92.3,3.7,1.0,100.0,0
D002820,4.7,1212.0,1.14,28.0,0.49,-65.1,-49.8,23.3,,-94.8,7.0,0.0,118.0,1
D002821,4.6,1211.0,1.05,32.5,0.45,-67.1,-49.4,23.3,44.0,-94.1,7.8,1.0,126.0,1
D002822,6.6,1314.0,1.0,27.5,0.64,-63.2,-46.7,27.8,50.0,-98.4,,1.0,109.0,0
D002823,4.9,1145.0,1.13,26.5,0.49,-63.9,-49.7,23.2,48.0,-95.7,7.7,1.0,128.0,0
D002824,4.2,1145.0,1.05,31.5,0.5,-66.5,-51.2,24.6,37.0,-95.3,10.1,0.0,130.0,1
D002825,5.0,1201.0,1.06,27.5,0.45,-64.9,-50.4,23.9,43.0,-96.6,5.6,1.0,128.0,1
D002826,4.8,1214.0,1.06,29.0,0.49,-66.2,-50.8,24.3,42.0,-94.5,6.6,0.0,122.0,1
D002827,3.4,1195.0,0.93,28.0,0.65,-60.7,-47.0,22.0,42.0,-91.2,22.3,1.0,128.0,0
D002828,5.6,1299.0,1.16,21.0,0.4,-69.1,-50.5,28.0,45.0,-91.8,10.1,0.0,118.0,0
D002829,4.2,1201.0,0.95,31.5,0.55,-65.2,-47.8,22.1,40.0,-97.6,8.0,0.0,127.0,1
D002830,,1181.0,1.16,26.5,0.49,-67.1,-49.8,,48.0,-96.0,5.9,1.0,129.0,1
D002831,4.4,1195.0,0.94,30.5,0.52,-65.4,-49.0,,45.0,-95.7,10.4,0.0,128.0,1
D002832,5.3,1162.0,1.18,25.5,0.52,-64.4,-50.1,23.5,43.0,-94.9,10.1,1.0,124.0,0
D002833,6.0,1182.0,1.5,38.5,0.37,-62.1,-50.7,25.0,54.0,-94.0,20.9,1.0,137.0,0
D002834,5.0,1146.0,1.08,26.5,0.41,-65.1,-49.5,23.9,40.0,-95.1,12.7,1.0,122.0,0
D002835,4.7,1154.0,1.12,28.0,0.51,-66.0,-50.8,23.7,39.0,-94.7,9.5,0.0,133.0,1
D002836,5.0,1181.0,1.04,29.5,0.45,-65.1,-51.8,24.9,38.0,-95.5,,0.0,125.0,1
D002837,5.0,1182.0,0.85,30.0,0.56,-64.9,-48.8,22.6,42.0,-95.7,9.4,1.0,125.0,1
D002838,4.4,1102.0,1.11,28.0,0.44,-65.3,-49.2,24.8,48.0,-95.8,5.8,1.0,131.0,0
D002839,4.8,1241.0,1.16,27.0,0.49,-65.5,-52.6,25.1,,-95.9,9.7,1.0,128.0,1
D002840,4.4,1208.0,1.06,29.5,0.48,-67.3,-50.7,23.9,42.0,-94.0,5.6,1.0,130.0,1
D002841,3.8,1305.0,1.25,24.0,0.56,-61.7,-46.3,21.4,31.0,-96.3,19.8,1.0,114.0,0
D002842,5.3,1113.0,0.88,27.0,0.42,-64.7,-49.6,24.5,48.0,-96.5,8.0,1.0,127.0,1
D002843,6.4,1261.0,0.94,21.5,0.42,-62.8,-54.0,22.9,32.0,-91.8,21.1,1.0,136.0,1
D002844,4.8,1123.0,1.55,33.0,0.63,-62.9,-51.9,25.3,53.0,-93.9,19.7,0.0,144.0,1
D002845,6.0,1056.0,1.17,37.5,0.42,-60.4,-49.5,21.7,,-94.9,,1.0,106.0,1
D002846,3.4,1339.0,0.92,38.5,0.45,-69.7,-54.3,21.7,41.0,-90.0,23.2,1.0,112.0,0
D002847,5.2,1207.0,1.05,26.0,0.43,-66.6,,24.7,,-95.0,11.0,1.0,134.0,1
D002848,5.8,1170.0,1.12,27.0,0.48,-65.1,-50.9,23.3,42.0,-96.0,10.4,0.0,127.0,1
D002849,4.6,1138.0,1.11,26.5,0.43,-64.8,-50.2,22.9,47.0,-95.8,15.6,1.0,126.0,0
D002850,4.8,1251.0,1.17,24.5,0.47,-66.0,-53.2,24.1,51.0,-95.4,8.6,0.0,121.0,1
D002851,5.3,1235.0,1.1,27.5,,-66.0,-49.9,24.6,48.0,-94.9,5.9,0.0,128.0,1
D002852,4.3,1124.0,0.8,26.0,0.39,-67.2,-50.9,29.4,58.0,-98.6,5.6,0.0,116.0,0
D002853,4.7,1156.0,,28.5,0.49,-66.9,-48.3,21.9,47.0,-94.5,10.3,0.0,121.0,0
D002854,4.3,1211.0,1.11,28.0,0.47,-65.6,-48.0,24.8,37.0,-95.4,12.2,1.0,133.0,1
D002855,7.0,1063.0,1.23,25.0,0.63,-61.0,-53.3,26.1,44.0,-94.0,10.0,0.0,131.0,1
D002856,5.1,1399.0,1.4,30.5,0.34,-63.5,-54.6,26.9,41.0,-92.9,13.4,1.0,139.0,0
D002857,4.9,1126.0,1.12,30.5,0.49,-64.8,-49.7,21.1,45.0,-97.3,11.5,1.0,137.0,0
D002858,4.8,1164.0,1.1,28.0,0.51,-62.8,-50.3,23.3,45.0,-97.5,,1.0,135.0,1
D002859,4.8,1129.0,1.01,28.5,0.43,-64.1,,26.2,41.0,-96.9,11.9,1.0,117.0,0
D002860,4.7,1125.0,1.15,30.0,0.44,-64.9,-48.9,23.8,46.0,-95.7,6.6,1.0,130.0,1
D002861,5.5,1198.0,1.19,30.5,0.52,-65.5,-48.2,22.5,41.0,-96.3,8.6,1.0,133.0,1
D002862,3.3,1150.0,1.46,37.5,0.6,-61.3,-54.7,23.4,32.0,-90.0,21.9,0.0,124.0,0
D002863,4.9,,1.07,27.5,0.47,-64.8,-48.8,25.4,40.0,-96.5,8.7,1.0,122.0,1
D002864,4.4,1027.0,1.19,32.5,0.59,-60.9,-52.6,21.5,30.0,-92.5,2.2,1.0,115.0,0
D002865,5.0,1206.0,1.12,31.5,0.49,-65.5,-51.6,22.6,43.0,-95.5,7.0,1.0,129.0,1
D002866,4.0,1094.0,1.05,25.0,0.45,-66.3,-51.2,24.0,53.0,-95.9,9.0,0.0,131.0,1
D002867,3.2,1336.0,1.25,40.0,0.56,-66.5,-53.9,27.1,51.0,-99.2,9.9,1.0,112.0,0
D002868,4.6,1173.0,1.14,30.5,0.43,-65.8,-51.1,23.7,43.0,-96.1,11.9,1.0,127.0,1
D002869,5.0,1158.0,0.97,29.5,0.58,,-50.7,23.7,46.0,-96.0,14.3,1.0,139.0,1
D002870,,1167.0,1.1,27.0,0.48,-65.4,-51.3,25.6,47.0,-96.5,10.7,0.0,121.0,1
D002871,4.7,1141.0,1.22,28.0,0.52,-66.8,-47.8,24.7,48.0,-94.5,9.1,1.0,122.0,0
D002872,4.6,1174.0,1.09,29.5,0.49,-66.4,-49.2,24.3,47.0,-95.3,4.9,1.0,123.0,1
D002873,5.2,1079.0,1.06,32.0,0.44,-63.0,,29.4,48.0,-100.0,10.5,0.0,112.0,0
D002874,6.4,1108.0,1.41,26.5,0.32,-63.3,-50.0,26.0,48.0,-90.6,15.6,1.0,109.0,0
D002875,4.3,1112.0,1.03,29.0,0.49,-66.6,-50.2,23.6,40.0,,8.1,0.0,,1
D002876,4.8,1165.0,1.1,30.0,0.51,-66.5,-50.2,23.6,47.0,-94.4,5.0,0.0,130.0,1
D002877,6.4,1141.0,1.53,26.0,0.65,,-52.2,28.4,44.0,-99.2,13.3,0.0,111.0,0
D002878,5.6,1287.0,1.46,29.5,0.32,-62.5,-49.6,24.9,37.0,-95.7,4.4,1.0,141.0,0
D002879,4.7,1218.0,1.08,29.0,0.44,-66.4,-48.7,24.0,45.0,-94.9,10.3,1.0,130.0,1
D002880,5.0,1189.0,1.04,31.5,0.57,-67.3,-50.2,24.6,43.0,,9.1,1.0,120.0,1
D002881,4.7,1237.0,1.06,31.0,0.42,-65.7,-50.4,23.3,46.0,-96.3,13.5,1.0,131.0,1
D002882,4.8,1125.0,1.09,28.0,0.43,-64.8,-50.6,22.8,43.0,-96.1,6.2,0.0,122.0,1
D002883,4.5,1148.0,1.21,25.5,0.52,-65.4,-48.9,23.6,47.0,-95.0,8.0,0.0,120.0,0
D002884,5.2,1186.0,0.95,26.0,0.49,-65.1,-51.3,23.7,44.0,-95.4,12.6,0.0,138.0,0
D002885,4.6,1308.0,0.84,36.0,0.52,-66.3,-46.2,28.0,33.0,-91.8,7.6,0.0,148.0,1
D002886,4.9,1182.0,1.46,36.5,0.33,-65.9,-48.5,21.8,53.0,-98.2,15.5,1.0,132.0,0
D002887,3.3,1113.0,1.15,22.0,0.58,-69.6,-47.2,20.3,34.0,-91.1,12.0,0.0,132.0,1
D002888,4.5,1220.0,1.1,32.0,0.39,-62.8,-49.0,22.7,43.0,-95.8,9.2,0.0,132.0,0
D002889,4.5,1184.0,1.22,29.0,0.48,-65.4,-50.3,24.9,42.0,-95.6,8.5,1.0,127.0,0
D002890,4.6,1224.0,1.16,27.0,0.45,-66.1,-49.8,24.7,44.0,-94.9,5.7,0.0,134.0,1
D002891,5.2,1126.0,1.12,29.0,0.49,-65.2,-51.0,24.2,44.0,-96.2,4.4,1.0,128.0,1
D002892,5.3,1246.0,0.83,26.0,0.58,-60.3,-48.8,28.3,30.0,-95.8,2.0,0.0,129.0,0
D002893,4.0,1059.0,1.21,34.5,0.65,-64.8,-49.1,23.6,39.0,-95.9,23.2,0.0,107.0,0
D002894,4.5,1188.0,1.19,34.0,0.46,-66.3,-49.3,22.8,42.0,-96.9,6.4,1.0,129.0,1
D002895,6.2,1346.0,1.31,20.0,0.55,-63.4,,23.1,42.0,-96.1,14.2,0.0,146.0,1
D002896,5.4,1153.0,1.09,26.5,0.43,-67.3,-50.6,24.4,,-96.5,5.8,1.0,125.0,1
D002897,,1194.0,1.08,31.0,0.51,-65.7,-48.2,24.5,43.0,-95.9,8.4,0.0,128.0,1
D002898,4.5,1153.0,1.12,27.0,,-66.4,-49.3,23.3,44.0,-96.6,6.6,0.0,130.0,1
D002899,5.1,1142.0,1.18,31.0,0.5,-64.6,-50.4,23.6,45.0,-94.3,7.1,1.0,123.0,1
D002900,5.5,1222.0,1.01,29.0,0.44,-66.2,-50.3,24.2,37.0,-95.4,8.4,0.0,135.0,1
D002901,4.5,1252.0,1.15,28.0,0.46,-65.0,-48.6,23.2,45.0,-93.9,3.2,1.0,123.0,0
D002902,4.4,,1.04,28.5,0.47,-65.5,-48.7,24.3,43.0,-96.4,7.2,0.0,130.0,1
D002903,6.1,1014.0,1.09,23.0,0.41,-60.7,-49.9,23.2,56.0,-98.4,,0.0,134.0,0
D002904,5.6,1167.0,1.15,32.0,0.45,-64.1,-49.7,23.8,37.0,-94.0,8.0,0.0,130.0,1
D002905,6.5,1400.0,1.41,38.5,0.34,-64.4,-47.0,29.0,,-90.5,0.2,0.0,125.0,0
D002906,4.7,1142.0,0.99,26.0,0.42,-66.3,-50.4,23.9,49.0,-95.6,9.2,1.0,123.0,0
D002907,4.8,1234.0,1.05,32.0,0.48,-66.1,-50.4,25.9,44.0,-97.7,6.6,1.0,119.0,1
D002908,6.8,1309.0,1.13,39.0,0.67,-69.5,-45.2,25.1,32.0,-93.7,17.8,0.0,122.0,1
D002909,6.4,1356.0,1.49,33.0,0.53,-61.0,-49.0,20.5,54.0,-94.2,1.7,1.0,144.0,0
D002910,6.3,1312.0,1.55,36.0,0.49,-61.8,-52.9,22.8,56.0,-96.7,21.3,1.0,113.0,0
D002911,3.9,1122.0,0.92,22.0,0.6,-60.4,-46.3,20.5,47.0,-97.6,20.1,1.0,146.0,0
D002912,6.0,1385.0,0.97,24.5,0.57,-69.2,-53.7,28.4,51.0,-95.3,4.5,1.0,104.0,1
D002913,5.3,1347.0,0.98,40.0,0.67,-69.5,-51.3,27.8,42.0,-98.7,11.1,0.0,124.0,1
D002914,5.0,1166.0,0.96,31.5,0.5,-64.4,-50.8,24.1,46.0,-96.0,,0.0,132.0,1
D002915,5.1,1221.0,1.2,28.0,0.5,-65.1,-48.7,25.2,43.0,-95.6,11.9,1.0,120.0,1
D002916,,1096.0,1.08,29.0,0.44,-62.5,-45.9,29.1,50.0,-93.1,18.6,1.0,141.0,0
D002917,6.7,1309.0,1.15,27.5,0.52,-63.9,-47.2,27.3,35.0,-96.1,9.3,1.0,143.0,1
D002918,4.3,1170.0,1.27,30.5,0.45,-65.5,-50.0,24.4,40.0,-96.1,11.0,1.0,129.0,0
D002919,4.8,1268.0,1.14,30.0,0.45,-66.5,-51.4,24.3,47.0,-96.3,6.8,0.0,129.0,1
D002920,5.1,1064.0,1.01,39.5,0.34,-66.8,-51.3,20.9,56.0,-93.2,5.9,0.0,126.0,1
D002921,4.7,1214.0,1.15,29.0,0.52,-64.2,-49.8,23.9,50.0,-94.2,8.4,1.0,131.0,1
D002922,4.5,1205.0,1.01,30.5,0.48,-62.6,-48.1,25.3,40.0,-96.0,9.9,0.0,131.0,1
D002923,5.1,1192.0,1.05,32.0,0.49,,-51.4,23.0,49.0,-94.5,11.9,1.0,118.0,1
D002924,4.6,1183.0,1.02,28.0,0.47,,-49.5,24.4,47.0,-96.2,,0.0,126.0,1
D002925,4.7,1215.0,1.12,27.5,0.5,-65.7,-48.9,23.7,42.0,-95.4,11.6,1.0,130.0,1
D002926,4.9,1129.0,1.15,30.0,0.49,-65.8,-49.6,24.4,39.0,-96.0,11.4,0.0,139.0,1
D002927,4.6,1164.0,0.97,24.5,0.46,-65.5,-49.6,21.8,42.0,-96.0,7.4,1.0,124.0,0
D002928,4.0,1170.0,0.83,28.0,0.4,-65.3,-48.1,22.5,46.0,-95.1,18.0,0.0,107.0,0
D002929,5.4,1185.0,1.04,32.0,0.49,-65.2,-52.4,25.2,39.0,-96.1,3.4,1.0,134.0,1
D002930,3.1,1034.0,1.14,40.0,0.41,-68.2,-51.0,29.9,54.0,-92.8,5.7,0.0,143.0,0
D002931,5.0,1136.0,1.11,28.0,0.5,-66.5,-49.6,23.9,44.0,,11.9,1.0,133.0,1
D002932,4.8,1209.0,1.19,27.0,0.46,-66.4,-48.7,26.2,45.0,,7.0,0.0,133.0,1
D002933,5.3,1219.0,1.05,27.0,0.48,-66.3,-50.5,22.9,42.0,-97.5,8.9,0.0,137.0,1
D002934,4.9,1362.0,1.21,33.0,0.31,-60.8,-50.8,20.3,44.0,-93.1,1.5,0.0,142.0,0
D002935,4.7,1135.0,1.09,27.5,0.5,-64.6,-48.8,23.7,41.0,-95.6,10.3,0.0,128.0,0
D002936,4.6,1197.0,1.17,30.0,0.54,-64.6,-49.0,23.8,44.0,-95.8,10.0,1.0,132.0,0
D002937,5.3,1165.0,1.21,29.5,0.42,-63.8,-49.5,,,-95.7,12.2,1.0,125.0,0
D002938,4.7,1219.0,1.1,34.0,0.46,-64.4,-49.6,22.5,44.0,-94.4,9.7,0.0,140.0,1
D002939,4.9,1017.0,1.59,26.5,0.59,-67.9,-45.6,21.4,34.0,-92.1,19.6,0.0,111.0,0
D002940,4.1,1149.0,1.18,29.0,0.44,-66.2,-49.4,24.6,49.0,-96.9,10.1,,128.0,0
D002941,3.3,1346.0,1.34,26.0,0.43,-62.9,-47.3,27.5,56.0,-90.4,19.8,1.0,140.0,0
D002942,,1215.0,1.11,28.5,0.47,-65.8,-50.9,23.7,45.0,-95.1,11.9,0.0,132.0,1
D002943,5.0,1177.0,1.16,27.5,0.47,-67.5,-51.3,24.3,46.0,-93.8,12.2,0.0,124.0,1
D002944,5.2,1190.0,1.14,32.5,0.51,-65.0,-51.1,24.4,41.0,-95.4,6.8,0.0,122.0,1
D002945,4.8,1156.0,1.06,29.0,0.48,-65.3,-51.6,23.2,38.0,-95.0,8.9,0.0,124.0,1
D002946,5.9,1157.0,1.39,36.0,0.32,-63.5,-54.1,28.1,46.0,-91.7,22.1,1.0,100.0,0
D002947,4.8,1240.0,1.27,26.0,0.47,-65.0,-50.7,25.2,41.0,-96.7,11.9,1.0,134.0,1
D002948,3.7,1254.0,1.44,32.5,0.38,-65.5,-54.1,25.7,39.0,-90.2,1.1,0.0,107.0,1
D002949,4.9,1185.0,1.11,29.5,0.45,-66.3,-49.0,23.1,40.0,-97.9,7.5,0.0,128.0,1
D002950,5.9,1216.0,0.91,31.0,0.55,-67.9,-50.9,23.7,41.0,-94.9,8.5,1.0,113.0,1
D002951,5.6,1252.0,0.86,38.0,0.69,-63.5,-52.0,26.5,55.0,-98.0,17.3,1.0,135.0,0
D002952,4.8,1141.0,1.12,27.5,0.49,-65.4,-51.6,24.5,42.0,-94.4,9.5,1.0,129.0,0
D002953,4.4,1206.0,1.15,29.5,0.55,-65.2,-48.2,26.3,44.0,-96.1,13.4,1.0,128.0,0
D002954,4.8,1000.0,1.04,22.5,0.55,-65.3,-47.8,25.8,52.0,-95.8,23.4,1.0,129.0,0
D002955,5.1,1267.0,1.41,28.0,0.62,-65.2,-53.6,20.7,55.0,-91.8,10.4,1.0,118.0,0
D002956,3.8,1161.0,1.02,27.5,0.45,-64.7,-50.3,23.6,45.0,-95.3,10.0,1.0,131.0,1
D002957,5.2,1018.0,1.52,21.0,0.67,-62.6,-46.5,28.4,45.0,-98.7,5.4,0.0,126.0,0
D002958,4.6,1166.0,1.09,27.0,0.41,-67.8,-49.5,25.3,40.0,-96.8,9.9,1.0,129.0,0
D002959,4.5,1248.0,0.95,31.5,0.54,,-49.3,23.9,45.0,-95.5,7.5,0.0,126.0,1
D002960,3.5,1226.0,1.25,32.5,0.33,,-53.9,22.5,35.0,-97.1,10.2,1.0,134.0,0
D002961,4.3,1313.0,1.01,33.5,0.65,-63.1,-50.5,26.7,34.0,-93.7,21.6,1.0,150.0,0
D002962,3.9,1160.0,0.94,38.0,0.43,-65.9,-49.2,22.0,42.0,-97.7,19.1,1.0,135.0,1
D002963,4.0,1099.0,1.53,21.5,0.48,-63.5,-50.5,26.3,33.0,-92.5,7.4,0.0,122.0,0
D002964,4.8,1150.0,1.08,26.5,0.49,-65.0,-50.3,21.7,44.0,-93.3,,1.0,125.0,0
D002965,5.5,1203.0,1.21,30.5,0.51,-65.5,-51.4,23.8,44.0,-95.7,,0.0,130.0,1
D002966,4.9,1169.0,1.13,29.0,0.47,-66.8,-50.8,23.5,43.0,-95.0,13.5,1.0,130.0,1
D002967,5.1,1221.0,1.02,32.0,0.43,-62.8,-50.6,24.6,39.0,-96.3,4.3,0.0,127.0,1
D002968,3.4,1177.0,1.06,21.5,0.47,-67.6,,29.7,37.0,-93.3,15.8,1.0,126.0,0
D002969,4.5,1038.0,1.05,22.5,0.48,-62.8,-47.8,23.5,37.0,-93.5,19.7,0.0,102.0,0
D002970,5.0,1205.0,1.05,26.0,0.35,-66.6,-50.2,23.7,36.0,-94.5,5.9,1.0,124.0,1
D002971,5.0,1174.0,1.03,26.0,0.5,-65.8,-49.9,25.4,41.0,-96.8,7.2,0.0,127.0,1
D002972,5.1,1207.0,1.1,29.0,0.55,-65.9,-49.1,23.5,38.0,-95.7,11.1,1.0,125.0,1
D002973,4.2,1211.0,1.02,30.0,0.48,-64.6,-50.8,25.5,41.0,-95.9,7.8,0.0,126.0,1
D002974,,1207.0,1.11,31.0,0.48,-63.8,-50.0,24.2,39.0,-96.8,8.0,1.0,130.0,1
D002975,4.4,1154.0,1.0,31.5,0.43,-65.3,-51.3,23.6,48.0,-94.0,3.8,0.0,127.0,1
D002976,4.9,1172.0,1.09,28.5,0.53,-64.6,,23.1,43.0,-95.2,9.9,1.0,122.0,1
D002977,5.3,1231.0,1.18,31.5,0.45,-64.9,-49.6,23.5,45.0,-95.1,7.4,1.0,126.0,1
D002978,3.5,1181.0,1.5,23.5,0.53,-67.0,-51.6,26.7,34.0,-91.1,16.5,1.0,116.0,0
D002979,6.2,1267.0,1.13,25.0,0.38,-66.4,-45.1,21.6,50.0,-99.5,11.5,0.0,133.0,1
D002980,4.7,1194.0,0.96,29.5,0.54,-66.8,-50.9,21.5,47.0,-93.9,7.4,1.0,134.0,1
D002981,5.0,1228.0,1.11,26.5,0.47,-65.7,-49.2,23.9,46.0,-95.9,6.7,0.0,134.0,1
D002982,4.4,1136.0,1.16,31.5,0.56,-65.2,-50.0,22.8,44.0,-94.0,8.6,1.0,132.0,1
D002983,5.4,1235.0,0.88,34.0,0.63,-68.7,-48.4,20.1,49.0,-90.0,13.6,1.0,148.0,1
D002984,5.1,1219.0,1.13,29.5,0.35,-66.3,-51.0,23.8,42.0,-96.0,6.3,0.0,,1
D002985,4.9,1111.0,0.98,27.0,,-66.6,-50.6,23.0,44.0,-93.1,8.0,0.0,129.0,1
D002986,5.3,1148.0,1.2,28.0,0.4,-65.3,-50.0,22.9,45.0,-96.4,7.9,1.0,130.0,1
D002987,4.4,1169.0,1.04,26.0,0.59,-65.7,-49.1,23.7,,-96.4,12.9,1.0,127.0,0
D002988,6.3,1007.0,1.17,33.0,0.34,-63.1,-53.1,21.6,41.0,-97.8,12.1,0.0,117.0,0
D002989,5.7,1201.0,1.1,29.0,0.4,-66.5,-50.6,25.6,47.0,-95.1,3.4,1.0,129.0,1
D002990,5.3,1205.0,1.1,30.5,0.5,-64.8,-50.6,25.7,52.0,-95.2,10.4,1.0,129.0,1
D002991,5.1,1210.0,1.24,27.0,0.47,-63.2,-50.5,23.5,44.0,-96.2,10.2,0.0,129.0,1
D002992,4.6,1179.0,1.17,29.0,0.47,-65.5,-50.4,23.1,45.0,-93.0,9.8,1.0,120.0,1
D002993,4.1,1116.0,,26.0,0.49,-64.3,-49.6,23.2,49.0,-95.1,8.5,1.0,,0
D002994,5.1,1156.0,1.16,24.5,0.32,-69.4,-46.1,29.8,55.0,-92.4,2.2,0.0,113.0,0
D002995,5.7,1240.0,1.34,34.5,0.58,-63.8,-54.1,22.3,39.0,-94.7,0.4,1.0,105.0,0
D002996,5.2,1173.0,1.05,30.0,0.47,-66.5,-50.3,22.9,45.0,-95.0,8.0,0.0,125.0,1
D002997,5.4,1154.0,1.12,28.5,0.48,-64.7,-49.7,25.2,41.0,-95.8,4.0,1.0,126.0,1
D002998,5.0,1247.0,1.16,29.5,0.48,-65.6,-49.9,22.7,45.0,-95.0,9.9,0.0,132.0,1
D002999,5.1,1250.0,0.89,27.0,0.45,-64.7,-49.3,25.0,38.0,-96.0,12.0,0.0,129.0,1
D003000,4.6,1139.0,1.07,29.0,0.47,-64.6,-50.1,24.2,46.0,-96.0,,,132.0,1
D003001,5.1,1206.0,1.13,30.5,0.53,-63.9,-48.9,24.7,43.0,-95.4,10.7,0.0,120.0,1
D003002,5.2,1096.0,1.0,26.5,0.36,-64.7,-49.9,24.9,49.0,-92.8,0.5,0.0,114.0,0
D003003,4.0,1383.0,0.87,34.0,0.62,-60.1,-45.7,21.5,35.0,-95.7,1.0,0.0,104.0,1
D003004,4.8,1302.0,1.25,36.0,0.4,-69.3,-53.1,21.2,54.0,-94.5,4.4,0.0,108.0,1
D003005,4.4,1176.0,1.11,26.0,0.52,-65.2,-50.6,23.2,42.0,-94.7,12.5,1.0,134.0,1
D003006,5.1,1160.0,1.01,29.0,0.53,-64.8,-50.5,24.2,48.0,-95.8,10.2,0.0,126.0,1
D003007,6.9,1232.0,1.22,28.5,0.59,-65.5,-46.4,24.4,50.0,-92.8,1.1,1.0,146.0,1
D003008,5.3,1142.0,1.11,28.0,0.48,-66.2,-47.6,24.2,39.0,-95.4,6.2,0.0,132.0,1
D003009,4.2,1204.0,1.27,31.0,0.5,-66.0,-50.4,25.4,,-95.4,6.5,1.0,122.0,1
D003010,5.2,1076.0,1.33,25.0,0.66,-64.6,-46.4,21.1,36.0,-93.2,1.5,1.0,117.0,0
D003011,4.3,1217.0,1.18,,0.52,-65.4,-49.6,21.7,40.0,-94.1,9.6,1.0,130.0,1
D003012,5.9,1345.0,1.31,27.5,0.66,-67.8,-50.6,26.4,58.0,-97.8,14.1,1.0,105.0,0
D003013,5.2,1173.0,1.18,29.5,0.58,-65.7,-48.7,23.6,44.0,-96.0,8.2,0.0,136.0,1
D003014,4.5,1171.0,1.1,30.0,0.5,-68.7,-50.3,25.4,37.0,-97.3,13.3,0.0,118.0,1
D003015,5.0,1215.0,1.08,29.5,0.47,-64.9,-50.8,24.1,48.0,-94.2,6.7,1.0,133.0,1
D003016,5.1,1212.0,1.05,26.0,0.44,-65.9,-50.2,24.8,37.0,,6.1,0.0,134.0,1
D003017,4.8,1227.0,0.99,27.5,0.45,-66.4,-50.2,25.8,42.0,-94.8,,0.0,126.0,1
D003018,4.9,1160.0,1.33,29.0,0.55,-64.0,-50.5,25.4,48.0,-94.8,6.9,0.0,125.0,0
D003019,4.3,1163.0,1.05,26.5,0.45,-66.9,-49.2,23.3,44.0,-95.3,9.9,0.0,126.0,1
D003020,4.7,1167.0,1.13,27.0,,-63.8,-48.7,24.0,46.0,-94.9,12.1,1.0,121.0,0
D003021,6.9,1037.0,1.51,21.5,0.46,-67.5,-50.9,21.6,34.0,-98.8,16.3,1.0,,1
D003022,5.2,1361.0,0.95,27.0,0.64,-67.0,,20.3,35.0,-95.8,2.2,0.0,132.0,1
D003023,4.7,1192.0,1.04,32.0,0.53,-66.5,-51.1,23.9,48.0,-95.5,5.2,0.0,134.0,1
D003024,4.4,1235.0,1.13,31.0,0.47,-65.4,-48.5,24.1,,-95.5,4.4,1.0,122.0,1
D003025,3.1,1353.0,1.52,39.0,0.38,-60.3,-47.2,24.3,43.0,-98.7,12.8,0.0,108.0,0
D003026,4.9,1212.0,1.1,30.0,0.54,-65.8,-48.5,24.4,41.0,-97.4,7.9,1.0,133.0,1
D003027,4.4,1233.0,1.14,33.0,0.5,-67.6,-51.0,,45.0,-94.9,8.4,1.0,132.0,1
D003028,4.9,1036.0,1.45,31.0,0.37,-69.3,-45.7,29.5,57.0,-90.0,18.4,1.0,123.0,0
D003029,5.2,1184.0,1.18,32.0,0.45,-66.6,-48.7,24.1,47.0,-95.5,9.7,1.0,128.0,1
D003030,5.2,1154.0,1.06,31.0,0.56,-64.5,-49.7,23.9,47.0,-97.6,11.5,1.0,125.0,1
D003031,5.0,1162.0,1.04,30.0,0.47,-66.6,-50.1,23.5,45.0,-96.4,12.1,1.0,130.0,1
D003032,4.2,1172.0,0.8,39.5,0.34,-67.9,-48.1,22.9,48.0,-98.8,20.3,0.0,116.0,1
D003033,5.5,1273.0,1.45,23.0,0.55,-67.5,-49.4,28.7,52.0,-94.4,3.6,0.0,148.0,1
D003034,3.4,1294.0,1.33,30.0,0.4,-68.4,-49.4,21.1,32.0,-92.0,11.6,1.0,111.0,0
D003035,3.5,1109.0,1.09,28.5,0.42,-60.8,-53.6,21.5,39.0,-99.9,2.9,1.0,134.0,0
D003036,5.1,1170.0,1.09,33.0,0.53,-64.9,,25.0,48.0,-95.9,11.9,1.0,123.0,1
D003037,4.7,1163.0,1.52,33.0,0.53,-68.8,-47.1,28.4,46.0,-95.3,9.8,0.0,103.0,0
D003038,6.5,1159.0,1.03,34.5,0.56,-62.3,-50.4,27.6,47.0,-94.1,8.3,1.0,123.0,1
D003039,4.4,1152.0,1.01,30.5,0.45,-64.8,-50.8,22.6,45.0,-95.3,8.9,1.0,130.0,1
D003040,5.0,1165.0,1.2,32.0,0.47,-65.6,-49.5,24.1,46.0,-94.4,5.8,1.0,,1
D003041,5.6,1144.0,1.34,21.5,0.58,-60.4,-48.2,25.4,55.0,-97.2,14.2,1.0,101.0,0
D003042,5.0,1138.0,1.13,30.0,0.5,-64.5,-51.3,25.1,37.0,-96.1,7.7,1.0,136.0,1
D003043,5.0,1205.0,1.15,29.5,0.52,-64.1,-48.4,24.6,40.0,-95.8,5.5,1.0,123.0,1
D003044,5.2,1145.0,1.12,33.0,0.42,-65.5,-50.5,23.5,42.0,-96.1,7.0,1.0,129.0,1
D003045,4.6,1175.0,0.95,31.0,0.56,-65.3,-48.3,23.9,49.0,-96.9,8.5,0.0,130.0,1
D003046,4.9,1181.0,1.08,30.0,0.47,-66.0,-51.3,24.8,44.0,-95.0,12.3,0.0,133.0,1
D003047,5.1,1205.0,1.15,29.0,0.44,-63.4,-51.3,22.3,41.0,-96.2,8.7,1.0,132.0,1
D003048,3.8,1272.0,0.99,24.0,0.47,,-51.5,22.5,43.0,-95.1,14.0,1.0,142.0,0
D003049,5.7,1280.0,1.54,34.5,0.57,-60.8,-48.3,27.3,54.0,-91.5,21.4,0.0,150.0,0
D003050,4.9,1205.0,1.12,28.5,0.44,-66.0,-49.1,23.5,37.0,-95.0,11.2,0.0,125.0,1
D003051,4.8,1227.0,1.08,29.5,0.41,-65.4,-49.8,23.1,50.0,-96.9,8.4,1.0,126.0,1
D003052,3.5,1214.0,1.11,37.5,0.4,-66.5,-46.4,29.2,33.0,-96.8,19.3,1.0,145.0,0
D003053,5.1,1163.0,1.18,26.5,0.49,-66.1,-50.0,23.4,44.0,-95.9,8.7,1.0,126.0,1
D003054,6.5,1391.0,1.54,20.0,0.6,-66.3,-46.2,20.9,56.0,-94.4,1.0,1.0,100.0,0
D003055,4.7,1232.0,1.05,28.5,0.47,-63.6,-49.9,25.7,44.0,-94.0,8.4,0.0,130.0,1
D003056,5.5,1132.0,1.6,26.0,0.43,-64.0,-53.6,27.0,31.0,-96.5,7.4,,122.0,0
D003057,6.3,1096.0,1.06,21.5,0.63,-68.5,-47.1,20.0,48.0,-96.7,1.3,1.0,144.0,1
D003058,5.9,1297.0,1.27,28.5,0.54,-64.1,-47.9,23.8,33.0,-94.1,4.6,0.0,130.0,1
D003059,5.9,1165.0,1.01,40.0,0.61,-69.3,-47.5,24.7,43.0,-96.7,18.2,1.0,124.0,1
D003060,3.9,1352.0,1.06,27.5,0.62,-65.8,-50.7,22.3,37.0,-98.2,2.4,1.0,,1
D003061,5.4,1128.0,1.05,28.0,0.56,-65.7,-51.5,24.9,46.0,-94.6,6.9,0.0,130.0,1
D003062,5.3,1213.0,1.07,27.0,0.46,-66.8,-50.5,23.3,42.0,-95.3,10.1,1.0,122.0,1
D003063,4.4,1244.0,1.1,26.0,0.53,-64.6,-49.8,22.2,44.0,,10.1,0.0,123.0,1
D003064,4.7,1142.0,1.12,28.5,0.58,-66.4,-51.6,22.9,44.0,-93.8,7.5,1.0,128.0,0
D003065,4.2,1204.0,1.16,28.0,0.46,-65.0,-51.2,24.7,39.0,-94.8,11.5,1.0,133.0,1
D003066,4.5,1207.0,1.1,33.5,0.51,-66.1,-51.6,24.4,44.0,-95.1,8.2,0.0,129.0,1
D003067,4.1,1072.0,1.13,24.0,0.32,-64.1,-49.7,22.6,34.0,-95.5,6.3,0.0,114.0,0
D003068,4.7,1209.0,1.09,26.5,0.53,-65.7,-48.0,24.7,41.0,-95.2,5.1,0.0,113.0,1
D003069,5.6,1172.0,1.17,28.0,0.47,-65.3,-49.4,24.5,51.0,-95.5,8.5,0.0,113.0,0
D003070,,1189.0,1.05,29.5,0.47,-65.6,-49.4,24.4,42.0,-93.8,14.0,1.0,129.0,1
D003071,4.2,1122.0,1.08,26.5,0.43,-65.1,-49.1,23.2,45.0,-94.7,14.1,1.0,130.0,0
D003072,4.0,1176.0,1.11,32.5,0.53,-64.9,-49.6,23.4,46.0,-95.4,6.0,1.0,128.0,0
D003073,5.2,1281.0,0.99,29.0,0.46,-63.6,-51.4,24.5,46.0,-95.9,9.0,1.0,133.0,1
D003074,4.4,1267.0,1.04,30.0,0.46,-63.5,-50.6,25.0,47.0,-94.3,9.0,0.0,135.0,1
D003075,4.8,1123.0,1.02,28.5,0.54,-65.1,-51.0,23.6,45.0,-96.0,9.9,0.0,122.0,1
D003076,4.9,1174.0,1.24,29.5,0.62,-69.7,-51.7,24.5,33.0,-93.7,4.1,1.0,134.0,1
D003077,5.2,1124.0,1.12,27.5,0.47,-65.8,-49.6,25.3,42.0,-96.8,7.9,1.0,132.0,1
D003078,5.4,1353.0,1.35,30.5,0.41,-68.6,-45.1,22.6,49.0,-99.9,23.1,1.0,130.0,1
D003079,3.0,1224.0,1.51,32.0,0.53,-68.5,-50.3,27.9,45.0,-90.6,21.9,0.0,147.0,0
D003080,3.7,1091.0,0.97,37.0,0.59,-62.3,-48.0,24.0,57.0,-92.7,14.8,0.0,120.0,0
D003081,5.2,1183.0,1.07,26.5,0.45,-64.8,-51.1,23.1,43.0,-94.9,5.8,1.0,129.0,1
D003082,5.0,1195.0,1.27,27.0,0.47,-65.6,-50.1,22.9,47.0,-94.8,9.8,0.0,128.0,0
D003083,5.1,1175.0,1.13,29.0,0.48,-65.6,-52.0,23.6,46.0,-94.8,4.8,0.0,127.0,1
D003084,5.4,1184.0,1.01,28.0,0.44,-65.7,-51.0,24.8,44.0,-96.4,6.3,0.0,126.0,1
D003085,4.7,1119.0,1.17,27.5,0.43,-63.6,-48.8,25.2,44.0,-96.8,9.2,0.0,128.0,1
D003086,5.4,1211.0,1.17,29.0,0.4,-64.1,-49.4,22.9,47.0,-95.6,10.3,1.0,123.0,1
D003087,4.9,1260.0,1.54,25.5,0.46,-66.5,-52.5,26.8,40.0,-97.6,5.6,0.0,123.0,1
D003088,6.2,1123.0,1.38,39.0,0.38,-65.0,,29.4,49.0,-95.6,10.4,0.0,144.0,0
D003089,5.9,1223.0,1.05,38.0,0.64,-62.0,-45.2,22.6,57.0,-94.0,11.7,1.0,121.0,1
D003090,5.7,1117.0,1.57,25.5,0.61,-68.4,-48.4,21.0,30.0,-91.6,13.7,0.0,145.0,1
D003091,5.2,1145.0,1.08,31.0,0.45,-64.8,-48.9,24.4,44.0,-97.3,12.5,0.0,128.0,1
D003092,4.2,1207.0,1.07,28.5,0.52,-65.0,-48.9,23.0,40.0,-92.9,9.1,1.0,131.0,1
D003093,4.6,1201.0,1.14,30.5,0.5,-65.7,-49.5,25.4,45.0,-95.8,,1.0,128.0,1
D003094,4.5,1245.0,1.02,27.5,0.49,-66.1,-49.3,25.1,43.0,-96.1,8.0,0.0,127.0,0
D003095,4.6,1211.0,1.15,30.5,0.47,-64.4,-50.9,23.9,47.0,-96.0,7.7,1.0,126.0,1
D003096,5.2,1176.0,1.06,27.0,0.5,-65.4,-49.9,23.0,46.0,-96.1,11.1,1.0,130.0,1
D003097,4.5,1192.0,0.88,34.5,0.49,-61.1,-45.4,27.8,42.0,-93.7,,1.0,102.0,0
D003098,4.3,1147.0,1.26,28.0,0.51,-65.4,-50.4,24.0,43.0,-94.0,10.3,0.0,135.0,1
D003099,4.1,1120.0,1.39,30.5,0.54,-61.7,-53.3,26.0,33.0,-90.9,12.8,1.0,105.0,0
D003100,4.8,1186.0,,26.5,0.51,-67.4,-51.4,24.8,47.0,-95.8,10.5,1.0,130.0,1
D003101,4.7,1152.0,1.12,26.0,0.48,-67.1,-50.2,23.6,45.0,-94.4,8.0,0.0,132.0,0
D003102,4.2,1205.0,1.0,33.0,0.47,-64.6,-50.4,24.9,48.0,-96.7,11.2,1.0,121.0,1
D003103,6.1,1149.0,1.46,31.5,0.57,-63.8,-46.7,26.7,40.0,-96.2,8.3,1.0,119.0,1
D003104,4.7,1392.0,0.81,31.0,0.4,-62.5,-53.4,22.6,45.0,-95.7,2.2,1.0,141.0,1
D003105,3.7,1369.0,0.93,33.5,0.32,-61.2,-45.8,27.3,44.0,-97.0,5.4,0.0,126.0,0
D003106,4.8,1052.0,1.53,34.5,0.45,-66.0,-53.1,25.2,33.0,-93.2,20.9,1.0,105.0,0
D003107,4.7,1147.0,1.09,30.0,0.4,-65.6,-49.8,24.2,47.0,-94.7,14.3,1.0,126.0,0
D003108,3.9,1105.0,1.26,35.5,0.56,-64.5,-48.5,25.4,53.0,-92.8,13.4,1.0,104.0,0
D003109,4.4,1194.0,1.08,27.5,0.45,-65.3,-49.3,25.3,42.0,-96.7,8.3,1.0,136.0,1
D003110,5.1,1161.0,1.12,27.5,0.49,-64.8,-50.9,24.8,45.0,-94.8,8.5,1.0,130.0,0
D003111,5.1,1186.0,1.19,26.5,0.52,-65.4,-48.7,22.9,46.0,-96.7,7.3,1.0,133.0,1
D003112,4.6,1132.0,1.07,32.5,0.49,-67.1,-49.2,24.2,45.0,-94.4,8.4,1.0,135.0,1
D003113,4.0,1195.0,1.05,33.5,0.63,-69.0,-48.2,24.5,34.0,-94.5,12.4,0.0,103.0,0
D003114,4.8,1172.0,1.0,27.0,0.49,-64.4,-49.7,24.2,44.0,-97.1,4.5,0.0,129.0,1
D003115,5.4,1140.0,1.11,27.0,0.52,-66.7,-48.2,23.3,39.0,-94.3,12.4,1.0,123.0,0
D003116,5.2,1334.0,1.36,38.5,0.62,-69.9,-45.0,29.8,36.0,-97.8,13.9,0.0,112.0,0
D003117,4.6,1182.0,1.13,30.0,0.43,-64.7,-49.2,20.6,45.0,,9.5,,130.0,0
D003118,4.7,1197.0,1.05,39.5,0.4,-62.9,-53.1,28.5,58.0,-93.3,7.6,0.0,110.0,0
D003119,4.8,1182.0,1.12,26.5,0.47,-64.9,-47.7,23.4,46.0,-94.9,10.2,0.0,116.0,0
D003120,6.0,1339.0,1.04,39.5,0.31,-63.4,-49.0,24.3,51.0,,22.6,0.0,149.0,1
D003121,5.2,1137.0,1.16,31.0,0.46,-66.1,-50.2,22.6,44.0,-95.6,6.9,,122.0,1
D003122,,1202.0,1.11,23.0,0.49,-66.8,-50.9,24.2,40.0,-94.9,7.3,1.0,133.0,1
D003123,3.1,1278.0,1.24,33.0,0.45,-69.4,-54.0,28.3,44.0,-95.9,20.9,0.0,100.0,1
D003124,4.7,1196.0,1.06,26.5,0.51,-64.8,-51.3,23.6,42.0,-94.0,7.7,1.0,127.0,1
D003125,4.7,1177.0,1.11,28.0,0.41,-66.7,-49.3,24.0,42.0,-97.2,10.2,1.0,129.0,1
D003126,6.9,1121.0,1.32,29.5,0.31,-68.2,-52.0,20.7,49.0,-98.8,17.3,1.0,148.0,1
D003127,3.7,1377.0,1.43,33.0,0.4,-68.7,-53.3,24.9,36.0,-90.5,22.6,0.0,115.0,0
D003128,4.2,1239.0,0.91,30.5,0.46,-62.5,-49.2,24.5,45.0,-96.9,9.2,1.0,125.0,1
D003129,4.6,1207.0,1.51,26.0,0.42,-65.6,-45.3,22.5,49.0,-96.7,23.3,0.0,101.0,0
D003130,5.4,1141.0,1.1,29.0,0.35,-65.0,-49.2,24.1,46.0,-96.0,4.2,0.0,129.0,1
D003131,4.3,1219.0,1.03,29.5,0.52,-65.2,-50.0,22.7,43.0,-97.0,,1.0,129.0,0
D003132,4.1,1134.0,0.94,25.5,0.51,-64.4,-50.3,24.3,39.0,-95.6,9.7,1.0,130.0,1
D003133,4.7,1218.0,1.14,32.5,0.47,-65.7,-48.0,23.2,39.0,-94.9,8.4,0.0,125.0,1
D003134,5.0,1235.0,1.23,29.5,0.48,-65.7,-47.7,27.0,45.0,-94.5,11.1,1.0,114.0,0
D003135,5.9,1180.0,1.04,38.0,0.55,-69.1,-48.8,29.9,32.0,-95.7,3.8,1.0,122.0,1
D003136,4.9,1191.0,1.05,27.0,0.44,-62.9,-50.4,24.6,47.0,-96.6,8.4,0.0,124.0,1
D003137,4.3,1235.0,1.08,27.0,0.49,-64.8,-48.8,22.1,47.0,-95.5,7.9,1.0,135.0,0
D003138,6.4,1232.0,1.29,37.5,0.49,-64.8,-50.2,26.3,52.0,-93.5,2.2,0.0,134.0,1
D003139,6.4,1333.0,1.54,38.5,0.32,-67.7,-51.7,22.6,35.0,-94.2,13.6,0.0,115.0,0
D003140,4.6,1128.0,1.04,29.5,0.44,-65.4,-49.6,23.9,43.0,-96.3,8.6,0.0,127.0,1
D003141,5.0,1170.0,1.16,31.0,0.44,-65.7,-51.0,24.0,43.0,,9.0,1.0,127.0,0
D003142,5.6,1165.0,1.11,30.0,0.52,-65.6,-49.7,22.0,43.0,-95.2,3.1,1.0,128.0,1
D003143,3.2,1386.0,1.14,28.0,0.55,-65.7,-49.6,27.2,37.0,-95.9,21.8,1.0,135.0,0
D003144,4.0,1214.0,1.09,27.0,0.47,-66.8,-52.0,23.9,38.0,-95.6,6.6,1.0,120.0,1
D003145,5.7,1231.0,1.12,29.5,0.51,-65.6,-50.7,24.0,42.0,-96.5,6.4,1.0,133.0,1
D003146,4.6,1200.0,1.07,32.0,0.5,-65.8,-49.5,22.4,45.0,-94.9,4.6,1.0,122.0,1
D003147,5.8,1206.0,1.04,29.0,0.44,-63.7,-49.9,21.6,44.0,,7.8,1.0,124.0,1
D003148,4.7,1228.0,1.0,29.0,0.43,-65.3,-48.8,23.5,42.0,-96.3,7.0,1.0,130.0,1
D003149,4.0,1225.0,1.07,25.0,0.48,-65.6,-50.5,25.6,44.0,-96.3,1.6,0.0,131.0,1
D003150,5.7,1117.0,0.94,30.0,0.52,-65.2,-49.8,25.1,46.0,-95.6,11.2,1.0,128.0,1
D003151,3.0,1124.0,1.27,23.0,0.5,-68.4,-45.5,25.3,37.0,-94.6,16.9,1.0,146.0,0
D003152,5.2,1200.0,1.16,32.0,0.46,-66.3,-50.2,25.5,45.0,-97.3,8.3,,122.0,1
D003153,5.1,1168.0,1.18,29.5,0.43,,-51.3,22.9,47.0,-94.8,10.6,0.0,134.0,0
D003154,4.8,1159.0,1.12,30.0,0.44,-67.6,-50.8,24.4,41.0,-94.9,11.5,1.0,121.0,1
D003155,5.0,1153.0,0.98,27.5,0.46,-65.9,-51.5,25.1,45.0,-96.9,11.4,0.0,122.0,1
D003156,5.7,1112.0,1.56,29.0,0.31,-65.8,-54.2,22.2,60.0,-99.2,23.8,0.0,118.0,0
D003157,4.7,1246.0,1.16,30.0,0.5,-62.6,-51.8,23.9,42.0,-96.3,11.5,1.0,131.0,0
D003158,4.8,1176.0,1.03,25.5,0.5,-66.8,-50.3,,41.0,-95.3,4.6,0.0,125.0,1
D003159,5.6,1148.0,1.24,29.0,0.49,-65.8,-49.2,23.8,51.0,-93.8,6.3,1.0,125.0,1
D003160,5.1,1230.0,1.14,34.5,0.43,-64.6,-51.8,24.0,43.0,-95.1,10.4,0.0,131.0,1
D003161,3.7,1185.0,1.11,26.5,0.43,-66.3,-48.9,26.1,37.0,-94.8,9.4,1.0,125.0,0
D003162,,1180.0,1.02,33.0,0.48,-64.0,-50.7,23.9,50.0,-96.0,10.6,1.0,135.0,0
D003163,4.9,1311.0,0.84,24.5,0.64,-63.5,-47.9,21.3,42.0,-96.8,22.5,0.0,139.0,0
D003164,4.4,1158.0,0.98,27.0,0.45,-65.0,-48.2,25.7,46.0,-96.4,10.3,1.0,127.0,0
D003165,4.4,1186.0,1.09,30.5,0.39,-66.0,-50.6,22.4,43.0,-95.1,13.4,0.0,124.0,1
D003166,5.2,1121.0,1.11,27.0,0.51,-65.0,-48.4,23.8,40.0,-95.1,4.8,1.0,134.0,1
D003167,6.8,1289.0,0.91,25.0,0.37,-61.4,-46.7,25.3,38.0,-95.0,4.5,1.0,119.0,0
D003168,3.2,1278.0,1.13,27.5,0.55,-65.9,-49.8,25.7,57.0,-96.1,19.2,1.0,110.0,0
D003169,4.5,1157.0,1.15,30.5,0.48,-63.6,-49.5,24.9,49.0,-96.2,11.2,1.0,126.0,1
D003170,3.0,1186.0,0.8,35.0,0.57,-69.8,-51.3,26.8,46.0,-93.5,10.3,1.0,116.0,1
D003171,6.4,1008.0,1.48,34.5,0.6,-67.2,-50.7,20.3,48.0,-95.5,8.1,0.0,110.0,0
D003172,5.2,1182.0,1.01,31.0,0.47,,-49.7,23.4,42.0,-94.7,8.2,0.0,128.0,1
D003173,4.6,1145.0,1.42,23.5,0.7,-68.5,-51.7,26.6,,-99.4,20.0,0.0,148.0,0
D003174,4.7,1184.0,0.95,29.5,0.43,-66.7,-48.5,24.6,48.0,-95.1,8.6,0.0,137.0,1
D003175,5.1,1209.0,0.96,27.5,0.55,-64.3,-49.8,24.0,43.0,-96.2,7.6,1.0,131.0,1
D003176,4.8,1198.0,1.01,31.5,0.47,-65.1,,24.2,48.0,-96.9,9.8,1.0,136.0,1
D003177,4.5,1143.0,1.12,27.0,0.42,-63.2,-47.8,25.2,49.0,-94.7,8.4,0.0,133.0,1
D003178,7.0,1343.0,1.08,31.0,0.34,-69.8,-46.9,23.2,34.0,-92.4,15.8,1.0,106.0,1
D003179,4.9,1296.0,1.32,28.0,0.6,-61.7,-47.4,28.8,59.0,-99.7,1.9,0.0,125.0,0
D003180,4.8,1213.0,1.13,29.0,0.46,-65.6,-46.6,24.5,42.0,-96.2,8.4,1.0,129.0,1
D003181,4.5,1163.0,1.14,29.5,0.49,-65.5,-50.7,26.0,46.0,-95.0,14.5,0.0,133.0,1
D003182,3.8,1221.0,1.19,31.5,0.5,-66.4,-47.8,24.2,47.0,-95.1,,1.0,118.0,0
D003183,4.3,1145.0,1.11,29.5,0.57,-65.6,-49.7,23.2,45.0,-95.3,5.5,0.0,124.0,1
D003184,5.4,1135.0,1.25,27.0,0.52,-66.3,-50.1,22.9,41.0,-94.7,11.9,1.0,132.0,1
D003185,4.6,1200.0,1.21,30.5,0.46,-64.7,-50.6,25.7,,-96.0,8.1,0.0,134.0,1
D003186,5.0,1162.0,1.15,29.0,0.42,-66.0,-51.2,24.8,44.0,-94.8,8.4,0.0,129.0,1
D003187,5.4,1226.0,1.06,25.0,0.52,-64.0,-50.6,23.7,45.0,-94.4,8.0,1.0,130.0,1
D003188,4.7,1199.0,1.27,27.5,0.45,-64.6,-50.8,25.0,43.0,-96.1,8.6,1.0,125.0,1
D003189,5.0,1214.0,1.1,32.0,0.45,-63.7,-49.9,23.4,42.0,-95.4,9.5,1.0,124.0,1
D003190,5.7,1399.0,1.41,28.0,0.7,-60.5,-54.9,30.0,48.0,-96.0,0.1,1.0,116.0,0
D003191,5.6,1117.0,0.99,29.0,0.42,-66.2,-49.9,22.9,45.0,-97.2,8.1,0.0,128.0,1
D003192,4.6,1208.0,0.99,30.0,0.48,-66.6,-50.0,23.2,43.0,-95.5,11.2,1.0,131.0,1
D003193,5.0,1152.0,1.2,26.5,0.44,-66.1,-49.0,23.6,40.0,-94.9,7.4,0.0,133.0,1
D003194,4.6,1201.0,1.23,32.5,0.5,-61.6,-49.9,24.8,59.0,-90.7,22.1,1.0,136.0,0
D003195,4.5,1195.0,1.11,28.5,0.53,-64.2,-49.9,24.3,42.0,-95.9,11.4,1.0,124.0,1
D003196,4.4,1206.0,1.08,25.0,0.44,-66.8,-51.3,23.2,47.0,-96.4,9.4,0.0,129.0,1
D003197,7.0,1220.0,0.93,34.5,0.36,-65.0,-53.6,29.3,38.0,-90.3,15.8,0.0,142.0,1
D003198,5.4,1030.0,0.93,24.5,0.36,-68.9,-47.7,28.7,35.0,-91.1,,0.0,140.0,0
D003199,4.8,1129.0,1.05,28.0,0.53,-64.7,-51.1,22.5,50.0,-95.0,7.0,1.0,126.0,1
D003200,4.9,1316.0,1.07,31.5,0.61,-68.2,-48.6,29.5,36.0,-95.7,12.3,1.0,,0
D003201,5.4,1184.0,1.1,32.5,0.45,-64.0,-50.7,22.2,48.0,-96.0,5.8,1.0,137.0,1
D003202,4.2,1228.0,0.96,27.5,0.47,-66.5,-50.6,23.2,41.0,-95.6,7.4,1.0,122.0,1
D003203,4.6,1167.0,1.15,26.5,0.42,-66.8,-50.3,22.9,41.0,-96.5,8.9,1.0,130.0,1
D003204,4.9,1164.0,1.07,30.5,0.45,-65.8,-49.2,25.2,47.0,-94.7,12.4,1.0,129.0,1
D003205,4.3,1330.0,1.1,30.0,0.36,-60.6,-50.8,22.7,42.0,-96.3,20.4,0.0,117.0,0
D003206,4.2,1195.0,1.02,28.5,0.44,-68.2,-52.5,20.3,31.0,-95.5,3.2,0.0,148.0,1
D003207,4.1,1091.0,0.96,38.0,0.42,-64.9,-51.7,28.7,57.0,-96.0,1.3,1.0,149.0,1
D003208,,1180.0,1.14,28.0,0.48,-64.3,-49.8,25.5,52.0,-95.9,7.2,1.0,128.0,0
D003209,4.8,1212.0,1.02,29.0,0.5,-66.9,-49.3,24.4,49.0,-96.0,8.2,1.0,131.0,0
D003210,5.2,1180.0,1.11,32.0,0.48,-67.2,-49.5,24.4,43.0,-95.5,6.6,1.0,118.0,1
D003211,5.5,1186.0,1.1,30.5,0.43,-66.0,-48.9,23.2,42.0,-94.4,7.3,0.0,134.0,1
D003212,3.3,1368.0,1.38,24.0,0.33,-61.6,-52.6,24.1,53.0,-92.5,20.6,0.0,108.0,0
D003213,5.1,1186.0,1.01,30.5,0.45,-65.1,-50.4,24.6,43.0,-96.8,3.5,0.0,131.0,1
D003214,3.6,1285.0,1.17,34.5,0.5,-66.5,-48.8,26.5,46.0,-95.4,17.8,1.0,150.0,0
D003215,4.8,1186.0,1.02,28.0,0.5,-64.6,-51.6,24.4,40.0,-96.3,9.8,0.0,122.0,1
D003216,4.8,1144.0,1.01,31.5,0.42,-63.6,-47.7,25.0,48.0,-95.6,10.7,1.0,129.0,0
D003217,4.1,1213.0,1.19,28.0,0.53,-65.0,-48.5,24.6,53.0,-95.8,14.7,1.0,128.0,0
D003218,4.1,1204.0,1.18,29.5,0.51,-66.5,-48.4,22.9,43.0,-94.9,9.8,0.0,131.0,1
D003219,3.3,1299.0,1.49,25.0,0.68,-63.4,-48.9,20.3,55.0,-90.7,12.9,0.0,103.0,0
D003220,4.9,1231.0,1.17,30.0,0.45,-63.8,-51.5,23.9,42.0,-95.2,11.0,1.0,123.0,1
D003221,5.6,1128.0,1.11,29.5,0.54,-66.5,-51.2,23.4,46.0,-96.9,10.2,1.0,130.0,1
D003222,3.3,1390.0,1.06,30.5,0.35,-68.5,,29.5,56.0,-95.0,15.0,1.0,126.0,0
D003223,3.0,1217.0,1.18,37.0,0.58,-60.6,-53.2,25.9,50.0,-98.2,,1.0,137.0,0
D003224,5.3,1128.0,1.0,27.5,0.47,-63.6,-53.3,24.9,48.0,-94.2,8.3,1.0,132.0,1
D003225,4.8,1260.0,1.07,27.5,0.42,-65.6,-50.7,24.5,44.0,-95.3,14.1,0.0,127.0,0
D003226,4.4,1086.0,0.91,36.0,0.5,-68.6,-50.1,25.6,51.0,-99.9,14.7,0.0,115.0,1
D003227,3.8,1151.0,1.1,29.0,0.49,-63.9,-49.9,24.1,44.0,-95.8,11.0,1.0,132.0,0
D003228,4.8,1219.0,1.09,31.5,0.58,-65.3,-50.0,23.2,,-96.4,9.2,1.0,134.0,1
D003229,5.2,1230.0,1.15,31.0,0.51,-66.0,-50.1,23.7,32.0,-98.4,5.8,1.0,131.0,1
D003230,,1181.0,1.03,28.5,0.46,-67.2,-48.8,22.5,46.0,-94.6,6.8,1.0,126.0,1
D003231,4.6,1276.0,0.95,35.5,0.6,-60.8,-49.7,22.6,56.0,-99.2,19.8,0.0,107.0,0
D003232,4.5,1163.0,1.09,30.0,0.51,-65.6,-49.5,23.2,45.0,-94.7,8.0,1.0,124.0,0
D003233,4.5,1185.0,1.09,30.5,0.57,-67.2,-51.0,24.3,44.0,-95.3,9.7,1.0,127.0,1
D003234,5.1,1181.0,1.09,28.5,0.5,-66.2,-51.0,23.8,48.0,-94.6,3.8,1.0,130.0,1
D003235,4.8,1150.0,1.0,30.5,0.46,-66.2,-47.7,23.7,43.0,-93.7,8.2,1.0,122.0,1
D003236,4.0,1173.0,1.22,23.0,0.56,-64.0,-47.3,27.1,44.0,-95.1,15.7,0.0,106.0,0
D003237,4.8,1130.0,1.21,31.5,0.49,-66.6,-50.3,24.5,50.0,-94.9,15.1,0.0,119.0,1
D003238,4.9,1177.0,1.05,30.0,0.47,-65.4,-50.6,24.1,44.0,-95.7,12.8,,128.0,1
D003239,4.6,1196.0,0.97,25.5,0.52,-65.1,-49.2,24.6,49.0,-96.9,8.5,1.0,123.0,1
D003240,4.4,1391.0,1.26,28.5,0.39,-66.9,-47.0,25.6,60.0,-98.5,22.4,1.0,114.0,0
D003241,5.2,1254.0,1.03,33.5,0.45,-65.0,-49.7,22.2,42.0,-96.9,7.8,0.0,130.0,1
D003242,5.6,1198.0,1.14,30.5,0.45,-66.2,-51.4,22.7,41.0,-95.6,7.1,1.0,131.0,1
D003243,5.2,1143.0,1.22,24.5,0.51,-65.8,-50.9,22.9,43.0,-97.1,10.9,0.0,,1
D003244,4.6,1184.0,1.17,29.5,0.42,-66.2,-48.9,24.9,45.0,-94.4,6.8,0.0,125.0,1
D003245,5.0,1167.0,1.16,27.5,0.52,-67.2,-50.7,23.5,42.0,-94.5,8.2,1.0,127.0,1
D003246,4.7,1240.0,0.82,30.0,0.48,-67.9,-54.2,24.6,53.0,-92.1,5.0,0.0,141.0,1
D003247,5.7,1253.0,0.93,24.5,,-65.2,-51.4,26.0,45.0,-96.4,9.8,0.0,134.0,1
D003248,3.8,1253.0,1.0,29.0,0.46,-66.2,-50.0,24.4,44.0,-95.5,11.1,0.0,126.0,1
D003249,7.0,1200.0,1.05,24.0,0.57,-68.9,-53.0,28.0,51.0,-97.8,12.0,0.0,123.0,1
D003250,5.2,1125.0,1.07,33.0,0.49,-66.0,-50.8,23.9,43.0,-95.5,3.8,1.0,135.0,1
D003251,4.6,1251.0,,31.5,0.44,-68.4,-50.4,28.5,55.0,-94.3,14.4,1.0,118.0,0
D003252,6.1,1033.0,0.94,31.5,0.54,-65.2,-54.2,27.9,42.0,,18.6,0.0,142.0,1
D003253,6.0,1354.0,0.88,25.0,0.56,-64.8,-48.7,28.1,33.0,-98.7,16.0,0.0,128.0,1
D003254,4.8,1151.0,1.08,25.0,0.49,-64.9,-48.3,24.9,44.0,-94.7,,0.0,129.0,1
D003255,5.1,1207.0,1.01,31.0,0.48,-64.9,-51.2,24.5,47.0,-96.7,11.2,0.0,135.0,1
D003256,5.2,1166.0,1.19,30.5,0.65,-69.1,-46.6,23.1,51.0,-97.2,6.4,1.0,100.0,0
D003257,5.4,1103.0,1.54,31.5,0.39,-63.3,-50.4,26.3,57.0,-93.6,4.8,1.0,150.0,1
D003258,5.6,1137.0,1.06,27.0,0.45,-66.3,-48.3,25.1,48.0,-98.4,12.9,1.0,128.0,1
D003259,3.2,1291.0,0.87,22.5,0.62,-64.3,-50.2,22.3,36.0,-99.2,7.4,1.0,110.0,0
D003260,5.1,1205.0,1.07,26.5,0.51,-65.6,-49.3,25.1,42.0,-95.6,,,125.0,1
D003261,5.1,1179.0,0.97,28.5,0.5,-64.8,-49.4,23.7,,-95.9,5.8,0.0,130.0,1
D003262,6.3,1358.0,1.18,22.5,0.62,-63.8,-45.1,23.6,60.0,-91.6,6.3,1.0,131.0,0
D003263,4.8,1153.0,1.09,30.5,0.52,-64.8,-51.3,23.3,47.0,-95.3,6.8,0.0,125.0,1
D003264,4.2,1152.0,0.99,27.5,0.41,-66.5,-50.6,21.2,42.0,-96.7,11.7,0.0,130.0,1
D003265,4.6,1133.0,1.27,31.0,0.5,-65.4,-50.4,25.6,43.0,-93.7,5.4,0.0,131.0,1
D003266,5.0,1220.0,1.0,26.5,0.45,-64.8,-51.1,24.2,49.0,-95.3,9.3,1.0,133.0,1
D003267,4.3,1164.0,0.96,31.0,,-66.3,-49.7,24.1,,-96.3,7.1,1.0,128.0,1
D003268,4.4,1177.0,1.19,29.0,0.49,-64.2,-50.5,24.8,41.0,-94.6,7.3,0.0,136.0,1
D003269,4.6,1225.0,1.05,28.5,0.5,-66.2,-49.6,23.6,47.0,-96.8,10.0,1.0,,0
D003270,4.9,1167.0,1.15,30.5,0.5,-64.4,-48.9,22.6,44.0,-95.6,10.1,1.0,129.0,1
D003271,6.0,1273.0,1.16,20.0,0.46,-67.3,-47.9,24.0,47.0,-94.2,4.0,1.0,103.0,1
D003272,4.5,1160.0,1.07,29.5,0.46,-66.1,-52.0,23.6,41.0,-95.6,8.4,0.0,123.0,1
D003273,6.8,1314.0,1.09,23.5,0.52,-61.8,-48.4,28.2,54.0,-90.6,9.3,0.0,140.0,0
D003274,3.5,1349.0,0.88,23.0,0.38,-64.3,-45.8,22.9,40.0,-96.3,17.6,1.0,118.0,0
D003275,4.9,1222.0,1.19,27.0,0.43,-66.4,-51.1,25.0,43.0,-93.0,10.3,1.0,117.0,0
D003276,4.1,1265.0,1.12,24.0,0.49,-64.5,-47.0,21.1,45.0,-94.3,8.4,1.0,111.0,0
D003277,4.7,1155.0,0.99,30.0,0.42,-65.4,-49.8,24.4,47.0,-94.9,10.8,0.0,130.0,1
D003278,5.2,1171.0,1.07,30.0,0.5,-65.5,-50.8,23.3,42.0,-93.6,10.9,1.0,128.0,1
D003279,6.8,1383.0,1.35,22.0,0.34,-62.0,-54.7,23.6,37.0,-96.9,18.6,1.0,110.0,0
D003280,4.8,1172.0,1.17,28.0,0.48,-64.7,-49.3,23.4,41.0,-93.8,9.3,0.0,128.0,1
D003281,5.0,1175.0,1.24,29.0,0.46,-65.8,-47.9,24.0,44.0,-95.8,6.9,1.0,133.0,1
D003282,5.2,1306.0,1.59,20.5,0.54,-61.7,-46.1,20.3,58.0,-96.9,4.0,0.0,117.0,0
D003283,4.7,1167.0,1.02,29.0,0.52,-65.1,-48.5,23.9,44.0,-96.2,8.9,1.0,127.0,1
D003284,5.1,1260.0,1.04,33.0,0.62,-64.7,,26.3,31.0,-95.6,1.7,1.0,101.0,1
D003285,4.8,1162.0,1.01,29.5,0.55,-64.0,,24.6,,-94.8,5.9,1.0,126.0,1
D003286,5.0,1131.0,1.07,30.5,0.5,-65.5,-49.7,25.3,43.0,-95.4,6.7,0.0,128.0,1
D003287,5.5,1201.0,1.16,28.0,0.46,-65.1,-50.3,23.7,41.0,-95.1,6.4,1.0,123.0,1
D003288,4.5,1139.0,1.43,28.0,0.51,-68.3,-45.3,20.0,51.0,-92.3,19.6,0.0,142.0,0
D003289,4.5,1125.0,1.09,29.5,0.46,-68.4,-51.4,24.7,42.0,-94.8,8.4,1.0,123.0,1
D003290,5.0,1217.0,1.55,34.5,0.43,-68.8,-46.8,24.0,47.0,-96.9,,1.0,140.0,1
D003291,4.6,1317.0,0.88,20.5,,-64.7,-53.6,28.7,58.0,-95.3,3.4,0.0,137.0,0
D003292,5.2,1256.0,1.09,26.5,0.55,-65.9,-50.2,23.1,47.0,-95.2,9.8,1.0,136.0,1
D003293,6.5,1210.0,1.38,39.5,,-65.7,-51.3,21.8,33.0,-91.6,6.2,0.0,139.0,1
D003294,4.2,1139.0,1.05,27.0,0.43,-65.3,-50.6,26.0,42.0,-94.9,12.5,0.0,127.0,0
D003295,4.9,1188.0,1.07,26.0,0.52,-65.1,-50.1,23.7,40.0,-94.8,6.3,1.0,130.0,0
D003296,,1013.0,0.87,36.5,0.44,-64.4,-46.2,23.9,52.0,,,1.0,109.0,1
D003297,3.2,1202.0,1.04,39.5,0.58,-62.3,-54.8,22.0,44.0,-93.8,15.1,1.0,149.0,1
D003298,4.5,1051.0,0.93,33.0,0.42,-68.3,-49.5,25.9,44.0,-90.3,20.1,0.0,132.0,1
D003299,6.3,1168.0,1.06,39.5,0.37,-69.9,-45.0,24.0,37.0,-95.1,15.2,0.0,136.0,1
D003300,5.0,1076.0,1.25,30.5,0.49,-64.1,-48.4,22.3,44.0,-96.0,8.7,1.0,127.0,1
D003301,4.8,1177.0,1.14,29.5,0.5,-64.7,-50.7,25.2,48.0,-95.5,9.7,0.0,125.0,1
D003302,5.1,1188.0,1.17,31.0,0.51,-66.5,-51.2,24.5,44.0,-95.8,8.7,1.0,129.0,1
D003303,6.1,1301.0,1.58,27.0,0.46,-68.2,-50.2,29.8,56.0,-91.0,22.5,1.0,147.0,0
D003304,4.8,1131.0,,28.0,0.47,-66.4,-50.9,24.3,41.0,-95.7,9.0,1.0,124.0,1
D003305,6.2,1175.0,1.5,34.0,0.36,-60.3,-52.5,23.2,30.0,-90.1,5.4,1.0,127.0,1
D003306,5.9,1360.0,1.42,29.0,,-69.4,-53.1,27.5,41.0,-91.4,10.0,0.0,103.0,1
D003307,5.2,1174.0,1.19,29.5,0.46,-65.8,-50.8,,46.0,-95.5,10.2,0.0,130.0,1
D003308,4.7,,0.92,34.5,0.44,-69.3,-51.0,25.1,54.0,-90.2,10.0,0.0,127.0,1
D003309,6.6,1228.0,0.95,30.5,0.34,-68.7,-54.0,27.1,39.0,-90.3,23.0,1.0,135.0,1
D003310,5.4,1174.0,1.12,32.5,0.45,-67.3,-51.3,24.5,38.0,-96.2,8.9,1.0,121.0,1
D003311,4.5,1096.0,1.03,31.0,0.5,-64.3,-49.9,23.3,48.0,-95.4,6.0,1.0,133.0,1
D003312,4.9,1250.0,1.43,21.5,0.6,-68.6,-51.7,26.7,42.0,-93.1,18.3,0.0,138.0,0
D003313,4.3,1217.0,1.23,28.0,0.46,-66.2,-51.0,24.2,43.0,-94.0,9.2,1.0,123.0,1
D003314,3.2,1334.0,1.6,38.5,0.39,-60.2,-45.5,28.3,48.0,-94.6,17.2,1.0,134.0,0
D003315,5.1,1210.0,1.08,26.0,0.42,-65.6,-50.9,24.1,46.0,-98.0,10.7,0.0,133.0,1
D003316,4.9,,0.98,28.5,0.48,-64.4,-48.6,23.3,48.0,-95.0,11.7,1.0,137.0,1
D003317,5.2,1139.0,1.22,31.0,0.55,-66.6,-51.0,23.8,44.0,-95.7,8.1,1.0,122.0,1
D003318,4.1,1114.0,1.06,27.0,0.48,-64.1,-50.6,24.5,41.0,-96.0,11.3,1.0,127.0,1
D003319,6.7,1097.0,1.32,38.0,0.69,-60.3,-49.0,21.8,49.0,-94.9,22.9,1.0,114.0,0
D003320,4.1,1164.0,1.03,38.5,0.63,-67.4,-48.1,25.0,58.0,-92.3,6.7,1.0,122.0,0
D003321,5.1,1215.0,1.2,29.0,0.55,-65.7,-49.3,25.1,47.0,-95.2,9.2,0.0,128.0,1
D003322,6.7,1138.0,1.36,32.0,0.47,-69.3,-54.7,24.0,44.0,-94.7,19.7,1.0,120.0,1
D003323,3.4,1389.0,1.55,27.5,0.32,-63.6,-48.7,26.3,55.0,-95.6,7.2,1.0,147.0,0
D003324,3.7,1047.0,1.26,35.0,0.32,-65.6,-50.3,26.0,41.0,-92.0,22.1,1.0,145.0,0
D003325,5.4,1157.0,1.4,30.5,0.56,-67.2,-50.8,25.4,55.0,-98.2,20.7,0.0,122.0,1
D003326,5.9,1110.0,1.25,34.0,0.44,-68.5,-48.9,21.4,56.0,-95.1,2.6,1.0,143.0,1
D003327,5.0,1346.0,0.83,23.5,0.53,-65.2,-53.2,20.8,34.0,-99.1,22.2,0.0,142.0,1
D003328,4.8,1132.0,0.94,31.0,0.45,-66.2,-49.2,25.8,42.0,-95.3,7.2,1.0,125.0,1
D003329,6.0,1167.0,1.09,29.0,0.47,-66.5,-49.2,22.7,44.0,-96.4,16.5,0.0,127.0,1
D003330,4.1,1110.0,1.12,30.5,0.47,-65.7,-51.0,24.7,44.0,-95.1,9.2,0.0,133.0,1
D003331,5.6,1000.0,1.42,25.0,0.5,-62.9,-54.0,28.6,31.0,-97.6,0.2,1.0,119.0,1
D003332,3.8,1130.0,1.05,26.0,0.55,-65.8,-50.4,23.0,46.0,-95.1,9.2,1.0,127.0,0
D003333,4.7,1169.0,1.04,27.0,0.43,-66.1,-49.3,22.6,,-93.7,10.4,1.0,131.0,1
D003334,4.0,1365.0,1.45,38.0,0.32,-61.2,-51.5,25.5,54.0,-90.3,5.1,1.0,143.0,0
D003335,4.0,1170.0,1.13,29.0,0.5,-64.5,,24.0,47.0,-95.6,,0.0,131.0,1
D003336,5.1,1213.0,1.06,27.0,0.56,-65.8,-49.3,23.1,39.0,-96.2,10.9,0.0,136.0,1
D003337,5.7,1016.0,1.58,24.0,0.39,-64.0,-50.4,21.6,60.0,-94.2,2.7,0.0,150.0,0
D003338,4.2,1189.0,1.07,28.0,0.47,-65.3,-52.1,,45.0,-96.1,7.4,0.0,127.0,1
D003339,4.7,1236.0,1.04,29.5,0.43,-65.1,-48.9,23.4,,-96.4,7.2,1.0,131.0,0
D003340,5.5,1162.0,1.05,25.5,0.51,-65.1,-50.5,25.0,43.0,-94.8,8.7,0.0,115.0,1
D003341,4.8,1183.0,1.05,29.5,0.39,-65.5,-50.6,24.7,47.0,-96.0,9.9,0.0,127.0,1
D003342,6.0,1088.0,0.88,27.5,0.33,-63.4,-46.4,26.1,36.0,-97.7,12.7,1.0,112.0,0
D003343,5.2,1216.0,1.16,27.0,0.42,-66.1,-50.6,25.3,44.0,-95.3,10.9,1.0,133.0,1
D003344,4.3,1146.0,1.17,31.0,0.49,-65.9,-50.9,24.7,46.0,-96.0,8.0,1.0,130.0,1
D003345,6.5,1175.0,1.43,34.5,0.48,-62.9,-54.6,22.1,57.0,-97.4,8.5,0.0,103.0,1
D003346,,1134.0,1.22,28.0,0.47,-65.6,-49.0,24.7,42.0,-95.2,9.0,0.0,125.0,1
D003347,4.9,1196.0,1.07,29.5,0.36,-61.4,-45.6,25.5,51.0,-96.8,7.0,1.0,135.0,0
D003348,4.9,1189.0,1.09,27.0,0.44,-65.7,-48.3,22.6,46.0,-95.3,10.9,0.0,121.0,1
D003349,7.0,1300.0,1.43,32.0,0.68,-63.3,-52.9,25.3,39.0,-98.5,14.6,1.0,116.0,1
D003350,4.5,1197.0,,30.5,0.47,-65.1,-49.4,25.4,43.0,-98.1,11.1,0.0,124.0,1
D003351,4.2,1169.0,1.18,25.5,0.48,-63.7,-52.2,23.3,39.0,-94.6,7.5,1.0,120.0,0
D003352,5.2,1184.0,1.14,40.0,0.46,-65.5,-47.2,24.5,30.0,-99.9,2.2,0.0,106.0,1
D003353,5.2,1173.0,1.09,29.5,0.46,-65.3,-51.0,24.4,,-93.7,11.5,0.0,118.0,1
D003354,4.7,1221.0,1.07,26.0,0.47,-64.2,-51.3,23.0,46.0,-95.6,13.7,1.0,121.0,0
D003355,5.1,1232.0,1.03,30.0,0.52,-65.3,-50.6,24.3,43.0,-94.9,8.2,0.0,128.0,1
D003356,4.4,1148.0,1.2,29.5,0.48,-66.5,-49.0,23.1,42.0,-96.5,8.4,,134.0,1
D003357,4.6,1216.0,1.38,31.5,0.49,-60.1,-54.2,21.3,51.0,-91.2,19.7,1.0,136.0,0
D003358,4.1,1104.0,1.0,28.0,0.47,-65.3,-52.3,24.0,47.0,-95.4,7.9,1.0,134.0,1
D003359,5.2,1172.0,1.08,30.0,0.47,-64.9,-50.8,23.6,48.0,-95.1,11.7,0.0,137.0,0
D003360,5.9,1252.0,1.16,29.0,0.43,-61.3,-48.2,28.4,38.0,-91.4,8.2,1.0,117.0,0
D003361,6.5,1071.0,1.16,25.5,0.42,-61.9,-45.3,24.9,52.0,-90.5,1.2,0.0,143.0,1
D003362,4.9,1158.0,1.08,29.5,0.44,-65.0,-49.8,23.2,46.0,-95.5,9.9,1.0,127.0,1
D003363,4.7,1209.0,0.99,25.5,0.48,-65.0,-49.3,24.0,47.0,-94.2,8.7,1.0,125.0,1
D003364,4.2,1305.0,1.5,25.5,0.59,-69.2,-47.0,20.9,33.0,-95.5,13.7,1.0,119.0,0
D003365,4.7,1140.0,1.02,28.5,0.54,-64.7,-49.1,23.3,45.0,-96.9,11.6,0.0,133.0,0
D003366,4.9,1164.0,1.09,31.0,0.5,-65.4,-50.5,23.3,43.0,-96.5,9.0,0.0,126.0,1
D003367,4.9,1221.0,1.02,27.0,0.48,-66.1,-50.8,22.8,42.0,-97.0,9.0,0.0,132.0,1
D003368,5.1,1181.0,1.28,25.5,0.46,-65.3,-50.0,22.7,46.0,-98.6,8.8,1.0,130.0,0
D003369,4.9,1141.0,1.09,28.5,0.52,-64.3,-50.4,25.0,44.0,-95.9,7.7,1.0,119.0,1
D003370,6.6,1255.0,1.48,23.0,0.6,-66.0,-48.4,22.5,30.0,-99.9,13.3,0.0,109.0,0
D003371,5.4,1143.0,1.29,37.0,0.35,-65.5,-53.6,21.5,47.0,-90.5,0.4,1.0,149.0,1
D003372,5.4,1079.0,1.15,28.5,0.51,-66.2,-50.1,24.5,42.0,-96.1,4.8,1.0,127.0,1
D003373,6.7,1219.0,1.1,36.0,0.59,-68.7,-50.4,23.5,53.0,-99.3,12.2,0.0,105.0,1
D003374,4.1,1204.0,1.14,30.5,0.5,-66.0,-48.8,23.1,46.0,-94.5,6.7,0.0,126.0,1
D003375,4.9,1281.0,1.42,30.5,0.62,-62.8,-50.1,24.5,31.0,-98.3,20.2,0.0,145.0,0
D003376,5.2,1136.0,1.31,33.5,0.4,-63.3,-50.5,24.6,31.0,-93.9,21.3,1.0,117.0,0
D003377,5.0,1185.0,1.08,28.5,0.54,-64.8,-50.4,23.4,44.0,-96.5,12.9,1.0,135.0,1
D003378,5.9,1211.0,1.0,29.0,0.5,-64.0,-49.7,23.1,49.0,-95.7,9.0,0.0,130.0,1
D003379,4.0,1206.0,1.07,26.5,0.48,-63.0,-49.1,24.4,47.0,,9.4,1.0,125.0,0
D003380,5.9,1130.0,1.14,22.0,0.39,-67.5,-47.9,24.0,38.0,-95.4,12.2,0.0,146.0,1
D003381,5.2,1201.0,1.16,29.0,0.5,-65.3,-50.0,25.0,41.0,-94.7,5.1,0.0,139.0,1
D003382,6.0,1021.0,0.98,24.0,0.62,-65.1,-52.6,29.0,30.0,-96.7,13.5,1.0,121.0,0
D003383,6.2,1007.0,1.46,30.5,0.31,-60.4,-53.1,20.0,48.0,-99.4,4.0,1.0,128.0,0
D003384,4.6,,1.22,34.0,0.55,-65.7,-50.1,25.8,47.0,-96.8,12.1,1.0,123.0,1
D003385,4.1,1226.0,1.09,21.0,0.66,-68.9,-50.5,25.3,37.0,-91.2,17.3,0.0,122.0,0
D003386,5.1,1245.0,0.97,27.0,0.52,-65.4,-49.6,24.1,45.0,-96.6,8.6,1.0,128.0,1
D003387,3.3,1003.0,0.84,21.5,0.34,-66.1,-47.9,20.1,45.0,-97.1,1.0,1.0,149.0,0
D003388,4.6,1180.0,1.09,31.5,0.55,-65.6,-52.3,24.6,51.0,-95.2,10.1,1.0,123.0,1
D003389,6.6,1357.0,1.48,32.0,0.32,-65.1,-51.3,26.8,51.0,-96.0,6.9,1.0,103.0,0
D003390,5.0,1152.0,1.08,27.0,0.47,-64.8,-49.0,,43.0,-96.0,6.9,1.0,130.0,0
D003391,5.3,,1.06,26.0,0.49,-64.7,-50.5,24.5,39.0,-96.3,10.2,1.0,131.0,1
D003392,5.4,,1.15,30.0,0.51,-68.0,-51.2,25.0,47.0,-94.6,7.1,1.0,123.0,1
D003393,4.7,1229.0,1.21,24.0,0.48,-67.7,-50.5,24.8,41.0,-97.0,7.9,0.0,122.0,1
D003394,3.0,1170.0,1.46,23.5,0.49,-60.5,-54.0,28.3,48.0,-91.2,17.3,0.0,144.0,0
D003395,6.4,1016.0,1.38,29.0,0.56,-62.5,-50.5,20.2,,-97.3,2.4,1.0,135.0,1
D003396,4.2,1210.0,1.02,34.0,0.32,-67.5,-48.7,28.5,36.0,-93.7,7.9,0.0,138.0,0
D003397,4.7,1184.0,1.15,30.0,0.46,-64.0,-49.4,22.7,46.0,-96.1,7.2,0.0,136.0,1
D003398,5.1,1108.0,1.01,26.0,0.45,-64.2,-50.2,24.5,40.0,-97.8,4.2,1.0,131.0,1
D003399,4.5,1177.0,1.13,25.5,0.41,-64.3,-49.5,25.2,40.0,-95.9,7.8,1.0,132.0,0
D003400,4.3,1144.0,1.03,31.0,0.46,-67.0,-48.3,24.2,44.0,-95.5,12.6,0.0,123.0,1
D003401,5.0,,1.2,26.0,0.45,-65.5,,23.1,37.0,-96.4,8.1,1.0,137.0,1
D003402,4.9,1243.0,1.15,29.5,0.52,-66.3,-49.6,22.2,39.0,-94.8,8.6,1.0,127.0,1
D003403,5.0,1195.0,1.23,30.5,0.38,-61.1,-45.9,21.8,52.0,-95.0,11.5,1.0,117.0,0
D003404,5.5,1275.0,1.41,34.0,0.38,-67.4,-53.4,21.8,50.0,-99.7,13.4,0.0,145.0,1
D003405,5.3,1235.0,1.05,28.5,0.47,-65.2,-51.8,24.1,44.0,-94.8,7.1,1.0,122.0,1
D003406,6.6,1397.0,1.2,38.5,0.55,-63.6,-47.7,23.5,54.0,-96.5,14.6,0.0,130.0,1
D003407,4.7,1171.0,1.11,29.5,0.49,-64.7,-48.4,24.5,46.0,-95.0,6.6,0.0,130.0,1
D003408,5.0,1123.0,1.08,30.0,0.48,-66.1,-50.7,24.9,46.0,-96.0,11.4,1.0,123.0,1
D003409,6.6,1083.0,0.85,24.0,0.66,-63.3,-47.7,20.3,38.0,-91.0,,1.0,128.0,1
D003410,4.3,1205.0,0.94,25.0,0.51,-65.3,-51.7,21.0,47.0,-96.9,12.1,0.0,118.0,0
D003411,4.7,1228.0,1.04,26.5,0.52,-67.5,-49.8,23.7,42.0,-96.4,7.5,0.0,135.0,1
D003412,5.3,1123.0,1.04,31.5,0.47,-67.7,-50.0,24.1,44.0,-95.9,8.2,0.0,121.0,1
D003413,3.8,1230.0,1.11,27.5,0.43,-65.0,-51.0,24.5,45.0,-97.1,6.0,0.0,134.0,1
D003414,4.4,1116.0,1.11,28.0,0.54,-64.5,-50.7,23.8,48.0,-95.2,11.7,1.0,129.0,0
D003415,5.1,1226.0,1.23,25.5,0.52,-63.4,-51.2,23.9,53.0,-95.1,12.0,1.0,117.0,0
D003416,3.4,1300.0,1.3,35.5,0.39,-67.9,,22.7,32.0,-92.3,10.6,1.0,105.0,0
D003417,4.8,1213.0,1.17,25.0,0.53,-64.0,-51.5,23.0,50.0,-95.3,7.2,1.0,125.0,1
D003418,6.0,1091.0,1.15,26.5,0.57,-64.6,-47.9,20.5,38.0,-90.3,23.7,0.0,108.0,0
D003419,3.0,1121.0,1.52,23.5,0.56,-66.4,-48.2,26.2,44.0,-92.9,0.2,0.0,108.0,0
D003420,6.4,1175.0,1.37,22.5,0.58,-65.1,-52.5,20.8,33.0,-100.0,23.1,1.0,134.0,1
D003421,4.4,1205.0,1.05,27.5,0.4,-66.4,-51.0,24.2,48.0,,7.7,0.0,133.0,1
D003422,5.5,1209.0,1.06,27.0,0.48,-64.5,-48.7,24.5,45.0,-96.6,10.2,1.0,126.0,1
D003423,5.0,1214.0,1.26,30.0,0.47,-65.5,-47.6,25.5,40.0,-96.5,11.0,1.0,126.0,1
D003424,4.4,1389.0,1.36,28.0,0.63,-61.9,-48.4,26.9,56.0,-90.3,,1.0,126.0,0
D003425,3.1,1260.0,1.16,37.5,0.49,-61.4,-52.8,20.5,56.0,-97.4,13.2,1.0,128.0,0
D003426,4.8,1145.0,1.19,26.0,0.47,-66.1,-49.5,23.7,48.0,-95.7,10.9,1.0,126.0,0
D003427,6.0,1049.0,1.25,36.0,0.59,-64.1,-54.1,22.0,36.0,-92.3,17.6,1.0,124.0,1
D003428,5.4,1253.0,1.09,26.5,0.5,-64.2,-49.8,23.6,43.0,-95.4,9.9,0.0,134.0,1
D003429,6.8,1297.0,0.88,37.0,0.53,-66.9,-54.2,27.8,59.0,-91.0,22.8,0.0,148.0,1
D003430,4.5,1164.0,1.1,32.0,0.49,-65.5,-52.3,22.5,43.0,-95.6,12.1,1.0,128.0,1
D003431,4.8,1155.0,1.17,28.5,0.49,-66.5,-50.6,24.2,40.0,-94.0,12.0,1.0,117.0,0
D003432,3.9,1168.0,1.11,31.0,0.5,-65.9,-51.0,23.6,43.0,-96.7,6.8,1.0,125.0,0
D003433,4.4,1184.0,1.47,,0.32,-61.5,-46.6,23.2,35.0,-90.9,20.1,1.0,144.0,0
D003434,5.1,1204.0,1.15,29.5,0.45,-66.7,-50.4,23.0,42.0,-94.9,11.2,1.0,140.0,1
D003435,5.1,1157.0,1.11,31.0,0.48,-64.3,-51.4,26.0,41.0,-94.1,8.3,0.0,121.0,1
D003436,3.9,1170.0,0.92,31.0,0.33,-60.4,-51.0,24.5,40.0,-99.6,8.4,0.0,140.0,0
D003437,7.0,1322.0,1.35,39.0,0.67,-67.5,-52.9,26.5,33.0,-98.6,7.1,1.0,138.0,1
D003438,6.8,1382.0,1.08,24.0,0.37,-63.8,-53.2,25.1,41.0,-94.4,16.6,1.0,126.0,1
D003439,5.2,1187.0,0.93,30.5,0.47,-65.5,-50.9,23.1,,-95.1,8.5,1.0,125.0,1
D003440,5.3,1212.0,1.02,32.0,0.52,-66.9,-50.9,24.0,44.0,-94.8,6.6,0.0,123.0,1
D003441,4.8,1217.0,1.03,31.0,0.46,-65.2,-49.7,24.1,44.0,-95.8,9.2,0.0,120.0,1
D003442,5.3,1242.0,1.12,29.0,0.5,-67.4,-47.9,24.0,47.0,-96.9,8.0,0.0,124.0,1
D003443,4.6,1153.0,1.19,31.0,0.53,-66.7,-49.7,22.8,35.0,,6.0,1.0,132.0,1
D003444,4.3,1221.0,,36.0,0.4,-69.9,-49.0,26.0,41.0,-98.5,6.8,1.0,111.0,1
D003445,4.5,1255.0,1.07,30.0,0.46,-63.9,-48.2,24.8,44.0,-96.1,11.0,1.0,129.0,0
D003446,3.0,1399.0,1.02,27.0,0.63,-67.4,-46.7,20.2,42.0,-94.7,20.7,1.0,108.0,0
D003447,4.1,1359.0,1.38,27.5,0.31,-65.8,-45.7,22.0,45.0,-91.2,3.5,1.0,148.0,0
D003448,4.2,1201.0,1.22,26.5,0.53,-64.9,-49.2,22.8,48.0,-95.9,8.0,0.0,132.0,1
D003449,4.2,1146.0,1.23,33.5,0.57,-64.7,-50.6,23.4,44.0,-96.8,6.6,1.0,122.0,1
D003450,5.2,1147.0,1.06,29.0,0.52,-65.2,-49.0,23.2,46.0,-95.2,8.2,1.0,136.0,1
D003451,4.7,1232.0,1.19,27.0,0.53,-65.3,-50.0,24.0,44.0,-95.6,,0.0,129.0,1
D003452,4.7,1210.0,1.01,29.0,0.39,-65.4,-50.7,25.5,49.0,-95.3,8.6,1.0,132.0,1
D003453,4.8,1163.0,1.17,28.0,0.45,-65.4,-49.8,24.2,48.0,-94.5,12.0,1.0,123.0,0
D003454,4.1,1215.0,1.1,31.0,0.51,-64.9,-51.4,22.1,42.0,-96.2,8.9,1.0,125.0,0
D003455,5.2,1148.0,1.12,29.5,0.49,-67.4,-50.7,25.1,42.0,-94.0,6.8,0.0,128.0,1
D003456,4.4,1112.0,1.17,34.0,0.5,-60.8,-54.3,24.1,48.0,-96.3,9.9,1.0,117.0,1
D003457,5.0,1129.0,1.22,27.5,0.53,-65.4,-49.4,24.8,41.0,-94.4,8.7,0.0,119.0,0
D003458,5.0,1172.0,1.03,31.5,0.5,-66.3,-49.6,24.6,39.0,-94.3,6.1,1.0,128.0,1
D003459,5.1,1238.0,1.01,25.0,0.44,-66.0,-50.0,22.3,41.0,-96.5,6.5,1.0,129.0,1
D003460,4.0,1153.0,1.1,29.5,0.45,-64.2,-50.1,23.3,43.0,-96.4,12.9,1.0,123.0,0
D003461,4.7,1156.0,1.21,35.0,0.59,-62.2,-45.3,20.1,43.0,-95.5,5.4,0.0,149.0,1
D003462,4.8,1042.0,1.05,29.0,0.69,-66.2,-47.5,29.3,39.0,-96.3,11.0,1.0,133.0,0
D003463,5.3,1209.0,1.05,27.0,0.47,-64.8,-48.7,22.5,44.0,-95.5,7.5,1.0,126.0,0
D003464,5.1,1180.0,0.99,30.0,0.47,-65.0,-49.9,23.7,43.0,-96.0,9.2,,122.0,1
D003465,6.3,1348.0,1.33,27.0,0.65,-61.3,-45.3,24.1,43.0,-97.8,18.9,1.0,127.0,0
D003466,6.4,1182.0,1.2,35.5,0.53,-69.0,-45.2,24.3,52.0,-96.2,8.6,0.0,128.0,1
D003467,4.6,1034.0,0.86,26.0,0.6,-64.1,-48.0,20.1,39.0,-90.2,18.8,0.0,115.0,0
D003468,5.3,1181.0,1.11,31.5,0.48,-65.9,-49.3,25.5,48.0,-95.6,8.1,0.0,127.0,1
D003469,5.1,1216.0,1.03,32.0,0.47,-64.3,-49.7,24.8,47.0,-94.9,9.4,0.0,130.0,1
D003470,4.8,1229.0,1.13,29.5,0.49,-67.0,-50.4,24.3,41.0,-95.8,11.6,1.0,134.0,1
D003471,4.3,1158.0,1.12,32.5,0.49,-64.1,-50.4,23.9,41.0,-96.9,11.1,,125.0,1
D003472,5.0,1338.0,1.03,20.0,0.32,-60.7,-52.3,29.7,42.0,-99.2,20.8,1.0,105.0,0
D003473,4.6,1210.0,1.06,29.0,0.52,-64.6,-50.4,25.0,47.0,-96.4,7.8,0.0,133.0,1
D003474,5.0,1147.0,1.06,31.0,0.5,-63.1,-51.8,23.6,45.0,-98.0,10.7,0.0,125.0,1
D003475,4.8,1190.0,1.13,27.0,0.55,-66.3,-48.6,24.7,45.0,-96.6,6.1,0.0,131.0,1
D003476,4.6,1108.0,1.38,26.0,0.49,-69.6,-48.6,28.2,44.0,-92.1,14.4,1.0,107.0,0
D003477,4.7,1182.0,0.98,31.5,0.52,-66.4,-49.0,23.7,41.0,-95.2,9.2,1.0,133.0,1
D003478,5.0,1276.0,0.88,25.5,0.66,-61.4,-47.2,23.2,37.0,-95.1,18.4,,123.0,0
D003479,4.4,1150.0,1.11,20.5,0.47,-60.7,-49.2,29.2,51.0,-96.3,10.0,0.0,122.0,0
D003480,5.0,1204.0,1.06,27.0,0.5,-64.5,-48.8,22.8,43.0,-95.6,5.8,1.0,126.0,1
D003481,5.4,1136.0,1.05,26.5,0.46,-64.2,-48.3,23.5,51.0,-96.0,9.1,1.0,126.0,1
D003482,4.5,1228.0,1.14,28.0,0.44,-67.5,-50.6,24.0,42.0,-97.5,7.6,0.0,128.0,1
D003483,3.6,1207.0,1.46,27.5,0.46,-61.6,-51.5,26.7,41.0,-98.7,7.3,0.0,129.0,0
D003484,4.7,1182.0,1.02,27.0,0.44,-64.8,-50.7,22.6,41.0,-97.0,10.5,1.0,129.0,1
D003485,4.8,1172.0,1.26,28.0,0.48,-65.9,-51.2,23.0,44.0,-95.5,9.4,0.0,125.0,1
D003486,4.5,1146.0,,28.0,0.52,-67.0,-48.7,24.7,41.0,-93.4,12.7,1.0,119.0,1
D003487,4.7,1176.0,1.02,24.5,0.4,-66.0,-50.8,25.6,43.0,-96.2,12.9,1.0,131.0,1
D003488,4.3,1367.0,1.02,26.0,0.38,-60.4,-50.8,21.1,40.0,-92.2,12.5,1.0,130.0,0
D003489,5.1,1306.0,1.18,34.5,0.56,-60.8,-48.9,24.3,30.0,-92.3,9.7,1.0,143.0,1
D003490,3.7,1206.0,0.94,32.5,0.4,-67.3,-50.0,24.5,34.0,-96.6,5.5,0.0,148.0,1
D003491,4.8,1139.0,1.12,28.0,0.48,-63.9,-51.3,25.3,42.0,-95.3,10.6,0.0,136.0,1
D003492,3.1,1080.0,1.47,34.0,0.4,-68.7,-52.0,27.2,56.0,-94.7,20.3,0.0,143.0,0
D003493,,1121.0,1.04,31.5,0.42,-63.7,-51.1,25.1,46.0,-93.7,11.2,0.0,133.0,0
D003494,6.8,1009.0,1.4,23.5,0.51,-63.8,-46.8,23.8,,-92.2,7.6,0.0,149.0,1
D003495,5.2,1163.0,1.09,27.5,0.48,-66.1,-50.7,24.4,44.0,-94.6,7.2,1.0,129.0,1
D003496,4.7,1206.0,1.07,28.0,0.48,-65.0,-50.6,22.1,46.0,-95.7,10.6,1.0,123.0,1
D003497,5.2,1173.0,1.14,28.0,0.47,-65.0,-48.6,25.8,42.0,-94.6,8.2,1.0,132.0,0
D003498,4.8,1231.0,1.11,30.0,0.56,-65.5,-51.2,24.9,42.0,-94.2,6.9,0.0,124.0,1
D003499,6.0,1119.0,1.26,20.5,0.38,-60.6,-53.7,28.7,39.0,-91.0,22.8,0.0,104.0,0
D003500,4.8,1184.0,1.15,29.0,0.47,-65.0,-51.5,23.9,46.0,-96.3,7.3,1.0,119.0,1
D003501,4.6,1158.0,1.11,32.5,0.49,-65.1,-50.5,25.2,40.0,-94.3,6.3,1.0,131.0,1
D003502,5.4,1231.0,0.98,31.5,0.5,-66.3,-50.8,25.5,48.0,-96.9,7.1,0.0,127.0,1
D003503,4.0,1255.0,1.11,31.5,0.49,-67.7,-50.6,25.8,35.0,-95.5,10.4,0.0,123.0,1
D003504,4.3,1188.0,1.11,29.5,0.52,-67.2,-50.6,24.2,46.0,-95.2,9.5,0.0,124.0,1
D003505,4.8,1220.0,1.07,27.5,0.51,-67.3,-50.9,24.9,42.0,-99.1,5.6,1.0,126.0,1
D003506,3.1,1104.0,0.94,27.5,0.56,-60.4,-47.6,20.3,60.0,-97.3,18.2,1.0,130.0,0
D003507,4.5,1154.0,1.12,28.5,0.55,-65.4,-50.6,23.7,47.0,-94.8,7.8,0.0,132.0,1
D003508,3.5,1094.0,1.53,37.5,0.47,-67.7,-54.7,21.0,34.0,-95.9,16.1,1.0,121.0,0
D003509,4.7,1197.0,1.08,27.0,0.45,-65.4,-48.7,23.6,42.0,-95.4,11.4,1.0,131.0,1
D003510,4.4,1200.0,0.96,29.0,0.42,-66.0,-50.8,22.4,46.0,-94.6,11.0,1.0,133.0,0
D003511,3.3,1156.0,1.56,24.5,0.39,-68.1,-50.8,29.4,55.0,-91.7,9.4,1.0,103.0,0
D003512,5.2,1228.0,1.1,28.5,0.48,-64.2,-50.0,24.3,47.0,-95.6,7.1,1.0,119.0,1
D003513,4.9,1160.0,1.06,31.5,0.54,-67.3,-48.9,24.4,43.0,-96.9,9.3,1.0,135.0,1
D003514,6.4,1194.0,1.03,25.5,0.43,-64.4,-50.8,21.3,33.0,-90.3,23.8,1.0,138.0,1
D003515,4.7,1161.0,1.09,29.0,0.5,-66.1,-50.9,24.9,43.0,-93.3,7.0,1.0,131.0,1
D003516,5.2,1196.0,1.23,32.0,0.46,-65.2,-49.7,24.9,42.0,-96.3,8.7,1.0,135.0,1
D003517,4.4,1218.0,1.0,28.0,0.56,-65.8,-47.8,24.3,45.0,-93.6,11.9,1.0,129.0,0
D003518,5.2,1183.0,1.07,34.0,0.48,-64.4,-51.3,24.3,45.0,-95.7,6.8,1.0,121.0,1
D003519,5.3,1172.0,1.07,31.0,0.48,-64.2,-49.2,24.0,44.0,-96.0,9.5,0.0,129.0,1
D003520,4.8,1211.0,1.08,29.0,0.48,-65.7,-51.3,23.7,,-94.5,11.3,1.0,127.0,1
D003521,4.6,1145.0,1.08,32.5,0.53,-65.3,-49.7,25.7,47.0,-95.7,5.6,1.0,124.0,1
D003522,5.5,1171.0,1.1,31.0,0.49,-65.1,-49.0,22.2,42.0,-94.3,13.6,1.0,125.0,1
D003523,5.1,1187.0,1.06,28.0,0.58,-63.7,-50.9,23.5,40.0,-95.6,7.0,1.0,126.0,0
D003524,3.5,1229.0,1.2,34.0,0.59,-64.3,-49.7,21.7,51.0,-92.7,1.6,0.0,118.0,1
D003525,5.8,1077.0,1.18,30.0,0.49,-66.6,-48.1,29.7,30.0,-91.2,1.5,0.0,117.0,1
D003526,4.7,1148.0,1.09,32.5,0.45,-64.8,-49.4,26.6,42.0,-96.5,9.1,1.0,135.0,1
D003527,4.6,1222.0,1.09,31.0,,-65.8,-51.3,23.3,43.0,-95.6,5.0,1.0,138.0,1
D003528,6.1,1084.0,,28.0,0.51,-67.5,-45.6,28.7,49.0,-93.5,2.5,0.0,127.0,0
D003529,4.6,1137.0,1.15,31.0,0.48,-64.4,-50.3,22.7,41.0,-94.3,,1.0,134.0,0
D003530,4.3,1157.0,1.09,28.5,0.53,-66.0,-50.5,24.1,47.0,-95.2,7.8,0.0,124.0,1
D003531,4.5,1210.0,1.21,30.0,0.53,-63.8,-50.3,23.6,43.0,-95.0,12.9,0.0,124.0,0
D003532,4.8,1293.0,1.59,20.5,0.66,-65.3,-45.1,28.2,52.0,-90.1,10.6,0.0,126.0,0
D003533,5.8,1162.0,1.54,20.5,0.68,-61.7,-52.9,20.2,47.0,-98.1,5.5,1.0,136.0,0
D003534,6.9,1028.0,1.55,32.5,0.52,-64.1,-46.3,28.4,59.0,-95.5,13.7,1.0,147.0,1
D003535,5.1,1188.0,1.1,29.0,0.39,-65.9,-50.2,24.6,40.0,-95.6,9.6,1.0,120.0,0
D003536,5.3,1053.0,0.8,37.5,0.3,-60.8,-45.9,24.2,37.0,-96.0,13.9,1.0,124.0,0
D003537,4.8,1136.0,1.28,29.0,0.44,-65.3,,25.6,41.0,-95.1,9.1,1.0,130.0,1
D003538,3.9,1325.0,0.83,34.5,0.58,-63.7,-49.1,22.2,44.0,,8.9,1.0,144.0,0
D003539,4.5,1271.0,0.96,30.0,0.51,-65.3,-51.1,25.1,46.0,-96.0,11.4,0.0,131.0,1
D003540,4.3,1142.0,1.09,25.0,0.44,-67.1,-49.6,24.7,41.0,-94.5,7.5,0.0,125.0,1
D003541,4.3,1164.0,0.98,29.0,0.47,-65.0,-49.8,23.1,46.0,-92.8,7.7,1.0,138.0,0
D003542,5.3,1204.0,1.21,27.0,0.4,-65.3,-50.6,24.5,47.0,-95.4,10.3,0.0,141.0,1
D003543,4.6,1153.0,1.15,29.0,0.4,-64.8,-49.2,25.2,46.0,-95.0,6.3,0.0,132.0,1
D003544,4.9,1182.0,1.13,30.0,0.43,-65.9,-49.6,21.9,44.0,-96.9,7.9,1.0,131.0,1
D003545,4.2,1291.0,0.83,37.5,0.4,-62.6,-45.8,26.3,57.0,-98.7,22.7,1.0,136.0,0
D003546,4.8,1165.0,1.11,30.5,0.45,-64.4,-50.3,23.8,46.0,-95.8,10.1,1.0,125.0,1
D003547,4.4,1110.0,1.12,28.0,0.53,-65.7,-49.3,23.0,43.0,-96.0,6.2,1.0,125.0,1
D003548,5.9,1199.0,1.08,26.5,0.47,-63.4,-50.8,25.0,40.0,-94.9,8.4,0.0,127.0,1
D003549,4.5,1162.0,1.08,27.5,0.45,-65.5,-51.9,22.5,44.0,-94.1,9.3,1.0,128.0,0
D003550,4.7,1156.0,1.06,27.0,0.44,-65.5,-49.9,22.8,43.0,-94.0,9.9,0.0,122.0,0
D003551,5.8,1239.0,1.46,23.5,0.38,-67.1,-49.0,27.4,53.0,-92.7,15.2,0.0,107.0,0
D003552,3.1,1001.0,1.3,36.0,0.41,-68.5,-54.9,20.4,58.0,-97.3,10.0,0.0,,1
D003553,4.9,1168.0,1.16,27.5,0.52,-65.8,-49.7,24.2,42.0,-96.2,10.5,0.0,134.0,1
D003554,5.5,1163.0,1.01,30.0,0.45,-65.1,-49.1,25.7,40.0,-96.2,11.9,1.0,131.0,1
D003555,4.0,1384.0,1.04,26.0,0.7,-62.4,-49.8,28.6,33.0,-91.6,11.9,0.0,112.0,0
D003556,4.0,1074.0,1.33,24.5,0.31,-63.9,-53.8,26.5,41.0,-90.0,4.5,1.0,147.0,0
D003557,4.7,1124.0,1.0,28.5,0.49,-65.3,-51.4,23.7,40.0,-95.4,10.8,0.0,135.0,1
D003558,5.5,1203.0,1.04,27.0,0.48,-62.9,-49.3,24.4,40.0,-94.2,5.7,1.0,128.0,1
D003559,4.5,1129.0,1.19,28.0,0.42,-64.9,-50.1,23.5,36.0,-95.8,9.9,0.0,124.0,1
D003560,3.3,1152.0,1.28,37.0,0.36,-67.7,-45.5,29.2,56.0,-96.4,1.2,1.0,149.0,0
D003561,,1023.0,1.1,34.0,0.4,-61.5,-47.2,27.4,31.0,-98.2,22.5,1.0,104.0,0
D003562,3.8,1318.0,1.17,22.0,0.65,-68.1,-51.5,20.9,37.0,-98.7,8.0,1.0,114.0,0
D003563,4.6,1206.0,1.06,27.0,0.4,-67.6,-49.7,25.0,38.0,-95.2,7.6,0.0,128.0,1
D003564,5.0,1203.0,1.08,28.5,0.51,-64.4,,23.6,42.0,-95.8,8.5,0.0,121.0,1
D003565,4.2,1095.0,1.07,25.5,0.58,-60.1,-54.9,27.0,59.0,-97.0,22.0,1.0,129.0,0
D003566,5.5,1201.0,,28.0,0.5,-63.9,-48.8,23.3,39.0,-95.7,10.0,1.0,127.0,1
D003567,3.7,1281.0,1.3,26.0,0.54,-66.5,-49.9,24.1,32.0,-98.7,3.9,0.0,108.0,1
D003568,5.3,1130.0,1.0,29.5,0.45,-66.7,-49.2,23.6,44.0,-96.1,7.8,1.0,123.0,1
D003569,3.6,1110.0,0.82,39.0,0.65,-68.3,-49.0,28.9,51.0,-99.3,18.1,0.0,132.0,0
D003570,5.2,1131.0,0.97,27.5,0.48,-64.7,-49.5,22.9,45.0,-95.8,8.3,0.0,136.0,1
D003571,4.1,1287.0,1.3,24.0,0.53,-66.4,-47.2,20.7,48.0,-97.5,21.6,1.0,128.0,0
D003572,4.6,1243.0,1.34,29.0,0.53,-64.0,-50.8,22.3,44.0,-94.6,8.6,0.0,128.0,1
D003573,4.3,1174.0,,27.5,0.38,-64.4,-49.8,25.9,45.0,-93.9,7.3,1.0,127.0,0
D003574,4.0,1123.0,1.44,28.5,0.64,-66.6,-52.5,28.9,38.0,-93.6,19.9,0.0,140.0,0
D003575,6.8,1010.0,1.28,27.0,0.46,-67.9,-45.6,28.1,58.0,-91.2,7.5,0.0,108.0,0
D003576,5.2,1252.0,1.06,31.5,0.55,-66.5,-49.9,25.4,,-95.7,6.4,1.0,115.0,1
D003577,4.5,1157.0,1.17,28.0,0.48,-66.1,-49.3,23.4,45.0,-94.4,6.4,0.0,129.0,1
D003578,4.7,1198.0,1.12,30.0,0.58,-63.9,-50.6,21.9,43.0,-96.8,9.6,1.0,127.0,1
D003579,5.9,1240.0,0.95,39.5,0.51,-64.8,-52.2,27.1,57.0,-95.3,23.5,1.0,114.0,0
D003580,4.6,1158.0,1.1,27.5,0.47,-64.6,-49.8,23.9,44.0,-94.5,9.0,1.0,134.0,0
D003581,4.7,1248.0,1.44,33.5,0.63,-60.3,-52.7,20.9,51.0,-90.0,19.5,0.0,123.0,0
D003582,5.2,1165.0,1.23,28.5,0.46,-65.4,-49.7,24.1,42.0,-95.3,11.3,1.0,120.0,0
D003583,4.3,1209.0,1.23,26.5,0.56,-65.7,-50.7,23.6,43.0,-95.7,10.7,0.0,124.0,1
D003584,4.7,1180.0,1.13,26.0,0.51,-65.1,-50.9,23.0,42.0,-92.8,8.7,1.0,120.0,0
D003585,5.4,1192.0,1.15,34.5,0.4,-66.9,-49.8,23.3,45.0,-95.6,11.5,1.0,124.0,1
D003586,6.0,1254.0,1.53,39.5,0.36,-66.3,-46.5,28.6,50.0,-92.9,3.7,1.0,127.0,0
D003587,4.2,1077.0,1.21,26.0,0.57,-68.4,-46.1,21.7,39.0,,22.2,0.0,115.0,0
D003588,5.5,1264.0,1.59,40.0,0.3,-66.3,-48.1,25.8,32.0,-99.5,20.7,1.0,113.0,0
D003589,4.6,1220.0,1.09,30.5,0.49,-66.4,-50.9,24.3,41.0,-95.6,9.0,1.0,118.0,1
D003590,5.6,1277.0,0.99,28.0,0.45,-66.4,-50.1,22.9,47.0,-94.3,14.5,1.0,130.0,1
D003591,3.7,1116.0,,33.0,0.64,-60.4,,25.4,46.0,-95.6,13.1,0.0,125.0,0
D003592,5.3,1200.0,1.09,30.5,0.5,-65.2,-50.4,23.9,46.0,-96.6,9.9,0.0,124.0,1
D003593,4.2,1234.0,1.0,33.0,0.46,-63.4,-49.4,24.5,43.0,-95.3,6.6,1.0,128.0,1
D003594,4.8,1178.0,1.07,30.5,0.53,-66.0,-46.9,25.4,43.0,-97.2,9.4,0.0,129.0,1
D003595,5.2,1177.0,1.21,29.5,0.49,-65.4,-49.7,23.7,42.0,-95.0,9.8,1.0,132.0,1
D003596,4.5,1377.0,1.38,22.5,0.33,-66.3,-46.7,23.9,38.0,-94.4,7.9,1.0,109.0,0
D003597,5.6,1212.0,1.13,29.0,0.49,,-48.4,21.9,45.0,-97.4,,0.0,127.0,1
D003598,5.3,1026.0,1.57,21.5,0.56,-69.0,-48.5,28.4,48.0,-98.6,4.7,0.0,115.0,0
D003599,4.7,1235.0,1.15,26.5,0.46,-65.8,-49.8,25.2,40.0,-95.4,8.5,0.0,130.0,1
D003600,4.9,1170.0,0.96,27.0,0.46,-66.7,-49.2,24.3,46.0,-96.5,,0.0,128.0,1
D003601,5.5,1296.0,1.1,37.0,0.5,-60.3,-53.4,21.6,50.0,-96.1,11.0,0.0,136.0,1
D003602,4.7,1306.0,1.32,36.5,0.59,-68.4,-48.8,26.1,32.0,,21.1,1.0,104.0,1
D003603,4.9,1212.0,1.17,33.0,0.51,-64.3,-50.3,22.1,47.0,-94.6,6.7,0.0,129.0,1
D003604,6.7,1157.0,1.38,29.0,0.61,-63.3,-50.4,28.3,57.0,-93.0,21.2,1.0,108.0,0
D003605,4.1,1113.0,1.11,27.5,0.4,-64.2,-51.2,23.8,43.0,-96.3,10.4,0.0,119.0,1
D003606,4.2,1200.0,1.14,32.0,0.5,-66.7,-50.4,23.9,46.0,-95.4,6.5,0.0,130.0,1
D003607,4.4,1222.0,1.14,25.0,0.5,-67.8,-50.2,23.3,41.0,-96.6,,0.0,134.0,1
D003608,3.9,1130.0,1.07,20.5,0.61,-62.9,,23.4,38.0,-98.5,0.5,1.0,109.0,0
D003609,6.8,1149.0,1.44,34.5,0.69,-63.5,-54.9,22.4,39.0,-92.1,17.2,0.0,109.0,0
D003610,4.2,1243.0,1.22,27.0,0.46,-66.5,-50.4,24.1,46.0,-95.7,6.0,0.0,137.0,1
D003611,4.8,1170.0,1.09,26.5,0.5,-64.8,-49.6,22.1,42.0,-97.3,7.1,0.0,141.0,1
D003612,4.3,1152.0,1.05,32.5,0.51,-65.9,-50.7,23.3,44.0,-95.0,11.2,1.0,130.0,1
D003613,4.9,1184.0,1.32,31.5,0.49,-66.8,-48.6,24.6,43.0,-96.9,8.3,1.0,132.0,1
D003614,6.1,1109.0,0.86,23.5,0.68,-68.6,-47.9,23.4,36.0,-96.0,6.3,1.0,113.0,1
D003615,5.1,1186.0,1.0,27.0,0.43,-64.7,-50.1,25.8,48.0,-94.7,9.0,1.0,135.0,1
D003616,4.0,1184.0,0.99,28.0,0.42,-66.4,-51.3,25.2,34.0,-93.3,9.1,0.0,132.0,1
D003617,5.1,1164.0,1.06,26.0,0.5,-65.5,-49.9,23.1,42.0,-93.5,5.4,1.0,128.0,1
D003618,4.6,1040.0,1.0,26.5,0.39,-63.1,-49.9,20.5,46.0,-90.5,18.0,1.0,109.0,0
D003619,6.2,1116.0,1.22,31.0,0.33,-68.2,-50.2,28.9,43.0,-90.3,5.7,1.0,108.0,0
D003620,4.0,1134.0,0.93,28.5,0.52,-66.0,-53.0,25.1,43.0,-97.0,7.6,1.0,134.0,1
D003621,5.6,1180.0,1.09,30.5,0.47,-65.3,-50.0,24.0,44.0,,8.7,1.0,132.0,1
D003622,,1209.0,0.87,22.0,0.56,-62.1,-53.7,28.1,30.0,-96.3,10.6,0.0,133.0,1
D003623,4.8,1210.0,0.9,29.0,0.52,-66.4,-49.2,24.8,38.0,-93.4,7.0,0.0,135.0,1
D003624,5.0,1153.0,1.13,29.0,0.56,-66.4,-48.9,23.3,40.0,-94.8,9.0,1.0,130.0,1
D003625,6.6,1322.0,1.52,34.5,0.38,-63.4,-54.3,28.3,50.0,-99.7,7.0,,134.0,1
D003626,5.6,1169.0,1.11,28.5,0.47,-66.8,-50.4,22.8,39.0,-95.6,14.6,1.0,128.0,1
D003627,5.4,1130.0,1.09,30.0,0.48,-66.7,-49.8,25.2,46.0,-96.8,7.1,0.0,135.0,1
D003628,5.7,1118.0,1.38,38.5,0.69,-69.3,-50.7,21.4,39.0,-97.1,10.6,1.0,114.0,1
D003629,4.9,1147.0,0.97,30.5,0.5,-66.3,-50.0,24.0,44.0,-95.5,10.2,1.0,134.0,1
D003630,4.3,1301.0,1.03,30.0,0.5,-64.9,-51.0,23.8,47.0,-95.4,6.1,0.0,126.0,1
D003631,5.0,1137.0,1.02,30.5,0.45,-64.8,-50.1,24.9,44.0,-95.5,5.5,0.0,132.0,1
D003632,6.5,1051.0,1.21,31.5,0.61,-69.2,-46.3,21.6,53.0,-97.6,13.7,0.0,108.0,1
D003633,5.0,1248.0,1.21,27.5,0.48,-64.4,-51.7,23.2,46.0,-94.3,8.1,1.0,130.0,1
D003634,4.3,1162.0,1.15,31.0,0.53,-66.9,-50.5,22.2,47.0,-94.8,6.4,1.0,121.0,1
D003635,4.6,1034.0,1.54,34.5,0.64,-69.8,-48.7,28.9,33.0,-98.6,4.5,1.0,111.0,0
D003636,4.9,1255.0,1.0,29.0,0.47,-66.1,-49.1,24.5,43.0,-97.0,9.9,0.0,130.0,1
D003637,4.0,1092.0,1.51,26.5,0.44,-61.0,-51.7,27.6,,-94.5,2.3,0.0,137.0,0
D003638,4.3,1108.0,1.11,29.5,0.5,-66.1,,23.2,50.0,,11.5,1.0,141.0,1
D003639,5.0,1155.0,0.93,27.5,0.48,-64.8,-49.5,26.1,47.0,-95.5,6.9,1.0,121.0,0
D003640,4.5,1162.0,1.1,27.0,0.47,-66.2,-48.5,24.1,48.0,-96.2,9.4,0.0,133.0,1
D003641,5.9,1319.0,1.53,31.0,0.55,-61.4,-50.6,27.1,37.0,,16.2,1.0,,1
D003642,4.9,1206.0,1.09,30.0,0.48,-65.6,-48.9,26.1,45.0,-94.8,17.5,0.0,125.0,0
D003643,5.1,1120.0,1.0,27.5,0.4,-65.8,-49.5,25.8,42.0,-94.6,7.1,1.0,126.0,1
D003644,4.9,1337.0,1.11,28.0,0.46,-64.3,-46.8,26.5,45.0,-92.4,20.8,1.0,145.0,0
D003645,4.1,1213.0,1.07,28.0,0.41,-65.2,-49.5,23.1,46.0,-95.3,6.2,0.0,121.0,0
D003646,6.7,1349.0,0.87,29.0,0.65,-68.8,-50.6,24.9,45.0,-96.8,11.8,0.0,129.0,1
D003647,6.5,1080.0,1.11,38.5,0.3,-65.1,-46.8,25.9,59.0,-97.3,6.5,0.0,150.0,0
D003648,4.4,1177.0,1.16,29.5,0.5,-64.7,-51.1,24.9,46.0,-96.5,8.1,1.0,133.0,1
D003649,4.5,1248.0,1.07,26.0,0.54,-64.5,-49.6,23.7,42.0,-95.3,11.0,0.0,141.0,1
D003650,5.0,1133.0,1.11,29.0,0.47,-65.1,-51.3,24.2,40.0,-95.5,7.2,0.0,113.0,1
D003651,5.0,1220.0,1.18,30.0,0.49,-65.8,-48.0,22.8,46.0,-95.8,10.3,0.0,133.0,1
D003652,4.9,1141.0,1.0,30.0,0.38,-60.6,-52.0,28.4,51.0,-95.6,20.4,1.0,144.0,0
D003653,5.4,1203.0,1.11,31.5,0.51,-64.3,-50.8,22.9,44.0,-94.6,10.7,0.0,123.0,1
D003654,4.7,1158.0,1.03,30.0,0.47,-65.4,-50.8,21.7,43.0,-97.6,11.2,0.0,128.0,1
D003655,6.4,1273.0,0.91,29.5,0.36,-63.1,-53.5,25.9,32.0,-92.2,20.9,0.0,109.0,1
D003656,5.5,1129.0,1.5,36.0,0.61,-62.6,-49.2,22.1,51.0,-92.6,7.2,0.0,112.0,0
D003657,5.2,1176.0,1.08,30.0,0.47,-65.2,-49.8,24.4,47.0,-95.2,6.8,1.0,137.0,1
D003658,4.9,1178.0,0.97,31.5,0.55,,-49.9,23.6,47.0,-94.5,13.4,0.0,133.0,1
D003659,4.6,,1.11,27.0,0.44,-67.7,-49.8,22.8,48.0,-96.9,7.7,1.0,124.0,1
D003660,4.4,1180.0,0.99,29.5,0.44,-64.3,-51.9,24.2,42.0,-95.2,8.2,0.0,131.0,1
D003661,4.6,1235.0,1.15,27.5,0.53,-64.5,-51.3,21.1,46.0,-96.3,5.2,0.0,132.0,1
D003662,4.3,1305.0,1.1,20.5,0.31,-69.1,-47.5,25.4,49.0,-95.6,9.9,1.0,148.0,0
D003663,4.7,1189.0,1.16,28.0,,-64.5,-50.0,24.4,39.0,-96.6,10.4,1.0,132.0,1
D003664,4.6,1204.0,1.17,30.5,0.52,-66.3,-48.4,26.4,45.0,-95.2,,1.0,131.0,1
D003665,,1250.0,0.9,36.5,0.41,-65.8,-46.2,24.1,32.0,-93.1,24.0,1.0,146.0,1
D003666,5.7,1240.0,0.95,28.5,0.46,-66.2,-50.0,24.0,48.0,-94.0,11.3,0.0,123.0,1
D003667,4.9,1169.0,1.19,28.0,0.51,-65.7,-49.7,24.9,47.0,-96.8,9.5,1.0,129.0,0
D003668,5.4,1142.0,1.19,,0.41,-66.1,-48.3,20.3,51.0,-93.0,1.3,0.0,109.0,1
D003669,4.8,1138.0,0.97,30.0,0.4,-65.2,-52.8,23.4,42.0,-95.8,7.9,0.0,133.0,1
D003670,4.3,1156.0,1.13,27.0,0.4,-65.0,-51.4,24.1,43.0,-94.1,7.1,1.0,123.0,0
D003671,4.4,1129.0,1.16,31.0,0.44,-64.4,-50.5,23.1,42.0,-96.2,13.1,1.0,128.0,1
D003672,6.8,1322.0,1.37,31.5,0.48,-64.0,-47.6,20.3,37.0,-95.0,17.8,1.0,126.0,0
D003673,4.0,1255.0,1.49,21.5,0.64,-66.2,-49.8,20.7,48.0,-91.7,23.1,0.0,120.0,0
D003674,4.8,1068.0,1.15,30.0,0.46,-64.0,-51.6,24.8,47.0,-96.5,8.9,1.0,124.0,1
D003675,4.2,1098.0,1.44,34.0,0.38,-63.4,-46.7,20.2,43.0,-90.6,16.3,0.0,138.0,0
D003676,5.3,1203.0,1.04,31.5,0.56,-64.5,-49.6,24.6,48.0,-94.7,7.1,0.0,133.0,1
D003677,4.4,1176.0,0.99,34.0,0.48,-64.5,-51.0,23.4,46.0,-95.5,10.8,1.0,118.0,1
D003678,6.5,1391.0,1.34,36.5,0.49,-63.5,-53.4,22.9,47.0,-95.6,7.8,0.0,117.0,1
D003679,4.9,1175.0,1.15,29.0,0.5,-66.3,-48.3,24.9,49.0,-94.1,10.1,1.0,127.0,1
D003680,4.8,1189.0,,27.5,0.4,-66.7,-49.5,25.3,40.0,-96.7,10.2,0.0,125.0,1
D003681,6.4,1307.0,1.21,22.0,0.4,-66.5,-53.4,20.3,55.0,-98.0,4.3,0.0,133.0,1
D003682,4.2,1137.0,1.07,32.0,0.5,-66.2,-49.4,23.6,47.0,-96.4,9.0,0.0,132.0,1
D003683,4.9,1186.0,1.19,29.5,0.45,-65.7,-51.4,24.0,45.0,-95.2,4.1,0.0,127.0,1
D003684,,1149.0,0.98,29.0,0.52,-65.2,-49.9,24.1,48.0,-97.5,15.2,1.0,126.0,0
D003685,4.4,1224.0,1.18,26.0,0.44,-65.1,-50.8,23.7,40.0,-96.0,,0.0,125.0,1
D003686,4.5,1147.0,1.11,27.5,0.45,-65.9,-50.5,24.6,45.0,-95.3,10.4,1.0,112.0,0
D003687,4.8,1223.0,1.11,28.5,0.47,-65.1,-51.8,25.1,42.0,-97.2,,0.0,128.0,1
D003688,4.6,1134.0,1.04,30.5,0.43,-65.4,-50.6,24.0,41.0,-96.3,8.2,1.0,131.0,1
D003689,4.5,1128.0,0.92,29.0,0.5,-64.9,-51.0,24.9,42.0,,6.1,0.0,130.0,1
D003690,4.5,1209.0,1.01,29.5,0.45,-65.3,-48.0,21.5,41.0,-94.3,9.5,1.0,118.0,0
D003691,5.4,1117.0,0.94,28.5,0.47,-66.3,-48.9,24.0,44.0,-95.5,13.6,1.0,124.0,1
D003692,5.0,1149.0,1.13,30.5,0.47,-66.8,-52.8,24.1,49.0,-95.2,7.7,1.0,140.0,1
D003693,4.5,1202.0,1.1,27.5,0.52,-63.9,-48.9,23.4,46.0,-94.9,3.2,1.0,131.0,0
D003694,4.7,1224.0,1.09,30.5,0.48,-65.5,-50.3,23.0,41.0,-95.8,11.3,1.0,122.0,1
D003695,3.2,1394.0,0.96,24.5,0.68,-66.7,-48.7,22.5,45.0,-91.9,9.5,1.0,104.0,0
D003696,4.7,1238.0,1.13,27.5,0.45,-65.0,-50.7,24.7,47.0,-93.3,14.0,1.0,124.0,0
D003697,4.2,1223.0,1.18,27.5,0.42,-66.6,-50.8,24.5,44.0,-96.7,10.1,1.0,131.0,1
D003698,4.5,1214.0,0.95,,0.41,-64.8,-49.6,24.0,41.0,-95.5,9.1,1.0,123.0,1
D003699,5.0,1152.0,1.13,27.0,0.54,-64.8,-49.9,23.3,43.0,-95.6,10.5,0.0,125.0,0
D003700,3.8,1181.0,1.37,34.5,0.5,-63.4,-49.1,23.9,51.0,-93.8,3.3,,110.0,0
D003701,5.3,1168.0,1.15,27.0,0.47,-66.8,-51.0,24.0,46.0,-95.3,10.1,1.0,124.0,1
D003702,4.3,1191.0,1.14,30.0,0.5,-64.5,-50.8,24.3,44.0,-95.2,6.0,1.0,132.0,1
D003703,4.0,1177.0,1.32,30.5,0.45,-64.8,-48.2,22.3,45.0,-95.6,7.5,0.0,123.0,0
D003704,4.5,1148.0,1.58,22.0,0.68,-67.0,-46.8,21.9,44.0,-97.6,14.1,1.0,149.0,0
D003705,6.3,1034.0,0.92,38.0,0.43,-65.2,-47.2,28.5,37.0,-92.2,12.4,1.0,135.0,1
D003706,5.0,1179.0,1.18,28.5,0.51,-67.6,-50.0,21.9,,-96.2,8.9,0.0,123.0,1
D003707,5.1,,1.17,29.0,0.53,-65.2,-51.3,23.9,45.0,-94.7,7.8,1.0,129.0,1
D003708,4.5,1159.0,1.11,28.5,0.44,-63.6,-50.3,,43.0,-96.7,10.3,0.0,128.0,1
D003709,5.1,1245.0,1.02,26.5,0.49,-66.4,-50.1,22.0,42.0,-97.0,7.4,1.0,126.0,1
D003710,5.6,1187.0,1.08,31.5,0.46,-66.4,-49.3,25.0,45.0,-94.8,9.4,1.0,127.0,1
D003711,4.8,1172.0,1.01,31.0,0.48,-66.3,-50.0,26.0,47.0,-96.0,7.1,,129.0,1
D003712,4.5,1233.0,1.15,31.0,0.47,-63.8,-50.4,24.7,50.0,-94.3,10.1,1.0,123.0,0
D003713,4.2,1210.0,1.15,30.0,0.47,-65.6,-50.5,24.0,45.0,-95.2,12.6,1.0,121.0,0
D003714,4.1,1135.0,1.01,30.0,0.52,-65.4,-50.7,24.3,45.0,-97.0,14.3,1.0,122.0,0
D003715,4.5,1141.0,1.12,30.5,0.53,-65.4,-49.3,25.1,40.0,-98.0,,0.0,124.0,1
D003716,5.5,1221.0,0.99,29.5,0.48,-66.2,-49.7,24.0,45.0,-95.3,10.2,0.0,125.0,1
D003717,3.1,1311.0,0.92,26.5,0.57,-61.3,-54.7,26.1,55.0,,20.6,,139.0,0
D003718,4.1,1220.0,1.14,28.0,0.48,-65.1,-50.4,25.1,45.0,-97.3,11.5,0.0,127.0,1
D003719,4.8,1221.0,1.1,26.0,0.46,-64.2,-51.6,24.2,42.0,-93.7,4.7,1.0,128.0,1
D003720,3.3,1357.0,0.83,36.5,,-67.4,-49.5,28.0,41.0,-94.7,6.0,1.0,141.0,0
D003721,4.6,1206.0,1.09,28.0,0.49,-65.2,-47.7,24.5,41.0,,11.0,0.0,119.0,1
D003722,5.3,1189.0,1.05,29.5,0.41,-65.2,-47.8,23.6,46.0,-96.0,9.6,1.0,125.0,1
D003723,4.8,1129.0,0.97,26.0,0.46,-64.4,-50.6,23.9,49.0,-95.5,,1.0,130.0,1
D003724,3.6,1156.0,1.17,20.5,0.51,-65.3,-50.1,29.7,56.0,-91.0,4.5,1.0,108.0,0
D003725,6.5,1348.0,1.38,29.0,0.67,-68.5,-53.2,21.3,30.0,-92.9,6.6,,149.0,1
D003726,5.1,1124.0,1.03,27.0,0.49,-66.3,-51.2,23.7,45.0,-96.1,9.1,0.0,132.0,1
D003727,5.0,1175.0,1.03,28.0,0.45,-66.3,-51.0,23.4,42.0,-95.4,7.1,1.0,129.0,1
D003728,4.9,1183.0,1.05,28.5,0.49,-65.4,-50.3,25.8,42.0,-95.3,9.0,1.0,120.0,1
D003729,6.8,1168.0,1.14,37.0,0.57,-63.9,-45.8,23.9,45.0,-97.9,19.7,1.0,131.0,1
D003730,5.3,1171.0,1.16,27.5,0.54,-65.8,-50.0,23.6,45.0,-95.6,6.7,1.0,131.0,1
D003731,5.1,1157.0,0.96,28.0,0.47,-66.4,-49.9,24.7,46.0,-95.7,8.2,0.0,127.0,1
D003732,4.9,1203.0,1.16,26.0,0.46,-65.7,-49.6,24.1,48.0,-95.4,10.4,0.0,132.0,1
D003733,4.8,1284.0,1.15,25.0,0.46,-64.3,-51.9,24.3,40.0,-97.0,8.7,1.0,122.0,1
D003734,5.1,1029.0,1.03,24.5,0.5,-65.0,-49.1,24.8,47.0,-94.6,5.6,1.0,129.0,1
D003735,4.6,1237.0,0.93,27.0,0.53,-64.5,-49.1,23.4,44.0,-95.2,6.9,1.0,140.0,1
D003736,4.8,1147.0,1.05,28.5,0.49,-64.7,-50.7,23.3,44.0,-95.1,3.7,1.0,136.0,1
D003737,4.6,1233.0,0.99,26.0,0.5,-61.0,-50.4,29.5,31.0,-98.0,11.4,0.0,144.0,0
D003738,5.0,1189.0,1.12,25.0,0.49,-65.3,-50.0,23.7,42.0,-96.2,8.2,1.0,125.0,1
D003739,4.4,1217.0,0.92,28.5,0.43,-67.1,-49.1,24.2,46.0,-96.4,9.6,0.0,117.0,1
D003740,5.4,1198.0,0.84,38.0,0.66,-68.9,,29.9,45.0,-99.0,10.9,1.0,150.0,1
D003741,3.5,1154.0,1.02,24.0,0.68,-66.6,-49.0,25.7,58.0,-98.8,19.4,0.0,133.0,0
D003742,4.9,1158.0,1.08,20.0,0.49,-65.7,-51.4,22.2,39.0,-94.4,2.5,1.0,101.0,0
D003743,5.4,1271.0,1.17,26.0,0.44,-66.9,-49.4,24.1,42.0,-95.2,14.4,1.0,125.0,1
D003744,5.1,1191.0,1.1,33.5,0.54,-64.8,-49.2,23.9,48.0,-96.1,10.3,0.0,120.0,1
D003745,5.3,1180.0,1.15,26.0,0.47,-65.7,-48.9,22.6,,-95.4,7.0,1.0,125.0,1
D003746,6.2,1158.0,0.99,30.5,0.54,-66.3,,24.4,46.0,-94.6,12.4,0.0,131.0,1
D003747,4.6,1207.0,1.11,30.0,0.5,-65.3,-50.0,23.9,41.0,-94.9,4.1,0.0,131.0,1
D003748,4.3,1181.0,1.19,27.5,0.52,-65.1,-50.3,23.6,40.0,-95.8,10.0,1.0,122.0,0
D003749,4.7,1178.0,1.02,34.5,0.63,-68.1,,26.4,53.0,-99.1,18.1,1.0,114.0,1
D003750,5.3,1233.0,1.09,27.0,0.46,-66.3,-50.9,23.8,37.0,-95.9,8.4,1.0,126.0,1
D003751,4.0,1362.0,1.27,39.0,0.39,-60.5,-48.7,28.9,54.0,,20.5,0.0,105.0,0
D003752,4.2,1222.0,1.11,30.5,0.44,-66.0,-50.5,22.9,42.0,-95.1,9.6,1.0,130.0,1
D003753,4.5,1149.0,1.18,29.5,0.41,-65.3,-50.1,23.2,45.0,-97.6,6.1,1.0,134.0,1
D003754,5.4,1189.0,1.14,30.5,0.48,-65.1,-51.0,23.1,43.0,-95.7,10.2,1.0,119.0,1
D003755,3.4,1055.0,1.2,21.5,0.47,-66.1,-49.2,24.5,,-90.7,23.0,0.0,148.0,0
D003756,4.3,1152.0,1.15,28.0,0.53,-66.4,-48.6,23.7,45.0,-95.6,11.4,0.0,127.0,1
D003757,4.9,1183.0,1.01,32.0,0.49,-65.6,-50.2,25.9,44.0,-95.8,7.5,0.0,130.0,1
D003758,5.2,1127.0,1.08,28.0,0.5,-65.0,-48.1,24.4,44.0,-94.0,2.5,1.0,122.0,1
D003759,4.5,1261.0,1.03,31.5,0.38,-60.8,-51.1,22.2,36.0,-98.1,17.5,0.0,124.0,0
D003760,4.4,1212.0,1.18,29.0,0.5,-64.2,-51.1,22.7,49.0,-96.0,8.9,1.0,137.0,1
D003761,4.7,1068.0,1.18,34.0,0.69,-65.5,-45.8,22.3,52.0,-98.4,21.0,0.0,149.0,0
D003762,3.6,1022.0,0.81,28.0,0.62,-69.0,-50.5,21.1,36.0,-97.8,12.4,1.0,124.0,0
D003763,4.2,1193.0,1.52,23.5,0.49,-61.5,-48.5,21.0,52.0,-91.6,20.9,1.0,147.0,0
D003764,5.9,1150.0,0.98,30.0,0.5,-65.2,-49.5,25.7,46.0,-94.0,13.1,1.0,121.0,1
D003765,6.8,1303.0,0.97,36.0,0.46,-69.8,-52.9,21.8,52.0,-93.0,1.8,1.0,132.0,1
D003766,3.5,1133.0,1.4,35.0,0.5,-65.9,-52.0,26.5,53.0,-95.9,12.4,1.0,123.0,0
D003767,5.4,1149.0,0.93,31.5,0.45,-67.4,-49.2,24.4,48.0,-96.3,11.0,1.0,127.0,1
D003768,4.8,1189.0,1.13,24.5,0.48,-65.9,-51.9,23.9,46.0,-94.5,9.2,1.0,117.0,0
D003769,5.3,1145.0,1.12,27.0,0.4,-65.5,-51.9,25.3,41.0,-97.5,8.4,0.0,135.0,1
D003770,5.1,1182.0,1.04,32.5,,-64.6,-49.5,25.7,40.0,-94.2,11.7,0.0,123.0,1
D003771,5.9,1151.0,1.21,31.5,0.69,-61.0,-52.0,24.0,36.0,-98.0,18.0,1.0,110.0,0
D003772,5.4,1209.0,1.08,28.0,0.49,-65.8,-50.4,24.6,51.0,-95.1,7.5,1.0,129.0,1
D003773,3.6,1019.0,0.86,24.0,0.38,-69.4,-53.7,29.8,40.0,-99.6,0.5,0.0,110.0,0
D003774,4.7,1178.0,1.22,32.5,0.59,-67.6,-50.8,25.4,31.0,-96.6,13.0,1.0,143.0,1
D003775,4.7,1190.0,1.21,21.5,0.52,-62.1,-50.7,24.2,37.0,-97.0,1.7,0.0,139.0,1
D003776,6.8,1390.0,1.45,28.0,0.4,-63.9,-51.9,25.9,54.0,-91.3,1.2,0.0,102.0,0
D003777,4.6,1186.0,1.04,29.0,0.51,-66.0,-50.8,23.0,45.0,-96.6,6.4,0.0,130.0,1
D003778,5.3,1193.0,0.98,25.5,0.48,-66.1,-52.7,24.2,49.0,-96.8,10.0,1.0,126.0,1
D003779,5.3,1229.0,0.86,28.5,0.45,-66.1,-48.3,24.7,48.0,-97.2,14.3,0.0,131.0,1
D003780,5.4,1210.0,1.13,25.0,0.51,-67.5,-50.3,24.2,39.0,-93.4,3.3,0.0,123.0,1
D003781,5.5,1190.0,1.25,28.0,0.51,-65.7,-51.6,25.1,40.0,-96.7,11.7,1.0,121.0,1
D003782,4.5,1170.0,1.47,22.0,0.69,-63.3,-50.1,23.3,60.0,-92.6,12.1,1.0,107.0,0
D003783,6.6,,0.97,37.5,0.5,-69.4,-53.6,22.5,48.0,-91.2,8.0,0.0,137.0,1
D003784,4.9,1142.0,1.16,30.0,0.46,-66.9,-51.0,24.4,43.0,-96.3,8.7,1.0,135.0,1
D003785,6.8,1360.0,1.59,40.0,0.68,-68.0,-51.0,28.0,38.0,-91.3,11.7,1.0,120.0,1
D003786,5.2,1224.0,1.24,30.5,0.4,-64.9,-50.5,24.8,45.0,-95.5,10.2,1.0,126.0,1
D003787,4.7,1183.0,1.12,30.5,0.46,-65.4,-51.5,24.1,46.0,-95.9,11.6,1.0,122.0,1
D003788,4.7,1189.0,1.06,30.0,0.44,-65.9,-49.7,24.8,44.0,-95.6,6.4,1.0,130.0,1
D003789,4.5,1216.0,1.09,33.0,0.54,-66.9,-51.4,24.6,45.0,-95.9,11.1,0.0,126.0,1
D003790,5.2,1196.0,1.01,25.5,0.53,-65.5,-49.9,23.9,47.0,-96.7,7.8,1.0,129.0,1
D003791,4.5,1191.0,1.11,27.5,0.43,-66.1,-50.7,24.4,47.0,-97.3,5.6,0.0,119.0,1
D003792,5.4,1252.0,0.99,29.0,0.48,-64.2,-52.2,24.0,47.0,-97.0,6.2,1.0,121.0,1
D003793,5.4,1149.0,1.02,29.0,0.57,-65.0,-49.6,25.1,,-93.8,9.3,1.0,126.0,1
D003794,4.5,1159.0,1.1,29.0,0.54,-64.8,-50.3,22.9,42.0,,8.4,1.0,135.0,1
D003795,4.9,1267.0,1.13,31.5,0.46,-65.7,-51.1,23.6,39.0,,12.4,0.0,127.0,1
D003796,4.8,1175.0,1.17,31.0,0.56,-66.8,-48.9,24.4,39.0,-96.0,7.6,1.0,130.0,1
D003797,5.4,1098.0,1.02,25.0,0.41,-65.9,-49.5,25.3,48.0,-96.8,10.2,1.0,120.0,1
D003798,4.7,1093.0,1.07,28.0,0.46,-65.9,-49.2,24.4,46.0,-94.6,10.1,1.0,133.0,0
D003799,4.2,1161.0,0.91,31.0,0.52,-65.1,-50.4,23.8,42.0,-95.7,13.6,1.0,120.0,1
D003800,5.5,1205.0,1.0,29.5,0.45,-65.0,-50.7,23.3,44.0,-95.1,6.1,0.0,131.0,1
D003801,6.0,1191.0,0.97,33.0,0.68,-62.6,-49.9,25.2,55.0,-93.8,4.7,0.0,133.0,1
D003802,,1196.0,1.03,30.0,0.53,-66.6,-50.8,24.4,43.0,-96.1,12.8,1.0,125.0,1
D003803,3.0,1394.0,1.5,21.0,0.66,-61.7,-51.8,21.1,37.0,-95.0,7.4,1.0,103.0,0
D003804,5.0,1052.0,1.0,30.0,0.49,-63.3,-53.1,21.5,32.0,-90.8,17.2,0.0,131.0,1
D003805,4.5,1223.0,1.07,31.0,0.39,-64.1,-49.4,24.4,47.0,-94.9,9.8,0.0,125.0,1
D003806,3.8,1088.0,1.04,33.0,0.52,-63.8,-47.9,26.2,34.0,-98.8,18.6,0.0,100.0,0
D003807,4.6,1158.0,1.09,25.5,0.51,-63.6,-49.5,23.1,41.0,-94.3,10.4,1.0,135.0,1
D003808,5.3,1196.0,1.16,27.5,0.46,-66.0,-49.4,24.7,48.0,-96.3,7.2,1.0,123.0,1
D003809,4.3,1204.0,1.12,31.5,0.46,-66.0,-50.1,22.9,37.0,-95.6,9.3,0.0,139.0,0
D003810,4.7,1156.0,1.23,30.5,0.52,-65.0,-49.5,24.0,45.0,-93.8,7.7,0.0,130.0,1
D003811,5.1,1166.0,1.13,29.5,0.57,-65.0,-52.5,24.7,46.0,-95.4,9.8,0.0,128.0,1
D003812,4.6,1101.0,1.18,30.0,0.44,-64.3,-51.0,23.4,41.0,-94.0,11.1,1.0,129.0,0
D003813,5.7,1011.0,0.97,21.0,0.53,-68.1,-52.0,20.3,51.0,-90.6,11.4,0.0,127.0,1
D003814,4.5,1298.0,0.99,24.5,0.69,-62.8,-47.0,23.1,58.0,-93.0,7.8,1.0,133.0,0
D003815,4.6,1164.0,1.23,25.5,0.44,-65.8,-51.3,24.5,41.0,-95.2,8.5,0.0,125.0,1
D003816,5.8,1149.0,0.99,27.5,0.54,-65.1,-49.2,25.0,42.0,-96.2,7.1,1.0,130.0,1
D003817,,1215.0,1.33,25.5,0.46,-66.4,-54.6,22.6,50.0,,4.6,1.0,124.0,1
D003818,4.2,1139.0,1.08,29.5,0.43,-65.0,-51.9,24.0,46.0,-96.5,8.3,1.0,135.0,1
D003819,4.6,1158.0,1.0,30.0,0.42,-66.3,-49.6,25.8,42.0,-96.1,8.0,1.0,,1
D003820,4.4,1165.0,1.12,27.0,0.53,-67.7,-50.0,24.9,36.0,-94.7,7.0,0.0,131.0,1
D003821,4.6,1163.0,1.0,29.5,0.53,-64.9,-48.3,24.8,44.0,-95.2,6.4,1.0,133.0,1
D003822,5.0,1229.0,1.2,31.0,0.5,-64.4,-49.7,,42.0,-98.4,12.2,0.0,120.0,1
D003823,6.8,1083.0,0.9,25.0,0.46,-62.3,-52.2,22.6,37.0,-92.5,2.0,1.0,137.0,1
D003824,4.7,1189.0,0.98,29.5,0.42,-65.1,-48.7,24.0,48.0,-97.1,6.8,1.0,113.0,1
D003825,5.3,1249.0,1.03,28.5,0.49,-66.6,-50.7,24.9,47.0,-95.7,6.1,1.0,139.0,1
D003826,4.7,1189.0,1.12,30.5,0.45,-67.3,,22.3,45.0,-96.8,7.8,0.0,127.0,1
D003827,4.3,1393.0,0.85,31.5,0.34,-60.4,-48.3,25.6,52.0,-92.0,20.3,0.0,140.0,0
D003828,3.9,1055.0,0.87,35.5,0.43,-63.0,-54.3,28.2,37.0,-90.0,,0.0,145.0,1
D003829,6.0,1291.0,1.04,24.0,0.49,-68.0,-54.1,21.6,40.0,-96.8,12.8,0.0,112.0,1
D003830,4.9,1141.0,1.11,27.0,0.5,-65.1,-48.9,24.8,47.0,-94.6,8.0,1.0,128.0,0
D003831,4.7,1175.0,1.07,29.5,0.48,-65.5,-48.9,25.8,39.0,-96.7,10.7,1.0,128.0,0
D003832,4.6,1237.0,1.02,31.5,0.6,-64.7,-45.4,23.2,48.0,-93.1,14.9,0.0,116.0,1
D003833,4.7,1269.0,1.18,32.5,0.56,-65.2,-48.8,23.8,48.0,-94.9,4.6,1.0,126.0,1
D003834,4.6,1144.0,1.11,26.0,0.48,-64.7,-48.0,25.3,42.0,-97.0,10.0,0.0,123.0,1
D003835,5.1,1149.0,1.1,27.0,0.48,-65.1,-48.7,21.8,43.0,-95.1,5.2,1.0,136.0,1
D003836,3.8,1333.0,1.1,25.0,0.39,-69.1,-49.6,24.2,35.0,-94.0,9.2,1.0,143.0,1
D003837,3.8,1388.0,1.29,27.0,0.67,-64.9,-49.9,29.7,47.0,-94.0,19.3,0.0,124.0,0
D003838,5.3,1185.0,1.09,29.5,0.5,,-48.5,22.9,46.0,-96.9,10.6,0.0,131.0,1
D003839,4.5,1174.0,1.06,30.0,0.48,-65.4,-50.4,22.6,44.0,-93.9,8.5,1.0,137.0,1
D003840,4.4,1231.0,1.25,31.0,0.46,-68.7,-46.5,23.3,42.0,-95.6,16.0,0.0,142.0,1
D003841,5.1,1213.0,1.07,27.0,0.47,-65.5,-50.2,22.3,43.0,-95.9,8.1,0.0,127.0,1
D003842,6.0,1116.0,0.97,21.5,0.41,-69.4,-53.1,21.0,30.0,-92.4,15.3,1.0,110.0,1
D003843,4.8,1184.0,0.86,28.5,0.59,-66.5,-49.0,23.9,34.0,-92.3,15.0,1.0,138.0,1
D003844,6.9,1359.0,1.12,34.5,0.39,-65.9,-45.4,27.3,36.0,-96.1,3.2,1.0,133.0,1
D003845,7.0,1376.0,0.85,25.5,0.66,-63.9,-54.2,27.3,34.0,,7.7,0.0,130.0,1
D003846,4.4,1195.0,1.11,30.0,0.46,-66.1,-51.1,24.1,45.0,-96.5,7.8,0.0,124.0,1
D003847,5.4,1134.0,1.13,26.5,0.4,-65.3,-51.2,23.2,50.0,-95.9,9.7,1.0,126.0,1
D003848,5.0,1121.0,1.57,37.0,0.55,-67.8,-45.1,20.0,39.0,-90.1,23.9,0.0,133.0,0
D003849,5.1,1128.0,1.05,31.0,0.45,-66.0,-48.6,22.6,44.0,-95.1,13.3,1.0,129.0,1
D003850,4.7,1128.0,1.2,28.5,0.53,-63.7,-50.3,24.7,50.0,-96.8,9.8,1.0,133.0,1
D003851,5.6,1147.0,1.19,30.5,0.51,-63.8,-45.5,29.1,56.0,-96.2,6.9,1.0,106.0,0
D003852,5.5,1223.0,1.15,29.0,0.43,-64.5,-51.2,24.3,48.0,-94.2,3.8,0.0,129.0,1
D003853,5.2,1192.0,1.0,28.0,0.48,-66.7,-49.9,23.0,47.0,-95.2,6.0,0.0,122.0,1
D003854,5.1,1069.0,0.93,25.0,0.4,-62.7,-47.8,22.3,49.0,-92.3,14.7,1.0,140.0,0
D003855,5.3,1222.0,0.97,30.0,0.49,-64.5,-50.6,24.1,43.0,-95.4,6.5,0.0,134.0,1
D003856,4.4,1194.0,1.59,22.5,0.57,-64.5,-48.0,27.2,32.0,-99.6,18.6,1.0,108.0,0
D003857,6.5,1044.0,0.86,21.0,0.46,-68.2,-54.4,23.1,35.0,-93.5,7.6,0.0,148.0,1
D003858,4.4,1143.0,0.82,40.0,0.6,-63.4,-54.7,25.2,36.0,-97.5,18.7,0.0,140.0,1
D003859,4.8,1092.0,1.19,30.5,0.46,-64.5,-49.6,23.3,46.0,-94.7,7.7,1.0,126.0,1
D003860,4.9,1130.0,1.18,27.0,0.52,-66.6,-49.8,23.4,42.0,-95.2,10.8,1.0,121.0,1
D003861,5.5,1370.0,1.09,29.0,0.43,-64.0,-53.2,23.6,36.0,-95.5,,0.0,124.0,1
D003862,6.7,1066.0,1.02,22.5,0.53,-68.5,-47.4,27.3,50.0,-99.3,18.2,1.0,119.0,0
D003863,3.4,1127.0,0.85,32.5,0.63,-66.7,-47.9,21.6,59.0,-90.8,8.1,1.0,114.0,0
D003864,4.4,1174.0,1.03,27.0,0.49,-66.4,-50.3,23.7,51.0,-96.6,,1.0,118.0,1
D003865,4.7,1143.0,1.04,30.0,0.59,-65.6,-50.1,23.4,46.0,-93.3,6.3,0.0,118.0,1
D003866,4.1,1181.0,1.04,28.5,0.54,-65.9,-51.1,24.4,45.0,-97.0,7.7,1.0,125.0,1
D003867,4.4,1144.0,1.06,28.5,0.57,-65.2,-51.7,,44.0,-96.0,7.8,0.0,126.0,1
D003868,5.3,1024.0,0.87,31.0,0.63,-63.3,-46.6,24.6,47.0,-95.3,19.1,1.0,128.0,1
D003869,4.1,1191.0,1.09,33.5,0.41,-65.0,-50.4,23.4,47.0,-96.9,12.5,1.0,124.0,0
D003870,6.1,1314.0,1.25,25.5,0.34,-65.2,-52.4,20.3,33.0,-97.2,7.5,1.0,136.0,1
D003871,4.5,1210.0,0.96,30.5,0.5,-66.1,-51.7,23.2,47.0,-97.2,8.5,,123.0,1
D003872,5.4,1152.0,1.08,31.0,0.43,-64.0,-50.9,23.9,45.0,-95.6,13.1,0.0,140.0,1
D003873,5.0,1198.0,0.97,25.0,0.48,-66.1,-50.1,26.5,40.0,-95.2,11.8,1.0,127.0,1
D003874,5.5,1128.0,,29.5,0.44,-67.5,-52.0,21.8,43.0,-95.2,6.9,0.0,129.0,1
D003875,5.3,1140.0,1.05,29.0,0.49,-66.2,,24.8,42.0,-95.4,8.9,1.0,132.0,1
D003876,6.1,1125.0,1.1,23.0,0.35,-66.3,-52.7,27.3,55.0,-97.7,22.7,0.0,109.0,0
D003877,4.7,1135.0,1.17,30.5,0.48,-65.4,-49.3,23.5,51.0,-94.1,9.0,0.0,144.0,1
D003878,4.6,1224.0,1.14,28.5,0.47,-65.8,-49.3,25.1,39.0,-98.3,7.4,1.0,130.0,1
D003879,4.6,1164.0,1.1,30.5,0.45,-66.0,-50.8,25.4,41.0,-96.2,11.3,1.0,126.0,1
D003880,5.0,1285.0,1.15,29.5,0.44,-66.7,-49.5,25.5,43.0,-94.4,8.9,1.0,126.0,1
D003881,5.3,1175.0,1.06,31.5,0.48,-66.1,-50.5,23.1,40.0,-95.8,4.9,1.0,119.0,1
D003882,4.0,1157.0,1.07,28.0,0.47,-65.1,-49.6,23.6,40.0,-96.2,5.5,0.0,131.0,1
D003883,5.6,1159.0,0.98,31.5,0.56,-68.9,-45.6,26.4,30.0,-96.1,1.6,0.0,141.0,1
D003884,4.6,1193.0,1.04,28.0,0.46,-65.4,-49.3,23.3,45.0,-98.1,11.3,,,1
D003885,5.0,1227.0,1.0,29.0,0.5,-65.8,-49.8,23.5,44.0,-95.2,6.8,0.0,132.0,1
D003886,5.1,1173.0,1.03,25.5,0.51,-65.8,-49.8,22.6,42.0,-95.6,6.2,1.0,129.0,1
D003887,5.1,1221.0,0.89,26.5,0.49,-65.7,-49.9,22.4,42.0,-94.4,13.1,0.0,126.0,1
D003888,5.5,1169.0,0.98,32.5,0.45,-65.5,-49.8,25.2,41.0,-97.3,5.9,1.0,132.0,1
D003889,5.1,1188.0,1.08,29.0,0.45,-65.5,-50.1,23.6,44.0,-95.0,13.6,0.0,132.0,1
D003890,5.2,1014.0,1.11,33.5,0.44,-68.7,-48.0,25.2,34.0,-91.1,12.0,0.0,122.0,1
D003891,6.9,1255.0,,33.5,0.34,-66.3,-45.6,25.1,50.0,-93.4,11.9,1.0,129.0,1
D003892,4.2,1181.0,0.93,30.5,0.48,-65.9,-51.6,23.9,48.0,-95.6,,0.0,127.0,1
D003893,4.9,1210.0,1.01,30.5,0.49,-64.9,-49.5,23.9,38.0,-95.4,10.7,1.0,138.0,1
D003894,5.1,1185.0,1.09,30.5,0.45,-65.3,-49.4,23.4,39.0,-95.4,8.7,1.0,129.0,1
D003895,5.2,1065.0,0.85,37.5,0.56,-63.6,-50.2,23.4,38.0,-94.3,2.4,1.0,112.0,1
D003896,4.9,1228.0,1.11,28.0,0.48,-65.5,-49.3,23.1,45.0,-94.9,8.4,1.0,131.0,0
D003897,4.9,1221.0,1.09,29.5,0.5,-64.3,-50.3,22.5,42.0,-95.2,8.6,1.0,128.0,1
D003898,5.0,1223.0,1.15,32.0,0.48,-64.9,-49.2,24.1,43.0,-95.9,8.6,0.0,130.0,1
D003899,6.0,1050.0,0.85,31.5,0.63,-66.0,-49.6,27.1,49.0,-92.4,14.6,1.0,119.0,0
D003900,5.1,1239.0,1.3,20.0,0.54,-67.0,-53.3,29.5,45.0,-96.2,3.2,1.0,119.0,1
D003901,5.6,1022.0,1.46,23.0,0.58,-62.2,-51.2,25.0,46.0,-96.1,22.4,,142.0,1
D003902,5.4,1169.0,1.04,30.5,0.5,-66.6,-49.4,25.4,45.0,-94.0,12.9,1.0,137.0,1
D003903,4.7,1195.0,1.13,29.5,0.55,-65.6,-49.5,24.3,39.0,-95.6,7.9,1.0,128.0,0
D003904,4.4,1183.0,1.13,,0.48,-65.4,-48.3,25.5,46.0,-95.7,9.5,1.0,127.0,1
D003905,4.9,1188.0,1.17,32.0,0.44,-66.6,-48.6,22.9,44.0,-94.4,9.1,1.0,124.0,0
D003906,4.8,1109.0,1.05,30.5,0.55,-63.9,-51.6,24.5,45.0,-95.8,9.2,0.0,121.0,1
D003907,4.5,1227.0,1.19,29.5,0.4,-66.5,-51.4,23.8,47.0,-95.6,10.4,1.0,,1
D003908,4.7,1170.0,1.23,27.0,0.45,-65.5,-50.5,23.6,44.0,-97.5,4.1,0.0,,1
D003909,4.4,1169.0,1.17,29.5,0.52,-64.7,-50.2,24.6,39.0,-94.9,7.0,0.0,124.0,1
D003910,3.7,1212.0,1.08,29.5,0.41,-66.5,-48.5,24.6,47.0,-94.5,9.8,1.0,135.0,0
D003911,4.3,1400.0,0.97,36.5,0.35,-69.7,-47.7,24.3,48.0,-91.2,11.5,0.0,137.0,1
D003912,5.0,1105.0,1.13,29.0,0.54,-65.5,-49.9,24.0,40.0,-95.4,8.9,1.0,129.0,1
D003913,5.8,1379.0,1.54,21.0,0.59,-64.9,-50.2,24.7,51.0,-98.5,11.0,0.0,135.0,0
D003914,7.0,1000.0,1.35,36.0,0.44,-69.7,-48.3,22.3,34.0,-92.3,3.6,1.0,134.0,1
D003915,4.8,1187.0,1.03,29.5,0.5,-64.8,-51.2,23.8,43.0,-97.0,12.4,,119.0,1
D003916,5.4,1231.0,1.11,31.0,0.41,-66.4,-50.1,24.2,46.0,-95.6,7.5,1.0,137.0,1
D003917,4.4,1293.0,1.14,37.5,0.6,-67.4,-50.4,21.2,31.0,-94.7,0.1,0.0,149.0,1
D003918,4.3,1177.0,1.11,29.5,0.42,,-50.2,24.5,,-94.2,,0.0,136.0,1
D003919,5.0,1148.0,1.12,30.0,,-67.9,-50.6,23.4,44.0,-94.2,6.1,1.0,126.0,1
D003920,6.2,1325.0,1.35,34.5,0.69,-69.5,-46.1,29.5,54.0,-91.3,6.1,0.0,135.0,0
D003921,4.5,1159.0,1.04,29.0,0.42,-66.7,-50.5,24.4,44.0,-97.0,8.3,1.0,127.0,1
D003922,4.6,1124.0,1.14,29.0,0.45,-64.9,-49.6,21.4,46.0,-95.9,,0.0,130.0,0
D003923,4.2,1177.0,1.27,26.5,0.51,-66.3,-50.5,23.0,42.0,-95.9,8.5,0.0,121.0,0
D003924,4.9,1286.0,0.98,32.0,,-68.4,-46.9,25.3,56.0,-97.6,8.8,1.0,144.0,0
D003925,6.4,1201.0,1.04,33.5,0.41,-64.1,-49.8,24.7,43.0,-95.7,,1.0,132.0,1
D003926,4.2,1059.0,1.28,22.5,0.6,-61.2,-47.7,29.1,53.0,-95.7,15.3,0.0,129.0,0
D003927,5.2,1192.0,1.09,27.5,0.44,-65.9,-50.0,23.6,48.0,-95.5,11.8,0.0,133.0,0
D003928,4.6,1143.0,1.07,29.0,0.56,-65.3,-51.3,23.5,42.0,-94.6,10.3,1.0,126.0,1
D003929,4.4,1182.0,1.14,29.0,0.52,-65.2,-50.9,23.1,44.0,-95.3,7.7,0.0,120.0,1
D003930,5.0,1240.0,1.05,32.5,0.53,-66.4,-49.2,25.1,40.0,-96.1,8.3,1.0,125.0,1
D003931,5.1,1132.0,1.13,31.5,0.46,-66.0,-49.9,25.1,41.0,-93.9,6.8,0.0,135.0,1
D003932,4.9,1206.0,1.14,27.0,0.49,-66.2,,23.2,39.0,-95.2,9.6,1.0,120.0,0
D003933,5.5,1182.0,1.42,27.0,0.38,-68.9,-47.9,24.7,56.0,-96.6,0.6,1.0,127.0,1
D003934,4.5,1203.0,1.22,31.0,0.49,-65.8,-50.0,23.7,44.0,-94.9,10.0,0.0,130.0,1
D003935,4.9,1353.0,0.96,35.0,0.48,-68.9,-53.7,26.7,36.0,-94.8,23.7,1.0,135.0,1
D003936,6.9,1001.0,1.45,33.0,0.64,-63.0,-53.6,24.7,50.0,-94.1,7.6,0.0,137.0,1
D003937,4.8,1143.0,1.06,33.0,0.46,-67.4,-48.6,24.0,40.0,-95.7,8.0,1.0,131.0,1
D003938,4.9,1210.0,1.15,25.5,0.43,-65.6,-49.8,23.5,44.0,-95.2,5.3,1.0,128.0,1
D003939,3.1,1263.0,1.45,25.0,0.42,-65.1,-49.4,20.6,50.0,-91.0,14.8,1.0,131.0,0
D003940,5.1,1201.0,1.31,33.5,0.67,-65.5,-53.5,23.5,39.0,-92.3,13.2,0.0,118.0,1
D003941,4.4,1246.0,1.19,29.5,0.39,-66.0,-49.6,24.5,44.0,-95.7,10.5,0.0,132.0,1
D003942,4.7,1186.0,1.14,28.5,0.52,-65.5,-52.0,23.9,43.0,-93.9,7.5,1.0,135.0,1
D003943,4.3,1123.0,1.15,27.0,0.5,-64.1,-51.0,,46.0,-95.0,6.0,1.0,126.0,0
D003944,4.6,1197.0,1.07,27.5,0.53,-65.9,-49.5,26.1,45.0,-95.9,9.6,1.0,138.0,0
D003945,4.5,1199.0,1.03,29.0,0.59,-65.3,-49.6,24.0,45.0,-94.8,10.8,1.0,123.0,1
D003946,5.3,1142.0,1.05,32.5,0.43,-65.9,-48.6,23.0,37.0,-96.1,10.1,0.0,,1
D003947,3.4,1148.0,1.05,27.5,0.44,-67.9,-50.0,27.1,58.0,-91.3,4.0,0.0,132.0,0
D003948,4.9,1269.0,1.14,30.5,0.46,-61.7,-54.6,26.1,38.0,-98.9,19.6,0.0,127.0,1
D003949,6.3,1250.0,1.23,29.0,0.52,-61.9,-52.0,21.7,57.0,-90.9,6.5,1.0,105.0,1
D003950,4.7,1193.0,1.29,29.0,0.48,-65.7,-50.2,25.3,47.0,-96.2,2.1,0.0,125.0,1
D003951,6.3,1176.0,1.29,35.0,0.41,-64.3,-48.8,28.5,34.0,-91.6,22.1,0.0,138.0,0
D003952,5.6,1170.0,1.14,30.5,0.45,-63.9,-50.2,23.5,47.0,-96.2,10.5,0.0,121.0,1
D003953,4.8,1203.0,1.05,29.0,0.52,-65.2,-49.3,24.1,43.0,-94.9,8.8,1.0,120.0,0
D003954,4.8,1218.0,1.17,32.0,0.51,-66.7,-50.8,23.5,46.0,-96.5,6.9,0.0,135.0,1
D003955,4.5,1224.0,1.08,27.0,0.46,-67.0,-50.8,24.1,43.0,-95.8,5.9,0.0,121.0,1
D003956,4.8,1199.0,1.38,37.0,0.69,-65.9,-53.9,24.0,52.0,-91.6,6.9,0.0,122.0,0
D003957,4.8,1130.0,1.2,29.5,0.49,-65.7,-49.7,24.4,48.0,-95.3,12.1,0.0,116.0,1
D003958,5.1,1121.0,1.09,29.0,0.47,-65.6,-51.2,23.4,42.0,-95.9,7.5,1.0,126.0,1
D003959,4.4,1118.0,1.04,30.0,0.48,-66.0,-52.0,23.4,42.0,-95.4,9.9,1.0,133.0,1
D003960,5.3,1112.0,1.27,30.0,0.46,-63.8,,23.8,42.0,-94.8,8.2,0.0,125.0,1
D003961,4.2,1340.0,1.05,37.0,0.63,-69.4,-45.6,29.2,49.0,-99.2,19.7,1.0,110.0,0
D003962,4.3,1127.0,1.03,30.5,0.55,-64.9,-48.9,23.4,40.0,-96.3,9.2,1.0,139.0,1
D003963,4.4,1196.0,1.13,30.0,0.46,-65.0,-49.8,24.0,42.0,-94.1,9.7,1.0,133.0,0
D003964,5.7,1150.0,1.04,29.0,0.51,-65.4,-49.9,22.5,47.0,-96.4,6.1,0.0,138.0,1
D003965,5.1,1133.0,1.03,25.0,0.49,-65.8,-49.7,23.0,42.0,-96.6,11.0,0.0,120.0,1
D003966,6.6,1104.0,1.09,27.5,0.48,-60.2,-49.2,28.2,47.0,-100.0,4.8,0.0,126.0,1
D003967,4.9,1128.0,1.03,33.5,0.52,-66.2,-50.4,24.6,46.0,-97.1,11.5,1.0,137.0,1
D003968,4.7,1187.0,1.19,30.5,0.53,-63.7,-51.1,24.2,45.0,-94.0,7.3,0.0,127.0,1
D003969,4.4,1149.0,1.18,24.5,0.42,-65.4,-50.7,23.6,47.0,-95.2,10.5,0.0,132.0,1
D003970,4.9,1136.0,1.01,31.0,0.5,-65.1,-48.3,24.4,43.0,-95.8,8.9,1.0,129.0,1
D003971,4.7,1188.0,0.87,32.0,0.54,-65.1,-50.6,23.4,42.0,-95.9,6.2,0.0,123.0,1
D003972,,1136.0,1.08,31.0,0.48,-63.9,-50.5,25.2,39.0,-95.1,10.3,0.0,127.0,1
D003973,4.6,1186.0,1.07,32.0,0.47,-66.2,-51.2,24.3,46.0,-95.2,10.1,1.0,137.0,1
D003974,5.0,1345.0,1.09,33.0,0.59,-62.5,-47.9,29.6,38.0,-90.5,3.3,0.0,109.0,0
D003975,3.7,1262.0,1.14,29.5,0.48,-67.5,-50.9,22.5,44.0,-96.2,8.5,0.0,117.0,1
D003976,4.7,1131.0,1.23,32.0,0.52,-65.1,-47.9,23.2,48.0,-96.5,9.3,0.0,125.0,1
D003977,4.4,1210.0,0.82,39.0,0.37,-66.9,-54.2,29.9,39.0,-94.6,13.2,1.0,149.0,0
D003978,6.0,1260.0,1.17,29.5,0.55,-65.9,-49.8,25.1,44.0,-94.6,9.9,0.0,120.0,1
D003979,4.8,1192.0,1.09,26.5,0.39,-65.5,-50.0,22.3,44.0,-95.2,,1.0,129.0,0
D003980,6.7,1395.0,1.37,29.5,0.52,-63.3,-51.2,21.3,47.0,-92.5,12.7,0.0,144.0,1
D003981,5.2,1128.0,1.16,28.5,0.5,-65.4,-49.4,24.6,43.0,-94.9,9.1,1.0,119.0,1
D003982,4.3,1156.0,1.24,35.5,0.7,-69.5,-48.9,28.6,47.0,-93.9,10.8,1.0,128.0,0
D003983,5.0,1154.0,1.07,28.0,,-65.3,-50.5,24.7,47.0,-95.2,9.9,1.0,126.0,1
D003984,5.3,1109.0,1.22,29.0,0.5,-64.9,-50.5,22.9,41.0,-94.3,8.7,0.0,127.0,1
D003985,5.0,1108.0,1.08,24.0,0.45,-64.9,-49.3,23.6,41.0,-97.1,11.9,1.0,129.0,1
D003986,4.5,1139.0,1.05,30.0,0.52,-63.7,-48.7,24.2,43.0,-96.5,9.6,0.0,124.0,0
D003987,4.3,1244.0,0.93,29.0,0.51,-66.0,-49.2,24.9,42.0,-96.8,8.9,0.0,127.0,1
D003988,5.5,1156.0,1.14,31.5,0.41,-64.8,-49.9,24.6,48.0,-96.0,9.8,0.0,126.0,1
D003989,6.4,1178.0,1.14,33.5,0.54,-69.9,-47.6,30.0,38.0,-94.8,22.1,0.0,118.0,0
D003990,4.6,1151.0,1.1,26.5,0.43,-62.5,-51.5,23.1,43.0,-95.8,8.2,1.0,126.0,0
D003991,5.8,1223.0,1.23,27.0,0.53,-62.3,-48.9,27.0,32.0,-90.0,7.4,1.0,115.0,1
D003992,3.8,1138.0,1.21,31.0,0.46,-66.9,-50.2,23.1,41.0,-95.0,11.0,1.0,133.0,1
D003993,4.8,1111.0,1.14,31.0,0.5,-63.3,,21.4,48.0,-95.9,6.5,1.0,131.0,1
D003994,6.3,1230.0,1.33,33.0,0.57,-67.5,-50.9,29.6,59.0,-91.3,7.3,1.0,145.0,1
D003995,4.8,1238.0,1.03,27.5,0.44,-65.3,-50.0,25.2,45.0,-95.9,8.8,1.0,126.0,0
D003996,6.0,1006.0,1.49,27.5,0.31,-63.9,-47.9,22.1,48.0,-97.0,18.6,1.0,109.0,0
D003997,4.8,1238.0,1.11,30.0,0.52,-65.9,-48.0,23.6,45.0,-95.8,10.4,1.0,127.0,0
D003998,5.1,1101.0,1.1,22.5,0.56,-65.9,-47.7,29.4,53.0,-91.9,23.8,1.0,109.0,0
D003999,4.9,1187.0,1.1,27.0,0.45,-66.1,-50.7,24.1,47.0,-94.3,9.7,0.0,124.0,1
D004000,5.1,1124.0,1.21,31.0,0.49,-65.1,-49.3,25.8,39.0,-95.6,8.4,1.0,117.0,1
D004001,5.4,1193.0,1.04,31.0,0.49,-67.2,-51.3,23.8,37.0,-95.5,7.4,1.0,121.0,1
D004002,5.7,1194.0,1.23,30.5,0.5,-64.1,-50.3,,43.0,-94.6,6.3,1.0,130.0,1
D004003,4.5,1119.0,1.21,25.5,0.41,-65.4,-49.7,25.8,49.0,-93.6,12.2,0.0,126.0,0
D004004,5.5,1151.0,1.13,27.0,0.52,-65.7,-49.9,21.8,48.0,-95.6,6.9,0.0,136.0,1
D004005,4.5,1166.0,1.14,27.0,0.5,-65.7,-49.3,23.7,42.0,-96.5,6.5,1.0,133.0,1
D004006,4.1,1144.0,1.17,29.0,0.51,-66.6,-51.0,,46.0,-95.4,10.2,0.0,125.0,1
D004007,4.7,1106.0,0.93,38.5,0.56,-62.4,-53.2,20.6,34.0,-94.7,3.9,1.0,122.0,1
D004008,4.4,1190.0,1.07,29.0,0.48,-65.8,-48.2,24.7,36.0,-93.9,7.5,1.0,130.0,1
D004009,5.0,1114.0,1.19,25.5,0.34,-61.0,-50.3,25.6,,-97.5,17.0,0.0,137.0,0
D004010,6.1,1187.0,1.42,23.0,0.67,-63.7,-54.9,25.6,35.0,-96.1,5.6,1.0,119.0,0
D004011,5.3,1215.0,1.07,30.5,0.47,-64.9,-50.7,22.5,46.0,-94.9,8.7,0.0,130.0,1
D004012,5.6,1076.0,0.92,21.5,0.6,-67.5,-53.0,22.8,48.0,-95.3,21.5,1.0,111.0,0
D004013,5.2,1231.0,1.15,29.0,0.47,-65.0,-51.0,25.4,50.0,-94.7,11.3,1.0,128.0,1
D004014,4.0,1291.0,1.22,35.0,0.61,-68.9,-53.2,29.2,56.0,-93.9,5.9,0.0,120.0,1
D004015,5.2,1195.0,1.19,29.0,0.52,-65.6,-49.4,23.9,43.0,-94.9,4.1,1.0,124.0,1
D004016,3.7,1284.0,1.5,33.5,0.67,-60.9,-47.8,,39.0,-95.1,9.5,0.0,116.0,0
D004017,4.6,1197.0,1.03,26.0,0.44,-67.0,-52.8,23.0,47.0,-96.8,13.1,0.0,125.0,1
D004018,5.2,1181.0,1.07,28.0,0.54,-66.9,-51.1,24.1,44.0,-95.4,11.2,1.0,126.0,1
D004019,6.9,1136.0,1.23,23.5,0.41,-64.2,-52.8,24.9,38.0,-92.3,13.5,1.0,121.0,0
D004020,4.0,1176.0,1.16,27.0,0.44,-66.7,-51.5,24.7,37.0,-96.6,9.3,1.0,118.0,1
D004021,5.0,1209.0,1.04,28.0,0.51,-65.4,-51.2,22.6,41.0,-96.4,10.8,1.0,126.0,1
D004022,5.8,1157.0,1.19,26.0,0.54,-64.4,-48.1,25.0,,-93.9,8.9,0.0,,1
D004023,4.7,1066.0,1.03,28.5,0.49,-66.3,-47.6,24.5,46.0,-96.0,4.8,0.0,130.0,1
D004024,7.0,1092.0,1.23,20.5,0.38,-63.1,-53.6,22.7,37.0,-98.5,19.9,0.0,106.0,0
D004025,5.2,1129.0,1.06,28.5,0.45,-65.9,-51.3,23.5,46.0,-96.3,11.6,0.0,128.0,1
D004026,4.7,1255.0,0.97,28.5,0.5,-65.9,-49.2,22.7,46.0,-94.4,10.8,,131.0,1
D004027,5.5,1195.0,1.04,28.5,0.46,-64.6,-49.2,23.3,39.0,-96.9,6.1,0.0,125.0,1
D004028,4.5,1177.0,1.11,30.0,0.5,-66.1,-50.0,25.9,45.0,-94.3,9.7,0.0,128.0,1
D004029,5.3,1145.0,1.13,30.5,0.5,-65.8,-50.1,22.6,40.0,-94.5,10.5,0.0,122.0,1
D004030,4.9,1157.0,1.24,26.5,0.46,-66.1,-50.3,22.7,42.0,-95.4,10.2,0.0,126.0,1
D004031,4.5,1102.0,,31.0,0.46,-65.2,-50.0,24.5,41.0,-95.8,9.5,1.0,129.0,1
D004032,3.9,1151.0,1.07,32.0,0.46,-66.9,-52.0,23.0,44.0,,8.2,0.0,129.0,1
D004033,5.6,1189.0,,33.5,0.54,-63.4,-50.8,25.4,44.0,-97.0,13.5,1.0,125.0,1
D004034,4.7,1147.0,1.07,28.5,0.54,-67.0,-48.6,26.5,42.0,-95.0,6.7,1.0,135.0,1
D004035,5.2,1152.0,1.1,32.5,0.43,-67.2,-48.2,23.6,,-94.7,11.1,1.0,126.0,1
D004036,4.2,1233.0,1.4,35.5,0.34,-64.4,-53.4,28.4,44.0,-98.8,23.9,0.0,102.0,0
D004037,4.2,1336.0,0.98,35.0,0.65,-63.7,-51.1,23.6,,,16.6,0.0,117.0,1
D004038,5.8,1256.0,,24.5,0.56,-67.7,-53.2,27.5,39.0,-90.9,18.1,1.0,146.0,1
D004039,5.1,1200.0,1.14,27.5,,-65.7,-49.2,,48.0,-95.6,9.9,0.0,129.0,1
D004040,6.5,1360.0,1.34,35.5,0.62,-69.5,-49.0,25.5,45.0,-98.7,18.0,0.0,142.0,1
D004041,4.6,1169.0,1.05,27.5,0.47,-65.3,-49.9,23.5,48.0,-93.7,8.9,0.0,123.0,0
D004042,4.9,1197.0,1.2,30.0,0.45,-65.4,-50.1,24.5,43.0,-94.3,7.6,1.0,125.0,1
D004043,4.5,1148.0,1.16,29.0,0.48,-64.9,-49.7,26.0,46.0,-93.9,8.1,0.0,124.0,1
D004044,4.5,1152.0,1.08,30.5,0.57,-63.2,-50.4,24.9,43.0,-95.3,10.1,0.0,119.0,1
D004045,5.4,1160.0,1.11,29.0,0.47,-66.7,-49.5,23.3,41.0,-95.1,7.7,0.0,129.0,1
D004046,3.9,1098.0,1.56,34.0,0.47,-65.3,-53.1,29.2,45.0,-91.9,12.7,1.0,106.0,0
D004047,4.8,1233.0,1.01,31.0,0.51,-66.2,-48.9,22.4,39.0,-97.0,11.6,1.0,123.0,1
D004048,4.0,1146.0,1.0,31.0,0.52,-64.1,-48.6,22.0,42.0,-96.2,6.7,1.0,122.0,1
D004049,3.5,1074.0,,29.0,0.35,-60.3,-50.2,26.9,37.0,-91.9,0.8,1.0,126.0,0
D004050,4.4,1197.0,1.08,30.0,0.55,-65.7,-50.5,24.5,45.0,-93.9,7.6,1.0,128.0,1
D004051,4.3,1160.0,1.12,28.0,0.55,-66.6,-50.2,23.8,42.0,-95.3,10.0,1.0,133.0,0
D004052,4.7,1182.0,1.16,33.0,0.42,-65.1,-50.1,23.1,43.0,-94.3,10.2,1.0,134.0,1
D004053,4.5,1181.0,1.27,31.5,,-65.0,-50.6,25.3,49.0,-95.2,7.7,0.0,130.0,0
D004054,4.9,1214.0,1.25,24.0,0.42,-66.2,-49.2,23.7,49.0,-95.1,13.9,1.0,120.0,0
D004055,6.4,1302.0,1.49,38.0,0.41,-61.7,-53.9,21.0,33.0,-90.8,7.0,0.0,116.0,1
D004056,4.9,1169.0,1.0,33.0,0.53,-63.5,-50.4,23.3,41.0,-94.4,14.5,0.0,130.0,1
D004057,4.4,1241.0,1.01,25.5,0.51,-64.7,-49.9,24.8,44.0,-95.5,7.5,1.0,137.0,1
D004058,3.4,1036.0,1.28,37.0,0.62,-67.4,-52.6,27.3,40.0,-99.9,4.8,0.0,146.0,1
D004059,5.4,1196.0,1.01,31.0,0.49,-65.7,-48.1,24.3,44.0,-96.0,6.3,0.0,127.0,1
D004060,4.8,1163.0,1.14,30.5,0.47,-64.6,-49.1,23.7,45.0,-95.2,11.8,0.0,133.0,1
D004061,4.6,1287.0,0.97,30.0,0.56,-66.1,-48.7,23.6,42.0,-96.9,9.4,1.0,122.0,0
D004062,5.2,1195.0,1.23,29.0,0.52,-67.6,-48.5,24.9,41.0,-96.0,13.5,0.0,120.0,1
D004063,4.9,1167.0,1.12,29.5,0.55,-64.0,-51.5,23.8,38.0,-95.1,8.1,0.0,123.0,1
D004064,4.1,1236.0,1.07,31.0,0.32,-63.6,-51.6,26.6,35.0,-91.3,,1.0,110.0,0
D004065,4.7,1204.0,0.99,25.5,0.47,-65.0,-51.4,23.2,48.0,-95.7,10.7,1.0,130.0,0
D004066,4.8,1164.0,0.93,28.5,0.43,-63.3,-53.0,23.2,43.0,-96.5,6.1,1.0,124.0,1
D004067,4.1,1290.0,1.43,23.0,0.64,-61.9,-51.2,25.3,45.0,-95.4,12.6,0.0,122.0,0
D004068,6.4,1329.0,1.04,24.0,0.69,-67.2,,28.3,55.0,-92.8,12.9,0.0,149.0,0
D004069,4.9,1130.0,1.09,33.5,0.43,-64.6,-52.3,22.6,43.0,-94.4,8.8,1.0,126.0,0
D004070,4.4,1175.0,1.16,27.5,0.43,-67.1,-50.9,23.2,48.0,-95.0,11.0,0.0,133.0,1
D004071,5.3,1146.0,1.05,26.0,0.52,-65.7,-50.2,25.5,44.0,-95.6,13.0,0.0,136.0,1
D004072,4.6,1362.0,1.24,36.5,0.34,-63.4,-45.1,22.0,42.0,-96.6,7.7,1.0,137.0,1
D004073,3.3,1348.0,0.95,21.5,0.37,-61.9,-46.5,28.4,39.0,-91.0,4.7,1.0,146.0,0
D004074,5.2,1170.0,1.08,32.0,0.49,-65.7,-50.2,25.4,43.0,-95.2,6.7,1.0,134.0,1
D004075,4.7,1177.0,1.14,28.5,0.45,-65.6,-50.5,23.8,37.0,-96.2,11.6,0.0,135.0,1
D004076,4.8,1211.0,1.02,32.5,0.49,-64.8,-49.2,25.1,43.0,-95.3,9.5,1.0,126.0,1
D004077,4.9,1143.0,1.11,28.0,0.46,-65.8,-50.8,24.0,47.0,-94.5,7.5,1.0,128.0,1
D004078,4.7,1182.0,1.1,29.5,0.47,-65.5,-50.4,23.3,45.0,-96.1,8.1,1.0,130.0,1
D004079,5.1,1201.0,1.21,29.0,0.52,-64.9,-50.5,22.8,45.0,-95.8,7.9,1.0,132.0,1
D004080,4.6,1140.0,1.07,31.0,0.47,-66.0,-50.6,24.8,48.0,-95.6,4.9,1.0,129.0,1
D004081,5.3,1203.0,1.05,32.5,0.51,-66.7,-49.7,23.3,44.0,-95.3,9.7,1.0,132.0,1
D004082,6.5,1285.0,1.12,26.5,0.42,-64.9,-50.9,21.8,54.0,-90.3,13.2,1.0,149.0,1
D004083,3.5,1014.0,1.22,34.5,0.67,-60.9,-53.3,21.3,38.0,-95.0,17.3,0.0,113.0,0
D004084,6.0,1015.0,1.04,28.0,0.34,-65.0,-52.6,24.8,47.0,-91.4,17.9,1.0,142.0,0
D004085,4.5,1125.0,1.09,31.5,0.45,-64.7,-49.6,24.4,47.0,-95.4,14.4,1.0,129.0,1
D004086,6.7,1002.0,0.83,22.5,0.54,-61.5,-45.2,20.6,41.0,-99.4,22.9,1.0,122.0,0
D004087,4.9,1159.0,0.99,29.5,0.38,-65.5,-50.6,25.0,46.0,-96.2,9.6,1.0,136.0,0
D004088,4.6,1179.0,1.16,30.5,0.53,-65.3,-50.2,25.7,35.0,-97.1,8.5,0.0,128.0,1
D004089,4.9,1231.0,1.13,31.0,0.51,-63.3,-50.7,25.1,47.0,-96.1,7.7,0.0,133.0,1
D004090,4.5,1177.0,1.07,30.0,0.4,-67.1,-48.5,24.0,48.0,-96.2,10.4,1.0,125.0,0
D004091,5.5,1184.0,1.04,29.5,0.54,-66.1,-50.4,24.3,42.0,-95.9,7.4,0.0,133.0,1
D004092,4.4,1214.0,1.47,20.5,0.44,-62.5,-48.2,20.2,34.0,-94.0,11.4,0.0,137.0,0
D004093,4.1,1170.0,1.09,31.5,0.51,-63.8,-50.0,23.8,38.0,-94.6,9.3,0.0,130.0,0
D004094,4.6,1197.0,1.1,30.0,0.41,-66.7,-51.0,23.1,42.0,-97.0,8.0,1.0,123.0,1
D004095,3.4,1236.0,1.3,,0.63,-61.6,-54.5,24.4,42.0,-94.0,9.7,0.0,,0
D004096,3.3,1124.0,0.88,26.0,0.6,-61.4,-48.9,20.4,41.0,-99.1,17.3,0.0,144.0,0
D004097,4.5,1182.0,1.22,30.5,0.43,-66.8,-49.6,25.5,49.0,-95.0,11.9,1.0,125.0,0
D004098,5.4,1126.0,1.43,25.5,0.31,-68.7,-45.0,20.2,45.0,-94.5,8.1,1.0,136.0,0
D004099,5.0,1136.0,1.15,33.0,0.53,-66.8,-50.3,24.6,42.0,-95.7,10.8,1.0,132.0,1
D004100,4.3,1311.0,1.19,23.0,0.41,-68.3,-54.1,28.7,45.0,-96.9,11.9,1.0,105.0,0
D004101,5.3,1154.0,1.01,25.0,0.44,-65.7,-49.3,24.4,46.0,-95.6,10.3,1.0,127.0,1
D004102,4.9,1137.0,1.11,,0.48,-65.0,-48.5,23.6,49.0,-94.8,8.1,0.0,122.0,0
D004103,3.0,1235.0,1.04,36.5,0.45,-61.2,-53.8,29.7,36.0,-91.1,1.8,0.0,149.0,1
D004104,3.3,1050.0,0.83,24.0,0.65,-67.7,-45.6,24.5,55.0,-90.6,10.1,1.0,129.0,0
D004105,4.3,1214.0,1.33,25.5,0.42,-69.5,-51.6,28.2,42.0,-95.7,19.3,0.0,115.0,0
D004106,3.9,1049.0,1.06,32.5,0.53,-60.9,-47.7,24.9,37.0,-91.1,24.0,1.0,101.0,0
D004107,4.5,1210.0,1.17,28.0,0.51,-63.3,-50.6,23.9,48.0,-95.3,4.3,0.0,136.0,1
D004108,4.5,1216.0,0.99,28.0,0.46,-65.1,-49.1,21.5,44.0,-96.0,9.7,1.0,126.0,1
D004109,4.6,1165.0,0.98,30.5,0.5,-66.9,-49.1,23.0,42.0,-97.4,10.3,1.0,128.0,1
D004110,6.4,1029.0,1.29,27.5,0.67,-69.5,-52.2,22.5,48.0,-92.4,19.7,1.0,106.0,0
D004111,4.6,1219.0,1.51,26.0,0.3,-67.2,-47.5,22.3,52.0,-93.1,4.9,1.0,145.0,0
D004112,5.3,1235.0,1.03,29.5,0.43,-68.1,-49.8,25.8,43.0,-95.8,12.4,1.0,128.0,1
D004113,5.1,1143.0,1.04,30.5,0.46,-63.7,-50.5,24.3,47.0,-95.5,7.8,1.0,135.0,1
D004114,5.0,1126.0,1.01,39.0,0.62,-66.6,-51.8,27.1,43.0,-95.6,23.6,0.0,125.0,1
D004115,6.8,1063.0,0.93,30.0,0.36,-60.1,-51.2,21.1,46.0,-98.2,12.4,1.0,140.0,1
D004116,5.0,1247.0,1.26,36.5,0.36,-64.1,-48.8,27.8,50.0,-96.4,4.8,0.0,110.0,0
D004117,4.3,1134.0,1.23,32.5,0.69,-63.7,-54.3,27.4,45.0,-93.9,10.5,0.0,134.0,0
D004118,4.8,1192.0,1.1,25.0,0.47,-66.7,-50.5,24.5,46.0,-94.5,12.0,1.0,126.0,1
D004119,4.8,1206.0,1.16,30.5,0.33,-67.4,-53.8,27.8,41.0,-96.1,5.1,0.0,110.0,1
D004120,5.2,1193.0,1.1,27.5,0.48,-65.7,-50.2,25.0,49.0,-94.3,11.5,0.0,129.0,1
D004121,5.1,1088.0,1.05,30.0,,-66.0,-51.1,24.7,42.0,-94.8,7.6,1.0,126.0,1
D004122,6.4,1228.0,0.99,40.0,0.41,-67.6,-49.1,26.4,52.0,-98.5,6.9,1.0,128.0,1
D004123,,1196.0,1.11,28.0,0.51,-64.8,-50.3,,41.0,-95.3,7.9,0.0,131.0,1
D004124,5.4,1100.0,1.04,37.5,0.36,-68.7,-51.7,21.0,51.0,-97.5,14.1,1.0,148.0,1
D004125,4.2,1156.0,1.17,20.0,0.6,-60.9,-52.9,20.0,60.0,-98.5,20.9,1.0,111.0,0
D004126,4.4,1082.0,0.99,23.0,0.6,-63.6,-46.7,24.3,45.0,-99.5,17.1,1.0,147.0,0
D004127,5.2,1187.0,1.06,29.0,0.47,-64.3,-50.7,24.6,45.0,-95.1,7.6,0.0,135.0,1
D004128,3.2,1247.0,1.14,32.5,0.41,-65.4,-54.9,27.9,57.0,-91.0,19.9,0.0,140.0,0
D004129,4.3,1161.0,1.15,32.0,0.5,-65.1,-49.1,23.6,42.0,-95.6,9.6,1.0,132.0,1
D004130,4.7,1167.0,1.0,28.0,0.51,-64.6,-49.1,24.1,41.0,-94.9,6.8,1.0,140.0,1
D004131,4.0,1174.0,1.07,29.5,0.48,-64.3,-49.6,25.1,47.0,-94.3,8.4,0.0,129.0,0
D004132,6.3,1224.0,0.88,39.0,0.33,-69.9,-48.5,22.3,55.0,-94.3,20.9,1.0,135.0,1
D004133,4.6,1214.0,1.12,28.5,0.48,-64.0,-51.3,21.3,41.0,-95.6,7.0,1.0,121.0,0
D004134,4.3,1156.0,1.19,34.5,0.66,-64.2,-46.1,26.5,38.0,-96.4,5.7,1.0,126.0,0
D004135,4.6,1103.0,1.11,29.5,0.5,-63.8,-50.5,26.1,37.0,-95.3,9.0,1.0,122.0,0
D004136,5.5,1186.0,1.01,30.5,0.42,-66.0,-48.7,24.2,45.0,-96.4,10.1,0.0,123.0,1
D004137,5.8,1047.0,1.04,37.5,0.52,-68.0,-52.2,30.0,31.0,-96.7,13.2,1.0,114.0,1
D004138,4.7,1190.0,1.2,28.5,0.5,-63.7,-50.4,23.2,44.0,-97.2,11.7,0.0,129.0,1
D004139,4.9,1133.0,1.1,32.5,0.49,-65.1,-49.8,24.3,42.0,-95.9,4.0,1.0,128.0,1
D004140,6.5,1364.0,1.39,27.0,0.44,-63.0,-50.3,22.9,42.0,-93.7,13.6,0.0,109.0,1
D004141,5.0,1150.0,1.03,30.0,0.48,-64.8,-50.7,23.6,39.0,-95.3,12.4,0.0,124.0,1
D004142,4.9,1194.0,1.2,28.0,0.49,-63.7,-50.3,24.8,40.0,-94.7,12.7,1.0,126.0,1
D004143,5.3,1208.0,1.17,28.0,0.53,-64.5,-49.4,22.8,39.0,-93.8,6.7,1.0,137.0,1
D004144,7.0,1317.0,0.96,22.5,0.66,-66.5,-53.1,29.3,46.0,-93.5,18.1,1.0,149.0,0
D004145,4.8,1211.0,1.17,31.0,0.47,-67.2,-50.3,24.3,39.0,-96.1,13.6,0.0,120.0,1
D004146,5.2,1079.0,1.39,34.0,0.5,-64.3,-52.9,28.4,54.0,-94.8,8.3,1.0,101.0,0
D004147,4.8,1166.0,0.91,27.5,0.53,-65.6,-48.8,24.8,45.0,-95.6,9.3,0.0,138.0,1
D004148,5.4,1206.0,1.21,29.0,0.51,-66.2,-48.0,23.4,39.0,-97.2,12.0,0.0,126.0,1
D004149,4.9,1129.0,1.09,35.0,0.42,-65.7,-49.2,24.4,56.0,-93.1,8.3,0.0,144.0,1
D004150,4.8,1132.0,1.09,29.0,0.51,-65.7,-50.1,26.0,38.0,-96.5,10.6,1.0,135.0,1
D004151,4.8,1399.0,0.96,29.0,0.53,-68.6,-50.6,26.7,36.0,-93.5,13.3,0.0,127.0,1
D004152,4.8,1221.0,1.11,27.0,0.45,-64.7,-52.4,22.9,46.0,-97.4,7.2,0.0,123.0,1
D004153,4.9,1132.0,1.13,28.5,0.47,-65.8,-50.9,23.8,42.0,-96.0,8.4,0.0,132.0,1
D004154,4.8,1201.0,0.84,27.5,0.5,-65.7,-48.2,24.8,40.0,-93.7,9.0,0.0,126.0,1
D004155,4.8,1191.0,1.33,29.0,0.46,-67.2,-45.3,27.8,60.0,-97.3,10.2,0.0,137.0,0
D004156,4.8,1212.0,0.99,25.5,,-65.3,-49.7,23.7,41.0,-95.4,9.8,0.0,131.0,1
D004157,,1266.0,,25.0,0.44,-65.0,-50.1,24.4,,-94.3,9.0,0.0,129.0,1
D004158,3.4,1047.0,1.54,31.5,0.45,-64.1,-48.8,21.4,52.0,-93.4,2.3,0.0,112.0,0
D004159,4.9,1246.0,1.06,28.5,0.54,-65.8,-50.6,26.0,39.0,-94.9,7.4,1.0,136.0,1
D004160,6.3,1066.0,1.32,32.0,0.7,-66.5,-53.7,21.2,37.0,-94.6,7.8,0.0,138.0,1
D004161,4.6,1161.0,1.12,33.0,0.45,-64.8,-49.6,25.0,43.0,-95.7,6.8,1.0,132.0,1
D004162,5.1,1159.0,1.08,29.5,0.46,-64.9,-51.2,24.4,40.0,-95.5,7.4,1.0,125.0,1
D004163,4.9,1190.0,1.06,29.0,0.43,-65.7,-49.1,26.0,47.0,-95.2,7.2,1.0,127.0,1
D004164,4.5,1081.0,1.03,32.5,0.48,-64.4,-50.6,22.3,45.0,-97.1,13.1,0.0,129.0,1
D004165,4.1,1146.0,1.02,29.5,0.55,-66.1,-51.4,23.9,49.0,-94.8,9.6,0.0,124.0,1
D004166,4.8,1146.0,0.97,26.5,0.5,-65.9,-49.0,22.4,46.0,-95.2,5.0,0.0,122.0,1
D004167,,1225.0,1.16,26.0,0.45,-64.4,-51.4,24.7,43.0,-95.0,3.2,0.0,129.0,1
D004168,5.6,1160.0,1.0,30.5,0.58,-64.1,-51.2,26.3,34.0,-96.0,15.5,0.0,129.0,1
D004169,5.1,1141.0,1.32,34.0,0.44,-63.7,-45.7,21.4,58.0,-97.2,16.0,0.0,142.0,0
D004170,4.6,1181.0,1.17,32.5,0.46,-66.2,-51.0,23.8,46.0,-94.8,8.5,1.0,125.0,1
D004171,5.5,1237.0,1.05,29.0,0.51,-64.9,-49.7,24.4,43.0,-96.8,9.0,1.0,130.0,1
D004172,4.8,1125.0,0.98,31.5,0.52,-64.8,-51.2,24.0,41.0,-96.4,5.4,0.0,125.0,1
D004173,6.6,1360.0,1.43,25.5,0.62,-62.4,-46.9,28.0,50.0,-95.2,4.6,1.0,136.0,0
D004174,5.0,1262.0,1.45,21.5,0.41,-61.5,-49.5,29.3,60.0,-97.7,4.8,0.0,132.0,0
D004175,7.0,1392.0,1.54,32.5,0.58,-67.1,-54.7,24.8,53.0,-97.9,22.3,0.0,127.0,1
D004176,6.1,1352.0,1.21,31.5,0.43,-60.8,-54.4,27.2,54.0,-95.5,4.1,0.0,126.0,1
D004177,4.7,1134.0,1.27,28.5,0.48,-65.8,-50.1,23.3,43.0,-96.7,6.5,0.0,133.0,1
D004178,4.5,1182.0,1.03,29.0,0.58,-64.2,-48.5,23.1,41.0,-95.4,8.6,1.0,123.0,0
D004179,4.5,1185.0,1.09,23.0,0.43,-64.2,-50.4,23.3,44.0,-94.9,7.7,0.0,132.0,1
D004180,4.8,1185.0,1.04,22.0,0.48,-69.2,-48.4,27.8,39.0,-93.5,13.9,1.0,143.0,1
D004181,5.1,1202.0,1.12,31.0,0.5,-63.6,-49.7,24.6,40.0,-95.3,8.7,0.0,132.0,1
D004182,4.6,1209.0,1.03,29.0,0.5,-64.6,-51.6,26.0,48.0,-95.5,10.5,1.0,134.0,1
D004183,5.3,1186.0,1.13,30.5,0.5,-62.7,-50.6,22.7,41.0,-98.0,9.0,1.0,127.0,1
D004184,4.8,1204.0,1.21,28.0,0.53,-66.3,-48.1,24.6,42.0,-96.5,8.2,0.0,131.0,1
D004185,4.6,1190.0,1.13,28.0,0.49,-65.6,-50.2,23.6,41.0,-96.1,12.4,0.0,121.0,1
D004186,5.2,1193.0,1.14,29.0,0.5,-64.5,-50.9,23.2,48.0,-96.2,12.0,0.0,127.0,1
D004187,6.1,1101.0,1.42,,0.65,-64.7,-54.6,27.3,56.0,-99.8,3.1,,137.0,1
D004188,5.2,1206.0,1.04,26.0,0.62,-63.0,-48.9,27.7,57.0,-98.1,16.7,0.0,150.0,0
D004189,4.9,1254.0,1.25,29.0,0.48,-64.9,-49.9,24.2,44.0,-95.5,8.6,1.0,133.0,1
D004190,4.4,1147.0,0.93,29.5,0.52,-60.6,-52.4,24.3,43.0,-94.3,4.7,1.0,144.0,1
D004191,3.2,1050.0,1.58,37.5,0.53,-62.9,-46.1,21.7,42.0,-95.3,8.0,1.0,113.0,0
D004192,4.5,1199.0,1.08,30.0,,-64.4,-49.4,24.7,48.0,-97.2,7.3,0.0,123.0,1
D004193,4.0,1177.0,1.24,35.0,0.48,-63.4,-47.2,22.2,47.0,-93.9,,0.0,112.0,0
D004194,4.7,1125.0,1.02,29.5,0.52,-65.0,-48.8,23.0,43.0,-94.2,7.1,0.0,126.0,1
D004195,3.1,1369.0,0.95,29.5,0.3,-66.6,-46.1,29.2,46.0,-95.8,5.1,0.0,102.0,0
D004196,4.1,1182.0,1.52,22.0,0.63,-64.9,-49.8,20.0,31.0,-92.2,20.7,1.0,139.0,0
D004197,4.7,1284.0,,23.5,0.45,-68.0,-50.8,21.5,53.0,-95.8,17.1,0.0,149.0,1
D004198,3.8,1170.0,1.23,27.5,0.56,-65.9,-50.1,22.5,42.0,-94.4,5.4,1.0,127.0,1
D004199,4.4,1075.0,1.15,28.0,0.56,-65.2,-49.4,24.4,45.0,-95.0,10.9,1.0,128.0,1
D004200,5.7,1201.0,0.99,33.0,0.51,-65.6,-49.9,22.9,42.0,-93.4,9.9,0.0,122.0,1
D004201,5.0,1152.0,1.11,29.5,0.39,-66.6,-49.4,22.2,42.0,,10.7,0.0,128.0,1
D004202,4.8,1166.0,1.08,24.5,0.48,-65.6,-50.3,25.0,43.0,-95.8,14.6,0.0,126.0,1
D004203,5.0,1195.0,1.12,28.5,0.49,-65.5,-49.4,24.9,47.0,-95.4,4.0,1.0,122.0,1
D004204,5.5,1192.0,1.09,30.5,0.43,-65.5,-49.7,25.5,41.0,-94.6,7.0,1.0,139.0,1
D004205,4.6,1084.0,1.34,,,-69.2,-49.8,29.0,60.0,-90.3,10.6,0.0,112.0,0
D004206,3.8,1277.0,0.96,34.0,0.34,-62.7,-46.0,24.8,56.0,-96.3,21.8,1.0,128.0,0
D004207,6.6,1219.0,1.1,26.5,0.49,-68.5,-50.0,24.6,47.0,-90.5,18.0,,,1
D004208,5.2,1167.0,1.17,28.0,0.52,-66.4,-50.1,24.1,43.0,-95.5,,1.0,130.0,1
D004209,4.7,1151.0,1.0,29.0,0.45,-65.1,-48.1,24.9,49.0,-93.8,12.4,0.0,126.0,1
D004210,7.0,1309.0,1.19,35.5,0.43,-60.1,-47.0,25.2,52.0,-98.6,9.0,0.0,121.0,1
D004211,5.4,1169.0,1.03,28.5,0.51,-67.4,-49.4,23.8,47.0,-95.0,4.2,0.0,123.0,1
D004212,3.6,1271.0,1.48,27.5,0.3,-62.2,-45.1,22.1,48.0,-91.6,5.5,0.0,142.0,0
D004213,4.3,1380.0,0.85,27.5,0.36,-67.5,-52.1,23.7,49.0,-93.9,22.1,0.0,111.0,0
D004214,4.7,1172.0,1.0,30.5,0.52,-64.5,-48.6,24.2,46.0,-97.2,6.6,0.0,121.0,1
D004215,4.6,1165.0,1.16,27.0,0.45,-64.4,-50.1,22.9,46.0,-95.1,8.7,0.0,124.0,1
D004216,5.4,1053.0,1.13,26.5,0.57,-67.6,-52.9,26.4,37.0,-92.1,17.0,1.0,123.0,1
D004217,5.4,1178.0,1.14,28.5,0.49,-65.1,-51.7,23.8,43.0,-95.6,7.6,1.0,121.0,1
D004218,6.3,1223.0,1.13,31.5,0.53,-67.7,,27.2,52.0,-91.8,18.1,1.0,107.0,0
D004219,4.6,1209.0,1.0,29.5,0.54,-64.7,-49.4,23.9,46.0,-96.3,6.3,0.0,,1
D004220,4.9,1097.0,1.0,28.5,0.5,-64.3,,23.7,43.0,-95.1,10.6,0.0,126.0,1
D004221,4.6,1183.0,1.19,29.0,0.52,-65.4,-50.7,25.3,39.0,-95.8,9.6,0.0,130.0,1
D004222,3.9,1181.0,1.13,28.5,0.53,-63.8,-51.3,25.4,39.0,-95.4,4.1,0.0,131.0,1
D004223,5.0,1128.0,1.13,27.0,0.51,-63.6,-50.1,24.8,46.0,-96.6,,0.0,128.0,1
D004224,5.3,1240.0,1.0,32.5,0.49,-69.7,-50.9,23.4,31.0,-95.7,23.2,1.0,137.0,1
D004225,3.6,1089.0,1.11,23.5,0.49,-69.6,-48.8,24.0,46.0,-96.1,16.0,0.0,124.0,1
D004226,4.6,1173.0,1.07,30.5,0.46,-64.4,-50.7,25.6,42.0,-96.6,11.1,0.0,132.0,1
D004227,6.3,1335.0,0.99,34.5,0.42,-62.3,-52.2,29.5,57.0,-99.4,23.1,0.0,110.0,0
D004228,5.0,1214.0,1.02,27.0,0.44,-67.1,-50.8,22.7,49.0,-97.4,9.1,0.0,123.0,1
D004229,5.0,1323.0,1.39,35.0,0.62,-65.2,-45.2,29.3,44.0,-90.7,3.9,0.0,115.0,0
D004230,5.4,1103.0,1.02,29.0,0.56,-64.3,-50.9,23.4,49.0,-95.7,11.1,1.0,127.0,1
D004231,7.0,1116.0,1.25,26.5,0.59,-65.5,-49.1,29.5,33.0,-95.7,23.0,0.0,111.0,0
D004232,4.8,1165.0,1.2,29.0,0.49,-65.1,-48.8,24.1,42.0,-94.2,5.7,1.0,128.0,1
D004233,4.9,1209.0,0.98,30.0,0.49,-65.3,-49.4,22.5,40.0,-94.8,6.4,1.0,123.0,1
D004234,7.0,1395.0,1.43,29.0,0.37,-68.5,-51.3,20.1,51.0,-91.3,16.2,0.0,121.0,0
D004235,5.0,1224.0,1.14,25.5,0.52,-64.3,-49.8,23.9,44.0,-95.9,9.5,0.0,125.0,0
D004236,4.7,1236.0,0.92,30.0,0.44,-65.6,-49.8,24.3,43.0,-94.2,11.0,1.0,130.0,1
D004237,5.4,1289.0,1.0,33.5,0.66,-68.7,-48.6,29.7,56.0,-97.6,10.4,1.0,117.0,0
D004238,4.4,1175.0,0.96,29.5,0.47,-65.4,-49.7,23.0,42.0,-97.1,11.5,0.0,122.0,1
D004239,4.6,1174.0,1.09,32.5,0.51,-66.4,-48.9,24.6,40.0,-95.9,7.4,1.0,121.0,1
D004240,4.9,1246.0,1.13,28.0,0.51,-64.6,-49.3,23.7,48.0,-96.4,7.4,1.0,123.0,1
D004241,5.2,1178.0,1.17,25.5,0.49,-65.8,-49.7,23.7,38.0,,13.2,0.0,129.0,0
D004242,6.6,1026.0,1.24,,0.5,-64.0,-48.3,23.1,39.0,-92.1,18.0,1.0,144.0,1
D004243,5.1,1198.0,1.2,28.0,0.54,-65.5,-50.9,24.7,43.0,-96.1,11.6,0.0,125.0,1
D004244,4.5,1196.0,1.14,26.0,0.49,-66.8,-49.4,23.5,46.0,-96.1,10.4,0.0,127.0,1
D004245,3.1,1384.0,1.49,31.5,0.31,-63.9,-47.9,29.0,33.0,-90.5,12.7,1.0,106.0,0
D004246,4.1,1292.0,1.21,34.0,0.64,-68.4,-48.5,22.2,45.0,-97.1,10.0,0.0,141.0,1
D004247,4.7,1179.0,1.13,34.0,0.39,-68.7,-52.3,24.0,58.0,-97.2,3.3,0.0,140.0,1
D004248,6.6,1350.0,1.5,20.5,0.49,-66.8,-52.7,25.4,51.0,-90.5,18.8,1.0,139.0,1
D004249,,1109.0,1.0,29.5,0.52,-64.8,-51.1,24.0,41.0,-96.6,5.8,0.0,130.0,1
D004250,4.9,1000.0,1.05,24.5,0.44,-61.0,-52.7,24.9,60.0,-97.9,13.3,1.0,112.0,0
D004251,4.8,1232.0,1.21,27.0,0.48,-64.3,-49.4,22.6,43.0,-95.3,8.2,0.0,126.0,1
D004252,3.7,1364.0,1.13,35.0,0.33,-65.3,-49.9,26.5,58.0,-97.7,2.9,1.0,138.0,0
D004253,5.1,1179.0,0.99,30.0,0.52,-66.9,-51.3,,41.0,-93.7,4.0,1.0,125.0,1
D004254,6.0,1394.0,0.9,36.0,0.34,-61.0,-49.7,22.5,38.0,-91.2,0.9,1.0,141.0,1
D004255,4.5,1295.0,1.42,30.5,0.43,-62.0,-52.9,22.4,42.0,-97.2,14.7,1.0,120.0,0
D004256,6.8,1325.0,1.21,27.0,0.38,-60.6,-45.8,24.3,39.0,-92.1,6.0,0.0,145.0,0
D004257,4.7,1186.0,1.02,27.0,0.52,-65.1,-49.7,24.5,43.0,-93.9,8.4,1.0,125.0,1
D004258,5.7,1099.0,1.0,28.5,0.45,-65.3,-49.8,23.5,46.0,-94.9,7.0,0.0,126.0,1
D004259,4.5,1087.0,1.1,35.0,0.36,-65.5,-52.5,28.0,35.0,-99.5,13.9,1.0,140.0,1
D004260,4.9,1162.0,1.1,29.5,0.4,-64.8,-48.2,,51.0,,11.0,1.0,129.0,0
D004261,4.9,1205.0,1.54,37.5,0.58,-62.0,-46.3,27.8,31.0,-91.1,16.4,1.0,137.0,0
D004262,5.1,1204.0,1.19,30.0,0.48,-65.8,-49.6,21.2,46.0,-95.9,6.8,0.0,137.0,1
D004263,4.5,1157.0,1.03,23.5,0.48,-64.9,-49.3,24.4,41.0,-94.5,9.1,0.0,123.0,1
D004264,6.6,1390.0,1.54,35.5,0.55,-60.5,-50.1,27.0,44.0,-99.9,14.2,0.0,,1
D004265,6.4,1396.0,1.24,36.0,0.31,-65.7,-47.8,22.9,57.0,-98.8,5.8,1.0,147.0,1
D004266,5.0,1010.0,1.25,32.5,0.66,-63.3,-48.4,22.8,40.0,-96.1,9.5,1.0,125.0,0
D004267,5.4,1096.0,1.18,28.0,0.46,-65.2,-50.0,25.1,45.0,-96.9,9.2,0.0,133.0,1
D004268,4.9,1173.0,1.19,28.0,0.44,,-48.0,26.0,46.0,-96.3,9.4,1.0,126.0,0
D004269,5.3,1245.0,1.07,30.0,0.48,-64.7,-49.7,24.3,39.0,-95.9,7.7,1.0,130.0,1
D004270,3.7,1136.0,1.49,,0.53,-68.2,-51.7,20.9,49.0,-99.5,10.4,1.0,101.0,0
D004271,6.6,1171.0,0.96,22.0,0.3,-66.4,-54.4,29.6,46.0,-97.0,13.0,1.0,136.0,0
D004272,4.7,1133.0,1.08,28.0,0.48,-65.8,-50.8,23.8,44.0,-96.0,9.5,1.0,126.0,1
D004273,,1297.0,1.37,21.0,0.48,-69.5,-47.6,20.0,41.0,-90.9,21.5,0.0,112.0,0
D004274,4.4,1248.0,1.11,27.0,0.54,-65.6,-51.3,24.1,51.0,-96.3,9.2,1.0,123.0,1
D004275,4.7,1284.0,1.06,32.0,0.46,-66.0,-51.6,24.6,45.0,-95.4,5.0,1.0,135.0,1
D004276,4.6,1195.0,1.15,31.5,0.48,-63.5,-48.6,23.9,42.0,-94.6,5.6,0.0,124.0,1
D004277,4.5,1176.0,1.04,25.5,0.46,-66.2,-50.4,23.9,45.0,-94.4,6.3,0.0,126.0,1
D004278,,1384.0,1.2,21.5,0.49,-67.7,-54.0,26.9,51.0,-91.9,24.0,0.0,120.0,1
D004279,4.8,1119.0,1.04,27.5,0.46,-65.3,-50.2,24.8,45.0,-95.6,11.2,1.0,124.0,0
D004280,6.6,1353.0,1.18,26.0,0.47,-66.5,-54.5,28.6,44.0,-91.9,17.1,1.0,113.0,0
D004281,4.3,1176.0,,30.5,,-65.2,-49.6,22.7,41.0,-97.3,6.0,0.0,124.0,1
D004282,5.1,1258.0,0.87,32.0,0.3,-61.8,-45.5,27.6,49.0,-94.2,20.9,0.0,131.0,0
D004283,4.4,1055.0,1.38,38.0,0.51,-69.3,-52.0,23.6,45.0,-93.2,22.8,0.0,114.0,0
D004284,4.3,1146.0,1.06,31.5,0.56,-65.5,-51.2,23.1,40.0,-96.3,6.2,1.0,134.0,1
D004285,5.2,1169.0,0.94,33.5,0.49,-66.9,-48.8,22.7,51.0,-95.5,9.0,1.0,131.0,1
D004286,4.8,1039.0,1.11,28.5,0.41,-62.9,-48.6,28.3,51.0,-92.0,0.5,1.0,132.0,0
D004287,4.8,1180.0,1.05,26.0,0.54,-66.7,-49.7,23.2,41.0,-96.5,10.4,1.0,123.0,1
D004288,5.8,1157.0,1.11,30.0,0.46,-64.6,-48.8,26.0,39.0,-93.4,10.7,0.0,122.0,1
D004289,6.7,1116.0,1.04,39.5,0.56,-61.4,-47.1,22.3,30.0,-95.4,19.5,0.0,118.0,1
D004290,4.4,1186.0,1.15,29.5,0.42,-67.6,-49.4,24.0,45.0,-96.7,13.1,1.0,124.0,1
D004291,5.7,1227.0,1.2,28.0,0.48,-63.5,-49.9,24.2,49.0,-96.5,11.5,0.0,132.0,1
D004292,4.0,1280.0,1.26,27.5,0.58,-61.9,-54.3,22.3,41.0,-92.8,21.6,1.0,134.0,0
D004293,4.4,1168.0,0.85,34.5,0.44,-69.3,-51.8,23.8,37.0,-93.1,3.8,1.0,134.0,1
D004294,6.4,1312.0,0.83,30.5,0.48,-61.8,-49.2,27.6,43.0,-92.1,13.4,0.0,144.0,1
D004295,6.0,1317.0,1.17,20.5,0.57,-60.3,-46.8,26.9,31.0,-97.3,8.8,0.0,100.0,0
D004296,4.8,1178.0,1.08,29.5,0.48,-65.0,,21.8,44.0,-94.1,6.0,0.0,133.0,1
D004297,5.4,1083.0,1.04,37.0,0.48,-60.4,-49.5,25.8,37.0,-93.5,3.3,1.0,130.0,1
D004298,5.3,1302.0,1.19,34.0,0.41,-64.7,-53.3,23.5,42.0,-95.1,10.5,1.0,104.0,1
D004299,5.5,1161.0,1.17,30.5,0.44,-67.1,-49.9,23.5,41.0,-94.4,8.5,1.0,119.0,1
D004300,4.1,1234.0,1.35,21.0,0.31,-69.4,-52.2,21.3,40.0,-95.8,19.9,0.0,149.0,1
D004301,5.3,1183.0,1.3,32.0,0.57,-64.6,-48.5,22.9,43.0,-93.8,6.6,0.0,125.0,1
D004302,5.1,1199.0,1.16,25.5,0.52,-64.9,-49.1,27.0,46.0,-95.2,9.7,1.0,129.0,0
D004303,3.2,1073.0,1.06,29.0,0.37,-63.6,-54.3,26.0,41.0,-90.3,22.3,0.0,147.0,0
D004304,4.7,1131.0,1.13,32.5,0.42,-64.2,-51.1,,46.0,-93.0,6.7,0.0,130.0,1
D004305,5.3,1132.0,1.22,31.0,0.47,-65.4,-50.5,24.0,43.0,-95.8,7.5,1.0,117.0,1
D004306,4.9,1232.0,1.0,28.5,0.5,-65.9,-50.3,23.5,45.0,-95.6,10.1,1.0,130.0,1
D004307,5.2,1194.0,1.1,28.5,0.48,-64.9,-48.9,24.4,39.0,-95.2,10.1,0.0,128.0,1
D004308,5.2,1196.0,1.08,28.5,0.49,-64.8,-49.6,23.8,43.0,-95.6,5.3,0.0,130.0,1
D004309,3.3,1365.0,1.33,25.5,0.64,-65.2,-47.2,27.8,52.0,-96.1,10.6,1.0,131.0,0
D004310,5.1,1291.0,1.08,28.5,0.46,-63.6,-49.5,23.3,46.0,-97.2,9.4,1.0,132.0,1
D004311,,1274.0,1.09,33.0,0.37,-67.4,-45.7,24.4,39.0,-97.6,2.5,0.0,132.0,1
D004312,5.2,1212.0,1.07,31.5,0.5,-65.0,-50.7,24.0,44.0,-96.0,8.9,1.0,125.0,1
D004313,5.9,1246.0,1.15,27.5,0.52,-65.4,-48.1,23.8,44.0,-96.8,8.0,1.0,127.0,1
D004314,4.7,1215.0,1.04,28.5,0.46,-65.6,,24.4,40.0,-95.0,12.9,1.0,136.0,1
D004315,4.8,1225.0,1.11,29.0,0.46,-65.6,-50.6,24.2,41.0,-95.2,4.9,1.0,129.0,1
D004316,4.8,1163.0,1.13,26.0,0.46,-64.7,-49.3,24.6,47.0,-95.1,7.3,0.0,119.0,1
D004317,5.4,1195.0,1.17,29.5,0.44,-66.7,-47.7,23.5,43.0,-94.3,11.0,0.0,135.0,0
D004318,5.1,1178.0,0.96,30.0,0.46,-66.8,-51.0,25.0,46.0,-96.9,11.9,0.0,138.0,1
D004319,4.9,1134.0,1.05,27.0,0.5,-64.1,-49.7,21.2,52.0,-95.4,8.1,1.0,120.0,0
D004320,5.5,1198.0,1.05,29.0,0.51,-66.1,-50.3,22.4,41.0,-94.0,13.0,0.0,128.0,1
D004321,5.0,1207.0,1.1,32.5,0.5,-66.2,-50.6,23.0,44.0,-96.8,9.2,0.0,126.0,1
D004322,4.4,1201.0,1.06,33.5,0.54,-65.4,-49.9,24.4,42.0,-93.3,9.5,0.0,124.0,1
D004323,4.4,1055.0,1.03,29.0,0.54,-60.2,-53.5,26.9,54.0,-93.9,12.5,0.0,137.0,0
D004324,5.7,1200.0,1.12,27.5,0.5,-64.0,-50.2,23.8,38.0,-98.0,11.7,1.0,122.0,1
D004325,4.7,1201.0,1.1,25.5,0.46,-65.2,-51.2,24.7,46.0,-96.0,6.7,0.0,124.0,1
D004326,5.3,1273.0,1.01,33.5,0.42,-67.8,-48.8,21.7,59.0,-90.7,18.2,1.0,144.0,1
D004327,6.3,1307.0,1.31,29.5,0.41,-67.8,-48.2,22.5,52.0,-90.5,10.8,0.0,120.0,1
D004328,5.4,1082.0,1.41,27.0,0.48,-63.8,-53.4,26.4,33.0,-96.0,18.1,1.0,115.0,0
D004329,4.9,1162.0,1.26,29.0,0.47,-65.3,-50.6,24.2,42.0,-94.7,10.4,1.0,137.0,1
D004330,5.2,1319.0,0.86,32.0,0.34,-65.3,-51.8,23.5,33.0,-94.4,,1.0,102.0,0
D004331,4.6,1096.0,1.23,30.0,0.43,-64.4,-48.9,23.9,45.0,-95.6,7.3,0.0,122.0,0
D004332,5.8,1005.0,0.81,37.0,0.58,-64.8,-51.5,28.8,54.0,-97.1,11.1,1.0,127.0,1
D004333,3.9,1229.0,0.99,27.0,0.53,-69.2,-47.5,23.0,33.0,-98.3,8.8,0.0,108.0,1
D004334,5.3,1170.0,1.17,27.5,0.44,-64.8,-50.9,24.0,47.0,-94.6,10.6,0.0,125.0,1
D004335,4.3,1232.0,1.11,28.0,0.53,-64.5,-51.5,23.4,45.0,-94.9,7.4,0.0,122.0,1
D004336,4.6,1173.0,1.01,29.0,0.56,-65.7,-50.1,23.7,48.0,-95.1,14.1,0.0,125.0,1
D004337,5.1,1116.0,1.14,30.0,0.53,-65.7,-50.3,23.8,45.0,-95.9,9.0,1.0,127.0,1
D004338,4.9,1156.0,1.18,29.0,0.53,-64.6,-49.3,24.4,,-93.5,10.5,0.0,125.0,1
D004339,6.9,1143.0,0.95,35.0,0.66,-66.4,-46.8,28.0,36.0,-97.9,11.9,1.0,143.0,1
D004340,4.9,1220.0,1.19,28.0,0.45,-67.6,-50.0,23.4,47.0,-95.9,9.9,1.0,124.0,1
D004341,4.3,1387.0,0.91,37.0,0.32,-68.2,-47.7,24.5,52.0,-97.1,16.7,0.0,127.0,0
D004342,3.7,1221.0,0.92,26.0,0.49,-64.6,,27.7,47.0,-98.6,,1.0,135.0,0
D004343,4.2,1190.0,1.02,29.0,0.54,-65.9,,24.2,41.0,-93.8,5.6,0.0,128.0,1
D004344,4.9,1360.0,1.04,20.5,0.43,-67.3,-51.7,27.1,57.0,-96.8,4.1,1.0,138.0,1
D004345,4.8,1193.0,1.16,27.0,0.48,-65.7,-49.1,22.2,45.0,-95.9,6.6,0.0,124.0,1
D004346,7.0,1106.0,0.93,24.0,0.31,-63.9,,29.1,34.0,-93.1,22.6,1.0,137.0,0
D004347,5.1,1061.0,1.31,22.0,0.38,-68.1,-52.7,23.6,42.0,-98.7,2.8,1.0,133.0,0
D004348,6.1,1290.0,1.03,33.0,,-69.2,-48.1,27.1,40.0,-93.2,19.6,0.0,110.0,1
D004349,3.7,1200.0,1.08,30.0,0.44,-66.2,-50.9,25.5,42.0,-96.1,8.1,0.0,123.0,1
D004350,4.9,1215.0,0.99,29.5,0.51,-65.9,-50.1,23.6,46.0,-95.9,8.8,1.0,133.0,1
D004351,6.0,1173.0,0.83,29.5,0.48,-65.3,-49.1,24.5,39.0,-96.6,11.3,1.0,131.0,1
D004352,4.6,1179.0,1.16,29.5,0.53,-66.9,-50.8,24.3,44.0,-94.0,11.0,1.0,124.0,0
D004353,4.6,1197.0,1.06,31.5,0.45,-64.6,-50.5,25.1,43.0,-98.0,10.7,1.0,139.0,1
D004354,4.8,1145.0,1.33,40.0,0.47,-66.5,-45.7,21.6,43.0,,15.8,,123.0,1
D004355,3.7,1288.0,1.21,37.5,0.64,-63.5,-54.1,20.1,36.0,-92.6,12.1,0.0,139.0,0
D004356,3.5,1306.0,1.21,26.5,0.38,-66.6,-49.2,26.4,38.0,-99.6,7.8,0.0,101.0,0
D004357,5.4,1263.0,1.1,28.5,0.44,-66.1,-48.8,22.6,42.0,-95.9,11.1,0.0,131.0,1
D004358,5.2,1152.0,1.04,30.5,0.45,-64.5,-48.8,24.4,39.0,-96.1,7.8,0.0,133.0,1
D004359,4.7,1169.0,1.15,30.5,0.54,-63.8,-52.1,21.7,38.0,-95.7,12.4,1.0,135.0,0
D004360,5.4,1285.0,1.5,32.0,0.35,-62.7,-54.7,20.6,55.0,-98.7,16.9,0.0,107.0,0
D004361,6.5,1127.0,1.31,30.0,0.5,-62.8,-54.1,26.0,55.0,-97.6,22.1,1.0,134.0,0
D004362,4.2,1227.0,1.13,26.5,0.46,-64.4,-49.3,22.1,40.0,-97.0,10.9,1.0,126.0,0
D004363,4.9,1138.0,1.15,26.5,0.57,-65.1,-49.7,25.2,43.0,-95.5,14.8,1.0,129.0,0
D004364,4.7,1096.0,1.03,29.5,0.45,-64.3,-48.8,23.8,44.0,-94.0,9.8,1.0,127.0,0
D004365,4.2,1095.0,1.15,29.5,0.47,-67.3,-48.5,24.8,47.0,-95.4,11.8,1.0,126.0,1
D004366,3.6,1336.0,0.99,34.0,0.36,-69.0,-51.9,23.4,37.0,-97.8,22.8,1.0,134.0,1
D004367,4.5,1114.0,1.1,30.5,0.46,-64.0,-48.8,25.1,45.0,-93.7,10.4,1.0,128.0,0
D004368,4.6,1146.0,1.1,28.5,0.54,-66.4,-50.2,24.6,40.0,-96.3,12.8,0.0,127.0,1
D004369,5.8,1209.0,1.02,30.0,0.48,-64.5,-49.8,25.8,47.0,-94.3,7.3,1.0,128.0,1
D004370,5.1,1122.0,1.59,36.0,0.37,-63.5,-46.1,25.9,40.0,-92.5,13.8,1.0,142.0,0
D004371,5.2,1197.0,1.01,28.5,0.48,-65.5,-51.4,21.9,42.0,-94.5,10.4,1.0,125.0,1
D004372,5.1,1181.0,1.03,30.5,0.55,-67.0,-51.0,24.9,45.0,-96.0,8.0,1.0,,1
D004373,5.6,1136.0,1.12,29.0,0.56,-66.7,-48.8,26.9,50.0,-94.5,6.9,1.0,121.0,0
D004374,5.4,1217.0,1.03,31.0,0.51,-66.0,-49.8,24.2,47.0,-94.7,10.4,1.0,120.0,1
D004375,3.7,1180.0,1.15,31.0,0.37,-65.5,-51.6,22.1,44.0,-98.2,12.5,0.0,134.0,1
D004376,4.3,1110.0,1.14,32.5,0.46,-66.1,-50.1,25.7,41.0,-95.6,5.6,0.0,128.0,1
D004377,4.7,1129.0,1.46,28.5,0.45,-61.4,-54.6,22.9,48.0,-92.3,1.6,1.0,133.0,0
D004378,5.4,1211.0,1.0,32.5,0.46,-66.8,-49.1,24.3,47.0,-93.7,7.4,0.0,126.0,1
D004379,5.2,1150.0,1.12,30.5,0.45,-66.0,-51.0,23.0,51.0,-95.2,2.5,1.0,123.0,1
D004380,4.9,1173.0,1.06,27.0,0.49,-65.4,-50.4,24.8,45.0,-97.0,9.0,1.0,131.0,1
D004381,4.9,1149.0,1.0,33.0,0.42,-65.5,-49.8,25.6,39.0,-94.5,9.2,1.0,125.0,1
D004382,4.8,1112.0,1.3,31.5,0.53,-66.5,,23.7,42.0,-95.4,5.1,1.0,125.0,1
D004383,4.6,1211.0,0.94,30.0,0.5,-65.1,-50.8,24.1,40.0,-95.8,8.6,0.0,134.0,1
D004384,5.8,1239.0,0.97,21.0,0.33,-69.0,-52.1,20.2,56.0,-98.8,3.1,1.0,145.0,1
D004385,4.1,1260.0,0.89,25.0,0.57,-64.4,-52.1,28.8,34.0,-97.5,5.4,1.0,140.0,0
D004386,,1157.0,1.0,31.5,0.51,-65.6,-49.7,24.4,44.0,-95.1,8.0,0.0,123.0,1
D004387,5.2,1100.0,1.01,28.5,0.43,-67.6,-50.8,22.5,47.0,-95.3,7.8,1.0,123.0,1
D004388,3.3,1273.0,1.44,35.0,0.65,-60.6,-45.6,22.6,35.0,-92.2,18.5,0.0,108.0,0
D004389,4.8,1351.0,1.26,28.0,0.65,-65.7,-45.8,25.1,37.0,-98.6,2.0,0.0,136.0,1
D004390,5.2,1148.0,1.14,28.0,0.47,-67.4,-52.4,24.7,40.0,-93.6,10.4,1.0,119.0,1
D004391,4.6,1159.0,1.2,31.5,0.48,-65.2,-49.9,25.7,38.0,-95.4,6.2,1.0,128.0,1
D004392,3.8,1033.0,1.15,27.5,0.61,-65.4,-49.8,21.7,54.0,-98.8,8.4,1.0,135.0,0
D004393,4.7,1144.0,1.06,28.0,0.42,-63.0,-50.7,23.0,45.0,-94.6,7.7,0.0,126.0,1
D004394,3.5,1345.0,0.95,34.0,0.36,-69.2,-54.8,27.4,45.0,-94.7,14.8,0.0,121.0,1
D004395,,1280.0,1.17,25.5,0.49,-65.1,-50.4,22.9,44.0,-96.2,13.6,1.0,128.0,1
D004396,4.7,1351.0,1.14,30.5,0.42,-69.0,-54.4,28.7,57.0,-96.3,5.2,1.0,144.0,1
D004397,4.6,1119.0,1.01,30.0,0.41,-66.1,-51.5,23.7,42.0,-94.1,7.7,0.0,137.0,1
D004398,6.1,1190.0,0.82,25.5,0.67,-62.2,-51.4,29.5,40.0,-91.3,21.4,1.0,104.0,0
D004399,5.4,1176.0,1.12,29.5,,-66.2,-49.9,25.3,44.0,-96.0,9.8,0.0,135.0,1
D004400,4.5,1136.0,1.07,27.0,0.49,-66.9,-50.0,23.5,42.0,-96.3,6.9,0.0,129.0,1
D004401,3.9,1175.0,1.14,28.5,0.53,-64.4,-51.1,25.0,38.0,-94.4,5.5,1.0,124.0,0
D004402,4.9,1224.0,0.93,31.5,0.69,-62.6,-45.3,22.1,49.0,-93.4,11.3,1.0,117.0,0
D004403,5.2,1200.0,1.22,25.5,0.42,-66.1,-49.4,25.3,47.0,-95.8,5.6,1.0,128.0,1
D004404,5.2,1177.0,1.26,28.0,0.51,-66.2,-49.9,23.2,49.0,-95.1,14.8,1.0,131.0,1
D004405,4.8,1248.0,0.94,25.0,0.42,-65.1,-48.9,24.1,36.0,-95.4,8.5,0.0,126.0,1
D004406,4.7,1251.0,1.05,28.5,0.44,-68.1,-50.2,25.0,42.0,-94.4,7.3,1.0,125.0,1
D004407,4.9,1124.0,1.03,27.5,0.47,-66.2,-50.2,24.3,45.0,-97.8,8.3,0.0,125.0,1
D004408,4.2,1217.0,1.32,38.5,0.61,-64.0,-52.2,20.3,56.0,-92.0,1.4,0.0,139.0,1
D004409,4.3,1186.0,1.06,27.5,0.48,-65.0,-51.2,23.1,43.0,-96.4,6.2,1.0,127.0,1
D004410,4.2,1217.0,1.12,33.5,0.48,-63.9,-49.4,20.9,38.0,-97.1,8.5,1.0,135.0,0
D004411,5.8,1163.0,0.95,38.5,0.49,-66.4,-51.7,24.4,46.0,-90.0,17.6,1.0,100.0,1
D004412,6.6,1299.0,0.82,22.0,0.44,-67.6,-51.1,28.4,38.0,-90.8,22.7,1.0,138.0,0
D004413,5.1,1215.0,1.21,26.5,0.35,-68.5,-53.4,21.6,59.0,-96.0,4.6,1.0,145.0,1
D004414,4.4,1190.0,1.12,27.0,0.45,-66.0,-50.9,25.4,44.0,-94.5,9.9,1.0,115.0,0
D004415,4.7,1239.0,1.13,30.5,0.46,-65.6,-48.9,23.8,43.0,-95.8,6.7,1.0,116.0,0
D004416,4.1,1217.0,1.2,31.5,0.42,-66.1,-49.8,23.6,40.0,-96.8,7.4,1.0,137.0,1
D004417,5.2,1156.0,0.97,32.5,0.46,-64.6,-48.2,23.6,41.0,-94.9,5.4,1.0,119.0,1
D004418,5.7,1312.0,1.03,31.0,0.31,-66.5,-45.5,21.8,55.0,-93.1,15.0,1.0,142.0,0
D004419,6.0,,1.33,35.5,0.67,-60.4,-46.1,,59.0,-92.1,10.6,1.0,115.0,0
D004420,6.0,1019.0,1.02,27.0,0.55,-67.1,-45.2,29.5,47.0,-91.0,3.4,0.0,129.0,0
D004421,4.9,1103.0,1.05,28.5,0.45,-64.9,-49.0,25.4,50.0,-94.6,9.2,0.0,134.0,1
D004422,5.1,1172.0,1.16,32.0,0.4,-64.2,-49.5,21.3,43.0,-95.8,11.9,0.0,130.0,1
D004423,4.3,1098.0,1.09,32.5,0.55,-66.4,-49.8,25.1,38.0,-95.9,7.4,0.0,115.0,1
D004424,4.6,1180.0,1.16,28.5,0.5,-65.1,-50.3,24.5,44.0,-97.0,7.8,0.0,126.0,1
D004425,5.0,1263.0,1.05,32.5,0.44,-65.8,-49.5,23.3,49.0,-96.9,5.4,1.0,130.0,1
D004426,5.7,1077.0,0.89,30.5,0.69,-68.0,-49.3,26.4,52.0,-94.7,7.7,0.0,111.0,1
D004427,5.4,1210.0,1.04,31.0,,-66.9,-49.6,25.0,41.0,-95.3,10.7,1.0,127.0,1
D004428,4.8,1213.0,1.19,25.0,0.5,-65.6,-50.1,24.4,43.0,-96.6,9.6,1.0,127.0,1
D004429,4.4,1196.0,1.11,29.0,0.47,-67.2,-49.4,25.4,47.0,-95.2,7.4,0.0,126.0,1
D004430,5.2,1078.0,1.15,32.0,0.48,-63.9,-51.0,25.3,46.0,-93.3,10.7,1.0,135.0,1
D004431,4.6,1173.0,1.08,28.0,0.44,-65.4,-49.6,23.0,43.0,-95.8,10.4,1.0,131.0,1
D004432,5.0,1142.0,1.07,28.5,0.54,-66.0,-49.6,24.7,38.0,-94.7,11.7,1.0,121.0,0
D004433,4.0,1258.0,0.92,32.5,0.64,-65.3,-45.1,23.2,39.0,-92.0,20.7,0.0,150.0,0
D004434,6.2,1270.0,1.48,24.0,0.58,-67.4,-47.1,28.8,31.0,-94.1,2.0,1.0,107.0,0
D004435,5.4,1152.0,1.42,23.0,0.43,-69.5,-45.5,22.9,44.0,,10.6,1.0,135.0,0
D004436,4.6,1160.0,1.24,28.5,0.49,-66.0,-52.6,23.8,46.0,-94.4,3.6,1.0,134.0,1
D004437,4.5,1017.0,1.5,25.0,0.6,-62.2,-48.4,22.7,59.0,-98.0,4.7,1.0,141.0,0
D004438,4.9,1168.0,1.15,31.5,0.5,-65.5,-48.8,24.2,46.0,-95.8,11.1,1.0,124.0,1
D004439,4.4,1215.0,1.14,31.5,0.49,-64.6,-50.7,23.9,41.0,-96.4,7.9,0.0,131.0,1
D004440,4.6,1180.0,1.05,22.5,0.44,-64.9,-49.4,24.3,38.0,-95.5,7.9,0.0,116.0,1
D004441,5.0,1225.0,1.16,29.5,0.51,-66.8,-49.2,24.5,49.0,-94.6,9.6,0.0,122.0,1
D004442,4.9,1254.0,1.04,26.5,,-65.9,-49.9,25.8,42.0,-96.4,14.4,0.0,133.0,1
D004443,4.5,1206.0,1.12,27.0,0.5,-67.0,-49.8,21.9,43.0,-94.8,4.6,0.0,119.0,1
D004444,4.5,1168.0,1.17,32.5,0.51,-65.8,-51.2,24.7,44.0,-95.9,9.7,1.0,131.0,1
D004445,7.0,1389.0,1.1,38.0,0.43,-66.1,-45.4,28.0,50.0,-94.2,15.0,1.0,126.0,1
D004446,4.9,1218.0,0.97,28.5,0.53,-65.5,-50.7,24.8,44.0,-98.6,,0.0,123.0,1
D004447,4.8,1191.0,1.16,28.5,0.55,-67.4,-50.4,22.5,48.0,-94.9,10.0,0.0,119.0,1
D004448,3.5,1109.0,1.12,25.5,0.59,-63.0,-54.1,21.9,33.0,-94.0,7.7,1.0,106.0,0
D004449,4.6,1131.0,1.12,32.0,0.5,-65.1,-50.9,23.9,49.0,-95.9,9.3,1.0,125.0,1
D004450,5.4,1059.0,1.5,38.5,0.38,-62.4,-49.8,24.1,43.0,-96.2,6.5,0.0,141.0,1
D004451,5.4,1187.0,1.18,29.0,0.4,-65.2,-50.8,25.7,43.0,-96.3,8.8,1.0,126.0,1
D004452,5.0,1205.0,1.07,28.5,0.49,-66.7,-51.2,23.3,40.0,-95.3,10.3,0.0,126.0,1
D004453,4.5,1253.0,1.09,28.5,0.49,-65.0,-48.9,24.1,45.0,-94.8,13.4,1.0,115.0,0
D004454,5.4,1221.0,1.29,27.5,0.39,-65.3,-50.5,23.6,47.0,-95.6,4.1,1.0,126.0,1
D004455,5.1,1167.0,1.04,32.5,,-65.9,,23.7,41.0,-96.0,10.1,1.0,131.0,1
D004456,4.6,1147.0,1.14,26.5,0.48,-64.3,-53.8,23.5,39.0,-95.9,9.9,0.0,126.0,1
D004457,6.8,1369.0,1.28,29.0,0.61,-66.5,-45.6,22.5,59.0,-96.4,16.5,1.0,139.0,1
D004458,4.5,1204.0,1.01,33.5,0.52,-65.0,-49.6,23.7,42.0,-96.1,9.6,1.0,126.0,1
D004459,4.9,1132.0,1.05,31.0,0.45,-65.0,-51.0,24.2,41.0,-96.3,5.5,0.0,125.0,1
D004460,5.1,1216.0,1.21,25.5,0.47,-64.9,-50.2,23.2,42.0,-95.8,10.9,1.0,129.0,1
D004461,4.9,1205.0,1.15,29.5,0.54,-65.4,-49.0,23.1,45.0,-95.2,9.8,0.0,125.0,1
D004462,4.8,1252.0,1.02,31.0,0.5,-66.6,-49.5,21.7,45.0,-96.3,7.7,1.0,124.0,1
D004463,5.0,1184.0,0.95,23.5,0.45,-66.5,-49.6,23.5,39.0,-95.7,6.6,1.0,125.0,1
D004464,3.9,1155.0,0.94,23.5,0.62,-61.5,-46.2,21.8,47.0,-97.5,1.9,0.0,124.0,0
D004465,3.1,1006.0,1.48,30.0,0.56,-67.7,-45.9,25.7,36.0,-99.8,16.1,0.0,141.0,1
D004466,4.9,1151.0,1.02,29.5,0.53,-66.0,-49.1,25.2,39.0,-94.3,9.2,1.0,127.0,1
D004467,,1146.0,1.14,29.5,0.45,-65.8,-49.8,22.8,43.0,-96.4,11.5,1.0,126.0,1
D004468,4.6,1187.0,1.15,28.5,0.49,-64.7,-48.5,22.8,44.0,-94.8,6.6,1.0,135.0,1
D004469,5.3,1196.0,1.1,30.0,0.49,-65.3,-49.5,24.3,48.0,-97.6,10.5,0.0,143.0,1
D004470,4.9,1164.0,0.9,29.0,0.46,-64.7,-50.5,22.2,43.0,-96.0,4.8,0.0,129.0,1
D004471,4.4,1201.0,1.16,26.5,0.49,-65.5,-51.4,24.9,42.0,-95.9,8.5,1.0,136.0,1
D004472,3.9,1133.0,1.28,22.5,0.63,-63.6,-52.0,27.2,51.0,-95.2,14.2,0.0,148.0,0
D004473,5.1,1230.0,1.13,25.0,0.43,-66.2,-50.5,25.7,50.0,-95.8,8.2,1.0,124.0,1
D004474,4.8,1271.0,0.97,26.0,0.37,-66.9,-51.1,24.3,47.0,-94.5,8.9,1.0,120.0,0
D004475,4.2,1303.0,1.39,21.5,0.63,-66.9,-45.8,26.8,56.0,-95.7,8.3,0.0,130.0,1
D004476,5.9,,1.32,38.0,0.56,-64.0,-45.6,26.3,58.0,-93.2,19.5,0.0,116.0,0
D004477,4.5,1172.0,1.16,26.0,0.44,-66.8,-50.1,20.9,41.0,-94.8,7.2,0.0,130.0,1
D004478,5.8,1245.0,1.23,35.0,0.63,-66.9,-51.5,21.4,59.0,-93.3,3.3,1.0,122.0,1
D004479,,1142.0,1.06,26.5,0.45,-65.8,-49.6,22.7,45.0,-96.1,8.6,1.0,131.0,1
D004480,4.7,1160.0,1.08,28.5,0.46,-64.5,-50.4,24.1,41.0,-96.1,10.0,1.0,128.0,0
D004481,4.4,1151.0,1.06,30.0,0.53,-64.9,-50.0,23.5,44.0,-97.0,5.5,,123.0,1
D004482,5.4,1178.0,1.1,28.0,0.48,-65.0,-50.5,25.5,,-94.8,,0.0,127.0,1
D004483,4.5,1203.0,1.1,29.5,0.41,-66.3,-49.9,24.2,43.0,-94.3,11.2,1.0,127.0,0
D004484,5.1,1122.0,1.08,,0.47,-66.7,-53.3,24.7,47.0,-96.8,10.8,0.0,136.0,1
D004485,5.7,1370.0,1.34,28.5,0.51,-66.7,-52.2,24.0,56.0,-94.2,7.1,1.0,117.0,1
D004486,4.8,1173.0,1.16,25.5,0.54,-66.8,-51.2,22.2,41.0,-95.7,5.8,1.0,133.0,1
D004487,4.4,1146.0,1.18,26.5,0.46,-65.8,-50.7,22.8,47.0,-93.4,6.8,0.0,124.0,0
D004488,4.9,1141.0,0.8,26.0,0.54,-68.7,-48.5,27.8,52.0,-95.5,11.7,1.0,141.0,1
D004489,5.0,1123.0,1.12,29.5,0.52,-65.7,-50.7,23.3,46.0,-95.2,10.2,1.0,128.0,1
D004490,5.7,1145.0,1.15,28.0,0.42,-64.6,-51.7,23.4,44.0,-96.3,6.2,1.0,127.0,1
D004491,4.7,1097.0,1.08,29.5,0.56,-65.6,-50.3,25.2,45.0,-96.1,11.2,0.0,128.0,0
D004492,6.3,1155.0,1.36,22.0,0.56,-69.6,-48.0,29.0,38.0,-91.7,11.3,0.0,103.0,0
D004493,4.6,1125.0,0.98,29.5,0.52,-65.5,-49.0,24.8,38.0,-92.0,7.8,0.0,130.0,1
D004494,5.3,1165.0,0.97,26.0,0.45,-65.7,-50.3,23.6,48.0,-94.9,9.4,0.0,129.0,1
D004495,5.1,1167.0,1.14,28.0,0.58,-64.6,-51.1,22.8,43.0,-96.3,10.3,0.0,121.0,1
D004496,5.9,1067.0,1.25,24.0,0.52,-63.2,-49.9,20.3,31.0,-90.2,16.8,0.0,145.0,0
D004497,5.0,1250.0,1.15,28.5,0.56,-64.5,-50.7,25.1,42.0,-95.9,5.9,1.0,135.0,1
D004498,5.1,1206.0,1.18,28.5,0.49,-64.9,-49.4,24.1,42.0,-94.4,8.9,1.0,125.0,1
D004499,5.4,1187.0,0.99,23.0,0.46,,-50.8,23.1,45.0,-94.3,3.9,0.0,133.0,1
D004500,4.3,1229.0,1.06,,,-65.1,-49.8,23.9,44.0,-95.6,6.0,1.0,132.0,1
D004501,4.8,1134.0,1.08,27.0,0.41,-67.5,-49.9,23.9,44.0,-93.3,7.4,0.0,125.0,1
D004502,3.1,1290.0,0.98,35.5,0.55,-65.0,-47.8,23.5,39.0,-91.0,4.2,0.0,149.0,1
D004503,4.4,1171.0,1.21,28.0,0.5,-65.8,-50.3,24.1,43.0,-95.5,11.8,0.0,122.0,1
D004504,5.1,1140.0,1.24,26.0,0.44,-65.2,-49.5,24.2,50.0,-94.9,6.5,0.0,127.0,1
D004505,6.5,1340.0,0.87,33.5,0.32,-64.6,-54.6,26.8,35.0,-95.0,15.4,1.0,146.0,1
D004506,4.9,1251.0,1.15,32.0,0.43,-66.3,-49.6,24.0,45.0,-97.4,8.8,1.0,133.0,1
D004507,3.7,1208.0,1.06,29.5,0.49,-64.8,-49.0,24.8,41.0,-95.0,8.3,0.0,121.0,1
D004508,4.7,1088.0,1.1,28.0,0.48,-64.5,-49.2,23.8,47.0,-94.4,10.8,1.0,127.0,0
D004509,4.9,1122.0,1.15,36.5,0.56,-65.4,-52.0,24.1,47.0,-94.9,7.2,0.0,133.0,1
D004510,5.2,1131.0,1.16,28.0,0.43,-65.6,-49.6,25.7,47.0,-96.7,,1.0,129.0,1
D004511,5.6,1165.0,1.14,34.5,0.48,-64.3,-49.0,23.6,47.0,-97.3,12.1,0.0,128.0,1
D004512,3.8,1102.0,1.54,36.0,0.64,-69.4,-51.6,23.1,,-99.1,4.8,0.0,108.0,0
D004513,3.5,1200.0,1.25,26.5,0.46,-65.2,-49.9,23.1,48.0,-95.5,3.8,1.0,129.0,0
D004514,6.1,1136.0,1.5,35.0,0.54,-60.2,-45.3,23.1,37.0,-99.1,3.2,1.0,102.0,1
D004515,4.9,1057.0,0.98,37.0,0.62,-65.4,-51.4,20.6,60.0,-98.0,,1.0,128.0,1
D004516,4.8,1219.0,1.02,26.0,0.47,-66.6,-49.7,24.8,47.0,-95.6,,0.0,,1
D004517,5.3,1197.0,1.12,30.5,0.4,-66.7,-50.9,24.7,49.0,-95.9,8.9,0.0,122.0,1
D004518,4.8,1189.0,1.14,29.5,0.6,-65.9,-49.5,24.3,43.0,-94.8,9.7,0.0,131.0,1
D004519,3.3,1239.0,0.86,28.0,0.64,-69.4,-50.2,30.0,49.0,-98.8,8.6,0.0,105.0,0
D004520,6.2,1208.0,1.46,20.0,0.55,-66.0,-52.7,21.7,49.0,-94.3,0.1,,116.0,1
D004521,,1266.0,1.58,33.0,0.37,-63.3,-51.6,20.7,39.0,-90.7,12.7,0.0,123.0,0
D004522,4.5,1213.0,1.19,31.0,0.43,-65.7,-49.5,24.6,39.0,-95.0,8.7,1.0,128.0,1
D004523,4.9,1146.0,1.01,27.0,0.54,-66.0,-48.2,22.1,48.0,-95.4,7.3,1.0,125.0,1
D004524,4.9,1133.0,1.08,31.5,0.49,-64.9,-49.6,26.1,45.0,-93.1,7.8,1.0,131.0,1
D004525,4.2,1174.0,1.12,28.5,0.42,-64.4,-50.2,22.4,49.0,-96.7,9.4,1.0,121.0,0
D004526,5.0,1182.0,1.08,31.5,0.57,-64.2,-50.4,23.5,,-94.0,7.5,1.0,128.0,1
D004527,4.8,1236.0,1.09,29.5,0.57,-64.8,-50.0,25.0,43.0,-95.8,8.7,0.0,134.0,1
D004528,6.9,1133.0,1.25,26.0,0.31,-60.5,-51.7,25.4,46.0,-92.5,22.0,1.0,100.0,0
D004529,4.9,1170.0,1.13,26.5,0.51,-65.8,-49.8,24.3,41.0,-95.9,8.9,0.0,121.0,1
D004530,5.0,1174.0,1.06,31.0,0.48,-66.6,,23.0,52.0,-97.0,13.5,1.0,133.0,1
D004531,4.1,1156.0,1.03,24.0,0.51,-65.8,-48.6,24.3,45.0,-95.4,8.8,0.0,127.0,0
D004532,4.2,1362.0,1.28,35.5,0.3,-66.4,-51.1,28.3,58.0,-95.8,4.1,0.0,119.0,0
D004533,4.7,1193.0,1.1,27.0,0.51,-64.3,-50.0,22.7,39.0,-93.5,5.6,1.0,133.0,1
D004534,4.8,1165.0,1.1,31.5,0.44,-65.5,-50.6,24.4,44.0,-95.2,8.8,0.0,129.0,1
D004535,5.8,1062.0,1.36,24.5,0.47,-62.6,-51.5,23.4,45.0,-97.9,10.2,1.0,111.0,0
D004536,5.5,1160.0,1.1,29.0,0.47,-68.5,-49.7,23.5,48.0,-94.9,9.5,0.0,133.0,1
D004537,5.3,1155.0,1.08,26.5,0.36,-65.5,-49.3,24.1,50.0,-96.0,9.4,0.0,131.0,1
D004538,4.6,1164.0,1.19,29.0,0.52,-66.5,-50.7,23.2,46.0,-94.6,10.8,0.0,128.0,1
D004539,5.3,1124.0,1.08,25.0,0.46,-64.7,-50.1,25.1,48.0,-94.8,7.4,1.0,134.0,1
D004540,5.0,1197.0,1.07,24.0,0.46,-65.8,-50.8,24.9,49.0,-95.2,5.8,0.0,131.0,1
D004541,4.0,1191.0,1.23,28.5,0.42,-66.5,-49.6,24.5,41.0,-95.7,4.3,1.0,124.0,0
D004542,4.3,1170.0,1.06,30.5,0.45,-66.5,-50.3,24.3,45.0,-94.7,9.5,0.0,121.0,1
D004543,4.8,1210.0,0.98,29.5,0.47,-65.0,-48.5,,48.0,-94.2,10.8,0.0,127.0,0
D004544,5.6,1125.0,1.18,32.0,0.53,-65.4,-51.1,23.6,45.0,-96.0,8.0,1.0,133.0,1
D004545,4.9,1077.0,1.23,30.0,0.45,,-50.7,23.8,45.0,-95.4,9.6,0.0,134.0,1
D004546,5.4,1196.0,1.09,29.5,0.41,-66.0,-51.2,24.1,43.0,-95.2,9.0,0.0,132.0,1
D004547,5.5,1157.0,1.16,28.0,0.44,-64.9,-50.6,24.6,43.0,-94.1,9.7,1.0,124.0,1
D004548,4.9,1095.0,1.18,27.5,0.48,-65.8,-50.7,23.5,43.0,-96.8,6.4,0.0,118.0,1
D004549,4.0,1301.0,1.08,30.0,0.5,-64.5,-49.4,24.9,45.0,-96.2,9.6,0.0,125.0,1
D004550,5.0,1218.0,1.05,29.0,0.38,-66.0,-50.1,25.1,44.0,-96.2,8.4,0.0,129.0,1
D004551,6.3,1104.0,0.91,36.5,0.58,-69.5,-53.1,22.3,30.0,-93.2,15.9,0.0,130.0,1
D004552,5.0,1025.0,1.42,38.0,0.31,-68.2,-47.8,27.7,47.0,-91.5,20.8,,142.0,0
D004553,4.7,1262.0,1.07,29.5,0.41,-64.9,-49.4,25.1,44.0,-95.5,7.2,0.0,134.0,1
D004554,4.3,1320.0,1.09,30.5,0.64,-67.3,-54.3,26.3,34.0,-92.2,17.7,0.0,112.0,0
D004555,,1074.0,1.56,37.5,0.64,-68.0,-51.9,24.3,45.0,-92.1,2.2,1.0,127.0,0
D004556,6.3,1153.0,0.91,35.0,,-65.5,-46.7,20.9,40.0,-99.5,9.3,1.0,103.0,1
D004557,5.7,,1.04,31.5,0.52,-66.8,-49.8,24.2,42.0,-96.9,8.5,0.0,127.0,1
D004558,4.8,1133.0,1.12,29.5,0.52,-66.5,-51.0,22.6,44.0,-97.1,5.5,1.0,123.0,1
D004559,5.2,1131.0,1.07,30.5,0.46,-66.3,-50.6,23.3,45.0,-95.6,4.2,1.0,128.0,1
D004560,4.8,1113.0,1.1,28.0,0.45,-62.7,-48.9,24.0,38.0,-96.0,8.3,1.0,134.0,1
D004561,4.5,1182.0,1.06,28.0,0.43,-65.4,-53.7,22.9,38.0,-96.6,7.9,0.0,137.0,1
D004562,4.2,1331.0,1.14,33.0,0.49,-64.9,-52.6,22.1,45.0,-97.1,4.7,1.0,144.0,1
D004563,4.6,1112.0,1.1,27.5,0.42,-64.1,-49.8,22.5,54.0,-95.8,8.6,1.0,119.0,0
D004564,5.1,1200.0,1.09,30.0,0.49,-65.7,-50.1,21.7,45.0,-94.7,8.7,1.0,125.0,1
D004565,4.8,1126.0,1.17,29.0,0.44,-67.0,-50.0,24.5,45.0,-94.7,6.9,1.0,143.0,1
D004566,5.7,1202.0,1.13,,0.45,-66.0,-50.7,23.9,42.0,-94.8,10.3,1.0,128.0,1
D004567,,1266.0,1.12,28.5,0.38,-65.4,-49.6,24.5,41.0,-97.2,7.1,0.0,131.0,1
D004568,5.4,1025.0,1.57,26.5,0.62,-66.9,-51.3,20.8,43.0,-93.4,10.1,1.0,125.0,0
D004569,4.4,1185.0,1.12,27.0,0.48,-66.5,-50.1,23.2,40.0,-95.2,7.4,0.0,136.0,1
D004570,4.6,1147.0,1.08,27.0,0.5,-64.7,-49.8,23.2,42.0,-94.8,9.9,1.0,122.0,1
D004571,5.4,1158.0,1.32,39.0,0.65,-67.3,-48.5,25.2,49.0,-97.6,8.4,1.0,118.0,0
D004572,4.9,1305.0,1.25,40.0,0.64,-62.7,-46.5,21.6,53.0,-97.7,15.9,1.0,150.0,0
D004573,4.6,1173.0,,27.5,0.46,-65.9,-50.0,23.4,42.0,-95.0,9.2,1.0,125.0,0
D004574,4.8,1241.0,1.01,28.0,0.51,-65.3,-49.6,23.5,40.0,-94.9,10.9,0.0,131.0,1
D004575,4.9,1232.0,1.12,29.5,0.55,-65.4,-50.4,23.6,40.0,-95.7,10.9,1.0,126.0,1
D004576,4.3,1189.0,0.9,38.5,0.34,-69.6,-54.2,29.5,42.0,-95.9,20.7,1.0,113.0,0
D004577,4.4,1096.0,0.91,22.0,0.45,-65.7,-48.8,26.6,53.0,-91.1,0.2,0.0,139.0,1
D004578,4.7,1137.0,1.0,29.5,0.44,-65.8,-50.2,23.4,47.0,-97.2,5.1,0.0,133.0,1
D004579,5.1,1362.0,1.12,28.5,0.46,-65.9,-53.9,27.3,36.0,-97.0,18.2,0.0,120.0,0
D004580,4.8,1236.0,1.0,30.0,0.46,-65.2,-49.1,24.1,46.0,-95.7,12.8,1.0,133.0,1
D004581,6.7,1072.0,1.1,22.0,0.37,-65.8,-48.1,24.9,52.0,-96.5,1.4,1.0,114.0,1
D004582,4.6,1219.0,1.19,25.5,0.54,-66.0,-50.9,25.1,40.0,-96.5,9.4,0.0,129.0,1
D004583,5.9,1000.0,1.21,36.0,0.67,-63.9,-48.3,26.5,51.0,-99.8,3.7,1.0,116.0,0
D004584,5.4,1173.0,1.15,29.0,0.46,-64.7,-51.1,24.5,49.0,-95.3,8.3,0.0,126.0,1
D004585,6.8,1251.0,1.2,36.5,0.69,-67.5,-47.2,23.9,33.0,,18.9,0.0,133.0,1
D004586,4.8,1212.0,1.08,28.5,0.42,-65.7,-51.3,23.1,45.0,-93.4,10.2,,129.0,1
D004587,4.9,1178.0,1.09,26.0,0.53,-65.0,-47.9,23.1,43.0,-97.0,3.7,0.0,127.0,1
D004588,3.6,1006.0,1.3,35.0,0.41,-69.7,-52.4,26.6,35.0,-99.9,10.2,0.0,109.0,1
D004589,5.3,1224.0,1.11,26.0,0.5,-65.2,-51.2,24.1,44.0,-95.6,7.9,1.0,122.0,1
D004590,5.0,1194.0,1.0,25.0,0.47,-65.8,-50.6,23.6,44.0,-93.4,14.0,1.0,126.0,1
D004591,5.2,1223.0,1.0,28.5,0.54,-65.5,-50.9,23.9,44.0,-96.1,7.0,0.0,125.0,1
D004592,4.7,1214.0,1.11,30.5,0.46,-66.4,-48.9,22.2,48.0,-93.9,12.8,1.0,135.0,1
D004593,4.4,1177.0,1.14,30.0,0.47,-66.1,-50.4,,48.0,-95.3,7.0,0.0,125.0,1
D004594,5.4,1223.0,1.11,26.5,0.5,-65.1,-48.2,24.0,44.0,-94.5,,1.0,122.0,1
D004595,6.5,1220.0,0.96,22.5,0.61,-67.3,-51.4,22.5,41.0,-94.0,6.8,1.0,117.0,1
D004596,4.5,1145.0,1.0,30.0,0.45,-64.0,-50.1,24.3,40.0,-94.8,10.0,1.0,133.0,0
D004597,4.6,1182.0,1.0,27.0,0.49,-66.3,-52.1,22.0,54.0,-95.0,12.7,0.0,124.0,1
D004598,4.9,1232.0,1.17,33.5,0.69,,-49.6,20.3,58.0,-97.7,19.2,1.0,,0
D004599,4.5,1184.0,1.17,29.0,0.51,-64.7,-49.4,23.9,44.0,-96.0,8.3,0.0,125.0,0
D004600,5.5,1038.0,1.45,25.0,0.36,-65.6,-49.7,,60.0,,17.3,1.0,145.0,0
D004601,4.4,1111.0,1.12,23.5,0.4,-69.9,-53.8,22.6,53.0,-99.4,23.4,1.0,134.0,0
D004602,4.6,1211.0,1.07,22.0,0.33,-66.4,,24.2,44.0,-93.4,17.0,0.0,126.0,0
D004603,4.3,1187.0,1.16,29.5,0.48,-66.3,-52.2,24.1,43.0,-95.4,14.1,1.0,136.0,1
D004604,3.5,1398.0,1.45,28.5,0.5,-64.0,-50.6,27.5,35.0,-97.8,17.7,1.0,114.0,0
D004605,4.6,1203.0,1.07,27.5,0.51,-65.0,-51.2,22.8,40.0,-97.0,7.6,0.0,125.0,1
D004606,5.1,1221.0,0.9,39.0,0.61,-63.1,-54.1,22.3,37.0,-91.9,,0.0,106.0,1
D004607,4.5,1218.0,1.19,29.0,0.49,-66.3,-49.8,24.0,41.0,-95.9,7.9,1.0,123.0,1
D004608,4.3,1201.0,1.15,28.0,0.5,-64.6,-51.2,23.3,47.0,-96.4,8.4,1.0,126.0,0
D004609,3.9,1173.0,1.16,32.0,0.49,-64.7,-49.5,22.7,48.0,-96.7,9.1,0.0,134.0,0
D004610,4.4,1181.0,1.07,26.0,0.5,-65.7,-49.8,25.2,50.0,-95.1,11.1,0.0,127.0,1
D004611,4.8,1066.0,1.28,22.0,0.6,-64.3,-52.7,21.4,53.0,-99.6,2.4,0.0,139.0,1
D004612,4.7,1200.0,1.04,29.0,0.48,-65.2,-49.8,22.8,45.0,-96.1,11.0,1.0,129.0,1
D004613,4.4,1180.0,1.11,28.0,0.5,-66.6,-51.0,23.5,46.0,-96.8,7.6,0.0,130.0,1
D004614,5.3,1285.0,1.02,,0.5,-64.7,-49.3,22.6,50.0,-95.6,12.7,1.0,135.0,1
D004615,4.5,1155.0,1.08,27.0,0.47,-66.0,-48.4,23.9,43.0,-96.6,7.9,1.0,128.0,1
D004616,5.4,1241.0,1.18,28.0,0.56,-65.7,-50.0,24.1,45.0,-95.7,8.3,1.0,135.0,1
D004617,4.4,1233.0,0.9,28.5,0.5,-64.6,-50.2,23.4,39.0,-95.0,10.1,1.0,138.0,1
D004618,5.8,1270.0,0.96,35.5,0.65,-60.0,-48.6,22.5,52.0,-93.7,20.6,1.0,146.0,0
D004619,6.2,1101.0,1.48,21.5,0.35,-62.5,-47.2,20.3,52.0,-91.8,2.2,1.0,102.0,0
D004620,5.1,1254.0,1.17,26.0,0.49,-65.7,-49.8,24.5,46.0,-96.8,13.6,,126.0,0
D004621,4.9,1191.0,0.98,31.5,0.46,-65.3,-50.7,22.6,43.0,-95.8,8.2,1.0,119.0,1
D004622,4.4,1131.0,1.11,29.5,0.4,-66.0,-50.7,23.3,43.0,-95.9,8.6,1.0,123.0,1
D004623,4.6,1210.0,0.97,26.5,0.51,-65.0,-50.1,24.2,46.0,-95.5,8.6,0.0,126.0,1
D004624,5.7,1136.0,1.13,25.0,0.57,-66.8,-48.5,24.4,42.0,-95.0,7.6,0.0,117.0,1
D004625,5.3,1377.0,0.98,28.0,0.59,-63.3,-45.4,27.8,39.0,-97.8,2.6,0.0,111.0,1
D004626,4.5,1163.0,1.09,28.5,0.47,-65.2,-50.1,24.5,42.0,-94.0,10.7,1.0,130.0,1
D004627,4.2,1317.0,1.3,35.5,0.47,-60.5,-47.0,25.5,42.0,-98.7,20.0,0.0,149.0,0
D004628,4.2,1099.0,1.13,28.5,0.5,-66.1,-49.7,23.4,47.0,-95.9,8.0,1.0,124.0,1
D004629,4.9,1112.0,1.48,21.0,0.31,-65.2,-54.7,25.0,49.0,-90.1,16.6,1.0,126.0,0
D004630,4.8,1306.0,1.06,21.0,0.51,-66.0,-46.4,23.4,36.0,-91.0,22.3,1.0,104.0,0
D004631,3.4,1290.0,1.35,24.0,0.63,-62.3,-51.1,22.2,58.0,-92.9,19.1,1.0,138.0,0
D004632,5.2,1140.0,1.22,29.5,0.51,-67.0,-51.6,24.4,45.0,-96.3,8.9,0.0,131.0,1
D004633,4.9,1147.0,1.11,28.5,0.54,-67.0,-51.0,24.6,43.0,-94.5,8.0,0.0,123.0,1
D004634,6.1,1282.0,0.94,35.0,0.7,-65.0,-54.0,26.9,40.0,-94.4,18.5,1.0,103.0,0
D004635,5.0,1202.0,1.1,29.0,0.51,-66.5,-50.6,24.7,46.0,-95.6,11.8,1.0,124.0,1
D004636,4.9,1134.0,1.14,26.0,0.46,-64.4,-49.5,24.5,44.0,-95.3,9.7,0.0,120.0,0
D004637,5.0,1151.0,1.25,27.0,0.44,-64.8,-50.1,23.6,43.0,-96.2,11.3,1.0,128.0,0
D004638,4.5,1194.0,1.1,29.0,0.49,-66.0,-50.4,24.2,44.0,-95.5,8.6,1.0,125.0,1
D004639,5.0,1137.0,1.08,32.0,0.47,-65.6,-50.8,23.9,45.0,-94.9,8.7,1.0,129.0,1
D004640,5.0,1135.0,1.12,31.5,0.56,-66.0,-51.9,24.1,44.0,-96.2,8.7,1.0,136.0,1
D004641,4.9,1160.0,1.12,,0.46,-65.1,-51.7,24.4,45.0,-96.0,10.1,1.0,120.0,0
D004642,4.8,1187.0,1.09,28.5,0.45,-63.4,-51.1,24.5,45.0,-96.2,8.5,0.0,124.0,1
D004643,4.7,1303.0,1.1,33.0,0.44,-66.6,-51.0,22.8,41.0,-96.7,7.9,1.0,131.0,1
D004644,4.6,1170.0,1.12,28.0,0.47,-64.0,-50.0,23.6,,-94.8,7.9,1.0,136.0,1
D004645,4.7,1159.0,1.17,28.0,,-66.1,-49.6,22.9,44.0,-93.4,9.2,0.0,120.0,1
D004646,4.6,1209.0,1.06,30.5,0.45,-66.2,,24.1,41.0,-96.4,5.0,0.0,134.0,1
D004647,3.7,1086.0,0.8,34.0,0.47,-64.6,-48.1,24.4,50.0,-98.3,19.9,1.0,124.0,0
D004648,4.9,1119.0,0.95,34.5,,-66.8,-49.4,25.3,49.0,-97.3,0.8,1.0,129.0,1
D004649,5.4,1166.0,1.22,28.5,0.46,-66.6,-48.9,25.9,42.0,-94.7,8.0,1.0,131.0,1
D004650,4.4,1185.0,1.01,28.5,0.43,-65.5,-49.2,23.1,47.0,-95.7,8.5,1.0,141.0,0
D004651,5.0,1197.0,1.03,32.0,0.47,-64.2,-49.2,26.9,39.0,-97.9,8.9,0.0,126.0,1
D004652,6.3,1006.0,1.29,31.0,0.49,-68.9,-53.0,26.2,36.0,-96.8,2.8,1.0,147.0,1
D004653,,1127.0,1.06,30.0,0.53,-65.6,-49.1,21.9,40.0,-94.8,9.7,0.0,127.0,1
D004654,4.2,1351.0,1.48,30.5,0.52,-65.7,-45.7,25.0,58.0,-90.6,9.8,1.0,109.0,0
D004655,4.7,1151.0,1.06,30.0,0.48,-64.2,-49.7,22.6,45.0,-96.5,10.1,1.0,130.0,0
D004656,4.9,1241.0,1.08,27.0,0.45,-65.0,-48.9,23.4,45.0,-95.6,6.8,1.0,127.0,1
D004657,5.0,1139.0,0.91,25.5,0.53,-66.8,-49.8,26.4,48.0,-95.3,10.5,0.0,124.0,1
D004658,5.3,1179.0,0.97,31.0,0.49,-66.0,-51.8,24.6,49.0,-96.2,8.1,1.0,125.0,1
D004659,3.1,1289.0,0.86,25.5,0.48,-66.7,-47.6,28.1,52.0,-97.5,21.0,1.0,129.0,0
D004660,4.8,1227.0,1.09,27.5,0.5,-64.2,-51.6,24.5,46.0,-97.1,5.9,1.0,127.0,1
D004661,4.8,1139.0,1.09,27.5,0.53,-65.3,-51.0,23.5,42.0,-94.7,,1.0,129.0,1
D004662,5.4,1191.0,1.11,28.0,0.51,-64.7,-50.5,25.7,45.0,-95.5,7.9,1.0,126.0,1
D004663,5.3,1147.0,1.17,33.0,0.49,-66.0,-49.8,23.4,44.0,-95.0,10.6,0.0,122.0,1
D004664,4.7,1162.0,1.06,28.5,0.47,-65.4,-51.3,23.5,39.0,-94.7,9.7,0.0,125.0,1
D004665,5.0,1183.0,1.15,28.0,0.53,-65.5,-49.8,24.3,48.0,-96.7,7.3,1.0,130.0,1
D004666,4.4,1275.0,0.82,26.0,0.31,-68.9,-52.9,27.2,31.0,-94.9,2.6,0.0,118.0,1
D004667,4.9,1150.0,0.87,33.5,0.47,-66.7,-51.3,24.0,46.0,-97.2,11.7,0.0,125.0,1
D004668,4.4,1154.0,1.06,27.0,0.51,-68.2,-49.3,23.5,46.0,-95.7,10.5,0.0,124.0,1
D004669,5.1,1181.0,1.07,29.0,0.44,-64.2,-49.5,,42.0,-95.3,11.7,1.0,127.0,1
D004670,5.0,1160.0,,28.5,0.43,-65.7,-49.2,23.6,46.0,-94.7,9.3,1.0,128.0,0
D004671,4.5,1155.0,0.97,31.0,0.44,-65.3,-49.5,24.2,46.0,-95.0,11.7,0.0,118.0,0
D004672,4.9,1260.0,1.07,30.0,0.48,-65.5,-48.1,25.6,44.0,-95.4,7.8,1.0,128.0,1
D004673,3.9,1160.0,1.13,29.5,0.45,-65.2,-49.2,23.9,50.0,-94.9,8.4,1.0,128.0,0
D004674,3.1,1156.0,1.35,36.0,0.52,-63.0,-50.5,25.8,38.0,-94.9,19.0,0.0,149.0,1
D004675,4.7,1115.0,1.13,26.5,0.44,-65.9,-50.0,24.1,43.0,-94.3,11.6,0.0,123.0,1
D004676,4.7,1175.0,1.13,29.5,0.51,-66.0,-50.8,24.5,46.0,-96.8,6.3,0.0,125.0,1
D004677,5.5,1386.0,0.97,22.5,0.47,-66.9,-48.7,23.8,45.0,-99.8,21.4,0.0,136.0,0
D004678,5.3,1185.0,1.22,29.5,0.42,-65.1,-49.3,23.4,43.0,-94.7,9.0,1.0,132.0,1
D004679,5.2,1212.0,0.87,34.0,0.43,-62.9,-48.2,26.0,32.0,-91.1,0.1,1.0,129.0,1
D004680,5.3,1166.0,0.96,29.0,0.44,-63.4,-50.3,23.7,46.0,-94.1,9.7,0.0,123.0,1
D004681,4.9,1181.0,1.04,24.5,0.53,-65.8,-49.4,23.6,,-96.3,7.2,0.0,123.0,1
D004682,4.7,1118.0,1.35,34.5,0.34,-62.4,-52.3,28.5,48.0,-94.3,4.4,1.0,106.0,0
D004683,5.0,1180.0,1.27,28.0,0.45,-65.3,-51.6,24.7,46.0,-98.1,7.9,1.0,129.0,0
D004684,6.4,1240.0,0.85,27.0,0.37,-65.0,-47.4,24.2,51.0,-93.2,23.8,1.0,113.0,0
D004685,4.9,1189.0,1.08,29.0,0.46,-64.7,-48.8,24.6,46.0,-96.3,11.6,0.0,120.0,1
D004686,3.9,1209.0,1.17,28.0,0.53,-66.1,-50.8,23.7,41.0,-96.2,10.5,0.0,129.0,1
D004687,5.4,1135.0,1.16,29.0,0.45,-66.7,-50.3,24.7,51.0,-96.3,10.4,1.0,132.0,1
D004688,3.6,1313.0,1.32,32.5,0.58,-60.3,-52.1,21.4,40.0,-91.1,6.0,1.0,129.0,0
D004689,4.4,1205.0,0.9,29.5,0.5,-65.9,-51.4,23.7,46.0,-95.7,8.0,0.0,134.0,1
D004690,4.4,,0.98,,0.34,-62.3,-45.7,21.8,42.0,-99.8,0.6,1.0,124.0,0
D004691,6.4,1192.0,1.34,39.0,0.57,-61.5,-50.8,23.8,41.0,-90.5,1.9,1.0,146.0,1
D004692,4.7,1152.0,1.17,27.5,0.45,-65.9,-49.4,22.6,43.0,-95.2,8.9,0.0,125.0,1
D004693,5.4,1217.0,1.07,27.5,0.39,-65.2,-48.7,23.3,47.0,-97.0,8.1,,126.0,1
D004694,4.3,1208.0,1.1,28.0,0.47,-65.0,-47.8,24.6,44.0,-94.6,8.5,1.0,128.0,1
D004695,3.3,1345.0,1.16,25.5,0.44,-69.7,-50.9,26.6,60.0,-93.7,4.4,0.0,120.0,1
D004696,5.0,1195.0,1.02,29.0,0.45,-65.1,-50.2,25.6,46.0,-95.2,5.9,0.0,121.0,1
D004697,4.6,1130.0,1.17,28.5,0.43,-65.7,-48.7,24.9,40.0,-94.1,7.1,1.0,125.0,1
D004698,6.3,1111.0,1.5,23.5,0.4,-66.7,-52.8,21.3,30.0,-93.4,18.0,1.0,142.0,1
D004699,5.1,1194.0,1.04,28.5,0.48,-64.2,-50.4,24.4,48.0,-96.4,9.5,0.0,133.0,1
D004700,5.9,1116.0,1.18,29.5,0.61,-69.1,-45.5,21.2,31.0,-90.8,2.5,0.0,124.0,0
D004701,4.5,1382.0,0.96,34.0,0.46,-70.0,-53.6,20.6,54.0,-97.7,10.9,0.0,147.0,1
D004702,5.0,,1.0,30.0,0.47,-66.3,-49.7,24.7,42.0,-97.5,10.5,,126.0,1
D004703,,1230.0,1.08,28.5,0.51,-67.2,-48.8,25.6,40.0,-94.6,9.5,1.0,128.0,0
D004704,5.3,1225.0,1.26,30.0,0.52,-64.6,-50.5,22.9,48.0,-95.6,8.4,0.0,127.0,1
D004705,4.7,1183.0,1.05,29.0,0.44,-65.3,-48.9,24.1,42.0,-94.7,12.2,1.0,122.0,1
D004706,5.3,1165.0,1.02,29.5,0.45,-65.6,-50.0,22.9,46.0,-96.2,9.2,0.0,124.0,1
D004707,6.3,1200.0,1.27,39.0,0.53,-60.6,-48.5,25.1,41.0,-94.7,19.9,0.0,110.0,0
D004708,4.8,1238.0,,29.5,0.47,-65.1,-49.9,23.9,43.0,-94.7,5.4,0.0,120.0,1
D004709,3.6,1102.0,1.45,21.0,0.64,-67.8,-46.6,25.6,42.0,-91.5,10.3,1.0,127.0,0
D004710,4.7,1373.0,0.87,33.0,0.31,-67.7,-51.6,29.0,59.0,,20.6,1.0,150.0,0
D004711,5.1,1108.0,1.2,30.0,0.47,-67.7,-50.5,23.1,44.0,-93.8,12.5,1.0,131.0,1
D004712,4.8,1296.0,1.12,29.0,0.51,-64.9,-49.4,25.6,,-90.6,1.2,0.0,125.0,1
D004713,,1179.0,1.23,26.5,0.58,-64.8,-49.4,23.4,44.0,-92.6,8.5,1.0,119.0,0
D004714,4.7,1231.0,1.1,27.0,0.48,-66.3,-51.0,24.6,44.0,-95.1,10.0,1.0,134.0,1
D004715,6.1,1199.0,1.42,36.0,0.32,-69.3,-48.1,27.0,57.0,-99.5,5.9,1.0,104.0,0
D004716,3.2,1186.0,0.85,28.5,0.5,-67.9,-50.8,26.6,56.0,-94.6,20.8,1.0,127.0,0
D004717,6.6,1359.0,1.16,33.5,0.63,-62.4,-52.9,27.0,56.0,-91.4,16.6,0.0,130.0,0
D004718,5.1,1218.0,1.08,31.5,0.43,-66.8,-51.4,21.6,,-95.9,7.7,0.0,134.0,1
D004719,6.4,1364.0,1.52,21.5,0.47,-68.8,-47.8,25.6,60.0,-98.3,2.7,1.0,125.0,1
D004720,4.2,1008.0,0.93,24.0,0.52,-68.3,-54.7,23.2,,-94.9,21.4,1.0,115.0,0
D004721,4.4,1200.0,1.06,28.5,0.49,-64.9,-50.9,24.0,43.0,-95.5,,1.0,124.0,1
D004722,4.7,1217.0,1.13,27.5,0.5,,-48.2,22.4,36.0,-95.1,8.7,1.0,133.0,0
D004723,4.8,1137.0,1.04,29.0,0.52,-64.6,-49.8,24.2,43.0,-97.1,8.2,0.0,119.0,1
D004724,4.6,1184.0,1.17,25.0,0.54,-65.0,-50.2,25.6,44.0,-96.3,8.2,1.0,131.0,0
D004725,4.9,1138.0,1.13,25.5,0.5,-64.0,-49.0,22.3,45.0,-96.0,7.1,0.0,125.0,0
D004726,5.7,1378.0,1.17,30.5,0.49,-68.4,-53.4,22.9,49.0,-95.4,4.6,1.0,104.0,1
D004727,4.6,1254.0,1.03,28.0,0.51,-65.1,-50.0,24.2,47.0,-95.5,8.2,0.0,133.0,1
D004728,5.8,1243.0,1.21,28.5,0.54,-64.6,-51.4,25.7,46.0,-94.3,10.3,1.0,128.0,1
D004729,3.8,1019.0,1.14,29.5,0.68,-66.3,-46.2,21.7,43.0,-96.3,0.6,1.0,138.0,0
D004730,4.9,1148.0,1.18,32.0,0.53,-64.3,-50.6,24.1,47.0,-96.1,10.4,1.0,128.0,1
D004731,5.1,1087.0,1.01,27.5,0.42,-66.7,-49.1,22.8,45.0,-95.4,6.8,1.0,137.0,1
D004732,4.5,1196.0,1.12,29.5,0.46,-64.0,-49.4,24.6,44.0,-96.0,12.1,1.0,129.0,1
D004733,4.6,1176.0,1.08,30.5,0.41,-65.7,-50.7,24.5,43.0,-96.2,14.9,1.0,118.0,1
D004734,4.6,1091.0,1.07,29.5,0.54,-63.9,-50.0,24.5,42.0,-95.6,11.3,1.0,129.0,0
D004735,5.6,1293.0,1.4,32.5,0.53,-60.9,-45.9,27.0,56.0,-97.1,8.6,1.0,,0
D004736,4.7,1104.0,1.04,29.0,0.45,-64.8,-49.9,21.8,39.0,-96.2,7.0,1.0,126.0,0
D004737,5.0,1190.0,1.22,30.5,0.42,-66.0,-51.9,24.4,41.0,-93.9,10.4,0.0,142.0,1
D004738,6.2,1157.0,0.98,21.5,0.47,-64.0,-47.5,28.0,35.0,-99.1,14.9,0.0,144.0,0
D004739,4.5,1212.0,1.05,30.0,0.56,-63.2,-50.4,24.2,46.0,-98.4,11.5,1.0,124.0,0
D004740,4.3,1159.0,0.98,29.0,0.48,-64.0,-49.6,23.7,43.0,-95.4,12.3,0.0,132.0,0
D004741,5.2,1148.0,1.08,28.5,0.48,-65.6,-49.7,24.0,42.0,-97.1,6.4,0.0,125.0,1
D004742,4.0,1144.0,1.13,28.0,0.4,-64.3,-45.4,28.3,53.0,-94.5,5.1,0.0,120.0,0
D004743,4.8,1133.0,0.94,31.0,0.47,-67.5,-49.0,23.2,46.0,-95.5,9.5,1.0,127.0,1
D004744,6.8,1041.0,1.48,24.5,0.6,-60.3,-53.3,26.1,34.0,-95.9,5.4,0.0,,1
D004745,5.1,1190.0,1.04,26.5,0.36,-64.8,-51.6,23.3,46.0,-96.2,12.0,0.0,137.0,1
D004746,4.9,1173.0,1.08,29.0,0.48,-65.1,-50.3,25.0,44.0,-96.0,7.2,0.0,134.0,1
D004747,4.1,1226.0,1.09,26.5,0.51,-63.9,-50.0,23.2,42.0,-95.2,1.2,1.0,129.0,0
D004748,4.9,1132.0,1.05,28.5,0.48,-66.1,-49.4,24.7,41.0,-95.2,10.5,0.0,131.0,1
D004749,4.6,1161.0,1.17,31.0,0.46,-63.0,-50.8,24.5,44.0,-93.8,9.3,0.0,120.0,0
D004750,4.2,1233.0,1.11,29.5,0.5,-64.1,-48.8,22.3,41.0,-95.1,7.3,1.0,124.0,1
D004751,5.0,1219.0,0.94,27.5,0.55,-64.5,-48.9,24.8,40.0,-96.1,8.6,0.0,129.0,1
D004752,5.3,1180.0,1.47,39.5,0.67,-65.5,-54.5,23.1,33.0,-97.8,12.0,0.0,136.0,1
D004753,4.6,1141.0,1.01,26.0,0.41,-64.9,-49.6,23.8,47.0,-96.1,7.9,0.0,135.0,1
D004754,4.8,1156.0,1.16,27.5,0.5,-65.7,-49.0,21.6,47.0,-97.2,10.5,0.0,127.0,1
D004755,5.2,1237.0,1.04,29.5,0.43,-64.6,-50.8,23.9,49.0,-95.1,,1.0,134.0,1
D004756,4.2,1170.0,1.01,30.5,0.44,-66.1,-49.5,23.0,43.0,-93.6,14.0,1.0,126.0,0
D004757,3.6,1006.0,1.52,32.0,0.5,-69.7,-54.3,28.6,44.0,-92.1,,0.0,111.0,0
D004758,5.0,1124.0,1.23,28.0,0.46,-65.4,-50.2,23.5,42.0,-95.9,6.2,1.0,138.0,1
D004759,4.0,1234.0,0.84,31.0,0.69,-63.2,-52.7,23.9,60.0,-95.2,19.7,0.0,103.0,0
D004760,6.8,1201.0,1.32,,0.64,-69.7,-47.2,26.9,38.0,-99.3,18.8,0.0,112.0,1
D004761,6.6,1340.0,1.51,32.0,0.7,-64.2,-46.5,23.4,50.0,-91.4,13.0,1.0,103.0,0
D004762,6.7,1038.0,1.36,35.5,0.59,-69.2,-45.4,21.0,59.0,-96.2,4.9,1.0,119.0,1
D004763,5.7,1232.0,0.98,30.5,0.52,-66.7,-49.3,22.6,47.0,-95.7,11.2,0.0,128.0,1
D004764,6.0,1155.0,1.05,31.5,0.41,-68.0,-51.1,20.3,,-91.3,8.7,0.0,125.0,1
D004765,4.6,1225.0,1.19,30.5,0.44,-64.6,-51.4,23.0,44.0,-94.9,9.7,0.0,127.0,1
D004766,4.1,1151.0,1.11,30.5,0.45,-65.7,-47.6,24.9,47.0,-95.9,9.1,0.0,138.0,1
D004767,3.2,1149.0,1.54,23.0,0.44,-67.1,-46.5,24.9,49.0,-92.0,9.8,1.0,143.0,0
D004768,4.6,1216.0,1.32,35.5,0.33,-69.5,-50.1,27.3,34.0,-93.3,1.0,1.0,118.0,0
D004769,5.4,1200.0,1.15,29.0,0.49,-66.7,-50.1,24.3,43.0,-97.4,6.8,0.0,122.0,1
D004770,,1178.0,1.05,32.5,0.49,-66.7,-49.1,25.4,51.0,-94.8,8.9,1.0,132.0,1
D004771,,1151.0,1.14,27.5,0.49,-65.7,-49.5,23.0,46.0,-95.3,9.1,0.0,123.0,1
D004772,5.8,1331.0,1.2,26.5,0.38,-62.0,-45.5,27.0,38.0,-95.6,10.4,0.0,106.0,0
D004773,4.2,1130.0,1.07,32.0,0.42,-66.9,-49.7,24.7,42.0,-95.5,4.8,1.0,118.0,1
D004774,4.9,1149.0,1.19,31.0,0.46,-64.1,-50.6,22.6,40.0,-95.5,14.1,1.0,123.0,1
D004775,4.7,1181.0,1.2,33.0,0.33,-60.1,-52.8,29.9,49.0,-95.1,8.6,1.0,138.0,0
D004776,3.8,1312.0,1.29,35.5,0.38,-63.9,-48.9,22.3,46.0,-97.9,1.7,1.0,141.0,1
D004777,5.2,1175.0,1.15,31.5,0.49,-66.3,-49.8,24.2,49.0,-95.4,10.1,0.0,126.0,1
D004778,5.2,1119.0,0.8,20.0,0.48,-60.2,-45.6,27.1,55.0,-94.9,1.0,1.0,124.0,1
D004779,4.4,1203.0,1.03,29.0,0.52,-64.8,-50.3,23.2,46.0,-95.3,11.9,0.0,127.0,0
D004780,5.4,1150.0,1.11,24.5,0.53,-66.8,-50.8,24.5,44.0,-95.3,10.0,1.0,132.0,1
D004781,4.9,1217.0,1.05,29.5,0.56,-66.2,-50.3,24.5,48.0,-95.9,9.3,0.0,131.0,1
D004782,5.9,1296.0,1.58,35.5,0.41,-67.0,-53.4,,38.0,-94.1,14.9,1.0,107.0,1
D004783,5.3,1142.0,1.03,27.0,0.46,-65.4,-49.7,24.5,41.0,-95.2,10.5,1.0,124.0,1
D004784,4.8,1090.0,0.91,27.5,0.44,-65.3,-50.5,24.6,45.0,-95.8,10.5,1.0,137.0,1
D004785,5.3,1334.0,1.17,22.5,0.62,-61.9,-46.6,22.0,57.0,-97.5,8.1,0.0,112.0,0
D004786,5.0,1218.0,1.21,28.5,0.44,-66.3,-49.5,23.3,41.0,-94.4,8.6,1.0,126.0,0
D004787,5.5,1288.0,1.29,29.5,0.33,-67.0,-46.3,25.9,35.0,-94.0,23.6,0.0,134.0,0
D004788,3.3,1019.0,1.35,25.5,0.69,-69.9,-46.9,23.6,48.0,-91.5,15.9,0.0,107.0,0
D004789,4.4,1104.0,1.18,25.5,0.55,-66.0,-50.9,27.1,42.0,-95.4,8.2,1.0,124.0,0
D004790,5.7,1135.0,1.08,36.5,0.51,-65.4,-51.9,21.4,46.0,-98.2,8.5,1.0,145.0,1
D004791,4.5,1145.0,1.08,31.0,0.53,-65.4,-50.2,23.5,39.0,-95.0,13.5,1.0,131.0,0
D004792,5.2,1243.0,1.03,25.0,0.51,-63.4,-51.3,22.7,45.0,-96.2,6.5,0.0,127.0,1
D004793,4.1,1169.0,0.99,30.0,0.51,-64.6,-49.9,25.2,46.0,-94.5,,1.0,127.0,1
D004794,5.1,1163.0,1.12,29.0,0.38,-66.1,-48.4,24.2,41.0,-96.0,10.3,1.0,121.0,1
D004795,4.7,1125.0,1.17,26.5,0.49,-65.5,-50.1,,44.0,-94.2,11.0,0.0,133.0,1
D004796,4.5,1081.0,1.44,25.5,0.43,-60.7,-54.3,26.7,47.0,-91.0,8.4,1.0,104.0,0
D004797,4.7,1215.0,1.15,29.0,0.56,-65.4,-49.9,23.0,46.0,-94.4,,0.0,135.0,1
D004798,5.2,1248.0,0.99,23.5,0.34,-61.2,-49.0,29.2,32.0,,21.0,1.0,113.0,0
D004799,4.3,1212.0,1.02,29.5,0.42,-65.2,-48.7,23.5,52.0,-95.6,8.1,1.0,128.0,1
D004800,6.3,1048.0,0.8,,0.5,-66.5,-46.6,20.1,39.0,-99.7,11.2,1.0,115.0,1
D004801,5.1,1230.0,1.11,,0.45,-65.7,-49.9,22.9,45.0,-96.5,9.3,0.0,137.0,1
D004802,4.5,1159.0,0.95,30.0,0.47,-65.8,-48.9,24.4,43.0,-95.2,6.9,1.0,128.0,1
D004803,4.7,1217.0,1.09,29.5,0.41,-65.1,-49.2,25.0,45.0,-94.8,8.5,1.0,124.0,0
D004804,4.8,1175.0,1.09,28.0,0.47,-65.3,-49.1,23.4,44.0,,12.2,0.0,129.0,1
D004805,4.5,1197.0,1.52,30.0,0.51,-60.5,-45.1,26.0,45.0,-93.4,12.3,1.0,101.0,0
D004806,3.9,1131.0,1.18,29.5,0.46,-65.7,-49.9,23.9,39.0,-95.5,8.0,0.0,126.0,1
D004807,4.7,1212.0,1.14,28.5,0.46,-67.0,-49.5,25.1,41.0,-94.4,13.8,1.0,127.0,0
D004808,5.7,1352.0,1.5,37.5,0.68,-60.5,-45.6,23.5,36.0,-99.6,22.5,1.0,150.0,0
D004809,4.8,1221.0,1.13,29.5,0.51,-64.5,-49.5,23.9,42.0,-96.2,9.8,0.0,124.0,1
D004810,4.0,1227.0,1.19,27.0,0.35,-63.8,-48.3,29.4,45.0,-91.6,23.3,0.0,109.0,0
D004811,4.8,1170.0,0.86,32.0,0.5,-64.4,-48.8,25.0,40.0,-95.3,6.9,1.0,130.0,1
D004812,4.6,1224.0,1.11,29.5,0.54,-64.7,-51.4,22.9,48.0,-94.7,11.3,1.0,128.0,0
D004813,4.4,1343.0,0.97,24.0,0.38,-69.4,-51.1,22.5,42.0,-97.8,1.3,0.0,120.0,1
D004814,5.2,1190.0,1.13,30.5,0.54,-63.5,-49.1,24.6,45.0,-96.0,14.0,1.0,127.0,0
D004815,4.2,1240.0,1.15,28.0,0.51,-65.0,-48.7,24.5,47.0,-94.8,8.8,0.0,124.0,1
D004816,5.3,1285.0,1.36,38.5,0.36,-61.1,-46.2,29.3,39.0,,2.9,0.0,108.0,0
D004817,4.8,1236.0,1.04,29.5,0.46,-64.8,-49.4,24.3,40.0,-94.2,5.4,0.0,,1
D004818,5.4,1169.0,1.12,34.5,0.45,-61.8,-50.4,23.5,45.0,-95.3,9.1,1.0,134.0,1
D004819,5.1,1198.0,1.21,30.0,0.46,-64.7,-48.7,22.4,45.0,-94.0,8.5,0.0,131.0,1
D004820,5.5,1153.0,0.99,31.5,0.51,-66.4,-52.3,22.2,40.0,-95.4,8.8,0.0,120.0,1
D004821,4.3,1101.0,1.17,29.0,0.49,-63.8,-49.4,23.2,49.0,-96.9,8.5,1.0,130.0,0
D004822,4.0,1255.0,,29.0,0.49,-67.4,-50.2,23.5,42.0,-96.9,10.4,0.0,123.0,1
D004823,4.2,1364.0,1.42,31.0,0.55,-62.0,-45.8,27.7,57.0,-98.5,4.0,1.0,145.0,0
D004824,4.6,1237.0,1.1,31.5,0.5,-65.4,-48.4,23.3,42.0,-95.4,9.8,0.0,123.0,1
D004825,4.5,1192.0,1.18,27.0,0.52,-64.2,-49.2,23.0,52.0,-95.8,9.0,1.0,138.0,0
D004826,5.9,1034.0,1.27,25.5,0.46,-66.2,-51.6,28.1,59.0,-95.9,0.3,1.0,125.0,1
D004827,4.5,1173.0,1.13,28.5,0.5,-65.9,-50.6,24.3,44.0,-93.9,9.9,1.0,125.0,1
D004828,5.5,1148.0,1.14,30.5,0.44,-66.7,-50.5,24.2,44.0,-94.1,4.4,1.0,131.0,1
D004829,5.0,1146.0,1.09,28.0,0.46,-66.3,-49.7,24.1,44.0,-96.4,5.8,0.0,124.0,1
D004830,3.3,1197.0,1.06,37.5,0.4,-63.0,-49.4,29.9,46.0,-94.5,17.9,1.0,118.0,0
D004831,4.3,1190.0,1.07,29.0,0.45,,-51.0,,49.0,-96.0,8.4,1.0,125.0,1
D004832,3.2,1082.0,0.96,29.5,0.51,-64.1,-49.9,22.4,38.0,-98.7,3.4,0.0,133.0,1
D004833,5.3,1157.0,1.41,28.5,0.55,-65.7,-46.9,24.4,,-98.9,21.6,0.0,117.0,0
D004834,5.4,1285.0,0.8,27.0,,-69.0,-54.5,24.5,53.0,-92.9,10.4,1.0,127.0,0
D004835,4.5,1083.0,0.91,30.0,0.52,-60.0,-46.6,21.7,32.0,-99.1,21.0,0.0,149.0,0
D004836,4.8,1166.0,1.02,28.5,0.5,-65.9,-49.7,23.2,43.0,-94.8,8.3,1.0,126.0,1
D004837,4.3,1238.0,1.22,27.5,0.4,-67.8,-45.5,26.5,34.0,-94.3,14.5,1.0,115.0,0
D004838,4.6,1183.0,1.05,29.5,0.54,-67.1,-50.2,25.3,42.0,-95.8,8.5,1.0,137.0,1
D004839,5.3,1188.0,1.14,30.0,,-67.6,-50.4,24.4,42.0,-95.1,7.5,0.0,128.0,1
D004840,6.4,1106.0,1.57,29.0,0.52,-63.4,-45.5,25.3,53.0,-93.5,18.3,1.0,116.0,0
D004841,4.9,1251.0,1.05,27.5,0.47,-65.6,-48.5,23.5,49.0,-95.9,9.6,1.0,132.0,1
D004842,4.8,1216.0,0.98,28.0,0.5,-65.1,-49.0,23.9,49.0,-97.0,10.6,0.0,135.0,1
D004843,4.6,1181.0,0.97,30.5,0.43,-64.8,-51.5,22.6,42.0,-94.8,13.6,1.0,124.0,1
D004844,4.0,1378.0,1.37,34.5,0.64,-67.3,-49.5,29.8,49.0,-95.2,13.8,0.0,127.0,0
D004845,5.1,1234.0,1.19,32.0,0.51,-64.3,-50.3,23.6,50.0,-97.9,13.6,1.0,128.0,1
D004846,4.9,1176.0,1.07,30.0,0.5,-64.5,-50.0,24.6,46.0,-93.7,8.7,0.0,128.0,1
D004847,5.2,1152.0,0.89,30.0,0.46,-66.6,-49.9,22.5,43.0,-95.2,9.8,1.0,121.0,1
D004848,5.4,1019.0,1.24,37.0,0.65,-69.6,-51.0,29.0,59.0,-92.8,10.1,0.0,130.0,0
D004849,4.9,1215.0,0.97,28.0,0.52,-67.0,-49.2,22.4,43.0,-94.4,6.7,0.0,139.0,1
D004850,5.1,,1.08,27.0,0.52,-64.5,,23.7,44.0,-94.1,11.5,1.0,138.0,1
D004851,5.5,1151.0,1.15,32.5,0.44,-66.9,-49.0,26.2,45.0,-95.0,6.6,0.0,136.0,1
D004852,4.1,1125.0,1.03,28.0,0.49,-65.2,-51.7,22.9,45.0,-95.3,10.6,1.0,128.0,1
D004853,4.9,1235.0,1.2,28.0,0.55,-66.1,-50.2,24.6,36.0,-96.9,6.5,1.0,127.0,1
D004854,4.9,1144.0,1.07,27.0,0.52,-64.1,-49.9,23.4,41.0,-95.0,6.0,,128.0,0
D004855,4.9,1244.0,1.02,29.0,0.52,-67.6,-49.3,22.8,46.0,-96.0,7.8,0.0,133.0,1
D004856,4.4,1091.0,1.03,21.5,0.49,-64.1,-53.3,22.6,30.0,-97.3,4.4,1.0,140.0,1
D004857,4.9,1105.0,1.28,30.0,0.45,-68.2,-50.8,23.5,44.0,-96.5,10.3,1.0,133.0,1
D004858,4.2,1106.0,1.24,31.0,0.5,-65.5,-48.3,25.0,43.0,-96.7,12.7,1.0,126.0,0
D004859,4.7,1246.0,0.93,23.5,0.46,-65.7,-50.0,24.7,43.0,-96.8,5.9,1.0,134.0,1
D004860,5.0,1111.0,1.01,28.5,0.46,-65.1,-49.0,22.3,41.0,-93.4,9.8,1.0,130.0,1
D004861,3.1,,1.48,29.5,0.68,-68.0,-45.0,29.2,60.0,-98.1,11.8,1.0,127.0,0
D004862,,1173.0,1.06,24.5,0.5,-64.9,-48.0,23.4,50.0,-95.3,6.2,0.0,116.0,1
D004863,3.9,1334.0,0.81,39.0,0.48,-63.2,-50.3,20.7,53.0,-96.0,12.2,1.0,126.0,0
D004864,4.6,1179.0,1.13,30.0,0.45,-65.4,-49.2,25.6,40.0,-93.6,6.8,1.0,132.0,0
D004865,5.7,1199.0,1.1,29.0,0.46,-65.2,-50.4,24.8,40.0,-94.7,9.8,1.0,131.0,1
D004866,4.8,1234.0,1.05,29.0,0.49,-65.9,-49.4,22.2,45.0,-96.0,3.6,1.0,128.0,1
D004867,4.5,1190.0,1.08,34.0,0.47,-65.3,-48.4,25.2,47.0,-95.6,7.1,1.0,133.0,1
D004868,5.3,1157.0,1.16,26.5,0.43,-64.6,-50.7,22.5,40.0,-95.1,8.8,1.0,130.0,1
D004869,5.4,1121.0,1.29,31.5,0.59,-68.4,-49.4,24.9,34.0,-90.1,23.9,0.0,146.0,1
D004870,4.9,1232.0,1.04,24.0,0.5,-63.9,-49.9,24.8,44.0,-95.1,12.6,0.0,123.0,1
D004871,,1132.0,1.44,22.5,0.43,-61.3,-47.0,26.0,52.0,-94.8,16.4,0.0,112.0,0
D004872,4.5,1238.0,0.97,30.5,0.41,-64.6,-49.7,23.6,43.0,-96.3,8.3,1.0,139.0,1
D004873,4.2,1240.0,1.12,28.5,0.54,-65.6,-50.1,24.2,46.0,-96.1,3.2,0.0,132.0,1
D004874,5.0,,1.09,28.0,0.37,-65.8,-50.7,24.8,45.0,-96.6,10.1,1.0,130.0,0
D004875,4.8,1153.0,0.97,28.0,0.5,-65.9,-49.7,23.7,44.0,-94.3,10.4,1.0,130.0,1
D004876,3.0,1145.0,0.82,33.0,0.55,-68.2,-49.6,26.9,55.0,-96.9,16.0,0.0,103.0,1
D004877,3.8,1157.0,1.35,32.0,0.5,-61.7,-53.9,30.0,30.0,-91.8,18.2,0.0,122.0,0
D004878,6.4,1001.0,1.54,37.0,0.69,-67.9,-46.3,29.1,33.0,-91.7,22.9,0.0,116.0,0
D004879,4.7,1166.0,1.13,28.5,0.54,-63.6,-49.8,23.6,45.0,-94.1,8.9,1.0,136.0,0
D004880,4.2,1155.0,0.82,27.0,0.52,-60.7,-54.2,23.4,41.0,-94.3,2.8,0.0,117.0,1
D004881,5.0,1086.0,0.97,32.5,0.5,-67.0,-48.7,23.4,44.0,-96.1,7.2,1.0,124.0,1
D004882,5.1,1290.0,1.06,28.5,0.54,-64.5,-49.7,24.8,51.0,-96.3,13.0,0.0,126.0,1
D004883,4.7,1221.0,1.23,22.0,0.34,-65.4,-46.8,21.9,60.0,-97.6,22.4,0.0,119.0,0
D004884,4.9,1204.0,1.0,26.0,0.49,-65.4,-50.7,23.4,43.0,-95.9,12.0,1.0,129.0,0
D004885,4.9,1182.0,1.11,27.5,0.47,-65.7,-49.2,23.6,46.0,-94.0,10.0,1.0,128.0,1
D004886,4.8,1123.0,1.07,27.0,0.46,-64.3,-49.9,23.6,45.0,-95.4,6.9,1.0,128.0,1
D004887,5.4,1155.0,1.03,27.0,0.5,-65.3,-49.2,22.7,44.0,-96.4,10.1,1.0,126.0,1
D004888,4.0,1173.0,0.99,31.0,0.5,-67.1,-48.4,22.7,43.0,-96.0,10.8,0.0,127.0,1
D004889,5.2,1156.0,1.06,28.5,0.58,-61.6,-49.0,22.5,44.0,-93.4,,1.0,141.0,1
D004890,6.9,1194.0,0.95,38.0,0.32,-66.0,-52.8,23.6,46.0,-98.0,11.9,0.0,130.0,1
D004891,4.2,1156.0,1.01,33.0,0.5,-67.0,-51.3,23.1,45.0,-95.5,8.5,0.0,127.0,1
D004892,4.9,1200.0,1.25,31.5,0.48,-64.9,-52.0,24.4,60.0,-98.1,11.3,1.0,123.0,1
D004893,5.9,1088.0,1.24,24.0,0.36,-63.6,-52.2,27.4,58.0,-91.7,4.9,0.0,125.0,0
D004894,5.2,1235.0,0.94,31.0,0.39,-66.4,-49.3,25.1,44.0,-96.2,10.7,0.0,130.0,1
D004895,4.7,1137.0,1.23,24.0,0.48,-67.6,-49.2,22.5,43.0,-92.6,8.5,1.0,127.0,0
D004896,5.1,1138.0,1.08,31.5,0.44,-66.1,-50.1,25.2,40.0,-95.3,4.6,0.0,132.0,1
D004897,5.3,1199.0,1.07,26.5,0.53,-66.1,-48.1,22.0,40.0,-95.7,11.1,1.0,126.0,0
D004898,4.9,1144.0,1.09,29.5,0.42,-63.8,-50.6,24.6,43.0,-96.2,6.5,1.0,129.0,1
D004899,3.9,1251.0,1.56,24.0,0.6,-68.1,-51.5,22.3,58.0,-97.5,21.7,,123.0,0
D004900,5.1,1310.0,1.16,29.5,0.37,-68.5,,28.9,44.0,-98.1,9.3,1.0,119.0,0
D004901,4.9,1209.0,0.96,27.5,0.48,-65.1,-52.1,22.7,43.0,-94.6,10.2,0.0,136.0,1
D004902,4.6,1240.0,1.16,28.5,0.54,-66.3,-49.9,25.5,44.0,-95.0,11.0,0.0,126.0,1
D004903,4.7,1239.0,1.17,27.5,0.5,-64.8,-49.3,22.2,44.0,-94.5,9.0,1.0,130.0,0
D004904,4.9,1138.0,1.14,31.0,0.49,-64.0,-51.4,24.2,41.0,-94.2,9.0,1.0,122.0,1
D004905,5.0,1217.0,1.02,26.0,0.48,-65.3,-50.7,22.5,41.0,-96.2,12.6,0.0,138.0,1
D004906,3.7,1197.0,1.17,29.0,0.43,-66.5,-52.0,24.1,44.0,-94.0,,1.0,130.0,0
D004907,4.6,1132.0,1.21,28.5,0.51,-66.0,,22.4,48.0,-96.6,5.8,1.0,136.0,1
D004908,4.5,1207.0,1.1,29.0,0.49,-65.0,-51.4,24.5,46.0,-97.7,12.1,1.0,132.0,1
D004909,3.8,1191.0,1.05,31.5,0.52,-65.8,-50.3,22.6,49.0,-96.5,11.1,1.0,125.0,0
D004910,4.4,1227.0,1.15,26.5,0.42,-67.2,-48.4,25.1,46.0,-94.1,8.7,1.0,130.0,1
D004911,4.3,1161.0,1.19,26.0,0.48,-68.5,-48.3,24.3,45.0,-93.6,7.7,0.0,114.0,0
D004912,4.8,1156.0,1.0,27.0,0.59,-64.3,-50.5,24.3,42.0,-94.9,14.0,0.0,124.0,1
D004913,5.1,1281.0,1.1,25.5,0.46,-64.5,-49.6,23.4,42.0,-95.0,10.4,0.0,125.0,1
D004914,5.2,1126.0,1.13,31.0,0.45,-64.9,-49.7,24.9,45.0,-97.0,9.5,0.0,128.0,1
D004915,4.4,1150.0,1.12,30.5,0.51,-64.1,-49.1,23.5,,-95.3,7.1,0.0,115.0,1
D004916,5.0,1194.0,1.2,33.5,0.5,-64.4,-50.7,22.8,49.0,-96.7,12.3,0.0,130.0,1
D004917,6.5,1196.0,1.52,34.5,0.69,-67.0,-46.9,20.3,51.0,-90.1,8.0,1.0,104.0,0
D004918,,1186.0,1.01,28.5,0.45,-65.0,-48.6,24.3,48.0,-95.2,10.5,1.0,134.0,1
D004919,4.4,1170.0,1.58,35.5,0.57,-60.7,-47.0,20.8,33.0,-92.5,19.4,1.0,137.0,0
D004920,3.1,1360.0,1.0,38.5,0.64,-61.7,-52.0,27.4,47.0,-94.9,20.3,1.0,110.0,0
D004921,5.3,1171.0,1.02,26.5,0.51,-64.2,-48.7,24.3,49.0,-94.7,9.9,1.0,136.0,1
D004922,5.1,1132.0,1.23,28.0,0.44,-64.7,-48.1,23.3,43.0,-95.4,10.9,1.0,133.0,1
D004923,4.9,1151.0,1.26,29.0,0.48,-65.9,-50.8,23.2,41.0,-95.9,6.5,1.0,128.0,1
D004924,3.9,1183.0,1.07,25.0,0.52,-66.2,-50.9,22.9,46.0,-96.8,13.7,1.0,136.0,1
D004925,,1120.0,1.07,31.0,0.44,-64.7,-49.8,22.4,48.0,-95.3,9.3,1.0,130.0,1
D004926,,1177.0,1.13,27.0,0.5,-65.5,-48.6,23.9,45.0,-95.7,10.0,0.0,135.0,1
D004927,5.5,1280.0,0.9,32.5,0.6,-60.9,-46.0,22.4,34.0,-98.3,15.7,0.0,110.0,0
D004928,6.9,1311.0,1.25,32.0,0.5,-61.6,-54.6,29.2,48.0,-97.0,13.6,1.0,100.0,0
D004929,4.8,1226.0,1.08,26.5,0.54,-66.6,-49.1,23.2,41.0,-95.9,5.9,1.0,128.0,1
D004930,5.7,1367.0,1.5,36.5,0.49,-67.6,-47.4,22.7,31.0,-97.1,22.6,1.0,137.0,1
D004931,3.1,1107.0,1.4,22.0,0.41,-60.6,-53.3,22.8,48.0,-94.8,14.8,0.0,138.0,0
D004932,,,1.16,26.5,0.53,-66.5,-51.1,,48.0,-96.6,5.5,0.0,119.0,1
D004933,4.2,1257.0,1.08,29.0,0.51,-64.9,-48.6,23.7,46.0,-94.4,8.2,0.0,,1
D004934,4.2,1170.0,,25.0,0.41,-65.1,-52.3,23.5,46.0,-94.9,8.1,1.0,122.0,0
D004935,5.9,1044.0,0.99,28.0,0.39,-66.7,-53.2,22.6,41.0,-90.3,7.2,1.0,120.0,1
D004936,3.4,1280.0,0.99,27.0,0.31,-69.0,-54.4,21.0,44.0,-98.3,20.3,1.0,128.0,0
D004937,5.2,1201.0,0.96,29.0,0.56,-65.2,-50.2,23.4,45.0,-94.5,6.4,0.0,129.0,1
D004938,5.1,1158.0,1.03,28.5,0.51,-64.7,-50.7,23.0,48.0,-96.5,11.2,0.0,132.0,1
D004939,4.2,1203.0,1.05,27.5,0.51,-63.8,-51.7,24.1,43.0,-96.3,10.4,0.0,125.0,1
D004940,4.2,1264.0,1.01,25.0,0.4,-63.4,-50.3,24.4,45.0,-96.3,10.3,1.0,121.0,0
D004941,5.1,1147.0,1.13,29.5,0.52,-65.6,-50.5,24.5,44.0,-93.7,9.6,0.0,129.0,1
D004942,5.4,1218.0,1.14,28.0,0.44,-65.3,-48.9,24.4,43.0,-94.0,11.4,0.0,131.0,1
D004943,5.1,1194.0,1.09,29.0,0.44,-66.2,-48.8,25.5,39.0,-96.8,10.2,1.0,126.0,1
D004944,4.9,1171.0,1.04,30.5,0.52,-67.0,-50.8,24.6,42.0,-95.1,11.0,0.0,124.0,1
D004945,5.1,1143.0,1.1,30.0,0.5,-64.0,-50.3,24.3,45.0,-97.1,8.4,0.0,127.0,1
D004946,4.7,1133.0,1.04,30.0,0.41,-66.2,-52.2,24.5,35.0,-95.6,11.5,0.0,116.0,1
D004947,4.2,1262.0,1.02,28.0,0.47,-66.7,-49.2,23.4,41.0,-95.7,7.6,0.0,128.0,1
D004948,4.6,1179.0,1.1,30.0,0.52,-64.9,-48.6,23.9,46.0,,5.1,0.0,123.0,1
D004949,5.1,1127.0,1.21,28.0,0.5,-65.4,-50.7,24.1,42.0,-96.5,10.4,0.0,134.0,1
D004950,4.5,1204.0,1.07,25.0,0.43,-66.8,-50.3,25.7,45.0,-96.1,6.1,1.0,132.0,1
D004951,5.0,1162.0,1.16,30.5,0.5,-66.1,-49.9,23.1,40.0,-96.2,6.9,0.0,123.0,1
D004952,4.8,1075.0,0.99,27.0,0.45,-64.6,-50.0,23.2,45.0,-95.7,9.8,1.0,137.0,0
D004953,5.1,1383.0,1.08,38.0,0.34,-64.2,-50.3,21.9,39.0,-92.3,23.5,0.0,111.0,0
D004954,4.0,1218.0,1.06,27.5,0.51,-63.9,,23.5,50.0,-95.4,9.4,1.0,124.0,0
D004955,4.9,1061.0,0.87,25.0,0.35,-61.5,-54.3,25.6,53.0,-97.2,3.1,0.0,102.0,1
D004956,5.2,1021.0,1.54,32.0,0.4,-63.0,-48.2,26.8,33.0,-91.7,12.8,0.0,115.0,0
D004957,4.4,1013.0,1.17,30.0,0.61,-65.3,-46.5,29.8,55.0,-98.1,13.6,1.0,121.0,0
D004958,4.0,1108.0,0.92,25.5,0.54,-64.4,-50.4,23.6,46.0,-95.7,9.0,0.0,132.0,1
D004959,3.7,1033.0,1.37,21.5,0.39,-68.5,-54.9,27.8,38.0,-96.8,10.5,1.0,145.0,0
D004960,4.2,1145.0,1.14,31.0,0.52,-63.8,-50.1,,44.0,-95.8,8.5,0.0,132.0,1
D004961,3.6,1267.0,1.27,33.0,0.54,-68.6,-49.7,29.4,43.0,-97.5,10.4,0.0,118.0,1
D004962,3.6,1245.0,1.44,40.0,0.34,-64.7,-51.7,26.8,56.0,-96.1,22.8,1.0,115.0,0
D004963,4.8,1314.0,0.85,29.0,0.48,-62.7,-50.6,26.7,48.0,-93.9,1.3,0.0,114.0,1
D004964,4.1,1206.0,0.96,30.0,0.52,-63.5,-50.3,25.1,45.0,-94.4,9.6,0.0,135.0,1
D004965,5.3,1219.0,1.11,29.0,0.49,-64.8,-49.9,24.2,50.0,-94.2,5.7,1.0,,1
D004966,4.5,1246.0,1.16,32.5,0.45,-65.8,-49.8,25.7,41.0,-95.6,4.2,1.0,129.0,1
D004967,4.9,1216.0,1.22,25.0,0.58,-64.9,-50.1,23.3,40.0,-93.6,9.8,1.0,126.0,1
D004968,5.0,1179.0,1.03,25.5,0.49,-66.6,-49.4,23.8,46.0,-94.9,15.8,1.0,127.0,1
D004969,5.2,1229.0,0.91,30.0,0.46,-64.2,-50.2,23.6,42.0,-96.6,9.4,1.0,123.0,1
D004970,4.9,1069.0,1.37,21.0,0.69,-67.9,-49.6,25.3,46.0,-94.5,2.2,1.0,144.0,0
D004971,5.0,1218.0,1.23,28.0,0.43,-65.0,-48.8,23.9,42.0,-96.5,10.0,1.0,139.0,1
D004972,4.0,1229.0,0.9,35.0,0.54,-68.8,-54.2,27.3,36.0,-94.0,21.1,0.0,107.0,1
D004973,4.6,1251.0,1.05,28.0,0.49,-67.9,-50.4,25.0,43.0,-94.4,9.9,0.0,129.0,1
D004974,4.9,1328.0,1.1,23.5,0.54,-69.8,-47.6,28.9,47.0,-90.5,6.7,0.0,140.0,0
D004975,4.9,1168.0,1.11,29.5,0.44,-67.3,-48.5,25.1,45.0,-94.6,10.5,1.0,130.0,0
D004976,4.8,1177.0,1.11,30.0,0.49,-65.3,-50.1,24.2,51.0,-95.3,8.1,1.0,130.0,1
D004977,3.0,1395.0,1.54,37.5,0.63,-62.3,-53.2,26.1,60.0,-91.7,15.3,1.0,129.0,0
D004978,5.1,1111.0,1.18,27.0,0.49,-64.8,-51.2,24.3,37.0,-95.9,5.6,1.0,129.0,1
D004979,3.6,1337.0,0.91,22.5,0.35,-60.2,-47.8,22.5,54.0,-94.6,9.6,1.0,110.0,0
D004980,3.6,1230.0,0.81,23.5,0.36,-66.4,-52.7,24.1,49.0,-90.1,13.2,1.0,116.0,0
D004981,4.6,1163.0,0.94,30.5,,-65.5,-51.0,25.0,44.0,-96.1,9.0,1.0,129.0,1
D004982,4.9,1178.0,1.02,26.5,0.44,-67.2,-51.0,23.4,40.0,-97.6,7.6,1.0,129.0,1
D004983,4.5,1021.0,0.91,24.5,0.46,-62.1,-54.9,27.9,,-95.4,8.8,0.0,120.0,1
D004984,5.1,1350.0,1.34,38.5,0.68,-66.2,-52.7,22.9,51.0,-96.6,17.9,1.0,139.0,1
D004985,5.0,1206.0,1.12,31.0,0.47,-63.2,-49.6,24.0,49.0,-95.9,11.5,0.0,131.0,1
D004986,4.7,1270.0,1.22,32.5,0.48,-64.1,-50.6,24.1,48.0,-95.5,12.8,0.0,123.0,1
D004987,4.0,1198.0,1.01,29.0,0.49,-65.6,-50.0,24.7,45.0,-97.3,12.7,0.0,128.0,1
D004988,4.9,1263.0,1.04,29.0,0.48,-65.1,-49.6,26.6,43.0,-95.4,12.8,0.0,132.0,1
D004989,5.0,1159.0,1.07,26.5,0.51,,-48.0,23.8,53.0,-96.7,12.6,0.0,136.0,1
D004990,5.0,1243.0,1.02,29.0,0.48,,-48.8,23.9,46.0,-94.9,6.9,1.0,131.0,1
D004991,3.7,1183.0,1.29,29.5,,-67.3,-49.5,22.0,44.0,-98.0,5.4,1.0,120.0,0
D004992,3.3,1328.0,1.37,30.0,0.59,-64.5,-54.0,29.6,40.0,-94.3,22.2,0.0,123.0,0
D004993,4.7,1184.0,1.1,28.5,0.43,-64.3,-49.9,24.3,50.0,-96.0,5.3,1.0,127.0,1
D004994,4.2,1188.0,1.15,24.5,0.45,-63.9,-52.2,24.6,47.0,-96.1,11.7,1.0,132.0,0
D004995,4.8,1203.0,1.11,30.0,0.57,-65.1,-49.0,23.5,41.0,-96.6,8.3,0.0,132.0,1
D004996,5.3,1148.0,1.0,32.5,0.48,-66.1,-51.2,25.1,42.0,-95.7,6.9,0.0,117.0,1
D004997,4.0,1185.0,1.27,24.5,0.49,-66.8,-53.0,26.6,44.0,-94.7,4.1,0.0,146.0,1
D004998,5.2,1076.0,1.14,37.5,0.61,-68.4,-48.9,23.2,41.0,-96.5,19.8,1.0,128.0,1
D004999,3.6,1166.0,1.4,36.5,0.54,-63.0,-48.9,25.1,44.0,-98.0,12.0,0.0,132.0,0
D005000,5.0,1249.0,1.04,30.5,0.55,-65.6,-49.6,22.5,45.0,-96.6,9.4,1.0,132.0,1
D005001,5.2,1168.0,1.11,29.0,0.46,-65.2,-50.2,24.1,42.0,-95.3,13.1,1.0,124.0,1
D005002,4.8,1149.0,1.15,29.0,0.4,-66.6,-50.1,23.8,42.0,-95.9,7.6,1.0,126.0,1
D005003,5.1,1230.0,1.03,28.0,0.57,-65.9,-50.4,23.5,50.0,-93.2,12.7,1.0,124.0,1
D005004,4.2,1158.0,1.11,27.5,0.54,-66.0,-52.4,23.3,46.0,-95.0,7.2,0.0,127.0,1
D005005,3.4,1393.0,0.81,21.5,0.57,-60.2,-53.5,25.2,31.0,-96.0,22.8,1.0,100.0,0
D005006,6.9,1143.0,0.95,38.5,0.41,-62.5,-52.7,22.4,36.0,-93.1,12.2,0.0,144.0,1
D005007,3.1,1298.0,1.37,20.5,0.65,-67.5,-46.3,21.3,45.0,-97.1,1.7,0.0,104.0,0
D005008,4.1,1341.0,1.08,31.5,0.47,-67.4,-50.7,28.7,,-95.7,8.4,1.0,149.0,1
D005009,5.1,1212.0,1.19,34.5,0.45,-68.6,-51.5,23.5,45.0,-96.6,13.6,1.0,132.0,1
D005010,4.9,1144.0,1.18,30.0,0.47,-66.7,-48.8,,42.0,,,1.0,128.0,1
D005011,5.0,1221.0,1.04,30.5,0.49,-66.2,-50.6,23.5,46.0,-95.2,9.0,0.0,126.0,1
D005012,4.4,1242.0,1.2,24.0,0.4,-65.1,-50.0,22.2,48.0,-94.6,8.4,1.0,126.0,0
D005013,5.4,1210.0,1.02,32.0,0.45,-66.2,-49.6,25.1,40.0,-95.4,7.4,0.0,134.0,1
D005014,4.8,1186.0,1.42,35.0,0.68,-69.4,-49.9,25.4,32.0,-91.7,16.2,1.0,145.0,0
D005015,5.4,1214.0,1.03,30.5,,-64.3,-49.9,24.4,45.0,-94.3,9.7,1.0,135.0,1
D005016,5.0,1256.0,1.22,28.5,0.48,-63.7,-49.3,23.3,40.0,-97.1,9.1,0.0,124.0,1
D005017,6.1,1175.0,1.09,28.5,0.51,-66.5,-52.0,25.6,43.0,-96.2,9.4,1.0,122.0,1
D005018,4.8,,1.12,28.0,0.53,-65.7,-50.3,25.1,46.0,-96.0,12.2,1.0,131.0,1
D005019,5.0,1153.0,1.07,30.5,0.47,-66.7,-50.7,23.4,45.0,-94.8,8.4,1.0,131.0,1
D005020,4.7,1245.0,1.05,34.0,0.49,-67.8,-50.7,25.0,50.0,-95.9,8.2,1.0,125.0,1
D005021,5.3,1138.0,1.09,26.5,0.37,-64.7,-49.7,22.6,43.0,-95.9,6.9,0.0,130.0,1
D005022,4.9,1194.0,1.1,29.5,0.53,-65.3,-49.0,27.3,44.0,-96.1,2.8,0.0,122.0,1
D005023,5.0,1100.0,1.04,26.0,0.42,-66.2,-51.2,24.4,42.0,-94.7,6.8,1.0,124.0,1
D005024,3.3,1274.0,0.97,32.5,0.34,-66.6,-45.1,20.8,35.0,-93.1,20.0,1.0,136.0,0
D005025,5.1,,1.03,32.5,0.49,-66.6,-52.0,22.7,43.0,-96.5,8.0,1.0,132.0,1
D005026,3.9,1308.0,1.19,31.5,0.62,-66.1,-47.5,27.8,31.0,-92.0,6.4,0.0,132.0,1
D005027,4.8,1203.0,1.24,27.5,0.45,-67.4,-48.6,23.3,42.0,-94.6,3.1,0.0,129.0,1
D005028,4.6,1160.0,0.91,30.5,0.48,-64.4,-49.5,25.1,43.0,-96.9,7.7,1.0,122.0,1
D005029,5.3,1177.0,1.04,29.5,0.46,-66.7,-49.9,23.4,44.0,-97.8,12.2,0.0,132.0,1
D005030,6.9,1275.0,1.58,36.0,0.51,-63.6,-47.7,21.1,43.0,-97.9,4.9,0.0,126.0,1
D005031,4.5,1182.0,1.06,32.5,0.44,-66.8,-48.2,,44.0,-94.8,7.2,1.0,128.0,1
D005032,5.2,1108.0,1.21,33.0,0.48,-63.3,-51.8,21.7,47.0,-95.7,12.6,1.0,131.0,1
D005033,6.7,1170.0,1.05,36.0,0.46,-67.6,-52.1,21.6,30.0,-96.0,23.5,0.0,145.0,1
D005034,4.9,1168.0,1.06,24.5,0.43,-66.3,-49.8,24.3,51.0,-96.4,9.8,0.0,119.0,1
D005035,4.8,1377.0,1.34,36.0,0.45,-64.4,-48.4,20.9,51.0,-91.1,17.2,0.0,112.0,0
D005036,4.8,1258.0,1.22,26.5,0.49,-65.3,-49.7,22.7,42.0,-94.1,8.5,1.0,120.0,1
D005037,5.2,1355.0,0.97,29.0,0.36,-67.2,-48.5,24.7,58.0,-97.6,7.7,0.0,108.0,1
D005038,5.3,1180.0,1.14,27.0,0.5,-66.7,-48.8,23.2,46.0,-96.7,6.5,0.0,124.0,1
D005039,3.8,1163.0,1.03,30.0,0.47,-65.7,-49.6,24.1,44.0,-96.0,7.7,0.0,123.0,1
D005040,4.4,,,30.5,0.48,-65.4,-52.1,25.7,41.0,-95.8,11.8,1.0,122.0,0
D005041,5.1,1189.0,1.1,29.5,0.49,,-48.8,23.6,40.0,-96.4,,0.0,130.0,1
D005042,4.9,1205.0,1.09,27.5,0.45,-64.4,-50.6,24.5,46.0,-95.4,,1.0,128.0,1
D005043,4.1,1245.0,1.19,37.5,0.58,-65.4,-46.6,24.4,46.0,,15.5,1.0,126.0,0
D005044,4.8,1172.0,1.08,30.0,0.45,-64.9,-52.0,23.8,48.0,-95.3,9.8,0.0,123.0,1
D005045,5.3,1077.0,1.56,23.5,0.47,-64.3,-48.4,27.4,40.0,-95.3,12.1,1.0,150.0,0
D005046,5.2,1182.0,1.17,30.5,0.43,-66.4,-51.5,23.6,42.0,-94.7,9.3,1.0,132.0,1
D005047,4.9,1255.0,1.17,26.5,0.56,-66.6,-49.4,23.1,43.0,-95.9,8.8,1.0,119.0,1
D005048,5.6,1017.0,0.85,31.5,0.46,-61.1,-47.8,25.5,42.0,-99.7,19.6,1.0,145.0,1
D005049,4.7,1165.0,1.21,29.5,0.42,-64.1,-50.3,24.5,46.0,-95.6,8.8,0.0,136.0,1
D005050,5.0,1230.0,1.14,36.5,0.68,-67.3,-49.0,25.7,37.0,-93.0,6.8,0.0,144.0,1
D005051,5.9,1118.0,1.32,38.0,0.31,-65.8,-46.2,24.5,57.0,-91.0,12.1,1.0,108.0,0
D005052,4.5,1207.0,0.96,32.0,0.55,-64.4,-49.7,,39.0,-94.9,10.2,1.0,134.0,1
D005053,4.1,1159.0,1.21,31.0,0.5,-64.4,-51.0,26.3,,-93.9,7.6,1.0,130.0,0
D005054,6.0,1376.0,1.22,28.5,0.56,-60.5,-48.2,21.3,47.0,-90.2,6.8,0.0,102.0,0
D005055,4.4,1025.0,1.04,39.0,0.58,-69.4,-54.2,25.1,40.0,-90.5,23.6,1.0,127.0,1
D005056,4.2,1228.0,1.03,26.0,0.45,-64.3,-50.3,23.7,41.0,-95.9,9.6,0.0,133.0,1
D005057,5.1,1264.0,1.15,29.0,0.5,-63.4,-50.0,22.2,48.0,-95.5,7.9,0.0,131.0,1
D005058,4.8,1158.0,1.04,27.0,0.47,-66.0,-50.1,24.1,44.0,-95.8,9.6,0.0,120.0,1
D005059,5.0,1185.0,1.08,28.5,0.48,-64.9,-49.1,23.7,51.0,-97.1,8.1,0.0,134.0,1
D005060,3.8,1383.0,1.18,36.5,0.38,-69.6,-53.7,25.1,,-91.1,5.5,1.0,103.0,1
D005061,6.4,1335.0,1.54,27.0,0.36,-62.3,-48.2,29.8,51.0,-97.1,9.1,1.0,144.0,0
D005062,4.4,1207.0,1.04,28.0,0.46,-63.7,-49.6,24.4,40.0,-94.7,11.0,0.0,122.0,1
D005063,4.8,1157.0,1.15,27.5,0.48,-66.1,-50.1,24.4,43.0,-97.6,4.5,1.0,135.0,1
D005064,4.3,1245.0,1.46,24.0,0.41,-68.4,-47.4,29.1,30.0,-97.5,19.1,0.0,126.0,0
D005065,5.0,1039.0,1.24,33.5,0.42,-67.9,-53.9,27.4,59.0,-94.3,11.3,1.0,148.0,0
D005066,6.1,,1.41,21.5,0.33,-68.1,-47.8,24.6,39.0,-93.6,6.8,1.0,141.0,1
D005067,4.9,1163.0,1.15,32.0,0.34,-67.2,-48.7,23.4,42.0,-94.5,10.4,0.0,132.0,1
D005068,4.5,1198.0,1.09,32.5,0.48,-65.3,-50.8,23.9,48.0,-95.9,9.0,0.0,134.0,1
D005069,5.1,1158.0,1.06,27.5,0.46,-64.6,-49.7,24.0,44.0,-97.0,6.6,1.0,127.0,1
D005070,4.3,1226.0,1.01,36.5,0.52,-69.8,-45.2,27.1,52.0,-91.7,18.6,1.0,,0
D005071,4.7,1159.0,1.24,31.0,0.56,-66.3,-49.5,25.0,43.0,-96.1,13.0,1.0,135.0,1
D005072,5.2,1203.0,1.01,32.5,0.49,-66.3,-50.0,23.3,49.0,-96.2,9.1,0.0,130.0,1
D005073,4.5,1202.0,1.07,28.0,0.52,-64.8,-48.7,24.4,46.0,-95.0,9.7,0.0,134.0,0
D005074,4.7,1211.0,1.0,29.5,0.49,-66.2,-51.3,24.1,47.0,-94.7,7.5,0.0,144.0,1
D005075,5.0,1143.0,1.25,29.5,0.54,-66.7,-51.0,24.2,44.0,-94.8,6.6,0.0,129.0,1
D005076,5.2,1140.0,1.01,31.5,0.45,-62.9,-50.2,23.5,42.0,-96.1,7.9,0.0,126.0,1
D005077,4.0,1029.0,1.45,31.0,0.62,-61.1,-51.9,24.8,31.0,-91.4,10.3,1.0,141.0,0
D005078,5.2,1147.0,1.12,30.0,0.48,-67.9,-50.3,23.4,45.0,-94.2,5.0,0.0,132.0,1
D005079,5.3,1196.0,1.13,30.5,0.46,-65.4,-50.4,22.9,43.0,-96.8,6.0,0.0,137.0,1
D005080,5.7,1065.0,1.21,20.5,0.58,-65.7,-54.5,29.3,39.0,-97.7,20.3,1.0,144.0,0
D005081,4.7,1326.0,1.15,22.0,0.45,-64.9,-50.5,24.3,59.0,-91.9,17.1,1.0,109.0,0
D005082,5.0,1168.0,1.13,30.5,0.36,-66.5,-49.1,22.2,45.0,-95.6,7.4,1.0,137.0,0
D005083,6.1,1221.0,1.37,24.0,0.66,-65.4,-50.7,23.9,51.0,-98.7,23.9,1.0,136.0,1
D005084,4.0,1277.0,0.94,31.0,0.34,-63.8,-52.1,23.7,49.0,-94.7,8.3,1.0,123.0,0
D005085,3.2,1252.0,1.25,27.5,0.46,-65.8,-52.7,21.9,52.0,-90.4,1.3,1.0,105.0,0
D005086,5.3,1228.0,,28.0,0.5,-65.6,-50.2,24.4,39.0,-96.8,10.1,1.0,124.0,1
D005087,5.1,1181.0,1.31,30.0,0.5,-65.1,-49.1,24.9,46.0,-94.4,10.0,0.0,126.0,1
D005088,4.9,1206.0,1.11,28.5,0.43,-65.7,-51.3,22.0,47.0,-98.4,11.7,,123.0,0
D005089,5.5,1162.0,1.13,28.5,0.5,-63.3,-49.3,23.5,45.0,-94.5,7.0,1.0,118.0,1
D005090,4.2,1194.0,1.01,28.5,0.48,-66.3,-49.8,24.1,42.0,-95.1,11.6,0.0,128.0,1
D005091,4.4,1170.0,0.92,28.0,0.43,-64.3,-50.1,25.0,44.0,-95.2,7.0,0.0,125.0,1
D005092,4.3,1221.0,1.23,29.5,0.48,-65.3,-50.1,25.6,46.0,-94.4,10.1,0.0,117.0,0
D005093,4.4,1190.0,1.0,29.0,0.42,-66.3,-51.0,24.5,47.0,-96.0,9.5,0.0,126.0,1
D005094,4.9,1178.0,1.18,29.0,0.42,-67.0,-48.8,23.0,45.0,-95.0,11.0,0.0,131.0,0
D005095,5.5,1184.0,,27.5,0.53,-65.3,-49.3,23.0,44.0,-95.4,11.3,1.0,133.0,1
D005096,5.1,1122.0,0.95,33.5,0.69,-63.7,-48.8,25.6,56.0,-96.6,12.2,1.0,149.0,0
D005097,3.4,1229.0,1.44,28.5,0.38,-64.4,,27.8,51.0,-96.2,2.9,1.0,102.0,0
D005098,4.6,1216.0,0.95,30.0,0.5,-65.5,-49.7,22.1,46.0,-93.8,5.8,1.0,125.0,1
D005099,6.0,1197.0,1.52,20.5,0.4,-61.6,-45.8,20.3,42.0,-91.6,3.7,0.0,131.0,0
D005100,4.8,1192.0,1.07,29.5,0.53,-66.2,-49.1,24.8,42.0,-95.9,14.0,0.0,119.0,1
D005101,5.1,1143.0,1.2,29.5,0.56,-65.2,-50.1,21.6,47.0,-97.6,10.3,0.0,133.0,1
D005102,4.7,1203.0,0.94,30.5,0.46,-65.2,-49.0,22.2,47.0,-95.7,7.6,0.0,133.0,1
D005103,4.9,1132.0,1.14,26.5,0.49,-65.0,-49.1,23.6,43.0,-95.0,10.7,1.0,123.0,0
D005104,4.3,1171.0,1.08,31.0,0.52,-67.6,-52.4,24.0,49.0,-95.6,6.6,1.0,132.0,1
D005105,4.0,1246.0,0.92,28.0,0.63,-69.6,-45.8,24.7,33.0,-95.8,12.5,1.0,138.0,0
D005106,3.6,1279.0,1.32,36.5,0.67,-62.2,-49.0,20.1,59.0,-92.4,4.6,1.0,143.0,0
D005107,3.0,1105.0,1.22,27.5,0.33,-60.5,-49.3,28.9,46.0,-99.1,5.3,1.0,146.0,0
D005108,4.7,1203.0,1.16,31.5,0.51,-65.8,-51.8,24.5,40.0,-95.8,11.9,0.0,129.0,1
D005109,3.6,1195.0,1.38,39.0,0.51,-68.9,-49.8,23.1,42.0,-90.3,10.3,0.0,119.0,1
D005110,5.3,1172.0,1.1,28.0,0.51,-63.7,-46.4,24.0,43.0,-93.8,3.5,0.0,129.0,1
D005111,5.0,1179.0,0.85,38.5,0.64,-62.8,-50.9,24.4,56.0,-97.9,18.8,1.0,124.0,1
D005112,4.9,1221.0,1.01,29.0,0.48,-65.9,-50.3,24.8,46.0,-94.5,9.5,1.0,134.0,1
D005113,6.0,1282.0,1.44,32.0,0.48,,-51.7,20.1,56.0,-96.0,17.8,1.0,135.0,1
D005114,4.1,1143.0,1.56,22.0,0.49,-69.9,-48.1,28.3,35.0,-99.9,19.9,,135.0,0
D005115,4.0,1193.0,1.21,30.0,0.48,-64.9,-48.9,23.1,48.0,-94.7,11.1,1.0,126.0,0
D005116,4.8,1194.0,1.1,27.5,0.49,-66.6,-49.2,22.7,49.0,-97.5,9.9,0.0,131.0,1
D005117,4.8,1227.0,1.19,27.5,0.48,-66.1,-50.5,24.3,47.0,-94.6,8.5,1.0,123.0,0
D005118,6.8,1171.0,1.54,37.0,0.43,-65.0,-49.1,20.8,57.0,-98.1,7.5,0.0,116.0,0
D005119,4.7,1151.0,0.99,34.5,0.45,-64.8,-49.7,23.5,41.0,-95.4,8.5,1.0,131.0,1
D005120,3.7,1087.0,1.45,25.0,0.38,-61.2,-48.7,29.1,38.0,-95.6,16.9,0.0,122.0,0
D005121,3.6,1099.0,1.24,33.5,0.68,-68.1,-50.2,23.1,58.0,-96.7,7.9,1.0,129.0,0
D005122,4.6,1187.0,1.04,30.0,,-64.5,-48.4,22.8,48.0,-95.0,9.0,1.0,124.0,1
D005123,5.5,1177.0,0.99,27.0,0.44,-66.3,-49.3,24.5,46.0,-96.1,12.6,0.0,136.0,1
D005124,5.0,1237.0,1.12,28.0,0.49,-67.7,-50.7,26.1,42.0,-95.3,10.4,1.0,119.0,1
D005125,4.8,1157.0,1.01,30.0,0.51,-65.2,-51.2,22.4,39.0,-96.1,9.7,0.0,125.0,1
D005126,4.9,1124.0,0.96,27.0,0.47,-63.7,-49.9,25.0,44.0,-96.1,9.4,0.0,122.0,0
D005127,5.3,1287.0,0.98,30.5,0.45,-64.9,-52.1,23.4,38.0,-96.2,10.4,1.0,121.0,1
D005128,5.2,1143.0,1.09,29.0,0.45,-64.4,-49.6,25.8,40.0,-95.5,7.9,1.0,129.0,1
D005129,5.3,1182.0,1.13,27.5,0.49,,-49.8,23.6,33.0,-96.8,11.1,1.0,122.0,0
D005130,4.8,1123.0,1.04,28.5,0.47,-66.3,-51.5,22.6,49.0,-97.0,11.2,1.0,126.0,1
D005131,4.7,1182.0,1.0,28.0,,-62.7,-49.6,24.2,43.0,-95.4,7.3,1.0,121.0,1
D005132,4.0,1116.0,1.07,28.0,0.53,-67.9,-49.1,22.4,41.0,-94.4,8.2,1.0,131.0,1
D005133,5.1,1203.0,1.04,31.5,0.43,-65.6,-49.7,24.3,43.0,-95.5,4.1,0.0,123.0,1
D005134,4.6,1217.0,1.09,27.0,0.48,-64.7,-48.8,23.4,42.0,-95.6,7.5,1.0,128.0,0
D005135,4.9,1167.0,1.13,29.0,0.53,-66.1,-48.9,23.6,43.0,-96.2,7.1,0.0,135.0,1
D005136,5.2,1216.0,1.13,31.0,0.46,-64.3,-49.9,22.5,43.0,-93.9,7.2,0.0,130.0,1
D005137,5.5,1133.0,1.17,27.0,0.46,-64.0,-50.4,24.1,40.0,-95.7,8.7,1.0,125.0,1
D005138,5.2,1187.0,1.11,28.5,0.47,-67.3,-50.3,23.5,46.0,-95.2,9.9,0.0,128.0,1
D005139,4.7,1182.0,1.5,27.5,0.4,-64.0,-48.9,26.6,36.0,-91.4,1.7,0.0,108.0,0
D005140,5.2,1181.0,1.14,28.0,0.44,-63.7,-48.9,22.6,42.0,-95.0,8.8,0.0,123.0,0
D005141,,1241.0,0.99,30.5,0.48,-64.3,-51.2,23.9,45.0,-95.9,9.6,1.0,137.0,1
D005142,4.8,1171.0,1.13,30.0,0.51,,-50.7,23.5,44.0,-94.9,10.4,0.0,135.0,1
D005143,4.5,1156.0,1.16,28.5,0.46,-65.1,-50.0,24.1,38.0,-96.0,11.9,0.0,136.0,1
D005144,4.4,1285.0,0.87,35.0,0.7,-68.2,-48.5,22.4,37.0,-93.1,9.8,1.0,133.0,1
D005145,4.9,1326.0,1.59,38.5,0.47,-67.8,-45.7,21.7,51.0,-97.1,15.9,1.0,126.0,0
D005146,4.9,1223.0,1.19,28.5,0.44,-63.8,-48.7,24.1,49.0,-94.7,11.6,0.0,127.0,0
D005147,4.5,1201.0,1.16,31.0,0.52,-65.8,-48.9,23.1,43.0,-96.3,9.5,1.0,122.0,1
D005148,5.3,1278.0,1.54,23.5,0.42,-64.4,-48.6,27.5,56.0,-93.3,22.0,0.0,124.0,0
D005149,5.7,1289.0,1.27,30.5,0.43,-61.0,-50.8,27.4,32.0,-95.4,20.2,0.0,116.0,0
D005150,5.3,1186.0,1.09,30.5,0.46,-64.6,-50.8,24.3,44.0,-94.6,7.4,0.0,124.0,1
D005151,4.3,1293.0,1.18,31.5,0.36,-66.2,-45.8,22.6,51.0,-90.6,4.7,1.0,135.0,0
D005152,3.1,1239.0,1.41,38.5,0.56,-65.5,-45.0,27.4,51.0,-92.0,16.8,1.0,107.0,0
D005153,4.3,1191.0,1.02,26.0,0.54,-62.7,-49.9,24.1,44.0,-94.9,14.3,1.0,127.0,0
D005154,3.4,1370.0,1.32,35.0,,-62.7,-49.8,29.6,32.0,-92.5,2.2,1.0,111.0,0
D005155,4.4,1099.0,1.27,26.5,0.32,-67.3,-49.9,24.5,37.0,-99.9,6.5,0.0,137.0,1
D005156,4.6,1166.0,1.19,27.0,0.44,-64.9,-50.1,24.4,46.0,-95.9,7.3,1.0,132.0,1
D005157,4.0,1246.0,0.81,26.0,0.59,-68.0,-49.0,20.7,,-93.7,14.6,1.0,132.0,0
D005158,4.6,1164.0,1.11,25.0,0.43,-66.0,-50.5,24.6,41.0,-94.4,5.6,1.0,130.0,1
D005159,5.8,1318.0,1.3,26.5,0.42,-64.0,-48.5,21.6,33.0,-91.0,15.8,1.0,142.0,0
D005160,3.7,1150.0,1.38,34.5,0.62,-62.8,-45.1,21.1,44.0,-95.1,10.5,0.0,127.0,0
D005161,4.9,1153.0,1.13,28.0,0.47,-66.3,-51.3,24.6,38.0,-95.5,5.1,0.0,124.0,1
D005162,6.5,1046.0,1.58,34.5,0.45,-66.3,-45.7,20.7,54.0,-91.9,22.0,1.0,135.0,1
D005163,4.4,1160.0,1.13,33.0,0.48,-65.8,-50.9,23.8,45.0,-95.8,9.1,1.0,122.0,1
D005164,3.5,1380.0,1.59,27.0,0.47,-66.6,-49.7,26.7,46.0,-95.7,19.7,0.0,128.0,0
D005165,4.9,1100.0,1.09,30.5,0.48,-65.1,-50.6,24.6,49.0,-95.0,9.9,0.0,134.0,1
D005166,4.2,1176.0,1.2,30.0,0.47,-64.2,-50.7,23.1,46.0,-94.3,12.1,0.0,129.0,0
D005167,5.0,1165.0,1.11,29.5,0.46,-65.5,-51.4,23.5,47.0,-95.9,14.6,0.0,136.0,1
D005168,3.9,1157.0,1.5,31.0,0.32,-66.1,-54.1,22.7,53.0,-92.0,0.9,1.0,129.0,0
D005169,5.1,1123.0,1.21,28.0,0.41,-65.6,-51.1,23.1,41.0,-95.1,10.4,1.0,122.0,1
D005170,5.3,1365.0,1.09,35.5,,-62.0,-45.4,21.3,45.0,-96.4,0.9,1.0,105.0,0
D005171,3.0,1222.0,1.42,32.5,0.65,-68.6,-47.9,22.5,40.0,-98.5,15.8,1.0,116.0,0
D005172,4.8,1175.0,1.17,30.0,0.49,-67.5,-51.2,23.3,42.0,-96.2,6.7,0.0,130.0,1
D005173,5.0,1094.0,1.04,27.5,0.49,-64.5,-50.2,22.5,47.0,-97.9,11.3,1.0,131.0,1
D005174,4.4,1150.0,1.15,28.0,0.52,-65.4,-49.5,24.7,46.0,-94.3,11.9,1.0,120.0,0
D005175,4.8,1153.0,1.06,30.5,0.51,-67.3,-49.4,25.2,49.0,,14.3,0.0,120.0,1
D005176,5.5,1198.0,1.22,28.0,0.4,-64.9,-50.3,22.9,42.0,-96.5,13.3,1.0,125.0,1
D005177,5.2,1220.0,0.95,30.0,0.47,-65.9,-50.8,23.1,41.0,-95.2,9.7,1.0,122.0,1
D005178,4.0,1165.0,1.11,25.0,0.53,-66.5,-51.4,24.8,44.0,-97.1,9.2,0.0,138.0,1
D005179,4.3,1229.0,1.06,28.5,0.43,-65.9,-48.2,23.4,41.0,-94.5,11.2,0.0,129.0,1
D005180,5.0,1147.0,1.14,26.0,0.49,-65.4,-51.5,24.2,41.0,-97.8,8.2,0.0,131.0,1
D005181,5.9,1370.0,1.22,29.0,0.52,-60.8,-46.3,26.2,47.0,-91.8,23.6,0.0,143.0,0
D005182,4.7,,0.98,29.0,0.4,-65.6,-52.5,26.0,58.0,-91.9,22.9,0.0,107.0,0
D005183,4.3,1149.0,1.09,32.0,0.51,-67.1,-49.5,24.1,46.0,-97.8,9.1,1.0,127.0,1
D005184,5.0,1106.0,1.47,34.0,0.66,-65.4,-53.7,22.9,47.0,-90.3,0.0,0.0,124.0,0
D005185,4.9,1087.0,1.01,31.0,0.45,-65.6,-50.8,25.7,50.0,-94.7,10.3,1.0,128.0,1
D005186,4.8,1165.0,1.23,30.0,0.49,-65.7,-51.1,24.1,37.0,-94.5,10.7,1.0,123.0,1
D005187,5.7,1205.0,1.17,24.5,0.51,-65.5,-49.4,23.1,43.0,-95.0,10.2,1.0,125.0,1
D005188,5.9,1006.0,1.03,30.0,0.53,-65.2,-49.2,23.7,34.0,-92.8,5.1,1.0,108.0,1
D005189,4.5,1247.0,1.09,27.5,0.5,-65.9,-49.3,,44.0,-93.9,5.5,0.0,132.0,1
D005190,5.1,1177.0,1.24,30.5,0.46,-65.9,-52.0,25.2,46.0,-96.0,11.1,1.0,139.0,1
D005191,4.5,1226.0,1.06,26.5,0.47,-66.9,-48.1,24.3,41.0,-95.4,7.8,0.0,120.0,1
D005192,4.1,,1.49,34.5,0.54,-66.1,-52.3,24.2,57.0,-96.4,12.1,1.0,111.0,0
D005193,3.2,1356.0,1.42,32.5,0.52,-65.0,-52.0,28.5,51.0,-93.2,20.1,1.0,112.0,0
D005194,5.2,1289.0,0.82,28.5,0.48,-63.7,-52.3,28.2,37.0,-94.7,17.7,1.0,112.0,0
D005195,6.8,1398.0,1.01,21.5,0.61,,-47.2,26.6,56.0,-98.2,11.0,1.0,143.0,1
D005196,5.9,1082.0,1.1,22.0,0.52,-62.6,-45.5,22.5,43.0,-94.0,21.2,1.0,134.0,0
D005197,4.8,1160.0,1.19,31.5,0.51,-65.5,-50.4,26.3,46.0,-94.2,11.1,,120.0,0
D005198,,1178.0,1.25,,0.53,-65.6,-50.5,23.7,41.0,-96.1,8.8,0.0,132.0,1
D005199,4.3,1152.0,1.12,30.5,0.55,-65.6,-47.5,22.3,43.0,-95.8,9.0,1.0,127.0,1
D005200,4.8,1134.0,1.18,28.0,0.49,-66.8,-48.8,24.3,43.0,-95.4,9.1,0.0,126.0,1
D005201,4.1,1252.0,1.1,30.5,0.49,-65.2,-50.6,23.5,44.0,-95.4,6.7,0.0,127.0,1
D005202,5.0,1215.0,1.25,34.0,0.53,-66.6,-50.7,24.9,47.0,-95.4,11.7,0.0,130.0,1
D005203,5.1,1204.0,1.1,30.5,0.5,-66.7,-50.9,24.6,49.0,-95.1,10.4,0.0,129.0,1
D005204,5.1,1091.0,1.03,26.0,,-64.7,-50.1,24.6,45.0,-95.1,8.7,0.0,,1
D005205,4.6,1106.0,1.12,29.5,0.49,-66.2,-50.3,24.5,47.0,-94.5,6.0,0.0,132.0,1
D005206,5.1,1212.0,1.09,28.0,0.5,-66.2,-50.6,24.6,45.0,-94.3,11.6,1.0,124.0,1
D005207,4.5,1261.0,1.11,27.5,0.42,-62.7,-52.3,22.8,41.0,-95.9,9.0,1.0,122.0,1
D005208,5.1,1227.0,1.14,24.5,0.49,-64.0,-50.2,23.8,42.0,-94.8,11.1,0.0,131.0,1
D005209,4.5,1164.0,1.12,27.0,0.58,-65.4,-50.8,24.0,46.0,-94.5,6.0,1.0,134.0,0
D005210,5.3,1255.0,1.13,28.0,0.47,-64.5,-50.2,23.1,41.0,-94.5,9.5,0.0,,1
D005211,5.4,1087.0,1.24,27.5,0.47,-66.3,-47.5,23.5,48.0,-96.2,9.0,0.0,132.0,1
D005212,5.1,1175.0,1.05,30.5,0.46,-66.2,-48.8,25.7,48.0,-95.2,9.7,1.0,136.0,1
D005213,5.6,1368.0,1.45,28.5,0.52,-65.6,-52.4,28.5,45.0,-92.5,11.8,1.0,127.0,0
D005214,4.7,1118.0,1.11,29.5,0.53,-66.2,-51.5,26.0,51.0,-96.0,10.1,1.0,128.0,0
D005215,4.1,1186.0,1.43,27.0,0.61,-63.3,-48.7,24.0,32.0,-94.4,2.7,0.0,133.0,1
D005216,5.1,1171.0,1.16,27.0,0.46,-65.5,-48.5,26.1,46.0,-95.1,7.8,1.0,131.0,0
D005217,5.1,1048.0,1.5,31.5,0.53,-66.3,-52.9,27.7,48.0,-99.0,2.2,1.0,105.0,0
D005218,5.2,1147.0,1.17,27.0,0.48,-65.3,-50.1,23.2,43.0,-93.8,10.1,0.0,130.0,1
D005219,5.6,1166.0,1.09,29.5,0.54,-64.8,-51.1,21.7,41.0,-95.2,5.6,1.0,134.0,1
D005220,5.4,1042.0,1.57,30.0,0.61,-69.1,-51.4,26.0,30.0,-95.4,16.5,1.0,102.0,0
D005221,5.0,1175.0,1.23,28.0,0.45,-66.8,-49.8,25.3,43.0,-95.9,12.1,1.0,123.0,1
D005222,5.0,1153.0,1.02,27.5,0.49,-65.6,-50.3,24.2,42.0,-94.2,10.7,1.0,128.0,1
D005223,,1219.0,1.39,29.5,0.52,-62.7,-46.8,20.9,41.0,-94.0,16.3,0.0,132.0,0
D005224,4.7,1162.0,1.21,29.0,0.54,-66.7,-51.0,25.2,44.0,-95.1,6.8,0.0,120.0,1
D005225,4.2,1372.0,1.3,34.5,0.48,-62.1,-52.5,22.2,39.0,-93.5,4.5,1.0,107.0,0
D005226,4.5,1133.0,1.22,27.0,0.44,-65.0,-49.6,24.6,46.0,,9.5,0.0,115.0,1
D005227,5.9,1334.0,1.51,25.5,0.43,-66.3,-47.5,22.0,53.0,-91.2,3.7,1.0,145.0,1
D005228,4.9,1182.0,1.03,33.5,0.49,-64.9,-49.3,23.9,44.0,-95.9,9.8,1.0,125.0,1
D005229,4.6,1121.0,0.93,28.5,0.46,-64.8,-49.5,24.0,42.0,-94.3,12.7,1.0,133.0,0
D005230,4.5,1198.0,1.08,27.0,0.51,-65.4,-49.9,24.5,39.0,-93.8,8.7,0.0,125.0,1
D005231,6.9,1158.0,0.97,27.0,0.43,-67.0,-48.5,20.7,60.0,-95.8,16.1,0.0,143.0,1
D005232,4.8,1126.0,1.15,28.0,0.5,-66.1,-51.7,23.7,44.0,-96.1,9.5,1.0,130.0,1
D005233,5.0,1142.0,1.12,30.5,0.53,-66.8,-50.4,24.5,45.0,-94.5,5.2,1.0,120.0,1
D005234,4.1,1210.0,1.14,31.0,0.44,-65.8,-48.8,26.2,46.0,-96.9,8.5,0.0,117.0,1
D005235,4.9,1304.0,0.82,34.0,0.31,-64.0,-54.0,28.5,45.0,-94.0,12.0,0.0,121.0,1
D005236,4.8,1232.0,1.05,,0.53,-65.4,-50.9,24.2,48.0,-94.9,9.7,1.0,132.0,1
D005237,4.1,1227.0,1.06,26.5,0.44,-67.6,-51.7,24.4,41.0,-94.7,10.0,0.0,129.0,1
D005238,4.4,1195.0,1.19,30.0,0.44,-66.5,-47.9,23.9,45.0,-95.9,,0.0,123.0,1
D005239,5.5,1142.0,1.07,34.0,0.49,-63.3,-49.8,24.5,40.0,-97.2,3.9,1.0,118.0,1
D005240,4.8,1235.0,1.07,30.5,,-65.4,-50.6,23.3,45.0,-95.7,11.5,0.0,129.0,1
D005241,4.7,1137.0,1.09,30.0,0.48,-66.1,-51.3,23.3,47.0,-95.9,10.3,1.0,117.0,1
D005242,4.6,1161.0,1.19,26.5,0.48,-65.5,-50.6,24.7,49.0,-97.7,9.0,0.0,137.0,1
D005243,5.3,1187.0,1.05,29.5,0.51,-64.9,-50.7,26.2,48.0,-95.0,10.1,1.0,130.0,0
D005244,4.8,1221.0,1.12,30.0,0.52,-63.2,-49.2,24.0,40.0,-94.5,10.0,0.0,120.0,0
D005245,4.7,1220.0,1.08,27.0,0.5,-65.0,-48.0,24.2,46.0,-96.1,9.2,1.0,125.0,0
D005246,4.5,1203.0,1.16,30.0,0.52,-66.5,-49.3,21.4,45.0,-96.8,8.4,1.0,126.0,1
D005247,4.7,1159.0,1.04,30.5,0.45,-63.4,-48.7,,43.0,-94.0,6.0,0.0,125.0,1
D005248,3.3,1208.0,1.46,27.0,0.52,-62.5,-54.5,21.0,48.0,-93.9,7.6,0.0,117.0,0
D005249,4.9,1215.0,1.14,29.5,0.51,-64.7,-49.9,24.1,45.0,-96.3,4.7,1.0,127.0,1
D005250,5.7,1146.0,1.09,28.0,0.39,-67.3,-48.4,23.5,41.0,-94.9,8.1,0.0,124.0,1
D005251,5.3,1240.0,1.09,27.0,0.47,-65.1,-50.2,23.2,43.0,-97.1,12.7,0.0,127.0,1
D005252,4.3,1194.0,1.05,26.5,0.47,-64.0,-51.3,22.7,45.0,-95.6,6.7,0.0,130.0,1
D005253,5.1,1184.0,1.15,28.0,0.46,-63.4,-48.8,24.5,43.0,-97.3,10.4,1.0,130.0,1
D005254,4.5,1288.0,1.2,30.5,0.45,-65.3,-49.8,23.6,42.0,-96.1,8.6,0.0,128.0,1
D005255,4.9,1133.0,1.21,36.0,0.47,-65.1,-54.7,23.3,47.0,-96.9,10.8,0.0,107.0,1
D005256,4.5,1194.0,1.15,32.0,0.45,-64.0,-49.4,23.4,48.0,-97.5,11.0,0.0,123.0,1
D005257,5.6,1214.0,0.99,28.0,0.66,-60.2,-54.6,25.6,34.0,-96.3,22.6,0.0,148.0,0
D005258,4.8,1192.0,1.03,29.0,0.45,-64.7,-48.8,25.2,38.0,-97.3,9.5,0.0,,1
D005259,6.4,1050.0,1.31,21.0,0.59,-68.9,-48.3,25.2,36.0,-99.0,5.7,1.0,128.0,1
D005260,4.4,1142.0,0.97,29.0,0.54,-66.9,-50.1,25.6,46.0,-96.1,10.0,1.0,122.0,1
D005261,5.0,1249.0,0.93,26.0,0.49,-63.5,-50.9,25.2,48.0,-93.0,10.1,0.0,130.0,1
D005262,5.2,1186.0,1.18,27.0,0.48,-65.9,-50.3,24.1,50.0,-97.6,10.9,0.0,126.0,1
D005263,4.6,1138.0,1.24,27.0,0.49,-65.4,-49.7,25.2,42.0,-97.8,5.6,1.0,125.0,1
D005264,4.8,1243.0,0.99,28.5,0.59,-64.4,-49.7,24.2,42.0,-96.8,7.9,1.0,131.0,1
D005265,4.5,1188.0,1.06,30.5,0.53,-65.8,-50.4,23.5,45.0,-96.0,12.3,0.0,134.0,1
D005266,4.8,1184.0,1.08,25.5,0.51,-65.3,-49.7,24.0,45.0,-96.6,8.4,0.0,127.0,0
D005267,5.1,1143.0,0.95,26.5,0.45,-66.2,-49.2,23.9,45.0,-95.7,6.8,0.0,124.0,1
D005268,4.2,1169.0,1.09,32.0,0.49,-65.2,-50.5,24.4,53.0,-96.7,8.3,1.0,130.0,0
D005269,4.4,1155.0,1.11,28.0,0.49,-64.9,-50.6,23.5,44.0,-94.5,5.5,0.0,124.0,1
D005270,4.4,1194.0,1.03,28.5,0.52,-65.0,-50.3,,49.0,-95.7,9.2,0.0,133.0,1
D005271,4.3,1086.0,1.22,36.0,0.63,-64.3,-46.1,22.7,38.0,-97.4,10.1,0.0,141.0,0
D005272,4.5,1164.0,1.07,27.0,0.53,-67.7,-50.9,24.4,41.0,-94.2,12.9,1.0,121.0,1
D005273,5.2,1226.0,1.01,30.5,0.46,-63.4,-51.4,24.0,45.0,-97.2,15.2,0.0,126.0,1
D005274,4.7,1204.0,1.03,30.5,0.45,-67.0,-50.1,24.2,43.0,-95.1,7.7,1.0,123.0,1
D005275,5.8,1180.0,1.31,30.5,0.48,-61.2,-49.4,23.1,47.0,-99.2,22.4,1.0,140.0,1
D005276,4.1,1147.0,1.06,31.0,0.48,-66.1,-51.1,24.9,42.0,-97.1,14.3,0.0,124.0,1
D005277,4.7,1181.0,1.05,30.5,0.48,-64.6,-52.3,23.7,38.0,-93.2,7.4,1.0,117.0,1
D005278,6.1,1261.0,1.51,24.5,0.38,-69.3,-49.7,28.1,32.0,-94.5,5.0,0.0,115.0,0
D005279,5.2,1134.0,1.03,27.0,0.51,-65.3,-51.4,21.7,,-94.2,8.9,1.0,133.0,1
D005280,4.5,1160.0,1.11,30.5,0.51,-64.2,-49.3,24.0,46.0,-94.7,7.9,1.0,128.0,1
D005281,6.0,1169.0,1.13,26.0,0.49,-66.0,-49.6,22.7,45.0,-94.8,9.4,0.0,135.0,1
D005282,5.1,1244.0,1.08,28.5,0.49,-66.9,-50.7,22.6,45.0,-94.5,6.8,1.0,129.0,1
D005283,4.0,1189.0,1.09,29.0,0.4,-65.7,-49.2,24.4,44.0,-95.1,9.7,1.0,123.0,0
D005284,4.7,1123.0,1.13,30.0,0.56,-65.2,-49.0,23.3,46.0,-93.2,7.7,0.0,123.0,1
D005285,4.8,1207.0,,29.0,0.47,-63.3,-51.0,23.8,43.0,-95.5,5.0,1.0,128.0,0
D005286,5.1,1232.0,1.05,28.5,0.46,-66.1,-50.0,25.8,43.0,-95.2,7.1,1.0,131.0,1
D005287,4.2,1342.0,1.18,26.5,0.38,-64.3,-48.0,27.7,33.0,-94.2,15.8,0.0,139.0,0
D005288,5.3,1326.0,1.52,29.5,0.68,,-46.0,24.6,59.0,-99.4,11.5,0.0,103.0,0
D005289,4.6,1246.0,1.12,28.5,0.44,-68.0,-50.8,,45.0,-95.8,8.7,1.0,127.0,1
D005290,4.9,1185.0,1.17,30.0,0.53,-65.7,-50.9,24.4,43.0,-93.8,9.5,1.0,132.0,1
D005291,4.4,1210.0,1.05,30.0,0.49,-65.5,-46.5,24.3,40.0,-95.4,7.4,1.0,133.0,1
D005292,4.4,1124.0,1.14,26.0,0.51,-65.8,-51.1,25.2,44.0,-96.0,5.5,1.0,135.0,1
D005293,5.9,1333.0,1.15,28.5,0.62,-62.2,-45.6,29.4,44.0,-94.2,11.0,0.0,127.0,0
D005294,4.8,1237.0,1.05,25.5,0.47,-64.9,-48.9,22.5,43.0,-93.9,10.8,0.0,123.0,1
D005295,4.7,1210.0,1.2,30.5,0.49,-65.3,-49.9,23.4,45.0,-94.4,6.3,0.0,136.0,1
D005296,5.2,1249.0,1.23,27.5,0.45,-66.3,-50.8,23.2,39.0,-94.2,12.0,1.0,139.0,0
D005297,5.4,1269.0,1.09,30.5,0.52,-64.7,-51.4,24.0,38.0,-94.6,14.4,0.0,127.0,1
D005298,4.4,1144.0,1.13,29.0,0.45,-65.5,-51.1,23.9,44.0,-95.2,7.4,1.0,129.0,0
D005299,4.6,1245.0,1.12,28.5,0.49,-64.3,-50.3,24.7,41.0,-96.2,8.8,1.0,128.0,1
D005300,5.0,1237.0,1.04,28.5,0.52,-66.0,-48.5,24.2,48.0,-96.9,9.0,1.0,122.0,1
D005301,4.7,1217.0,1.29,25.0,0.49,-67.2,-49.3,24.4,48.0,-96.6,9.8,1.0,130.0,1
D005302,4.8,1145.0,1.23,27.5,,-65.5,-50.2,24.2,44.0,-94.7,13.9,0.0,130.0,1
D005303,5.6,1120.0,1.12,27.0,0.52,-67.1,-49.8,23.4,43.0,-96.7,11.5,0.0,131.0,1
D005304,3.4,1134.0,1.22,26.5,0.53,-69.4,-45.3,28.2,46.0,-90.6,10.6,1.0,101.0,0
D005305,4.2,1170.0,1.11,26.0,0.45,-65.4,-47.4,23.9,50.0,-95.3,10.0,1.0,124.0,0
D005306,4.7,1329.0,0.92,30.5,0.42,-64.2,-51.5,29.6,45.0,-92.9,4.8,0.0,103.0,1
D005307,4.4,1138.0,1.03,29.5,0.47,-66.5,-49.8,23.6,41.0,-96.4,8.0,1.0,129.0,1
D005308,4.6,1187.0,1.11,25.5,0.46,-65.1,-49.5,27.1,44.0,-95.5,10.1,1.0,120.0,0
D005309,4.0,1164.0,1.09,31.5,,-63.8,-50.5,25.0,42.0,-93.7,6.3,0.0,123.0,1
D005310,4.4,1136.0,1.17,30.5,0.53,-63.4,,22.8,47.0,-95.9,7.7,0.0,123.0,0
D005311,4.4,1142.0,1.03,30.5,0.44,-65.1,-48.7,23.8,52.0,-95.7,7.8,1.0,127.0,1
D005312,4.6,1357.0,1.49,34.5,0.43,-63.9,-47.4,20.8,33.0,-93.4,23.1,0.0,133.0,0
D005313,4.9,1164.0,0.98,31.5,0.56,-67.0,-50.9,23.4,44.0,-95.9,9.6,0.0,125.0,1
D005314,4.9,1201.0,1.08,25.5,0.49,-67.4,-49.1,24.0,40.0,-94.6,9.4,0.0,124.0,1
D005315,6.2,1230.0,0.94,36.0,0.43,-69.3,-50.4,21.6,46.0,-93.6,10.5,0.0,109.0,1
D005316,4.9,1207.0,1.19,26.5,0.5,-65.9,-51.3,23.2,38.0,-96.4,7.5,1.0,124.0,1
D005317,4.7,1306.0,,21.0,0.69,-64.9,-49.9,21.5,59.0,-94.2,2.8,0.0,114.0,0
D005318,4.5,1350.0,1.01,34.5,0.46,-60.5,-49.3,29.4,41.0,-99.8,19.5,1.0,109.0,0
D005319,5.4,1240.0,1.02,26.5,0.42,-66.6,-49.0,25.9,42.0,-96.4,7.4,1.0,126.0,1
D005320,5.1,1241.0,1.14,28.0,0.47,-64.0,-51.1,22.5,43.0,-98.3,12.4,1.0,132.0,1
D005321,3.4,1017.0,1.45,35.5,0.67,-63.6,-50.0,27.7,38.0,-97.5,6.3,1.0,129.0,0
D005322,5.5,1248.0,1.17,28.0,0.53,-64.9,-52.2,22.2,44.0,-95.1,7.0,0.0,133.0,1
D005323,3.1,1155.0,1.5,38.0,0.58,-66.6,-46.5,26.6,39.0,-95.8,22.3,0.0,109.0,0
D005324,4.9,1155.0,1.08,25.5,0.48,-64.6,-51.4,22.6,39.0,-97.5,7.9,1.0,125.0,1
D005325,4.2,1214.0,0.95,26.5,0.5,-65.3,-50.6,23.6,44.0,-97.6,9.8,0.0,129.0,1
D005326,4.7,1147.0,1.14,28.0,0.52,-66.2,-50.3,23.4,40.0,-96.2,10.9,0.0,130.0,1
D005327,4.5,1155.0,1.1,29.5,0.47,-65.1,-50.9,24.0,46.0,-95.0,5.4,0.0,133.0,1
D005328,5.0,1332.0,0.85,29.5,0.34,-67.3,-46.6,21.5,51.0,-96.7,8.8,0.0,114.0,0
D005329,5.0,1153.0,1.0,31.0,0.48,-63.7,-50.7,24.4,41.0,-95.0,11.2,1.0,116.0,1
D005330,4.8,1163.0,1.22,29.5,0.55,-65.1,-49.9,24.6,41.0,-96.5,8.3,1.0,129.0,1
D005331,4.8,1117.0,1.06,30.5,0.37,-66.3,-49.2,24.8,42.0,-96.1,6.3,0.0,134.0,1
D005332,4.7,1185.0,1.02,26.5,0.43,-65.4,-50.1,23.1,43.0,-94.9,3.9,1.0,130.0,0
D005333,4.7,1141.0,1.09,29.0,0.55,-67.5,-49.7,24.9,44.0,-97.1,9.5,1.0,129.0,1
D005334,3.0,1306.0,1.53,36.5,0.68,-68.6,-54.6,27.3,36.0,-94.6,12.2,0.0,125.0,0
D005335,6.7,1056.0,1.25,32.5,0.45,-64.6,-52.3,24.0,42.0,-92.9,3.1,1.0,102.0,1
D005336,4.8,1153.0,1.17,30.0,0.48,-65.2,-48.9,24.1,43.0,-96.0,4.5,1.0,128.0,1
D005337,4.9,1197.0,1.21,30.5,0.54,-66.1,-49.0,23.7,39.0,-95.6,8.2,1.0,130.0,1
D005338,4.8,1191.0,1.03,29.0,0.43,-64.6,-50.8,24.3,46.0,-95.2,11.5,1.0,128.0,0
D005339,6.2,1242.0,1.14,32.0,0.6,-61.9,-46.1,26.9,39.0,-92.8,18.1,1.0,105.0,0
D005340,4.9,1344.0,1.19,25.5,0.59,-66.7,-48.7,21.2,44.0,-90.3,8.9,1.0,148.0,1
D005341,3.4,1244.0,1.23,30.5,0.51,-65.5,-48.7,26.8,41.0,-95.1,5.1,1.0,108.0,0
D005342,4.1,1171.0,1.12,32.0,0.49,-65.6,-50.0,24.7,41.0,-96.2,10.0,0.0,128.0,1
D005343,3.9,,1.22,20.0,0.57,-62.2,-45.2,27.7,30.0,-90.1,3.5,1.0,111.0,0
D005344,4.6,1195.0,1.1,37.5,0.61,-69.2,-51.4,28.1,54.0,-91.6,15.0,0.0,134.0,0
D005345,4.8,1192.0,1.11,29.5,0.45,-66.9,-49.8,22.7,45.0,-95.8,12.4,0.0,131.0,1
D005346,5.8,1274.0,1.23,36.0,0.5,-64.9,-46.0,20.2,56.0,-96.0,13.8,1.0,106.0,0
D005347,4.2,1152.0,1.08,29.5,0.47,-64.5,-50.0,24.7,39.0,-94.4,7.4,0.0,127.0,0
D005348,3.9,1212.0,1.32,37.0,0.64,-61.9,-47.2,20.3,48.0,-90.9,2.8,0.0,123.0,0
D005349,4.7,1125.0,1.14,,0.52,-64.8,-49.7,23.0,44.0,-95.4,7.6,1.0,129.0,1
D005350,4.4,1166.0,1.11,24.5,,-64.4,-49.8,23.0,39.0,-96.6,7.2,1.0,135.0,1
D005351,6.3,1147.0,0.93,31.0,0.54,-65.7,-50.5,20.6,38.0,,9.8,0.0,128.0,1
D005352,5.4,1096.0,0.87,31.5,0.33,-63.6,-47.8,23.0,34.0,-94.8,17.6,1.0,108.0,0
D005353,4.7,1121.0,1.1,29.0,0.51,-64.6,-50.8,23.9,47.0,-94.9,8.0,1.0,131.0,1
D005354,3.7,1398.0,1.01,31.5,0.46,-63.6,-52.0,,55.0,-97.2,23.9,1.0,139.0,0
D005355,4.2,1221.0,1.06,25.5,0.45,-66.4,-50.1,23.4,45.0,-95.5,7.8,1.0,121.0,1
D005356,3.6,1128.0,1.48,28.5,0.61,-66.8,-52.8,27.7,34.0,-98.9,5.0,1.0,106.0,0
D005357,5.9,1032.0,1.49,20.0,0.34,,-47.8,27.6,40.0,-95.6,13.8,1.0,105.0,0
D005358,4.5,1254.0,1.04,29.0,0.43,-62.5,-50.6,24.5,40.0,-95.9,11.0,1.0,126.0,1
D005359,4.2,1109.0,1.17,26.5,0.46,-64.1,-50.2,23.8,44.0,-96.1,8.8,0.0,128.0,1
D005360,4.8,1131.0,1.13,29.5,,-65.6,-48.6,22.6,45.0,-94.7,7.0,0.0,131.0,1
D005361,4.7,1200.0,0.98,30.0,0.48,-66.9,-49.9,24.4,42.0,-94.7,5.8,0.0,119.0,1
D005362,4.3,1110.0,0.99,27.5,0.37,-66.4,-52.0,23.3,45.0,-94.8,7.6,0.0,125.0,1
D005363,5.1,1127.0,1.09,30.5,0.5,-66.8,-49.3,24.2,40.0,-96.8,8.7,0.0,126.0,1
D005364,5.2,1157.0,1.12,30.5,0.53,-65.8,-49.8,24.5,47.0,-95.3,10.0,1.0,126.0,1
D005365,4.8,1203.0,1.13,31.5,0.47,-65.9,,24.7,41.0,-97.3,14.2,0.0,121.0,1
D005366,4.6,1221.0,1.09,28.0,0.51,-64.7,-48.4,23.6,47.0,-94.5,7.7,,130.0,1
D005367,5.9,1049.0,1.47,22.0,0.31,-61.1,-47.6,29.7,56.0,-92.2,3.9,1.0,142.0,0
D005368,4.3,1212.0,1.11,32.0,0.41,-67.8,-49.4,23.9,42.0,-96.5,9.6,1.0,128.0,1
D005369,5.0,1153.0,1.15,29.0,0.47,-65.8,-50.9,24.5,47.0,-97.5,7.1,1.0,128.0,1
D005370,4.8,1190.0,1.15,30.0,0.42,-66.5,-50.5,25.5,49.0,-94.3,4.8,0.0,125.0,1
D005371,4.6,1177.0,1.09,29.0,0.57,-66.7,-51.8,24.5,41.0,-94.9,8.1,0.0,132.0,1
D005372,4.4,1184.0,1.07,25.5,0.44,-65.0,-49.6,22.7,43.0,-93.9,,1.0,142.0,1
D005373,3.4,1300.0,0.92,39.5,0.41,-61.9,-53.6,21.3,39.0,-94.5,23.3,0.0,148.0,0
D005374,5.4,1168.0,1.11,26.5,0.47,-66.5,-50.6,22.3,41.0,-96.2,9.1,1.0,131.0,1
D005375,4.8,1209.0,1.06,30.0,0.51,-64.5,-49.5,23.7,39.0,-96.7,6.1,0.0,132.0,1
D005376,4.9,1150.0,1.06,26.5,0.52,-65.3,-48.6,23.5,44.0,-94.4,5.2,1.0,126.0,1
D005377,4.8,1135.0,1.19,27.0,0.47,-66.0,-50.3,23.6,44.0,-97.1,8.0,1.0,130.0,0
D005378,6.0,1002.0,1.25,21.0,0.66,-63.7,-54.0,27.1,58.0,-92.0,10.9,0.0,134.0,0
D005379,4.3,1164.0,1.02,26.0,0.42,-65.5,-51.4,24.4,44.0,-93.2,7.8,0.0,127.0,0
D005380,6.8,1300.0,1.12,21.5,0.42,-67.7,-45.4,21.0,59.0,-97.0,5.3,1.0,137.0,1
D005381,4.6,1160.0,1.15,29.5,0.5,-63.5,-50.2,22.9,53.0,-96.0,12.7,0.0,121.0,0
D005382,3.1,1137.0,0.84,37.5,0.33,-60.5,-51.1,24.2,,-96.1,8.8,1.0,124.0,0
D005383,4.0,1222.0,0.94,25.5,0.47,-65.4,-51.9,23.6,43.0,-93.8,9.0,1.0,130.0,0
D005384,4.4,1119.0,1.07,32.0,0.49,-66.8,-50.8,24.0,48.0,-94.3,5.0,0.0,125.0,1
D005385,5.0,1257.0,1.16,28.0,0.48,-65.9,-49.5,25.8,46.0,-94.2,11.8,1.0,133.0,1
D005386,5.5,1241.0,1.26,28.0,0.46,-65.1,-50.7,24.1,44.0,-94.2,8.5,0.0,134.0,1
D005387,5.6,1219.0,1.07,30.0,0.46,-66.7,-48.3,25.0,44.0,-95.9,6.3,0.0,137.0,1
D005388,7.0,1328.0,0.88,25.5,0.41,-67.9,-51.4,20.2,47.0,-90.9,21.5,1.0,110.0,1
D005389,4.7,1166.0,1.08,31.0,0.49,-65.4,-50.6,21.1,49.0,-94.7,9.1,0.0,122.0,1
D005390,6.9,1098.0,0.8,21.5,0.43,-66.6,-47.2,24.5,60.0,-99.6,8.1,0.0,125.0,1
D005391,5.2,1217.0,1.19,28.5,0.54,-65.5,-49.5,22.9,51.0,-95.6,7.7,0.0,130.0,1
D005392,4.8,1167.0,1.25,26.5,0.45,-65.7,-50.2,23.6,38.0,-95.9,8.2,0.0,123.0,1
D005393,3.2,1179.0,,36.5,0.57,-66.6,-53.0,28.9,43.0,-97.6,21.1,1.0,125.0,0
D005394,4.5,1179.0,1.15,30.0,0.44,-64.3,-51.1,24.7,43.0,-97.1,11.8,0.0,126.0,1
D005395,5.0,1231.0,1.08,,0.39,-65.5,-50.3,24.3,50.0,-95.3,6.0,0.0,135.0,1
D005396,4.7,1157.0,1.26,31.0,0.46,-64.9,-51.4,24.3,38.0,-95.6,8.2,0.0,126.0,1
D005397,5.0,1259.0,1.01,28.5,0.51,-66.4,-50.6,23.2,40.0,-97.0,4.5,0.0,132.0,1
D005398,3.5,1367.0,1.26,25.5,0.49,-67.6,-54.5,20.3,45.0,-94.9,12.5,1.0,137.0,0
D005399,4.2,1289.0,1.12,20.5,0.56,-62.1,-46.3,21.3,42.0,-95.2,15.6,0.0,149.0,0
D005400,5.6,1135.0,1.53,36.5,0.65,-66.4,-49.7,29.6,59.0,-94.8,8.3,0.0,122.0,0
D005401,,1379.0,,37.0,0.35,-65.2,-53.9,22.1,44.0,-92.4,16.9,1.0,144.0,0
D005402,4.2,1229.0,1.15,21.0,0.44,-60.2,-53.9,28.1,51.0,-93.2,5.5,0.0,136.0,0
D005403,4.5,1173.0,1.18,24.5,0.48,-65.4,-50.6,25.8,42.0,-96.0,11.4,0.0,131.0,0
D005404,4.7,1164.0,1.18,29.0,0.46,-65.9,-49.9,24.6,44.0,-95.8,10.9,1.0,122.0,1
D005405,4.8,1200.0,1.1,27.5,0.41,-65.8,-48.9,22.6,42.0,-96.2,5.4,1.0,137.0,1
D005406,5.5,1183.0,1.15,28.0,0.56,-66.1,-48.8,23.6,44.0,-94.9,6.0,0.0,126.0,1
D005407,4.0,1086.0,0.93,25.5,0.68,-62.3,-50.4,28.5,47.0,-96.4,9.4,1.0,,0
D005408,5.4,1191.0,1.07,30.5,0.44,-64.2,-49.5,24.1,47.0,-95.1,12.9,0.0,132.0,1
D005409,3.9,1122.0,1.13,27.5,0.51,-65.5,-49.7,23.0,41.0,-94.0,6.8,1.0,138.0,1
D005410,4.8,1218.0,1.07,28.0,0.51,-63.8,-49.4,23.9,40.0,-96.2,11.3,1.0,131.0,1
D005411,5.1,1254.0,1.12,27.0,0.43,-67.3,-49.5,23.9,40.0,-95.5,13.4,0.0,130.0,1
D005412,4.6,1189.0,1.04,30.5,0.48,-65.5,-49.8,23.9,40.0,-94.4,7.0,0.0,138.0,1
D005413,4.8,1104.0,1.15,,0.47,-65.4,-50.1,23.8,44.0,-96.7,4.8,1.0,129.0,1
D005414,3.4,1045.0,1.06,39.5,0.46,-62.1,-45.5,20.1,45.0,-94.8,18.5,1.0,131.0,0
D005415,5.3,1286.0,1.44,36.5,0.5,-60.2,-45.8,20.1,57.0,-90.7,8.7,1.0,112.0,0
D005416,4.6,1194.0,1.28,29.5,0.43,-66.4,-50.2,23.2,46.0,-96.2,8.5,0.0,129.0,1
D005417,5.1,1226.0,1.27,26.5,0.47,-66.0,-48.9,25.5,41.0,-93.3,8.0,1.0,127.0,1
D005418,4.3,1211.0,1.07,29.0,0.47,-66.2,-49.6,23.2,50.0,-95.2,9.9,0.0,137.0,1
D005419,5.3,1136.0,1.13,31.0,0.49,-66.1,-51.0,23.4,39.0,-95.6,4.6,1.0,135.0,1
D005420,5.7,1144.0,,23.0,0.35,-70.0,-54.1,25.3,36.0,-97.2,13.4,,104.0,1
D005421,5.0,1184.0,1.14,29.0,0.5,-64.8,-49.9,23.7,46.0,-93.6,5.7,1.0,,1
D005422,5.1,1221.0,1.13,30.0,0.43,-64.5,-49.6,23.0,43.0,-94.7,10.4,1.0,127.0,1
D005423,5.3,1172.0,1.14,31.0,0.49,-66.1,-50.6,25.1,43.0,-93.9,5.0,0.0,119.0,1
D005424,3.6,1176.0,0.82,38.0,0.64,-63.1,-48.5,27.2,53.0,-97.4,1.8,1.0,114.0,0
D005425,4.0,1189.0,1.02,30.0,0.43,-66.4,-49.7,25.5,43.0,-97.9,10.5,0.0,130.0,1
D005426,5.2,,1.19,29.5,0.44,-63.5,-50.6,23.1,43.0,-95.0,3.6,0.0,125.0,1
D005427,5.1,1237.0,1.57,38.0,0.33,-65.0,-50.0,26.7,55.0,,21.1,0.0,131.0,0
D005428,3.3,1337.0,0.82,26.0,0.68,-63.8,-54.0,28.1,36.0,-99.1,14.1,0.0,134.0,0
D005429,4.3,1133.0,1.05,26.5,0.47,-65.5,-51.2,23.2,41.0,-94.0,8.4,0.0,122.0,1
D005430,4.8,1189.0,1.06,29.5,0.41,-65.0,-48.3,22.1,41.0,-94.5,7.8,0.0,123.0,0
D005431,6.9,1382.0,1.05,21.5,0.38,-69.8,-54.2,21.9,59.0,-92.0,13.9,1.0,113.0,1
D005432,6.7,1368.0,0.91,24.0,0.36,-62.8,-53.7,26.8,57.0,-90.9,23.7,0.0,125.0,0
D005433,5.3,1210.0,1.45,29.0,0.34,-64.6,-51.3,21.9,39.0,-90.2,16.5,1.0,149.0,0
D005434,5.0,1104.0,1.32,24.5,0.63,-67.3,-51.2,27.2,42.0,-94.2,9.2,0.0,114.0,0
D005435,4.7,1207.0,1.09,29.0,0.51,-65.9,-49.5,25.3,46.0,-93.7,6.7,1.0,130.0,1
D005436,6.3,1066.0,1.48,21.0,0.42,-61.6,-54.5,27.8,42.0,-99.0,8.1,1.0,147.0,1
D005437,4.2,1074.0,0.96,23.5,0.33,-66.1,-54.7,22.2,47.0,-94.8,22.8,0.0,115.0,0
D005438,4.1,1211.0,0.93,30.0,0.45,-65.8,-50.1,23.9,40.0,-95.9,6.3,1.0,128.0,1
D005439,4.4,,1.22,37.0,0.45,-64.1,-49.0,26.5,58.0,-95.6,10.2,1.0,123.0,0
D005440,4.5,1101.0,1.19,31.5,0.38,-67.9,-45.4,26.0,54.0,-95.4,0.3,1.0,103.0,0
D005441,5.1,1132.0,1.07,27.0,0.48,-65.2,-49.7,22.2,43.0,-94.7,14.4,1.0,125.0,0
D005442,4.0,1147.0,1.08,25.0,,-65.6,-50.7,23.1,42.0,-94.6,8.4,1.0,131.0,0
D005443,4.8,1266.0,,28.0,0.53,-65.3,-51.1,23.6,41.0,-96.0,9.5,0.0,132.0,1
D005444,6.1,1360.0,1.54,32.0,0.55,-62.5,-48.0,22.5,38.0,-92.9,16.4,1.0,135.0,1
D005445,4.4,1155.0,1.07,26.0,0.46,-66.7,-50.1,24.1,46.0,-96.5,8.9,1.0,122.0,0
D005446,6.5,1086.0,1.35,24.5,0.63,-69.5,-47.5,21.9,39.0,-99.3,8.4,1.0,102.0,1
D005447,6.0,1235.0,1.0,37.0,0.51,-61.0,-49.5,27.5,45.0,-99.9,22.5,1.0,134.0,1
D005448,5.2,1153.0,1.08,28.0,0.52,-64.5,-50.7,24.3,44.0,-95.6,10.4,0.0,128.0,1
D005449,4.7,1376.0,1.55,34.5,0.46,-66.5,-45.7,25.1,59.0,-90.7,8.4,1.0,101.0,0
D005450,6.3,1377.0,1.24,31.5,0.37,-62.4,-49.5,21.8,36.0,-96.6,11.5,0.0,118.0,1
D005451,3.7,1064.0,,32.0,0.63,-64.6,-52.1,25.7,46.0,-98.9,10.1,0.0,105.0,0
D005452,3.8,1226.0,1.51,33.0,0.5,-66.2,-51.5,21.8,,-95.2,20.3,1.0,146.0,1
D005453,5.4,1262.0,1.19,25.0,0.52,-65.3,,23.0,42.0,-96.1,8.3,1.0,131.0,1
D005454,4.4,1214.0,1.08,28.0,0.51,-66.7,-49.4,22.8,42.0,-95.7,6.3,0.0,122.0,1
D005455,4.3,1170.0,1.17,27.5,0.5,-65.4,-48.5,24.2,42.0,-97.3,9.3,1.0,133.0,1
D005456,4.9,1230.0,1.21,26.5,0.5,-65.6,-49.9,25.5,47.0,-96.9,8.7,1.0,121.0,1
D005457,4.8,1213.0,1.01,27.0,0.49,-64.4,-49.5,24.6,41.0,-96.2,6.4,0.0,132.0,1
D005458,5.2,1196.0,1.22,28.0,0.52,-66.6,-49.4,23.3,43.0,-94.3,8.9,0.0,131.0,1
D005459,5.4,1164.0,1.03,25.5,0.46,-66.6,-49.9,23.2,47.0,-95.6,11.5,1.0,129.0,1
D005460,3.5,1368.0,1.08,23.5,0.52,-66.5,-53.6,23.5,49.0,-98.2,17.4,1.0,106.0,0
D005461,5.8,1255.0,1.47,31.0,0.46,-63.0,-53.9,26.4,40.0,-94.7,16.2,0.0,125.0,1
D005462,5.1,1212.0,1.13,30.0,0.51,-64.3,-49.2,24.1,,-93.7,9.0,1.0,122.0,1
D005463,3.9,1029.0,1.47,25.5,0.47,-62.4,-49.1,,54.0,-91.8,,1.0,107.0,0
D005464,4.1,1156.0,1.12,26.0,0.45,-66.0,-51.9,23.7,39.0,-95.4,7.5,0.0,119.0,1
D005465,4.9,1215.0,1.06,31.0,0.52,-64.9,-49.9,24.2,43.0,-96.8,9.8,0.0,136.0,1
D005466,6.6,1278.0,0.98,35.5,0.4,-68.5,-46.0,29.3,52.0,-97.5,22.8,1.0,109.0,0
D005467,4.9,1151.0,1.21,33.5,0.43,-66.1,-50.6,23.3,44.0,-96.9,6.6,1.0,127.0,1
D005468,4.5,1170.0,1.04,25.5,0.47,-65.6,-50.7,22.0,48.0,-94.1,,1.0,125.0,0
D005469,4.3,1035.0,,27.0,0.49,,-54.5,25.8,42.0,-90.2,,1.0,105.0,0
D005470,4.5,1141.0,1.0,34.5,0.43,-67.1,-50.2,24.8,43.0,-96.8,7.1,0.0,125.0,1
D005471,5.1,1207.0,1.0,30.0,0.48,-64.8,-49.9,24.3,48.0,-95.8,8.3,0.0,126.0,1
D005472,4.5,1178.0,1.01,27.5,0.51,-65.7,-49.9,24.0,49.0,-96.9,8.3,0.0,127.0,1
D005473,4.4,1148.0,1.07,30.0,0.45,-65.5,-49.6,24.2,41.0,-95.4,10.1,1.0,128.0,1
D005474,4.5,1089.0,1.6,21.5,0.54,-68.5,-50.4,23.5,31.0,-92.2,2.0,1.0,119.0,1
D005475,5.2,1136.0,1.06,30.5,0.39,-67.6,-49.8,22.9,46.0,-96.2,8.6,1.0,126.0,1
D005476,4.8,1180.0,0.97,30.0,0.44,-66.9,-48.3,25.0,41.0,-94.6,6.5,0.0,124.0,1
D005477,5.8,1397.0,1.0,28.5,0.54,-62.1,-45.2,24.8,41.0,-92.8,0.8,0.0,136.0,1
D005478,5.1,1269.0,1.13,22.0,0.63,-65.3,-45.9,,34.0,-92.0,11.2,1.0,150.0,0
D005479,4.6,1174.0,1.18,31.5,0.47,-66.3,-49.9,24.5,44.0,-97.8,12.2,0.0,124.0,1
D005480,5.0,1207.0,1.31,34.5,0.32,-66.3,-50.7,25.2,48.0,-92.8,16.9,1.0,141.0,1
D005481,5.3,1037.0,1.14,21.0,0.64,,-54.8,29.7,37.0,-90.0,18.0,0.0,134.0,0
D005482,4.2,1199.0,1.13,26.5,0.51,-67.1,-48.0,23.3,46.0,-96.5,8.9,0.0,123.0,1
D005483,4.6,1038.0,1.31,28.5,0.56,-61.4,-50.1,21.9,38.0,-91.5,13.2,0.0,132.0,0
D005484,5.0,1135.0,1.05,30.0,0.49,-64.3,-49.9,23.6,41.0,-95.0,9.9,0.0,139.0,1
D005485,4.1,1146.0,1.15,29.0,0.49,-65.5,-50.1,24.3,50.0,-96.4,9.7,1.0,137.0,1
D005486,5.2,1151.0,1.12,30.0,0.56,-65.4,-49.8,26.0,45.0,-96.0,12.0,1.0,133.0,1
D005487,4.8,1198.0,1.05,27.0,0.5,-63.2,-49.5,24.2,42.0,-94.7,9.0,0.0,127.0,1
D005488,4.5,1160.0,1.16,26.5,0.39,-67.3,-49.7,23.5,44.0,-94.1,7.2,1.0,128.0,1
D005489,,1185.0,1.06,31.0,0.44,-65.4,-49.3,23.6,44.0,-96.3,9.1,1.0,126.0,1
D005490,6.0,1106.0,0.87,34.5,0.38,-69.8,-48.1,27.3,48.0,-91.2,11.8,0.0,102.0,1
D005491,5.1,1118.0,1.09,31.0,0.43,-65.8,-49.7,25.4,,-94.4,15.0,1.0,127.0,0
D005492,6.7,1369.0,1.32,31.5,0.46,-62.6,-53.7,29.4,51.0,-92.9,18.9,0.0,104.0,0
D005493,4.0,1228.0,1.05,28.5,0.5,-65.1,-48.8,22.5,50.0,-95.8,8.6,0.0,133.0,1
D005494,6.0,1015.0,0.97,34.0,0.58,-66.9,-50.7,24.1,54.0,-97.5,5.1,1.0,125.0,1
D005495,5.0,1265.0,1.16,40.0,0.39,-64.2,-46.2,21.1,51.0,-95.8,20.2,1.0,118.0,0
D005496,4.5,1152.0,1.05,,0.47,-64.6,-49.0,25.3,44.0,-96.2,7.1,1.0,129.0,1
D005497,4.7,1234.0,1.0,30.0,0.51,,-50.5,25.5,45.0,-95.3,7.3,1.0,137.0,0
D005498,4.8,1124.0,1.16,31.0,0.44,-64.1,-49.3,24.3,38.0,-95.7,4.4,1.0,126.0,1
D005499,4.2,1143.0,1.06,28.5,0.49,-66.1,-51.4,23.7,45.0,-97.0,12.6,0.0,126.0,1
D005500,4.6,1075.0,1.26,22.5,0.64,-67.2,-51.9,21.3,34.0,-94.7,1.3,1.0,132.0,0
D005501,4.6,1223.0,0.97,27.5,0.45,-64.9,-51.1,24.2,45.0,-94.0,10.5,1.0,123.0,1
D005502,5.2,1177.0,0.97,30.0,0.51,-64.7,-48.6,24.4,43.0,-95.3,10.0,0.0,132.0,1
D005503,4.9,1378.0,1.08,37.0,0.61,-64.0,-45.9,26.8,54.0,-98.3,,0.0,132.0,0
D005504,5.8,1312.0,,25.0,0.65,-64.6,-45.7,22.9,42.0,-99.6,21.8,0.0,106.0,0
D005505,4.1,1244.0,1.2,32.5,0.48,,-50.1,26.8,46.0,-95.5,7.1,1.0,131.0,1
D005506,6.8,1186.0,1.3,29.0,0.67,-61.4,-48.0,23.6,44.0,-91.5,3.4,1.0,122.0,0
D005507,5.0,1169.0,1.27,32.5,0.49,-66.0,-50.2,23.5,43.0,-95.8,10.9,1.0,126.0,1
D005508,4.6,1143.0,1.08,28.5,0.46,-65.8,-49.9,24.3,41.0,-97.0,9.8,1.0,127.0,1
D005509,3.7,1136.0,1.12,25.0,0.51,-68.4,-50.0,27.0,30.0,-99.8,12.6,0.0,147.0,1
D005510,4.6,1206.0,1.21,27.5,0.49,-65.1,-48.7,25.1,46.0,-94.6,8.8,1.0,135.0,0
D005511,5.9,1044.0,1.58,39.5,0.64,-64.8,-45.1,29.0,,-96.0,22.2,1.0,101.0,0
D005512,3.7,1141.0,1.19,21.5,0.68,-69.6,,26.4,45.0,-92.0,1.0,1.0,147.0,0
D005513,5.4,1248.0,1.02,29.0,,-62.6,-54.1,26.8,46.0,-97.5,7.5,1.0,139.0,1
D005514,4.4,1371.0,1.01,33.5,0.61,-61.4,-53.0,27.9,36.0,-98.4,2.5,0.0,105.0,0
D005515,4.6,1168.0,0.97,30.0,0.53,-65.7,-48.7,23.1,47.0,-94.6,9.9,1.0,130.0,1
D005516,3.1,1074.0,0.87,20.5,,,-52.2,22.5,46.0,-97.2,22.8,0.0,144.0,0
D005517,4.4,1137.0,1.36,31.5,0.66,-65.2,-52.7,25.2,53.0,-93.9,23.3,0.0,131.0,0
D005518,5.5,1179.0,1.14,26.0,0.48,-66.3,-48.5,24.0,,-95.6,11.9,1.0,123.0,1
D005519,4.5,1023.0,0.99,36.5,0.47,-64.7,-47.5,26.2,57.0,-95.1,22.6,1.0,,0
D005520,5.8,1094.0,1.35,36.0,0.53,-61.4,-49.2,22.0,34.0,-94.6,15.1,0.0,145.0,1
D005521,3.3,1134.0,1.36,28.5,0.55,-68.0,-51.0,29.0,57.0,-94.4,5.6,0.0,124.0,0
D005522,5.6,1146.0,1.13,30.5,0.43,-63.6,-52.1,24.1,46.0,-93.8,10.0,0.0,134.0,1
D005523,4.9,1180.0,1.15,27.0,0.47,-64.2,-50.7,23.6,43.0,-95.1,8.3,1.0,127.0,0
D005524,3.1,1236.0,1.38,27.5,0.55,-68.7,-47.6,25.7,50.0,-93.7,0.9,0.0,106.0,0
D005525,4.5,1212.0,1.11,25.0,0.45,,-49.8,23.9,44.0,-97.2,8.1,1.0,129.0,1
D005526,4.1,1175.0,1.09,30.0,0.51,,-49.5,22.8,46.0,-96.9,10.0,1.0,126.0,0
D005527,5.2,1229.0,1.07,27.5,0.49,-64.1,-49.6,21.5,42.0,-95.5,8.7,1.0,118.0,0
D005528,5.2,1136.0,1.13,29.5,0.5,-64.3,-51.9,24.8,52.0,-93.4,7.4,1.0,133.0,1
D005529,5.0,1194.0,,30.5,0.54,-65.7,-51.7,,41.0,-95.2,7.2,1.0,124.0,1
D005530,4.5,1259.0,1.07,31.0,0.49,-64.8,-50.4,24.6,49.0,-95.6,10.9,0.0,127.0,1
D005531,6.4,1294.0,,30.5,0.61,-66.0,-52.1,20.7,35.0,-95.1,22.3,0.0,138.0,1
D005532,3.8,1180.0,1.09,29.0,0.48,-64.3,-49.9,24.7,42.0,-95.1,8.6,1.0,126.0,0
D005533,6.5,,1.1,36.0,0.42,-67.4,-46.4,21.1,,-95.5,6.6,1.0,128.0,1
D005534,6.1,1008.0,1.27,31.0,0.37,-65.3,-55.0,21.6,42.0,-92.8,2.4,1.0,117.0,1
D005535,5.5,1179.0,1.11,31.0,0.5,-66.6,-49.4,23.8,46.0,-93.3,6.0,0.0,128.0,1
D005536,4.7,1146.0,1.1,29.0,0.55,-66.1,-49.4,24.8,48.0,-96.6,10.7,1.0,123.0,0
D005537,4.1,1181.0,1.05,30.0,0.45,-66.0,-49.5,23.7,46.0,-96.9,11.0,1.0,123.0,1
D005538,4.8,1051.0,,25.0,0.54,-65.0,-50.5,24.9,50.0,-96.0,10.8,0.0,126.0,0
D005539,5.2,1382.0,1.21,32.5,0.33,-63.1,-50.8,30.0,42.0,-91.2,16.9,1.0,132.0,0
D005540,4.3,1126.0,1.16,30.0,0.47,-64.9,-48.4,23.7,47.0,-94.8,9.4,1.0,137.0,1
D005541,5.2,1167.0,1.01,27.5,0.46,-65.1,-52.0,23.0,45.0,-94.7,8.4,1.0,126.0,1
D005542,4.5,1184.0,1.06,29.0,0.43,-65.6,-52.2,23.7,41.0,-93.6,8.8,1.0,126.0,1
D005543,4.4,1166.0,1.07,28.0,0.47,-65.6,-51.0,23.7,39.0,-96.2,5.8,0.0,122.0,1
D005544,4.7,1236.0,1.18,29.5,0.51,-66.2,-51.7,23.8,42.0,-96.9,13.9,1.0,130.0,1
D005545,3.3,1159.0,1.47,37.0,0.43,-65.5,-49.7,20.2,51.0,-90.3,2.0,1.0,126.0,0
D005546,4.1,1171.0,1.24,32.0,0.53,-65.7,-52.1,24.0,42.0,-96.5,10.8,1.0,118.0,1
D005547,,1230.0,1.05,29.5,0.32,-69.5,-47.8,25.5,41.0,-90.1,0.4,1.0,107.0,0
D005548,4.2,1177.0,1.1,29.0,0.44,-65.7,-49.8,23.8,46.0,-96.5,6.6,0.0,121.0,1
D005549,3.5,1228.0,0.87,29.5,0.59,-61.2,-51.9,22.3,52.0,-91.1,15.7,1.0,105.0,0
D005550,5.2,1166.0,1.14,26.0,0.66,-66.7,-47.7,28.9,42.0,-97.4,13.4,0.0,126.0,0
D005551,4.6,1192.0,1.26,26.5,0.51,-65.4,-50.1,24.1,46.0,-95.8,9.3,1.0,128.0,1
D005552,6.5,1301.0,0.81,27.0,0.53,-64.1,-54.2,21.8,40.0,-98.9,16.4,1.0,126.0,1
D005553,4.5,1199.0,1.12,29.5,0.5,-64.2,-51.7,24.3,44.0,-95.3,8.1,0.0,121.0,1
D005554,5.1,1172.0,1.1,26.5,0.48,-65.5,-49.6,24.8,41.0,-94.7,11.5,0.0,132.0,1
D005555,6.4,1327.0,1.57,25.5,0.47,-65.4,-52.8,23.6,30.0,-98.0,22.2,1.0,144.0,1
D005556,5.1,1191.0,1.22,27.0,0.45,-65.7,-50.6,23.9,42.0,-94.3,,1.0,128.0,1
D005557,4.8,1388.0,1.0,34.0,0.55,-63.5,-49.5,24.9,57.0,-96.0,3.7,0.0,145.0,1
D005558,4.4,1092.0,1.58,28.0,0.52,-62.0,-46.2,22.5,54.0,-90.3,21.3,0.0,124.0,0
D005559,4.2,1172.0,1.06,29.5,0.63,-66.5,-51.5,21.7,41.0,-96.3,6.6,0.0,124.0,1
D005560,5.2,1185.0,1.07,28.0,0.52,-65.6,-50.5,23.4,45.0,-95.8,9.3,0.0,135.0,1
D005561,3.1,1307.0,0.89,33.5,0.61,-67.9,-46.9,28.5,53.0,-98.6,,1.0,122.0,0
D005562,4.3,1171.0,1.2,30.0,0.53,-66.3,-51.9,23.2,43.0,-96.9,7.3,0.0,136.0,1
D005563,4.5,1229.0,1.51,34.5,0.55,-62.7,-50.0,21.7,44.0,-94.7,15.0,,137.0,0
D005564,4.8,1128.0,1.08,30.0,0.43,-66.1,-51.0,24.6,45.0,-95.0,7.6,1.0,129.0,1
D005565,4.1,1161.0,1.04,32.0,0.6,-67.0,-51.6,25.7,30.0,-91.8,14.9,1.0,110.0,0
D005566,5.4,1227.0,1.12,29.0,0.44,-66.4,-50.6,24.6,44.0,-96.2,12.1,0.0,130.0,1
D005567,5.1,1166.0,1.08,24.5,0.53,-64.6,-50.4,25.1,49.0,-98.3,7.3,1.0,131.0,1
D005568,6.5,1289.0,1.2,33.0,,-64.5,-49.6,22.3,37.0,-94.5,12.1,1.0,120.0,1
D005569,5.0,1230.0,,30.0,0.48,-66.8,-48.7,24.7,47.0,-95.4,9.9,1.0,126.0,1
D005570,3.8,1192.0,1.2,31.5,0.46,-65.2,-49.8,23.6,43.0,-96.1,12.2,0.0,128.0,0
D005571,4.6,1199.0,1.0,31.0,0.51,-66.4,-49.5,24.9,41.0,-95.7,7.3,1.0,123.0,1
D005572,4.3,1149.0,1.11,,0.48,-66.9,-51.4,23.4,47.0,-95.9,4.4,1.0,130.0,1
D005573,5.2,1282.0,1.26,20.5,0.44,,-52.5,22.0,34.0,-98.8,8.9,1.0,142.0,1
D005574,5.4,1176.0,1.15,28.5,0.46,-64.8,-51.5,23.4,46.0,-95.6,12.9,,126.0,1
D005575,5.1,1204.0,1.12,31.5,0.54,-64.6,-49.6,24.0,42.0,-94.8,10.6,1.0,133.0,1
D005576,5.2,1296.0,1.34,27.0,0.35,-61.3,-47.4,25.8,50.0,-93.6,6.9,0.0,133.0,0
D005577,4.3,1135.0,0.94,28.5,0.48,-65.2,-49.0,24.3,43.0,-96.9,13.2,1.0,121.0,1
D005578,4.8,1215.0,1.17,31.0,0.48,-64.7,-51.1,23.9,46.0,-95.8,9.1,0.0,137.0,1
D005579,5.0,1189.0,1.1,28.5,0.45,-66.6,-50.4,22.4,42.0,-96.0,7.5,1.0,121.0,1
D005580,6.1,1260.0,1.43,32.5,0.55,-68.0,-52.1,28.4,53.0,-96.1,15.7,0.0,105.0,1
D005581,4.7,1360.0,1.58,32.0,0.63,-65.6,-52.5,29.3,60.0,-91.6,13.9,1.0,150.0,0
D005582,4.3,1093.0,1.19,26.5,0.55,-64.3,-49.4,23.9,40.0,-96.0,6.9,1.0,128.0,0
D005583,6.8,1213.0,0.85,31.0,0.48,-64.6,-54.1,25.9,48.0,-99.2,15.3,1.0,131.0,1
D005584,4.4,1204.0,1.11,31.5,0.41,-65.4,-48.8,23.8,43.0,-96.1,6.5,0.0,124.0,1
D005585,4.2,1116.0,1.05,28.5,0.55,-64.7,-49.2,23.2,45.0,-94.8,10.3,1.0,130.0,0
D005586,4.5,1225.0,0.82,26.0,0.67,-66.4,-47.7,27.0,46.0,-91.5,23.2,0.0,142.0,0
D005587,4.5,1155.0,1.16,29.0,0.46,-65.8,-48.6,23.3,43.0,-94.2,11.2,0.0,135.0,1
D005588,5.4,1198.0,1.16,31.5,0.5,-65.4,-51.5,23.2,45.0,-98.3,4.3,0.0,126.0,1
D005589,5.2,1204.0,1.08,28.0,0.52,-64.9,-51.3,26.4,43.0,-95.7,7.7,0.0,119.0,1
D005590,4.9,1164.0,1.23,27.0,0.54,-65.6,-50.3,25.5,43.0,-96.0,11.9,1.0,130.0,1
D005591,5.8,1360.0,0.83,30.0,0.49,-63.2,-47.4,25.1,48.0,-96.2,16.2,1.0,119.0,1
D005592,5.0,1214.0,1.02,29.5,0.41,-64.6,-50.4,25.1,47.0,-93.7,7.3,0.0,125.0,1
D005593,4.5,1154.0,,27.5,0.42,-65.5,-50.6,23.1,44.0,-95.6,10.3,1.0,138.0,0
D005594,5.6,1117.0,1.53,39.0,0.42,-65.5,-49.3,28.1,46.0,-97.0,19.2,1.0,142.0,0
D005595,3.4,1046.0,1.0,22.5,0.64,-63.4,-46.9,25.7,35.0,-99.9,24.0,1.0,127.0,0
D005596,4.8,1134.0,1.01,27.5,0.45,-64.6,-50.1,22.2,46.0,-94.2,12.8,0.0,125.0,1
D005597,4.4,1196.0,1.07,29.5,0.41,-64.5,-48.3,24.0,40.0,-97.5,5.8,1.0,124.0,1
D005598,4.5,1166.0,1.0,30.5,0.47,-66.8,-51.6,23.1,40.0,-95.0,7.5,0.0,126.0,1
D005599,5.3,1177.0,1.1,27.0,0.55,-65.4,-51.0,24.2,40.0,-96.5,9.9,0.0,130.0,1
D005600,4.4,1196.0,1.07,28.0,0.5,-66.6,-50.9,23.7,43.0,,8.6,0.0,120.0,1
D005601,5.5,1226.0,1.51,26.5,0.64,-61.3,-48.2,27.4,50.0,-96.3,16.2,,141.0,0
D005602,4.9,1165.0,1.17,30.5,0.45,-64.5,-49.4,23.0,44.0,-95.4,,1.0,121.0,0
D005603,4.9,1299.0,1.1,29.5,0.53,-65.9,-52.5,23.8,41.0,-94.8,7.6,1.0,127.0,1
D005604,4.2,,1.12,20.5,0.43,-67.1,-46.4,25.3,43.0,-92.0,2.0,1.0,118.0,0
D005605,4.5,1255.0,1.24,31.5,0.45,-65.2,-49.9,24.3,43.0,-94.3,8.2,1.0,124.0,0
D005606,5.1,1134.0,1.2,25.0,0.44,-64.6,-49.5,24.5,43.0,-94.2,12.1,1.0,131.0,1
D005607,6.3,1217.0,1.44,32.5,0.32,-67.0,-48.6,23.7,34.0,-95.0,18.3,0.0,102.0,0
D005608,4.8,1174.0,1.03,25.0,0.46,-65.2,-49.0,24.7,45.0,-95.6,5.6,1.0,125.0,1
D005609,5.6,1095.0,1.03,27.0,0.49,-67.1,-51.5,23.9,38.0,-96.5,7.6,1.0,130.0,1
D005610,4.6,1196.0,1.09,31.5,0.48,-65.3,-51.1,23.1,48.0,-94.9,9.3,1.0,128.0,1
D005611,5.2,1356.0,1.26,33.5,0.43,-66.5,-52.3,20.9,55.0,-91.2,13.4,1.0,143.0,0
D005612,3.0,1018.0,1.12,32.0,0.61,-60.1,-52.3,25.0,43.0,-92.3,22.4,1.0,146.0,0
D005613,4.8,1209.0,1.05,30.5,0.48,-64.9,-49.8,23.1,46.0,-94.1,6.4,1.0,130.0,1
D005614,5.6,1157.0,1.14,27.0,0.45,-65.9,-51.2,25.4,47.0,-97.0,9.6,1.0,127.0,1
D005615,4.7,1136.0,1.09,30.5,0.49,-65.3,-49.4,23.0,46.0,-94.8,5.6,0.0,130.0,1
D005616,5.1,1228.0,1.05,29.0,0.43,-66.4,-50.5,23.5,43.0,-95.6,,0.0,131.0,1
D005617,4.5,1216.0,1.03,29.5,0.5,-65.3,-51.3,25.1,44.0,-95.9,7.9,0.0,134.0,1
D005618,6.4,1191.0,0.88,24.5,0.67,-63.1,-47.9,,43.0,-93.4,14.6,1.0,129.0,0
D005619,4.8,1203.0,0.98,29.0,0.49,-64.9,-49.2,25.1,,-94.9,11.3,0.0,126.0,1
D005620,4.1,1189.0,1.09,28.5,0.5,-65.3,-50.6,24.1,41.0,-94.9,2.4,1.0,124.0,1
D005621,5.5,1155.0,1.12,32.5,0.46,-64.9,-48.9,25.4,42.0,-95.0,9.5,1.0,125.0,1
D005622,6.2,1093.0,1.08,25.5,0.36,-63.3,-49.5,27.1,55.0,-94.9,,0.0,121.0,0
D005623,5.5,1183.0,1.15,28.0,0.43,-66.6,-48.2,23.5,,-97.9,6.5,0.0,127.0,1
D005624,5.3,1192.0,1.1,30.0,0.41,-67.5,-48.3,23.9,46.0,-95.6,5.0,1.0,117.0,1
D005625,5.0,1119.0,1.16,28.5,0.48,-64.0,-49.1,,43.0,-96.7,4.3,1.0,132.0,1
D005626,3.1,1226.0,1.21,29.5,0.63,-65.8,-50.2,22.9,49.0,-92.1,6.1,0.0,111.0,1
D005627,3.4,1072.0,1.42,20.5,0.47,-62.0,-48.1,20.4,36.0,-96.6,22.5,0.0,122.0,0
D005628,5.0,1166.0,1.16,30.5,0.45,-66.5,-49.8,22.9,41.0,-96.1,9.8,1.0,129.0,1
D005629,6.5,1082.0,0.93,34.0,0.58,-63.0,-54.5,21.3,50.0,-99.1,9.3,0.0,119.0,1
D005630,5.2,1122.0,1.16,26.5,0.49,-65.2,-49.5,23.0,45.0,-96.9,9.5,1.0,125.0,1
D005631,4.1,1188.0,1.12,29.0,0.47,-66.3,-51.4,24.7,44.0,-95.5,4.7,1.0,118.0,1
D005632,4.2,1152.0,1.14,34.0,0.41,-66.6,-51.5,23.4,44.0,-97.1,5.9,1.0,133.0,1
D005633,5.0,1207.0,1.07,25.5,0.42,-64.6,-50.2,24.6,46.0,-93.3,11.9,0.0,124.0,1
D005634,5.5,1109.0,1.16,31.0,0.49,-66.4,-50.9,24.5,47.0,-95.4,11.3,0.0,134.0,1
D005635,6.6,1342.0,1.25,24.0,0.33,-60.9,-46.6,29.6,31.0,-95.0,22.6,1.0,137.0,0
D005636,4.7,1158.0,1.15,31.0,0.47,-64.6,-51.7,24.3,43.0,-97.4,9.5,0.0,125.0,1
D005637,4.7,1187.0,1.07,27.0,0.51,-64.5,-51.2,24.4,38.0,-96.2,4.0,1.0,134.0,1
D005638,4.9,1184.0,1.28,20.0,0.33,-65.6,-53.9,22.6,43.0,-92.3,0.4,0.0,148.0,1
D005639,4.4,1173.0,1.19,28.5,0.52,-64.4,-49.8,,43.0,-95.0,8.0,1.0,129.0,0
D005640,4.3,1107.0,1.21,28.5,0.52,-66.9,-48.7,22.4,54.0,-97.2,,0.0,130.0,1
D005641,4.7,1153.0,1.1,29.5,0.47,-66.0,-49.9,22.8,44.0,-96.6,4.4,0.0,135.0,1
D005642,4.6,1033.0,1.48,23.5,0.33,-61.4,,25.2,43.0,-97.9,1.2,0.0,,0
D005643,4.4,1147.0,1.14,29.5,0.5,-65.7,-51.5,22.7,46.0,-97.0,10.5,0.0,125.0,1
D005644,5.3,1198.0,1.21,31.0,0.42,-66.8,-48.5,25.1,44.0,-95.8,7.2,0.0,133.0,1
D005645,5.9,1165.0,1.6,27.5,0.37,-64.9,-50.3,22.5,53.0,-98.5,18.1,0.0,118.0,0
D005646,3.9,1218.0,0.98,,0.63,-65.3,-53.4,29.6,59.0,-95.6,6.9,0.0,106.0,0
D005647,3.5,1225.0,1.59,38.0,0.44,-68.6,-47.0,27.5,51.0,-97.7,13.1,0.0,117.0,0
D005648,4.5,1190.0,1.05,29.0,0.46,-64.2,,24.6,,-94.5,5.1,0.0,128.0,0
D005649,4.7,1171.0,0.94,28.5,0.44,-66.6,-51.4,25.8,43.0,-96.2,6.1,0.0,125.0,1
D005650,4.5,1121.0,1.1,29.5,0.51,-65.9,-49.4,23.4,46.0,-93.5,6.8,1.0,133.0,0
D005651,5.7,1138.0,1.27,33.0,0.46,-65.4,-51.4,23.5,47.0,-95.0,6.3,1.0,133.0,1
D005652,5.4,1298.0,1.45,32.5,0.37,-63.8,-54.7,21.5,45.0,-92.6,3.6,0.0,140.0,1
D005653,5.0,1135.0,0.97,29.5,0.51,-65.7,-49.0,23.9,45.0,-94.3,8.7,1.0,132.0,1
D005654,5.1,1224.0,1.16,33.5,0.46,-64.8,-51.3,23.3,44.0,-95.2,4.8,1.0,134.0,0
D005655,3.2,1039.0,1.39,26.5,0.34,-67.5,-45.5,22.7,31.0,-92.4,15.9,1.0,146.0,0
D005656,4.2,1350.0,1.0,39.5,0.32,-63.1,-46.5,25.1,43.0,-91.1,17.1,0.0,120.0,0
D005657,4.3,1148.0,1.2,26.5,0.5,-65.0,-51.1,,49.0,-95.4,12.1,0.0,120.0,0
D005658,4.7,1189.0,0.99,27.0,0.5,-65.7,-50.3,23.7,50.0,-94.3,10.1,1.0,131.0,1
D005659,6.1,1163.0,1.34,28.5,0.48,-62.4,-47.4,20.2,57.0,-90.2,12.0,0.0,137.0,0
D005660,5.3,1158.0,0.95,29.5,0.49,-66.8,-51.1,25.7,44.0,-96.0,7.2,1.0,122.0,1
D005661,5.6,1087.0,1.22,24.0,0.6,-65.6,-47.2,27.8,44.0,-95.7,19.3,1.0,134.0,0
D005662,3.2,1335.0,0.98,34.5,0.57,-64.0,-54.7,20.1,52.0,-98.1,9.3,1.0,107.0,0
D005663,6.8,1349.0,1.11,24.0,0.34,-64.1,-53.7,27.4,57.0,-95.5,8.4,0.0,124.0,0
D005664,5.2,1177.0,1.14,33.0,0.41,-64.2,-48.9,24.9,43.0,-95.9,9.6,0.0,122.0,1
D005665,4.9,1145.0,1.04,29.0,0.42,-66.8,-50.7,24.1,47.0,-96.6,10.8,0.0,131.0,1
D005666,5.3,1183.0,1.05,30.0,0.5,-65.4,-50.3,22.4,42.0,,14.7,1.0,129.0,1
D005667,4.9,1203.0,1.13,32.0,0.49,-66.9,,24.7,49.0,-97.0,8.4,1.0,125.0,1
D005668,4.7,1202.0,1.12,28.0,0.48,-65.1,-50.4,25.0,44.0,-94.1,9.9,1.0,130.0,1
D005669,4.5,1262.0,0.99,31.0,0.4,-64.9,-51.0,22.7,45.0,-94.3,10.3,0.0,128.0,1
D005670,4.7,1162.0,1.12,25.5,0.47,-63.8,-49.7,22.5,43.0,-94.8,7.5,1.0,130.0,0
D005671,4.0,1260.0,0.95,26.0,0.43,-68.9,-54.1,29.7,58.0,-98.5,1.9,,142.0,0
D005672,4.5,1142.0,1.19,30.0,0.44,-65.4,-51.6,22.9,42.0,-94.8,10.2,0.0,130.0,1
D005673,3.8,1311.0,1.13,26.5,0.59,-63.7,-54.1,28.8,31.0,-99.1,2.6,0.0,106.0,1
D005674,3.4,1369.0,1.43,21.0,0.4,-66.8,-50.2,28.7,43.0,-94.5,3.7,0.0,119.0,0
D005675,4.9,1192.0,1.11,31.5,0.43,-65.9,-50.0,23.9,43.0,-96.7,10.0,0.0,134.0,1
D005676,4.0,1254.0,1.22,28.5,0.43,-65.7,-49.3,22.9,45.0,-95.7,10.8,1.0,132.0,1
D005677,5.5,1156.0,1.47,39.0,0.52,-69.3,-48.7,21.3,53.0,-98.6,20.0,1.0,139.0,1
D005678,5.3,,1.51,37.0,0.7,-63.5,-46.0,26.3,46.0,-98.3,7.7,1.0,109.0,0
D005679,3.2,1109.0,1.34,20.0,0.68,-63.9,-50.6,21.5,57.0,-95.6,17.9,1.0,141.0,0
D005680,4.9,1243.0,0.94,31.0,0.49,-65.8,-52.7,23.1,45.0,-96.1,5.7,0.0,118.0,1
D005681,4.7,1138.0,1.16,31.0,0.61,-65.5,-49.8,24.0,46.0,-94.8,11.8,1.0,123.0,0
D005682,4.5,1152.0,1.11,26.5,0.48,-64.9,-51.4,24.4,48.0,-95.8,9.6,0.0,126.0,0
D005683,4.3,1199.0,1.09,27.5,0.41,-65.3,-51.2,22.4,,-95.3,11.2,0.0,123.0,0
D005684,4.7,,1.15,28.0,0.54,-66.1,-49.6,24.6,44.0,-96.1,6.2,1.0,127.0,0
D005685,4.2,1032.0,1.31,25.0,0.64,-63.9,-53.0,26.4,37.0,-92.5,1.7,0.0,119.0,0
D005686,5.6,1176.0,1.18,33.5,0.5,-65.4,-51.9,23.5,43.0,-96.2,9.6,1.0,128.0,1
D005687,4.5,1107.0,,26.0,0.52,-65.2,-51.1,24.8,38.0,,5.5,0.0,128.0,1
D005688,4.2,1121.0,1.5,36.5,0.36,-63.6,-53.6,26.2,47.0,-97.1,12.7,1.0,120.0,0
D005689,5.1,1124.0,1.02,24.5,0.45,-64.8,-50.4,25.0,45.0,-95.2,10.3,1.0,,0
D005690,5.4,1227.0,1.21,30.0,0.67,-61.7,-51.0,25.2,43.0,-98.0,16.3,0.0,126.0,0
D005691,5.3,1177.0,1.17,30.0,0.52,-66.2,-49.6,26.0,44.0,-96.2,11.3,0.0,121.0,1
D005692,6.5,1217.0,1.52,26.0,0.45,-69.8,-52.8,23.3,45.0,-91.5,14.6,,110.0,1
D005693,4.7,1099.0,1.18,29.0,0.42,-65.7,-50.2,22.9,46.0,-96.8,11.0,1.0,129.0,1
D005694,4.0,1187.0,1.08,30.0,0.56,-67.5,-49.7,24.4,52.0,-96.1,10.4,0.0,121.0,1
D005695,3.3,1198.0,1.58,24.5,0.41,-61.0,-46.7,28.8,49.0,-95.6,13.0,0.0,145.0,0
D005696,5.0,1190.0,1.22,,0.57,-64.3,-47.9,23.2,41.0,-96.0,10.7,1.0,129.0,1
D005697,4.3,1188.0,1.03,30.0,0.49,-64.8,-48.7,24.6,46.0,-96.2,11.5,1.0,130.0,0
D005698,5.1,1149.0,1.18,30.0,0.5,-65.7,-49.6,23.6,42.0,-94.3,10.7,0.0,132.0,1
D005699,4.8,1221.0,0.96,29.0,0.46,-64.7,-50.2,25.3,46.0,-96.3,12.2,0.0,127.0,1
D005700,4.0,1000.0,1.09,29.0,0.32,-68.2,-52.5,25.6,45.0,-97.6,21.5,1.0,139.0,0
D005701,6.7,1185.0,1.35,38.0,0.53,-67.6,-45.9,20.5,35.0,-91.4,16.4,0.0,148.0,1
D005702,4.7,1204.0,1.1,31.0,0.49,-65.3,-51.2,23.9,44.0,-96.0,9.1,1.0,118.0,1
D005703,6.8,1370.0,1.07,30.0,0.39,-68.7,-46.5,23.7,38.0,-92.8,10.9,0.0,118.0,1
D005704,5.3,1223.0,0.97,29.5,0.49,-63.1,-50.2,23.8,48.0,-96.2,16.5,0.0,124.0,1
D005705,4.4,1243.0,1.14,30.5,0.56,-66.2,-51.2,24.3,45.0,-96.0,15.4,1.0,127.0,1
D005706,5.0,1206.0,1.11,31.0,0.47,-66.2,-49.1,23.6,47.0,-95.3,8.7,1.0,127.0,1
D005707,3.9,1001.0,0.86,33.0,0.67,-63.8,-50.7,27.2,31.0,-100.0,20.2,1.0,119.0,0
D005708,5.2,1244.0,1.18,30.0,0.44,-65.4,-48.1,24.9,42.0,-96.4,3.9,1.0,117.0,1
D005709,4.5,1168.0,1.12,28.0,0.51,-66.8,-50.9,24.1,42.0,-95.6,13.3,1.0,127.0,0
D005710,4.7,1266.0,1.31,28.5,0.51,-61.3,-49.0,23.1,47.0,-98.8,5.7,1.0,121.0,0
D005711,4.1,1209.0,1.0,27.0,0.49,-64.7,-50.1,22.3,,-95.5,7.3,0.0,126.0,1
D005712,,1228.0,1.15,29.0,0.45,-64.7,-50.4,22.9,42.0,-94.5,6.7,0.0,131.0,1
D005713,4.6,1148.0,1.04,27.0,0.44,-64.7,-50.6,23.0,45.0,-96.0,8.8,1.0,137.0,1
D005714,6.5,1333.0,0.87,39.0,0.41,-61.5,-50.1,23.9,56.0,-97.0,10.0,0.0,120.0,1
D005715,,1223.0,1.09,26.0,0.49,-65.8,-51.8,25.9,45.0,-95.4,11.8,,124.0,1
D005716,6.6,1292.0,0.84,30.5,0.46,-67.3,-49.2,24.4,50.0,-99.1,13.4,0.0,137.0,1
D005717,4.5,1118.0,1.24,37.0,0.64,-66.9,-49.4,29.3,36.0,-93.6,16.3,0.0,129.0,0
D005718,4.4,1301.0,1.38,35.5,0.54,-61.2,-53.6,23.5,41.0,-94.8,1.7,1.0,134.0,1
D005719,6.5,1264.0,1.39,31.5,0.65,-67.3,-48.9,20.5,39.0,-96.8,9.5,0.0,106.0,0
D005720,5.1,1199.0,1.23,26.5,0.49,-67.2,-50.4,25.1,50.0,-96.7,9.5,1.0,117.0,0
D005721,5.4,1138.0,1.07,29.0,0.55,-63.6,-49.5,23.9,46.0,-97.3,8.7,1.0,127.0,0
D005722,5.0,1208.0,1.24,30.5,0.52,,-50.1,23.4,49.0,-96.5,11.5,1.0,118.0,0
D005723,4.8,1202.0,1.07,26.5,0.44,-64.2,-48.3,22.1,43.0,-97.0,13.1,1.0,129.0,1
D005724,4.9,1220.0,1.03,29.0,0.54,-66.9,-49.0,23.7,41.0,-94.8,9.8,0.0,118.0,1
D005725,6.8,1240.0,1.22,29.0,0.62,-60.5,-46.5,22.3,50.0,-97.4,5.4,1.0,150.0,1
D005726,4.7,1156.0,1.05,28.0,0.52,-65.9,-50.1,25.3,45.0,-95.3,11.3,0.0,119.0,1
D005727,5.0,1112.0,1.01,28.0,0.51,-66.9,-49.1,24.4,42.0,-94.6,6.7,1.0,129.0,1
D005728,5.2,1213.0,1.23,40.0,0.53,-61.9,-52.0,24.4,36.0,-90.1,20.6,1.0,102.0,0
D005729,3.0,1160.0,0.94,36.5,0.49,-62.3,-47.0,27.3,52.0,-98.3,9.6,1.0,120.0,0
D005730,5.1,1122.0,1.11,29.0,0.54,-66.2,-50.4,25.1,45.0,-96.9,8.2,0.0,124.0,1
D005731,4.7,1180.0,1.2,23.5,0.5,-64.7,-49.1,23.6,48.0,-95.7,8.1,0.0,121.0,0
D005732,4.6,1162.0,1.07,27.5,0.48,,-48.6,25.2,52.0,-96.1,9.8,0.0,130.0,1
D005733,4.9,1252.0,1.16,30.5,0.5,-65.1,-49.7,23.0,,-94.8,6.5,1.0,134.0,1
D005734,6.6,1075.0,0.81,21.5,0.38,-65.3,-52.3,29.8,56.0,-94.2,5.5,1.0,131.0,0
D005735,4.9,1208.0,1.12,29.0,0.49,-65.5,-50.6,25.4,43.0,-95.9,9.4,0.0,125.0,1
D005736,4.3,1198.0,1.19,31.0,0.51,-65.2,-48.2,24.0,48.0,-94.2,7.9,0.0,137.0,1
D005737,4.5,1229.0,1.15,27.0,0.45,-63.2,-49.1,25.0,45.0,-94.4,10.9,1.0,132.0,1
D005738,4.5,1195.0,,29.5,0.54,-64.4,-49.1,26.3,38.0,-96.3,8.6,,128.0,1
D005739,3.7,1244.0,1.11,30.0,0.45,-64.5,-49.4,23.7,44.0,-96.7,6.2,0.0,125.0,1
D005740,5.1,1223.0,0.99,30.0,0.47,-66.4,-50.1,25.3,41.0,-93.9,8.3,1.0,127.0,1
D005741,5.9,1212.0,1.44,23.5,0.48,-61.5,-48.3,29.0,54.0,-98.0,8.0,0.0,126.0,0
D005742,4.6,1185.0,1.2,27.5,0.43,-65.2,-47.7,24.9,44.0,-96.1,11.4,0.0,125.0,1
D005743,4.8,1115.0,1.15,30.5,0.58,-64.5,-48.7,22.5,49.0,-95.5,,0.0,119.0,0
D005744,6.3,1158.0,0.98,28.5,0.65,-60.3,-52.6,23.4,43.0,-94.0,6.0,0.0,110.0,1
D005745,4.1,1165.0,1.11,28.5,0.48,-64.9,-50.1,24.0,48.0,-95.2,7.1,1.0,135.0,0
D005746,4.5,1193.0,1.09,31.0,0.46,-65.3,-47.8,22.1,44.0,-96.8,9.2,1.0,128.0,1
D005747,4.3,1155.0,1.17,29.5,0.44,-65.2,-49.5,25.3,44.0,-95.8,10.8,0.0,126.0,1
D005748,4.6,1164.0,1.09,29.0,0.53,-65.7,-51.4,25.2,45.0,-94.9,11.3,1.0,133.0,0
D005749,6.3,1327.0,1.32,28.5,0.63,-60.6,-50.3,21.1,48.0,-97.2,14.7,1.0,140.0,0
D005750,4.2,1266.0,1.55,33.5,,-69.6,-52.4,23.8,33.0,-98.1,20.4,1.0,123.0,1
D005751,4.6,1140.0,1.01,30.0,0.5,-69.6,-53.1,21.8,48.0,-94.7,21.0,0.0,129.0,1
D005752,4.6,1189.0,1.18,27.0,0.49,-64.4,-50.3,24.5,46.0,-95.3,11.5,1.0,133.0,1
D005753,4.5,1163.0,1.08,26.5,0.45,-64.6,-51.7,24.6,39.0,-95.1,8.9,0.0,122.0,1
D005754,4.3,1191.0,1.1,29.5,0.43,-65.1,-51.9,24.1,39.0,-94.8,8.6,1.0,126.0,0
D005755,4.9,1161.0,1.02,34.0,,-63.6,-50.5,24.7,43.0,-95.2,8.0,1.0,130.0,1
D005756,5.4,1165.0,1.1,24.5,0.52,-66.6,-50.0,23.4,47.0,-95.8,6.1,1.0,122.0,1
D005757,3.6,1011.0,1.24,23.5,0.59,-61.4,-52.8,26.3,46.0,-97.9,7.0,1.0,137.0,0
D005758,6.0,1235.0,1.21,26.0,0.44,-69.3,-48.6,25.8,49.0,-92.0,16.4,1.0,115.0,0
D005759,5.2,1042.0,1.18,23.0,0.52,-64.8,-47.8,20.5,31.0,-95.6,0.8,0.0,120.0,1
D005760,5.1,1341.0,1.02,30.0,0.54,-64.1,-45.6,25.0,41.0,-99.8,20.4,0.0,129.0,1
D005761,4.1,1015.0,1.59,23.0,0.51,-66.7,-51.1,27.8,59.0,-90.1,8.5,0.0,120.0,0
D005762,4.7,1156.0,0.87,27.0,0.48,-64.1,-45.6,25.5,60.0,-97.4,14.1,1.0,134.0,0
D005763,4.7,1255.0,0.96,28.0,0.53,-65.3,-50.1,25.3,46.0,-94.6,4.8,0.0,131.0,1
D005764,5.0,1190.0,1.08,32.5,0.46,-62.7,-49.3,24.2,43.0,-94.5,9.2,0.0,134.0,1
D005765,5.5,1229.0,1.05,28.5,0.57,-64.8,-49.9,24.7,41.0,-93.8,3.2,1.0,124.0,1
D005766,4.6,1197.0,1.36,33.5,0.54,-65.1,-53.7,22.8,42.0,-90.5,10.2,0.0,110.0,1
D005767,4.2,1175.0,1.0,28.5,0.51,-66.5,-49.6,22.9,43.0,-94.9,11.6,0.0,126.0,1
D005768,4.6,1182.0,1.11,31.5,0.51,-65.1,-50.3,24.8,39.0,-96.5,5.9,1.0,124.0,1
D005769,5.2,1228.0,1.27,31.0,0.49,-65.4,-49.1,21.5,45.0,-93.8,12.3,0.0,128.0,1
D005770,4.5,1242.0,1.12,27.0,0.44,-63.4,-50.6,24.9,37.0,-95.5,6.4,0.0,127.0,1
D005771,4.7,1184.0,1.02,31.0,0.46,-66.4,-50.2,22.4,43.0,-96.9,12.3,0.0,129.0,1
D005772,4.7,1156.0,1.01,28.5,0.47,-66.6,-50.7,24.6,46.0,-96.3,6.9,1.0,127.0,1
D005773,5.2,1108.0,1.02,25.0,0.48,,-51.2,24.1,46.0,-95.6,14.0,0.0,,1
D005774,4.4,1168.0,1.13,29.0,0.46,-62.9,-51.6,23.6,39.0,-94.9,12.0,1.0,134.0,0
D005775,4.7,1185.0,1.08,31.0,0.45,-66.6,-50.6,23.8,37.0,-94.9,8.1,1.0,128.0,1
D005776,4.8,1162.0,1.13,29.5,0.47,-63.6,-50.2,24.8,46.0,-94.6,10.1,0.0,134.0,1
D005777,4.1,1341.0,0.8,37.0,0.36,-67.4,-53.6,29.6,59.0,-96.8,23.2,0.0,144.0,0
D005778,5.1,1214.0,1.22,32.5,0.45,-66.0,-49.3,23.4,45.0,-95.2,7.9,1.0,130.0,1
D005779,4.7,1180.0,1.35,32.0,0.4,-65.5,-51.1,23.1,43.0,-95.9,11.7,0.0,122.0,1
D005780,3.8,1179.0,0.98,37.0,0.69,-63.9,-52.9,29.1,38.0,-91.2,14.0,1.0,106.0,0
D005781,3.8,1315.0,0.86,35.0,0.47,-67.6,-45.8,20.4,36.0,-96.4,23.0,1.0,129.0,0
D005782,5.3,1179.0,1.12,25.5,0.49,-66.2,,22.8,37.0,-94.8,4.0,1.0,128.0,1
D005783,4.6,1139.0,1.55,27.0,0.47,-60.1,-45.7,29.1,56.0,-92.4,8.5,1.0,138.0,0
D005784,6.1,1267.0,0.82,28.0,0.61,-63.7,-50.2,29.5,52.0,-99.6,22.8,1.0,106.0,0
D005785,5.2,1204.0,1.11,29.0,0.51,-65.7,-50.8,23.5,45.0,-95.7,10.9,1.0,127.0,1
D005786,5.0,1231.0,1.07,29.5,0.58,-65.9,-52.3,23.8,48.0,-95.3,8.8,1.0,121.0,1
D005787,5.1,1105.0,0.98,28.0,0.47,-64.8,-49.5,24.9,45.0,-94.3,9.1,1.0,121.0,1
D005788,4.2,1212.0,1.05,30.5,0.54,-66.6,-49.5,21.8,47.0,-95.1,1.9,1.0,135.0,1
D005789,4.2,1166.0,1.11,30.0,0.43,-65.3,-49.6,24.0,53.0,,11.0,1.0,124.0,1
D005790,5.2,1202.0,1.09,26.5,0.5,-65.3,-48.9,24.0,42.0,-95.4,7.1,0.0,126.0,1
D005791,6.4,1086.0,1.4,39.0,0.69,-64.9,-45.3,28.2,59.0,-97.0,21.8,0.0,146.0,0
D005792,3.3,1343.0,1.48,21.5,0.39,-68.8,-47.4,28.3,45.0,-93.6,3.0,1.0,100.0,0
D005793,5.2,1017.0,1.34,24.5,0.37,-65.2,-51.5,22.2,54.0,-97.2,1.1,1.0,111.0,0
D005794,4.4,1212.0,1.03,32.0,0.51,-65.6,-49.3,25.0,46.0,-96.6,4.7,1.0,132.0,1
D005795,3.9,1103.0,1.51,28.5,0.47,-62.1,-51.6,20.2,37.0,-95.7,0.1,0.0,118.0,0
D005796,5.0,1163.0,1.04,28.0,0.53,-65.2,-49.6,24.4,44.0,-96.6,4.7,1.0,127.0,1
D005797,4.6,1216.0,1.04,30.5,,-65.9,-51.2,24.5,40.0,-95.4,8.3,1.0,120.0,1
D005798,4.3,1279.0,0.94,25.0,0.65,-61.4,-54.9,20.9,55.0,-93.2,18.0,1.0,127.0,0
D005799,4.8,1194.0,1.1,25.5,0.46,-65.3,-50.8,23.0,38.0,-96.6,14.5,0.0,137.0,1
D005800,5.1,1312.0,1.18,27.5,0.49,-65.3,-49.7,23.1,47.0,-96.6,10.1,0.0,133.0,1
D005801,3.6,1250.0,1.35,24.0,0.59,-62.3,-52.0,25.8,42.0,-99.5,8.0,0.0,131.0,0
D005802,4.9,1269.0,1.04,27.5,0.49,-65.7,-50.9,22.8,42.0,-94.4,7.9,0.0,129.0,1
D005803,3.9,1168.0,1.38,38.5,0.67,-66.3,-50.3,25.4,38.0,-93.2,4.6,1.0,150.0,1
D005804,4.4,1209.0,1.02,37.0,0.44,-68.9,-52.6,21.2,32.0,-99.3,1.7,0.0,126.0,1
D005805,4.9,1086.0,1.2,29.5,0.51,-64.7,-49.8,24.7,54.0,-95.4,7.2,0.0,128.0,1
D005806,4.3,1145.0,1.1,31.0,0.45,-64.7,-50.0,25.1,44.0,-95.7,8.8,1.0,127.0,1
D005807,5.2,1174.0,1.2,31.0,0.48,-67.1,-50.2,22.9,49.0,-95.9,7.8,1.0,134.0,1
D005808,4.7,1154.0,1.13,30.0,0.5,-64.5,-49.8,26.1,40.0,-97.1,7.5,0.0,130.0,1
D005809,4.1,1182.0,1.54,31.0,0.65,-66.0,-45.6,24.8,36.0,-98.7,17.1,1.0,148.0,0
D005810,5.3,1155.0,,,0.65,-69.0,-50.7,23.9,33.0,-95.2,21.0,0.0,115.0,1
D005811,3.4,1060.0,1.49,33.5,0.46,-60.4,-53.4,22.7,60.0,-95.9,2.4,1.0,124.0,0
D005812,5.7,1165.0,1.12,28.5,0.49,-65.7,-50.4,25.2,40.0,-97.1,7.5,1.0,132.0,1
D005813,4.7,1167.0,1.22,33.0,0.51,-65.1,-47.9,24.8,42.0,-96.9,6.3,,127.0,1
D005814,4.6,1231.0,1.09,32.5,0.51,-64.8,-49.5,22.9,,-95.1,9.2,0.0,125.0,1
D005815,4.7,1158.0,1.03,29.0,0.47,-64.7,-50.7,23.7,44.0,-95.7,9.1,0.0,121.0,1
D005816,4.9,1197.0,1.01,30.5,0.46,,-50.5,22.3,46.0,-95.0,7.0,1.0,127.0,1
D005817,6.8,1192.0,1.45,36.5,0.33,-68.1,-51.3,21.0,39.0,-92.4,15.3,1.0,108.0,0
D005818,4.0,1186.0,0.97,31.0,0.57,-66.8,-50.5,26.5,46.0,-95.5,6.1,0.0,122.0,1
D005819,4.1,1034.0,0.82,23.0,0.6,-60.9,-49.1,29.2,40.0,-99.4,0.9,1.0,137.0,0
D005820,4.4,1187.0,1.09,29.0,0.45,-65.4,-47.4,25.5,44.0,-95.9,8.0,0.0,133.0,1
D005821,5.0,1194.0,1.22,29.5,0.37,-63.6,-49.9,25.4,39.0,-96.2,6.4,0.0,126.0,1
D005822,5.3,1223.0,1.29,28.0,0.53,-66.8,-50.7,23.9,38.0,-97.0,6.4,1.0,133.0,0
D005823,4.5,1178.0,1.22,28.0,0.56,-65.2,-49.3,22.2,42.0,-94.9,10.4,1.0,128.0,0
D005824,5.0,1145.0,1.07,30.5,0.55,-65.2,-49.7,25.1,52.0,-96.5,9.2,1.0,122.0,1
D005825,4.1,1232.0,1.04,21.0,0.42,-67.8,-52.6,27.2,40.0,-91.4,,0.0,120.0,1
D005826,5.7,1268.0,,37.0,0.6,-63.1,-50.5,29.1,51.0,-97.6,21.8,1.0,116.0,0
D005827,5.0,1151.0,1.12,28.0,0.54,-62.9,-50.5,24.6,46.0,,8.4,0.0,128.0,1
D005828,5.1,1141.0,1.22,28.5,0.47,-63.9,-49.6,22.6,43.0,-95.2,10.9,0.0,121.0,0
D005829,5.3,1160.0,1.03,26.5,0.56,-67.4,-49.2,22.5,45.0,-95.5,5.6,0.0,135.0,1
D005830,4.5,1257.0,1.12,27.5,0.46,-65.0,-50.7,23.1,45.0,-93.5,6.9,1.0,137.0,1
D005831,5.2,1230.0,1.25,26.0,0.48,-66.3,-50.5,24.0,44.0,-94.9,9.7,0.0,127.0,0
D005832,4.4,,1.0,30.0,0.48,-65.0,,24.5,46.0,-96.8,9.5,1.0,,1
D005833,4.7,1175.0,1.13,32.5,0.48,-66.7,-51.1,24.9,44.0,-95.0,9.1,1.0,130.0,1
D005834,4.7,1170.0,1.09,29.5,0.39,-64.1,-49.2,24.3,43.0,-95.9,7.4,1.0,122.0,0
D005835,4.4,1195.0,1.11,30.0,0.46,-66.9,-51.4,24.2,45.0,-95.8,10.6,1.0,130.0,1
D005836,4.6,1190.0,0.99,39.5,0.7,-61.2,-48.8,26.2,49.0,-94.7,5.7,1.0,103.0,0
D005837,5.7,1201.0,1.13,31.0,0.54,-64.4,-48.6,23.2,41.0,-95.4,7.2,1.0,133.0,1
D005838,4.8,1160.0,0.96,29.0,0.5,-64.3,-50.3,21.0,50.0,-95.8,12.1,1.0,128.0,1
D005839,4.8,1203.0,1.17,31.0,0.53,-64.7,-52.0,22.9,37.0,-96.0,6.9,1.0,136.0,1
D005840,4.4,1143.0,1.02,30.0,0.48,-66.9,-50.6,23.3,49.0,-96.6,8.5,,125.0,1
D005841,6.6,1145.0,1.31,26.0,0.64,-60.7,-45.1,27.8,51.0,-99.2,11.3,1.0,140.0,0
D005842,,1179.0,1.09,30.0,0.47,-65.1,-49.8,22.5,43.0,-95.7,7.6,1.0,125.0,1
D005843,6.9,1365.0,1.45,28.0,0.68,-64.9,-48.7,29.5,52.0,-96.3,23.4,1.0,137.0,0
D005844,5.2,1144.0,0.97,28.0,0.42,-64.6,,23.4,41.0,-94.6,11.0,0.0,137.0,1
D005845,3.8,1097.0,1.22,31.5,0.54,-66.0,-51.7,24.3,43.0,-96.2,8.7,0.0,122.0,1
D005846,4.7,1181.0,0.99,28.5,0.41,-65.3,-50.2,24.0,41.0,-95.1,7.5,1.0,131.0,1
D005847,5.4,1210.0,0.97,27.5,0.45,-65.1,-49.5,23.8,41.0,-95.8,9.0,1.0,134.0,1
D005848,4.7,1375.0,1.49,38.5,0.61,-63.8,-48.6,29.0,30.0,-93.8,11.7,0.0,137.0,0
D005849,4.6,1081.0,1.22,,0.33,-63.9,-48.7,25.3,52.0,-93.4,24.0,1.0,146.0,0
D005850,5.0,1209.0,1.15,30.5,0.45,-63.4,,23.7,40.0,-95.9,11.0,0.0,131.0,1
D005851,6.0,1213.0,0.84,39.0,0.48,-66.6,-51.0,20.2,50.0,-95.3,11.3,0.0,101.0,1
D005852,3.3,1276.0,1.3,39.0,0.61,-67.9,-53.1,23.1,56.0,-92.7,19.5,1.0,134.0,0
D005853,6.7,1073.0,1.32,33.0,0.66,-66.5,-51.8,26.3,58.0,-95.1,5.3,1.0,119.0,1
D005854,5.1,1251.0,1.51,21.5,0.55,-61.9,-49.2,24.7,32.0,-94.0,20.9,1.0,103.0,0
D005855,4.4,1114.0,1.06,28.5,0.44,-65.7,-48.6,22.7,42.0,-96.0,5.6,0.0,128.0,1
D005856,5.0,1010.0,1.34,30.0,0.6,-61.8,-50.4,20.1,40.0,-97.5,9.9,1.0,145.0,0
D005857,4.6,1176.0,1.14,33.5,0.49,-65.6,-51.0,24.4,50.0,-95.1,12.1,1.0,121.0,1
D005858,4.6,1153.0,1.05,30.0,0.49,-65.8,-50.9,23.2,42.0,-97.3,12.3,0.0,122.0,1
D005859,5.0,1234.0,1.14,30.5,0.37,-67.6,-49.9,24.1,43.0,-94.0,8.2,0.0,134.0,1
D005860,5.0,1107.0,1.04,29.5,0.46,-64.3,-49.1,25.2,48.0,-93.3,12.0,1.0,124.0,1
D005861,5.1,1235.0,1.16,30.5,0.45,-66.4,-50.8,24.1,41.0,-93.8,10.1,0.0,125.0,1
D005862,5.9,1219.0,1.42,32.5,0.66,-68.8,-51.2,25.6,35.0,-94.9,18.3,0.0,146.0,1
D005863,5.0,1186.0,1.15,29.0,0.4,,-51.1,,41.0,-95.5,11.6,1.0,130.0,1
D005864,4.0,1090.0,0.9,35.0,0.3,-64.6,-51.4,27.4,53.0,-97.5,17.5,1.0,119.0,0
D005865,5.7,1142.0,1.28,28.5,0.47,-65.3,-51.7,23.7,44.0,-96.1,9.0,0.0,128.0,1
D005866,6.8,1357.0,0.85,27.5,0.33,-66.5,-46.4,25.5,46.0,-94.5,23.9,1.0,101.0,0
D005867,5.3,1097.0,1.12,,0.51,-64.6,-48.3,23.9,42.0,-96.4,,1.0,132.0,1
D005868,,1197.0,1.23,30.0,0.49,-63.4,-51.6,22.2,50.0,-94.5,10.5,1.0,124.0,0
D005869,6.2,1302.0,1.39,35.0,,-61.2,-48.1,23.8,,-99.6,15.7,0.0,125.0,1
D005870,4.8,1096.0,1.27,31.5,0.48,-66.3,-48.3,25.0,47.0,-93.7,4.3,0.0,123.0,1
D005871,4.9,1157.0,1.02,32.5,0.45,-66.3,-49.3,24.3,43.0,-95.1,11.3,1.0,113.0,1
D005872,4.7,1250.0,1.27,24.5,0.7,-62.7,-51.4,29.2,32.0,-93.2,4.0,0.0,143.0,1
D005873,4.4,1213.0,1.25,28.5,0.48,-66.8,-49.6,23.6,42.0,-96.1,8.9,1.0,126.0,1
D005874,5.2,1274.0,1.16,27.0,0.38,-69.9,-52.8,23.0,33.0,-93.4,14.0,1.0,130.0,1
D005875,4.5,1215.0,1.11,30.0,0.48,-65.3,-50.3,24.2,45.0,-95.4,9.1,0.0,131.0,1
D005876,4.6,1207.0,1.07,26.5,0.57,-65.0,-48.7,25.1,45.0,-95.7,,0.0,132.0,0
D005877,6.3,1051.0,1.49,30.5,0.41,-68.1,-47.0,26.6,49.0,-98.5,1.0,0.0,108.0,0
D005878,5.0,1198.0,1.13,28.0,0.5,-63.5,-50.3,24.4,50.0,-95.8,7.0,1.0,130.0,1
D005879,4.4,1247.0,1.08,29.0,0.5,-65.4,-50.0,23.9,41.0,-96.0,7.4,0.0,128.0,1
D005880,3.8,1112.0,1.53,21.5,0.68,-66.7,-51.8,29.3,43.0,-95.8,3.7,0.0,150.0,0
D005881,5.0,1180.0,1.24,30.0,0.45,-64.8,-49.9,22.9,39.0,-96.5,10.4,0.0,133.0,1
D005882,5.3,1143.0,1.18,32.0,0.43,-66.3,-48.9,23.8,47.0,-94.7,6.3,1.0,118.0,1
D005883,5.0,1221.0,1.12,28.5,0.53,-65.2,-51.6,22.9,40.0,-95.0,9.7,0.0,130.0,1
D005884,3.9,1184.0,1.15,29.0,0.44,-64.4,-48.1,23.1,42.0,-95.8,9.4,1.0,130.0,0
D005885,4.7,1207.0,1.04,30.0,0.45,-65.7,-49.3,24.5,43.0,-95.5,10.5,1.0,140.0,1
D005886,4.1,1201.0,1.1,25.5,0.39,-66.2,-48.7,24.4,49.0,,9.8,0.0,117.0,0
D005887,5.1,1171.0,1.17,26.5,0.44,-64.8,-50.2,24.8,38.0,-95.5,9.3,1.0,130.0,1
D005888,4.4,1181.0,1.13,26.5,0.44,-65.1,-50.4,24.6,43.0,-96.9,10.2,0.0,121.0,1
D005889,4.5,1187.0,1.12,28.5,0.49,-64.3,-52.5,24.0,41.0,-97.9,10.9,1.0,129.0,1
D005890,5.1,1185.0,1.1,30.0,0.46,-65.7,-50.3,22.2,40.0,-95.7,15.3,1.0,130.0,1
D005891,5.2,1140.0,1.24,30.5,0.45,-65.1,-51.9,23.5,44.0,-95.7,10.4,1.0,120.0,1
D005892,4.6,1016.0,0.8,21.5,0.33,-62.5,-46.6,29.7,36.0,-93.0,14.1,1.0,101.0,0
D005893,4.5,1185.0,1.08,31.5,0.49,-65.1,-50.8,24.3,41.0,-96.0,8.4,0.0,128.0,1
D005894,5.0,1163.0,1.06,27.5,0.46,-64.8,-50.2,23.8,48.0,-96.4,10.2,0.0,124.0,1
D005895,4.8,1149.0,1.03,28.0,0.42,-65.3,-47.7,23.2,41.0,-94.5,5.2,0.0,121.0,1
D005896,3.4,1156.0,1.35,36.5,0.57,-69.3,-47.8,23.4,54.0,-95.6,3.9,1.0,143.0,1
D005897,,1217.0,1.2,27.5,0.4,,-49.2,23.2,40.0,-95.7,4.6,1.0,128.0,0
D005898,4.7,1296.0,1.15,28.5,0.46,-66.1,-49.4,23.4,43.0,-95.1,9.2,1.0,129.0,1
D005899,4.8,1181.0,1.18,27.5,0.47,-64.6,-49.2,24.3,,-94.7,13.0,1.0,132.0,0
D005900,4.2,1236.0,1.08,27.0,0.45,-64.8,-49.3,25.0,46.0,-94.3,9.9,0.0,127.0,1
D005901,4.4,1233.0,0.93,38.0,0.62,-66.7,-48.9,21.6,53.0,-91.4,6.8,0.0,134.0,1
D005902,5.0,1217.0,1.16,30.5,0.59,-64.4,-50.1,24.5,41.0,-96.4,10.6,1.0,136.0,1
D005903,5.8,1245.0,1.16,28.0,0.45,-65.3,-51.5,23.4,37.0,-96.8,6.8,1.0,139.0,1
D005904,4.3,1220.0,1.08,30.0,0.46,-66.0,-50.3,24.5,46.0,-95.2,4.3,0.0,127.0,1
D005905,5.0,1158.0,1.18,28.0,0.51,-66.7,-50.5,24.7,43.0,-95.3,10.8,1.0,132.0,1
D005906,4.5,1241.0,1.12,29.5,0.47,-66.3,-49.4,23.8,44.0,-94.0,5.0,1.0,,1
D005907,5.1,1164.0,1.22,27.0,0.48,-65.0,-50.1,24.9,44.0,-94.9,8.2,0.0,124.0,1
D005908,4.4,1186.0,1.25,28.5,0.49,-64.6,-51.2,24.2,48.0,-95.9,11.2,1.0,128.0,0
D005909,4.2,1128.0,1.06,27.5,0.45,-65.6,-50.4,23.6,44.0,-95.1,9.9,1.0,133.0,1
D005910,4.4,1189.0,1.07,27.0,0.5,-64.5,-48.8,24.0,48.0,-95.2,8.6,0.0,127.0,1
D005911,5.1,1165.0,1.14,28.0,0.43,-66.8,-50.2,24.7,47.0,-95.5,9.0,0.0,123.0,1
D005912,4.5,1184.0,1.18,30.5,0.49,-65.3,-51.2,23.9,45.0,-93.8,8.4,1.0,131.0,1
D005913,5.5,1183.0,1.01,27.5,0.5,-65.9,,,42.0,-96.3,11.1,1.0,139.0,1
D005914,5.2,1163.0,1.06,36.5,0.63,-62.3,-50.0,26.9,53.0,-91.1,19.1,1.0,150.0,0
D005915,6.2,1097.0,1.4,29.0,0.62,-66.4,-54.2,26.3,37.0,-92.3,23.2,1.0,124.0,0
D005916,3.6,1164.0,1.53,36.5,0.62,-66.9,-53.9,24.1,60.0,-91.4,11.2,1.0,124.0,0
D005917,4.6,1222.0,0.83,30.0,0.52,-66.8,-49.3,22.9,38.0,-94.6,6.9,0.0,123.0,1
D005918,3.6,1391.0,,28.5,0.65,-62.6,-53.4,22.5,33.0,-90.4,16.0,1.0,131.0,0
D005919,4.1,1228.0,1.11,28.5,0.46,-64.4,-49.6,23.3,41.0,-96.2,6.6,0.0,125.0,1
D005920,4.7,1222.0,1.1,30.0,0.41,-66.0,-48.2,24.2,48.0,-96.5,13.5,1.0,130.0,1
D005921,5.1,1154.0,1.19,35.0,0.5,-67.0,-50.6,21.7,48.0,-95.9,7.2,1.0,135.0,1
D005922,6.0,1269.0,1.21,25.5,0.43,-62.7,-51.7,26.9,36.0,-95.5,15.9,1.0,125.0,1
D005923,4.8,1170.0,1.22,27.5,0.44,-65.2,-51.3,24.0,45.0,-95.9,10.1,0.0,113.0,1
D005924,4.7,1171.0,1.16,29.0,0.5,-66.2,-49.4,22.7,40.0,-95.9,8.9,0.0,127.0,1
D005925,5.6,1298.0,1.54,21.5,0.53,-61.3,-54.0,26.4,32.0,-97.3,18.3,1.0,141.0,0
D005926,5.6,1231.0,1.07,31.5,0.51,-66.2,-50.6,24.1,45.0,-95.7,7.0,1.0,126.0,1
D005927,3.2,1016.0,1.09,25.5,0.7,-70.0,-52.5,22.3,39.0,-93.2,2.0,0.0,136.0,0
D005928,6.9,1099.0,0.98,33.0,0.37,-67.6,-46.9,25.8,35.0,-90.8,20.4,0.0,131.0,1
D005929,5.9,1183.0,1.23,33.5,0.44,-67.9,-46.8,25.3,48.0,-93.9,5.9,0.0,140.0,1
D005930,7.0,1218.0,0.84,35.5,0.33,-61.6,-47.1,27.5,39.0,-94.5,9.4,0.0,132.0,0
D005931,4.8,1159.0,0.98,27.0,0.49,-64.3,-51.2,23.9,39.0,-96.3,7.3,0.0,139.0,1
D005932,5.2,1188.0,1.58,26.0,0.52,-64.5,-53.3,21.0,50.0,-95.0,3.1,0.0,140.0,1
D005933,4.9,1164.0,0.97,28.0,0.5,-63.8,-51.0,23.9,46.0,-94.7,10.5,1.0,135.0,1
D005934,3.3,1157.0,1.31,21.0,0.58,-62.5,-50.8,20.4,35.0,-97.2,16.4,0.0,133.0,0
D005935,3.5,1008.0,0.93,27.5,0.67,-62.8,,24.7,37.0,-95.5,6.1,0.0,125.0,0
D005936,5.9,1006.0,1.11,27.5,0.46,-68.5,-53.4,21.7,60.0,-90.9,7.3,1.0,129.0,1
D005937,5.6,1113.0,1.13,29.5,0.47,-65.7,-49.1,23.6,45.0,-94.6,10.1,0.0,132.0,1
D005938,5.2,1208.0,1.3,29.5,0.42,-66.1,-48.9,24.1,45.0,-96.0,8.9,0.0,125.0,0
D005939,,1185.0,1.22,29.5,0.51,-64.7,-51.0,,47.0,-96.6,6.8,1.0,114.0,1
D005940,5.1,1205.0,1.03,31.5,0.43,-65.1,-50.4,24.9,46.0,-94.6,14.3,0.0,131.0,1
D005941,4.9,1239.0,0.97,32.0,0.54,-67.1,-51.3,,41.0,-95.4,8.1,0.0,133.0,1
D005942,4.9,1190.0,,31.5,0.54,-65.6,-50.4,23.2,41.0,-95.8,10.1,0.0,124.0,1
D005943,4.9,1278.0,1.08,29.5,0.49,-66.8,-48.9,23.5,39.0,-96.8,10.0,0.0,134.0,1
D005944,5.0,1228.0,1.06,29.0,0.5,-66.4,-51.2,22.8,43.0,-96.5,10.5,1.0,137.0,1
D005945,5.0,1210.0,1.5,28.0,0.43,-62.4,-46.1,23.9,48.0,-98.4,7.9,0.0,102.0,0
D005946,4.1,1212.0,1.0,29.0,0.46,-67.2,-50.0,24.8,40.0,-95.2,10.1,0.0,124.0,1
D005947,4.5,1085.0,1.11,29.5,0.48,-64.8,-49.8,25.0,44.0,-94.9,8.7,0.0,132.0,1
D005948,5.7,1016.0,0.91,35.5,0.54,-65.8,-54.8,26.1,50.0,-94.4,15.2,1.0,138.0,1
D005949,3.6,1348.0,0.9,36.0,0.38,-65.4,-53.0,25.5,34.0,-98.4,20.4,1.0,132.0,1
D005950,4.4,1209.0,1.06,29.5,0.59,-64.5,-49.2,25.1,42.0,-96.0,9.6,0.0,132.0,1
D005951,4.5,1204.0,1.19,32.5,0.5,-66.5,-49.8,24.4,42.0,-96.5,11.1,1.0,116.0,0
D005952,5.1,1184.0,1.07,31.0,0.53,-64.9,-48.5,24.5,41.0,-96.4,6.1,1.0,123.0,1
D005953,4.5,1239.0,1.09,30.0,0.46,-65.5,-50.7,24.0,45.0,-96.4,7.9,1.0,137.0,1
D005954,6.0,1161.0,0.9,27.5,0.69,-68.9,-46.7,21.2,48.0,-92.6,23.1,0.0,113.0,0
D005955,6.1,,1.18,32.0,0.48,-64.8,-49.7,23.0,40.0,-96.1,10.9,1.0,135.0,1
D005956,4.8,1148.0,1.11,31.5,0.58,-65.9,-49.7,23.1,,-95.1,5.5,1.0,135.0,1
D005957,5.4,1226.0,0.99,30.0,0.38,-64.4,-48.3,,52.0,-90.7,12.3,0.0,106.0,0
D005958,4.8,1179.0,1.02,28.5,0.52,-66.6,-50.7,23.6,49.0,-95.9,5.1,0.0,133.0,1
D005959,4.7,1165.0,1.49,33.0,0.69,-60.1,-53.1,23.3,39.0,-98.4,18.9,0.0,107.0,0
D005960,4.2,1247.0,,31.0,0.48,-64.3,-50.1,23.9,43.0,-94.5,8.3,0.0,133.0,1
D005961,4.0,1055.0,0.81,21.0,0.54,-69.7,-46.1,23.6,58.0,-96.2,6.9,0.0,102.0,1
D005962,6.0,1334.0,0.86,20.0,0.32,-62.7,-45.9,23.3,59.0,-99.6,6.9,0.0,116.0,0
D005963,4.8,1359.0,1.53,27.5,0.63,-68.1,-47.8,26.6,45.0,-94.5,6.3,0.0,148.0,1
D005964,5.2,1117.0,0.95,28.0,0.46,-66.1,-49.9,22.5,41.0,-95.3,11.9,0.0,126.0,1
D005965,6.0,1120.0,1.25,34.5,0.46,-62.3,-52.2,27.8,43.0,-91.7,13.0,0.0,122.0,1
D005966,3.9,1279.0,1.51,37.5,0.59,-68.5,-53.7,24.6,42.0,-92.2,19.3,0.0,118.0,1
D005967,4.4,1158.0,1.11,29.0,0.55,-67.2,-49.3,24.4,49.0,-97.5,11.8,1.0,126.0,0
D005968,3.4,1207.0,1.23,34.5,0.43,-62.6,-49.0,20.7,32.0,-98.6,15.1,0.0,101.0,0
D005969,4.3,,1.21,29.0,0.52,-67.6,-48.9,23.4,47.0,-95.2,9.5,1.0,123.0,0
D005970,4.7,1212.0,0.98,25.5,0.42,-64.9,-50.7,24.0,42.0,-95.6,6.3,1.0,125.0,1
D005971,6.4,1090.0,1.55,25.5,0.66,-67.0,-53.4,23.2,45.0,-97.5,6.3,1.0,101.0,0
D005972,4.3,1171.0,1.06,28.0,0.43,-65.4,-49.6,23.9,48.0,-95.9,10.3,1.0,128.0,0
D005973,5.6,1223.0,1.24,27.5,,-65.8,-48.7,24.7,43.0,-96.6,9.5,1.0,131.0,1
D005974,5.1,1249.0,1.09,31.0,0.46,-66.5,-49.1,24.8,48.0,-95.5,10.5,0.0,123.0,1
D005975,5.4,1224.0,1.03,29.0,0.46,-65.8,-50.0,23.8,44.0,-95.8,9.7,1.0,133.0,1
D005976,4.4,1206.0,1.14,28.0,0.51,-65.8,-50.1,24.0,43.0,-97.7,7.6,0.0,129.0,1
D005977,5.2,1256.0,1.01,29.0,0.4,-64.3,-50.2,25.4,48.0,-94.9,7.9,1.0,121.0,1
D005978,5.4,1199.0,1.03,28.0,0.5,-66.4,-50.3,23.5,45.0,-96.1,10.4,1.0,128.0,1
D005979,5.0,1221.0,,30.0,0.52,-66.1,-50.2,24.3,44.0,-95.3,,1.0,129.0,1
D005980,4.1,1189.0,1.08,29.5,0.42,-67.0,-51.5,23.9,47.0,-96.5,9.7,1.0,127.0,1
D005981,4.9,1147.0,0.86,28.0,0.44,-68.2,-51.3,25.1,42.0,-94.5,4.5,0.0,123.0,1
D005982,4.8,1110.0,1.21,,0.37,-64.5,-46.4,23.2,36.0,-91.8,9.3,1.0,126.0,0
D005983,4.8,1165.0,1.13,31.0,0.55,-65.3,-50.7,24.2,44.0,-96.3,13.0,1.0,133.0,1
D005984,4.1,1000.0,1.57,32.5,0.42,,-46.8,25.1,44.0,-94.2,12.0,1.0,115.0,0
D005985,4.9,1081.0,1.05,31.0,0.52,-66.7,-50.2,24.5,41.0,-95.2,9.6,0.0,138.0,1
D005986,4.5,1141.0,1.12,30.0,0.47,-66.1,-50.8,23.3,44.0,-95.4,11.0,1.0,123.0,0
D005987,4.6,1127.0,0.93,21.0,0.47,-68.3,-45.2,,54.0,-93.5,12.3,1.0,113.0,0
D005988,4.7,1183.0,1.14,28.0,0.47,-67.1,-49.4,23.4,48.0,-96.4,6.4,0.0,128.0,1
D005989,4.1,1181.0,0.98,29.5,0.49,-66.8,-50.6,23.9,42.0,-95.9,13.8,0.0,135.0,1
D005990,4.8,1079.0,1.11,27.0,0.47,-66.2,-50.6,25.6,46.0,-96.9,10.7,1.0,130.0,0
D005991,5.6,1237.0,1.19,31.5,0.45,-68.3,-51.1,21.4,46.0,-94.0,6.3,1.0,130.0,1
D005992,5.2,1229.0,1.22,30.0,0.44,-66.7,-48.9,24.9,43.0,-96.0,9.1,1.0,134.0,1
D005993,5.4,1089.0,1.15,26.0,0.47,-67.7,-49.1,23.7,46.0,-97.1,7.5,1.0,124.0,1
D005994,4.8,1147.0,1.06,28.5,0.5,-65.0,-51.6,25.2,43.0,-94.9,5.6,1.0,132.0,1
D005995,4.2,1346.0,0.87,38.5,0.3,-62.7,-48.1,24.5,42.0,-97.1,14.4,0.0,138.0,0
D005996,4.3,1147.0,1.31,31.0,0.52,-67.0,-48.7,23.0,45.0,-94.1,9.5,1.0,124.0,0
D005997,5.2,1149.0,1.1,32.0,0.49,-64.2,-50.8,22.6,44.0,-96.2,11.5,1.0,129.0,1
D005998,4.1,1251.0,1.39,37.5,0.45,-66.8,-51.5,29.0,56.0,-93.2,11.3,0.0,108.0,0
D005999,4.7,1175.0,1.27,24.0,0.44,-65.4,-47.5,26.0,41.0,-94.5,10.5,0.0,133.0,0
D006000,6.8,1022.0,1.07,22.5,0.33,-66.3,-45.7,21.4,33.0,-91.5,8.6,1.0,123.0,0
D006001,4.8,1119.0,1.16,31.0,0.5,-65.7,-49.3,25.1,46.0,-95.8,8.6,0.0,133.0,1
D006002,6.6,1100.0,0.98,32.5,0.52,-63.7,-46.3,27.4,40.0,-94.8,0.5,0.0,100.0,1
D006003,5.0,1194.0,1.13,32.0,0.51,-65.8,-47.4,24.7,44.0,-94.4,10.2,1.0,129.0,1
D006004,5.0,1212.0,1.12,27.0,0.46,-65.4,-52.2,24.3,42.0,-94.2,9.1,1.0,133.0,1
D006005,5.1,1160.0,1.04,29.0,0.48,-65.6,-48.1,23.6,47.0,-94.7,1.7,0.0,126.0,1
D006006,5.4,1173.0,1.13,28.5,0.45,-66.2,-50.2,21.9,46.0,-95.9,8.2,1.0,133.0,1
D006007,5.4,1104.0,1.06,27.5,0.51,-65.6,-49.6,23.8,45.0,-95.5,10.5,1.0,124.0,1
D006008,3.2,1004.0,0.87,23.0,0.69,-65.3,-46.4,27.1,38.0,-98.2,19.3,0.0,110.0,0
D006009,6.2,1058.0,1.29,32.0,0.39,-66.4,-47.9,27.2,49.0,-97.7,21.7,1.0,149.0,1
D006010,5.4,1225.0,1.16,,0.62,-62.1,-52.0,23.4,48.0,-100.0,10.3,0.0,136.0,1
D006011,4.2,1245.0,0.93,28.5,0.52,-65.7,-49.6,24.6,45.0,-95.8,8.0,1.0,129.0,1
D006012,4.8,1159.0,1.16,29.0,0.5,-65.0,-49.5,24.6,,-95.2,11.0,1.0,124.0,0
D006013,5.4,1028.0,1.24,35.0,0.41,-62.0,-53.4,24.7,40.0,-93.9,0.3,1.0,118.0,1
D006014,3.5,1276.0,1.52,39.0,0.35,-60.0,-50.5,23.4,39.0,-98.3,21.1,0.0,124.0,0
D006015,4.9,1200.0,1.14,29.0,0.57,-63.6,-52.0,22.7,44.0,-95.9,7.3,0.0,124.0,1
D006016,4.1,1263.0,0.88,33.5,0.52,-66.4,-48.5,,58.0,-99.1,12.5,1.0,117.0,0
D006017,4.9,1196.0,1.01,27.0,0.42,-66.6,-51.0,25.1,46.0,-96.1,6.1,1.0,132.0,1
D006018,4.2,1160.0,1.27,28.0,0.47,-65.0,-49.6,25.7,42.0,-96.9,5.7,1.0,133.0,0
D006019,4.7,1170.0,1.06,31.5,0.47,-65.6,-49.8,23.3,43.0,-95.2,8.2,0.0,129.0,1
D006020,5.3,1156.0,1.06,29.0,0.4,-63.7,-51.8,22.7,39.0,-96.1,8.2,0.0,130.0,1
D006021,3.9,1217.0,1.09,25.5,0.54,-65.3,-49.1,26.0,43.0,-95.9,8.5,1.0,127.0,0
D006022,4.4,1135.0,1.03,29.5,0.43,-65.2,-46.8,25.4,40.0,-95.9,10.2,0.0,123.0,1
D006023,6.8,1007.0,1.4,34.5,0.45,-64.2,-51.5,28.9,45.0,-90.0,6.7,0.0,142.0,1
D006024,4.3,1197.0,1.12,30.0,0.47,-61.1,-52.0,23.1,30.0,-99.8,7.5,0.0,150.0,1
D006025,5.5,1211.0,1.12,28.5,0.47,-65.8,-49.3,23.2,44.0,-97.1,8.9,1.0,128.0,1
D006026,3.3,1373.0,1.14,39.5,0.53,-69.9,-48.9,20.8,52.0,-96.9,5.4,1.0,142.0,1
D006027,4.3,1203.0,1.08,27.0,0.47,-65.0,-50.1,24.7,42.0,-95.7,6.7,1.0,123.0,1
D006028,5.4,1178.0,1.15,29.5,0.48,-66.9,-49.8,26.3,45.0,-96.7,8.7,1.0,128.0,1
D006029,5.0,1223.0,1.13,28.0,0.42,-65.0,,24.9,38.0,-96.6,,0.0,122.0,1
D006030,4.2,1207.0,0.93,30.5,0.52,-66.6,-51.1,23.2,46.0,-95.8,8.0,1.0,127.0,1
D006031,5.0,1131.0,1.08,27.0,0.5,-64.4,-49.8,24.8,41.0,-96.2,10.6,0.0,128.0,1
D006032,5.4,1234.0,1.04,29.0,0.48,-65.3,-50.9,23.7,45.0,-94.3,7.1,0.0,131.0,1
D006033,4.6,1202.0,1.11,29.5,0.53,-66.2,-49.3,24.7,45.0,-94.2,4.5,0.0,133.0,1
D006034,3.6,1052.0,1.5,24.0,0.39,-60.7,-51.5,24.1,33.0,-94.6,22.4,1.0,147.0,0
D006035,5.2,1108.0,1.11,27.5,0.47,-66.1,-50.0,22.8,44.0,-94.1,10.5,1.0,131.0,1
D006036,5.5,1190.0,1.07,32.0,0.48,-65.0,-49.4,22.5,40.0,-96.8,10.8,0.0,126.0,1
D006037,5.2,1149.0,1.19,30.5,0.51,-64.2,-49.6,21.8,44.0,-93.8,8.5,1.0,128.0,0
D006038,5.3,1175.0,1.2,29.0,0.48,-66.3,-49.7,24.8,42.0,-95.1,10.2,1.0,123.0,1
D006039,5.1,1203.0,1.25,27.0,0.5,-65.8,-50.3,24.0,44.0,-95.5,13.5,1.0,136.0,1
D006040,4.7,1152.0,1.09,30.5,0.51,-64.6,-51.7,23.4,46.0,-95.4,11.5,0.0,125.0,1
D006041,6.2,1013.0,0.97,31.5,0.4,-60.1,-52.2,29.8,34.0,-96.2,1.8,0.0,140.0,1
D006042,5.8,1253.0,1.49,28.5,0.61,-64.0,-51.5,21.4,57.0,-99.7,21.5,1.0,115.0,0
D006043,3.7,1124.0,1.04,30.5,0.53,-66.5,-50.4,24.1,49.0,-96.3,8.2,1.0,121.0,1
D006044,5.4,1157.0,1.14,26.5,0.48,-66.8,-49.8,24.1,43.0,-94.9,10.7,1.0,122.0,1
D006045,4.9,1131.0,1.1,32.0,0.45,-65.5,-48.9,23.7,43.0,-95.7,7.1,1.0,138.0,1
D006046,4.9,1221.0,1.16,26.5,0.49,-67.3,-47.0,24.2,40.0,-95.1,12.0,0.0,128.0,1
D006047,4.2,1149.0,1.26,29.5,0.52,-65.0,-49.4,24.3,39.0,-96.4,11.4,1.0,124.0,0
D006048,4.7,1175.0,1.1,26.5,0.5,-65.2,-49.6,25.9,46.0,-94.2,5.9,1.0,120.0,1
D006049,,1118.0,1.43,25.5,0.37,-66.3,-55.0,29.2,37.0,-96.8,1.6,1.0,136.0,0
D006050,4.6,1226.0,1.05,30.0,0.47,-66.2,-50.3,24.5,46.0,-96.0,,0.0,124.0,1
D006051,3.4,1338.0,,33.0,0.32,-63.7,-53.9,24.8,30.0,-90.7,7.9,0.0,119.0,1
D006052,3.1,1378.0,0.84,36.5,0.63,-68.3,-54.9,29.9,36.0,-97.6,11.1,0.0,142.0,1
D006053,3.7,1254.0,1.14,29.5,0.45,-61.5,-47.8,29.6,32.0,-96.0,13.4,0.0,130.0,0
D006054,4.4,1147.0,,24.5,0.64,-65.5,-54.0,26.8,36.0,-97.5,2.7,1.0,107.0,0
D006055,4.4,1340.0,0.99,35.5,0.3,-63.9,-51.3,24.1,47.0,-92.5,16.5,0.0,120.0,0
D006056,4.4,1150.0,1.0,26.5,0.5,-65.7,-50.1,25.6,43.0,-95.0,6.9,1.0,127.0,1
D006057,6.6,1005.0,0.8,28.0,0.34,-61.7,-54.1,20.7,42.0,-93.6,19.9,1.0,127.0,0
D006058,4.7,1221.0,1.05,28.5,0.48,-64.0,-49.9,23.4,45.0,-94.5,7.4,1.0,132.0,1
D006059,4.7,1190.0,1.1,33.5,0.44,-65.4,-50.9,22.9,47.0,-93.4,5.2,1.0,128.0,1
D006060,5.3,1236.0,1.27,28.0,0.46,-65.2,-50.2,24.0,44.0,-96.7,10.0,0.0,126.0,1
D006061,4.1,1387.0,1.46,29.0,0.52,-66.2,-47.3,20.5,51.0,-91.9,5.0,1.0,143.0,0
D006062,6.2,1385.0,1.2,21.0,0.47,-69.3,-52.3,29.7,,-95.3,17.2,1.0,124.0,0
D006063,5.5,1244.0,1.24,29.5,0.48,-65.6,-48.4,24.3,49.0,-96.5,7.2,1.0,125.0,1
D006064,4.8,1122.0,1.14,26.5,0.46,-66.0,-49.0,24.6,48.0,-94.9,10.2,1.0,128.0,0
D006065,4.9,1171.0,1.2,25.5,0.39,-64.6,-48.3,25.8,47.0,-95.4,7.6,1.0,130.0,0
D006066,4.5,1119.0,1.01,27.0,0.48,-66.3,-48.1,23.4,43.0,-94.8,9.0,0.0,127.0,1
D006067,4.9,1224.0,1.13,30.0,0.41,,-52.6,22.3,41.0,-96.8,6.8,1.0,132.0,1
D006068,4.0,1167.0,1.13,32.0,0.49,-65.2,-50.7,25.8,49.0,,7.2,0.0,139.0,1
D006069,5.9,1308.0,1.35,30.0,0.59,-66.3,-51.7,29.5,50.0,-97.0,11.9,1.0,114.0,0
D006070,5.0,1156.0,1.11,29.0,0.45,-66.3,-49.9,24.3,44.0,-95.9,9.5,1.0,132.0,0
D006071,4.5,1196.0,1.13,28.0,0.48,-65.7,-50.2,24.4,42.0,-97.2,8.4,1.0,135.0,1
D006072,4.7,1235.0,1.13,28.0,0.46,-67.0,-50.2,24.6,43.0,-95.2,4.1,1.0,127.0,1
D006073,4.7,1140.0,1.06,32.0,0.51,-66.0,-49.5,25.1,41.0,-95.7,12.2,1.0,132.0,1
D006074,4.5,1190.0,1.02,28.5,0.48,-65.7,-52.0,24.1,44.0,-92.9,8.4,0.0,127.0,1
D006075,4.3,1214.0,1.22,31.0,0.5,-66.2,-51.5,24.1,49.0,-95.5,10.0,0.0,132.0,1
D006076,4.5,1278.0,1.33,38.5,0.7,-63.4,-53.0,20.5,32.0,-93.9,2.5,0.0,104.0,0
D006077,4.7,1220.0,1.03,33.5,0.47,-66.3,-51.8,24.7,42.0,-96.1,3.8,0.0,138.0,1
D006078,3.9,1286.0,1.49,23.5,0.49,-67.7,-48.0,21.6,60.0,-94.0,19.0,0.0,105.0,0
D006079,4.4,1371.0,1.05,35.0,0.57,-69.5,-52.4,23.5,58.0,-92.5,11.9,1.0,121.0,1
D006080,5.3,1173.0,1.08,30.0,0.5,-64.4,-48.8,23.7,37.0,-95.4,11.4,0.0,134.0,1
D006081,3.4,1138.0,1.41,35.5,0.62,-68.5,-49.3,21.9,58.0,-94.3,7.2,1.0,116.0,0
D006082,5.0,1211.0,1.03,29.0,0.44,-67.2,-49.5,25.0,,-96.6,,1.0,130.0,0
D006083,6.6,1031.0,1.5,31.5,0.49,-67.2,-52.0,23.5,50.0,-93.0,11.7,0.0,119.0,1
D006084,4.8,1190.0,1.08,32.0,0.45,-63.6,-49.6,24.0,44.0,-95.7,8.4,0.0,129.0,0
D006085,4.9,1224.0,1.01,32.0,0.53,-66.6,-49.1,24.1,48.0,-96.5,13.5,0.0,135.0,1
D006086,6.4,1063.0,1.56,33.5,0.44,-64.1,-45.2,26.8,30.0,-91.7,5.0,1.0,141.0,1
D006087,5.5,1238.0,1.37,31.5,0.35,-64.8,-48.1,29.3,50.0,-96.9,20.9,1.0,129.0,0
D006088,5.3,1237.0,1.05,26.0,0.47,-64.4,-49.0,23.6,41.0,-95.9,,0.0,129.0,1
D006089,4.7,1204.0,0.99,27.5,0.44,-66.3,-50.3,24.5,36.0,-95.6,11.4,0.0,118.0,1
D006090,6.8,1175.0,1.06,35.0,0.45,-66.1,-46.4,28.0,53.0,-90.5,17.5,0.0,132.0,1
D006091,5.0,1158.0,0.93,30.5,0.48,-65.2,-48.7,23.1,44.0,-96.3,,0.0,124.0,1
D006092,4.4,1182.0,1.1,29.5,0.47,-66.5,-50.1,25.2,42.0,-96.5,6.9,0.0,134.0,1
D006093,4.8,1176.0,1.06,29.0,0.47,-64.7,-49.2,24.6,49.0,-95.4,9.4,1.0,137.0,1
D006094,4.9,1185.0,1.23,31.0,0.52,-64.0,-49.9,23.6,46.0,-93.7,7.7,0.0,124.0,1
D006095,4.3,1271.0,1.33,40.0,0.4,-62.7,-54.4,20.7,51.0,-91.0,21.4,0.0,144.0,0
D006096,4.3,1175.0,1.04,26.0,0.49,-65.9,-50.9,22.8,41.0,-95.5,11.6,0.0,131.0,1
D006097,5.1,1148.0,1.0,33.5,0.53,-66.2,-49.6,22.9,41.0,-95.8,8.1,0.0,120.0,1
D006098,3.7,1186.0,0.83,32.5,0.37,-68.8,-45.6,23.3,42.0,-96.8,12.4,0.0,110.0,1
D006099,4.8,1194.0,1.0,30.0,0.49,-65.8,-50.9,24.3,50.0,-94.9,11.9,1.0,122.0,1
D006100,5.0,1207.0,1.18,30.0,0.53,-65.2,-49.7,22.6,40.0,-96.8,4.4,0.0,125.0,1
D006101,3.1,1215.0,1.4,36.0,0.54,-62.4,-54.5,23.6,45.0,-99.0,15.1,1.0,107.0,0
D006102,4.4,1218.0,1.12,27.0,0.4,-65.1,-51.0,23.7,36.0,-92.9,8.3,1.0,127.0,0
D006103,5.1,1349.0,0.86,,0.35,-67.2,-47.3,,38.0,-92.7,8.6,1.0,145.0,0
D006104,6.2,1301.0,1.26,38.5,0.44,-66.6,-52.6,27.7,36.0,-99.2,21.1,1.0,133.0,0
D006105,4.9,1260.0,1.09,26.5,0.45,-63.9,-48.7,22.4,42.0,-96.7,3.6,0.0,124.0,1
D006106,5.8,1068.0,1.07,27.5,0.67,-61.1,-50.0,29.2,58.0,-99.3,3.0,0.0,111.0,0
D006107,4.5,1196.0,1.04,27.5,0.48,-65.1,-53.1,25.2,43.0,-96.0,13.4,0.0,124.0,0
D006108,4.9,,1.05,30.0,0.48,-66.8,-50.8,23.2,43.0,-96.8,9.0,1.0,127.0,1
D006109,4.2,1206.0,0.98,30.0,0.49,-66.8,-48.9,25.0,39.0,-94.3,12.1,0.0,133.0,1
D006110,4.7,,1.04,31.5,0.48,-67.6,-52.4,25.3,40.0,-95.1,12.6,1.0,129.0,1
D006111,6.2,1019.0,0.91,20.5,0.55,-60.4,-51.2,27.4,43.0,-99.5,16.7,1.0,102.0,1
D006112,4.5,1172.0,1.16,30.0,0.46,-66.2,-50.2,22.9,47.0,-95.5,11.4,1.0,138.0,1
D006113,4.5,1168.0,1.06,29.0,0.44,-64.2,-48.7,23.6,47.0,-94.5,9.1,1.0,135.0,1
D006114,4.8,1135.0,1.0,29.0,0.51,-65.7,-49.8,21.6,49.0,-93.4,8.4,0.0,132.0,1
D006115,3.6,1019.0,0.98,29.5,0.58,-60.5,-55.0,24.8,35.0,-91.2,11.3,0.0,117.0,1
D006116,5.2,1157.0,1.1,29.5,0.48,-64.7,-49.5,23.8,42.0,-95.1,7.7,0.0,130.0,1
D006117,4.7,1297.0,1.42,37.0,0.47,-67.8,-50.5,29.2,36.0,-97.9,,1.0,143.0,1
D006118,4.3,1200.0,1.02,31.5,,-65.7,-50.2,24.0,,-95.1,4.8,1.0,123.0,0
D006119,5.1,1143.0,1.12,28.0,0.46,-65.8,-52.3,23.4,41.0,-95.9,11.2,0.0,139.0,1
D006120,5.6,1273.0,1.21,25.0,0.66,-63.4,-51.6,28.6,58.0,-92.1,9.5,0.0,117.0,0
D006121,4.9,1199.0,1.08,27.5,0.5,-65.9,-49.8,23.1,42.0,-94.7,4.4,1.0,133.0,1
D006122,6.1,1214.0,1.31,34.0,0.57,-67.2,-52.2,21.7,35.0,-99.7,13.6,0.0,129.0,1
D006123,4.1,1174.0,1.08,28.5,0.43,-65.8,-51.1,24.0,47.0,-94.0,5.1,1.0,132.0,1
D006124,6.9,1030.0,1.13,20.0,0.64,-62.6,-51.0,27.3,42.0,-98.2,8.8,1.0,110.0,0
D006125,5.1,1256.0,0.96,28.0,0.45,-65.9,-49.0,,51.0,-95.6,7.5,0.0,129.0,1
D006126,4.5,1231.0,1.12,31.0,0.52,-65.0,-51.3,21.8,43.0,-96.5,10.7,1.0,131.0,0
D006127,4.5,1134.0,1.15,27.0,0.45,-63.7,-52.3,23.5,40.0,-95.3,9.7,1.0,119.0,0
D006128,6.2,1039.0,1.44,30.0,0.52,-63.8,-53.4,24.3,57.0,-95.2,,0.0,127.0,0
D006129,5.2,1049.0,1.59,26.0,0.35,-62.5,-49.7,20.8,39.0,-96.1,9.5,0.0,120.0,0
D006130,5.8,1148.0,1.18,37.0,0.43,-66.9,-46.5,22.5,55.0,-99.7,12.8,1.0,131.0,1
D006131,4.3,1112.0,1.21,32.0,0.56,-67.1,-48.7,22.5,43.0,-96.2,10.1,1.0,122.0,1
D006132,5.2,1173.0,1.13,28.0,0.52,-66.1,-51.0,23.4,44.0,-97.0,11.6,0.0,129.0,1
D006133,5.5,1198.0,1.13,29.5,0.5,-67.2,-48.7,23.4,47.0,-96.9,9.2,0.0,130.0,1
D006134,5.4,1069.0,1.21,24.5,0.44,-64.9,-45.4,28.6,40.0,-95.1,12.7,0.0,113.0,0
D006135,6.7,1383.0,0.96,38.0,0.63,-62.3,-49.1,21.9,37.0,-93.3,20.7,1.0,,1
D006136,4.1,1227.0,1.07,23.0,0.47,-65.1,-48.8,24.3,44.0,-96.6,3.9,1.0,132.0,0
D006137,5.8,1196.0,1.28,28.5,0.68,-61.0,-48.7,26.8,32.0,-99.2,11.7,1.0,140.0,0
D006138,3.7,1005.0,0.94,35.0,0.42,-63.4,-46.4,28.0,56.0,-90.7,11.4,1.0,145.0,0
D006139,3.8,1110.0,0.98,31.5,0.54,-69.2,-52.0,20.7,50.0,-95.9,22.0,0.0,132.0,1
D006140,4.9,1208.0,1.17,31.5,0.53,,-50.7,23.4,49.0,-96.6,7.2,1.0,130.0,1
D006141,4.5,1210.0,1.04,27.0,0.48,-65.1,-52.1,23.9,41.0,-94.7,7.2,0.0,129.0,1
D006142,3.3,1392.0,1.17,39.0,0.7,-65.4,-49.1,20.7,47.0,-98.3,19.8,1.0,149.0,0
D006143,4.8,1195.0,1.12,29.5,0.45,-65.0,-51.3,25.1,47.0,-93.5,4.5,0.0,126.0,1
D006144,6.4,1087.0,0.84,33.5,0.56,-63.6,-53.2,23.4,34.0,-92.8,7.1,1.0,137.0,1
D006145,4.9,1166.0,0.88,27.5,0.39,-64.7,-51.2,24.9,50.0,-94.8,8.3,0.0,122.0,1
D006146,4.5,1197.0,1.15,27.0,0.53,-64.8,-50.8,25.0,43.0,-95.9,12.7,1.0,125.0,1
D006147,4.6,1199.0,1.13,30.5,0.49,-65.7,-48.6,22.9,43.0,,9.1,1.0,133.0,1
D006148,5.0,1161.0,1.1,25.0,0.52,-64.4,-50.3,22.8,45.0,-95.9,10.1,1.0,127.0,1
D006149,5.3,1168.0,1.0,32.5,0.5,-66.3,-48.5,22.7,42.0,-96.0,4.8,1.0,127.0,1
D006150,5.2,1152.0,1.01,30.0,0.46,-64.3,-48.8,23.5,44.0,-95.7,9.4,0.0,128.0,1
D006151,4.7,1183.0,1.08,,0.44,-65.2,-50.6,23.0,52.0,-96.2,8.7,0.0,117.0,1
D006152,5.0,1197.0,1.15,32.0,0.46,-66.5,-49.1,23.7,37.0,-95.8,9.0,1.0,128.0,1
D006153,4.8,1387.0,1.31,39.0,,-67.2,-53.1,22.2,57.0,-97.4,3.2,1.0,145.0,1
D006154,,1223.0,0.93,27.0,0.45,-64.0,-48.3,25.1,44.0,-95.3,13.3,1.0,129.0,1
D006155,3.4,1029.0,1.45,35.0,0.55,-64.7,-51.0,21.2,57.0,-97.0,6.6,1.0,105.0,0
D006156,5.1,1165.0,1.15,31.0,0.55,-64.6,-49.2,24.1,41.0,,8.3,1.0,127.0,1
D006157,4.1,1147.0,1.04,29.0,0.51,-64.8,-49.1,24.1,43.0,-96.6,12.3,1.0,124.0,0
D006158,6.9,1032.0,0.88,20.5,0.5,-66.0,-46.2,30.0,47.0,-90.7,15.8,0.0,122.0,0
D006159,4.8,1158.0,1.51,32.5,0.46,-61.6,-48.9,28.8,39.0,-95.7,19.1,0.0,116.0,0
D006160,5.1,1158.0,1.31,29.5,0.54,-65.2,-49.4,23.0,36.0,-96.4,5.7,1.0,126.0,1
D006161,4.5,,1.58,23.0,0.69,-61.1,-50.2,26.4,49.0,-96.2,13.8,1.0,142.0,0
D006162,4.3,1244.0,1.12,30.5,0.43,-64.7,,24.5,42.0,-94.7,5.5,0.0,124.0,1
D006163,5.1,1134.0,1.03,30.0,0.46,-65.2,-49.5,24.8,43.0,-93.8,13.5,1.0,122.0,1
D006164,4.9,1196.0,1.11,33.0,0.56,-64.7,-49.0,26.5,44.0,-95.4,4.0,1.0,125.0,0
D006165,5.1,1178.0,1.12,30.0,0.51,-65.7,-47.8,25.4,50.0,-96.1,9.5,0.0,126.0,1
D006166,4.7,1255.0,1.16,35.5,0.57,-65.1,-45.1,24.6,54.0,-98.3,18.4,0.0,108.0,0
D006167,4.3,1229.0,1.15,30.0,0.53,-64.3,-50.7,25.2,48.0,-95.6,8.1,1.0,134.0,0
D006168,6.6,1072.0,0.83,35.0,0.4,-60.7,-54.1,23.7,31.0,-92.7,12.7,0.0,104.0,1
D006169,4.8,1194.0,1.13,29.5,0.44,-65.7,-49.5,24.6,45.0,-95.1,9.2,0.0,132.0,1
D006170,4.3,1302.0,1.23,39.0,0.58,-70.0,-53.3,29.6,32.0,-96.5,17.5,0.0,103.0,0
D006171,4.6,1211.0,1.0,26.0,0.51,-66.9,-50.5,,44.0,-97.0,10.2,1.0,129.0,1
D006172,4.6,1180.0,0.98,27.5,0.44,-64.5,-49.3,23.9,47.0,-96.5,10.1,1.0,130.0,0
D006173,6.3,1115.0,1.21,25.0,0.39,-62.0,-54.4,23.9,39.0,-97.5,16.8,0.0,147.0,1
D006174,4.3,1138.0,1.08,30.0,0.46,-65.5,-50.6,24.1,41.0,-96.1,9.1,1.0,124.0,1
D006175,5.0,1208.0,1.01,31.0,0.46,-66.9,-50.1,24.7,41.0,-95.4,5.4,0.0,119.0,1
D006176,6.2,1198.0,0.89,27.0,0.38,-61.7,-46.3,24.0,55.0,-93.4,2.1,1.0,148.0,1
D006177,4.8,1227.0,0.98,30.5,0.53,-65.2,-49.8,24.8,48.0,-93.8,9.5,1.0,128.0,0
D006178,4.7,1256.0,1.47,29.5,0.53,-61.9,-47.0,28.0,49.0,-91.4,2.5,1.0,127.0,0
D006179,4.7,,1.21,30.5,0.46,-68.5,-51.2,24.1,46.0,,6.0,0.0,135.0,1
D006180,5.2,1145.0,1.1,27.5,0.54,-64.6,-50.3,23.6,40.0,-95.8,8.9,1.0,125.0,1
D006181,4.0,1203.0,1.05,31.0,0.41,-65.5,-51.1,22.5,40.0,-96.9,9.5,0.0,126.0,1
D006182,5.3,1178.0,1.18,31.5,0.44,-65.3,-51.1,24.8,46.0,-95.5,9.0,0.0,126.0,1
D006183,4.1,1207.0,0.93,28.5,0.48,-65.6,-48.9,23.6,42.0,-95.5,8.5,0.0,133.0,1
D006184,4.2,1329.0,0.99,36.0,0.51,-63.6,-47.3,24.9,52.0,-90.8,21.1,0.0,103.0,1
D006185,5.2,1183.0,1.04,26.5,0.51,-65.6,-49.7,25.3,45.0,-95.2,6.8,0.0,138.0,1
D006186,4.7,1228.0,1.11,30.0,0.49,-65.2,-49.0,22.2,51.0,-95.0,5.6,1.0,118.0,1
D006187,4.4,1179.0,1.1,30.0,0.48,-66.2,-49.4,24.5,49.0,-95.8,9.1,1.0,125.0,0
D006188,5.1,1188.0,1.16,26.0,0.46,-67.1,-50.0,22.5,46.0,-95.3,12.9,1.0,135.0,1
D006189,4.3,1094.0,1.18,27.0,0.51,-65.9,-49.8,24.9,40.0,-95.6,7.4,1.0,127.0,0
D006190,4.5,1129.0,1.14,28.0,0.42,-64.7,-50.0,24.4,52.0,-94.8,9.4,1.0,132.0,0
D006191,4.2,1130.0,1.01,29.5,0.48,-65.7,-50.9,23.7,49.0,-95.9,8.2,0.0,123.0,1
D006192,4.3,1097.0,1.05,26.5,0.53,-65.2,-49.8,25.7,47.0,,7.3,0.0,140.0,1
D006193,4.5,1220.0,1.18,28.0,0.38,-65.6,-50.3,24.1,51.0,-95.2,12.1,1.0,129.0,0
D006194,4.6,,1.39,23.0,0.54,-64.9,-51.5,28.1,54.0,-95.3,4.8,1.0,130.0,1
D006195,5.2,1183.0,1.27,30.0,0.5,-64.4,-50.8,24.9,45.0,-94.6,,0.0,127.0,1
D006196,4.4,1165.0,1.08,28.0,0.51,-66.4,-49.9,24.8,45.0,-95.9,8.3,0.0,134.0,1
D006197,6.5,1083.0,1.53,31.5,0.38,-63.5,-45.3,27.9,,-94.7,11.5,0.0,106.0,0
D006198,5.0,1114.0,0.98,27.0,0.48,-66.2,-50.6,24.3,49.0,-95.8,9.3,0.0,126.0,1
D006199,5.5,1062.0,1.58,36.0,,-66.8,-50.1,20.0,34.0,-93.3,10.2,0.0,113.0,0
D006200,5.3,1333.0,1.17,21.0,0.48,-68.1,-46.5,27.7,51.0,-98.6,10.9,1.0,132.0,0
D006201,4.9,1211.0,1.0,29.0,0.43,-64.5,-50.1,23.6,45.0,-96.1,9.3,1.0,124.0,0
D006202,4.5,1186.0,0.99,27.5,0.41,-64.6,-49.1,24.3,42.0,-93.4,8.1,1.0,135.0,1
D006203,4.7,1177.0,1.05,29.5,0.5,-66.9,-49.4,24.3,44.0,-96.3,12.3,1.0,134.0,1
D006204,5.5,1237.0,1.03,28.0,0.49,-67.6,-50.4,23.3,42.0,-93.6,11.8,1.0,133.0,1
D006205,5.4,1159.0,1.13,27.5,0.46,-63.8,-49.3,25.1,41.0,-95.8,10.3,0.0,124.0,1
D006206,3.9,1047.0,1.59,27.5,0.34,-63.5,-49.7,29.0,44.0,-91.4,19.8,1.0,131.0,0
D006207,3.3,1354.0,1.33,24.5,0.32,-67.0,-54.2,20.6,31.0,-92.6,11.0,0.0,112.0,0
D006208,4.3,1185.0,1.08,28.5,0.47,-65.1,-49.2,23.5,47.0,-95.7,9.7,1.0,124.0,0
D006209,5.2,1245.0,,32.0,0.51,-66.6,,23.4,44.0,-94.7,11.2,1.0,130.0,1
D006210,4.1,1209.0,1.17,27.0,0.48,-66.2,-50.2,23.3,45.0,-94.3,12.7,1.0,131.0,0
D006211,4.7,1196.0,1.28,29.0,0.5,-64.8,-50.5,24.5,49.0,-94.2,9.8,0.0,134.0,1
D006212,5.7,1384.0,1.22,22.5,0.32,-60.7,-55.0,22.6,53.0,-98.5,8.4,1.0,116.0,0
D006213,4.5,1045.0,0.82,22.5,0.44,-67.5,-50.3,23.0,49.0,-91.0,12.9,1.0,148.0,0
D006214,5.0,1163.0,1.13,31.0,0.5,-66.0,-51.4,25.5,47.0,-94.9,9.3,1.0,127.0,1
D006215,4.9,1185.0,1.04,29.5,0.49,-63.0,-50.5,23.5,42.0,-96.1,10.1,0.0,128.0,1
D006216,4.9,1082.0,1.1,29.5,0.53,-65.6,-52.0,24.0,39.0,-96.1,9.5,0.0,127.0,1
D006217,4.6,1190.0,1.02,30.0,0.43,-63.3,-51.1,25.5,46.0,-95.4,10.1,0.0,128.0,1
D006218,5.9,1178.0,,36.0,0.5,-64.0,-51.5,26.8,42.0,-93.0,14.9,1.0,143.0,1
D006219,5.2,1171.0,1.0,25.5,0.51,-64.6,-48.5,23.8,46.0,-97.2,11.0,1.0,126.0,1
D006220,5.0,1247.0,1.22,28.5,0.48,-65.6,-48.0,22.9,45.0,-94.8,6.9,1.0,127.0,1
D006221,5.5,1117.0,1.06,29.5,0.47,-67.5,-49.7,22.8,48.0,-93.6,5.0,1.0,118.0,1
D006222,4.2,1235.0,1.09,29.0,0.32,-64.7,-45.7,27.1,54.0,-91.1,12.2,1.0,115.0,0
D006223,4.5,1140.0,1.15,28.5,0.5,-64.6,-49.8,25.2,37.0,-95.6,8.0,0.0,133.0,1
D006224,4.4,1130.0,0.85,38.5,0.34,-62.2,-46.3,29.7,54.0,-91.0,16.2,0.0,108.0,0
D006225,4.4,1179.0,1.27,32.5,0.55,-66.2,-51.6,,45.0,-95.9,12.3,0.0,123.0,1
D006226,4.9,1116.0,1.16,28.5,0.54,-66.0,-49.3,24.6,51.0,-96.1,7.9,1.0,126.0,1
D006227,5.0,1205.0,1.34,38.5,0.65,-65.6,-46.7,23.5,52.0,-94.9,8.0,1.0,139.0,1
D006228,4.7,1157.0,1.08,25.0,0.49,-63.6,-48.4,23.0,46.0,-93.8,7.9,0.0,128.0,1
D006229,4.7,1122.0,1.16,28.5,0.45,-65.4,-48.7,23.4,43.0,-96.0,11.0,0.0,128.0,1
D006230,5.1,1205.0,1.11,29.0,0.41,-65.6,-49.8,24.4,50.0,-95.1,6.6,0.0,126.0,1
D006231,5.0,1245.0,1.15,29.5,0.45,-63.9,-49.6,23.3,48.0,-95.1,12.7,0.0,135.0,1
D006232,,1116.0,1.45,39.0,0.42,-60.6,-45.5,22.2,60.0,-93.5,6.3,0.0,114.0,0
D006233,5.0,1218.0,0.99,30.0,0.44,-65.1,-50.3,23.9,40.0,-95.2,4.5,1.0,128.0,1
D006234,5.5,1141.0,1.16,30.5,0.47,-66.0,-50.2,23.9,41.0,-95.2,9.1,0.0,131.0,1
D006235,3.8,1180.0,1.38,26.0,0.37,-63.0,-50.0,26.2,32.0,-98.4,7.5,0.0,103.0,0
D006236,5.2,1115.0,1.14,28.0,0.48,-66.5,-48.8,23.9,44.0,-95.0,12.2,0.0,137.0,1
D006237,4.1,1097.0,1.12,,0.6,-69.3,-45.2,22.3,59.0,-90.9,7.5,0.0,110.0,0
D006238,5.3,1189.0,1.19,29.5,0.42,-65.6,-48.1,22.8,44.0,-96.3,9.8,1.0,142.0,1
D006239,4.9,1249.0,1.06,28.5,0.47,-65.2,-50.7,25.5,46.0,-96.4,9.8,0.0,126.0,1
D006240,5.7,1098.0,1.03,27.0,,-60.0,-51.5,25.2,60.0,-94.4,0.5,,132.0,1
D006241,5.1,1209.0,0.98,35.0,0.51,-65.9,-50.8,26.3,42.0,-94.6,9.1,0.0,131.0,1
D006242,4.9,1179.0,1.03,29.5,0.42,-64.1,-51.3,23.7,39.0,-96.7,8.9,1.0,131.0,1
D006243,4.3,1017.0,1.5,38.0,0.59,-63.9,-45.6,29.5,46.0,-92.5,13.3,1.0,103.0,0
D006244,4.0,1112.0,1.19,32.5,0.39,-67.1,-49.2,23.2,45.0,-95.2,7.3,1.0,135.0,1
D006245,4.6,1297.0,1.59,22.0,0.34,-68.9,,29.5,50.0,-93.6,8.5,0.0,111.0,0
D006246,5.0,1212.0,1.12,28.0,0.5,-64.8,-49.8,23.1,40.0,-96.1,7.9,1.0,121.0,1
D006247,4.7,1212.0,0.98,27.5,0.49,-65.7,-48.7,24.0,42.0,-95.6,2.7,1.0,133.0,1
D006248,5.5,1190.0,1.07,29.0,0.4,-66.1,-49.2,24.6,45.0,-96.3,12.0,1.0,127.0,1
D006249,4.3,1168.0,1.14,28.5,0.47,-66.8,-51.7,25.8,43.0,-95.9,11.6,0.0,139.0,1
D006250,5.1,1256.0,1.15,,0.43,-66.0,-50.9,23.8,40.0,-95.5,11.9,1.0,130.0,1
D006251,5.4,1203.0,1.09,29.0,0.55,-65.5,-48.9,25.2,43.0,-94.6,11.0,,135.0,1
D006252,5.3,1272.0,1.12,31.0,0.44,-64.2,-49.6,,38.0,-95.4,10.2,1.0,120.0,1
D006253,3.3,1232.0,1.09,29.5,0.36,-69.1,-48.5,22.4,54.0,-93.2,12.5,1.0,109.0,0
D006254,4.6,1018.0,1.24,22.0,0.54,-67.6,-46.5,26.8,51.0,-91.0,19.3,1.0,138.0,0
D006255,7.0,1090.0,1.08,37.0,0.5,-63.9,-48.7,22.1,37.0,-91.0,15.5,0.0,145.0,1
D006256,4.5,1208.0,1.28,30.5,0.43,-64.0,-51.0,22.6,40.0,-95.8,11.0,0.0,133.0,1
D006257,4.7,1207.0,0.98,27.5,0.53,-64.5,-49.3,23.4,45.0,-94.5,9.2,0.0,132.0,1
D006258,6.0,1266.0,1.16,26.0,0.59,-64.3,-45.5,22.5,43.0,-93.3,16.6,1.0,133.0,0
D006259,5.2,1147.0,1.1,29.0,0.46,,-50.2,22.9,49.0,-95.3,9.4,0.0,128.0,1
D006260,5.5,1280.0,1.42,38.0,0.39,-63.4,-48.7,26.1,51.0,-96.5,6.3,0.0,107.0,1
D006261,4.7,1204.0,1.09,29.0,0.53,-66.3,-49.8,24.9,43.0,-95.2,8.4,0.0,136.0,1
D006262,4.0,1336.0,1.02,21.0,0.55,-62.4,-54.6,28.1,34.0,-93.1,10.5,0.0,109.0,0
D006263,6.1,1088.0,1.39,38.5,0.62,-61.1,-51.5,27.0,45.0,-94.6,2.2,1.0,140.0,1
D006264,5.0,1183.0,1.0,26.0,0.44,,-50.0,23.6,,-95.6,11.6,1.0,127.0,1
D006265,4.3,1155.0,0.95,29.0,0.43,-64.4,-49.6,23.5,40.0,-96.3,10.8,1.0,125.0,1
D006266,6.6,1330.0,1.08,37.0,0.53,-64.2,-45.3,26.9,51.0,-97.0,9.3,0.0,139.0,1
D006267,5.2,1210.0,1.11,33.5,0.49,-66.3,-50.0,23.3,41.0,-95.3,9.4,1.0,125.0,1
D006268,5.5,1033.0,0.96,36.0,0.54,-66.9,-45.9,23.2,55.0,-92.1,23.8,1.0,100.0,0
D006269,4.3,1208.0,1.06,25.0,0.54,-65.6,-49.9,23.0,43.0,-96.7,13.2,1.0,132.0,0
D006270,4.6,1034.0,0.99,38.0,0.68,-66.5,-47.1,23.3,45.0,-92.8,13.5,0.0,106.0,0
D006271,5.8,1214.0,1.58,39.5,0.44,-65.5,-49.1,27.2,42.0,-93.6,11.9,0.0,110.0,0
D006272,7.0,1076.0,1.58,30.5,0.69,,-48.9,25.6,32.0,-96.9,5.7,,124.0,0
D006273,5.3,1159.0,1.1,28.5,0.49,,-49.1,23.5,,-96.0,,0.0,114.0,1
D006274,4.1,1255.0,1.15,28.5,0.48,-66.0,-49.6,23.8,47.0,-93.6,9.9,1.0,131.0,0
D006275,4.1,1220.0,1.13,28.0,0.49,,-51.4,22.7,45.0,-95.6,9.6,0.0,123.0,0
D006276,4.2,1134.0,1.12,27.0,0.47,-65.6,-49.7,24.3,48.0,-96.5,4.3,0.0,139.0,1
D006277,5.1,1210.0,1.08,26.5,,-67.6,-51.0,22.7,44.0,-95.2,7.3,0.0,122.0,1
D006278,5.0,1234.0,1.17,,0.42,-63.9,-49.4,23.0,42.0,-95.0,,1.0,132.0,0
D006279,4.0,1233.0,0.81,39.5,0.38,-62.8,-49.0,24.9,39.0,-95.3,11.4,0.0,138.0,1
D006280,4.5,1123.0,1.14,29.5,0.45,-63.6,-49.2,25.6,46.0,-97.8,10.7,0.0,125.0,0
D006281,3.5,1139.0,1.03,28.5,0.43,-66.7,-51.9,23.9,41.0,-94.7,4.4,0.0,131.0,1
D006282,6.1,1048.0,1.41,31.0,0.56,-66.8,-48.5,27.8,47.0,-96.4,19.9,0.0,101.0,0
D006283,5.1,1174.0,1.0,28.0,0.53,-64.1,-51.5,25.1,44.0,-94.6,9.7,0.0,127.0,1
D006284,5.9,1256.0,1.47,29.0,0.54,-60.2,-47.8,24.7,50.0,-92.4,16.5,1.0,124.0,0
D006285,4.3,1109.0,1.09,29.5,0.38,-65.7,-49.4,24.3,46.0,-95.3,9.9,1.0,124.0,0
D006286,5.1,1159.0,1.1,31.5,0.5,-66.2,-49.5,25.1,44.0,-93.5,,1.0,133.0,1
D006287,4.8,1189.0,1.16,28.5,0.47,-65.2,-50.3,23.8,40.0,-96.6,4.9,1.0,,1
D006288,4.3,1141.0,1.04,28.0,0.52,-65.6,-49.3,24.3,39.0,-94.7,9.1,1.0,137.0,1
D006289,5.7,1391.0,0.85,30.0,0.55,-65.1,-53.8,22.8,52.0,-93.0,1.9,0.0,103.0,1
D006290,4.5,1214.0,1.19,31.5,0.47,-65.5,-50.7,23.4,45.0,-95.0,,0.0,121.0,1
D006291,5.2,1355.0,1.49,39.5,0.51,-69.2,-47.3,29.4,34.0,-97.8,12.7,1.0,111.0,0
D006292,5.3,1258.0,1.25,37.5,0.63,-66.9,-47.6,20.2,30.0,-90.6,4.0,0.0,129.0,1
D006293,5.2,1125.0,1.28,31.0,0.43,-61.3,-49.5,28.0,38.0,-100.0,20.9,0.0,125.0,0
D006294,3.7,1084.0,1.3,20.5,0.47,-63.0,-53.6,27.3,42.0,-99.3,16.2,0.0,108.0,0
D006295,6.7,1280.0,1.29,37.0,0.69,-66.8,-54.5,21.4,49.0,-97.8,16.5,1.0,133.0,1
D006296,5.6,1201.0,1.23,31.5,0.31,-62.5,-49.5,28.3,53.0,-93.5,16.3,1.0,124.0,0
D006297,5.2,1239.0,1.27,30.5,0.49,-64.1,-50.6,23.4,46.0,-96.0,9.3,1.0,131.0,1
D006298,4.7,1282.0,0.94,34.0,0.56,-63.7,-50.3,24.6,43.0,-97.9,,1.0,129.0,1
D006299,6.3,1192.0,1.29,28.0,0.67,-69.4,-53.7,23.0,51.0,-97.0,9.6,0.0,108.0,0
D006300,4.9,1193.0,1.19,26.5,0.46,-64.7,-50.1,23.1,45.0,-94.6,6.9,0.0,132.0,1
D006301,4.1,1135.0,1.3,,0.37,-65.5,-52.9,23.0,51.0,-99.1,17.7,1.0,103.0,0
D006302,4.8,1189.0,1.2,29.5,0.58,-66.7,-48.7,24.6,46.0,-95.5,7.4,1.0,121.0,1
D006303,4.4,1203.0,0.96,27.5,0.55,-68.5,-49.5,23.9,45.0,-94.5,9.8,1.0,135.0,1
D006304,5.1,1177.0,1.14,28.5,0.46,-64.8,-51.7,24.4,42.0,-93.8,8.2,1.0,124.0,0
D006305,4.2,1157.0,1.26,30.0,0.48,-65.1,-51.0,22.5,47.0,-97.1,12.1,1.0,140.0,0
D006306,3.2,1111.0,1.57,30.5,0.32,-62.7,-45.8,27.0,39.0,-98.5,1.4,1.0,135.0,0
D006307,4.5,1132.0,0.98,27.5,0.49,-67.9,-50.6,24.5,42.0,-96.3,7.2,1.0,124.0,1
D006308,5.6,1258.0,1.01,20.5,0.6,-69.0,-51.5,26.7,48.0,-99.8,21.0,0.0,135.0,1
D006309,4.8,1105.0,1.16,25.5,0.56,-64.7,-48.5,23.6,45.0,-97.9,8.7,1.0,128.0,0
D006310,6.8,1317.0,1.4,26.5,0.48,-63.4,-50.4,24.9,51.0,-93.2,13.1,1.0,111.0,0
D006311,4.3,1150.0,1.29,31.5,0.49,-66.5,-49.1,22.7,,-96.7,8.6,1.0,137.0,0
D006312,4.5,1036.0,1.1,23.0,0.58,-60.8,-50.5,23.1,45.0,-99.9,7.3,1.0,133.0,0
D006313,5.6,1204.0,1.1,30.0,0.5,-65.5,-49.2,24.6,48.0,-95.7,13.2,1.0,127.0,1
D006314,3.6,1312.0,0.85,21.5,0.38,-67.2,-47.5,22.4,51.0,-95.5,5.8,1.0,130.0,0
D006315,5.5,1177.0,1.12,29.0,0.48,-65.5,-50.6,25.2,41.0,-94.7,5.8,0.0,126.0,1
D006316,3.6,1337.0,1.29,32.0,0.61,-69.0,-51.3,24.2,44.0,-92.8,19.8,1.0,132.0,0
D006317,5.7,1384.0,1.38,34.5,0.52,-67.0,-49.7,22.1,40.0,-98.9,15.2,0.0,129.0,1
D006318,5.6,1202.0,1.07,30.0,0.45,,-50.4,22.3,44.0,-93.1,8.4,1.0,122.0,1
D006319,3.1,1319.0,0.91,27.5,0.34,-65.6,-54.6,26.1,33.0,-90.0,13.0,1.0,129.0,0
D006320,4.3,1214.0,1.08,27.5,0.48,-67.3,-49.7,23.8,39.0,-93.3,7.1,1.0,123.0,1
D006321,5.3,1191.0,1.21,27.5,0.53,-64.0,-49.0,25.8,41.0,-96.4,3.8,1.0,114.0,1
D006322,4.2,1178.0,1.1,27.5,,-64.6,-50.6,24.7,43.0,-95.2,8.8,0.0,128.0,1
D006323,4.9,1196.0,1.14,30.5,0.46,-64.7,-48.8,24.7,,-95.6,7.2,1.0,130.0,1
D006324,4.7,1231.0,1.19,27.0,0.56,-65.6,-50.9,25.1,45.0,-94.1,6.3,0.0,135.0,1
D006325,4.2,1154.0,0.94,32.0,0.43,-65.9,-50.0,23.4,46.0,-93.6,8.9,1.0,128.0,1
D006326,3.7,1142.0,1.11,22.0,0.49,-63.3,-53.7,23.5,59.0,-92.8,4.3,1.0,118.0,1
D006327,6.6,1368.0,1.4,22.0,0.65,-67.9,-51.9,23.1,39.0,-94.7,19.5,0.0,131.0,1
D006328,4.6,1170.0,1.22,28.5,0.5,-66.0,-48.8,23.3,49.0,-97.0,7.9,1.0,129.0,1
D006329,4.2,1194.0,1.15,31.5,0.59,-65.2,-48.1,23.2,45.0,-96.0,12.8,0.0,128.0,0
D006330,5.2,1198.0,1.06,29.0,0.46,-66.7,-50.8,25.0,46.0,-95.7,10.1,1.0,125.0,1
D006331,,1196.0,,29.0,0.48,,-52.2,,45.0,-96.4,13.6,1.0,123.0,1
D006332,6.0,1376.0,1.17,33.5,0.51,-64.7,-52.1,29.9,46.0,-92.2,2.5,1.0,147.0,1
D006333,4.1,1334.0,0.84,25.5,0.35,-66.3,-52.4,20.5,46.0,-95.0,14.2,1.0,118.0,0
D006334,4.5,1202.0,1.15,30.0,0.51,-65.9,-50.9,21.3,43.0,-96.4,7.8,0.0,124.0,1
D006335,4.8,1136.0,1.06,30.0,0.45,-63.8,-47.8,24.4,39.0,-95.0,3.5,1.0,126.0,0
D006336,4.8,1204.0,0.88,27.0,0.42,-65.3,-48.0,24.3,46.0,-96.1,9.9,0.0,131.0,1
D006337,4.3,1150.0,1.03,31.5,0.45,-64.9,-48.8,23.0,45.0,-94.8,11.0,1.0,125.0,0
D006338,4.6,1163.0,1.06,28.0,0.54,-65.6,-50.9,24.2,,-97.1,9.9,1.0,133.0,1
D006339,4.6,1130.0,1.16,28.0,0.4,-64.8,-51.7,22.2,48.0,-97.7,3.1,1.0,125.0,0
D006340,5.0,1218.0,1.13,31.0,0.45,-65.7,-50.3,21.7,45.0,-94.9,6.0,1.0,131.0,1
D006341,4.6,1179.0,1.04,27.5,0.52,-63.8,-50.5,23.5,45.0,-95.9,6.6,0.0,129.0,1
D006342,6.6,1010.0,,32.5,0.69,-65.8,-51.8,23.5,38.0,-97.6,15.0,1.0,113.0,1
D006343,5.0,1366.0,1.23,34.5,0.63,-69.5,-49.5,22.9,34.0,-90.7,13.3,0.0,108.0,1
D006344,4.6,1232.0,1.22,27.0,0.46,-65.5,-49.3,24.9,43.0,-95.1,10.4,1.0,133.0,1
D006345,4.5,1191.0,1.29,27.0,0.48,-65.2,-49.6,24.2,41.0,-94.5,8.1,1.0,123.0,1
D006346,7.0,1265.0,1.23,25.0,0.65,,-51.6,23.2,49.0,-93.2,8.9,1.0,119.0,0
D006347,4.5,1180.0,1.07,27.0,0.42,-65.1,-50.5,23.4,48.0,-95.7,10.4,1.0,131.0,0
D006348,5.8,1182.0,0.89,32.5,0.64,-62.1,-45.4,22.2,36.0,-92.4,6.1,1.0,124.0,1
D006349,5.3,1159.0,1.09,31.0,0.53,-62.6,-50.4,23.4,41.0,-96.2,9.2,1.0,127.0,1
D006350,3.2,1122.0,1.1,31.0,0.61,-63.5,-55.0,26.1,47.0,-98.7,21.6,1.0,136.0,0
D006351,4.6,1230.0,1.23,29.5,0.51,-65.5,-49.1,24.8,43.0,-94.4,7.8,0.0,132.0,1
D006352,5.1,1170.0,1.02,29.0,0.49,-64.7,-50.1,22.5,45.0,-95.6,,0.0,129.0,1
D006353,5.0,1184.0,1.11,31.0,0.52,-65.3,-49.4,24.8,44.0,-95.5,8.7,1.0,133.0,1
D006354,3.1,1129.0,1.45,35.0,0.42,-69.8,-52.6,28.2,50.0,-97.8,17.5,0.0,126.0,0
D006355,4.4,1126.0,0.98,28.0,0.48,-65.4,-49.8,24.7,42.0,-95.9,9.9,1.0,122.0,1
D006356,4.5,1068.0,1.2,29.0,,-64.5,-50.8,24.5,40.0,-95.2,8.8,1.0,129.0,1
D006357,3.9,1342.0,1.51,20.5,0.61,-69.3,,26.2,41.0,-94.9,0.6,1.0,146.0,0
D006358,3.7,1002.0,1.15,34.0,0.67,-70.0,-50.5,25.3,42.0,-99.8,5.6,0.0,137.0,1
D006359,6.8,1213.0,1.51,30.5,0.54,-67.2,-45.7,26.6,45.0,-90.9,21.7,0.0,149.0,1
D006360,6.4,,1.01,30.0,0.43,-65.2,-47.0,29.6,60.0,-91.1,10.0,1.0,120.0,0
D006361,4.4,1184.0,1.12,30.0,0.52,-65.6,-50.6,23.0,,-95.6,8.5,1.0,123.0,1
D006362,4.6,1170.0,1.05,29.0,0.44,-67.2,-49.7,24.7,45.0,-96.8,8.1,1.0,124.0,1
D006363,4.4,1183.0,1.05,29.0,,-66.7,-51.3,26.1,37.0,-95.7,6.7,0.0,127.0,1
D006364,5.4,1161.0,1.13,31.5,0.41,-66.9,-50.0,23.4,45.0,-94.9,8.9,1.0,134.0,1
D006365,4.3,1211.0,1.09,29.5,0.41,-63.7,-50.1,23.0,44.0,-94.1,10.4,0.0,130.0,1
D006366,5.1,1139.0,1.2,30.5,0.51,-64.3,-49.9,24.9,44.0,-96.4,10.0,0.0,134.0,1
D006367,4.9,1128.0,1.21,30.0,0.51,-65.3,-47.3,24.6,44.0,,7.7,0.0,125.0,1
D006368,4.3,1151.0,1.08,29.0,0.52,-65.9,-50.4,23.4,40.0,-95.4,4.9,0.0,121.0,1
D006369,4.1,1131.0,,25.5,0.44,-65.0,-49.4,23.1,42.0,-95.5,4.2,1.0,139.0,1
D006370,4.5,1198.0,1.2,30.0,0.45,-66.1,-49.7,25.4,40.0,-95.3,6.3,0.0,126.0,1
D006371,4.7,1181.0,1.06,30.5,0.46,-67.0,-50.2,,44.0,-96.9,9.9,0.0,135.0,1
D006372,4.4,1217.0,1.11,29.5,0.48,-65.9,-49.5,23.2,43.0,-94.6,7.0,,135.0,1
D006373,4.6,1246.0,1.19,32.0,0.46,,-49.1,23.7,43.0,-95.2,8.7,1.0,129.0,0
D006374,4.6,1194.0,1.01,33.0,0.53,-66.4,-50.0,23.0,45.0,-94.3,11.3,1.0,122.0,1
D006375,4.9,1175.0,1.21,31.0,0.48,-64.8,-49.2,23.3,46.0,-96.1,8.2,1.0,130.0,1
D006376,4.9,1202.0,0.97,28.0,0.52,-66.3,-48.4,25.3,47.0,-97.3,7.6,0.0,130.0,1
D006377,4.5,1173.0,1.19,32.0,0.51,-64.6,-50.2,23.5,45.0,-94.6,7.2,1.0,125.0,0
D006378,4.4,1233.0,,28.5,0.57,-67.4,-54.9,24.2,53.0,-92.3,23.0,1.0,149.0,0
D006379,,1192.0,0.99,,0.47,-66.2,-51.5,23.8,46.0,-95.1,13.0,1.0,125.0,1
D006380,4.3,1215.0,1.08,26.5,0.49,-66.7,-50.4,24.9,43.0,-95.5,11.7,0.0,128.0,1
D006381,6.8,1125.0,0.98,39.5,0.68,-69.4,-48.0,22.3,49.0,-99.6,23.2,0.0,107.0,1
D006382,4.7,1078.0,0.96,28.5,0.58,-62.1,-50.0,28.7,57.0,-100.0,15.5,1.0,114.0,0
D006383,5.2,1216.0,1.17,29.0,0.47,-67.9,-50.6,23.6,43.0,-96.6,13.4,0.0,119.0,1
D006384,6.0,1050.0,0.88,22.5,0.63,-67.7,-54.3,,34.0,-90.1,0.6,0.0,142.0,1
D006385,5.6,1158.0,1.13,28.0,0.47,-65.8,-48.8,26.3,45.0,-95.3,6.3,0.0,136.0,1
D006386,4.1,1120.0,1.0,27.0,0.59,-65.1,-50.2,25.3,41.0,-93.0,11.0,1.0,125.0,0
D006387,3.8,1186.0,0.99,32.0,0.45,-63.0,-54.7,22.5,41.0,-94.1,8.7,0.0,109.0,1
D006388,4.6,1194.0,1.0,27.0,0.57,-66.8,-50.6,25.2,44.0,-95.9,6.7,1.0,,1
D006389,5.1,1306.0,1.32,29.0,0.35,-64.1,-49.0,24.4,47.0,-99.5,16.7,0.0,149.0,1
D006390,4.1,1128.0,1.06,32.0,0.44,-66.5,-49.2,24.7,46.0,-94.4,14.3,1.0,133.0,1
D006391,4.5,1200.0,1.13,29.5,0.42,-66.2,-48.3,23.2,37.0,-96.1,4.9,0.0,135.0,1
D006392,5.1,1176.0,1.2,33.0,0.52,-64.8,-49.6,24.9,44.0,-94.9,6.1,0.0,123.0,1
D006393,4.2,1079.0,1.06,31.0,0.46,-66.1,,25.1,50.0,-95.4,8.0,1.0,139.0,1
D006394,4.7,1201.0,1.1,27.5,0.4,-64.1,-47.6,21.9,40.0,-96.0,8.5,0.0,134.0,0
D006395,5.7,1303.0,1.52,26.5,0.49,-69.8,-47.8,26.3,34.0,-95.3,14.4,0.0,113.0,1
D006396,4.7,1212.0,1.03,29.5,0.45,-64.6,-47.8,23.3,45.0,-93.6,11.5,0.0,132.0,1
D006397,5.3,1210.0,1.02,28.5,0.5,-63.2,-48.5,22.7,44.0,-95.8,9.4,1.0,134.0,1
D006398,5.2,1136.0,1.1,25.0,0.43,-66.0,-49.5,23.8,47.0,-96.2,8.7,1.0,126.0,1
D006399,4.1,1173.0,1.05,31.0,0.43,-65.4,-48.8,24.0,44.0,-95.1,7.1,1.0,125.0,0
D006400,3.5,1037.0,1.35,37.5,0.54,-63.0,-47.9,23.5,50.0,-98.5,11.1,0.0,111.0,0
D006401,,1126.0,0.99,39.0,0.55,-62.2,-51.4,25.0,36.0,-92.9,22.7,0.0,104.0,0
D006402,6.9,1153.0,0.8,34.0,0.64,-65.0,-49.5,21.0,55.0,-93.5,19.1,1.0,109.0,1
D006403,3.5,1389.0,0.86,27.0,0.44,-61.1,-47.9,29.6,40.0,-98.2,18.4,0.0,140.0,0
D006404,3.8,1097.0,1.58,20.0,0.33,-67.5,-54.2,26.1,43.0,-98.2,18.6,1.0,114.0,0
D006405,6.8,1241.0,1.34,30.0,0.54,-61.5,-47.0,29.6,39.0,-96.8,,1.0,114.0,0
D006406,4.5,1133.0,1.57,25.5,0.67,-68.7,-47.9,24.2,50.0,-99.8,5.2,1.0,132.0,0
D006407,6.7,1388.0,1.21,31.5,0.34,-60.8,-50.9,29.8,38.0,-92.1,0.6,0.0,145.0,0
D006408,5.0,1210.0,1.22,27.5,0.43,-67.3,-47.0,26.0,44.0,-94.2,8.5,1.0,132.0,1
D006409,6.4,1101.0,1.48,36.5,0.46,-61.3,-52.8,28.5,39.0,-95.9,16.2,1.0,117.0,0
D006410,5.3,1166.0,1.21,29.0,0.44,-66.3,-50.5,26.0,47.0,-94.0,9.7,1.0,128.0,1
D006411,5.2,1208.0,1.18,30.5,0.55,-68.3,-49.0,25.2,45.0,-96.0,11.6,0.0,130.0,1
D006412,4.1,1161.0,1.24,30.5,0.47,-65.5,-48.5,24.3,42.0,-96.1,7.6,1.0,118.0,1
D006413,5.0,1153.0,,29.5,0.46,-65.5,-50.6,23.1,42.0,-95.2,9.7,1.0,133.0,0
D006414,5.1,1141.0,1.08,28.5,0.54,-67.2,-50.7,22.4,47.0,-93.8,9.9,0.0,124.0,1
D006415,4.8,1213.0,1.09,29.0,0.4,-64.9,-50.6,24.4,44.0,-96.0,4.1,0.0,130.0,0
D006416,6.5,1131.0,1.53,29.5,0.48,-68.6,-52.2,21.7,41.0,-91.9,,0.0,149.0,1
D006417,4.9,1175.0,1.05,28.5,0.49,-65.5,-48.6,24.7,,-93.9,9.3,1.0,129.0,1
D006418,4.7,1193.0,1.04,30.0,0.5,-64.9,-50.5,24.3,43.0,-95.5,8.5,0.0,128.0,1
D006419,5.6,1214.0,1.12,,0.49,-64.3,-49.9,25.7,38.0,-96.1,9.8,0.0,126.0,1
D006420,4.4,,0.94,29.5,0.43,-64.6,-48.1,,45.0,-96.8,8.5,0.0,122.0,1
D006421,5.0,1200.0,1.11,29.0,0.47,-66.8,-51.0,24.9,46.0,-95.9,11.9,0.0,128.0,1
D006422,4.0,1197.0,0.99,25.5,0.52,,-51.2,24.4,41.0,-97.9,11.3,1.0,125.0,0
D006423,4.3,1011.0,1.02,35.5,0.36,-69.3,-54.2,25.6,39.0,-97.9,17.2,1.0,120.0,1
D006424,5.7,1142.0,1.41,37.0,0.55,-66.4,-49.6,25.6,48.0,-95.4,4.1,0.0,121.0,1
D006425,3.3,1042.0,1.07,31.5,0.45,-69.2,-46.1,29.1,53.0,-96.6,1.2,1.0,125.0,0
D006426,5.7,1339.0,1.14,31.0,0.44,-67.2,-47.7,24.5,46.0,-92.5,24.0,1.0,139.0,1
D006427,3.8,1225.0,1.13,28.5,0.67,-60.2,-49.7,26.8,47.0,-91.8,0.5,0.0,125.0,0
D006428,5.2,1104.0,1.09,27.5,0.56,-64.0,-49.8,23.2,45.0,-95.2,11.4,1.0,133.0,1
D006429,4.2,1340.0,0.96,37.0,0.5,-68.0,-53.2,20.1,43.0,-96.0,14.1,1.0,102.0,1
D006430,4.8,1162.0,0.95,25.5,0.48,-66.3,-51.0,23.7,47.0,-94.3,8.6,1.0,128.0,1
D006431,4.5,1119.0,1.02,29.0,0.42,-66.1,,24.9,46.0,-95.8,10.1,1.0,134.0,0
D006432,3.3,1107.0,0.81,22.5,0.4,-65.0,-45.4,22.1,36.0,-95.9,10.8,1.0,102.0,0
D006433,4.1,1156.0,,27.0,0.52,-63.7,-52.2,23.6,39.0,-96.4,7.6,0.0,118.0,1
D006434,5.4,1241.0,1.14,31.5,0.44,-64.5,-49.6,24.3,43.0,-96.0,13.0,1.0,118.0,1
D006435,5.2,1179.0,1.14,26.5,0.44,-63.5,-50.0,24.6,46.0,-96.6,12.6,1.0,125.0,0
D006436,4.7,1190.0,1.2,32.0,0.48,-65.1,-48.0,24.3,40.0,-96.4,9.7,0.0,129.0,1
D006437,3.5,1226.0,0.84,32.5,0.56,-69.1,-47.4,24.5,36.0,-92.8,10.4,1.0,143.0,1
D006438,4.4,1167.0,1.14,27.5,0.41,-67.5,-49.8,25.0,40.0,-96.7,10.0,0.0,133.0,1
D006439,4.0,1220.0,1.09,29.0,0.45,-64.8,-48.7,22.3,43.0,-96.4,,0.0,127.0,0
D006440,4.9,1156.0,0.87,23.0,,-64.1,-45.8,20.7,48.0,-98.8,23.1,0.0,116.0,0
D006441,4.8,1195.0,1.15,26.5,0.52,-64.4,-48.7,22.9,42.0,-95.6,6.4,1.0,131.0,1
D006442,4.5,1127.0,0.96,27.0,0.52,-66.7,-49.9,23.2,41.0,-95.7,8.6,0.0,127.0,0
D006443,5.2,1218.0,0.96,28.0,0.41,-66.5,-49.2,23.1,47.0,-95.7,9.7,1.0,120.0,1
D006444,6.3,1054.0,1.26,26.5,0.56,-69.3,-48.6,27.5,48.0,-92.4,9.2,0.0,141.0,1
D006445,3.2,1359.0,1.07,36.5,0.42,-68.9,-52.0,28.0,37.0,-97.8,18.6,1.0,126.0,0
D006446,3.1,1209.0,1.02,27.5,0.57,-62.9,-54.5,25.5,33.0,-95.5,9.4,0.0,126.0,1
D006447,4.8,1191.0,1.09,29.0,0.53,-66.9,-49.6,23.4,49.0,-93.3,9.3,0.0,129.0,1
D006448,5.3,1187.0,1.17,26.0,0.44,-64.2,-51.0,24.1,50.0,-95.2,6.6,1.0,125.0,1
D006449,4.1,1333.0,1.34,37.0,0.41,-61.2,-52.4,20.7,43.0,-94.4,9.2,0.0,124.0,0
D006450,6.2,1368.0,1.55,20.5,0.56,-60.9,-53.5,20.5,39.0,-96.6,13.3,0.0,118.0,0
D006451,5.6,1120.0,1.15,29.5,0.42,-65.2,-49.9,24.5,48.0,-94.9,3.0,1.0,129.0,1
D006452,5.3,1150.0,,28.0,0.51,-65.4,-49.9,22.8,44.0,-95.7,12.7,1.0,124.0,1
D006453,4.7,1131.0,1.15,28.5,0.43,-65.3,-49.0,24.6,,-96.2,13.8,0.0,125.0,0
D006454,4.9,1157.0,1.25,28.0,0.44,-65.4,-50.0,23.2,43.0,-94.6,7.5,1.0,123.0,1
D006455,4.7,1358.0,1.47,28.0,0.52,-68.3,-46.4,20.2,40.0,,2.9,1.0,144.0,1
D006456,5.0,1139.0,1.14,28.5,0.47,-64.7,-49.6,25.5,41.0,-95.1,12.6,1.0,130.0,1
D006457,4.9,1142.0,1.09,27.0,0.37,-65.2,-48.2,23.1,43.0,-95.0,13.6,0.0,127.0,1
D006458,4.7,1119.0,1.02,31.5,0.48,-66.2,-49.2,24.6,42.0,-95.0,10.2,1.0,126.0,1
D006459,4.8,1163.0,1.01,26.0,0.47,-64.8,-50.7,24.4,44.0,-96.2,8.0,1.0,125.0,1
D006460,5.0,1165.0,1.24,29.0,0.47,-64.5,-49.8,23.4,43.0,-95.4,9.0,1.0,122.0,1
D006461,4.6,1150.0,1.17,28.0,0.59,-64.0,-50.1,25.4,51.0,-96.0,12.8,0.0,124.0,1
D006462,4.4,1184.0,1.12,29.0,0.48,-65.6,-49.4,24.0,41.0,-94.7,11.4,,124.0,0
D006463,7.0,1137.0,1.28,33.5,0.56,-69.3,-54.6,21.7,51.0,-98.9,22.7,1.0,144.0,1
D006464,4.6,1168.0,1.05,26.5,0.48,-65.8,-50.2,24.9,43.0,-95.4,8.0,0.0,129.0,1
D006465,4.4,1104.0,1.19,29.0,0.48,-65.2,-50.1,24.1,38.0,-94.2,8.4,1.0,133.0,1
D006466,4.0,1342.0,1.37,33.0,0.54,-65.2,-51.8,28.9,52.0,-95.8,22.8,1.0,128.0,0
D006467,5.0,1200.0,1.21,30.0,0.45,-64.8,-50.0,23.6,45.0,-95.1,9.5,1.0,130.0,1
D006468,4.9,1152.0,1.06,25.5,0.53,-64.7,-51.3,23.8,44.0,-97.8,7.9,1.0,131.0,1
D006469,3.6,1197.0,0.95,23.5,0.34,-65.7,-46.7,29.1,54.0,-98.1,9.0,1.0,119.0,0
D006470,4.9,1123.0,1.45,21.0,0.5,-67.9,-49.2,25.6,42.0,-95.8,18.1,0.0,121.0,0
D006471,4.6,1214.0,0.96,28.0,0.41,-65.6,-50.2,22.9,42.0,-96.0,7.7,1.0,130.0,1
D006472,4.3,1180.0,1.18,31.0,0.56,-65.7,-50.3,24.3,46.0,-95.9,5.7,1.0,126.0,1
D006473,4.2,1201.0,1.07,32.0,0.53,-66.0,-51.4,24.5,42.0,-94.7,3.8,1.0,128.0,1
D006474,4.5,1195.0,1.07,27.5,0.55,-66.3,-49.6,22.7,44.0,-95.8,11.9,1.0,137.0,1
D006475,5.9,1149.0,1.14,39.0,0.69,-70.0,-48.2,23.3,60.0,-95.2,6.5,1.0,,1
D006476,3.3,1182.0,1.36,23.0,0.32,-67.4,-46.9,25.3,55.0,-91.0,0.2,0.0,119.0,0
D006477,4.6,1241.0,1.13,28.0,0.44,-65.9,-50.1,25.4,43.0,-96.1,7.7,1.0,128.0,0
D006478,4.3,1195.0,1.21,28.0,0.44,-64.4,-49.1,22.1,45.0,-93.5,9.3,1.0,126.0,0
D006479,6.8,1310.0,0.99,35.5,0.34,-60.3,-53.9,27.7,47.0,-93.4,12.3,1.0,141.0,1
D006480,5.3,1036.0,1.01,36.5,0.38,-62.3,-45.6,25.0,,-97.5,6.7,1.0,142.0,1
D006481,4.1,1253.0,1.22,29.0,0.5,-66.6,-50.0,24.3,47.0,,8.6,1.0,131.0,0
D006482,4.7,1198.0,1.06,27.0,0.48,-65.1,-50.5,22.8,42.0,-93.9,7.7,0.0,128.0,1
D006483,4.1,1127.0,1.13,25.5,0.46,-64.7,-49.7,24.4,42.0,-95.5,11.3,0.0,,1
D006484,4.5,1185.0,1.21,31.0,0.43,-66.9,-51.1,24.1,43.0,-94.0,9.4,1.0,132.0,0
D006485,4.4,1184.0,1.08,31.0,0.41,-67.9,-48.8,25.2,47.0,-95.8,6.2,1.0,127.0,1
D006486,3.2,1121.0,0.98,27.5,0.39,-60.0,-47.6,27.4,55.0,-98.7,4.3,0.0,108.0,0
D006487,5.1,1247.0,1.24,29.5,0.49,-64.2,-51.2,25.0,43.0,-96.5,6.9,1.0,139.0,1
D006488,4.1,1192.0,1.03,27.0,0.48,-65.0,-49.6,24.7,43.0,-95.7,5.0,1.0,121.0,1
D006489,3.6,1001.0,1.08,29.5,0.33,-65.9,-45.4,22.7,41.0,-94.9,20.9,0.0,111.0,0
D006490,5.0,1070.0,1.09,29.0,0.49,-65.4,-48.8,23.5,45.0,-94.5,7.7,1.0,128.0,1
D006491,6.7,1064.0,0.99,31.0,0.48,-66.4,-48.2,21.0,48.0,-90.3,19.5,1.0,144.0,1
D006492,4.5,1168.0,1.36,24.5,0.62,-68.5,-53.9,28.6,59.0,-95.3,4.9,0.0,147.0,0
D006493,3.3,1089.0,1.25,29.5,0.44,-65.4,-47.0,25.4,44.0,-98.6,13.6,1.0,142.0,0
D006494,4.3,1263.0,1.12,35.0,0.57,-65.0,-50.6,26.0,60.0,-98.4,23.5,1.0,140.0,0
D006495,6.6,1005.0,0.95,33.5,0.61,-69.4,-50.6,22.5,38.0,-96.7,2.4,1.0,129.0,1
D006496,4.9,1148.0,1.13,29.0,0.47,-65.6,-49.4,24.4,41.0,-95.7,8.4,0.0,123.0,1
D006497,4.5,1226.0,1.12,27.0,0.43,-63.3,-49.9,23.5,44.0,-95.5,10.4,0.0,121.0,0
D006498,5.0,1117.0,1.0,26.0,0.43,-65.4,-51.7,23.6,48.0,-96.2,10.8,1.0,133.0,1
D006499,5.1,1115.0,1.16,26.5,0.49,-65.7,-50.6,22.2,42.0,-97.3,10.0,0.0,127.0,1
D006500,4.3,1178.0,0.88,29.0,0.51,-65.7,-50.1,24.1,47.0,-95.9,11.7,1.0,126.0,0
D006501,4.4,1213.0,1.1,30.0,0.49,-66.5,-50.7,23.9,41.0,-96.7,7.7,0.0,124.0,1
D006502,4.7,1145.0,1.17,31.0,0.45,-65.8,-50.6,24.4,43.0,-96.3,7.7,1.0,126.0,1
D006503,4.6,1209.0,1.11,30.5,0.42,-65.1,-49.8,25.5,45.0,-95.7,8.0,0.0,145.0,1
D006504,5.0,1259.0,1.41,27.5,0.4,-62.1,-49.4,26.5,35.0,-92.9,9.5,1.0,136.0,1
D006505,4.9,1176.0,1.09,30.5,,-65.8,-50.5,22.1,47.0,-96.0,6.9,1.0,126.0,0
D006506,4.1,1183.0,1.15,29.0,0.51,-65.7,-48.9,22.2,46.0,-93.7,12.1,1.0,124.0,0
D006507,4.4,1016.0,0.87,38.5,0.38,-69.5,-53.2,28.7,53.0,-91.5,7.1,1.0,130.0,1
D006508,4.8,1174.0,1.12,30.5,0.41,-65.2,-50.4,24.0,43.0,-95.3,9.2,1.0,,1
D006509,4.6,1226.0,1.11,30.0,0.49,-65.6,-50.0,23.9,44.0,-96.5,8.4,1.0,133.0,1
D006510,4.9,1149.0,1.0,29.0,0.46,-66.2,-48.8,22.7,45.0,-97.6,12.9,1.0,137.0,1
D006511,6.0,,1.53,31.0,0.5,-62.7,-51.1,28.1,41.0,-93.0,,0.0,110.0,0
D006512,5.0,1163.0,1.09,27.5,0.49,-66.3,-49.4,23.0,40.0,-93.7,9.5,1.0,,1
D006513,5.0,1150.0,1.21,30.0,,-65.1,-50.2,22.8,45.0,-97.2,9.2,1.0,134.0,1
D006514,4.4,1241.0,1.14,30.0,0.5,-65.3,-50.6,23.8,46.0,-95.6,12.1,0.0,130.0,1
D006515,4.6,1155.0,1.18,26.5,0.52,-66.0,-48.9,24.6,48.0,-96.3,8.5,0.0,125.0,1
D006516,4.9,1215.0,1.07,28.0,0.47,-64.7,-49.4,22.8,48.0,-96.3,6.4,1.0,132.0,1
D006517,3.8,1329.0,0.86,23.5,0.64,-69.7,-48.3,24.3,57.0,-98.5,3.7,1.0,108.0,0
D006518,4.9,1199.0,1.03,30.0,0.47,-64.7,-49.9,21.5,47.0,-95.1,8.1,1.0,118.0,1
D006519,4.4,1195.0,0.97,29.5,0.47,-65.6,-50.0,22.5,44.0,-95.3,11.5,1.0,135.0,1
D006520,6.5,1130.0,1.32,20.5,0.54,-66.2,,22.1,56.0,-96.8,4.1,1.0,132.0,1
D006521,4.8,1168.0,1.16,31.0,0.49,-65.6,-48.8,25.4,43.0,-94.3,9.0,0.0,128.0,1
D006522,5.1,1178.0,1.19,29.5,0.44,-65.8,-50.0,22.8,43.0,-95.3,12.9,0.0,140.0,1
D006523,4.4,1148.0,1.13,30.0,,-66.2,-49.5,25.9,43.0,-96.6,5.9,1.0,125.0,1
D006524,4.7,1140.0,1.12,28.0,0.41,-64.2,-50.0,25.0,44.0,-95.0,14.1,0.0,126.0,0
D006525,4.5,1175.0,1.02,33.0,0.5,-65.9,-50.4,23.5,35.0,-95.6,8.9,1.0,,1
D006526,5.2,1183.0,1.02,31.5,0.45,-65.8,-50.4,22.7,46.0,-97.3,5.7,1.0,126.0,1
D006527,4.0,,1.24,28.5,0.52,-66.4,-48.4,24.6,40.0,-94.5,10.8,1.0,134.0,0
D006528,4.8,1116.0,1.04,28.5,0.54,-64.3,-50.4,22.2,45.0,-94.8,9.8,1.0,129.0,1
D006529,5.3,1165.0,1.17,26.5,0.42,-64.7,-49.1,24.8,44.0,-97.1,9.4,1.0,123.0,1
D006530,4.1,1196.0,1.36,28.5,0.46,-66.3,-53.0,23.2,42.0,-95.0,7.6,1.0,134.0,1
D006531,4.9,1397.0,1.49,32.0,0.37,-62.1,-52.3,26.4,43.0,-96.8,21.6,1.0,133.0,0
D006532,5.8,1141.0,1.54,30.0,0.63,-61.7,-45.2,25.6,60.0,-98.6,3.8,1.0,115.0,0
D006533,5.0,1142.0,0.95,28.0,0.49,-66.0,-50.3,25.2,44.0,-96.1,7.9,1.0,129.0,1
D006534,,1164.0,1.22,31.0,0.47,-64.8,-50.5,25.6,47.0,-94.8,10.7,1.0,123.0,1
D006535,4.3,1170.0,1.0,32.0,0.47,-66.1,-52.7,24.3,44.0,-93.5,6.6,1.0,127.0,1
D006536,4.5,1148.0,1.07,28.0,0.49,-65.9,-51.4,23.6,41.0,-95.4,6.5,0.0,127.0,1
D006537,5.2,1190.0,,29.0,0.47,-65.3,-49.8,26.0,43.0,-94.5,8.2,0.0,138.0,1
D006538,5.3,1183.0,1.44,26.0,0.48,-61.1,-51.6,20.4,35.0,-99.9,,0.0,115.0,0
D006539,5.0,1248.0,1.16,30.5,0.48,-67.5,-50.7,23.6,42.0,-95.6,6.2,0.0,134.0,1
D006540,5.1,1213.0,1.07,28.5,0.52,-66.2,-49.9,23.6,48.0,-97.5,,0.0,133.0,1
D006541,4.3,1065.0,1.46,21.0,0.49,-64.4,-52.0,26.7,,-92.2,18.5,0.0,102.0,0
D006542,4.6,1157.0,1.03,25.5,0.51,-64.8,-48.5,25.4,46.0,-96.0,11.1,1.0,127.0,0
D006543,3.4,1343.0,0.85,33.5,0.61,-69.4,-52.7,24.2,54.0,-92.3,12.9,1.0,145.0,1
D006544,5.1,1171.0,1.09,,0.49,-66.2,-50.5,23.4,40.0,-93.5,5.3,0.0,,1
D006545,5.1,1206.0,1.03,31.5,0.5,-67.3,-52.0,24.9,46.0,-97.4,8.8,0.0,131.0,1
D006546,5.1,,1.11,29.0,0.51,-64.7,-50.6,23.2,43.0,-95.8,9.4,0.0,127.0,0
D006547,5.3,1149.0,0.81,36.0,0.66,-68.3,-52.8,20.8,36.0,-99.9,3.8,1.0,114.0,1
D006548,3.7,1263.0,0.99,31.0,0.65,-69.8,-47.8,23.0,47.0,-96.0,7.0,1.0,134.0,0
D006549,4.7,1157.0,1.12,27.5,0.48,-63.2,-49.0,25.4,49.0,-97.1,7.3,1.0,136.0,1
D006550,4.8,1174.0,1.07,31.0,0.48,-65.2,-51.3,24.9,38.0,-95.9,11.0,1.0,125.0,1
D006551,5.1,1230.0,1.12,26.5,0.46,-65.4,-49.1,24.9,52.0,-94.2,10.9,1.0,130.0,0
D006552,4.6,1163.0,1.09,25.0,0.47,-64.9,-49.9,23.0,46.0,-96.7,7.7,1.0,117.0,0
D006553,4.2,1281.0,1.35,27.0,0.54,-69.2,-48.4,24.8,45.0,-90.6,20.9,0.0,134.0,1
D006554,4.3,1123.0,1.15,31.0,0.41,-64.9,-49.9,23.3,43.0,-95.4,6.2,0.0,134.0,1
D006555,5.0,1065.0,1.47,36.0,0.57,-61.7,-49.9,30.0,,,9.2,0.0,142.0,0
D006556,4.7,1263.0,0.87,23.0,0.58,-61.7,-51.1,27.5,37.0,,19.4,0.0,105.0,0
D006557,5.8,1302.0,0.99,36.5,0.47,-68.2,-45.1,29.5,36.0,-99.2,0.3,1.0,147.0,1
D006558,4.9,1258.0,0.84,23.5,0.42,-62.8,-53.9,26.2,57.0,-95.5,22.6,0.0,108.0,0
D006559,4.4,1238.0,1.14,28.5,0.47,-63.0,-49.9,25.6,47.0,-94.9,9.0,0.0,125.0,0
D006560,5.3,1203.0,1.16,33.0,0.5,-65.3,-50.4,24.2,46.0,-96.5,7.8,1.0,123.0,1
D006561,6.5,1304.0,1.17,20.5,0.43,-62.9,-51.3,26.5,50.0,-91.5,12.4,0.0,102.0,0
D006562,4.2,1196.0,1.14,31.5,0.48,-64.4,-50.4,24.5,44.0,-97.3,15.4,1.0,125.0,1
D006563,4.9,1180.0,1.16,,0.51,-63.5,-49.8,23.1,44.0,-95.1,7.7,0.0,,1
D006564,5.0,1173.0,1.16,27.0,0.43,-65.9,-50.8,25.0,42.0,-95.6,10.5,0.0,128.0,1
D006565,5.8,1153.0,1.17,22.5,0.3,-60.0,-53.6,20.3,47.0,-94.8,5.6,1.0,104.0,0
D006566,4.7,1166.0,1.27,26.5,0.51,-66.7,-49.7,23.1,42.0,-96.5,6.6,1.0,117.0,1
D006567,3.2,1119.0,1.57,30.5,0.59,-64.2,-50.4,26.4,37.0,-97.1,10.1,1.0,101.0,0
D006568,5.0,1146.0,1.1,28.0,0.45,-64.6,-50.8,24.5,42.0,-97.9,6.4,0.0,132.0,1
D006569,4.7,1250.0,1.04,29.5,0.41,-64.4,-50.1,23.1,41.0,-94.8,10.2,0.0,130.0,1
D006570,3.7,1032.0,1.58,23.5,0.56,-63.6,-52.9,20.8,52.0,-90.6,21.0,1.0,102.0,0
D006571,5.1,1191.0,1.12,32.0,0.48,-65.6,-48.3,23.1,39.0,-94.8,8.2,1.0,128.0,1
D006572,4.2,1172.0,1.13,30.5,0.47,-64.0,-49.0,22.3,46.0,-96.2,14.2,0.0,124.0,1
D006573,3.8,,0.92,30.0,0.7,-61.1,-52.2,28.3,,-97.2,5.7,0.0,147.0,0
D006574,4.2,,1.16,31.5,0.45,-66.2,-48.9,24.0,42.0,-95.2,8.1,0.0,134.0,0
D006575,3.9,1183.0,1.09,27.0,0.5,-64.9,-49.7,25.6,41.0,-95.4,11.4,0.0,122.0,1
D006576,3.9,1185.0,1.01,33.5,0.49,-63.7,-49.5,23.7,41.0,-96.0,4.9,1.0,130.0,1
D006577,5.5,1201.0,1.11,30.5,0.43,-65.5,-50.4,24.9,47.0,-96.4,9.6,0.0,125.0,1
D006578,6.7,1190.0,1.07,32.0,0.57,-69.1,-51.4,21.4,55.0,-99.4,18.6,0.0,115.0,1
D006579,3.4,1338.0,0.99,28.5,0.43,-65.6,-53.3,29.1,50.0,-93.0,16.6,1.0,137.0,0
D006580,5.6,1144.0,1.46,39.0,0.33,-62.2,-52.6,23.4,59.0,-97.5,1.4,1.0,137.0,1
D006581,4.4,1122.0,1.01,29.5,0.46,-65.2,-49.9,22.2,42.0,-95.3,4.9,0.0,129.0,1
D006582,6.6,1293.0,1.42,34.5,0.46,-64.7,-51.4,21.7,35.0,-91.2,19.5,0.0,100.0,0
D006583,5.0,1143.0,1.13,31.0,0.41,-64.9,-49.0,24.7,44.0,-95.0,10.1,0.0,133.0,1
D006584,4.8,1173.0,1.18,30.5,0.43,-66.8,-48.8,21.9,45.0,-96.7,7.3,1.0,134.0,1
D006585,4.8,1109.0,1.23,30.0,0.49,-65.5,-49.4,24.0,43.0,-96.5,12.2,1.0,120.0,0
D006586,4.6,1164.0,1.05,30.5,0.49,-65.0,-47.7,24.4,46.0,-94.3,9.8,0.0,125.0,0
D006587,4.8,1222.0,1.18,28.0,0.53,-64.8,-50.4,23.9,43.0,-95.1,9.8,1.0,120.0,0
D006588,5.6,1301.0,1.51,34.5,0.42,-65.3,-49.8,20.3,36.0,-90.2,16.9,1.0,149.0,1
D006589,4.9,1172.0,1.06,27.5,0.44,-65.6,-52.3,25.3,38.0,-95.0,7.9,1.0,129.0,1
D006590,5.2,1151.0,1.23,30.5,0.45,-66.4,-50.3,24.0,40.0,-95.0,8.0,1.0,124.0,1
D006591,6.0,1168.0,1.03,36.0,0.49,-61.5,-47.0,25.1,45.0,-91.6,0.8,0.0,131.0,1
D006592,4.5,1146.0,1.21,28.5,0.48,-65.0,-49.2,24.6,43.0,-95.5,8.9,1.0,123.0,0
D006593,4.9,1160.0,1.22,29.0,0.5,-65.5,-51.4,23.4,46.0,-95.4,8.9,1.0,128.0,1
D006594,4.7,1257.0,1.12,29.0,0.45,-65.2,-51.4,23.7,40.0,-96.5,5.4,0.0,128.0,1
D006595,4.8,1188.0,0.97,27.0,0.48,-66.7,-51.6,25.2,45.0,-96.4,9.0,1.0,134.0,1
D006596,4.8,1173.0,1.11,27.0,0.44,-65.0,-49.4,23.7,44.0,-93.6,12.2,1.0,127.0,0
D006597,4.7,1199.0,1.11,28.0,0.47,-66.8,-49.7,24.5,45.0,-94.9,6.3,0.0,119.0,1
D006598,5.9,1196.0,0.94,25.5,0.55,-64.5,-46.5,20.6,40.0,-98.6,2.3,0.0,117.0,1
D006599,4.8,1137.0,1.09,28.0,0.46,-67.0,-49.1,24.6,42.0,-93.6,3.5,0.0,129.0,1
D006600,5.1,1132.0,1.02,30.0,0.45,-65.4,-50.2,22.0,47.0,-95.8,9.9,0.0,122.0,1
D006601,3.3,,1.34,32.0,0.54,-68.3,-47.9,28.8,33.0,-99.5,3.8,0.0,144.0,1
D006602,5.0,1133.0,1.17,31.5,0.45,-66.0,-48.1,22.5,43.0,-95.4,11.6,0.0,136.0,1
D006603,5.1,1176.0,1.05,29.0,0.45,-64.7,-50.4,23.2,43.0,-95.2,6.0,1.0,132.0,1
D006604,5.2,1196.0,1.12,25.5,0.44,-65.0,-50.0,22.3,50.0,-96.5,8.1,0.0,129.0,1
D006605,6.3,1391.0,1.24,29.5,0.3,-60.9,-49.8,27.4,44.0,-92.3,7.6,0.0,102.0,0
D006606,4.2,1194.0,,29.0,0.52,-64.3,-48.0,24.9,46.0,-96.8,10.7,0.0,124.0,0
D006607,5.8,1116.0,1.09,32.5,0.54,-67.4,-50.4,23.3,43.0,-96.8,5.1,0.0,132.0,1
D006608,4.3,1175.0,1.0,30.0,0.53,-65.7,-49.0,22.8,47.0,-96.0,8.8,0.0,132.0,1
D006609,6.2,1280.0,1.07,20.0,0.38,-69.2,-45.4,23.9,47.0,-94.5,23.9,1.0,118.0,0
D006610,4.7,1228.0,1.0,29.0,0.51,-65.2,-49.1,23.4,48.0,-96.2,7.9,1.0,124.0,1
D006611,5.0,1188.0,1.08,27.0,0.49,-65.5,-49.8,22.7,47.0,-95.1,7.7,1.0,121.0,1
D006612,5.4,1068.0,1.15,27.0,0.49,-66.0,-50.2,23.8,45.0,-94.7,4.7,1.0,128.0,1
D006613,4.8,1155.0,0.95,32.0,0.4,-64.7,-50.6,24.0,41.0,-95.0,5.2,0.0,130.0,1
D006614,4.2,1180.0,1.12,28.0,0.58,-64.4,,23.3,44.0,-95.4,8.5,0.0,128.0,0
D006615,4.3,1148.0,1.09,28.5,0.46,-64.4,-49.5,23.2,42.0,-94.3,5.1,0.0,128.0,1
D006616,3.9,1115.0,1.15,28.0,0.42,-64.9,-50.2,27.1,47.0,-97.0,7.9,1.0,128.0,0
D006617,5.6,1223.0,1.16,27.5,0.51,-64.4,-48.7,24.1,44.0,-96.3,11.9,0.0,120.0,1
D006618,3.3,1142.0,0.92,32.5,0.59,-67.3,-53.3,20.0,45.0,-95.1,14.0,1.0,133.0,0
D006619,4.7,1188.0,1.08,28.0,0.49,-67.5,-49.8,24.0,48.0,-95.1,,0.0,132.0,1
D006620,3.5,1029.0,1.14,21.0,0.46,-66.8,-50.9,21.9,,-97.7,5.2,1.0,144.0,0
D006621,4.0,1177.0,1.38,31.0,0.34,-67.1,-48.6,22.7,51.0,-99.8,16.0,0.0,147.0,0
D006622,4.7,1151.0,1.22,27.0,0.45,-65.6,-48.6,22.9,,-97.9,6.9,1.0,122.0,1
D006623,6.3,1366.0,1.02,29.0,0.61,-63.8,-45.7,24.4,35.0,-99.1,11.1,0.0,119.0,1
D006624,4.5,1208.0,1.14,28.5,0.51,-63.9,-51.4,26.0,49.0,-94.5,10.2,1.0,126.0,0
D006625,4.6,1212.0,1.58,39.0,0.3,-64.4,-49.3,20.4,35.0,-94.0,10.6,0.0,119.0,0
D006626,3.8,1138.0,1.48,39.5,0.63,-62.7,-52.5,27.5,52.0,-98.7,13.0,0.0,,0
D006627,4.6,1230.0,0.95,39.0,0.44,-63.9,-46.4,30.0,57.0,-93.6,4.6,1.0,112.0,0
D006628,6.3,1341.0,1.0,20.5,0.64,-63.2,-54.6,25.4,56.0,-96.9,16.6,0.0,133.0,1
D006629,5.2,1186.0,1.05,30.0,0.51,-66.8,-49.4,23.4,48.0,-96.2,10.2,1.0,125.0,1
D006630,5.7,1113.0,0.98,30.0,0.46,-61.9,-54.1,27.7,34.0,-99.4,,1.0,125.0,1
D006631,5.0,1179.0,1.12,27.5,0.45,-65.4,-51.3,24.0,44.0,-96.4,5.9,0.0,132.0,1
D006632,4.6,1125.0,1.05,28.5,0.44,-65.5,-49.7,26.6,47.0,-95.0,13.4,0.0,134.0,1
D006633,4.7,1230.0,1.12,26.5,0.46,-65.8,-49.6,23.8,50.0,-96.0,10.0,1.0,122.0,1
D006634,5.2,1203.0,1.06,30.0,0.48,-65.9,-50.0,23.0,46.0,-95.6,8.7,1.0,130.0,1
D006635,4.6,1118.0,1.03,26.5,0.48,-65.4,-51.8,24.5,44.0,-96.3,,1.0,129.0,0
D006636,4.8,1206.0,1.18,30.0,0.49,-64.6,-49.6,26.6,42.0,-95.4,5.6,1.0,136.0,1
D006637,4.9,1187.0,1.06,28.5,0.53,-66.8,-50.9,22.4,40.0,-95.1,8.9,0.0,133.0,1
D006638,4.0,1120.0,,28.0,0.49,-63.8,-47.9,23.4,46.0,-97.4,7.8,0.0,126.0,0
D006639,6.2,1222.0,1.38,29.5,0.56,-62.7,-50.5,28.5,46.0,-95.0,17.7,1.0,112.0,0
D006640,4.5,1134.0,1.18,27.5,0.49,-65.8,-50.4,23.6,50.0,-94.8,7.8,1.0,118.0,1
D006641,4.6,1239.0,1.25,29.5,0.5,-69.6,-52.4,21.7,33.0,-98.8,7.3,0.0,119.0,1
D006642,4.5,1116.0,1.13,27.0,0.49,-66.5,-49.1,24.5,44.0,-94.9,7.9,0.0,131.0,1
D006643,4.7,1231.0,1.11,32.5,0.48,-66.7,-50.9,23.7,40.0,-95.7,9.5,0.0,132.0,1
D006644,5.6,1006.0,0.89,,0.58,-67.0,-54.3,22.4,49.0,-90.1,17.6,1.0,141.0,1
D006645,4.4,1157.0,1.09,31.0,0.5,-64.8,-49.4,24.7,44.0,-95.3,9.3,1.0,122.0,1
D006646,3.4,1314.0,1.43,35.5,0.32,-68.2,-47.6,23.2,33.0,-96.2,21.0,1.0,129.0,0
D006647,6.9,1330.0,0.94,36.5,0.56,-64.8,-46.2,20.6,34.0,-92.5,12.4,1.0,140.0,1
D006648,3.8,1087.0,0.89,37.0,0.63,-62.6,-48.9,27.3,51.0,-98.5,15.0,1.0,134.0,0
D006649,3.9,1287.0,1.39,39.5,0.62,-63.0,-54.2,26.0,44.0,-94.4,16.4,1.0,102.0,0
D006650,4.6,1120.0,1.11,38.5,0.7,-63.1,-47.7,24.7,36.0,-91.8,12.5,0.0,115.0,0
D006651,5.7,1219.0,1.57,36.5,0.6,-61.3,-53.6,27.7,57.0,-94.9,22.5,0.0,113.0,0
D006652,4.6,1197.0,1.09,28.5,0.46,-64.6,-51.2,23.1,41.0,-95.7,8.2,1.0,129.0,1
D006653,5.0,1229.0,1.09,32.5,0.53,-66.2,-50.0,24.6,43.0,-94.4,11.3,1.0,130.0,1
D006654,4.9,1002.0,1.16,26.5,0.53,-64.7,-49.4,23.7,39.0,-96.7,7.2,0.0,125.0,1
D006655,5.2,1159.0,1.24,25.5,0.44,-65.5,-50.9,24.5,45.0,-94.5,9.1,0.0,,1
D006656,3.3,1078.0,1.23,32.5,0.43,-63.9,-54.0,25.3,45.0,-92.8,9.2,0.0,144.0,1
D006657,5.0,1151.0,1.13,26.5,0.51,-65.3,-49.0,22.7,50.0,-94.8,12.4,1.0,125.0,0
D006658,4.7,1143.0,1.13,27.5,0.43,-63.4,-49.3,24.7,44.0,-95.7,8.6,1.0,141.0,1
D006659,4.9,1250.0,1.11,31.0,0.47,-64.7,-49.3,,49.0,-96.9,8.9,1.0,125.0,1
D006660,4.4,1142.0,,23.0,0.47,-65.1,-51.9,20.6,31.0,,22.1,0.0,113.0,0
D006661,5.3,1207.0,1.07,28.0,0.43,-65.8,,24.2,40.0,-96.2,,0.0,131.0,1
D006662,3.7,1131.0,0.81,24.0,0.51,-69.3,-50.1,21.1,36.0,-94.0,9.7,1.0,134.0,1
D006663,5.3,1134.0,1.08,25.5,0.47,-64.1,-50.2,23.8,43.0,-96.2,15.3,0.0,,1
D006664,4.1,,0.98,29.5,0.48,-64.6,-50.0,25.5,50.0,-97.1,9.6,0.0,128.0,1
D006665,4.5,1178.0,1.02,28.5,0.5,-63.8,-50.6,24.4,45.0,-97.2,12.1,1.0,131.0,1
D006666,5.4,1142.0,0.94,30.0,0.43,-65.3,-49.5,25.0,44.0,-95.3,12.5,0.0,132.0,1
D006667,5.0,1213.0,1.02,24.5,0.53,-64.6,-49.3,23.0,,-93.8,7.4,0.0,138.0,1
D006668,4.8,1176.0,1.06,,,-64.0,-51.6,24.1,41.0,-93.7,8.9,1.0,133.0,1
D006669,5.4,1231.0,1.13,29.5,0.55,-67.6,-50.0,24.4,43.0,-95.9,8.3,0.0,129.0,1
D006670,4.4,1123.0,0.96,30.5,0.45,-64.1,-50.8,23.8,38.0,-97.1,8.5,0.0,131.0,1
D006671,5.2,1350.0,1.28,38.0,0.48,-64.0,-46.2,29.0,52.0,-92.6,4.6,1.0,126.0,0
D006672,5.0,1182.0,1.21,31.0,0.53,-65.2,-50.1,23.2,39.0,-95.8,9.7,1.0,123.0,1
D006673,3.7,1396.0,1.38,22.0,0.66,-61.1,-45.2,25.3,46.0,-93.2,16.6,0.0,114.0,0
D006674,4.9,1197.0,1.14,27.0,0.44,-64.9,-50.1,24.4,47.0,-95.3,,1.0,130.0,1
D006675,5.1,1195.0,1.16,29.5,0.54,-65.4,-51.4,23.8,42.0,-93.6,13.6,1.0,128.0,1
D006676,3.6,1105.0,1.27,36.5,0.42,-68.5,-48.0,26.1,35.0,-98.5,4.6,0.0,142.0,1
D006677,5.3,1243.0,0.98,30.5,0.61,-67.2,-46.2,25.5,42.0,-93.9,23.2,1.0,105.0,1
D006678,4.8,1366.0,1.13,29.0,0.69,-61.6,-54.6,28.4,38.0,-98.2,7.4,1.0,127.0,0
D006679,,1145.0,1.05,26.5,0.49,-65.6,-49.9,24.0,43.0,-95.2,10.6,0.0,137.0,1
D006680,4.8,1215.0,0.98,28.5,0.5,,-48.9,24.3,43.0,-97.0,9.8,1.0,126.0,1
D006681,6.9,1354.0,1.57,39.0,0.31,-64.6,-45.2,21.9,46.0,-93.6,15.6,1.0,135.0,1
D006682,5.2,1164.0,1.11,30.0,0.47,-66.5,-51.7,24.6,44.0,-95.4,8.3,1.0,132.0,1
D006683,,1174.0,1.12,30.5,0.47,-65.6,-49.6,23.0,43.0,-95.6,5.4,1.0,127.0,1
D006684,5.1,,1.08,26.0,0.47,-65.1,-51.7,23.6,41.0,-94.7,8.6,1.0,121.0,1
D006685,4.1,1190.0,0.97,32.5,0.46,-64.3,-52.9,25.1,42.0,-93.9,5.0,1.0,122.0,1
D006686,4.2,1198.0,1.05,27.0,0.45,-67.6,-50.6,23.2,46.0,-96.7,10.7,1.0,126.0,1
D006687,5.3,1257.0,1.11,31.0,0.34,-62.4,-52.9,25.9,52.0,-99.5,14.3,1.0,135.0,0
D006688,4.5,1205.0,1.11,30.0,0.47,-66.4,-51.3,23.8,41.0,-94.7,4.0,0.0,131.0,1
D006689,4.8,1236.0,1.02,28.0,0.49,,-50.3,24.1,42.0,-95.8,4.5,0.0,127.0,1
D006690,5.0,1148.0,1.09,26.0,0.45,-66.7,-52.5,25.5,41.0,-94.1,2.9,0.0,126.0,1
D006691,4.9,1161.0,0.99,28.0,0.52,-66.7,-50.0,25.0,42.0,-96.9,11.3,0.0,136.0,1
D006692,4.9,1196.0,1.1,27.0,0.47,-65.6,-49.0,24.1,45.0,-95.1,11.7,0.0,120.0,0
D006693,5.7,1181.0,1.11,28.0,0.52,-64.6,-50.7,25.0,45.0,-96.0,9.1,1.0,124.0,1
D006694,,1256.0,0.98,33.0,0.32,-64.0,-54.3,22.7,43.0,-98.9,2.4,0.0,130.0,1
D006695,4.8,1171.0,1.12,29.0,0.48,-65.2,-47.6,23.4,46.0,-94.4,14.4,1.0,132.0,0
D006696,5.0,1215.0,1.12,32.5,0.47,-65.9,-52.0,24.9,39.0,-95.4,1.4,0.0,117.0,1
D006697,3.9,1326.0,1.4,31.5,0.63,-63.3,-49.3,26.9,44.0,-96.1,6.9,1.0,111.0,0
D006698,4.8,1115.0,0.98,28.0,0.48,-64.9,-48.7,24.4,41.0,-96.0,12.7,1.0,127.0,0
D006699,4.1,1043.0,1.58,39.0,0.69,-64.0,-46.6,29.7,43.0,-94.2,0.7,1.0,121.0,0
D006700,5.8,1199.0,1.14,28.0,0.51,-64.8,-48.9,23.5,43.0,-93.8,7.5,0.0,132.0,1
D006701,4.8,1155.0,0.99,29.5,0.46,-66.0,-49.7,24.2,,-93.5,11.8,1.0,138.0,1
D006702,3.3,1185.0,1.19,33.0,0.53,-63.4,-48.8,22.5,38.0,-93.3,,1.0,139.0,1
D006703,4.7,1120.0,0.97,26.5,0.49,-65.5,-50.5,24.3,40.0,-95.9,11.5,1.0,130.0,1
D006704,3.9,1173.0,1.4,29.0,0.32,-69.1,-50.8,25.3,48.0,-99.0,6.2,1.0,126.0,0
D006705,5.1,1166.0,1.06,29.5,0.44,-63.5,-50.6,23.0,48.0,-94.1,8.5,0.0,120.0,0
D006706,6.0,1210.0,1.06,27.0,0.49,-64.0,-49.1,25.1,45.0,-94.5,10.4,1.0,124.0,1
D006707,4.1,1185.0,1.12,31.5,0.46,-66.1,-49.6,22.8,46.0,-96.7,2.5,1.0,125.0,1
D006708,4.6,1177.0,1.16,30.0,0.46,-67.0,-51.6,24.6,41.0,-96.7,11.0,0.0,139.0,1
D006709,4.6,1184.0,1.1,31.0,0.49,-65.5,-50.0,23.5,44.0,-94.7,14.5,0.0,130.0,1
D006710,4.7,1177.0,1.16,31.0,0.45,-66.5,-50.3,23.7,43.0,-96.2,7.7,1.0,129.0,1
D006711,4.2,1150.0,1.07,27.5,0.56,-64.3,-50.1,24.9,49.0,-94.2,10.6,1.0,126.0,0
D006712,4.7,1186.0,1.07,27.0,0.4,-66.1,-49.7,22.9,39.0,-95.7,,1.0,120.0,1
D006713,4.6,1145.0,0.92,39.0,0.36,-66.3,-52.5,27.7,59.0,-94.3,9.1,0.0,127.0,1
D006714,4.9,1229.0,1.06,31.0,0.51,-66.6,-50.3,23.4,44.0,-94.9,9.8,1.0,122.0,1
D006715,4.9,1109.0,0.9,36.5,0.58,-69.3,-48.6,27.6,33.0,-95.3,12.3,1.0,122.0,1
D006716,4.3,1119.0,1.16,32.0,0.52,-66.1,-49.2,24.1,44.0,-95.9,10.5,1.0,132.0,0
D006717,3.8,1155.0,1.49,26.5,0.52,-68.0,-53.6,29.2,38.0,-96.6,19.8,1.0,139.0,0
D006718,6.6,1100.0,1.53,23.5,0.46,-63.8,-48.3,25.4,52.0,-94.5,2.9,,102.0,0
D006719,4.1,1238.0,1.04,22.5,,,-47.6,23.1,51.0,-97.0,,0.0,131.0,0
D006720,4.2,1202.0,1.21,28.0,0.48,-68.6,-49.6,25.4,42.0,-95.6,9.5,0.0,134.0,1
D006721,5.4,1129.0,1.02,32.5,0.52,,-51.3,24.3,46.0,-96.3,6.1,0.0,120.0,1
D006722,6.8,1314.0,1.21,24.0,0.4,-69.4,-48.6,26.3,50.0,-95.1,8.6,0.0,117.0,1
D006723,3.7,1041.0,,37.5,0.53,-68.3,-48.0,27.6,57.0,-99.2,15.8,1.0,122.0,0
D006724,4.3,1181.0,1.14,28.5,0.47,-66.0,-49.8,24.1,42.0,-96.9,10.7,0.0,122.0,1
D006725,4.1,1200.0,1.06,27.5,0.44,-66.3,-51.6,23.4,46.0,-97.4,11.5,1.0,127.0,0
D006726,4.8,1360.0,0.92,,0.35,-69.1,-45.8,28.5,33.0,-97.0,1.5,1.0,115.0,1
D006727,5.1,1182.0,1.13,25.0,0.47,-66.5,-48.9,23.2,43.0,-95.4,9.4,1.0,129.0,0
D006728,6.0,1019.0,1.22,33.0,0.31,-65.2,-50.8,21.4,47.0,-93.0,8.8,1.0,122.0,1
D006729,4.6,1179.0,1.06,29.5,0.5,-66.5,-50.8,24.0,41.0,-93.5,5.1,0.0,122.0,1
D006730,3.0,1345.0,0.98,39.5,0.39,-64.2,-47.1,23.9,45.0,-92.4,8.9,1.0,,0
D006731,4.7,1182.0,1.2,30.5,0.47,-64.9,-50.8,23.7,44.0,-94.8,2.4,1.0,131.0,1
D006732,5.3,1178.0,0.91,31.5,0.66,-69.8,-51.3,21.5,47.0,-90.7,5.1,0.0,117.0,1
D006733,4.9,1054.0,1.06,28.5,0.39,-68.9,-49.1,28.2,39.0,-90.7,9.2,0.0,146.0,0
D006734,6.1,,,22.0,0.6,-69.3,-51.7,20.3,58.0,-90.2,10.3,0.0,116.0,0
D006735,5.1,1166.0,1.0,27.5,0.46,,-48.3,23.2,50.0,,7.1,0.0,133.0,1
D006736,4.1,1380.0,0.98,35.0,0.69,-62.2,-47.6,20.4,50.0,-99.7,21.6,0.0,145.0,0
D006737,4.8,1201.0,1.13,27.0,0.44,-66.1,-49.8,25.6,42.0,-97.0,7.8,0.0,127.0,1
D006738,4.8,1180.0,1.14,29.0,0.53,-64.1,-49.6,23.4,43.0,-95.8,10.3,0.0,125.0,1
D006739,5.0,1187.0,1.13,31.0,0.48,-66.5,-50.8,24.6,44.0,-94.2,12.4,1.0,128.0,1
D006740,5.4,1226.0,1.07,32.0,0.54,-65.7,-48.1,25.9,44.0,-95.0,8.6,1.0,132.0,1
D006741,4.2,1213.0,1.1,32.5,0.49,-64.8,-49.4,24.1,42.0,-94.1,10.0,0.0,122.0,1
D006742,4.7,1200.0,1.14,27.0,0.5,-64.6,-49.8,23.6,46.0,-95.5,11.9,1.0,132.0,0
D006743,4.1,1099.0,1.54,26.5,0.6,-63.0,-47.0,23.8,43.0,-99.5,5.5,1.0,114.0,0
D006744,4.5,1203.0,,32.5,0.5,-65.3,-49.1,23.8,46.0,-94.3,7.2,0.0,124.0,1
D006745,4.2,1177.0,1.11,26.0,0.46,-65.5,-49.3,21.6,45.0,-95.4,8.1,0.0,130.0,1
D006746,4.8,1171.0,1.35,26.5,0.44,-63.8,-49.0,25.6,,-94.6,8.6,1.0,136.0,0
D006747,4.4,1122.0,1.04,28.0,0.49,-66.0,-50.1,22.8,45.0,-95.3,11.7,0.0,128.0,1
D006748,4.2,1062.0,0.85,37.0,0.66,-68.8,-48.5,20.5,58.0,-91.4,2.9,0.0,121.0,1
D006749,6.9,1326.0,1.29,31.5,0.6,-69.4,-45.2,24.1,44.0,-91.6,2.2,0.0,102.0,1
D006750,3.9,1191.0,1.1,28.0,0.53,-65.6,-49.8,23.6,42.0,-95.0,6.7,1.0,136.0,1
D006751,4.9,1176.0,1.19,28.0,0.51,-65.2,-48.5,24.3,47.0,-96.4,,0.0,127.0,0
D006752,4.9,1250.0,1.12,27.5,0.49,-65.7,-48.9,23.2,48.0,-94.7,5.0,0.0,128.0,1
D006753,5.0,,1.06,25.0,0.43,-65.3,-52.1,22.0,41.0,-96.6,9.7,0.0,123.0,1
D006754,5.1,1163.0,1.06,30.0,0.49,-65.4,-48.4,23.5,45.0,-94.5,11.9,0.0,128.0,1
D006755,5.4,1181.0,1.16,30.0,0.48,-64.7,-48.3,26.2,47.0,-95.8,11.6,1.0,132.0,0
D006756,6.4,1177.0,1.03,21.5,0.65,-65.3,-46.6,28.8,46.0,-99.4,,1.0,113.0,0
D006757,5.0,1159.0,1.2,28.0,0.46,-65.8,-48.7,22.2,44.0,-95.7,9.5,0.0,125.0,1
D006758,6.3,1315.0,1.59,21.0,0.57,-64.0,-47.9,23.5,34.0,-98.2,22.1,0.0,144.0,0
D006759,3.7,1225.0,0.87,29.5,0.65,-62.8,-49.3,21.8,60.0,-97.7,4.1,1.0,114.0,0
D006760,6.2,1041.0,0.98,32.0,0.44,-62.8,-54.3,29.2,52.0,-92.7,8.8,0.0,108.0,1
D006761,5.3,1204.0,1.2,30.0,0.47,-65.8,-50.3,24.3,49.0,-96.0,9.9,0.0,124.0,1
D006762,4.9,1181.0,1.05,25.5,0.42,-65.3,-48.8,25.2,44.0,-93.8,12.7,0.0,127.0,0
D006763,5.6,1062.0,1.25,39.5,0.47,-63.6,-46.4,,35.0,-98.8,18.1,0.0,103.0,0
D006764,4.8,1217.0,1.13,28.5,0.48,-66.3,-49.8,24.7,47.0,-96.3,10.7,0.0,134.0,1
D006765,5.6,1294.0,1.1,26.5,0.49,-65.6,-49.8,24.1,41.0,-95.7,5.4,0.0,133.0,1
D006766,4.4,1198.0,1.17,27.5,0.44,-65.5,-49.0,26.4,40.0,-94.8,9.2,0.0,135.0,1
D006767,4.5,1127.0,1.08,27.5,0.47,-66.5,-48.9,23.0,44.0,-95.9,11.1,0.0,133.0,1
D006768,6.3,1300.0,0.89,35.5,0.48,-62.1,-53.9,23.7,44.0,-95.0,17.6,0.0,112.0,1
D006769,5.1,1175.0,1.16,30.5,0.48,-66.5,-49.3,23.5,46.0,-96.3,9.0,0.0,123.0,1
D006770,5.2,1162.0,1.32,28.5,0.51,-65.8,-49.4,23.3,42.0,-95.1,10.2,1.0,130.0,1
D006771,4.9,1184.0,1.21,30.0,0.47,-66.0,-51.3,23.0,44.0,,10.3,1.0,134.0,1
D006772,5.2,1181.0,1.2,30.0,0.48,,-49.0,22.0,42.0,-95.4,5.7,0.0,133.0,1
D006773,5.0,1167.0,1.11,30.5,0.55,-65.5,-50.9,24.1,44.0,-95.1,8.0,1.0,135.0,1
D006774,5.4,1140.0,1.32,28.5,0.46,-65.0,-51.0,22.6,48.0,-95.1,12.0,1.0,123.0,1
D006775,5.8,1000.0,1.56,36.5,0.51,-67.7,-53.5,22.4,38.0,-96.4,5.8,1.0,107.0,1
D006776,5.2,1178.0,1.19,26.0,0.44,-66.8,-48.0,24.6,44.0,-95.9,8.7,1.0,133.0,1
D006777,5.0,1215.0,1.17,29.5,0.51,-65.2,-49.6,25.3,42.0,-95.7,,1.0,133.0,1
D006778,4.2,1265.0,1.15,29.5,0.51,-67.2,-48.9,24.8,43.0,-97.8,5.6,0.0,126.0,1
D006779,5.1,1291.0,1.38,37.0,0.43,-67.2,-50.6,28.6,30.0,-97.4,21.9,0.0,135.0,1
D006780,3.6,1187.0,1.18,39.0,0.6,-67.2,-52.9,26.9,37.0,-98.1,14.0,1.0,104.0,0
D006781,,1151.0,0.97,33.0,0.4,-64.2,-49.0,24.1,46.0,-94.7,3.4,1.0,137.0,1
D006782,5.0,1186.0,1.22,28.5,0.51,-66.4,-50.3,22.6,47.0,-95.2,10.4,0.0,122.0,1
D006783,4.6,1197.0,1.26,26.5,0.45,-65.3,-49.3,24.8,45.0,-95.8,11.6,0.0,123.0,0
D006784,4.4,1226.0,1.24,28.0,0.44,-67.0,-50.8,24.4,45.0,-97.4,8.1,1.0,,1
D006785,6.8,1203.0,0.88,21.0,0.64,-62.9,-51.3,27.8,30.0,-95.0,8.4,,104.0,0
D006786,4.4,1230.0,1.14,36.5,0.52,-62.8,-49.9,22.1,51.0,-90.7,23.2,1.0,128.0,0
D006787,4.8,1150.0,1.16,29.0,0.43,-64.0,-49.9,25.0,41.0,-93.3,7.0,1.0,134.0,0
D006788,3.9,1349.0,0.8,21.5,0.41,-61.6,-54.3,24.4,48.0,-92.2,14.6,0.0,107.0,0
D006789,5.3,1132.0,1.12,31.5,0.53,-66.8,-49.8,23.5,47.0,-96.0,6.0,0.0,132.0,1
D006790,5.0,1185.0,1.12,27.5,,-66.6,-50.5,,43.0,-95.6,5.4,1.0,133.0,1
D006791,5.3,1146.0,1.09,28.5,0.53,-65.7,-51.4,23.2,49.0,-94.8,7.6,1.0,130.0,1
D006792,4.9,1174.0,1.02,29.5,0.49,-64.0,-49.6,21.7,36.0,-92.0,15.0,0.0,141.0,1
D006793,4.4,1196.0,1.2,31.5,0.44,-64.1,-49.9,23.8,47.0,-94.0,4.9,0.0,128.0,1
D006794,4.8,1156.0,1.08,28.5,0.48,-64.8,-50.2,23.8,44.0,-96.9,8.3,0.0,130.0,1
D006795,4.2,1308.0,1.07,30.0,0.52,-62.0,-52.2,26.1,52.0,-98.0,16.3,1.0,111.0,0
D006796,5.5,1285.0,1.45,,0.32,-69.0,-54.2,26.7,54.0,-98.4,5.1,1.0,113.0,1
D006797,5.6,1149.0,0.82,26.0,0.64,-61.6,-46.6,24.1,46.0,-94.5,20.8,0.0,148.0,0
D006798,5.4,1151.0,1.01,31.0,0.48,-65.1,-52.2,23.4,45.0,-96.0,7.4,0.0,127.0,1
D006799,5.0,1206.0,1.22,30.0,0.48,-64.8,-47.3,24.5,39.0,-96.4,9.5,0.0,135.0,0
D006800,4.9,1181.0,1.05,24.0,0.47,-65.3,-51.7,26.1,43.0,-95.2,8.9,0.0,128.0,0
D006801,5.4,1134.0,0.96,25.0,0.6,-68.3,-45.8,22.5,49.0,-93.5,15.5,0.0,102.0,0
D006802,3.3,1243.0,1.16,38.0,0.5,-60.2,-50.8,21.0,32.0,-92.0,10.0,0.0,123.0,0
D006803,4.9,1167.0,1.05,32.5,0.48,-67.2,-50.7,21.4,43.0,-96.0,5.8,1.0,132.0,1
D006804,5.0,1176.0,1.04,29.0,0.46,-67.2,-47.5,24.7,44.0,-96.0,8.2,1.0,130.0,1
D006805,4.5,1166.0,1.03,31.0,0.56,-64.2,-50.6,24.1,41.0,-96.1,10.2,1.0,128.0,1
D006806,6.2,1336.0,0.88,28.0,0.66,-65.6,-49.6,30.0,50.0,-91.8,19.7,,128.0,0
D006807,4.4,1256.0,1.02,27.5,0.49,-65.4,-51.2,23.8,43.0,-94.2,11.4,0.0,136.0,1
D006808,4.6,1206.0,0.99,30.5,0.48,-65.7,-50.3,22.2,48.0,-97.0,6.0,1.0,126.0,1
D006809,4.0,1198.0,1.16,29.5,0.48,-66.6,-49.8,23.0,47.0,-96.1,13.7,1.0,135.0,1
D006810,4.0,1372.0,1.36,35.0,0.66,-62.6,-53.9,29.3,33.0,-90.3,19.1,1.0,125.0,0
D006811,4.7,1193.0,1.19,29.0,0.5,-65.7,-50.4,24.7,42.0,-96.3,9.7,1.0,139.0,1
D006812,5.2,1165.0,1.07,29.5,0.53,-64.7,-49.1,24.1,50.0,-95.2,7.7,1.0,124.0,1
D006813,4.6,1170.0,1.03,25.0,0.47,-67.3,-50.8,23.7,46.0,-94.3,12.0,1.0,122.0,1
D006814,4.9,1200.0,1.21,33.0,0.53,-65.1,-47.8,22.2,45.0,-95.3,7.9,1.0,129.0,1
D006815,4.8,1180.0,1.16,28.0,0.53,-66.4,-50.6,22.8,45.0,-95.5,7.0,0.0,134.0,1
D006816,6.6,,0.81,35.5,0.45,-69.5,-53.2,21.3,32.0,-94.1,7.0,0.0,148.0,1
D006817,5.3,1138.0,1.09,27.5,0.47,-66.8,-49.6,22.2,47.0,-96.6,11.4,0.0,130.0,1
D006818,5.9,1376.0,0.9,29.0,,-61.4,-50.6,28.8,51.0,-97.3,16.7,1.0,124.0,0
D006819,4.4,1189.0,1.08,26.0,0.5,-66.0,-48.0,25.6,40.0,-95.1,9.1,1.0,134.0,0
D006820,4.4,1138.0,0.96,29.0,0.52,-66.4,-50.3,22.7,48.0,-94.3,12.7,0.0,124.0,1
D006821,3.1,1282.0,1.29,39.5,0.62,-60.1,-45.6,29.4,34.0,-90.5,13.8,1.0,114.0,0
D006822,5.4,1263.0,1.08,30.5,0.4,-64.8,-51.2,23.4,39.0,-95.0,12.4,1.0,129.0,1
D006823,4.6,1216.0,1.13,32.5,0.52,-63.4,-49.2,,42.0,-94.8,13.5,1.0,,0
D006824,5.8,1237.0,1.33,23.5,0.35,-63.8,-45.0,28.9,40.0,-94.9,22.8,1.0,138.0,0
D006825,4.3,1172.0,1.15,28.0,0.5,-67.9,-49.1,23.9,49.0,-95.2,8.2,0.0,127.0,1
D006826,7.0,1144.0,1.57,30.0,0.46,-60.6,-45.4,25.0,40.0,-94.1,13.0,0.0,116.0,0
D006827,5.0,1148.0,1.1,27.0,0.48,-65.7,-49.4,25.6,44.0,-95.0,9.4,0.0,129.0,1
D006828,5.7,1120.0,1.12,32.0,0.49,-64.3,-50.0,24.5,,-95.9,7.5,0.0,127.0,1
D006829,4.4,1124.0,1.19,30.0,0.52,-65.7,-47.5,23.6,50.0,-95.3,7.3,0.0,129.0,1
D006830,4.5,1359.0,0.83,22.5,0.59,-62.8,-47.5,27.2,32.0,-97.8,20.1,1.0,136.0,0
D006831,4.8,1174.0,1.08,27.5,0.55,-66.4,-49.1,25.3,43.0,-95.9,5.5,0.0,,1
D006832,4.8,1114.0,0.98,30.5,0.47,-64.6,-51.0,24.0,42.0,-96.5,9.2,0.0,142.0,1
D006833,5.3,1150.0,1.12,28.5,0.51,-63.5,-52.0,24.4,33.0,-95.2,8.8,1.0,139.0,1
D006834,4.7,1145.0,0.96,29.5,0.54,-67.1,-49.4,22.6,45.0,-95.9,5.3,1.0,127.0,1
D006835,5.9,1165.0,1.29,25.0,0.64,-67.6,-48.2,24.2,52.0,-99.6,20.6,0.0,104.0,0
D006836,4.4,1171.0,1.18,27.5,0.42,-66.7,-49.1,23.1,49.0,-98.2,7.7,0.0,130.0,1
D006837,4.9,1181.0,1.03,28.0,0.5,-66.4,-49.2,24.7,42.0,-95.4,7.3,1.0,133.0,1
D006838,5.6,1119.0,1.41,29.5,0.47,-63.4,-48.5,28.3,32.0,-94.4,2.0,1.0,117.0,0
D006839,4.7,1154.0,1.0,26.5,0.48,-66.5,-51.0,25.9,43.0,-95.6,7.2,1.0,127.0,1
D006840,4.3,1266.0,0.91,32.5,0.59,-64.2,-47.1,26.3,42.0,-90.9,1.4,1.0,109.0,0
D006841,3.0,1302.0,1.48,26.5,0.63,-69.2,-48.8,29.6,53.0,-99.1,0.8,0.0,147.0,0
D006842,4.9,1141.0,1.11,28.0,0.49,,-50.4,25.0,,-95.7,7.3,0.0,138.0,1
D006843,3.9,1216.0,1.06,31.0,0.47,-64.5,-51.0,23.8,44.0,-95.6,12.8,0.0,127.0,1
D006844,4.9,1237.0,1.1,30.0,0.46,-66.5,-51.8,25.5,48.0,-94.7,8.0,0.0,126.0,1
D006845,,1159.0,1.07,27.0,0.57,-64.6,-49.3,23.8,48.0,-94.3,8.6,1.0,126.0,1
D006846,4.3,1105.0,1.2,20.5,0.39,-67.6,-49.2,28.8,36.0,-90.1,15.6,1.0,148.0,0
D006847,4.9,1128.0,1.14,28.5,0.48,-64.5,-50.8,23.4,44.0,-94.3,10.4,0.0,125.0,1
D006848,4.3,1149.0,1.18,29.0,0.43,-64.6,-50.2,24.2,46.0,-95.9,8.5,0.0,125.0,1
D006849,4.4,1189.0,1.14,31.0,0.52,-63.8,-47.4,24.4,44.0,-94.9,7.0,0.0,120.0,1
D006850,6.4,1119.0,1.21,22.5,0.39,-63.2,-54.2,26.2,34.0,-97.7,20.3,1.0,145.0,0
D006851,5.7,1254.0,1.26,24.0,0.53,-69.2,-54.2,21.2,40.0,-93.5,10.3,1.0,141.0,1
D006852,4.5,1204.0,1.23,27.5,0.47,-65.7,-50.8,24.6,39.0,-95.8,11.9,0.0,123.0,1
D006853,6.0,1120.0,,22.5,0.33,-65.3,-49.0,25.5,55.0,-94.0,19.5,1.0,101.0,0
D006854,4.8,1234.0,1.07,25.0,0.48,-64.6,-50.8,24.5,44.0,-94.9,4.2,1.0,,1
D006855,4.3,1198.0,1.1,29.5,0.47,-67.4,-49.6,23.6,40.0,-95.8,7.2,1.0,131.0,1
D006856,5.6,1337.0,1.34,,0.67,-62.4,-47.1,22.1,,-93.4,18.7,1.0,111.0,0
D006857,5.0,1271.0,1.06,30.0,0.45,-66.5,-50.8,23.4,43.0,-93.6,11.3,1.0,127.0,1
D006858,4.8,1266.0,1.16,28.5,0.46,-66.6,-51.2,23.3,42.0,-95.2,7.7,0.0,126.0,1
D006859,4.4,1051.0,1.02,31.5,0.39,,-50.4,27.9,45.0,-98.9,14.3,1.0,147.0,0
D006860,6.9,1121.0,1.3,23.0,0.33,-65.0,-48.1,24.8,39.0,-99.0,17.7,1.0,136.0,1
D006861,4.3,1182.0,1.08,30.0,0.52,-66.6,-48.9,25.6,44.0,-96.1,11.1,0.0,128.0,1
D006862,5.0,1180.0,1.02,28.5,0.46,-66.2,-48.4,24.3,41.0,-93.4,8.4,1.0,127.0,1
D006863,3.3,1242.0,1.51,32.0,0.49,-66.1,-54.0,20.3,37.0,-90.4,17.2,0.0,146.0,1
D006864,3.1,1110.0,1.1,23.5,0.32,-65.9,-49.9,24.8,46.0,-92.6,15.8,1.0,117.0,0
D006865,5.1,1152.0,1.17,31.0,0.5,-65.4,-51.7,23.4,44.0,-94.7,12.8,0.0,132.0,1
D006866,5.9,1334.0,1.57,39.0,0.36,-67.0,-54.7,28.4,57.0,-90.3,1.9,0.0,133.0,0
D006867,4.9,1239.0,1.09,26.5,0.51,-65.5,-50.1,23.8,50.0,-95.2,8.8,1.0,124.0,0
D006868,6.6,1091.0,1.49,35.5,0.48,-66.3,-46.7,28.6,44.0,-96.5,8.7,0.0,143.0,1
D006869,4.6,1164.0,1.11,29.5,0.47,-66.9,,23.3,45.0,-94.7,6.8,1.0,135.0,1
D006870,6.8,1267.0,0.98,38.0,0.64,-60.3,-45.3,23.0,,-97.7,12.0,1.0,106.0,1
D006871,5.2,1283.0,1.12,27.5,0.48,-65.3,-51.9,24.7,47.0,-95.3,15.0,1.0,123.0,1
D006872,6.2,1227.0,0.97,37.5,0.49,-69.2,-50.1,26.4,45.0,-99.2,7.6,1.0,144.0,1
D006873,4.3,1199.0,1.0,31.5,0.49,-66.0,-51.2,,46.0,-97.4,9.9,0.0,136.0,1
D006874,5.1,1166.0,1.07,27.0,0.5,-66.0,-50.5,23.7,45.0,-95.5,8.9,0.0,121.0,1
D006875,4.4,1256.0,1.16,32.0,0.42,-64.8,-49.5,23.5,42.0,-95.6,9.3,1.0,127.0,1
D006876,6.3,1021.0,1.34,30.5,0.64,-63.1,-50.5,22.9,52.0,-92.1,19.8,0.0,111.0,0
D006877,5.1,1235.0,1.19,31.0,0.48,-66.1,-50.6,25.7,45.0,-96.0,5.6,0.0,130.0,1
D006878,4.7,1393.0,0.83,27.0,0.5,-69.8,-54.4,24.2,30.0,-90.7,12.5,1.0,111.0,1
D006879,4.6,1223.0,1.08,30.5,0.49,-65.9,-49.3,23.1,40.0,-95.8,7.3,1.0,129.0,1
D006880,4.1,1210.0,1.1,29.0,0.52,-65.2,-49.7,22.4,40.0,-94.8,7.8,1.0,136.0,1
D006881,4.6,1138.0,1.18,27.5,0.48,-65.1,-49.5,25.2,44.0,-95.8,5.9,1.0,138.0,1
D006882,4.6,1188.0,1.02,31.0,0.48,-66.3,-47.1,21.0,44.0,-97.7,6.8,1.0,127.0,1
D006883,5.0,1061.0,1.55,36.5,0.6,-60.9,-46.0,25.6,58.0,-98.6,10.5,0.0,139.0,1
D006884,5.8,1049.0,1.52,29.5,0.63,-64.1,-53.6,23.9,45.0,-93.5,8.6,0.0,127.0,0
D006885,4.7,1232.0,1.16,27.5,0.41,-67.3,-50.2,24.3,43.0,-93.0,10.4,0.0,121.0,0
D006886,5.1,1144.0,1.09,30.0,0.47,-66.9,-50.5,26.7,44.0,-95.3,7.0,0.0,124.0,1
D006887,6.8,1399.0,1.54,34.0,0.57,-62.8,-46.9,22.1,47.0,-92.4,20.6,1.0,144.0,1
D006888,4.0,1279.0,0.95,21.0,0.63,-60.0,-45.9,22.4,49.0,-96.1,2.8,1.0,103.0,0
D006889,5.6,1065.0,1.03,21.0,0.67,-69.7,-46.7,21.0,37.0,-93.4,1.2,1.0,109.0,0
D006890,3.4,1063.0,1.07,25.0,0.52,-62.3,-50.9,21.8,38.0,-98.5,12.4,1.0,143.0,0
D006891,5.9,1154.0,1.46,29.5,0.37,-67.1,-53.5,29.6,39.0,-94.9,3.3,0.0,129.0,1
D006892,4.8,1166.0,1.2,27.5,0.47,-66.7,-49.8,22.3,45.0,-93.9,5.3,1.0,121.0,0
D006893,5.5,1066.0,1.48,28.5,0.69,-63.9,-52.2,23.0,54.0,-90.9,2.6,0.0,125.0,0
D006894,6.4,1275.0,1.39,29.0,0.45,-67.7,-48.2,26.5,41.0,-96.4,17.1,1.0,106.0,0
D006895,4.9,1204.0,1.11,29.5,0.45,-65.7,-49.3,24.2,47.0,-96.6,5.9,1.0,125.0,1
D006896,7.0,1305.0,1.4,28.0,0.43,-66.0,-50.6,26.7,34.0,-97.7,2.9,0.0,111.0,1
D006897,6.4,1328.0,1.36,39.0,0.54,-69.5,-53.7,20.1,41.0,-95.0,3.1,1.0,141.0,1
D006898,5.1,1135.0,1.17,30.0,0.5,-67.3,-48.9,25.8,44.0,-95.3,12.4,0.0,129.0,1
D006899,4.9,1098.0,1.02,28.5,0.5,-65.4,-49.9,24.1,48.0,-95.2,9.6,0.0,126.0,1
D006900,3.5,1348.0,1.35,22.5,0.55,,-48.5,26.3,41.0,-95.8,20.6,1.0,112.0,0
D006901,6.3,,1.15,33.0,0.68,-63.3,-48.9,25.5,42.0,-90.9,11.8,0.0,114.0,1
D006902,4.9,1283.0,1.04,30.0,0.55,-64.2,-47.8,24.6,42.0,-96.0,6.3,1.0,127.0,1
D006903,4.8,,1.07,26.0,0.41,-67.3,-50.8,23.9,52.0,-96.3,10.0,0.0,126.0,1
D006904,6.3,1359.0,1.22,35.0,0.69,-64.4,-54.9,29.8,51.0,-90.9,18.7,0.0,117.0,0
D006905,5.2,1177.0,1.19,24.0,0.47,-65.7,-49.8,25.4,45.0,-93.4,10.8,0.0,136.0,1
D006906,4.5,1222.0,1.03,30.5,0.46,-66.5,-50.8,24.2,45.0,-95.3,9.3,0.0,129.0,1
D006907,5.1,1190.0,1.12,28.5,0.42,-65.3,-50.2,23.5,47.0,-93.9,11.0,0.0,133.0,1
D006908,4.5,1140.0,0.98,29.0,0.44,-63.9,-50.5,24.8,40.0,-94.8,10.3,0.0,124.0,1
D006909,4.8,1160.0,1.02,28.0,0.46,,-48.2,23.2,44.0,-95.2,9.5,1.0,133.0,1
D006910,3.6,1251.0,1.08,21.5,0.33,-64.7,-51.4,20.4,56.0,-99.4,15.1,1.0,140.0,0
D006911,5.1,1163.0,1.03,31.0,0.45,-65.5,-50.4,24.5,41.0,-96.8,9.1,0.0,134.0,1
D006912,6.2,1168.0,1.14,34.5,0.6,-63.4,-48.8,22.5,47.0,-95.8,13.2,1.0,137.0,0
D006913,4.8,1206.0,0.96,27.0,0.51,-66.5,-50.7,24.1,43.0,-93.6,6.3,1.0,128.0,0
D006914,5.0,1207.0,1.08,29.5,0.45,-66.8,-47.6,24.1,44.0,-95.0,8.0,0.0,128.0,1
D006915,4.6,1171.0,1.11,28.0,0.46,-65.1,-51.0,24.9,43.0,-95.5,9.8,1.0,129.0,1
D006916,5.3,1248.0,1.15,28.0,0.45,-65.2,-50.7,23.7,45.0,-96.1,10.2,1.0,131.0,1
D006917,4.6,1195.0,1.02,29.5,0.43,,-48.5,24.2,52.0,-93.8,8.6,1.0,119.0,1
D006918,5.1,1241.0,0.96,28.0,,-64.4,-50.6,23.8,43.0,-94.5,10.0,1.0,130.0,1
D006919,5.8,1228.0,1.06,27.0,0.47,-65.4,-50.8,24.2,44.0,-96.2,10.5,1.0,127.0,1
D006920,5.0,1218.0,1.0,30.0,0.45,-65.4,-49.1,23.1,43.0,-96.0,7.1,0.0,127.0,1
D006921,4.6,1187.0,1.17,26.0,0.58,-67.4,-48.4,23.8,43.0,,9.5,0.0,127.0,0
D006922,4.6,1318.0,1.59,39.5,0.34,-65.6,-54.0,22.0,34.0,-91.8,,1.0,145.0,1
D006923,5.2,1170.0,1.23,29.0,0.52,-65.5,-49.1,25.7,45.0,-94.8,7.2,0.0,132.0,1
D006924,4.8,1279.0,1.49,38.5,0.38,-68.2,-50.6,20.7,37.0,-98.8,6.2,0.0,125.0,1
D006925,4.5,1156.0,1.16,28.0,0.56,-66.5,-48.0,24.3,48.0,-95.2,11.2,1.0,127.0,0
D006926,5.8,1212.0,,29.0,0.49,-63.9,-51.1,24.1,46.0,-96.9,8.0,1.0,133.0,1
D006927,4.7,1170.0,1.14,27.5,0.5,-66.9,-48.2,24.1,49.0,-94.3,7.9,1.0,123.0,1
D006928,4.2,1160.0,1.22,40.0,0.59,-68.8,-49.2,28.6,38.0,-97.6,17.1,1.0,128.0,1
D006929,5.2,1226.0,1.12,28.5,0.56,-66.8,-50.9,24.7,47.0,-97.0,5.5,1.0,128.0,1
D006930,4.8,1206.0,1.14,29.5,0.52,-64.0,-47.4,24.4,42.0,-95.3,10.4,0.0,124.0,1
D006931,4.5,1121.0,1.05,31.0,0.52,-67.6,-49.5,22.7,42.0,-95.7,10.3,0.0,132.0,1
D006932,5.7,1158.0,0.86,31.5,0.41,-69.1,-48.8,27.5,40.0,-97.4,11.2,0.0,110.0,1
D006933,4.7,1142.0,1.02,30.0,0.43,-65.6,-50.7,24.1,43.0,-95.9,11.0,0.0,130.0,1
D006934,5.1,1179.0,0.95,26.5,0.45,-66.5,-50.0,23.4,52.0,-95.6,10.0,0.0,130.0,1
D006935,5.4,1203.0,1.02,28.5,0.45,-65.9,-51.3,23.9,44.0,-95.1,7.8,1.0,134.0,1
D006936,3.3,1176.0,1.12,33.5,0.45,-66.4,-54.3,22.6,33.0,-98.8,12.7,0.0,110.0,1
D006937,,1238.0,1.11,30.0,0.5,-65.6,-48.7,23.6,39.0,-96.5,13.6,0.0,129.0,1
D006938,4.2,1229.0,1.16,29.5,0.37,-65.7,-50.3,24.1,46.0,-95.2,6.9,1.0,124.0,1
D006939,3.9,1095.0,1.19,20.5,0.51,-62.1,-53.8,29.9,52.0,-92.2,2.2,0.0,135.0,0
D006940,4.9,1152.0,1.28,30.0,0.49,-65.2,-52.0,23.9,41.0,-96.0,6.5,1.0,126.0,1
D006941,4.1,1140.0,1.52,23.5,0.34,-61.3,-49.0,28.1,33.0,-96.3,17.5,1.0,111.0,0
D006942,,1064.0,1.55,39.0,0.64,-68.4,-46.9,28.4,44.0,-96.5,19.0,1.0,104.0,0
D006943,4.7,1129.0,1.07,27.0,0.51,-66.9,-49.8,22.9,43.0,-96.2,10.8,1.0,142.0,0
D006944,5.5,1214.0,1.2,28.5,0.48,-66.0,-49.0,25.2,43.0,-95.8,6.9,0.0,130.0,1
D006945,4.4,1169.0,1.07,27.0,0.54,-64.5,-51.3,23.4,46.0,-95.3,9.4,1.0,127.0,0
D006946,5.2,1135.0,1.16,28.0,0.48,-66.1,-50.4,25.1,44.0,-94.8,8.9,0.0,119.0,1
D006947,4.3,1132.0,0.97,22.5,0.49,-66.5,-50.4,23.7,48.0,-95.5,8.1,0.0,132.0,0
D006948,5.2,1178.0,1.26,26.5,0.5,-64.5,-50.8,25.6,40.0,-96.9,8.6,1.0,126.0,1
D006949,4.7,1163.0,1.07,28.0,0.47,-63.1,-52.8,22.8,46.0,-96.3,5.8,1.0,121.0,1
D006950,4.2,1157.0,1.12,38.0,0.69,,-49.4,25.4,60.0,-92.2,8.1,1.0,144.0,0
D006951,5.0,1212.0,1.24,30.0,0.45,-67.8,-50.6,22.9,43.0,-96.2,13.5,1.0,131.0,0
D006952,4.6,1155.0,1.14,30.0,0.51,-64.0,-50.7,25.1,43.0,-96.4,13.1,0.0,135.0,1
D006953,3.9,1240.0,0.91,30.0,0.3,-67.6,-52.1,25.9,38.0,-94.2,7.8,1.0,140.0,0
D006954,5.0,1337.0,0.85,,0.39,-69.5,-52.5,27.9,37.0,-97.7,20.6,0.0,137.0,1
D006955,5.1,1211.0,1.1,24.5,0.44,-67.2,-48.5,25.9,44.0,-95.1,11.7,0.0,121.0,0
D006956,4.7,1181.0,0.96,32.5,0.47,-63.6,-49.8,22.6,45.0,-96.5,11.8,1.0,120.0,1
D006957,5.2,1214.0,1.15,30.5,0.46,-67.2,-49.2,22.8,45.0,-94.4,6.4,1.0,136.0,1
D006958,4.9,1138.0,1.03,28.0,0.46,-66.1,-49.8,24.6,48.0,-95.4,13.9,0.0,136.0,1
D006959,4.6,1185.0,0.97,29.5,0.47,-64.8,-50.0,23.4,47.0,-95.6,8.9,0.0,125.0,1
D006960,4.1,1135.0,1.15,30.5,0.48,-63.2,-49.9,25.2,34.0,-96.4,7.8,0.0,125.0,1
D006961,3.1,1109.0,1.23,38.5,0.41,-65.2,-48.6,27.8,53.0,-94.9,22.4,0.0,113.0,0
D006962,4.5,1187.0,1.19,29.5,0.5,-65.0,-51.4,24.2,47.0,-96.3,12.3,0.0,127.0,1
D006963,6.6,1338.0,1.33,26.5,0.42,-63.3,-51.1,23.6,58.0,-95.1,2.2,1.0,146.0,1
D006964,5.2,1196.0,1.12,30.0,0.46,-65.6,-49.5,25.7,45.0,-95.1,10.9,0.0,128.0,1
D006965,5.4,1164.0,1.0,27.5,0.51,-65.3,-49.7,24.3,44.0,-94.9,11.3,1.0,128.0,1
D006966,,1194.0,1.17,32.5,0.46,-65.1,-49.5,22.5,39.0,-96.3,7.7,0.0,135.0,1
D006967,3.3,1290.0,1.01,31.0,0.46,-60.4,-53.5,23.8,43.0,-90.1,11.0,0.0,134.0,0
D006968,3.9,1209.0,1.06,28.5,0.47,-64.2,-50.6,23.8,44.0,-94.6,12.7,0.0,131.0,0
D006969,4.7,1237.0,1.15,28.0,0.5,-63.8,-49.2,25.8,43.0,-97.0,8.7,1.0,119.0,0
D006970,5.9,1144.0,1.1,27.0,0.43,-64.8,-50.8,22.6,41.0,-95.0,7.4,0.0,123.0,1
D006971,4.5,1028.0,1.21,30.0,0.6,-64.5,-49.3,21.3,55.0,-90.1,12.0,0.0,127.0,0
D006972,4.4,1170.0,1.07,28.5,0.46,-63.9,-50.8,23.8,49.0,-95.0,6.5,0.0,135.0,1
D006973,4.4,1239.0,0.87,20.5,0.47,-65.6,-52.9,,53.0,-90.7,9.0,1.0,127.0,0
D006974,4.7,1112.0,1.14,30.0,0.57,-66.2,-51.1,24.2,45.0,-96.9,5.9,1.0,128.0,1
D006975,6.7,1335.0,0.9,40.0,0.65,-62.8,-52.4,26.9,55.0,-93.1,13.3,0.0,118.0,1
D006976,5.1,1143.0,1.07,31.0,0.5,-65.8,-50.7,24.4,45.0,-95.7,8.7,1.0,134.0,1
D006977,5.1,1142.0,0.96,31.5,0.48,,-48.5,23.8,46.0,-96.5,14.0,1.0,121.0,1
D006978,4.7,1140.0,1.22,29.0,0.49,-65.7,-49.7,22.4,43.0,-95.5,8.7,1.0,125.0,1
D006979,5.2,1396.0,1.16,28.5,0.37,-69.3,-47.1,23.8,42.0,-94.1,14.6,0.0,101.0,0
D006980,5.2,1187.0,1.12,29.5,0.49,-64.8,-50.1,25.0,45.0,-94.6,7.2,1.0,130.0,1
D006981,5.1,1189.0,0.96,27.0,0.49,-67.0,-48.5,25.0,42.0,-93.5,9.4,0.0,134.0,1
D006982,4.7,1189.0,1.01,28.0,0.48,,-49.9,24.1,39.0,-95.5,8.7,1.0,130.0,1
D006983,3.8,1309.0,1.38,21.0,0.36,-61.1,-53.9,25.8,50.0,-91.5,18.5,1.0,107.0,0
D006984,5.1,1198.0,1.15,31.0,0.46,-68.3,-48.6,24.5,41.0,-95.2,13.6,1.0,122.0,1
D006985,5.0,1175.0,1.11,28.5,0.53,-65.3,-49.2,22.5,46.0,-96.3,,1.0,132.0,1
D006986,4.0,1133.0,1.31,20.5,0.43,-64.5,-47.4,26.9,58.0,-94.7,22.8,0.0,128.0,0
D006987,6.7,1053.0,1.1,36.5,0.51,-68.6,-53.1,24.5,59.0,-94.5,10.6,1.0,116.0,1
D006988,4.5,1184.0,1.08,31.5,0.54,-65.2,-50.0,22.6,45.0,-96.0,10.8,1.0,130.0,1
D006989,5.2,1230.0,1.12,31.5,0.37,-65.2,-51.1,22.8,43.0,-95.9,8.4,1.0,132.0,1
D006990,4.5,1158.0,1.05,31.5,0.42,-67.5,-49.1,24.3,45.0,-95.9,13.4,1.0,120.0,1
D006991,4.8,1218.0,1.2,30.5,0.45,-64.5,-48.6,24.6,40.0,-94.2,12.3,1.0,128.0,1
D006992,4.8,1190.0,1.07,31.0,0.48,-67.8,-51.0,23.1,40.0,-96.1,13.6,1.0,127.0,1
D006993,4.6,1210.0,1.11,28.5,0.51,-66.0,-50.7,23.5,46.0,-92.7,9.8,1.0,130.0,1
D006994,6.0,1130.0,0.98,30.5,0.64,-65.1,-54.3,24.0,52.0,-93.7,0.7,0.0,101.0,1
D006995,4.9,1145.0,1.07,30.0,0.45,-66.5,-48.5,23.6,45.0,-95.9,8.3,1.0,121.0,1
D006996,5.7,1213.0,1.2,31.5,0.42,-66.4,-48.7,24.6,42.0,-94.8,7.9,0.0,133.0,1
D006997,4.4,1236.0,1.06,26.0,0.5,-65.7,-49.0,22.8,47.0,-93.3,8.8,0.0,128.0,1
D006998,3.9,1203.0,1.02,26.5,0.46,-66.5,-49.5,22.9,45.0,-95.9,8.9,0.0,135.0,1
D006999,4.8,1227.0,1.04,28.0,0.56,-65.1,-48.4,26.1,38.0,-96.3,7.4,0.0,126.0,1
D007000,5.4,1223.0,1.15,30.5,0.52,-67.7,-49.9,23.5,44.0,-95.0,7.5,1.0,127.0,1
D007001,4.5,1190.0,1.03,31.0,0.45,-66.9,-49.8,24.9,42.0,-94.7,8.7,1.0,124.0,1
D007002,5.0,1253.0,1.17,30.5,0.43,-67.0,-50.4,23.6,43.0,-95.9,8.3,0.0,120.0,1
D007003,5.3,1166.0,1.13,31.0,0.51,-63.4,-51.6,24.6,43.0,-95.2,8.0,1.0,132.0,1
D007004,4.2,,1.1,29.0,0.46,-65.3,-50.3,24.0,42.0,-95.4,8.1,1.0,126.0,1
D007005,4.7,1222.0,1.25,30.5,0.46,-65.4,-50.9,25.0,44.0,-96.2,4.8,1.0,130.0,1
D007006,4.7,1171.0,1.01,26.5,0.43,-65.9,-49.6,23.3,47.0,-94.6,7.8,0.0,128.0,1
D007007,4.6,1054.0,1.42,39.0,0.39,-68.0,,27.2,54.0,-94.3,10.3,1.0,111.0,0
D007008,4.9,1152.0,1.08,34.0,0.45,-65.9,-50.6,24.6,45.0,,9.0,1.0,128.0,1
D007009,5.5,1207.0,1.11,28.5,0.47,-64.8,-47.6,23.9,48.0,-96.3,3.2,0.0,129.0,1
D007010,4.3,1140.0,1.28,28.0,0.51,-65.5,-51.0,24.5,49.0,-96.2,7.6,1.0,122.0,0
D007011,6.6,1042.0,1.43,35.0,0.38,-61.2,-49.2,,44.0,-95.8,17.4,0.0,140.0,0
D007012,4.5,1237.0,1.12,27.0,0.49,-63.5,-48.9,25.7,41.0,-92.4,8.8,0.0,134.0,1
D007013,4.9,1360.0,0.83,20.0,0.43,-61.3,-47.8,24.2,32.0,-99.4,23.8,1.0,139.0,0
D007014,6.1,1309.0,1.57,33.5,0.39,-64.6,-51.3,28.9,36.0,-90.2,13.5,0.0,114.0,0
D007015,4.5,1234.0,1.08,26.5,0.5,-64.8,-49.6,24.1,,-95.2,8.2,0.0,127.0,1
D007016,5.0,1173.0,1.23,30.0,0.49,-65.4,-51.5,23.7,41.0,-94.4,9.3,0.0,126.0,1
D007017,4.8,1191.0,1.09,27.0,0.56,-65.3,-51.1,23.6,37.0,-95.0,8.4,0.0,132.0,1
D007018,6.3,1371.0,1.03,31.5,0.57,-60.0,-48.5,27.6,54.0,-97.0,3.1,1.0,123.0,1
D007019,5.0,1191.0,1.21,23.5,0.44,-66.2,-47.9,22.3,38.0,-95.6,12.3,0.0,132.0,0
D007020,4.7,1281.0,1.13,28.5,0.5,-64.5,-49.6,24.3,35.0,-94.9,8.0,0.0,128.0,1
D007021,5.1,1170.0,1.1,27.5,0.51,-65.8,-50.4,23.2,45.0,-95.5,5.9,1.0,130.0,1
D007022,4.8,1148.0,1.13,30.5,0.49,-64.0,-51.0,25.1,46.0,-95.2,11.7,1.0,127.0,0
D007023,5.3,1390.0,1.4,35.5,0.69,-61.0,-54.3,28.4,50.0,-95.1,14.9,0.0,101.0,0
D007024,4.2,1181.0,1.12,25.5,0.48,-65.9,-48.8,24.0,43.0,-97.7,9.9,1.0,127.0,1
D007025,3.6,1221.0,0.82,23.0,0.34,-65.2,-45.3,24.2,46.0,-93.0,22.6,0.0,107.0,0
D007026,4.5,1122.0,1.01,27.5,0.49,-63.9,-49.9,24.8,39.0,-96.5,,0.0,124.0,1
D007027,4.7,1198.0,1.17,29.5,0.49,-65.4,-51.3,24.0,48.0,-93.5,6.1,1.0,131.0,1
D007028,4.6,1175.0,1.0,26.5,0.45,-63.0,-51.0,23.3,40.0,-95.6,7.5,1.0,123.0,1
D007029,5.0,1165.0,1.23,30.5,0.44,-63.7,-50.2,23.6,49.0,-95.7,14.0,1.0,128.0,0
D007030,7.0,1138.0,1.21,34.5,0.47,-66.9,-53.1,23.8,47.0,-90.9,16.6,0.0,123.0,1
D007031,5.4,1215.0,1.09,28.0,0.46,-65.1,-49.0,23.6,47.0,-95.4,9.9,1.0,,1
D007032,4.7,1052.0,1.39,37.5,0.69,-65.7,-49.9,29.0,37.0,-92.0,6.0,0.0,106.0,0
D007033,4.4,1161.0,1.0,30.5,0.45,-68.4,-49.9,23.7,39.0,-95.8,8.0,0.0,130.0,1
D007034,4.4,1199.0,1.19,27.5,0.47,-64.8,-49.7,24.0,50.0,-96.9,7.3,1.0,127.0,0
D007035,4.6,1166.0,1.17,28.5,0.45,-65.8,,24.2,47.0,-96.0,6.5,0.0,129.0,1
D007036,6.1,1059.0,1.25,25.5,0.58,,-51.6,26.5,51.0,-93.7,22.9,1.0,146.0,1
D007037,5.4,1212.0,1.21,28.0,0.53,-66.2,-51.5,23.2,46.0,-94.0,4.3,0.0,125.0,1
D007038,3.7,1159.0,1.02,29.5,0.39,-65.2,-51.2,23.4,43.0,-95.6,4.4,1.0,119.0,0
D007039,5.0,1154.0,0.87,29.5,,-61.1,-51.2,21.6,,-96.3,16.8,1.0,149.0,0
D007040,5.4,1206.0,0.94,28.0,0.68,-61.7,-54.9,29.4,57.0,-97.7,19.1,0.0,120.0,0
D007041,3.9,1113.0,,26.0,0.33,-68.3,-46.1,26.4,37.0,-98.0,10.9,0.0,116.0,0
D007042,6.2,1222.0,1.47,33.0,0.43,-60.1,-50.6,28.3,59.0,-93.6,12.3,1.0,116.0,0
D007043,4.9,1184.0,,31.5,0.47,-63.6,-49.4,24.2,50.0,-96.6,7.5,0.0,129.0,1
D007044,6.3,1280.0,1.39,33.0,0.45,-62.1,-53.6,27.3,37.0,-96.5,9.2,1.0,113.0,1
D007045,6.5,1119.0,1.5,22.0,0.38,-60.6,-50.0,20.4,38.0,-91.6,10.4,0.0,112.0,0
D007046,4.9,1127.0,,28.0,0.53,-65.0,-51.0,23.0,45.0,-94.0,9.4,1.0,128.0,0
D007047,4.8,1178.0,1.1,29.0,0.42,-66.0,-50.4,25.3,45.0,-95.3,12.7,1.0,131.0,0
D007048,5.4,1164.0,1.07,29.0,0.51,-66.2,-49.6,24.1,40.0,-95.7,12.4,1.0,118.0,1
D007049,3.3,1029.0,1.22,29.0,0.44,-63.4,-52.1,24.2,55.0,-94.1,12.8,0.0,141.0,1
D007050,5.2,1288.0,1.14,28.5,0.5,-65.8,-47.2,24.8,37.0,-95.5,8.0,1.0,121.0,1
D007051,4.1,1162.0,0.99,28.5,0.43,-65.3,-49.0,24.7,46.0,-97.7,8.6,1.0,129.0,0
D007052,5.5,1194.0,1.11,30.0,0.48,-66.1,-50.8,24.7,41.0,-95.5,11.9,1.0,128.0,1
D007053,3.1,1041.0,1.08,21.0,0.6,-69.8,-46.7,27.2,47.0,-98.0,7.3,1.0,144.0,0
D007054,4.8,1225.0,1.1,28.5,0.47,-66.1,-51.2,24.9,43.0,-94.6,9.4,1.0,125.0,1
D007055,4.9,1176.0,1.5,22.0,0.34,-64.0,-52.5,27.9,55.0,-92.2,0.2,0.0,140.0,0
D007056,4.7,1233.0,1.13,27.0,0.62,-64.7,-48.3,23.5,47.0,-90.8,8.5,1.0,114.0,0
D007057,3.8,1259.0,1.03,32.5,0.4,-65.2,-49.5,23.5,42.0,-95.9,8.8,0.0,129.0,1
D007058,4.9,1177.0,1.2,26.5,0.45,-65.1,-50.0,25.2,43.0,-96.0,10.9,1.0,129.0,0
D007059,4.7,1182.0,1.14,27.0,0.48,-64.8,-49.7,22.2,47.0,-95.7,11.0,0.0,133.0,1
D007060,3.6,1276.0,1.31,29.5,0.47,-65.1,-46.7,26.6,41.0,-91.0,20.6,1.0,126.0,0
D007061,4.0,1103.0,1.15,29.5,0.5,-66.1,-49.3,23.1,49.0,-96.1,8.8,0.0,126.0,1
D007062,5.7,1153.0,1.55,26.0,0.35,-67.8,-45.6,22.4,50.0,-90.9,13.4,1.0,133.0,0
D007063,7.0,1001.0,0.97,40.0,0.35,-69.1,-51.4,28.3,49.0,-99.6,21.5,1.0,123.0,1
D007064,4.9,1289.0,1.21,30.5,0.63,-62.4,-48.9,25.3,59.0,-99.0,16.9,0.0,118.0,0
D007065,4.3,1145.0,1.14,27.5,0.55,-65.1,-51.0,24.2,42.0,,8.6,1.0,125.0,1
D007066,4.6,1287.0,1.2,28.5,0.5,-67.5,-50.4,23.3,48.0,-96.2,11.9,0.0,119.0,1
D007067,4.9,,1.08,31.0,0.46,-67.3,-50.9,25.9,47.0,-96.8,9.6,0.0,124.0,1
D007068,4.2,1170.0,1.04,31.5,0.46,-63.7,-49.3,23.7,,-94.8,10.9,0.0,128.0,1
D007069,5.8,1189.0,1.22,30.5,0.41,-64.6,-48.7,24.6,41.0,-95.9,7.4,1.0,,1
D007070,4.5,1177.0,1.14,25.5,0.49,-65.3,-48.7,24.4,49.0,-94.7,9.7,1.0,124.0,0
D007071,4.7,1268.0,1.21,26.5,0.46,-64.8,-50.5,25.2,42.0,-94.8,16.7,1.0,137.0,1
D007072,5.5,1213.0,0.88,30.0,0.42,-63.9,-50.3,24.3,40.0,-95.8,4.8,0.0,125.0,1
D007073,5.8,1266.0,1.45,30.0,0.44,-68.0,-53.1,28.4,35.0,-96.0,6.6,1.0,117.0,1
D007074,6.5,1333.0,1.05,27.0,0.6,-62.4,-45.4,25.7,48.0,-95.7,6.4,1.0,108.0,1
D007075,5.3,1174.0,0.95,28.5,0.53,-65.8,-49.0,24.5,46.0,-95.6,10.0,0.0,123.0,1
D007076,4.4,1150.0,1.05,26.0,0.46,-65.2,-51.1,24.9,45.0,-94.0,9.0,1.0,132.0,0
D007077,4.6,1162.0,1.01,25.5,0.5,-66.4,-49.6,23.8,45.0,-94.1,4.5,0.0,127.0,1
D007078,4.8,1216.0,1.12,27.5,0.46,-67.3,-49.6,23.8,46.0,-95.6,7.7,0.0,132.0,1
D007079,4.6,1179.0,1.13,26.5,0.53,-66.9,-50.7,23.1,45.0,,10.3,1.0,129.0,1
D007080,4.6,1124.0,1.03,27.5,0.47,-65.0,,26.0,40.0,-96.4,,1.0,,1
D007081,5.2,1228.0,1.09,26.5,0.48,-66.8,-49.6,23.6,43.0,-96.4,12.2,1.0,121.0,1
D007082,5.1,1190.0,0.89,36.0,0.55,-66.2,-45.5,24.7,43.0,-93.4,,0.0,105.0,1
D007083,5.6,1108.0,1.23,31.0,0.47,-63.4,-49.0,23.1,44.0,-96.3,10.3,1.0,132.0,1
D007084,5.0,1257.0,0.96,33.0,0.48,-65.0,-50.6,,46.0,-94.4,7.6,1.0,134.0,1
D007085,5.3,1206.0,1.2,27.0,0.43,-65.1,-50.6,23.4,45.0,-95.1,12.8,1.0,129.0,0
D007086,5.6,1240.0,1.04,31.0,0.48,-66.3,-50.4,24.7,47.0,-95.4,9.2,1.0,130.0,1
D007087,4.5,1230.0,1.14,27.0,0.48,-65.0,-48.3,23.8,44.0,-95.1,6.7,0.0,127.0,1
D007088,4.5,,1.12,25.5,0.44,-65.6,-51.5,23.8,42.0,-95.7,8.2,0.0,127.0,1
D007089,4.9,1181.0,1.52,25.0,0.35,-60.2,-48.8,23.3,35.0,-97.9,22.2,1.0,130.0,0
D007090,4.7,1346.0,0.99,31.5,0.61,-69.9,-52.7,22.3,39.0,-90.1,9.5,0.0,146.0,1
D007091,5.7,1169.0,1.49,34.5,0.46,-66.0,-46.3,27.7,31.0,-93.8,5.3,0.0,148.0,1
D007092,4.5,1183.0,1.09,26.0,0.5,-65.5,-50.5,24.3,47.0,-98.0,12.3,1.0,131.0,0
D007093,4.9,1121.0,1.07,31.5,0.45,-64.7,-49.3,23.7,43.0,-96.0,9.2,1.0,121.0,1
D007094,4.4,1189.0,1.12,29.0,0.52,-63.8,-49.5,23.7,47.0,-96.9,9.7,1.0,113.0,0
D007095,4.8,1200.0,1.0,29.5,0.38,-66.3,-50.2,24.0,45.0,-95.3,4.7,0.0,128.0,1
D007096,4.9,1046.0,1.13,36.0,0.57,-64.2,-51.7,20.2,39.0,-90.9,21.0,1.0,145.0,0
D007097,4.2,1122.0,1.22,22.0,,-67.1,-54.2,21.6,30.0,-92.4,9.6,0.0,146.0,1
D007098,5.0,1159.0,1.14,29.5,0.49,-63.4,-47.9,24.3,45.0,-94.7,8.9,1.0,131.0,1
D007099,3.7,1337.0,0.85,36.0,0.3,-60.2,-47.6,29.5,52.0,-92.0,22.3,1.0,127.0,0
D007100,4.7,1217.0,1.26,28.5,0.5,-65.7,-48.4,24.8,42.0,-96.1,9.5,1.0,136.0,1
D007101,5.0,1185.0,1.13,29.0,0.5,-64.7,-51.2,24.3,45.0,-96.5,9.6,0.0,123.0,1
D007102,5.0,1272.0,0.98,30.5,0.51,-64.8,-51.6,23.8,46.0,-96.6,7.8,1.0,125.0,1
D007103,4.0,1067.0,0.84,33.0,0.68,-63.9,-51.6,26.5,47.0,-93.7,21.5,1.0,129.0,0
D007104,4.2,1172.0,1.11,32.0,0.44,-66.5,-50.3,23.6,42.0,-95.9,8.6,0.0,128.0,1
D007105,3.2,1383.0,1.55,35.0,0.4,-67.0,-52.6,29.3,41.0,-93.9,17.4,0.0,139.0,0
D007106,5.7,1183.0,1.5,26.5,0.43,-66.6,-51.7,28.7,36.0,-95.4,4.5,1.0,111.0,0
D007107,4.3,1246.0,1.17,31.5,0.47,-65.6,-50.5,24.2,44.0,-93.9,11.8,1.0,132.0,1
D007108,4.0,1237.0,0.96,31.5,0.51,-65.4,-51.3,22.9,40.0,-94.7,16.6,0.0,129.0,1
D007109,3.7,1000.0,1.4,23.5,0.4,-68.3,-48.2,24.5,60.0,-92.9,8.8,0.0,140.0,0
D007110,4.7,1185.0,1.14,33.0,0.45,-64.4,-49.8,24.7,48.0,-96.1,8.5,0.0,127.0,1
D007111,4.4,1199.0,0.83,26.5,0.58,-65.2,-47.0,24.9,42.0,-90.6,7.4,0.0,118.0,0
D007112,3.4,1018.0,1.46,30.5,0.56,-66.4,-49.0,28.7,58.0,,16.0,1.0,135.0,0
D007113,4.7,1160.0,0.96,31.0,0.49,-66.2,-50.4,22.7,45.0,-94.8,11.3,0.0,125.0,1
D007114,3.6,1096.0,0.94,28.0,0.43,-69.0,-46.2,22.3,49.0,-93.3,,0.0,114.0,1
D007115,5.3,1147.0,1.05,32.0,0.54,-65.7,-50.1,23.1,40.0,-96.3,6.7,0.0,129.0,1
D007116,5.8,1100.0,1.48,20.0,0.49,-62.7,-49.3,24.6,38.0,-92.4,2.8,1.0,136.0,1
D007117,4.7,1216.0,1.14,28.0,0.52,-67.6,-51.0,24.6,49.0,-95.9,11.4,1.0,129.0,1
D007118,5.9,1275.0,1.08,25.0,0.59,-68.2,-51.4,25.3,,-95.0,2.7,0.0,115.0,1
D007119,4.6,1204.0,0.98,28.5,0.48,-65.7,-48.6,24.4,36.0,-95.0,10.9,1.0,122.0,1
D007120,4.9,1022.0,1.37,29.0,0.36,-61.7,-49.7,22.9,54.0,-93.6,8.8,0.0,121.0,0
D007121,5.5,1238.0,1.07,32.0,,-64.2,-49.0,21.7,43.0,-95.3,10.2,1.0,125.0,0
D007122,4.6,1227.0,1.13,29.0,0.44,-64.2,-50.0,24.1,45.0,-95.3,6.4,0.0,115.0,1
D007123,4.6,1171.0,1.17,30.5,0.56,-65.4,-50.0,24.4,44.0,-97.4,7.6,0.0,130.0,1
D007124,5.1,1346.0,0.81,36.0,0.42,-62.6,-54.6,25.5,33.0,-96.3,7.0,1.0,135.0,1
D007125,5.2,1144.0,1.06,30.5,0.46,-64.8,-51.6,23.8,46.0,-96.1,4.1,1.0,135.0,1
D007126,4.3,1251.0,1.05,31.0,0.46,-64.2,-49.7,23.3,46.0,-94.4,8.5,1.0,126.0,1
D007127,3.8,1040.0,1.29,34.0,0.53,-66.9,-49.6,27.8,59.0,-97.8,5.9,1.0,108.0,0
D007128,5.0,1094.0,0.96,28.5,0.46,-66.8,-50.5,23.3,40.0,-95.5,7.6,0.0,116.0,1
D007129,4.5,1186.0,1.07,28.5,0.48,-65.0,-49.8,25.5,49.0,-97.3,7.4,1.0,125.0,0
D007130,6.2,1066.0,0.88,34.5,0.32,,-51.9,25.6,44.0,-91.8,5.7,0.0,108.0,1
D007131,5.0,1191.0,0.97,28.5,0.41,-64.8,-49.9,25.2,46.0,-95.5,9.0,0.0,126.0,1
D007132,4.8,1134.0,1.14,29.5,0.45,-65.9,-52.2,24.4,47.0,-95.0,7.8,0.0,128.0,1
D007133,6.5,1324.0,1.58,33.5,0.46,-69.4,-53.4,25.8,43.0,-99.5,3.0,1.0,128.0,1
D007134,4.5,1162.0,1.02,31.0,0.5,-65.6,-49.1,24.1,41.0,-94.7,12.2,1.0,136.0,1
D007135,4.3,1219.0,,29.0,0.42,-65.4,-51.5,22.8,39.0,-95.7,5.4,1.0,125.0,1
D007136,6.0,1037.0,0.81,25.0,0.52,-65.4,-47.4,24.4,35.0,-97.8,,1.0,105.0,1
D007137,4.7,1203.0,1.09,30.5,0.44,-65.3,-49.5,24.1,46.0,-92.9,11.4,1.0,126.0,1
D007138,3.3,1119.0,1.36,26.0,0.69,-69.1,-53.4,25.9,36.0,-94.8,18.8,0.0,137.0,0
D007139,4.8,1245.0,1.11,28.5,0.47,-66.6,-49.2,24.7,41.0,-96.2,8.7,1.0,136.0,1
D007140,4.5,1147.0,1.06,26.0,0.48,-64.9,-50.3,23.7,45.0,-94.2,14.8,1.0,122.0,0
D007141,4.8,1117.0,1.13,29.5,0.5,-63.9,-49.0,24.6,52.0,-95.2,7.9,1.0,124.0,0
D007142,6.7,1166.0,1.33,29.0,0.6,-65.1,-54.8,25.1,48.0,-93.5,22.8,0.0,117.0,1
D007143,5.1,1162.0,1.17,29.0,0.48,-64.6,-51.2,24.7,47.0,-95.0,9.0,1.0,135.0,1
D007144,4.7,1184.0,1.2,26.5,0.46,-64.0,-50.5,25.2,39.0,-95.2,9.3,0.0,140.0,1
D007145,5.2,1231.0,1.12,29.0,0.44,-67.2,-51.1,24.7,43.0,-94.2,4.8,1.0,126.0,1
D007146,4.5,1213.0,1.1,30.5,0.45,-65.8,-50.4,24.6,41.0,-94.3,10.8,0.0,132.0,1
D007147,5.5,1137.0,0.89,30.0,0.46,-64.4,-49.0,23.2,45.0,-96.9,6.8,0.0,137.0,1
D007148,5.9,1245.0,0.82,22.5,0.5,-64.2,-47.9,25.7,33.0,-95.8,9.2,0.0,145.0,1
D007149,4.4,1248.0,1.2,29.0,0.42,-65.7,-49.1,24.2,47.0,-94.5,4.9,0.0,125.0,1
D007150,4.3,1297.0,1.38,28.5,0.39,-67.0,-45.8,22.3,38.0,-94.6,18.5,0.0,113.0,0
D007151,4.7,1186.0,1.15,29.5,0.5,-64.7,-49.5,25.7,52.0,-94.9,5.3,1.0,123.0,1
D007152,5.3,1140.0,0.97,28.0,0.49,-65.1,-49.9,25.0,46.0,-95.7,10.4,1.0,125.0,1
D007153,4.8,1225.0,1.12,30.0,0.52,-64.8,-52.6,23.4,42.0,-95.1,8.4,0.0,128.0,1
D007154,5.0,1157.0,1.11,29.0,0.45,-65.0,-50.0,22.0,42.0,-97.0,11.2,0.0,129.0,1
D007155,4.4,1196.0,1.49,30.5,0.54,-64.9,-47.9,28.3,,-96.8,12.8,1.0,114.0,0
D007156,4.8,1210.0,1.26,27.5,0.41,-66.0,-50.3,23.7,48.0,-94.0,6.1,0.0,135.0,1
D007157,5.2,1147.0,0.99,28.0,0.45,-65.2,-50.2,24.7,47.0,-95.5,7.2,0.0,132.0,1
D007158,4.6,1179.0,1.12,30.5,0.49,-67.1,-49.7,22.5,42.0,-95.3,5.4,1.0,130.0,1
D007159,4.8,1271.0,1.25,27.5,0.4,-65.7,-51.4,23.8,41.0,-95.3,6.7,0.0,130.0,1
D007160,4.4,1174.0,1.12,28.0,0.47,-65.9,-49.7,22.2,43.0,-95.7,10.8,1.0,129.0,1
D007161,5.0,1077.0,1.4,33.0,,-60.4,-46.6,29.7,55.0,-91.0,10.3,0.0,100.0,0
D007162,5.2,1201.0,1.17,28.0,0.52,-66.5,-51.3,24.1,39.0,-96.2,10.2,0.0,131.0,1
D007163,4.2,1156.0,1.27,27.0,0.66,-66.4,-51.5,25.8,59.0,-91.3,23.2,1.0,102.0,0
D007164,3.8,1195.0,1.13,38.0,0.58,-63.0,-48.7,28.5,56.0,-93.0,22.3,1.0,134.0,0
D007165,4.5,1184.0,1.05,30.0,0.48,-67.2,-49.1,24.3,41.0,-95.9,13.5,1.0,129.0,1
D007166,4.2,1189.0,1.2,26.5,0.43,-65.3,-48.6,23.0,45.0,-94.8,10.0,0.0,131.0,0
D007167,,1154.0,1.06,29.5,0.54,-66.4,-50.8,24.8,43.0,-94.7,9.0,1.0,128.0,1
D007168,6.8,1104.0,1.06,29.0,0.58,-61.8,-53.1,24.3,51.0,-91.6,21.5,0.0,109.0,0
D007169,4.0,1270.0,1.19,34.5,0.57,-64.6,-51.9,21.5,43.0,-94.1,21.3,0.0,138.0,1
D007170,5.3,1300.0,1.49,24.5,0.68,-66.8,-49.6,23.8,56.0,-96.0,17.3,0.0,105.0,0
D007171,5.5,1198.0,1.15,30.0,0.49,-67.0,-50.9,23.8,46.0,-93.9,4.8,,136.0,1
D007172,3.9,1193.0,1.13,30.5,0.48,-65.9,-49.9,23.6,44.0,-93.3,9.8,0.0,131.0,1
D007173,4.2,1125.0,1.13,28.0,0.5,-65.1,-49.7,23.3,42.0,-94.8,6.6,1.0,127.0,0
D007174,4.2,1151.0,1.35,39.0,0.7,-62.4,-49.2,26.6,46.0,-98.2,17.3,1.0,138.0,0
D007175,4.7,1167.0,1.08,26.0,0.47,-66.5,-48.3,24.6,41.0,-94.1,9.3,0.0,127.0,1
D007176,6.7,1098.0,1.18,23.5,0.64,-62.8,-53.6,24.4,33.0,-97.7,15.2,0.0,119.0,0
D007177,4.8,1158.0,1.22,28.5,0.55,-64.5,-48.5,24.3,45.0,-96.0,9.6,1.0,130.0,1
D007178,4.4,1282.0,1.2,28.0,0.54,-66.1,-51.1,23.9,52.0,-93.7,10.6,1.0,126.0,1
D007179,6.7,1118.0,0.99,29.5,0.48,-64.8,-45.9,28.3,55.0,-94.7,3.1,1.0,124.0,1
D007180,6.7,1337.0,,27.5,0.62,-60.9,-50.8,20.3,47.0,-99.0,22.7,0.0,125.0,0
D007181,4.6,1158.0,1.06,36.5,0.32,-64.2,-46.4,24.6,60.0,-90.7,15.2,0.0,106.0,0
D007182,4.6,1106.0,1.14,29.0,0.45,-65.0,-50.5,24.5,42.0,-96.0,12.1,0.0,118.0,1
D007183,5.2,1058.0,0.98,25.0,0.54,-63.9,-48.8,29.1,50.0,-96.8,19.6,1.0,124.0,0
D007184,7.0,1290.0,1.07,28.0,0.65,-61.1,-53.0,20.2,58.0,-98.3,5.8,0.0,106.0,0
D007185,4.9,1038.0,0.93,37.0,0.4,-66.2,-48.2,25.0,42.0,-92.7,21.9,1.0,137.0,1
D007186,6.1,1213.0,1.09,39.0,0.34,-63.8,-45.2,29.1,49.0,-97.9,2.6,1.0,142.0,1
D007187,3.7,1153.0,1.48,34.5,0.56,-68.4,-52.1,20.0,41.0,-96.1,20.7,1.0,132.0,0
D007188,6.9,1126.0,1.23,30.0,0.31,-66.3,-52.1,25.0,55.0,-96.0,14.1,1.0,145.0,1
D007189,5.8,1231.0,1.13,26.5,0.53,-65.4,-49.8,24.4,46.0,-96.7,6.8,0.0,130.0,1
D007190,5.0,1091.0,1.05,31.5,0.45,-63.1,-49.1,24.1,46.0,-94.8,9.3,1.0,135.0,1
D007191,4.6,1217.0,1.02,31.0,0.52,-65.3,-51.2,23.3,39.0,-94.8,12.3,1.0,130.0,1
D007192,5.0,1204.0,1.02,32.5,0.42,-65.0,-49.7,22.8,43.0,-94.9,9.0,1.0,130.0,1
D007193,4.9,1182.0,1.17,28.5,0.42,-67.1,-50.2,25.5,45.0,-95.5,10.0,1.0,124.0,1
D007194,3.9,1172.0,0.89,22.0,0.59,-63.4,-49.0,27.6,36.0,-91.3,2.1,1.0,141.0,0
D007195,4.5,1243.0,1.09,30.5,0.56,-65.7,-49.9,23.8,47.0,-95.9,11.3,0.0,126.0,1
D007196,4.9,1162.0,1.16,29.0,0.46,-67.2,-49.5,22.7,45.0,-95.1,3.3,1.0,126.0,1
D007197,5.4,1146.0,1.05,27.5,0.43,-66.9,-51.1,23.6,35.0,-95.2,8.3,1.0,125.0,1
D007198,5.6,1289.0,1.06,33.5,0.35,-67.0,-52.6,23.9,31.0,-91.3,7.1,1.0,101.0,1
D007199,4.7,1171.0,1.18,32.5,0.57,-63.7,-49.4,24.1,47.0,-96.2,11.8,1.0,130.0,1
D007200,6.8,1329.0,1.57,31.5,0.66,-69.3,-46.7,28.6,33.0,-97.8,21.0,,108.0,0
D007201,3.9,1180.0,1.12,30.0,0.45,-65.7,-49.5,24.3,42.0,-94.4,9.1,1.0,133.0,0
D007202,4.8,1223.0,1.0,32.5,0.46,-65.5,-49.5,23.3,42.0,-95.4,6.1,1.0,125.0,1
D007203,4.7,1113.0,1.22,29.5,0.48,-64.8,-48.7,23.5,41.0,-95.6,9.1,0.0,123.0,1
D007204,,1197.0,1.0,31.5,0.52,-64.9,-49.8,24.2,43.0,-95.6,14.8,1.0,129.0,1
D007205,6.2,1235.0,0.95,39.5,0.42,-60.4,-49.2,27.6,37.0,-92.3,17.3,1.0,113.0,1
D007206,3.8,1095.0,1.54,25.5,0.64,-60.6,-47.3,29.2,43.0,-95.4,10.2,0.0,148.0,0
D007207,5.2,1196.0,0.98,29.5,0.46,-63.7,-51.0,24.4,42.0,-96.1,5.3,0.0,136.0,1
D007208,4.3,1194.0,0.93,32.0,0.47,-64.8,-49.7,23.6,,-95.7,7.0,1.0,131.0,1
D007209,6.1,1321.0,1.24,30.0,0.36,-65.8,-52.2,29.3,57.0,,20.8,0.0,149.0,0
D007210,5.6,1040.0,0.88,33.5,0.55,-66.2,-54.2,26.6,44.0,-98.2,3.5,0.0,117.0,1
D007211,4.6,1089.0,1.06,29.0,0.51,-64.7,-50.0,24.5,45.0,-96.6,9.1,0.0,119.0,1
D007212,5.2,1336.0,1.17,29.0,0.65,-63.9,-52.4,23.7,42.0,-95.2,21.3,1.0,133.0,0
D007213,5.0,1121.0,1.06,24.0,0.49,-66.5,-50.5,25.0,42.0,-95.0,13.2,0.0,131.0,1
D007214,4.2,1172.0,1.01,29.0,0.37,-65.4,-49.9,22.9,42.0,-97.4,12.5,1.0,120.0,0
D007215,4.5,1181.0,1.06,26.5,0.42,-65.7,-50.5,26.3,42.0,-96.2,,1.0,124.0,1
D007216,4.6,1228.0,1.11,31.0,0.45,-65.2,-51.1,24.7,42.0,-95.1,9.2,0.0,128.0,1
D007217,4.3,1175.0,1.2,29.5,0.52,-66.1,-49.7,24.3,46.0,-96.5,10.9,,130.0,1
D007218,4.6,1140.0,1.16,26.0,0.53,-65.8,-49.9,22.8,42.0,-94.4,12.8,1.0,125.0,1
D007219,4.9,1116.0,1.09,33.0,0.43,-64.1,-49.4,22.7,40.0,-95.4,6.3,0.0,129.0,1
D007220,,1193.0,1.08,32.0,0.52,-65.4,-50.1,25.2,45.0,-96.2,7.0,1.0,139.0,1
D007221,4.1,1387.0,1.27,32.5,0.62,-61.6,-53.6,27.4,49.0,-93.1,14.1,0.0,112.0,0
D007222,4.2,1072.0,1.48,29.0,0.65,-69.9,-54.4,21.0,42.0,,5.8,0.0,133.0,1
D007223,4.3,1171.0,1.05,28.5,0.51,-65.5,-48.0,24.8,44.0,-95.3,7.7,1.0,131.0,1
D007224,4.9,,0.98,33.0,0.49,-65.2,-51.1,25.7,,-94.8,8.7,,124.0,1
D007225,4.6,1159.0,0.92,31.0,0.36,-66.1,-49.7,26.2,48.0,-96.5,8.7,0.0,136.0,1
D007226,4.7,1245.0,1.14,29.5,0.49,-66.0,-51.5,23.8,40.0,-96.5,8.3,0.0,135.0,1
D007227,5.6,1103.0,1.05,30.5,0.56,-63.9,-51.2,26.2,57.0,-90.2,23.8,1.0,124.0,0
D007228,4.8,1166.0,1.16,28.5,0.5,-65.6,-48.9,22.8,41.0,-96.6,,0.0,122.0,1
D007229,3.4,1247.0,1.25,26.0,0.44,-60.2,-46.2,21.0,51.0,-91.5,17.7,1.0,119.0,0
D007230,4.9,1125.0,0.95,31.5,0.48,-65.8,-50.8,23.4,47.0,-94.3,7.9,1.0,130.0,1
D007231,4.9,1157.0,1.18,29.5,0.45,-66.0,-49.4,23.4,43.0,-93.5,8.5,1.0,122.0,1
D007232,4.7,1232.0,0.92,28.5,0.46,-66.2,-48.9,25.4,41.0,-95.5,10.3,0.0,130.0,1
D007233,4.9,1214.0,1.0,34.0,0.41,-65.3,-48.7,23.0,48.0,-97.5,8.6,0.0,125.0,1
D007234,4.9,1128.0,1.07,33.0,0.46,-64.2,-50.0,23.9,43.0,-93.8,9.3,0.0,125.0,1
D007235,4.5,1374.0,1.01,33.0,0.38,-62.9,-50.9,27.2,51.0,-94.8,10.5,1.0,134.0,0
D007236,5.1,1173.0,1.25,31.5,0.48,-66.2,-48.5,23.4,43.0,-96.2,9.4,1.0,129.0,1
D007237,5.9,1060.0,1.33,28.0,0.54,-69.7,-53.0,22.0,57.0,-94.2,2.6,0.0,,1
D007238,4.6,1120.0,1.04,26.5,0.5,-64.5,-49.5,24.6,46.0,-94.7,8.5,0.0,128.0,1
D007239,4.3,1276.0,1.11,27.5,0.49,-64.5,-50.7,24.9,45.0,-95.5,,0.0,130.0,1
D007240,5.9,1351.0,1.13,29.5,0.46,-66.0,-47.7,25.6,37.0,-99.5,20.7,1.0,139.0,1
D007241,4.5,1210.0,1.11,27.5,0.45,-66.1,-50.9,22.6,43.0,-95.9,4.7,0.0,133.0,1
D007242,4.9,1253.0,1.05,22.5,0.46,-65.0,-49.9,23.6,48.0,-93.9,13.8,1.0,129.0,0
D007243,5.2,1028.0,1.56,24.0,0.56,-69.7,-50.0,20.8,42.0,-96.0,21.8,1.0,114.0,0
D007244,4.6,1371.0,1.31,38.0,0.64,-62.4,-50.7,24.1,59.0,-91.5,18.2,1.0,130.0,0
D007245,4.5,1139.0,1.04,25.0,0.5,-64.8,-50.2,24.5,41.0,-96.8,8.2,1.0,134.0,1
D007246,5.0,1124.0,1.05,29.5,0.49,-67.3,-48.9,24.1,42.0,-96.5,8.7,1.0,126.0,1
D007247,4.3,1196.0,1.18,29.0,0.44,-64.6,-48.9,21.4,41.0,-95.5,9.7,0.0,120.0,0
D007248,3.9,1229.0,1.03,25.5,0.51,-67.5,-51.2,23.6,50.0,-94.7,7.8,0.0,125.0,1
D007249,6.2,1013.0,0.87,25.0,0.64,-61.7,-50.6,22.0,42.0,-92.3,9.7,0.0,148.0,1
D007250,4.8,1103.0,1.49,37.0,0.66,-64.2,-54.1,27.4,40.0,,15.0,1.0,131.0,0
D007251,4.6,1223.0,1.05,31.0,0.5,-64.9,-50.3,25.0,43.0,-93.5,9.3,0.0,125.0,1
D007252,3.6,1243.0,1.54,35.0,0.59,-68.2,-49.3,22.9,46.0,-95.1,12.8,1.0,110.0,0
D007253,5.0,1327.0,1.26,23.5,0.61,-67.4,-54.6,24.7,52.0,-93.8,20.2,0.0,146.0,1
D007254,,1183.0,1.14,30.0,0.54,-65.1,-50.4,25.6,42.0,-96.8,5.2,1.0,127.0,1
D007255,3.1,1252.0,1.39,33.5,0.64,-60.9,-53.5,26.9,43.0,-92.0,19.3,1.0,134.0,0
D007256,4.6,1204.0,1.12,29.0,0.5,-65.1,-51.0,23.3,45.0,-95.4,10.1,1.0,125.0,1
D007257,3.4,1097.0,1.21,29.5,0.52,-64.0,-50.4,24.0,45.0,-92.6,3.2,0.0,114.0,0
D007258,4.9,1182.0,1.22,30.5,0.51,-65.1,-51.7,22.7,,-93.8,11.5,,131.0,1
D007259,4.5,1069.0,1.17,30.0,0.52,-65.3,-50.9,24.9,47.0,-95.5,10.8,1.0,126.0,1
D007260,5.2,1165.0,1.02,28.5,0.48,-66.8,-49.1,25.3,36.0,,7.1,1.0,132.0,1
D007261,4.9,1198.0,1.05,28.5,0.5,-64.7,-50.7,23.6,42.0,-94.2,11.6,0.0,130.0,1
D007262,5.0,1191.0,1.09,27.5,0.51,-65.1,-51.1,21.8,48.0,-94.0,9.4,0.0,133.0,1
D007263,4.8,1206.0,1.18,29.0,0.49,-64.6,-49.5,22.7,45.0,-96.4,8.8,0.0,120.0,1
D007264,4.6,1209.0,1.02,32.5,0.47,-67.6,-51.0,25.5,42.0,-95.9,11.0,0.0,128.0,1
D007265,3.6,1242.0,1.21,23.0,0.31,-69.6,-48.9,25.6,50.0,-91.5,21.1,0.0,129.0,0
D007266,5.5,1168.0,1.06,28.5,0.44,-63.7,-49.5,25.4,43.0,-95.0,8.5,1.0,128.0,1
D007267,5.8,1179.0,1.0,27.5,0.52,-65.9,-50.0,23.1,41.0,-94.9,11.0,0.0,116.0,1
D007268,4.2,1191.0,1.01,26.0,0.51,-63.4,-48.9,23.3,46.0,-95.5,11.8,0.0,130.0,1
D007269,4.4,1186.0,1.04,31.0,0.48,-65.2,-49.3,25.0,47.0,-95.5,11.8,1.0,136.0,1
D007270,5.6,1168.0,0.99,38.5,0.52,-63.5,-47.2,21.5,32.0,-90.3,4.4,1.0,105.0,1
D007271,5.1,1140.0,1.58,25.5,0.52,-66.8,-49.6,27.7,35.0,-92.8,3.6,0.0,129.0,0
D007272,4.3,1167.0,1.15,27.5,0.51,-65.5,-49.9,23.0,43.0,-96.0,1.4,0.0,127.0,1
D007273,5.0,1158.0,1.06,26.5,0.49,-66.0,-48.3,24.8,45.0,-94.2,10.9,0.0,127.0,1
D007274,5.3,1131.0,1.21,29.0,0.48,-64.9,-50.4,23.8,43.0,-96.2,10.5,0.0,136.0,1
D007275,5.0,1173.0,1.18,27.0,0.49,-64.4,-49.0,23.3,40.0,-94.9,7.1,1.0,127.0,1
D007276,3.6,1302.0,0.89,24.5,0.32,-62.2,-54.1,23.3,34.0,,15.2,1.0,101.0,0
D007277,4.3,,1.07,31.0,0.43,-64.6,-48.9,24.2,44.0,-94.8,8.1,1.0,126.0,0
D007278,4.7,1239.0,1.14,29.0,0.5,-67.3,-51.0,24.2,41.0,-96.3,6.7,1.0,122.0,1
D007279,5.8,,1.36,39.0,0.51,-60.2,-47.9,27.1,58.0,-96.3,13.0,0.0,110.0,0
D007280,5.3,1202.0,1.15,28.5,0.51,-66.4,-48.5,24.2,45.0,-96.3,10.3,1.0,121.0,1
D007281,4.8,1183.0,1.13,27.5,0.54,-65.3,-50.7,24.5,40.0,-94.1,14.4,0.0,136.0,1
D007282,3.9,1290.0,1.01,27.0,0.64,-69.1,-48.2,21.4,58.0,-96.2,17.2,0.0,146.0,1
D007283,4.6,1189.0,1.01,30.0,0.49,-65.1,-52.1,24.7,40.0,-96.6,7.3,0.0,126.0,1
D007284,4.7,1375.0,1.53,32.0,0.42,-62.4,-53.4,22.0,46.0,-98.9,18.0,0.0,129.0,0
D007285,4.8,1146.0,0.96,33.0,0.5,-64.2,-51.8,23.2,46.0,-97.0,8.0,1.0,132.0,1
D007286,4.4,1192.0,1.15,27.5,0.54,-65.3,-51.1,,45.0,-95.7,8.0,0.0,131.0,1
D007287,4.5,1174.0,1.26,30.5,0.52,-65.0,-50.1,25.8,41.0,-95.7,11.9,1.0,125.0,0
D007288,5.3,1181.0,1.16,31.0,0.52,-65.8,-49.8,24.6,49.0,-96.2,10.1,1.0,131.0,1
D007289,4.7,1159.0,1.17,26.5,0.52,-63.8,-49.9,25.1,43.0,-95.6,11.5,0.0,127.0,0
D007290,4.7,1128.0,0.99,28.0,0.43,-64.5,-51.5,24.9,44.0,-95.7,9.3,1.0,125.0,1
D007291,4.3,1041.0,0.9,34.0,0.32,-60.1,-54.1,24.8,47.0,-91.7,18.9,1.0,107.0,0
D007292,4.2,1177.0,1.08,29.5,0.48,-65.6,-49.2,24.9,45.0,-96.3,10.7,1.0,126.0,1
D007293,4.6,1199.0,,30.0,0.47,-65.6,-49.1,25.4,42.0,-95.0,7.5,1.0,122.0,1
D007294,4.3,1160.0,1.05,32.0,0.52,-67.2,-51.3,24.5,39.0,-94.8,11.8,1.0,125.0,1
D007295,4.6,1201.0,0.95,30.0,0.47,-65.3,-50.4,22.8,47.0,-96.0,10.0,0.0,124.0,1
D007296,5.2,1111.0,1.12,35.5,0.48,-65.1,-49.1,25.4,46.0,-95.1,8.5,1.0,126.0,1
D007297,5.7,1249.0,1.21,38.5,0.33,-60.7,-51.4,27.4,53.0,-95.5,,1.0,104.0,0
D007298,5.0,1112.0,0.99,,0.44,-66.0,-48.8,25.1,46.0,-96.5,6.3,0.0,130.0,1
D007299,3.3,1047.0,1.3,31.0,0.34,-63.6,-46.6,25.4,56.0,-95.5,18.8,0.0,130.0,0
D007300,5.7,1076.0,1.19,22.5,0.5,-60.9,-54.3,28.7,54.0,-95.2,9.8,0.0,132.0,0
D007301,6.6,1052.0,1.59,29.0,0.36,-64.7,-53.7,27.0,50.0,,3.8,0.0,132.0,1
D007302,6.7,1024.0,1.3,36.0,0.67,-65.7,-49.3,20.3,40.0,-97.1,17.5,1.0,128.0,1
D007303,5.6,1214.0,1.06,25.0,0.4,-66.9,-48.6,21.6,38.0,-92.1,11.0,0.0,125.0,1
D007304,4.9,1210.0,1.06,27.0,0.44,-65.5,-49.8,24.9,46.0,-95.0,13.0,1.0,127.0,0
D007305,5.1,1326.0,0.95,26.0,0.6,-65.0,-46.4,23.1,31.0,-94.2,19.0,0.0,114.0,1
D007306,,1206.0,,31.0,0.51,-66.4,-48.7,25.5,43.0,-94.2,7.9,1.0,126.0,0
D007307,4.7,,1.03,29.5,0.45,-64.5,-49.1,23.6,51.0,-95.3,11.6,1.0,135.0,1
D007308,5.1,1167.0,1.05,26.5,,-65.4,-50.3,23.0,48.0,-95.3,12.0,0.0,120.0,1
D007309,4.6,1219.0,1.05,28.0,0.54,-65.0,,23.4,,-95.2,12.1,0.0,129.0,1
D007310,4.1,1152.0,1.44,28.5,0.55,-63.3,-49.5,28.2,32.0,-98.9,10.4,1.0,108.0,0
D007311,6.1,1022.0,1.34,21.5,0.51,-60.6,-53.5,22.8,51.0,-90.4,6.5,0.0,145.0,1
D007312,5.1,1313.0,0.94,35.5,0.52,-62.2,-46.2,25.2,52.0,-93.8,0.2,0.0,136.0,1
D007313,4.6,1028.0,1.48,35.0,0.64,-68.0,-48.5,21.4,50.0,-97.6,4.0,1.0,124.0,1
D007314,4.2,1128.0,1.08,28.5,0.48,-64.8,-49.2,23.7,47.0,-96.4,10.5,0.0,137.0,1
D007315,5.2,1209.0,1.14,31.0,0.49,-65.5,-50.7,22.4,46.0,-94.9,8.3,1.0,134.0,1
D007316,3.9,1252.0,1.09,22.5,0.45,-67.5,-46.1,28.2,53.0,-98.4,13.2,1.0,122.0,0
D007317,6.6,1091.0,1.58,38.0,0.41,-66.9,-51.2,24.4,56.0,-92.3,10.1,1.0,116.0,1
D007318,4.6,1223.0,1.12,28.0,0.51,-65.8,-50.7,22.7,50.0,-95.7,6.9,0.0,130.0,1
D007319,4.7,1237.0,1.19,33.0,0.55,-66.2,-50.2,24.9,43.0,-95.6,11.8,1.0,130.0,1
D007320,3.5,1255.0,1.28,36.0,0.37,-67.9,-49.8,29.7,49.0,-98.0,19.4,1.0,123.0,0
D007321,5.3,1177.0,1.07,28.5,0.49,-65.3,-49.9,24.8,50.0,-96.3,9.8,1.0,136.0,1
D007322,4.4,1265.0,1.04,29.5,0.47,-64.6,-50.1,23.8,46.0,-94.9,6.6,1.0,128.0,1
D007323,4.5,1095.0,1.2,32.5,0.47,-65.7,-47.1,20.3,54.0,-98.6,6.1,0.0,149.0,1
D007324,6.5,1380.0,1.08,31.0,0.53,-66.5,-49.8,24.0,37.0,-97.4,0.3,0.0,132.0,1
D007325,4.8,1231.0,1.05,29.5,,-64.5,-49.2,24.4,44.0,-95.1,8.8,0.0,117.0,0
D007326,6.4,1298.0,1.57,36.0,0.62,-65.8,-46.8,25.4,49.0,-92.2,20.6,1.0,112.0,0
D007327,4.8,1198.0,1.01,28.0,0.45,-64.4,-49.8,24.0,48.0,-96.6,10.1,1.0,123.0,1
D007328,4.7,1183.0,1.33,33.0,0.48,-64.9,-50.0,24.5,44.0,-97.2,8.5,0.0,134.0,1
D007329,6.3,1291.0,1.09,36.0,0.68,-64.8,-47.5,29.7,43.0,-95.1,1.2,0.0,122.0,1
D007330,4.7,1207.0,1.02,26.5,0.43,-66.0,-50.8,24.6,45.0,-95.2,9.7,0.0,139.0,1
D007331,5.4,1211.0,1.16,28.0,0.48,-67.3,-51.1,26.0,46.0,-96.3,9.8,0.0,120.0,1
D007332,4.8,1160.0,1.13,28.0,0.46,-65.2,-49.7,23.2,46.0,-94.7,12.6,1.0,123.0,0
D007333,4.4,1173.0,1.17,30.0,0.51,-65.8,-49.6,24.7,46.0,-95.6,7.4,0.0,126.0,1
D007334,5.0,1008.0,0.91,32.5,0.57,-62.0,-46.4,21.1,52.0,-95.4,4.3,0.0,115.0,0
D007335,4.7,1102.0,1.09,29.5,0.49,-65.2,-50.2,24.4,40.0,-95.9,6.7,0.0,132.0,1
D007336,4.9,1220.0,1.54,36.5,0.42,-66.1,-46.4,22.8,51.0,-98.7,22.3,1.0,133.0,0
D007337,4.5,1213.0,1.07,27.0,0.47,-63.8,,24.4,45.0,-93.8,12.1,0.0,122.0,1
D007338,4.7,1052.0,0.92,26.0,0.51,-61.5,-48.1,25.2,58.0,-96.5,5.3,1.0,129.0,1
D007339,5.0,1206.0,1.21,27.0,0.49,-67.5,-51.1,24.5,46.0,-94.1,4.5,1.0,128.0,1
D007340,4.3,1396.0,1.46,23.5,0.5,-67.3,-45.7,24.2,35.0,-98.8,23.0,0.0,116.0,0
D007341,7.0,1380.0,0.95,30.0,0.48,-69.5,-46.8,28.1,35.0,-98.0,22.9,0.0,116.0,1
D007342,4.8,1176.0,1.14,25.0,0.45,-66.1,-50.3,24.9,45.0,-95.4,10.9,1.0,125.0,1
D007343,4.6,1137.0,1.13,,0.44,-67.5,-51.3,23.4,41.0,-94.1,5.8,1.0,125.0,1
D007344,5.3,1195.0,1.09,27.0,0.46,-65.9,-50.0,23.2,41.0,-94.7,8.3,1.0,117.0,0
D007345,3.8,1072.0,1.15,30.5,0.61,-62.0,-45.6,23.6,52.0,-97.8,7.7,0.0,112.0,0
D007346,5.1,1173.0,1.09,26.0,0.54,-64.5,-51.0,24.9,47.0,-95.5,12.4,1.0,130.0,1
D007347,4.8,1136.0,1.04,30.0,0.46,-66.1,-51.0,22.9,45.0,-96.4,9.2,1.0,126.0,1
D007348,4.8,1148.0,1.07,30.5,0.53,-65.6,-50.5,24.5,42.0,-95.2,6.3,0.0,124.0,1
D007349,4.8,1210.0,1.12,27.5,0.5,-66.5,-50.4,23.2,46.0,,11.4,0.0,123.0,1
D007350,4.4,1221.0,1.15,30.0,0.49,-64.6,-51.4,22.9,45.0,-94.7,7.9,1.0,125.0,1
D007351,4.9,1147.0,1.22,30.0,0.49,-65.4,-49.8,23.1,41.0,-94.3,5.5,1.0,127.0,1
D007352,5.3,1235.0,1.31,29.5,0.49,-63.6,-50.2,25.3,43.0,-96.4,8.0,1.0,130.0,1
D007353,5.0,1243.0,1.21,28.0,0.47,-66.1,-52.6,22.9,44.0,-95.0,7.9,1.0,122.0,1
D007354,4.1,1166.0,1.07,32.5,0.52,-65.8,-49.1,,44.0,-95.7,11.4,1.0,129.0,1
D007355,5.4,1203.0,1.53,39.0,0.43,-61.5,-53.7,28.1,47.0,-98.1,6.8,1.0,118.0,0
D007356,5.3,1207.0,0.93,29.0,0.46,-67.9,-50.2,22.1,41.0,-95.3,9.3,0.0,127.0,1
D007357,6.4,1317.0,1.16,21.0,0.31,-66.4,-54.6,24.0,42.0,-90.3,2.5,1.0,131.0,1
D007358,5.4,1067.0,1.48,26.0,0.67,-64.5,-52.7,27.4,55.0,-94.8,14.8,1.0,122.0,0
D007359,4.5,1240.0,1.17,32.5,0.52,-64.5,-49.6,25.0,38.0,-95.9,9.2,1.0,134.0,1
D007360,5.0,1396.0,1.32,25.5,0.7,-64.0,-52.6,29.3,46.0,-99.2,5.7,0.0,149.0,0
D007361,3.5,1271.0,1.36,21.0,0.35,-61.8,-54.7,24.3,56.0,-91.3,19.8,0.0,123.0,0
D007362,,1187.0,0.97,26.5,0.43,-64.7,-51.6,23.3,38.0,-95.9,7.2,1.0,126.0,1
D007363,5.4,1134.0,1.19,37.0,0.45,-61.9,-45.1,22.4,55.0,-97.9,10.1,1.0,128.0,1
D007364,4.2,1217.0,1.57,29.0,0.38,-69.6,-51.1,27.9,33.0,-97.7,9.3,0.0,118.0,0
D007365,5.3,1239.0,0.87,20.0,0.43,-65.4,-46.2,29.1,41.0,-96.7,6.6,0.0,120.0,0
D007366,3.6,1314.0,1.38,24.0,0.69,-67.5,-52.5,21.2,38.0,-96.8,10.3,0.0,111.0,0
D007367,4.3,1206.0,1.19,29.0,0.43,-65.3,-51.0,22.0,37.0,-97.8,8.9,0.0,129.0,0
D007368,5.0,1103.0,1.22,29.5,0.45,-66.3,-50.9,23.4,38.0,-96.2,6.1,1.0,122.0,1
D007369,5.5,1158.0,0.99,28.5,0.48,-64.6,-50.0,23.7,45.0,-94.7,8.5,0.0,129.0,1
D007370,4.7,1200.0,1.11,30.5,0.43,-67.6,-49.2,24.3,,-96.7,11.4,1.0,128.0,1
D007371,5.1,1179.0,1.08,29.5,0.45,-65.2,-50.6,23.4,41.0,-96.0,3.9,1.0,127.0,1
D007372,4.5,1160.0,1.27,27.0,,-65.9,-49.8,24.5,46.0,-96.2,9.6,0.0,118.0,1
D007373,4.4,1247.0,1.09,28.5,0.48,-66.6,-50.8,23.3,41.0,-97.2,9.8,1.0,133.0,1
D007374,4.2,,,36.0,0.31,-60.5,-48.6,29.5,55.0,,14.1,0.0,111.0,0
D007375,4.2,1136.0,1.09,28.5,0.41,-66.3,-49.8,23.9,46.0,-97.0,12.6,0.0,138.0,1
D007376,5.0,1139.0,1.1,27.5,0.42,-64.3,-50.6,25.3,44.0,-96.3,10.9,0.0,124.0,0
D007377,5.0,1170.0,1.17,26.0,0.43,-64.9,,23.1,48.0,-97.1,8.6,0.0,127.0,1
D007378,3.3,1253.0,1.06,29.0,0.33,-61.9,-48.1,27.8,59.0,-90.9,2.6,1.0,142.0,0
D007379,4.9,1239.0,1.08,29.5,0.4,-65.8,-49.9,23.4,44.0,-95.2,9.1,1.0,136.0,1
D007380,4.8,1388.0,1.13,29.5,0.66,-66.5,-51.8,25.8,45.0,-93.7,4.5,0.0,144.0,1
D007381,5.0,1192.0,1.08,31.0,0.48,-66.0,-49.7,24.0,45.0,-94.9,9.5,1.0,124.0,1
D007382,5.0,1374.0,1.54,38.0,0.56,-64.5,-49.8,22.3,55.0,-99.1,9.2,1.0,124.0,1
D007383,5.3,1400.0,1.44,27.0,0.59,-64.1,-48.0,28.5,50.0,-90.7,14.2,0.0,132.0,0
D007384,4.0,1349.0,1.24,24.0,0.62,-67.7,-50.1,20.1,40.0,-94.6,19.8,0.0,102.0,0
D007385,4.2,1186.0,,25.5,0.44,-65.6,-50.0,24.0,43.0,-95.5,10.5,1.0,126.0,0
D007386,5.1,1214.0,1.15,28.5,0.52,-65.4,-49.4,23.2,49.0,-94.9,8.6,1.0,123.0,1
D007387,5.4,1173.0,1.15,31.0,0.45,-65.7,-50.0,23.4,48.0,-95.9,9.1,1.0,133.0,1
D007388,4.7,1185.0,1.18,30.0,0.5,-67.2,-50.8,22.4,41.0,,8.3,0.0,129.0,1
D007389,5.9,1332.0,0.99,35.5,0.66,-64.0,-48.2,27.1,40.0,-93.1,23.4,1.0,118.0,0
D007390,3.9,1313.0,1.43,27.0,0.67,-67.8,-46.3,,,-95.9,5.5,0.0,124.0,0
D007391,4.3,1155.0,1.14,30.0,0.38,-65.3,-49.1,23.2,41.0,-94.1,,0.0,121.0,1
D007392,3.9,1101.0,1.11,28.0,0.47,-69.0,-53.7,28.8,,-90.3,12.8,1.0,110.0,0
D007393,4.0,1142.0,1.04,27.0,0.47,-65.4,-49.3,23.7,43.0,-95.7,11.6,0.0,127.0,0
D007394,4.5,1214.0,1.17,31.0,0.5,-64.8,-49.7,24.8,46.0,-96.2,9.4,1.0,131.0,1
D007395,4.5,1136.0,1.14,31.5,0.46,-65.3,-51.3,24.1,44.0,-95.2,8.7,1.0,121.0,1
D007396,4.9,1196.0,1.13,31.0,0.44,-65.3,-50.2,25.1,45.0,-95.4,10.1,1.0,135.0,1
D007397,5.9,1330.0,1.54,28.5,0.46,-68.6,-48.7,22.1,46.0,-92.7,1.2,1.0,125.0,1
D007398,4.0,1056.0,0.96,28.0,0.58,-65.7,-53.0,27.5,51.0,-97.9,7.7,0.0,132.0,1
D007399,4.8,1220.0,1.18,29.5,0.55,-64.8,-51.3,23.7,45.0,-94.8,9.1,0.0,134.0,1
D007400,5.7,1169.0,1.15,29.0,0.4,-66.7,-51.2,25.4,,-95.7,6.3,0.0,131.0,1
D007401,5.0,1303.0,1.06,37.0,0.32,-64.2,-49.9,25.4,49.0,-93.0,7.2,0.0,118.0,1
D007402,4.4,1158.0,1.11,31.0,0.42,-67.8,-48.3,23.7,41.0,-95.6,9.3,0.0,120.0,1
D007403,5.9,1321.0,1.47,25.0,0.66,-66.2,-51.3,29.5,45.0,-94.8,16.1,0.0,115.0,0
D007404,4.4,1287.0,0.89,33.0,0.3,-66.9,-46.1,21.0,44.0,-93.7,10.1,0.0,129.0,0
D007405,4.9,1183.0,1.12,27.5,0.52,-64.1,-50.6,22.8,46.0,-96.0,7.6,1.0,126.0,1
D007406,5.7,1167.0,1.32,24.0,0.46,-67.1,-52.1,23.6,56.0,-90.0,15.1,0.0,113.0,0
D007407,4.8,1148.0,1.13,30.5,0.43,-64.2,-50.0,23.0,42.0,-96.7,7.1,1.0,122.0,0
D007408,4.6,1257.0,1.29,30.0,0.48,-64.2,-49.4,24.5,38.0,-94.6,6.1,1.0,133.0,0
D007409,5.5,1216.0,1.16,30.0,0.43,-67.4,-49.5,24.8,48.0,-96.7,1.0,1.0,124.0,1
D007410,5.2,1110.0,0.96,29.0,0.42,-67.1,-48.9,24.0,48.0,-94.6,4.9,0.0,126.0,1
D007411,4.5,1301.0,1.46,20.5,0.47,-67.5,-51.0,21.5,48.0,-100.0,22.4,1.0,147.0,1
D007412,4.4,1173.0,1.15,27.5,0.48,-66.3,-49.5,24.4,42.0,-95.6,9.7,0.0,122.0,0
D007413,4.4,1232.0,1.08,,0.54,-64.1,-49.6,24.1,45.0,-95.1,9.1,1.0,127.0,0
D007414,6.2,1286.0,1.22,27.5,,-61.1,-48.7,22.7,43.0,-91.5,22.2,1.0,146.0,0
D007415,3.3,1229.0,1.01,37.0,0.39,-68.9,-48.8,28.7,36.0,-97.3,15.9,0.0,147.0,1
D007416,4.8,1180.0,1.07,30.0,0.47,-64.9,-47.4,25.2,36.0,-91.1,,0.0,119.0,0
D007417,4.8,1211.0,1.06,30.0,0.51,-65.8,-47.0,22.7,44.0,-95.3,9.8,1.0,123.0,1
D007418,6.4,1382.0,1.54,24.0,0.57,-63.2,-49.2,28.3,59.0,-99.0,9.9,1.0,102.0,0
D007419,4.4,1186.0,1.09,28.0,0.42,-66.0,-51.5,23.5,43.0,-94.8,9.4,0.0,140.0,1
D007420,4.9,1148.0,1.03,30.0,0.52,-64.8,-47.7,26.1,48.0,-97.4,7.7,0.0,122.0,1
D007421,5.5,1180.0,1.04,30.0,0.44,-68.0,-50.7,23.7,40.0,-95.0,9.2,0.0,126.0,1
D007422,5.5,1397.0,1.44,27.5,0.42,-65.8,-51.4,28.1,56.0,-96.5,21.6,1.0,128.0,0
D007423,4.4,1218.0,1.04,25.5,0.44,-64.9,-48.8,22.9,46.0,-95.5,13.0,0.0,135.0,1
D007424,4.7,1188.0,1.12,26.0,0.48,-65.2,-50.2,24.9,50.0,-95.7,14.1,,124.0,1
D007425,4.3,1226.0,1.08,24.0,0.45,-64.5,-49.1,23.6,42.0,-96.2,13.7,1.0,125.0,0
D007426,3.9,1042.0,1.29,23.0,0.7,-63.7,-54.5,22.5,44.0,-90.7,9.3,0.0,132.0,0
D007427,5.9,1113.0,1.25,38.5,0.7,-67.2,-54.5,29.0,49.0,-96.6,2.9,0.0,120.0,1
D007428,5.2,1216.0,0.94,29.0,0.45,-65.3,-49.5,24.9,45.0,-95.1,11.4,1.0,127.0,1
D007429,4.9,1368.0,1.16,32.0,0.55,-64.4,-52.7,21.3,59.0,-97.4,16.3,1.0,149.0,0
D007430,6.2,1023.0,0.97,24.5,0.4,-63.9,-51.4,23.0,58.0,-98.8,1.5,0.0,113.0,1
D007431,5.2,1128.0,1.05,29.5,0.58,-64.9,-50.4,26.1,44.0,-95.3,12.7,0.0,126.0,1
D007432,4.7,1183.0,0.96,29.0,0.48,-65.7,-51.6,24.7,47.0,-94.5,8.7,0.0,120.0,1
D007433,5.7,1108.0,1.51,22.0,0.68,-67.6,-52.3,26.7,38.0,-92.3,11.2,1.0,138.0,0
D007434,5.1,1172.0,1.07,25.0,0.47,-66.9,-50.8,24.0,41.0,-94.6,7.2,0.0,127.0,1
D007435,4.8,1135.0,1.12,29.5,0.51,-63.5,-51.8,24.9,48.0,-95.3,10.1,0.0,132.0,0
D007436,4.3,1206.0,1.25,31.5,0.57,-64.8,-49.9,24.3,48.0,-95.5,12.6,0.0,125.0,1
D007437,4.7,1243.0,1.18,31.5,,-65.6,-48.4,24.6,46.0,-95.5,8.8,0.0,127.0,1
D007438,4.7,1163.0,0.99,33.5,0.39,-65.1,-47.1,23.8,47.0,-94.6,9.8,1.0,126.0,1
D007439,4.6,1208.0,1.1,25.0,0.46,-64.7,-49.6,24.6,41.0,-95.5,7.8,0.0,129.0,1
D007440,4.4,1200.0,1.09,28.5,0.54,-64.4,-51.5,24.8,41.0,-95.6,8.5,1.0,122.0,1
D007441,5.3,1259.0,1.18,28.0,,-63.6,-54.6,24.1,46.0,-97.1,16.4,0.0,111.0,1
D007442,6.3,1033.0,1.6,37.0,0.53,-62.6,-46.1,29.2,31.0,-94.1,5.1,1.0,111.0,0
D007443,5.9,1356.0,0.93,22.0,0.62,-67.9,-50.8,28.8,55.0,-92.7,4.1,0.0,138.0,0
D007444,4.3,1105.0,1.06,30.0,0.48,-63.4,-51.3,22.5,41.0,-96.5,5.5,1.0,125.0,0
D007445,4.9,1103.0,1.05,34.5,0.61,-61.9,-52.8,28.2,57.0,-93.6,20.8,1.0,139.0,0
D007446,4.2,1184.0,1.05,28.5,0.55,-65.9,-50.5,26.1,46.0,-95.8,7.4,0.0,126.0,1
D007447,3.0,1212.0,1.34,25.0,0.32,-66.0,-49.7,28.7,60.0,-90.1,14.3,0.0,142.0,0
D007448,4.4,1202.0,1.38,35.5,0.54,-69.7,-51.5,23.2,55.0,-95.4,9.2,0.0,126.0,1
D007449,4.9,1202.0,1.12,26.0,0.49,-64.5,-49.7,24.1,45.0,-95.6,7.6,0.0,134.0,1
D007450,4.9,1204.0,0.99,27.5,0.42,-65.3,-49.9,24.9,41.0,-94.9,5.8,1.0,128.0,1
D007451,4.7,1154.0,1.09,28.5,0.47,-64.1,-48.6,25.5,46.0,-94.8,12.1,1.0,129.0,0
D007452,5.0,1179.0,1.07,29.5,,-65.0,-49.4,24.8,44.0,-95.1,,1.0,127.0,1
D007453,4.9,1265.0,1.07,32.0,0.46,-65.8,-48.4,,45.0,-94.8,10.0,,122.0,0
D007454,4.6,1220.0,1.16,30.0,0.43,-64.0,-50.2,23.0,39.0,-94.4,11.3,1.0,,1
D007455,4.5,1218.0,1.09,30.5,0.38,-65.9,-50.5,23.0,50.0,-95.7,10.5,1.0,130.0,1
D007456,4.7,1073.0,1.17,28.5,0.48,-64.4,-49.2,,50.0,-98.0,9.2,1.0,128.0,1
D007457,4.6,,1.24,32.5,0.46,-67.0,-48.7,23.3,41.0,-96.5,4.8,0.0,123.0,1
D007458,6.7,1388.0,1.51,21.0,0.55,-60.9,-54.3,28.8,30.0,-92.3,18.6,1.0,104.0,0
D007459,5.0,1186.0,0.95,33.5,0.43,-64.5,-46.9,24.8,43.0,-95.3,12.1,1.0,125.0,1
D007460,4.3,1156.0,0.95,30.5,0.5,-63.6,-49.5,24.3,48.0,-96.9,10.2,0.0,129.0,1
D007461,4.6,1185.0,1.0,28.5,0.49,-65.1,-50.4,22.9,42.0,-95.2,,0.0,127.0,1
D007462,5.1,1155.0,0.99,33.5,0.46,-66.0,-49.6,23.0,45.0,-96.7,10.1,0.0,125.0,1
D007463,6.2,1322.0,1.46,35.5,0.68,-63.0,-54.1,27.8,35.0,-91.4,17.0,1.0,105.0,0
D007464,4.9,1167.0,1.16,33.5,0.5,-66.0,-47.8,25.3,,-95.8,13.1,1.0,122.0,1
D007465,4.1,1154.0,1.32,32.5,0.53,-62.8,-49.3,20.5,57.0,-99.9,2.1,0.0,121.0,1
D007466,4.5,1114.0,1.22,26.5,0.49,-65.6,-49.5,23.7,49.0,-94.7,8.9,1.0,124.0,0
D007467,4.8,1149.0,1.16,30.5,0.47,-65.9,-50.8,24.8,45.0,-95.4,8.6,1.0,126.0,1
D007468,4.7,1301.0,1.23,22.5,0.48,-69.7,-51.5,23.0,40.0,-92.7,,,134.0,1
D007469,4.6,1181.0,1.11,30.0,0.46,-66.1,-47.9,23.5,41.0,-93.7,15.3,0.0,119.0,1
D007470,4.6,1215.0,1.23,30.5,0.47,-65.0,-50.1,22.2,42.0,-95.3,6.6,1.0,125.0,1
D007471,4.4,1197.0,1.17,30.0,0.48,-64.1,-50.0,23.5,42.0,-95.8,7.5,1.0,127.0,1
D007472,4.9,1139.0,1.13,27.5,0.45,-65.1,-50.0,23.7,48.0,-95.6,8.6,1.0,131.0,1
D007473,4.0,1190.0,1.04,28.0,,-64.4,-49.8,25.0,42.0,-94.9,9.5,1.0,130.0,1
D007474,6.0,1171.0,1.03,31.0,0.39,-62.4,-48.5,28.1,,-98.1,1.2,0.0,113.0,0
D007475,5.3,1183.0,1.12,29.0,0.53,-65.7,-49.8,24.6,45.0,-96.3,9.5,1.0,132.0,1
D007476,4.3,1230.0,0.98,28.0,0.39,-69.3,-45.3,21.9,47.0,-98.4,6.7,0.0,126.0,1
D007477,4.7,1211.0,1.19,27.5,0.47,-65.8,-50.4,24.4,48.0,-95.9,5.6,1.0,124.0,1
D007478,4.8,1206.0,1.12,26.5,0.45,-65.3,-49.4,23.6,46.0,-96.0,5.0,0.0,129.0,1
D007479,5.6,1387.0,1.1,21.5,0.41,-63.6,-46.8,25.9,,-97.5,3.4,0.0,126.0,0
D007480,4.7,1221.0,1.12,28.0,0.45,-65.9,-51.4,23.7,45.0,-96.5,10.8,0.0,121.0,1
D007481,6.6,1056.0,1.2,31.0,0.61,-60.2,-45.3,22.1,53.0,-92.6,19.4,0.0,,0
D007482,3.1,1347.0,1.45,26.5,0.56,-64.7,-50.4,26.5,38.0,-97.4,1.7,0.0,125.0,1
D007483,4.5,1198.0,1.02,27.5,0.5,-67.5,-50.9,24.0,41.0,-95.3,6.1,0.0,134.0,1
D007484,5.3,1065.0,1.41,36.0,0.31,-69.2,-53.5,24.8,39.0,-90.8,21.6,1.0,129.0,1
D007485,4.9,1080.0,1.1,37.5,0.44,-65.0,-50.2,,41.0,-92.4,10.0,1.0,119.0,1
D007486,4.8,1172.0,1.12,28.5,0.48,-64.4,-49.2,23.9,39.0,-96.9,10.3,0.0,134.0,1
D007487,4.7,1146.0,1.1,26.5,0.47,-64.6,-49.8,24.9,40.0,-95.5,10.0,1.0,131.0,1
D007488,4.7,1165.0,1.07,27.5,0.41,-64.4,-49.0,23.0,36.0,-94.3,11.1,1.0,133.0,0
D007489,5.6,1387.0,0.85,36.0,0.5,-67.7,-52.8,27.1,39.0,-91.6,19.4,1.0,137.0,1
D007490,4.6,1244.0,1.12,30.5,0.3,-62.2,-45.7,26.3,35.0,-98.9,17.2,1.0,130.0,0
D007491,4.7,1111.0,1.15,29.5,0.49,-62.5,-50.8,24.7,44.0,-94.9,11.5,1.0,127.0,1
D007492,4.0,1090.0,1.0,27.0,0.52,-66.3,-49.1,24.5,41.0,-94.7,4.3,0.0,131.0,1
D007493,4.6,1162.0,1.04,31.5,0.57,-64.8,-51.2,24.7,44.0,-96.0,8.3,1.0,130.0,1
D007494,4.3,1177.0,1.06,28.0,0.49,-64.8,-49.9,25.7,41.0,-95.7,10.0,0.0,134.0,1
D007495,5.5,1035.0,0.86,26.5,0.32,-66.6,-52.2,26.1,34.0,-91.7,14.2,1.0,108.0,0
D007496,4.1,1215.0,1.23,37.0,0.47,-67.3,-48.1,21.2,32.0,-97.1,10.6,0.0,137.0,1
D007497,6.7,1371.0,1.08,31.0,0.51,-66.4,-49.3,29.4,34.0,-93.1,17.2,0.0,149.0,1
D007498,5.0,1201.0,1.19,26.5,0.42,-65.1,-49.5,24.3,43.0,-96.5,13.0,0.0,129.0,1
D007499,5.0,1150.0,1.14,29.5,0.49,-64.1,-49.5,23.1,43.0,-95.9,10.8,1.0,126.0,0
D007500,6.4,1128.0,0.88,,0.31,-61.3,-46.6,23.8,58.0,-92.4,22.8,0.0,118.0,0
D007501,5.5,1389.0,1.12,37.0,0.48,-66.6,-50.7,20.9,34.0,-95.7,,1.0,102.0,1
D007502,5.2,1178.0,1.07,28.0,0.45,-65.1,-49.3,25.0,44.0,-95.2,13.3,1.0,128.0,0
D007503,4.1,1297.0,1.43,23.0,0.6,-64.8,-49.9,21.5,54.0,-90.7,23.8,0.0,112.0,0
D007504,4.4,1133.0,1.14,27.5,0.45,-64.6,-49.9,22.8,50.0,-95.9,9.4,1.0,128.0,0
D007505,4.9,1195.0,1.16,30.0,0.52,-64.5,-49.6,24.2,,-94.1,14.2,1.0,126.0,1
D007506,4.7,1251.0,0.95,39.0,0.68,-65.1,-46.8,23.0,38.0,-90.5,21.9,1.0,142.0,0
D007507,4.5,1041.0,1.21,28.5,0.57,-68.5,-45.6,22.8,46.0,-92.4,22.6,1.0,122.0,0
D007508,4.1,1219.0,1.17,28.0,0.52,-63.7,-50.7,20.8,46.0,-96.1,6.3,1.0,134.0,0
D007509,3.4,1040.0,1.48,25.5,0.4,-65.1,,21.2,37.0,-99.7,17.2,1.0,150.0,0
D007510,4.7,1234.0,1.05,30.5,0.53,-65.4,-49.3,23.6,40.0,-95.4,11.2,1.0,131.0,1
D007511,6.2,1211.0,0.99,24.5,0.58,-62.4,-48.3,28.4,55.0,-97.6,7.8,1.0,128.0,0
D007512,4.3,1193.0,1.06,33.0,0.46,-63.5,-48.5,24.1,40.0,-96.2,10.2,0.0,118.0,1
D007513,4.9,1256.0,1.15,29.5,0.49,-67.1,-49.5,24.6,42.0,-96.0,7.1,1.0,131.0,1
D007514,5.2,1234.0,1.56,31.0,0.58,-60.8,-46.1,26.0,37.0,-90.4,15.7,1.0,108.0,0
D007515,3.1,1167.0,,35.0,0.68,-61.1,-51.6,28.5,50.0,-93.9,0.1,0.0,146.0,0
D007516,5.6,1187.0,1.18,29.5,0.49,-65.4,-50.2,23.7,43.0,-96.8,6.5,0.0,122.0,1
D007517,4.7,1362.0,0.95,23.5,0.64,-64.2,-49.4,22.8,41.0,-99.6,12.4,0.0,132.0,1
D007518,5.1,1108.0,1.13,33.5,0.55,-64.5,-49.9,24.7,40.0,-95.0,,1.0,131.0,1
D007519,4.4,1178.0,0.99,30.0,0.48,-65.5,-50.2,23.2,45.0,-96.8,,1.0,124.0,1
D007520,4.8,1219.0,1.12,28.5,0.41,-63.8,-50.0,24.1,45.0,-96.5,8.9,1.0,119.0,1
D007521,4.9,1184.0,1.01,28.0,0.5,-66.7,-51.1,24.2,43.0,-95.9,9.8,1.0,135.0,1
D007522,6.2,1282.0,1.55,26.5,0.62,-63.5,-53.7,23.2,53.0,-92.2,,0.0,143.0,0
D007523,5.0,1140.0,1.07,33.5,0.52,-64.5,-48.4,24.1,46.0,-95.9,11.2,0.0,126.0,1
D007524,4.6,1198.0,1.15,30.5,0.44,-65.1,-50.1,23.3,50.0,-94.9,6.1,0.0,119.0,1
D007525,5.2,1138.0,,26.5,0.46,-63.7,-50.1,23.7,43.0,-94.7,8.4,1.0,122.0,0
D007526,4.5,1177.0,1.05,27.0,0.47,-65.2,-50.1,25.6,38.0,-94.3,10.2,0.0,123.0,1
D007527,6.1,1229.0,0.91,29.5,0.68,-68.2,-50.7,27.7,49.0,-92.5,1.7,1.0,140.0,1
D007528,6.1,1365.0,1.09,21.5,0.57,-60.9,-51.5,24.3,57.0,-99.1,0.4,0.0,133.0,1
D007529,5.1,1111.0,1.13,25.0,0.47,-66.0,-50.0,23.8,44.0,-93.2,11.0,0.0,124.0,1
D007530,5.4,1214.0,1.19,29.5,0.51,-62.2,-49.7,23.8,45.0,-96.3,7.3,1.0,134.0,1
D007531,4.4,1233.0,1.11,27.0,0.5,-64.8,-49.3,23.6,39.0,-95.2,8.4,1.0,139.0,0
D007532,4.9,1164.0,1.02,28.5,0.51,-65.2,-49.8,23.3,49.0,-96.9,10.2,1.0,125.0,0
D007533,6.3,1096.0,0.97,38.0,0.56,-69.2,-52.6,25.5,45.0,-96.6,19.9,0.0,134.0,1
D007534,4.8,1102.0,1.2,31.0,0.48,-65.7,-51.3,24.5,39.0,-95.8,10.5,0.0,130.0,1
D007535,4.9,1188.0,1.13,30.0,0.45,-64.7,-50.7,22.1,45.0,-95.8,13.2,1.0,127.0,1
D007536,4.8,1158.0,1.07,29.5,0.5,-66.6,-50.0,24.1,43.0,-96.0,7.6,1.0,133.0,1
D007537,3.2,1285.0,1.55,34.0,0.32,-64.9,-52.8,29.5,45.0,-98.4,15.5,1.0,148.0,0
D007538,5.6,1197.0,0.97,29.5,0.47,-65.9,-48.8,25.6,41.0,-96.6,6.9,0.0,135.0,1
D007539,5.5,1145.0,1.09,29.5,0.47,-64.9,-50.4,22.8,41.0,-93.8,5.4,1.0,126.0,1
D007540,5.6,1029.0,1.43,31.5,0.33,-63.2,-45.9,20.8,56.0,-96.6,12.5,1.0,104.0,0
D007541,3.9,1249.0,0.84,27.5,0.61,-64.9,-53.2,22.8,40.0,-93.4,0.6,1.0,124.0,1
D007542,4.8,1174.0,1.11,33.5,0.54,-65.6,-50.3,24.2,45.0,-95.2,8.6,1.0,127.0,1
D007543,4.7,1206.0,1.02,31.0,0.44,-67.4,-48.6,23.9,,-95.4,11.2,0.0,123.0,1
D007544,5.6,1315.0,0.98,23.5,0.52,-65.1,-47.7,27.9,,-99.6,19.5,0.0,124.0,0
D007545,4.8,1215.0,1.19,30.0,0.55,-64.7,-49.9,23.9,40.0,-95.1,9.9,1.0,136.0,1
D007546,5.4,1157.0,1.02,25.5,0.44,-65.1,-49.5,24.5,44.0,-96.5,11.5,1.0,134.0,1
D007547,4.3,1166.0,0.93,28.0,0.44,-64.3,-48.2,23.5,45.0,-94.3,10.2,0.0,130.0,1
D007548,4.7,1165.0,1.13,29.0,0.49,-65.5,-49.1,22.7,42.0,-93.5,12.0,1.0,131.0,1
D007549,4.8,1197.0,1.1,27.5,0.44,-65.8,-50.3,23.1,42.0,-96.1,6.3,0.0,129.0,1
D007550,4.9,1142.0,1.22,30.0,0.49,-66.0,-49.2,24.5,48.0,-94.9,10.9,1.0,125.0,1
D007551,6.9,1320.0,1.18,35.0,0.41,-66.1,-45.9,23.9,58.0,-94.9,12.8,1.0,137.0,1
D007552,6.9,1260.0,0.92,,0.53,-60.2,-54.6,20.8,55.0,-95.3,16.9,1.0,140.0,1
D007553,4.0,1201.0,1.28,36.5,0.53,-65.1,-46.2,25.2,42.0,-96.9,16.4,1.0,116.0,0
D007554,5.2,1193.0,1.08,26.0,0.43,-66.1,-47.9,24.9,45.0,-94.3,6.7,0.0,130.0,1
D007555,4.8,1139.0,1.07,30.0,0.49,-67.4,-50.5,24.3,43.0,-95.5,6.8,1.0,118.0,1
D007556,4.9,1192.0,0.96,27.5,0.5,-66.3,-51.3,26.1,44.0,-95.2,9.3,0.0,124.0,1
D007557,4.1,1261.0,0.92,30.5,0.46,-65.9,-45.1,27.9,49.0,-93.9,22.7,0.0,104.0,0
D007558,5.2,1188.0,1.08,,0.48,-65.2,-49.5,24.3,46.0,,8.1,1.0,127.0,1
D007559,4.2,1166.0,1.05,25.5,0.47,-66.2,-50.3,23.5,41.0,-97.6,10.3,0.0,132.0,1
D007560,4.1,1150.0,1.18,32.0,0.52,-65.5,-51.2,24.1,42.0,-93.9,10.7,1.0,136.0,1
D007561,5.2,1143.0,1.09,29.5,0.49,,-51.1,23.3,43.0,-95.3,,0.0,133.0,1
D007562,4.6,1214.0,1.09,27.0,0.54,-65.6,-49.0,22.9,46.0,-93.9,10.4,0.0,136.0,1
D007563,5.0,1152.0,1.05,28.5,0.48,-67.1,-52.8,22.5,44.0,-96.2,12.8,0.0,126.0,1
D007564,4.7,1140.0,1.2,32.5,0.5,-67.0,-49.3,23.7,46.0,-96.8,10.4,0.0,123.0,1
D007565,6.4,1244.0,1.34,32.5,0.48,-60.9,-47.3,24.6,50.0,-91.9,2.1,1.0,139.0,1
D007566,4.4,1224.0,0.82,28.0,0.66,-60.5,-46.8,24.4,39.0,-92.7,23.1,1.0,132.0,0
D007567,6.8,1186.0,1.6,28.5,0.42,-60.6,-47.5,21.3,45.0,-94.5,13.7,1.0,141.0,0
D007568,5.0,1255.0,1.1,28.0,0.54,-65.0,-50.6,24.3,42.0,-93.8,8.7,1.0,134.0,0
D007569,4.6,1160.0,1.15,31.0,0.52,-64.9,-48.9,24.2,43.0,,12.5,1.0,131.0,1
D007570,6.0,1176.0,0.85,39.5,0.36,-69.5,-48.8,23.1,53.0,-90.5,1.1,0.0,112.0,1
D007571,4.5,1122.0,1.07,32.0,0.48,-65.3,-50.7,23.7,41.0,-97.4,9.2,0.0,131.0,1
D007572,5.0,1212.0,0.99,28.5,0.36,-65.5,-47.4,24.9,39.0,-95.2,8.4,1.0,135.0,1
D007573,5.3,1136.0,1.05,28.0,0.55,-63.8,-49.9,24.0,48.0,-95.2,12.2,0.0,131.0,1
D007574,5.4,1199.0,1.08,27.0,0.43,-63.9,-48.5,24.5,48.0,-95.2,9.8,0.0,128.0,1
D007575,6.7,1282.0,1.49,36.5,0.45,,-49.7,26.8,31.0,-94.4,6.9,1.0,123.0,1
D007576,5.0,1135.0,1.03,27.0,0.55,-64.2,-48.2,24.2,37.0,-94.2,5.7,1.0,132.0,1
D007577,5.1,1156.0,1.03,30.5,0.47,-65.7,-49.1,24.1,44.0,-94.4,,1.0,124.0,1
D007578,4.2,1175.0,1.13,27.0,0.48,-65.6,-49.0,24.7,45.0,-95.6,7.4,1.0,126.0,1
D007579,4.7,1186.0,1.0,32.5,0.43,-66.8,-49.9,23.6,40.0,-94.7,7.4,0.0,126.0,1
D007580,6.8,1194.0,1.31,27.0,0.61,,-50.8,24.7,54.0,-93.3,9.3,1.0,100.0,0
D007581,5.3,1162.0,1.07,27.5,0.56,-64.1,,23.2,48.0,-96.1,8.5,0.0,123.0,1
D007582,3.1,1327.0,0.85,36.5,0.65,-62.7,-48.5,24.0,32.0,-97.0,10.0,1.0,139.0,0
D007583,4.9,1166.0,1.0,29.5,0.58,-64.9,-50.4,25.5,,-93.3,8.8,1.0,127.0,1
D007584,5.1,1149.0,1.13,29.5,0.45,-64.6,-50.1,24.2,44.0,-95.8,10.3,0.0,126.0,1
D007585,5.1,1329.0,1.46,32.5,0.48,-60.9,-52.7,25.0,40.0,-97.1,17.9,0.0,107.0,0
D007586,4.3,1187.0,0.97,27.5,0.49,-63.7,-49.8,25.2,44.0,-96.5,12.1,1.0,129.0,0
D007587,4.7,1169.0,1.11,30.0,0.45,-67.3,-50.7,24.1,47.0,-96.4,9.8,0.0,128.0,1
D007588,6.6,1174.0,0.95,29.5,0.45,-64.4,-46.9,24.5,49.0,-93.4,18.4,1.0,113.0,1
D007589,4.9,1178.0,1.5,40.0,0.66,-66.7,-54.0,25.1,46.0,-93.6,22.0,0.0,129.0,0
D007590,4.6,1162.0,1.28,23.5,0.5,-66.0,-50.6,,41.0,-94.8,7.8,1.0,134.0,1
D007591,5.5,1150.0,1.15,32.0,0.69,-67.5,-47.9,28.6,39.0,-99.8,19.0,0.0,145.0,0
D007592,5.3,1154.0,1.09,32.5,0.51,-64.5,-50.2,23.7,,-94.8,10.6,0.0,125.0,1
D007593,4.6,1156.0,1.12,29.0,0.49,-65.8,-49.3,21.9,44.0,-96.8,8.8,1.0,135.0,0
D007594,3.1,1327.0,1.17,20.5,0.54,-60.1,-48.6,21.2,59.0,-90.8,3.1,1.0,109.0,0
D007595,5.1,1131.0,1.18,29.5,0.49,-66.3,-51.3,23.8,42.0,-95.3,11.0,1.0,132.0,1
D007596,5.5,1389.0,1.11,35.0,0.41,-65.2,-54.7,23.9,45.0,-93.4,23.4,0.0,136.0,1
D007597,5.4,1277.0,0.91,31.0,0.36,-69.5,-54.7,21.4,48.0,-90.2,12.4,1.0,108.0,1
D007598,5.9,1236.0,1.36,34.0,0.39,-60.2,-49.3,29.7,54.0,-95.9,17.4,0.0,150.0,0
D007599,5.3,1253.0,1.06,31.5,0.5,-65.5,-50.4,23.9,41.0,-95.4,11.3,1.0,131.0,1
D007600,6.3,,1.48,30.5,0.41,-69.1,-54.5,28.4,43.0,-97.8,9.1,1.0,122.0,1
D007601,4.7,1177.0,1.16,26.0,0.46,-66.4,-49.3,23.8,48.0,-96.8,7.3,1.0,123.0,1
D007602,6.1,1115.0,1.11,31.5,0.44,-65.5,-51.7,23.2,40.0,-94.5,7.2,0.0,121.0,1
D007603,4.9,1231.0,1.15,29.0,0.54,-66.4,-49.8,25.1,43.0,-94.4,10.3,1.0,127.0,0
D007604,4.7,1172.0,1.07,27.0,0.51,-65.2,-50.7,22.4,45.0,-95.5,7.3,,141.0,1
D007605,3.9,1096.0,1.54,38.5,0.68,-68.4,-50.2,29.5,33.0,-90.8,20.5,1.0,143.0,0
D007606,5.0,1207.0,1.2,27.5,0.51,-67.3,-48.5,25.4,41.0,-95.4,7.5,1.0,124.0,1
D007607,5.2,1176.0,1.1,28.5,0.52,-66.7,-49.9,23.6,43.0,-95.3,9.0,0.0,133.0,1
D007608,3.0,1199.0,1.29,25.5,0.56,-68.0,-52.2,25.5,36.0,-93.0,5.5,1.0,122.0,0
D007609,4.9,1239.0,1.13,34.5,0.58,-63.9,-51.7,24.0,43.0,-95.4,5.3,1.0,123.0,1
D007610,4.6,1135.0,1.13,36.5,0.55,-64.0,-51.0,24.2,,-94.9,8.1,1.0,124.0,1
D007611,5.2,1146.0,1.12,28.0,0.42,-65.0,-49.8,24.7,42.0,-94.9,9.3,1.0,128.0,1
D007612,4.3,1320.0,1.0,25.5,0.32,-66.3,-45.0,28.9,48.0,-99.0,15.5,1.0,117.0,0
D007613,4.6,1145.0,1.19,30.0,0.46,-65.5,-49.6,24.5,49.0,-96.2,10.4,0.0,132.0,0
D007614,5.4,1143.0,1.1,32.0,0.51,-66.0,-49.6,23.5,44.0,-95.6,6.1,0.0,127.0,1
D007615,5.1,1157.0,1.13,31.0,0.45,-65.6,-49.1,23.4,39.0,-96.8,8.9,1.0,117.0,1
D007616,4.9,1201.0,1.05,29.5,0.44,-63.6,-50.2,24.2,50.0,-96.4,9.2,1.0,128.0,0
D007617,4.7,,1.36,35.5,0.32,-62.4,-45.0,24.7,38.0,,3.5,1.0,111.0,0
D007618,3.5,1079.0,1.2,34.5,0.51,-69.4,-48.9,25.7,50.0,-94.1,14.8,1.0,131.0,0
D007619,5.1,1241.0,1.24,30.0,0.53,-65.3,-51.4,25.5,41.0,-96.3,10.9,1.0,129.0,1
D007620,3.1,1103.0,0.87,39.0,0.55,-63.9,-48.9,26.1,52.0,-93.4,19.9,1.0,133.0,0
D007621,3.9,1240.0,1.15,31.0,0.51,-66.4,-50.1,24.7,45.0,,9.3,1.0,133.0,1
D007622,5.4,1089.0,1.24,21.5,0.4,-67.4,-51.4,21.3,52.0,-94.6,4.4,1.0,129.0,0
D007623,5.8,1172.0,1.09,32.0,0.48,-65.5,-49.6,24.7,41.0,-95.8,14.3,0.0,124.0,1
D007624,4.8,1182.0,0.98,27.5,0.47,-65.9,-50.0,23.2,44.0,-95.1,9.4,1.0,125.0,0
D007625,4.6,1217.0,1.21,,0.5,-65.7,-48.7,23.2,43.0,-95.5,12.5,1.0,129.0,0
D007626,5.3,1133.0,1.05,27.5,0.55,-64.9,-49.9,23.1,45.0,-94.7,10.5,1.0,127.0,1
D007627,5.0,1097.0,0.81,27.5,0.31,-61.2,-50.2,24.2,38.0,-99.5,23.9,,133.0,0
D007628,3.8,1261.0,1.38,40.0,0.33,-65.3,-48.7,24.6,,-97.2,17.7,1.0,129.0,0
D007629,4.6,1208.0,1.18,25.0,0.49,-66.2,-50.7,23.1,42.0,-95.8,12.1,1.0,123.0,1
D007630,5.1,1085.0,1.18,31.0,0.53,-67.1,-49.9,25.1,47.0,-95.5,9.3,1.0,130.0,1
D007631,3.9,1163.0,1.05,29.5,0.43,-66.7,-50.2,24.3,50.0,-95.7,8.7,0.0,125.0,1
D007632,5.6,1192.0,0.96,20.5,0.39,-68.2,-50.6,22.8,40.0,-99.9,12.8,0.0,101.0,1
D007633,4.6,1180.0,1.09,27.0,0.53,-64.5,-49.9,24.8,46.0,-95.7,5.8,0.0,130.0,1
D007634,3.9,1176.0,1.19,31.5,0.53,-65.4,-49.9,23.4,43.0,-94.3,11.8,1.0,133.0,1
D007635,5.1,1204.0,1.18,29.0,0.45,-64.2,-50.5,25.3,43.0,-94.6,12.5,1.0,129.0,1
D007636,5.5,1206.0,1.55,39.5,0.7,-67.1,-55.0,20.1,41.0,-90.2,15.9,0.0,132.0,0
D007637,4.6,1152.0,1.13,29.0,0.39,-64.8,-51.0,25.2,40.0,-96.1,11.9,0.0,136.0,1
D007638,4.0,1127.0,1.2,32.5,0.44,-63.3,-49.9,23.6,36.0,-96.5,8.3,1.0,118.0,0
D007639,4.3,1176.0,1.15,20.0,0.48,-60.6,-50.5,23.3,55.0,-96.0,2.2,0.0,104.0,0
D007640,5.5,1163.0,1.07,32.0,0.43,-65.0,-49.4,24.4,42.0,-96.2,6.1,0.0,134.0,1
D007641,5.5,1292.0,1.41,37.5,0.55,-62.3,-46.5,28.7,46.0,-95.9,15.4,0.0,121.0,0
D007642,6.0,1059.0,1.41,20.5,0.56,-62.9,-46.6,29.4,58.0,-91.6,21.3,1.0,124.0,0
D007643,5.4,1243.0,1.04,34.5,0.32,-60.4,-51.5,29.1,33.0,-92.1,8.7,1.0,121.0,0
D007644,4.2,1186.0,1.24,27.0,0.49,-66.0,-51.4,22.3,41.0,-95.6,6.0,1.0,142.0,1
D007645,6.4,1131.0,1.31,20.5,0.59,-63.4,-45.5,24.8,55.0,-97.7,17.9,0.0,141.0,0
D007646,4.8,1146.0,1.06,31.0,0.51,-65.5,-47.8,25.4,48.0,-96.3,9.1,1.0,132.0,0
D007647,4.7,1228.0,1.13,28.5,0.39,-66.9,-51.0,23.2,46.0,-95.3,3.3,0.0,134.0,1
D007648,5.3,1164.0,1.26,30.0,0.39,-64.7,-47.3,26.0,46.0,-96.0,10.2,0.0,129.0,0
D007649,4.6,1085.0,1.42,40.0,0.64,,-45.8,22.8,46.0,-92.3,12.5,1.0,136.0,0
D007650,6.8,1224.0,1.23,31.5,0.44,-60.3,-54.4,29.3,39.0,-92.4,19.1,0.0,101.0,0
D007651,5.1,1148.0,1.03,29.5,0.47,-65.4,-48.9,23.4,48.0,-95.0,9.4,0.0,136.0,1
D007652,4.4,1121.0,1.16,30.0,0.46,-66.9,-49.2,24.5,43.0,-95.1,9.5,0.0,122.0,1
D007653,5.3,1149.0,1.13,29.5,0.49,-63.7,-50.6,23.6,42.0,-94.3,9.8,1.0,130.0,1
D007654,4.1,1179.0,1.15,26.5,0.43,-65.1,-50.1,24.9,47.0,-95.1,5.9,1.0,126.0,0
D007655,3.3,1092.0,1.08,33.0,0.66,-60.7,-48.2,24.1,49.0,-93.1,9.0,1.0,123.0,0
D007656,3.2,1275.0,0.96,36.0,0.64,-61.4,-45.3,27.8,57.0,-91.2,7.4,1.0,122.0,0
D007657,3.7,1103.0,1.46,20.5,0.51,-60.4,-52.5,27.9,40.0,-91.6,18.1,0.0,139.0,0
D007658,4.2,1230.0,1.08,31.5,0.42,-65.3,-50.3,24.0,43.0,-95.9,8.5,0.0,123.0,1
D007659,4.5,1181.0,1.1,27.0,0.49,-64.1,-48.8,24.5,47.0,-97.1,11.7,1.0,131.0,0
D007660,5.6,1167.0,1.57,22.5,0.58,-70.0,-47.5,27.1,35.0,-94.7,5.9,1.0,115.0,0
D007661,6.8,1358.0,1.0,23.5,0.31,-69.0,-47.1,26.1,30.0,-92.6,13.7,1.0,146.0,1
D007662,5.1,1255.0,1.04,,0.49,-65.9,-49.5,24.7,47.0,-94.9,10.0,0.0,129.0,0
D007663,4.6,1221.0,1.09,,0.49,-65.4,-50.9,24.9,39.0,-96.4,,0.0,124.0,1
D007664,5.2,1185.0,1.06,27.5,0.48,-63.8,-50.6,22.7,47.0,-94.3,12.3,0.0,130.0,0
D007665,4.8,1198.0,1.14,29.5,0.45,-66.2,-50.9,24.5,44.0,-95.5,10.2,1.0,133.0,1
D007666,5.6,1213.0,1.07,27.5,0.48,-65.6,-51.0,26.0,43.0,-93.3,10.3,1.0,115.0,1
D007667,4.2,1205.0,1.19,39.5,0.53,-61.8,,26.7,34.0,-95.5,10.6,0.0,150.0,1
D007668,4.0,,1.52,25.0,0.64,-67.6,-45.8,29.0,38.0,-98.7,22.7,0.0,101.0,0
D007669,6.8,1333.0,0.97,,0.54,-62.9,-47.6,23.7,30.0,-90.6,11.9,0.0,105.0,0
D007670,5.6,1269.0,1.11,29.0,0.48,-65.9,-49.8,23.4,42.0,-95.9,4.7,0.0,126.0,1
D007671,3.8,1212.0,0.96,25.0,0.48,-66.5,-48.1,25.7,55.0,-98.1,2.3,1.0,,1
D007672,4.5,1225.0,0.91,29.5,0.53,-65.4,-47.5,24.1,41.0,-94.2,8.0,1.0,129.0,0
D007673,5.4,1236.0,1.06,28.0,0.51,-64.1,-49.1,25.4,43.0,-98.2,9.7,0.0,135.0,1
D007674,4.4,1173.0,1.23,,0.51,-66.3,-50.4,23.9,44.0,-95.5,9.8,1.0,127.0,1
D007675,4.5,1348.0,1.44,38.5,0.47,-63.5,-53.9,20.8,31.0,-90.2,0.7,1.0,134.0,0
D007676,5.2,1172.0,1.08,26.5,0.43,-66.4,-49.8,25.4,40.0,-96.1,9.7,1.0,132.0,1
D007677,4.7,1200.0,0.96,27.0,0.47,-65.6,-51.0,24.9,47.0,-95.2,2.9,0.0,133.0,1
D007678,5.2,1216.0,1.05,27.0,0.46,-66.2,-50.2,23.2,49.0,-95.0,10.0,1.0,133.0,1
D007679,5.1,1236.0,1.24,28.5,0.45,-63.7,-48.9,24.7,47.0,-93.3,8.3,1.0,126.0,1
D007680,5.4,1372.0,0.87,30.5,0.47,-63.0,-46.6,22.5,51.0,-95.4,16.6,1.0,147.0,1
D007681,5.7,1034.0,1.58,26.5,0.51,-69.7,-52.6,24.4,49.0,-97.4,1.0,1.0,119.0,1
D007682,5.1,1127.0,1.1,28.5,0.37,-66.2,-52.3,24.0,43.0,-95.8,6.5,1.0,123.0,1
D007683,,1106.0,1.11,36.5,0.4,-64.9,-47.0,22.4,34.0,-90.6,21.5,0.0,110.0,0
D007684,4.8,1221.0,1.11,29.5,0.52,-65.2,-50.8,24.5,48.0,-97.5,7.6,0.0,130.0,1
D007685,5.1,1208.0,1.08,26.5,0.49,-64.5,-49.0,22.2,43.0,-96.7,8.0,1.0,136.0,1
D007686,5.6,1213.0,1.17,27.5,0.41,-65.4,-48.9,22.5,43.0,-96.3,9.2,0.0,134.0,1
D007687,3.9,1317.0,1.16,26.5,0.66,-60.3,-50.8,26.4,37.0,-90.2,12.5,1.0,143.0,0
D007688,,1182.0,1.21,30.5,0.49,-66.8,-49.9,22.5,43.0,-94.9,9.6,1.0,125.0,0
D007689,4.6,1088.0,1.15,29.5,0.44,-66.5,-51.5,22.0,42.0,-93.6,10.2,1.0,133.0,1
D007690,4.6,1150.0,1.11,28.5,0.45,-65.3,-48.7,24.8,,-96.1,8.9,0.0,130.0,1
D007691,4.6,1197.0,1.08,29.0,0.46,-64.7,-48.9,23.9,43.0,-96.7,7.5,0.0,125.0,1
D007692,4.5,1202.0,1.06,30.0,0.52,-66.4,-49.5,25.4,46.0,-97.1,14.1,0.0,126.0,1
D007693,4.9,1175.0,1.14,28.5,0.48,-65.0,-49.1,24.1,45.0,-96.2,7.1,0.0,128.0,1
D007694,5.6,1133.0,0.96,25.5,0.63,-61.2,-46.7,20.1,40.0,-98.0,2.9,1.0,113.0,0
D007695,4.7,1154.0,1.07,30.0,0.5,-66.3,-49.6,23.1,46.0,-94.6,8.8,0.0,123.0,1
D007696,3.8,,0.95,35.5,0.49,-62.2,-50.9,25.4,55.0,-94.0,8.0,1.0,125.0,1
D007697,4.6,1245.0,0.97,32.5,0.48,-65.6,-48.6,22.2,43.0,-93.9,11.6,1.0,124.0,1
D007698,,1198.0,1.2,29.0,0.52,-66.3,-50.5,24.6,46.0,-95.6,10.4,0.0,121.0,1
D007699,4.0,1142.0,1.1,30.0,0.46,-65.0,-50.7,22.9,43.0,-95.7,14.0,1.0,126.0,0
D007700,4.9,1197.0,1.08,30.0,0.5,-63.6,-50.2,24.7,40.0,-96.3,9.1,0.0,129.0,1
D007701,4.6,1152.0,1.03,,0.42,-64.2,-49.5,22.1,50.0,-95.3,6.6,0.0,123.0,1
D007702,5.0,1196.0,1.04,31.5,0.48,-63.9,-50.3,22.8,43.0,-96.7,9.1,1.0,134.0,1
D007703,3.9,1373.0,1.24,31.0,0.52,-61.5,-50.1,28.3,33.0,-98.0,16.9,1.0,120.0,0
D007704,4.2,1154.0,0.98,27.0,0.55,-64.8,-51.1,24.9,48.0,-95.4,8.6,1.0,138.0,1
D007705,5.6,1196.0,1.13,29.5,0.42,-63.9,-50.7,23.3,48.0,-95.9,14.2,0.0,125.0,1
D007706,5.5,1228.0,1.05,27.0,0.49,-64.9,-48.7,25.4,43.0,-95.5,,1.0,,1
D007707,4.6,1208.0,1.06,31.5,0.46,-65.6,-49.4,25.3,46.0,-95.2,11.9,1.0,129.0,1
D007708,5.5,1336.0,1.6,21.0,0.32,-64.9,-51.3,25.4,41.0,-98.6,4.6,1.0,121.0,0
D007709,5.6,1198.0,0.82,22.0,0.47,-68.0,-54.3,21.2,58.0,-99.0,14.6,0.0,117.0,1
D007710,6.3,1083.0,1.13,24.5,0.44,-67.5,-50.7,20.3,54.0,-90.1,17.6,0.0,120.0,0
D007711,4.8,1186.0,,27.5,0.43,-64.9,-50.7,23.1,40.0,-95.2,10.8,1.0,124.0,1
D007712,4.4,1169.0,1.13,30.0,0.39,-67.3,-50.2,24.2,44.0,-94.7,5.3,0.0,128.0,1
D007713,4.8,1140.0,1.12,29.5,0.46,-64.9,-50.9,,,-94.4,13.0,1.0,136.0,1
D007714,5.0,1148.0,1.11,26.0,0.45,-65.2,-49.5,23.5,45.0,-93.4,5.6,1.0,130.0,1
D007715,4.3,1186.0,1.19,32.5,0.53,-65.4,-49.4,23.0,46.0,-97.1,9.4,0.0,122.0,1
D007716,5.5,1139.0,1.06,24.5,0.54,-67.9,-45.2,26.7,58.0,-93.0,17.4,0.0,135.0,1
D007717,5.0,1217.0,1.15,30.5,,-66.9,-48.8,24.0,46.0,-95.9,9.1,0.0,129.0,1
D007718,5.9,1072.0,1.46,33.5,0.36,-67.0,-45.9,28.3,59.0,-97.3,23.3,0.0,138.0,0
D007719,5.0,1278.0,1.56,35.0,0.49,-68.9,-52.7,28.1,49.0,-90.4,16.4,1.0,148.0,1
D007720,5.2,1081.0,1.49,26.5,0.68,-63.1,-51.1,29.1,35.0,-96.5,5.9,1.0,107.0,0
D007721,4.5,1180.0,0.89,28.5,0.52,-65.1,-51.2,23.9,38.0,-93.8,8.9,0.0,130.0,1
D007722,4.8,1135.0,0.93,21.5,0.52,-69.6,-54.1,20.2,30.0,-99.3,2.0,0.0,100.0,1
D007723,4.4,1156.0,1.07,33.5,0.47,-66.5,-50.0,22.5,47.0,-94.5,9.9,1.0,123.0,1
D007724,6.2,1226.0,1.46,28.0,0.65,-66.2,-48.2,21.6,50.0,-98.1,9.1,0.0,109.0,0
D007725,6.4,1008.0,1.39,31.0,0.61,-65.5,-48.2,25.4,36.0,-91.3,19.6,1.0,,1
D007726,3.3,1172.0,1.4,25.0,0.65,-68.1,-47.2,23.1,56.0,-92.0,5.1,1.0,129.0,0
D007727,4.2,1323.0,0.84,24.0,0.67,-63.1,-45.3,22.7,44.0,-94.8,10.9,1.0,135.0,0
D007728,5.5,1229.0,,31.5,0.47,-65.3,-49.5,24.0,38.0,-92.9,12.3,1.0,127.0,1
D007729,4.3,1122.0,1.05,30.5,0.51,-64.7,-49.2,24.7,48.0,-95.6,8.8,1.0,128.0,0
D007730,5.0,1187.0,1.06,30.5,0.55,-65.0,-48.3,23.2,,-95.0,5.6,0.0,136.0,1
D007731,5.5,1327.0,1.01,20.0,0.66,-62.0,-47.9,20.4,47.0,-93.4,9.7,1.0,113.0,0
D007732,5.4,1317.0,0.95,33.0,0.7,-60.5,-53.8,23.1,44.0,-96.0,2.7,0.0,116.0,1
D007733,4.9,1131.0,1.03,28.0,0.5,-65.1,-50.8,26.1,44.0,-95.2,6.3,1.0,131.0,1
D007734,4.7,1255.0,1.16,32.0,0.37,-64.8,-48.6,23.7,42.0,-94.6,10.3,0.0,126.0,1
D007735,4.8,1197.0,1.09,28.0,0.57,,-50.6,22.8,44.0,-94.5,5.9,0.0,130.0,1
D007736,5.5,1156.0,1.15,28.5,0.46,-65.7,-50.7,24.0,51.0,-94.6,8.3,1.0,126.0,1
D007737,5.4,1141.0,1.28,31.5,0.51,-66.0,-48.5,24.2,45.0,-95.4,7.2,0.0,135.0,1
D007738,6.0,1137.0,1.4,32.0,0.42,-64.6,-46.5,28.0,32.0,-96.2,20.8,0.0,109.0,0
D007739,5.4,1292.0,1.47,32.0,0.62,-67.7,-47.4,22.3,59.0,-90.3,15.9,1.0,108.0,0
D007740,4.2,1311.0,1.58,25.5,0.36,-61.3,-49.5,25.0,59.0,-93.6,19.4,0.0,122.0,0
D007741,3.4,1117.0,0.84,25.0,0.7,-64.7,-49.8,27.6,48.0,-99.9,23.1,0.0,131.0,0
D007742,5.5,1211.0,0.86,26.5,0.4,-68.1,-53.8,21.9,57.0,-99.8,2.2,1.0,149.0,1
D007743,5.0,1176.0,0.96,28.5,0.48,-64.9,-50.4,24.0,37.0,-96.1,11.6,1.0,137.0,1
D007744,4.5,1252.0,1.06,29.5,0.4,-65.1,-50.0,25.0,41.0,-97.7,8.3,0.0,132.0,1
D007745,5.0,1191.0,1.06,29.5,0.5,-66.5,-48.2,24.6,43.0,-96.6,6.6,0.0,126.0,1
D007746,4.1,1172.0,1.04,28.5,0.47,-65.1,-50.1,23.7,44.0,-95.3,,1.0,128.0,1
D007747,3.6,1066.0,1.1,21.5,0.68,-64.0,-49.4,21.9,49.0,-90.6,20.2,1.0,102.0,0
D007748,3.5,1275.0,1.21,33.0,0.43,-64.6,-49.6,26.6,57.0,-97.0,4.6,1.0,145.0,0
D007749,5.7,1086.0,1.07,28.0,0.46,-63.4,-48.4,24.2,42.0,-95.4,9.7,1.0,131.0,1
D007750,5.0,1188.0,1.5,25.5,0.43,-63.6,-48.7,24.1,47.0,-99.5,18.5,,123.0,0
D007751,3.7,1321.0,1.29,39.5,0.35,-66.2,-51.9,23.8,48.0,-95.2,23.5,1.0,105.0,0
D007752,4.6,1130.0,1.22,30.5,0.48,-63.8,-49.2,22.5,40.0,-95.3,12.6,0.0,125.0,0
D007753,4.6,1197.0,1.12,31.5,0.48,-65.0,-50.5,23.8,43.0,-94.4,8.4,0.0,121.0,1
D007754,5.2,1158.0,1.11,29.5,0.5,-65.2,-49.4,25.3,44.0,-95.4,8.6,0.0,124.0,1
D007755,3.0,1177.0,1.58,35.5,0.33,-64.7,-53.2,29.4,,-99.1,8.4,1.0,104.0,0
D007756,5.4,1272.0,1.42,38.0,0.36,-62.2,-49.2,22.6,54.0,-93.5,3.6,0.0,143.0,1
D007757,5.2,1166.0,1.13,30.0,0.44,-66.8,-51.3,24.4,46.0,-94.6,11.1,0.0,126.0,1
D007758,4.8,1220.0,1.1,32.0,0.46,-67.0,-52.3,23.8,42.0,-95.3,3.5,0.0,126.0,1
D007759,5.4,1267.0,1.22,32.5,0.46,-62.1,-49.4,21.0,48.0,-90.2,1.5,1.0,132.0,0
D007760,4.2,1016.0,1.39,23.5,0.62,-65.6,-50.7,27.2,47.0,-96.4,23.9,0.0,141.0,0
D007761,5.2,1016.0,0.96,25.5,0.58,-68.5,-47.0,22.5,49.0,-97.7,,1.0,139.0,1
D007762,3.4,1255.0,0.83,29.5,0.61,-62.8,-54.3,22.6,43.0,-94.5,2.2,1.0,113.0,1
D007763,5.1,1176.0,1.1,30.5,0.43,-64.8,-49.2,24.2,42.0,-96.0,10.9,0.0,132.0,1
D007764,3.2,1193.0,1.16,21.5,0.66,-68.4,-54.2,21.4,49.0,-91.2,12.7,1.0,115.0,0
D007765,4.7,1188.0,1.07,30.5,0.49,-65.4,-49.6,23.4,42.0,-98.2,8.8,1.0,129.0,1
D007766,5.1,1238.0,1.15,25.5,0.54,-65.4,-49.4,25.5,41.0,-94.2,6.6,1.0,125.0,1
D007767,4.9,1167.0,1.01,31.5,,-65.1,-50.3,22.4,47.0,-94.0,6.2,1.0,137.0,1
D007768,5.0,1109.0,1.04,29.0,0.5,-65.5,-48.8,24.4,43.0,-95.8,,1.0,130.0,1
D007769,5.0,1152.0,1.22,30.0,0.41,-65.5,-50.1,26.0,45.0,-95.3,9.5,1.0,129.0,1
D007770,5.1,1099.0,0.89,36.5,0.56,-67.1,-46.3,22.6,56.0,-96.9,13.6,1.0,129.0,1
D007771,4.8,1206.0,1.03,28.0,0.53,-66.3,-51.0,23.3,39.0,-96.2,9.5,1.0,127.0,1
D007772,4.4,1172.0,1.39,22.5,0.68,-67.6,-46.9,28.1,35.0,-99.2,10.2,1.0,115.0,0
D007773,5.7,1100.0,1.6,36.0,,-61.7,-49.0,24.2,,-96.0,10.5,1.0,146.0,1
D007774,4.7,1216.0,1.19,30.0,0.44,-63.2,-51.9,23.1,39.0,-95.2,9.2,1.0,127.0,1
D007775,4.9,1162.0,1.01,29.5,0.48,-66.8,-51.9,24.6,45.0,-96.4,6.6,1.0,129.0,1
D007776,4.7,1140.0,1.14,33.5,0.53,-65.6,-51.4,23.2,45.0,-96.8,11.9,1.0,131.0,1
D007777,4.7,1215.0,1.17,29.5,0.47,-65.4,-50.0,24.6,44.0,-94.9,3.8,0.0,130.0,1
D007778,4.4,1051.0,1.18,33.0,0.34,-69.0,-48.0,29.5,33.0,-97.6,22.6,0.0,148.0,0
D007779,4.6,1310.0,1.27,36.5,0.68,-68.8,-47.8,25.7,46.0,-97.7,,1.0,128.0,0
D007780,4.7,1218.0,1.1,29.5,0.55,-63.7,-49.4,23.7,44.0,-95.7,8.1,1.0,128.0,1
D007781,4.5,1180.0,1.17,28.0,0.48,-65.0,-51.3,22.2,45.0,-94.5,8.4,,122.0,0
D007782,3.8,1026.0,1.27,39.0,,-60.7,-52.0,28.7,53.0,-99.1,11.8,0.0,137.0,0
D007783,4.2,1269.0,1.21,21.0,0.33,-68.4,-53.9,24.8,42.0,-98.6,10.8,0.0,145.0,1
D007784,4.2,1169.0,1.21,24.0,0.47,-64.7,-49.4,26.2,42.0,-94.7,6.8,1.0,133.0,0
D007785,5.0,1281.0,1.11,29.0,0.49,,-50.6,25.0,44.0,-95.6,5.1,0.0,138.0,1
D007786,5.0,1152.0,1.13,27.0,0.46,-66.3,-49.3,25.6,46.0,-96.4,7.8,0.0,127.0,1
D007787,5.3,1266.0,1.56,32.0,0.65,-64.6,-48.8,29.4,55.0,-94.8,17.2,0.0,110.0,0
D007788,5.0,1133.0,1.06,30.5,0.45,-64.8,-50.6,24.3,47.0,-95.3,10.1,0.0,135.0,1
D007789,,1135.0,1.07,28.5,0.49,-64.2,-50.2,24.1,44.0,-95.7,4.8,1.0,132.0,1
D007790,4.6,1152.0,1.07,28.0,0.54,-65.8,-50.9,23.2,44.0,-95.7,10.7,0.0,124.0,1
D007791,3.2,1182.0,1.2,39.0,0.43,-65.9,-49.8,28.7,46.0,-90.3,6.3,1.0,145.0,0
D007792,5.1,1245.0,1.13,32.5,0.47,-66.1,-48.1,23.5,43.0,-95.4,9.1,1.0,126.0,1
D007793,4.8,1035.0,1.25,25.0,0.55,-61.0,-54.5,24.0,41.0,-98.8,17.0,0.0,138.0,0
D007794,4.6,1114.0,1.25,34.0,0.52,-60.3,-45.2,21.8,53.0,-93.3,7.8,1.0,142.0,1
D007795,4.6,1221.0,1.16,30.0,0.49,-63.9,-49.2,24.1,42.0,-94.1,10.5,0.0,133.0,1
D007796,5.1,1173.0,1.15,32.5,0.49,-64.8,-50.2,24.9,48.0,-96.0,10.7,1.0,132.0,1
D007797,3.9,1119.0,1.13,29.5,0.47,-64.8,-49.9,23.5,47.0,-94.1,8.3,0.0,118.0,1
D007798,4.5,1291.0,1.15,27.5,0.53,-66.1,-49.7,24.4,47.0,-96.2,9.2,0.0,130.0,1
D007799,5.7,1306.0,1.4,24.0,0.32,-66.8,-49.6,20.4,31.0,-99.9,23.1,1.0,101.0,0
D007800,4.9,,1.12,29.5,0.44,-66.3,-49.8,24.7,42.0,-93.9,10.7,1.0,125.0,0
D007801,5.5,1160.0,1.09,29.0,0.5,-63.9,-48.3,22.2,45.0,-94.8,8.7,0.0,136.0,1
D007802,5.3,1131.0,1.15,29.5,0.4,-65.3,-51.0,22.1,47.0,-96.0,15.6,0.0,122.0,0
D007803,3.2,1174.0,1.02,35.5,0.5,-64.1,-45.3,20.4,36.0,-97.3,22.2,1.0,103.0,0
D007804,5.1,1339.0,0.93,36.0,0.44,-65.5,-51.6,26.8,59.0,,7.0,0.0,128.0,1
D007805,5.0,1224.0,0.93,26.0,0.46,-65.8,-50.8,22.6,42.0,-95.1,5.5,1.0,125.0,1
D007806,5.2,1225.0,,29.0,0.37,-66.2,,23.9,48.0,-95.4,3.1,0.0,128.0,1
D007807,4.5,1165.0,1.26,31.5,0.46,-66.5,-48.9,23.9,45.0,-95.6,9.6,0.0,132.0,1
D007808,4.8,1318.0,1.1,30.0,0.51,-62.7,-45.9,23.9,60.0,-92.8,10.4,1.0,142.0,0
D007809,4.5,1160.0,1.07,30.5,0.41,-64.3,-50.3,26.0,41.0,-95.2,9.5,0.0,135.0,1
D007810,4.6,1126.0,1.14,29.5,0.41,-65.0,-48.9,24.9,46.0,-95.8,9.5,1.0,137.0,1
D007811,5.2,1183.0,1.07,27.5,0.53,-65.3,-51.0,23.9,35.0,-95.9,6.4,1.0,135.0,1
D007812,4.9,1187.0,1.1,29.5,0.5,-65.7,-50.8,21.9,37.0,-95.4,5.1,0.0,129.0,1
D007813,6.4,1014.0,0.81,36.5,0.66,-61.3,-48.4,20.0,51.0,-95.1,1.8,0.0,138.0,1
D007814,4.3,1186.0,1.17,29.5,0.48,-66.1,-51.5,22.9,43.0,-96.4,8.8,1.0,120.0,1
D007815,4.7,1156.0,1.13,29.5,0.48,-67.4,-49.1,23.3,45.0,-95.6,9.6,1.0,122.0,1
D007816,3.5,1336.0,1.37,28.5,0.67,-62.1,-46.4,25.0,59.0,-99.7,20.1,1.0,117.0,0
D007817,4.5,1113.0,1.04,30.0,0.54,-64.8,-50.7,25.6,40.0,-95.5,9.1,1.0,128.0,1
D007818,5.9,1144.0,1.04,29.5,0.4,-69.7,-54.4,20.8,51.0,-96.7,18.4,1.0,125.0,1
D007819,4.1,1109.0,1.01,29.0,,-67.3,-51.4,23.9,48.0,-96.8,7.6,1.0,,1
D007820,4.2,1185.0,,26.0,0.36,-65.4,-49.3,23.1,46.0,-95.5,7.6,1.0,127.0,0
D007821,4.8,1191.0,0.97,24.5,0.48,-65.5,-50.2,24.5,47.0,-94.1,8.0,0.0,127.0,1
D007822,4.5,1209.0,1.15,30.5,0.43,-68.0,-51.5,24.1,45.0,-94.3,6.2,1.0,127.0,1
D007823,4.7,1233.0,1.07,32.0,0.54,-67.1,-51.7,23.0,44.0,-97.7,10.6,1.0,131.0,1
D007824,4.5,1175.0,1.1,26.0,0.41,-63.7,-51.9,24.3,42.0,-96.7,7.2,,122.0,1
D007825,5.1,1207.0,1.0,27.0,0.54,-64.6,-49.3,23.2,46.0,,8.1,1.0,130.0,0
D007826,4.1,1218.0,1.53,33.0,0.53,-69.1,-50.7,28.0,39.0,-97.6,7.4,0.0,146.0,1
D007827,3.7,1144.0,1.37,28.0,0.59,-69.4,-54.8,21.7,39.0,-90.6,11.7,1.0,118.0,0
D007828,5.0,1080.0,1.07,29.5,0.48,-64.4,-48.6,24.2,44.0,-94.1,8.4,0.0,133.0,0
D007829,3.5,1164.0,0.89,22.5,0.42,-62.5,-48.1,29.6,33.0,-95.0,1.2,0.0,126.0,0
D007830,5.0,1131.0,1.1,28.0,0.47,-65.3,-49.4,24.5,47.0,-96.1,8.3,1.0,133.0,0
D007831,6.2,1357.0,1.53,32.0,0.5,-65.2,-46.7,28.2,33.0,-97.2,1.1,1.0,110.0,0
D007832,5.2,1198.0,1.58,24.0,0.68,-67.1,-49.9,22.4,55.0,-93.1,16.5,1.0,119.0,0
D007833,6.6,1395.0,0.97,31.5,0.44,-62.7,-47.8,29.5,47.0,-94.9,17.9,0.0,120.0,0
D007834,4.4,1215.0,1.11,31.5,0.47,-65.6,-51.1,26.3,51.0,-96.6,10.8,0.0,128.0,1
D007835,5.0,1161.0,1.29,31.0,0.52,-66.4,-49.4,24.5,47.0,-96.1,9.0,0.0,121.0,1
D007836,,1175.0,1.06,32.0,0.52,-67.7,-49.9,23.3,48.0,-94.9,9.5,1.0,139.0,1
D007837,3.6,1224.0,0.92,23.5,0.41,-64.7,-48.2,22.1,40.0,-95.5,21.5,1.0,130.0,0
D007838,4.5,1194.0,1.03,31.0,0.46,-65.0,-50.9,27.1,43.0,-97.0,10.5,1.0,135.0,0
D007839,5.0,1191.0,1.02,29.0,0.51,-66.9,-50.2,24.6,44.0,-96.5,7.4,1.0,129.0,1
D007840,4.7,1213.0,0.99,31.5,0.47,-66.3,-49.8,23.5,42.0,-95.9,8.5,0.0,126.0,1
D007841,,1111.0,0.86,33.0,0.49,-67.9,-47.0,25.7,32.0,-96.1,9.4,0.0,105.0,1
D007842,6.4,1165.0,1.53,28.0,0.67,-65.0,-50.7,24.6,39.0,-99.5,12.2,1.0,150.0,1
D007843,4.7,1167.0,1.11,28.0,0.45,-66.6,-50.7,24.6,41.0,-96.2,12.3,1.0,130.0,1
D007844,4.3,1174.0,,29.0,0.47,-68.0,,22.2,43.0,-93.5,9.7,0.0,121.0,1
D007845,5.3,,1.26,33.5,0.44,-64.1,-51.9,21.9,45.0,-94.3,9.3,0.0,131.0,1
D007846,7.0,1236.0,,25.5,0.36,-60.4,-51.0,24.1,51.0,-93.9,11.7,0.0,144.0,1
D007847,4.8,1122.0,1.08,23.5,0.5,-64.6,-49.8,23.9,45.0,-95.6,10.5,1.0,124.0,1
D007848,6.0,1386.0,0.93,29.5,0.65,-65.1,-51.6,20.7,60.0,-94.8,15.1,1.0,127.0,1
D007849,4.9,1175.0,1.07,29.5,0.34,-64.9,-48.5,23.0,40.0,-94.6,9.9,0.0,131.0,1
D007850,4.3,1111.0,1.11,26.5,0.41,-66.3,-49.2,24.6,42.0,-95.7,5.4,1.0,133.0,1
D007851,5.9,1172.0,1.13,30.5,0.54,-65.9,-51.2,24.1,50.0,-96.1,8.8,0.0,134.0,1
D007852,,1177.0,1.07,26.0,0.52,-65.9,-49.9,23.2,46.0,-95.0,10.4,1.0,126.0,1
D007853,4.9,1217.0,1.23,25.5,0.47,-65.5,-50.2,24.7,45.0,-95.6,4.2,1.0,127.0,1
D007854,4.6,1222.0,1.08,29.5,0.51,-66.0,-50.3,26.1,46.0,-96.6,13.2,1.0,125.0,1
D007855,4.3,1324.0,1.0,34.0,0.36,-64.6,-49.3,22.3,45.0,-96.5,12.0,1.0,111.0,0
D007856,5.8,1014.0,0.9,37.5,0.37,-64.2,-49.6,27.3,38.0,-99.8,13.6,1.0,123.0,1
D007857,3.8,1029.0,0.88,33.0,0.65,-64.2,-53.7,29.4,,-92.5,6.9,0.0,104.0,0
D007858,6.1,1207.0,1.21,30.0,0.45,-64.7,-47.9,24.3,47.0,-95.7,7.8,1.0,129.0,1
D007859,5.2,1216.0,1.01,34.5,0.5,-65.6,-51.2,25.7,45.0,-96.4,9.3,1.0,118.0,0
D007860,4.9,1089.0,1.09,27.5,0.5,-65.2,-50.6,24.0,,-95.7,10.4,0.0,129.0,1
D007861,4.7,1170.0,1.11,30.0,0.43,-64.4,-49.6,24.4,47.0,-96.8,10.0,0.0,129.0,0
D007862,4.9,1168.0,1.15,28.0,0.5,-64.0,-50.4,23.2,44.0,-94.9,6.9,0.0,126.0,1
D007863,4.8,1129.0,1.05,29.0,,-64.1,-50.8,24.7,45.0,-97.0,10.8,1.0,135.0,1
D007864,4.7,1119.0,1.1,29.0,0.41,-64.7,-49.1,24.0,38.0,-97.0,9.2,0.0,124.0,1
D007865,4.0,1242.0,1.07,28.5,0.45,-66.8,-51.3,23.6,45.0,-96.1,11.4,0.0,130.0,1
D007866,5.3,1195.0,0.83,27.0,0.38,-61.0,-54.3,26.7,58.0,-98.7,15.5,,129.0,0
D007867,4.3,1177.0,1.15,,0.52,-67.8,-50.3,23.4,44.0,-95.6,3.5,1.0,129.0,1
D007868,3.6,1070.0,1.07,31.0,0.46,-61.7,-50.9,25.5,54.0,-91.5,4.1,1.0,118.0,0
D007869,5.2,1187.0,1.08,27.0,0.49,-65.4,-49.4,25.7,43.0,-95.2,5.5,0.0,122.0,1
D007870,4.2,1211.0,1.11,31.5,0.4,-65.3,-49.6,23.2,43.0,-94.5,9.6,0.0,131.0,1
D007871,6.7,1049.0,1.01,37.5,0.38,-69.5,-54.7,22.0,50.0,-91.9,4.0,0.0,100.0,1
D007872,4.6,1172.0,1.12,31.0,0.55,-65.4,-48.4,25.3,43.0,-96.3,4.2,1.0,126.0,0
D007873,3.5,1013.0,0.8,32.5,0.3,-69.4,-53.5,25.9,53.0,-91.2,5.3,1.0,140.0,0
D007874,4.7,1148.0,1.02,28.0,0.49,-66.5,-50.6,24.0,,-95.0,9.8,1.0,129.0,1
D007875,3.3,1194.0,0.95,24.5,0.54,-65.4,-52.1,20.0,51.0,-92.6,19.6,1.0,145.0,0
D007876,5.0,1169.0,1.11,32.5,0.53,-64.9,-48.6,22.7,43.0,-95.9,6.8,1.0,129.0,1
D007877,5.0,1153.0,1.1,30.5,0.47,-65.5,-49.0,25.8,49.0,-95.6,6.8,1.0,129.0,1
D007878,4.9,1179.0,1.03,30.5,0.44,-63.0,-49.0,23.8,47.0,-95.1,8.7,1.0,122.0,0
D007879,3.7,1348.0,1.12,26.0,0.54,-67.0,-52.8,22.7,49.0,-97.4,15.8,1.0,115.0,0
D007880,6.0,1136.0,1.21,25.5,0.5,-66.2,-52.6,26.9,49.0,-96.6,,1.0,114.0,0
D007881,5.2,1251.0,1.09,28.0,0.5,-64.9,-49.1,,43.0,-95.8,11.8,1.0,130.0,1
D007882,5.2,1254.0,1.16,25.0,0.3,-65.8,-49.4,28.7,33.0,-95.5,4.9,1.0,102.0,0
D007883,5.3,1210.0,1.07,31.0,0.54,-66.6,-51.6,24.1,47.0,-93.8,8.0,0.0,125.0,1
D007884,5.0,1222.0,1.13,25.5,0.52,-67.2,-50.7,23.3,46.0,-97.1,8.3,1.0,131.0,1
D007885,3.8,1105.0,1.29,31.0,0.62,-69.8,-47.6,28.8,40.0,-94.4,17.1,1.0,118.0,0
D007886,4.3,1158.0,0.98,29.0,0.41,-66.2,-48.6,23.6,43.0,-96.1,10.3,0.0,129.0,1
D007887,4.9,1130.0,1.18,28.5,0.48,-64.0,-51.0,24.6,41.0,-95.9,9.5,0.0,121.0,1
D007888,4.9,1182.0,1.03,27.0,0.53,-66.2,-51.8,23.5,46.0,-95.6,5.0,0.0,128.0,1
D007889,4.9,1228.0,1.06,29.5,0.49,-65.4,-50.2,25.7,49.0,-96.2,9.9,0.0,129.0,1
D007890,4.6,1185.0,1.08,26.0,0.55,-65.4,-50.5,22.6,45.0,-98.5,9.3,0.0,123.0,1
D007891,4.7,1158.0,1.32,28.5,0.51,-65.9,-50.4,25.9,46.0,-95.6,10.3,1.0,137.0,1
D007892,,1215.0,1.02,27.5,0.48,-66.6,-50.9,23.4,47.0,-96.1,11.9,1.0,127.0,1
D007893,4.7,1169.0,1.0,28.0,0.48,-65.8,-50.0,22.3,42.0,-93.6,7.9,1.0,125.0,1
D007894,4.2,1182.0,1.12,30.0,0.48,-65.5,-49.4,22.6,48.0,-96.4,9.7,0.0,125.0,0
D007895,4.8,1209.0,1.01,,0.47,-65.1,-49.4,25.8,44.0,-96.9,9.0,0.0,129.0,1
D007896,5.7,1306.0,1.57,20.0,0.65,-64.0,-51.6,,32.0,-97.8,19.6,1.0,126.0,0
D007897,4.8,1213.0,1.09,31.0,0.39,-64.0,-50.7,23.3,47.0,-95.4,11.9,1.0,125.0,1
D007898,6.3,1083.0,1.26,26.5,0.35,-66.1,-45.3,23.6,35.0,-94.8,14.3,0.0,113.0,0
D007899,6.1,1383.0,1.24,24.5,0.42,-60.8,-48.6,22.2,,-91.7,8.2,1.0,128.0,1
D007900,5.1,1173.0,1.12,29.0,0.47,-67.4,-50.4,23.7,47.0,-96.0,8.3,0.0,126.0,1
D007901,4.9,1181.0,1.26,27.5,0.56,-64.2,,24.4,,-96.8,13.8,0.0,126.0,1
D007902,4.7,1238.0,1.01,29.5,0.41,-64.5,-49.9,27.1,51.0,-95.7,10.0,1.0,133.0,0
D007903,4.0,1254.0,1.1,29.0,0.42,-66.7,-51.6,25.9,42.0,-97.3,11.5,1.0,129.0,0
D007904,4.8,1161.0,1.01,27.0,0.42,-66.9,-49.9,24.5,42.0,-94.1,11.4,0.0,130.0,1
D007905,5.3,1196.0,1.11,31.0,0.53,-65.8,-50.1,23.2,43.0,-95.7,,1.0,131.0,1
D007906,5.0,1221.0,1.05,28.0,0.49,-66.0,-49.6,22.0,44.0,-95.7,10.4,1.0,135.0,1
D007907,5.2,1051.0,1.54,31.0,0.32,-68.0,-46.2,29.9,47.0,-94.0,8.4,0.0,103.0,0
D007908,5.2,1222.0,1.25,29.5,0.52,-63.6,-48.3,23.5,43.0,-94.0,8.4,0.0,121.0,1
D007909,4.6,1172.0,1.05,34.5,0.65,-64.8,-51.4,20.6,56.0,-97.9,,1.0,125.0,0
D007910,3.8,1207.0,1.16,29.0,0.4,-64.5,-49.8,23.4,44.0,-96.0,7.1,1.0,129.0,0
D007911,4.1,1136.0,1.17,32.0,0.4,-65.3,-51.0,24.4,44.0,-95.7,9.4,1.0,122.0,0
D007912,5.0,1247.0,1.03,27.5,0.47,-63.8,-48.5,24.6,46.0,-93.4,9.9,0.0,125.0,1
D007913,3.1,,,28.5,0.32,-65.9,-45.1,27.4,46.0,-97.7,3.3,0.0,137.0,0
D007914,6.6,1202.0,1.58,27.5,0.63,-64.8,-54.9,27.2,44.0,-99.7,15.3,1.0,103.0,0
D007915,4.5,1188.0,1.06,32.0,0.44,-63.9,-51.0,23.6,45.0,-96.3,12.8,0.0,125.0,1
D007916,5.3,1289.0,0.97,22.5,0.47,-64.0,-53.8,29.2,60.0,-90.0,6.9,1.0,112.0,0
D007917,5.3,1164.0,1.17,30.5,0.43,-65.3,-53.1,25.0,47.0,-94.1,11.9,0.0,125.0,1
D007918,,1282.0,1.02,37.5,0.61,-66.0,-46.5,29.4,53.0,-98.7,17.2,1.0,130.0,1
D007919,4.1,1185.0,1.17,29.5,0.42,-65.5,-50.9,23.9,47.0,-94.0,8.6,1.0,132.0,0
D007920,4.7,1212.0,1.01,32.0,0.54,-64.5,-49.0,24.5,43.0,-94.6,,0.0,130.0,1
D007921,4.6,1167.0,1.11,30.0,0.48,-65.1,-51.2,24.9,41.0,-95.6,9.5,0.0,128.0,1
D007922,4.5,1237.0,1.21,28.0,0.46,-66.9,-49.2,23.2,43.0,-95.3,7.8,1.0,134.0,0
D007923,4.6,1110.0,1.08,27.5,0.43,-68.6,-50.9,23.3,42.0,-96.2,8.7,0.0,118.0,1
D007924,5.2,1374.0,1.41,34.5,0.65,-61.2,-54.6,22.3,48.0,-97.9,23.6,1.0,127.0,0
D007925,6.8,1126.0,1.0,21.5,0.54,-67.9,-50.9,22.6,49.0,-99.3,6.8,1.0,112.0,1
D007926,5.1,1208.0,1.29,29.0,0.5,-65.0,-49.5,25.1,44.0,-95.5,5.2,0.0,124.0,0
D007927,4.8,1176.0,1.12,32.0,0.47,-65.5,-49.5,24.0,47.0,-95.0,9.3,0.0,126.0,1
D007928,7.0,1016.0,1.3,30.0,0.44,,-49.0,24.5,38.0,-91.5,5.4,1.0,128.0,1
D007929,4.1,1386.0,1.03,26.0,0.34,-68.4,-51.2,25.3,60.0,-92.2,14.3,1.0,132.0,0
D007930,4.3,1248.0,1.09,27.5,0.5,-67.0,-47.9,22.2,41.0,-95.5,10.8,1.0,118.0,0
D007931,5.3,1166.0,1.13,29.0,0.41,-65.9,-50.2,24.5,44.0,-96.3,9.5,1.0,132.0,1
D007932,4.8,1179.0,0.9,31.0,0.46,-64.2,-50.2,22.5,43.0,-97.1,9.3,1.0,121.0,1
D007933,4.9,1227.0,1.14,27.0,0.46,-65.9,-50.4,25.6,39.0,,8.0,0.0,136.0,1
D007934,4.3,1218.0,1.13,28.5,0.49,-66.5,-50.3,23.9,44.0,-95.7,8.0,1.0,126.0,1
D007935,4.5,1158.0,1.03,22.0,0.36,-65.9,-54.8,23.4,45.0,-98.7,20.2,0.0,135.0,0
D007936,5.4,1180.0,1.04,26.5,0.53,,-51.0,25.1,43.0,-96.6,10.6,0.0,128.0,0
D007937,5.2,1220.0,1.14,29.5,0.53,-65.4,-49.7,25.2,47.0,-93.9,6.0,1.0,137.0,1
D007938,5.0,1227.0,1.07,28.5,0.52,-66.0,-50.2,23.7,42.0,-96.5,8.1,1.0,127.0,1
D007939,4.4,1144.0,0.98,29.5,0.5,-66.6,-49.4,24.0,42.0,-95.4,7.2,1.0,130.0,1
D007940,6.7,1056.0,1.26,36.5,0.46,-61.4,-46.3,28.5,34.0,-90.3,23.1,1.0,144.0,0
D007941,4.3,1112.0,1.05,29.0,0.46,-64.9,-48.8,23.3,45.0,-94.1,5.6,0.0,124.0,1
D007942,4.7,1155.0,1.17,27.0,0.48,-65.0,-50.4,25.7,43.0,-94.3,9.9,1.0,122.0,0
D007943,4.7,1221.0,1.06,27.5,0.48,-63.9,-50.7,22.5,40.0,-93.8,11.6,1.0,124.0,1
D007944,3.9,1225.0,1.02,31.0,0.47,-64.5,-49.4,24.0,45.0,-95.3,,1.0,130.0,1
D007945,4.7,1173.0,1.05,26.0,0.45,-65.6,-50.6,23.1,45.0,-95.6,7.6,1.0,126.0,0
D007946,4.5,1210.0,1.1,28.0,0.48,-64.0,-49.9,23.3,46.0,-95.8,10.8,1.0,127.0,0
D007947,4.5,1129.0,1.02,30.5,0.52,-66.2,-49.3,24.5,42.0,-97.8,11.7,1.0,130.0,1
D007948,4.8,1175.0,1.04,30.0,0.49,-66.1,-50.7,24.6,39.0,-96.5,8.7,1.0,134.0,1
D007949,4.7,1195.0,1.21,28.0,0.51,-64.6,-50.5,25.8,48.0,-98.2,11.1,0.0,128.0,0
D007950,5.1,1384.0,1.34,20.0,0.63,-69.6,-45.7,27.5,39.0,-92.3,6.7,0.0,113.0,0
D007951,4.5,1168.0,1.19,28.0,0.55,-65.4,-50.2,25.1,45.0,-96.3,9.4,1.0,135.0,1
D007952,5.2,1134.0,1.12,34.0,0.44,-67.2,-48.2,24.3,43.0,-96.8,8.2,1.0,125.0,1
D007953,5.0,1260.0,1.03,21.5,0.46,-65.5,-46.2,24.2,52.0,-94.3,21.2,1.0,149.0,0
D007954,4.8,1174.0,1.42,29.0,0.6,-62.2,-46.3,25.2,44.0,-94.6,4.0,0.0,121.0,0
D007955,5.1,1098.0,0.98,27.5,0.47,-67.0,-52.4,23.0,45.0,-97.2,6.3,0.0,129.0,1
D007956,4.5,1184.0,1.19,28.5,0.5,-64.3,-49.3,23.2,45.0,-95.1,9.5,1.0,126.0,0
D007957,6.4,1260.0,0.88,40.0,0.31,-63.1,-50.2,27.2,52.0,-90.6,,0.0,115.0,1
D007958,3.0,1186.0,1.38,37.5,0.33,-69.0,-46.7,27.0,36.0,-90.0,12.6,0.0,102.0,0
D007959,6.0,1145.0,1.0,26.5,0.6,-64.6,-52.0,29.4,40.0,-97.7,4.2,1.0,135.0,0
D007960,4.1,1400.0,1.44,35.5,0.45,-66.4,-49.2,22.2,50.0,-95.0,13.4,1.0,117.0,0
D007961,3.8,1334.0,1.57,36.0,0.63,-64.6,-48.3,23.7,44.0,-99.6,9.6,1.0,103.0,0
D007962,4.4,1194.0,1.0,33.5,0.52,-65.7,-48.8,24.3,45.0,-96.3,11.2,1.0,127.0,1
D007963,5.3,1325.0,1.49,38.0,0.42,-64.2,-47.4,25.0,,-96.1,17.6,1.0,145.0,1
D007964,5.2,1310.0,1.17,25.5,0.42,-61.0,-52.9,29.1,51.0,-91.2,4.1,0.0,142.0,1
D007965,4.4,,1.31,39.5,0.43,-65.4,-47.9,26.4,58.0,-93.2,14.8,0.0,117.0,0
D007966,4.3,1183.0,1.05,27.5,0.5,-67.0,-50.0,26.3,48.0,-95.1,9.9,1.0,132.0,1
D007967,6.3,1122.0,1.32,32.0,0.46,-64.5,-49.7,20.3,34.0,-98.0,2.8,1.0,126.0,1
D007968,5.9,1187.0,1.05,30.0,0.49,-65.9,-47.6,23.6,38.0,-95.3,11.7,0.0,134.0,1
D007969,5.0,1239.0,1.16,29.0,0.44,-65.8,-50.4,24.4,46.0,-94.7,14.0,1.0,131.0,1
D007970,3.9,1166.0,0.92,22.0,0.43,-63.1,-52.5,29.4,54.0,-90.2,16.8,1.0,114.0,0
D007971,4.8,1164.0,1.24,24.0,0.49,-66.4,-49.6,23.8,47.0,-95.3,11.8,0.0,138.0,1
D007972,4.4,1218.0,1.16,30.5,0.42,-65.7,-49.5,24.6,40.0,-95.3,9.2,1.0,130.0,1
D007973,6.2,1113.0,1.35,36.0,0.69,-61.3,-47.1,20.8,59.0,-90.9,17.7,0.0,112.0,0
D007974,4.1,1244.0,1.13,27.5,0.49,-66.4,-51.2,24.9,44.0,-92.8,10.9,1.0,140.0,1
D007975,5.6,1166.0,1.09,27.0,0.47,-65.4,-49.6,26.1,47.0,-94.1,11.7,0.0,127.0,1
D007976,4.3,1078.0,1.21,28.5,0.37,-63.8,-53.2,23.2,37.0,-99.0,6.0,0.0,127.0,1
D007977,4.8,,1.03,31.0,0.56,-63.6,-50.4,24.3,45.0,-95.0,11.3,1.0,135.0,1
D007978,6.0,1043.0,1.01,20.5,0.47,-64.7,-53.4,27.3,56.0,-95.0,0.7,0.0,137.0,1
D007979,5.2,1150.0,1.07,31.0,0.42,-65.7,-49.6,23.8,39.0,-96.2,1.0,0.0,136.0,1
D007980,4.5,1339.0,1.11,27.5,0.44,-67.5,-46.1,22.3,30.0,-92.3,15.3,1.0,117.0,1
D007981,4.9,1096.0,0.96,29.5,0.49,-65.6,-50.9,24.8,44.0,-94.1,7.2,1.0,126.0,1
D007982,3.7,1394.0,0.87,20.0,0.51,-68.6,-48.7,25.3,47.0,-99.2,,0.0,105.0,1
D007983,6.8,1224.0,1.36,28.5,0.53,-60.4,-48.2,25.2,38.0,-90.3,15.7,0.0,139.0,0
D007984,4.7,1109.0,1.11,31.0,0.48,-65.9,-50.0,24.2,43.0,-96.5,5.5,1.0,,1
D007985,4.5,1159.0,1.1,28.0,0.52,-67.1,-47.7,24.9,41.0,-94.8,9.5,0.0,122.0,0
D007986,6.3,1159.0,,31.0,0.37,-68.3,-46.6,26.8,47.0,-91.5,2.9,1.0,133.0,1
D007987,6.1,1096.0,1.44,27.5,0.58,-68.6,-53.8,22.0,55.0,-90.0,8.8,0.0,118.0,1
D007988,4.6,1140.0,0.92,21.0,0.47,-65.0,-50.2,22.1,44.0,-92.4,22.0,1.0,139.0,0
D007989,5.0,1221.0,1.09,29.5,0.45,-66.6,-49.5,22.5,42.0,-96.8,4.8,1.0,131.0,1
D007990,4.6,1170.0,1.13,29.0,0.47,-65.8,-49.9,24.6,46.0,-96.2,7.5,0.0,123.0,1
D007991,4.4,1032.0,1.49,27.0,0.55,-66.9,-52.8,26.1,41.0,-93.6,18.2,1.0,122.0,0
D007992,4.7,1215.0,0.99,29.0,0.5,-65.9,-50.9,25.0,42.0,-96.4,7.5,0.0,132.0,1
D007993,4.7,1132.0,1.06,31.0,0.49,-64.6,-49.9,22.5,44.0,-94.8,9.2,0.0,133.0,1
D007994,6.7,1073.0,1.32,40.0,0.3,-69.8,-49.6,29.1,42.0,-93.2,12.1,1.0,116.0,0
D007995,4.6,1147.0,1.13,28.5,0.53,-66.3,-48.6,25.4,47.0,-96.1,8.1,1.0,129.0,1
D007996,3.2,1299.0,1.14,34.0,0.47,-63.5,-51.1,26.4,40.0,-94.7,17.1,0.0,137.0,1
D007997,4.9,1170.0,1.03,32.0,0.49,-65.9,,25.1,36.0,-95.3,7.9,1.0,133.0,1
D007998,4.4,1129.0,1.0,30.5,0.59,-64.5,-50.7,23.5,,-93.4,11.8,1.0,126.0,0
D007999,5.6,1144.0,1.23,32.0,0.49,-64.4,-51.0,24.4,44.0,-95.8,9.9,0.0,,1
