die_id,uv_time,uv_intensity,pin_speed,pin_pressure,pin_height,head_vacuum,pin_vacuum,temperature,humidity,vacuum_status,runtime_hours,tape_type,die_thickness,pickup_success
D000000,4.8,1206.0,1.02,26.0,0.54,-64.1,-49.3,22.9,46.0,-95.8,14.2,1.0,125.0,1
D000001,5.2,1148.0,1.09,28.5,0.49,,-50.6,25.0,45.0,-95.8,11.3,1.0,129.0,1
D000002,5.6,1094.0,1.45,39.0,0.7,-61.0,-50.8,28.2,32.0,-92.2,18.9,1.0,103.0,0
D000003,4.8,1211.0,,29.5,0.41,-64.7,-49.4,22.6,45.0,-96.6,12.3,0.0,131.0,1
D000004,4.8,1252.0,1.02,27.5,,-64.5,-49.4,24.0,47.0,-96.4,7.4,1.0,140.0,1
D000005,5.4,1155.0,1.27,26.5,0.5,-64.0,-51.1,25.6,45.0,-96.3,8.0,0.0,122.0,1
D000006,3.8,1357.0,1.3,32.0,0.41,-60.2,-52.9,27.6,56.0,-91.6,15.7,0.0,111.0,0
D000007,5.1,1259.0,1.1,27.5,0.52,-64.9,-50.3,24.3,42.0,-94.5,14.1,1.0,129.0,1
D000008,4.7,1189.0,1.08,26.5,0.47,-65.6,-51.1,25.0,42.0,-96.1,10.0,1.0,132.0,1
D000009,3.2,1359.0,0.93,36.5,0.45,-62.4,-46.8,26.2,57.0,-96.3,2.1,1.0,108.0,0
D000010,6.5,1319.0,1.43,23.0,0.37,-60.3,-52.3,25.0,50.0,-96.6,23.6,1.0,121.0,0
D000011,4.2,1364.0,1.41,23.5,0.68,-62.5,-49.0,22.6,57.0,-97.2,1.8,1.0,138.0,0
D000012,5.0,1180.0,1.04,29.0,0.44,-66.5,-49.9,23.6,,-96.3,5.9,0.0,129.0,1
D000013,4.8,1199.0,1.11,32.0,0.46,-66.0,-48.9,25.8,44.0,-95.4,6.6,0.0,133.0,1
D000014,4.5,1204.0,1.11,28.0,0.52,-66.2,-49.4,23.3,44.0,-94.1,10.1,0.0,132.0,0
D000015,3.7,1283.0,1.13,35.0,0.68,-60.8,-51.9,22.9,34.0,-98.5,4.2,1.0,130.0,1
D000016,5.1,1180.0,1.03,31.0,0.44,-65.3,-48.8,26.0,46.0,-95.0,6.7,0.0,124.0,1
D000017,4.4,1229.0,1.05,28.5,0.45,-63.7,-49.3,22.2,45.0,-96.0,11.6,1.0,128.0,1
D000018,5.1,1216.0,1.19,31.5,0.48,-64.0,-50.5,24.0,44.0,-96.0,7.3,0.0,127.0,1
D000019,4.5,1174.0,1.11,30.5,0.48,-65.6,-50.8,24.6,49.0,-96.4,9.1,0.0,130.0,1
D000020,4.8,1209.0,1.09,30.0,0.48,-67.7,-50.4,23.2,48.0,-96.5,10.7,0.0,134.0,1
D000021,5.6,1107.0,1.08,37.0,0.62,-65.5,-48.5,24.1,53.0,-92.3,12.1,1.0,106.0,0
D000022,5.4,1020.0,0.81,38.5,0.48,-65.0,-53.5,23.5,47.0,-91.0,14.7,1.0,121.0,1
D000023,5.0,1238.0,1.04,30.5,0.49,-66.7,-48.7,24.7,45.0,-96.4,11.5,1.0,132.0,1
D000024,4.6,1203.0,1.17,30.5,0.51,-66.0,-51.0,21.8,46.0,-96.4,9.0,1.0,120.0,1
D000025,7.0,1260.0,1.49,23.0,0.52,-61.0,-45.8,24.4,57.0,-93.0,4.2,1.0,104.0,0
D000026,5.2,1053.0,1.11,27.0,0.46,-65.0,-51.0,24.9,47.0,-95.6,7.7,0.0,120.0,1
D000027,6.5,1069.0,0.94,34.0,0.62,-64.6,-51.4,27.7,34.0,-92.9,17.7,1.0,104.0,1
D000028,5.0,1215.0,1.05,30.0,,-66.0,-48.7,23.9,46.0,-97.5,8.0,,120.0,0
D000029,4.4,1242.0,1.09,32.0,0.41,-64.5,-50.2,24.6,42.0,-96.0,12.0,1.0,129.0,0
D000030,5.3,1123.0,1.01,29.0,0.47,-66.3,-49.0,24.3,47.0,-96.4,10.3,0.0,130.0,1
D000031,5.1,1215.0,,28.0,0.5,-66.0,-49.2,24.2,45.0,-94.3,6.0,1.0,135.0,1
D000032,4.5,1032.0,1.2,35.5,0.51,-61.1,-52.7,26.8,57.0,-97.4,6.5,0.0,123.0,1
D000033,4.9,1166.0,1.1,21.5,0.5,-66.0,-50.5,22.2,50.0,-95.4,7.5,1.0,129.0,1
D000034,6.6,1362.0,1.46,37.0,0.35,-66.4,-48.1,21.0,44.0,-95.6,15.8,0.0,114.0,1
D000035,4.3,1026.0,1.5,30.0,0.49,-67.5,-49.9,23.0,52.0,-96.3,13.5,1.0,106.0,0
D000036,4.9,1102.0,1.14,31.5,0.47,-64.2,-49.5,24.0,49.0,-94.6,6.3,1.0,128.0,1
D000037,3.6,1223.0,1.09,29.0,0.5,-64.9,-51.4,24.4,42.0,-95.6,11.3,1.0,128.0,0
D000038,3.5,1130.0,0.85,36.0,0.65,-68.0,-46.1,20.8,39.0,,9.8,1.0,142.0,0
D000039,4.9,1259.0,1.05,30.5,0.51,-66.2,-49.1,23.6,46.0,-95.9,7.1,1.0,124.0,1
D000040,4.7,1172.0,1.15,29.5,0.48,-66.2,-51.2,24.4,48.0,-94.6,5.7,1.0,125.0,1
D000041,4.8,1177.0,,28.0,0.47,-62.6,-52.2,22.1,50.0,-95.4,6.6,0.0,123.0,1
D000042,4.6,1137.0,1.16,31.0,0.45,-65.2,-50.3,24.0,41.0,-95.8,10.3,1.0,127.0,0
D000043,5.1,1172.0,1.05,28.0,0.48,-66.3,-48.7,23.2,42.0,-97.1,10.0,1.0,128.0,1
D000044,5.1,1139.0,1.1,27.5,0.46,-66.5,-49.9,24.7,47.0,-97.3,5.7,1.0,127.0,0
D000045,5.3,1238.0,1.05,25.0,0.46,-65.2,-51.4,26.1,44.0,-95.9,10.3,1.0,137.0,1
D000046,4.4,1207.0,1.19,33.5,0.44,-66.8,-49.3,24.7,41.0,-97.7,7.9,0.0,130.0,1
D000047,4.9,1172.0,1.04,31.0,0.43,-67.4,-49.1,23.1,,-96.1,10.2,0.0,134.0,1
D000048,4.3,1394.0,1.57,33.0,0.31,-63.4,-53.3,23.9,43.0,-93.5,7.0,0.0,114.0,0
D000049,5.3,1108.0,1.18,28.0,0.54,-61.7,-49.1,29.4,51.0,-95.9,15.6,1.0,122.0,0
D000050,5.1,1163.0,1.17,29.0,0.53,-65.6,-51.1,26.5,42.0,-95.9,9.9,0.0,135.0,1
D000051,3.3,1098.0,1.29,26.0,0.4,-60.7,-52.5,26.3,43.0,-92.9,10.8,1.0,140.0,0
D000052,6.7,1120.0,1.31,36.0,0.68,-63.2,-47.9,20.0,41.0,-97.0,7.4,1.0,138.0,1
D000053,5.2,1203.0,1.03,31.5,0.46,-66.9,-49.4,23.9,40.0,-95.1,3.7,1.0,127.0,1
D000054,4.6,1157.0,1.09,30.5,0.49,-65.1,-50.6,24.7,46.0,-94.5,8.9,0.0,132.0,1
D000055,5.1,1185.0,1.3,30.0,0.61,-61.2,-48.8,26.7,33.0,-96.6,17.0,1.0,133.0,0
D000056,5.4,1247.0,1.23,29.0,0.55,-63.6,-50.4,24.6,41.0,-94.4,5.4,1.0,125.0,1
D000057,6.9,1042.0,0.87,24.0,0.6,-66.6,-47.4,21.2,48.0,,4.7,0.0,102.0,1
D000058,5.4,1168.0,1.18,30.0,0.53,-65.4,-49.9,22.7,44.0,-96.5,,1.0,127.0,1
D000059,4.5,1214.0,1.01,32.0,0.49,-64.7,-50.9,23.7,44.0,-94.6,7.3,0.0,124.0,1
D000060,5.1,1145.0,0.99,28.0,0.45,-64.4,-49.3,23.4,47.0,-94.9,8.6,1.0,134.0,1
D000061,4.4,1136.0,1.0,25.0,0.6,-64.5,-50.4,27.3,50.0,-94.6,2.0,0.0,116.0,1
D000062,5.4,1184.0,1.09,26.5,0.51,-63.6,-45.9,27.6,45.0,-90.6,23.6,1.0,105.0,0
D000063,4.1,1161.0,1.11,26.5,0.5,-65.7,-49.8,24.4,42.0,-94.9,10.8,0.0,126.0,1
D000064,4.5,1050.0,1.53,24.0,0.33,-61.7,-51.5,20.2,55.0,-97.3,8.3,1.0,147.0,0
D000065,4.6,1152.0,1.13,30.0,0.52,-65.9,-51.6,23.8,42.0,-94.9,5.6,1.0,127.0,1
D000066,4.9,1209.0,1.16,27.5,0.5,-65.6,-52.0,23.8,46.0,-96.0,11.2,0.0,131.0,1
D000067,4.4,1200.0,1.08,26.5,0.4,-66.0,-50.4,25.3,42.0,-95.8,8.8,1.0,125.0,0
D000068,5.1,1172.0,,28.0,0.45,-65.1,-49.1,24.3,45.0,-95.7,6.2,0.0,136.0,1
D000069,5.0,1132.0,1.02,26.0,0.45,-65.0,,24.8,44.0,-94.9,9.7,1.0,125.0,1
D000070,4.6,1230.0,1.02,23.5,0.38,-64.3,-50.5,23.8,42.0,-93.8,5.8,0.0,122.0,1
D000071,4.9,1349.0,1.57,28.5,0.48,-61.6,-50.5,29.8,35.0,-94.8,19.8,1.0,140.0,0
D000072,4.5,1167.0,1.04,32.5,,-68.4,-50.8,24.7,42.0,-94.8,9.0,1.0,131.0,1
D000073,5.6,1235.0,1.34,27.0,0.54,-64.3,-46.8,28.8,48.0,-90.6,7.1,1.0,125.0,0
D000074,4.9,1162.0,1.19,30.5,0.5,-65.3,-51.2,24.4,44.0,-96.7,10.1,0.0,126.0,1
D000075,3.1,1206.0,0.97,30.5,0.34,-67.2,-45.8,21.1,45.0,-91.7,20.7,0.0,141.0,0
D000076,4.5,1140.0,1.05,28.0,0.53,-65.5,-49.0,26.0,41.0,-96.6,14.5,1.0,123.0,0
D000077,4.7,1090.0,1.11,28.5,0.46,-65.5,-48.5,24.6,50.0,-95.2,7.8,1.0,127.0,0
D000078,4.8,1239.0,1.04,29.5,0.54,-67.0,-52.4,24.9,43.0,-97.7,10.5,1.0,131.0,1
D000079,5.4,1184.0,1.13,26.5,0.5,-65.9,-50.5,23.8,43.0,-94.7,12.5,0.0,130.0,1
D000080,3.8,1125.0,0.92,39.0,0.64,-60.6,-50.1,28.5,40.0,-96.5,14.6,0.0,133.0,0
D000081,5.9,1336.0,1.56,31.5,0.52,-69.3,-53.0,26.2,31.0,-98.2,15.3,1.0,103.0,1
D000082,4.5,1096.0,1.15,25.5,0.52,-64.0,-51.8,23.5,41.0,-96.6,11.5,1.0,128.0,1
D000083,5.8,1158.0,1.12,32.0,0.5,-63.8,-49.0,24.7,44.0,-96.4,5.8,0.0,126.0,1
D000084,4.7,1196.0,0.92,28.5,0.5,-65.8,-49.6,23.7,43.0,-96.3,6.0,1.0,128.0,1
D000085,4.7,1234.0,1.16,32.0,0.45,-66.5,-50.7,24.4,45.0,,6.8,1.0,125.0,1
D000086,4.7,,0.95,28.0,0.52,-65.3,-50.9,23.8,36.0,-96.1,10.6,1.0,121.0,1
D000087,4.3,1117.0,1.16,31.0,0.52,-65.0,-48.4,24.1,47.0,-95.7,11.8,0.0,124.0,1
D000088,3.7,1021.0,1.07,36.5,0.52,-61.2,-45.6,21.3,32.0,-98.4,9.8,1.0,137.0,1
D000089,5.5,1146.0,1.08,29.5,0.46,-65.2,-49.4,22.3,41.0,-94.8,7.8,1.0,127.0,1
D000090,4.1,1184.0,1.12,31.0,0.51,-66.8,-52.0,24.0,47.0,-95.9,10.0,,132.0,1
D000091,5.0,1132.0,0.9,26.5,0.5,-65.7,-48.7,24.7,44.0,-93.3,15.3,0.0,119.0,0
D000092,4.6,1171.0,0.97,35.5,0.56,-63.3,-49.6,24.9,47.0,-94.1,8.0,1.0,135.0,1
D000093,4.6,1055.0,1.24,21.0,0.34,-61.3,-54.0,23.3,35.0,-96.3,18.5,1.0,118.0,0
D000094,4.8,1182.0,0.99,31.5,0.48,-67.3,-51.6,23.0,42.0,-94.6,9.5,1.0,123.0,1
D000095,5.0,1309.0,1.48,37.0,0.54,-64.4,-46.5,20.4,40.0,-94.5,20.3,1.0,,0
D000096,5.1,1174.0,1.07,26.5,0.42,-66.7,-49.5,24.6,50.0,-94.6,12.0,1.0,132.0,1
D000097,3.3,1182.0,0.89,39.5,0.46,-63.4,-52.1,27.0,44.0,-99.7,4.1,1.0,127.0,1
D000098,5.3,1133.0,1.07,26.5,0.47,-60.9,-53.1,21.6,45.0,-90.6,4.2,1.0,146.0,0
D000099,4.4,1150.0,1.13,28.0,0.46,-67.0,-50.5,24.0,43.0,-94.4,9.5,0.0,,1
D000100,4.4,1164.0,1.11,28.0,0.46,-67.0,-49.7,24.9,43.0,-96.3,10.2,1.0,129.0,1
D000101,5.6,1154.0,1.15,29.5,0.49,-66.8,-51.1,23.5,46.0,-96.1,,1.0,124.0,1
D000102,6.7,1342.0,,31.0,0.69,-65.0,-51.6,21.9,48.0,-97.7,16.9,0.0,121.0,1
D000103,4.4,1146.0,1.15,29.0,,-63.6,-50.0,23.1,49.0,-96.5,9.0,1.0,130.0,1
D000104,4.5,1255.0,0.97,27.0,0.52,-65.4,-49.9,23.4,49.0,-95.3,14.3,1.0,122.0,0
D000105,4.1,1142.0,1.11,31.0,0.53,-66.1,-49.4,24.0,45.0,-95.1,4.8,0.0,136.0,1
D000106,4.9,1154.0,1.03,30.5,0.51,-64.9,-48.9,24.9,44.0,-94.2,11.1,0.0,132.0,1
D000107,4.9,1179.0,1.08,28.5,0.53,-65.8,-49.9,24.4,48.0,-95.6,7.5,0.0,121.0,1
D000108,5.0,1232.0,1.09,29.5,0.41,-64.7,-49.5,24.3,44.0,-95.2,,0.0,125.0,0
D000109,4.9,1154.0,1.11,29.5,0.5,-63.3,-49.5,25.2,47.0,-96.0,,1.0,130.0,1
D000110,6.8,1218.0,1.18,25.5,0.56,-63.5,-51.4,29.1,36.0,-95.2,20.9,0.0,135.0,0
D000111,5.2,1141.0,1.2,23.5,0.49,-65.0,-50.8,25.5,43.0,-95.7,10.3,1.0,132.0,1
D000112,3.3,1193.0,1.13,30.5,0.56,-65.5,-46.7,23.0,41.0,-98.9,4.2,0.0,119.0,1
D000113,4.7,1231.0,1.08,27.5,0.55,-65.9,-50.7,23.2,46.0,-97.3,10.6,0.0,125.0,1
D000114,,1131.0,1.13,28.5,0.49,-66.8,-50.8,24.1,43.0,-94.9,7.7,1.0,134.0,1
D000115,5.1,1172.0,1.01,27.5,0.48,-66.2,-50.4,22.9,43.0,-94.4,7.0,,126.0,1
D000116,4.6,1270.0,0.92,34.0,0.52,-67.3,-54.8,23.6,32.0,-94.4,,1.0,141.0,1
D000117,4.7,1206.0,1.08,28.5,0.47,-65.4,-48.4,22.2,45.0,-96.7,8.3,0.0,125.0,1
D000118,6.8,1006.0,1.28,34.0,0.52,-61.7,-54.0,22.9,49.0,-96.4,11.3,1.0,101.0,1
D000119,4.8,1238.0,1.14,23.0,0.45,-66.2,-49.6,24.1,47.0,-94.4,3.5,1.0,,1
D000120,4.6,1250.0,1.15,30.5,0.49,-65.5,-48.3,23.9,45.0,-95.5,13.1,0.0,130.0,1
D000121,5.2,1240.0,1.2,30.5,0.5,-66.2,-51.9,24.1,44.0,-96.7,9.2,0.0,,1
D000122,3.7,1383.0,1.5,21.5,0.44,-62.9,-47.7,24.2,,-91.8,3.2,0.0,116.0,0
D000123,5.2,1020.0,1.12,24.5,0.55,-65.9,-50.1,21.7,35.0,-96.6,19.6,0.0,126.0,1
D000124,5.1,1228.0,1.07,25.5,0.46,-65.6,-50.5,25.0,39.0,-94.7,12.6,0.0,127.0,1
D000125,4.9,1220.0,,29.5,0.57,-65.2,-48.8,22.7,40.0,-97.0,10.1,0.0,140.0,1
D000126,3.2,1337.0,1.04,32.5,0.61,-60.4,-50.4,29.1,34.0,-95.6,1.7,1.0,113.0,0
D000127,4.3,1184.0,1.13,29.0,0.51,-65.7,-49.6,23.2,37.0,-95.5,8.8,1.0,128.0,1
D000128,4.8,1136.0,1.12,32.0,0.48,-64.7,-50.7,25.3,43.0,-95.7,9.0,1.0,136.0,1
D000129,4.7,1352.0,0.87,37.0,0.61,-65.7,-50.2,29.6,44.0,-95.2,9.5,0.0,,0
D000130,4.8,1210.0,1.04,26.5,0.47,-65.8,-50.3,24.0,44.0,-95.3,9.1,1.0,130.0,1
D000131,4.3,1146.0,1.12,31.0,0.42,-67.1,-50.9,23.7,44.0,-95.0,10.4,0.0,126.0,1
D000132,5.9,1086.0,0.86,28.5,0.42,-60.8,-54.7,29.2,39.0,-97.3,18.1,0.0,138.0,1
D000133,4.9,1216.0,1.09,26.0,0.44,-65.9,-47.9,24.0,43.0,-95.0,9.3,0.0,129.0,1
D000134,3.3,1164.0,0.85,33.0,0.58,-61.1,-48.7,25.8,34.0,-94.1,8.9,1.0,146.0,0
D000135,4.2,1131.0,1.02,28.0,0.52,-66.6,-49.5,22.5,46.0,-96.3,7.4,1.0,134.0,1
D000136,4.3,1216.0,1.24,30.0,0.58,-68.8,,27.9,49.0,-99.3,15.5,0.0,108.0,1
D000137,4.8,1159.0,1.03,31.0,0.43,-64.5,-50.1,24.3,44.0,-95.5,10.9,0.0,129.0,1
D000138,4.0,1069.0,1.45,37.0,0.31,-62.1,-47.3,24.3,60.0,-99.3,,1.0,147.0,0
D000139,5.6,1120.0,1.1,30.5,0.48,-66.8,-50.7,24.4,49.0,-94.7,8.2,1.0,124.0,1
D000140,4.9,1200.0,1.21,30.0,0.45,-67.0,-50.6,24.9,42.0,-96.1,12.5,0.0,128.0,1
D000141,5.0,1302.0,0.98,29.0,0.36,-60.1,-45.5,23.4,41.0,-91.3,14.9,1.0,120.0,0
D000142,5.2,1203.0,1.0,29.5,0.44,-64.2,-50.6,24.4,43.0,-94.7,12.7,1.0,132.0,1
D000143,4.6,1203.0,1.14,26.5,0.48,-64.8,-49.1,,48.0,-94.1,12.3,0.0,125.0,0
D000144,4.5,1178.0,1.13,31.0,0.43,-65.6,-51.0,24.2,51.0,-93.8,5.3,1.0,137.0,1
D000145,5.2,1218.0,1.07,26.0,0.45,-66.0,-50.6,25.6,49.0,-95.4,6.1,1.0,132.0,1
D000146,3.5,1044.0,1.27,26.0,0.69,-65.8,-53.4,26.6,57.0,-91.0,20.7,1.0,124.0,0
D000147,4.3,1137.0,1.08,28.5,0.51,-65.4,-51.3,23.0,42.0,-96.1,5.5,1.0,129.0,1
D000148,4.3,1171.0,1.07,28.0,0.57,-65.1,-49.8,23.6,41.0,-95.3,10.9,1.0,124.0,1
D000149,5.0,1362.0,0.87,25.5,0.69,-60.4,-51.6,26.3,52.0,-95.0,19.4,0.0,145.0,0
D000150,5.4,1148.0,1.03,27.0,0.64,-66.1,-48.8,28.2,46.0,-91.3,1.5,0.0,139.0,0
D000151,5.3,1260.0,1.18,30.5,0.45,-65.4,-51.5,24.1,44.0,-95.1,10.2,1.0,127.0,1
D000152,3.9,1203.0,1.13,30.0,0.42,-65.4,-48.6,24.9,39.0,-94.6,9.9,0.0,122.0,0
D000153,,1226.0,0.97,28.5,0.51,-65.2,-49.1,23.1,44.0,-94.8,12.5,1.0,124.0,1
D000154,4.5,1074.0,1.03,28.0,0.51,-66.8,-49.2,23.7,44.0,-95.4,12.0,1.0,131.0,1
D000155,3.1,1090.0,1.27,37.5,0.68,-67.8,-47.8,27.0,52.0,-96.6,2.9,0.0,150.0,0
D000156,3.1,1257.0,1.24,27.5,0.66,-68.0,-45.7,21.0,51.0,-92.0,23.3,,127.0,0
D000157,7.0,1282.0,1.28,29.5,0.66,-64.3,-52.4,21.7,35.0,-90.7,3.4,0.0,119.0,0
D000158,6.9,1015.0,1.12,23.0,0.51,-60.3,-47.1,21.3,38.0,-93.2,20.5,0.0,126.0,0
D000159,4.8,1123.0,1.13,26.0,0.55,-64.1,,24.3,46.0,-97.0,10.8,0.0,130.0,0
D000160,6.9,1278.0,0.81,25.0,0.46,-63.8,-46.7,29.5,56.0,-92.9,20.2,0.0,130.0,0
D000161,6.4,1310.0,1.03,39.0,0.64,-65.1,-52.4,26.2,60.0,-99.5,18.0,1.0,141.0,1
D000162,4.6,1176.0,1.09,26.5,0.45,-66.5,-49.4,23.4,46.0,-96.0,10.7,0.0,119.0,1
D000163,4.7,1242.0,1.13,30.5,0.5,-65.2,-50.2,24.3,47.0,-95.0,14.9,0.0,119.0,1
D000164,4.9,1116.0,1.29,25.0,0.47,-69.3,-47.2,26.7,53.0,-93.9,7.4,1.0,110.0,0
D000165,4.8,1166.0,1.3,31.5,0.38,-65.2,-51.4,23.9,43.0,,13.8,1.0,135.0,1
D000166,4.5,1169.0,1.06,27.5,0.5,-64.9,-49.7,22.2,45.0,-96.2,8.7,0.0,125.0,1
D000167,4.7,1171.0,1.12,30.5,0.48,-65.1,-50.8,25.0,47.0,-95.9,6.3,1.0,131.0,1
D000168,5.6,1078.0,1.1,29.0,0.49,-65.0,-49.8,24.7,45.0,-96.7,10.3,0.0,129.0,1
D000169,5.1,1272.0,1.1,26.5,0.44,-65.3,-51.1,24.0,45.0,-98.2,12.5,1.0,128.0,1
D000170,,1230.0,1.47,23.0,0.32,-63.1,-54.5,22.8,32.0,-96.9,18.6,1.0,145.0,0
D000171,4.5,1220.0,1.11,25.0,0.6,-66.2,-49.9,22.2,43.0,-95.1,11.1,1.0,118.0,0
D000172,5.4,1164.0,1.08,33.0,0.46,-66.5,-50.4,24.6,46.0,-95.3,9.4,0.0,127.0,1
D000173,3.2,1220.0,1.45,38.0,0.44,-68.4,-52.9,22.9,34.0,-96.8,23.2,1.0,111.0,0
D000174,4.4,1199.0,1.0,28.5,0.48,-65.7,-50.4,23.3,42.0,-95.6,6.9,1.0,131.0,1
D000175,4.8,1198.0,1.16,31.5,0.48,-64.2,-48.4,23.9,43.0,-95.4,9.3,1.0,123.0,0
D000176,4.4,1131.0,0.93,28.5,0.55,-64.2,-47.5,22.8,45.0,-96.0,6.3,1.0,131.0,0
D000177,6.4,1049.0,1.43,29.0,0.49,-67.6,-50.0,25.4,46.0,-95.0,7.1,0.0,106.0,0
D000178,4.4,1259.0,1.09,27.5,0.53,-67.3,-50.4,24.5,44.0,-94.9,9.8,1.0,129.0,1
D000179,5.3,1097.0,1.5,22.0,0.56,-61.6,-47.2,26.7,49.0,-96.0,16.4,1.0,131.0,0
D000180,4.4,1220.0,1.15,27.5,0.55,-64.6,-49.2,26.4,48.0,-95.7,11.3,1.0,131.0,0
D000181,4.3,1086.0,1.36,37.5,0.58,-61.0,-53.8,24.7,40.0,-95.8,11.7,1.0,130.0,0
D000182,4.5,1160.0,1.13,27.5,0.53,-65.2,-49.0,22.8,43.0,-95.2,8.8,1.0,119.0,1
D000183,6.9,1174.0,1.11,32.5,0.31,-61.6,-45.1,22.4,38.0,-95.1,10.1,0.0,149.0,0
D000184,4.6,1202.0,1.09,28.0,0.38,-67.1,-49.1,25.6,46.0,-93.8,11.7,1.0,136.0,1
D000185,4.7,1227.0,1.1,28.0,0.5,-64.7,-50.6,24.8,40.0,-96.4,13.0,1.0,120.0,1
D000186,4.2,1116.0,0.92,31.0,0.46,-64.9,-50.2,24.2,42.0,-94.5,9.5,1.0,131.0,1
D000187,4.9,1197.0,1.18,29.0,0.45,-66.4,-51.2,24.8,47.0,-94.8,5.9,0.0,130.0,1
D000188,5.1,1176.0,1.04,30.0,0.48,-65.3,-50.1,25.0,46.0,-96.4,8.0,1.0,128.0,1
D000189,5.7,1142.0,1.05,30.5,0.53,-65.0,-49.1,22.4,48.0,-95.1,9.3,1.0,131.0,1
D000190,5.2,1103.0,1.14,25.0,0.5,-65.5,-51.2,24.1,49.0,-94.9,9.5,1.0,134.0,1
D000191,3.5,1374.0,0.92,36.0,0.62,-64.9,-46.1,25.1,35.0,-99.0,11.8,1.0,130.0,1
D000192,4.2,1213.0,1.11,28.5,0.44,-66.3,-49.8,24.8,45.0,-95.2,10.3,1.0,125.0,0
D000193,4.9,1251.0,,35.5,0.36,-62.2,-49.9,29.1,47.0,-92.8,3.0,0.0,124.0,0
D000194,5.2,1141.0,1.01,31.5,0.52,-66.6,-51.0,22.9,47.0,-93.8,13.7,1.0,128.0,1
D000195,4.9,1250.0,1.21,28.5,0.54,-64.2,-50.3,24.5,46.0,-98.1,6.0,1.0,131.0,1
D000196,4.3,1238.0,1.43,37.0,0.56,-64.5,-45.7,24.3,49.0,-93.3,21.8,1.0,126.0,0
D000197,4.9,1205.0,1.04,27.0,0.45,,-49.8,23.8,40.0,-94.4,8.2,1.0,125.0,1
D000198,3.9,1159.0,1.31,35.0,0.49,,-50.6,21.7,41.0,-97.0,13.0,0.0,138.0,1
D000199,5.2,1231.0,1.02,25.0,0.48,-65.1,-49.5,25.5,44.0,-92.7,4.7,0.0,120.0,1
D000200,3.7,1212.0,1.33,39.0,0.43,-67.6,-49.0,25.9,54.0,-92.3,18.7,1.0,138.0,0
D000201,4.7,1188.0,1.04,31.0,0.47,-65.9,-51.1,25.2,46.0,-95.4,3.9,1.0,123.0,1
D000202,5.0,1062.0,1.56,24.5,0.42,-61.5,-54.3,21.5,42.0,-98.7,15.3,1.0,148.0,0
D000203,4.7,1091.0,0.99,31.0,0.59,-65.4,-50.3,25.1,43.0,-94.1,12.3,0.0,133.0,1
D000204,4.5,,1.15,29.5,0.48,-65.6,-51.0,25.5,40.0,-95.5,8.6,1.0,127.0,1
D000205,6.4,1144.0,0.96,39.0,0.45,-67.1,-48.1,24.4,57.0,-97.3,20.5,0.0,126.0,1
D000206,5.2,1185.0,1.12,31.0,0.48,-66.6,-49.5,24.6,46.0,-94.2,8.8,0.0,121.0,1
D000207,5.3,1173.0,1.09,30.0,0.42,-65.0,-49.2,24.3,50.0,-96.2,4.9,0.0,124.0,1
D000208,4.8,1155.0,1.16,27.0,0.5,-64.2,-50.8,23.6,46.0,-95.4,6.3,1.0,145.0,1
D000209,4.7,1155.0,1.06,30.5,0.43,-65.1,-48.5,,42.0,-96.3,11.6,1.0,135.0,1
D000210,4.9,1157.0,1.15,35.5,0.38,-68.0,-48.1,27.9,48.0,-100.0,20.5,0.0,109.0,0
D000211,5.6,1184.0,1.14,34.0,0.39,-65.0,-50.4,23.0,46.0,-96.9,9.8,1.0,126.0,1
D000212,4.9,1182.0,0.99,28.5,0.46,-64.1,-51.0,24.5,44.0,-94.6,7.1,0.0,130.0,1
D000213,4.8,1143.0,1.21,30.5,0.43,-66.0,-48.2,23.8,47.0,-96.7,5.9,0.0,122.0,1
D000214,4.3,1238.0,1.17,33.0,0.54,-65.4,-50.7,23.6,44.0,-95.8,8.8,0.0,134.0,1
D000215,3.8,1158.0,1.09,27.0,0.47,-64.8,-49.1,22.3,46.0,-95.0,11.3,0.0,125.0,0
D000216,,1181.0,1.31,29.5,0.6,-66.3,-51.5,23.5,41.0,-94.9,9.3,1.0,133.0,1
D000217,4.8,1243.0,1.16,27.5,0.43,-66.7,-48.5,23.6,47.0,-97.8,9.6,0.0,124.0,1
D000218,4.7,1122.0,1.16,31.5,0.45,-64.3,-49.2,24.3,41.0,-95.2,6.9,0.0,137.0,1
D000219,3.2,1135.0,1.36,32.0,0.48,-68.4,-53.8,30.0,31.0,-95.9,22.9,0.0,128.0,0
D000220,4.8,1151.0,0.84,35.0,0.43,-67.6,-49.6,23.0,43.0,-94.9,0.4,0.0,132.0,1
D000221,4.2,1042.0,1.41,23.5,0.52,-61.3,,22.5,44.0,-94.7,18.4,1.0,150.0,0
D000222,6.7,1344.0,1.47,27.5,0.66,-62.0,-50.5,20.0,56.0,-93.5,22.4,0.0,125.0,0
D000223,4.3,1136.0,1.15,22.5,0.46,-63.6,-49.0,22.8,47.0,-94.5,6.5,1.0,117.0,0
D000224,4.3,1180.0,1.38,23.0,0.34,-60.6,-48.8,25.4,42.0,-94.9,16.7,0.0,102.0,0
D000225,4.9,1100.0,1.12,29.5,0.56,-66.1,-50.5,23.5,46.0,-95.8,12.4,0.0,125.0,1
D000226,4.1,1326.0,1.4,37.0,0.58,-63.5,-50.1,28.4,58.0,-91.7,14.7,0.0,112.0,0
D000227,5.0,1100.0,1.06,28.0,0.49,-65.1,-50.1,23.6,45.0,-96.2,7.9,1.0,135.0,1
D000228,6.8,1020.0,0.93,36.0,0.42,-63.2,-49.6,29.0,56.0,-98.5,19.6,1.0,127.0,0
D000229,5.5,1264.0,1.17,31.5,0.53,-66.8,-49.5,24.1,44.0,-95.7,10.1,0.0,137.0,1
D000230,4.5,1265.0,1.05,29.5,0.5,-63.9,-51.3,25.0,44.0,-96.2,11.7,1.0,124.0,0
D000231,5.2,1232.0,1.24,28.0,0.5,-66.7,-48.0,24.8,41.0,-95.6,7.9,0.0,133.0,1
D000232,4.5,1207.0,1.09,32.0,0.55,-65.2,-50.3,25.5,42.0,-96.9,11.2,0.0,132.0,1
D000233,4.9,1194.0,1.12,31.5,0.46,-67.0,-48.7,24.8,44.0,-96.3,10.4,1.0,134.0,1
D000234,5.7,1215.0,1.06,29.5,0.58,-65.2,-50.4,23.7,52.0,-95.8,9.1,1.0,127.0,1
D000235,5.0,1194.0,1.15,29.5,0.45,-64.6,-48.9,22.6,44.0,-95.8,8.6,0.0,126.0,1
D000236,4.8,1248.0,1.09,29.0,,-65.2,-49.8,24.3,45.0,-96.1,,0.0,129.0,1
D000237,5.2,1143.0,1.01,31.5,0.43,-66.7,-50.4,23.6,40.0,,12.7,1.0,128.0,1
D000238,5.4,1079.0,1.1,29.0,0.61,-66.1,-52.0,21.8,47.0,-92.5,20.0,0.0,126.0,1
D000239,3.2,1376.0,1.1,21.5,0.67,-64.7,-50.2,29.1,52.0,-93.8,20.0,0.0,126.0,0
D000240,6.7,1148.0,1.23,35.5,0.32,-68.5,,28.6,40.0,-92.8,,1.0,105.0,0
D000241,3.2,1002.0,1.47,37.5,0.68,-66.8,-48.0,27.8,34.0,-97.1,8.3,1.0,121.0,0
D000242,3.5,1334.0,1.35,31.0,0.56,-63.6,-54.8,27.6,50.0,-95.9,12.9,0.0,107.0,0
D000243,4.6,1090.0,1.05,26.5,0.39,-64.6,-49.6,22.1,48.0,-95.3,7.0,1.0,130.0,0
D000244,7.0,1097.0,1.41,26.5,0.63,-65.4,-45.9,23.8,55.0,-92.8,19.8,0.0,106.0,0
D000245,4.9,1175.0,1.16,27.0,0.54,-65.0,-48.8,24.0,46.0,-97.5,,0.0,119.0,1
D000246,4.6,1158.0,1.0,29.0,0.48,-65.8,-51.1,23.6,49.0,-96.2,9.4,0.0,134.0,1
D000247,4.6,1184.0,1.11,31.0,0.44,-64.0,-49.8,24.3,44.0,-95.9,11.1,0.0,133.0,1
D000248,4.2,1184.0,1.1,26.0,0.45,-64.8,-51.8,22.9,45.0,-96.6,7.9,0.0,127.0,1
D000249,5.1,1152.0,1.11,29.0,0.5,-65.8,-50.8,24.2,44.0,-95.9,6.8,1.0,,1
D000250,4.7,1137.0,1.06,28.5,0.41,-63.8,-49.1,23.6,44.0,-95.2,7.6,1.0,127.0,1
D000251,5.2,1361.0,1.46,37.0,0.38,-65.3,-47.1,29.7,58.0,-99.0,20.5,0.0,126.0,0
D000252,4.8,1213.0,1.22,31.0,0.48,-65.5,-50.2,24.3,44.0,-95.3,,1.0,122.0,1
D000253,5.5,1175.0,1.19,26.5,0.49,-65.8,-49.4,26.1,46.0,-94.5,7.9,1.0,126.0,0
D000254,5.5,1242.0,0.98,31.0,0.44,-64.1,-49.4,25.1,43.0,-94.4,11.6,0.0,121.0,1
D000255,4.5,,1.06,28.5,0.45,-66.1,-49.0,23.7,34.0,-95.7,7.6,0.0,127.0,1
D000256,5.0,1228.0,,33.5,0.55,-67.6,-50.3,22.3,47.0,-95.5,6.3,0.0,129.0,1
D000257,5.0,1109.0,1.09,30.0,0.42,-66.3,-49.8,24.2,,-94.9,6.8,1.0,128.0,0
D000258,5.1,1118.0,1.31,24.0,0.44,-64.3,-51.6,23.0,43.0,-95.4,9.8,1.0,124.0,0
D000259,5.3,1137.0,1.2,29.5,0.39,-65.2,-51.7,24.7,42.0,-96.9,6.0,0.0,124.0,1
D000260,5.7,1029.0,1.44,23.0,0.68,-65.7,-50.0,28.7,33.0,-98.9,18.1,0.0,130.0,0
D000261,5.1,1196.0,1.05,27.0,0.5,-64.6,-49.4,24.6,42.0,-94.8,12.7,1.0,132.0,1
D000262,4.4,1397.0,1.57,36.5,0.36,-65.3,-50.3,24.8,38.0,-98.2,9.5,0.0,113.0,0
D000263,5.4,1365.0,0.91,39.0,0.48,-64.1,-51.9,,40.0,-97.4,3.5,0.0,111.0,1
D000264,4.8,,1.22,31.5,0.5,-66.3,-50.0,25.8,43.0,-94.9,6.5,0.0,126.0,1
D000265,3.2,1358.0,0.82,40.0,0.68,-64.4,-47.1,28.1,42.0,-95.8,23.1,1.0,135.0,0
D000266,3.5,1058.0,1.01,21.5,0.66,-62.4,,22.8,40.0,-92.9,9.4,0.0,118.0,0
D000267,4.7,1153.0,0.99,27.5,0.5,-66.0,-49.5,25.6,45.0,-96.1,7.4,1.0,130.0,1
D000268,4.9,1364.0,0.87,26.5,,-68.4,-45.1,24.8,33.0,-90.4,19.7,1.0,141.0,1
D000269,4.6,1185.0,0.99,32.0,0.52,-63.9,-49.1,23.7,39.0,,5.2,1.0,129.0,0
D000270,,1151.0,1.15,30.5,0.47,-65.6,-49.9,23.7,42.0,-94.6,12.9,1.0,124.0,1
D000271,4.6,1205.0,1.2,,0.44,-65.0,-50.6,24.3,42.0,-94.3,16.2,0.0,122.0,1
D000272,4.3,1131.0,1.02,35.0,0.51,-64.6,-50.0,23.9,44.0,-97.2,5.5,0.0,126.0,1
D000273,5.1,1265.0,0.95,28.0,0.48,-67.1,-48.6,24.1,49.0,-94.8,7.7,0.0,128.0,1
D000274,4.8,1240.0,1.18,27.0,0.48,-65.8,-51.0,25.2,43.0,-96.3,11.1,0.0,129.0,1
D000275,5.4,1154.0,1.16,28.0,,-64.5,-51.7,24.7,43.0,-95.5,10.3,0.0,127.0,1
D000276,4.3,1225.0,1.03,28.0,0.47,-65.1,-49.9,25.3,40.0,-96.6,11.3,1.0,128.0,0
D000277,4.9,1166.0,1.13,27.5,0.51,-64.4,-49.4,24.2,,-95.7,10.2,0.0,121.0,1
D000278,6.9,,1.46,27.0,0.52,-61.6,-48.4,27.2,44.0,-90.3,5.0,0.0,102.0,0
D000279,6.9,1173.0,1.24,34.5,0.5,-62.6,-45.5,20.2,43.0,-97.0,7.2,0.0,131.0,1
D000280,5.4,1213.0,1.06,30.0,0.46,-64.9,-49.2,24.6,42.0,-95.9,6.5,0.0,127.0,1
D000281,5.0,1172.0,,27.5,0.49,-65.5,-49.0,23.3,48.0,-95.0,9.4,0.0,124.0,1
D000282,4.0,1144.0,1.08,27.0,0.45,-65.9,-50.7,23.3,43.0,-94.4,8.0,1.0,125.0,1
D000283,4.6,1132.0,1.12,29.5,0.49,-66.8,-49.4,24.7,46.0,-97.3,9.7,0.0,130.0,1
D000284,4.7,1150.0,1.07,27.5,0.49,-65.8,-51.2,24.1,48.0,-94.9,9.7,1.0,136.0,1
D000285,4.8,1226.0,1.17,30.0,0.52,-65.5,-52.1,25.2,45.0,-94.5,6.1,0.0,125.0,1
D000286,4.2,1398.0,1.23,20.5,0.5,-64.1,-47.5,20.1,37.0,-98.5,10.5,1.0,124.0,0
D000287,3.4,1270.0,0.81,31.0,0.39,-60.7,-53.0,28.5,56.0,-92.6,21.7,0.0,133.0,0
D000288,4.7,1128.0,0.9,29.5,0.46,-67.8,-49.8,23.0,42.0,-95.7,7.3,0.0,123.0,1
D000289,4.6,1169.0,1.18,28.0,0.49,-65.8,-48.0,24.9,48.0,-94.1,8.7,0.0,124.0,0
D000290,5.5,1148.0,1.02,31.5,0.46,-66.4,-47.5,23.3,48.0,-95.6,8.8,0.0,127.0,1
D000291,5.4,1008.0,1.24,35.0,0.47,-60.1,-51.5,23.2,56.0,-99.8,7.3,1.0,110.0,1
D000292,5.4,1180.0,0.99,29.5,0.5,-65.8,-51.9,23.3,45.0,-95.3,6.7,0.0,135.0,1
D000293,4.9,,1.19,30.5,0.46,-66.9,-49.8,25.2,45.0,-95.2,13.1,1.0,126.0,1
D000294,6.5,1065.0,1.53,35.0,0.47,-67.3,-51.9,23.7,41.0,-91.0,7.7,0.0,147.0,1
D000295,5.0,1005.0,1.46,34.0,0.33,-63.3,,28.0,53.0,-91.1,18.5,0.0,125.0,0
D000296,5.0,1245.0,0.98,26.0,0.49,-65.5,-50.6,25.2,46.0,-95.2,,,131.0,1
D000297,4.0,1110.0,1.04,29.5,0.47,-65.2,-50.5,25.4,,-94.9,8.8,1.0,128.0,1
D000298,5.1,1247.0,1.13,24.0,,-64.1,-49.7,25.3,48.0,-95.4,6.2,1.0,125.0,1
D000299,5.7,1189.0,1.07,27.0,0.51,-65.9,-49.8,24.8,42.0,-96.9,5.8,0.0,130.0,1
D000300,5.3,1138.0,1.05,27.0,0.48,-64.7,-49.4,23.4,45.0,-95.9,8.0,0.0,124.0,1
D000301,4.7,1132.0,1.02,33.0,0.49,-64.2,-49.7,23.3,50.0,-96.6,8.5,1.0,137.0,1
D000302,4.4,1227.0,1.02,25.0,0.48,-65.5,-48.9,24.0,,-95.8,8.6,1.0,125.0,1
D000303,4.8,1126.0,1.12,31.0,0.51,-66.4,-50.2,24.9,45.0,-95.5,6.8,0.0,129.0,1
D000304,5.2,1152.0,1.07,31.0,0.45,-66.8,-50.4,24.1,48.0,-94.8,6.8,0.0,125.0,1
D000305,6.2,1219.0,0.82,33.5,0.3,-62.3,-52.0,21.4,47.0,-96.8,6.9,0.0,103.0,0
D000306,5.1,1178.0,1.2,29.0,0.42,,-50.2,24.1,47.0,-96.0,9.6,0.0,129.0,1
D000307,5.2,1161.0,1.28,29.5,0.48,-65.3,-47.7,24.2,44.0,-93.7,7.9,1.0,124.0,1
D000308,4.5,1179.0,1.15,30.5,0.53,-64.7,-49.7,23.6,46.0,-95.2,5.7,0.0,125.0,1
D000309,4.3,1213.0,0.9,32.5,0.53,-62.4,-45.5,24.3,42.0,-97.0,19.3,1.0,119.0,0
D000310,4.1,1145.0,0.99,33.0,0.48,-67.5,-51.1,22.5,45.0,-96.7,,0.0,125.0,1
D000311,4.2,1220.0,1.09,30.0,0.48,-65.1,-51.3,23.9,42.0,-97.0,11.0,0.0,130.0,1
D000312,5.8,1249.0,1.2,20.5,0.58,-64.8,-53.9,28.2,47.0,-94.9,19.2,1.0,101.0,0
D000313,5.0,1035.0,1.25,27.5,0.67,-67.5,-48.4,29.9,50.0,-95.2,20.1,1.0,137.0,0
D000314,4.4,1203.0,1.12,29.0,0.52,-65.8,-50.3,25.9,48.0,-96.9,12.1,0.0,133.0,1
D000315,3.2,1367.0,0.93,24.5,0.4,-62.0,-47.0,28.5,50.0,-95.0,13.3,0.0,127.0,0
D000316,4.6,1165.0,1.16,28.5,0.43,-64.3,-50.0,23.7,50.0,-96.8,6.6,0.0,139.0,1
D000317,4.4,1195.0,1.09,27.0,0.45,-67.5,-49.7,25.0,43.0,-94.5,11.7,0.0,133.0,1
D000318,4.0,1389.0,1.11,23.0,0.64,-63.9,-52.3,22.8,44.0,-93.5,10.2,1.0,105.0,0
D000319,5.1,1205.0,0.99,29.5,0.46,-66.0,-50.7,23.4,48.0,-96.8,10.9,1.0,124.0,1
D000320,5.1,1116.0,1.06,28.0,0.49,-64.0,-50.1,23.9,47.0,-94.5,10.4,0.0,133.0,1
D000321,4.4,1161.0,1.29,30.0,0.53,-64.9,-50.1,25.4,47.0,-94.3,7.5,1.0,127.0,0
D000322,4.7,1120.0,1.14,28.0,0.44,-64.0,-50.1,23.0,43.0,-94.9,8.4,0.0,129.0,0
D000323,4.9,1201.0,1.12,26.5,,-64.8,-49.0,23.8,41.0,-95.9,9.5,,132.0,0
D000324,5.0,1183.0,1.41,27.0,0.4,-62.8,-48.9,28.1,55.0,-97.3,2.1,0.0,130.0,0
D000325,4.8,1227.0,1.04,28.0,0.53,-64.4,-49.5,25.1,43.0,-95.1,8.7,0.0,131.0,1
D000326,5.0,1175.0,1.19,31.0,0.48,-66.0,-49.2,24.6,42.0,-97.1,5.5,0.0,121.0,1
D000327,5.3,1146.0,1.05,35.0,0.32,-62.1,-51.4,22.6,44.0,-97.7,5.9,1.0,102.0,0
D000328,5.5,1144.0,1.12,28.0,0.48,-64.7,-50.2,24.6,40.0,-98.1,4.6,1.0,122.0,1
D000329,4.2,1182.0,1.03,27.0,0.44,-64.7,-50.7,24.4,46.0,-96.4,8.0,1.0,124.0,1
D000330,4.7,1002.0,1.47,25.0,,-65.4,-46.9,27.5,52.0,-96.7,16.6,0.0,117.0,0
D000331,4.4,1100.0,1.13,28.5,0.43,-64.5,-49.3,24.4,39.0,-94.2,15.3,1.0,126.0,0
D000332,4.1,1259.0,1.15,27.0,0.46,-64.0,-49.4,23.6,56.0,-95.9,6.6,0.0,128.0,1
D000333,5.1,1201.0,1.08,27.0,0.43,-65.2,-49.7,22.7,48.0,-96.6,12.9,0.0,129.0,1
D000334,4.8,1206.0,1.11,29.5,0.45,-66.2,-50.1,24.2,41.0,-94.2,11.2,0.0,125.0,1
D000335,4.3,1186.0,1.17,24.5,0.46,-65.5,-51.0,22.9,44.0,-95.1,13.3,1.0,134.0,0
D000336,4.0,1164.0,1.01,,0.48,-64.1,,23.2,43.0,-95.9,6.8,0.0,125.0,1
D000337,4.9,1193.0,1.22,28.5,0.52,-65.7,-50.3,24.0,46.0,-94.8,7.8,0.0,136.0,1
D000338,4.5,1226.0,1.17,31.0,0.46,-64.7,-49.0,25.7,47.0,-94.9,6.0,0.0,135.0,0
D000339,4.8,1166.0,1.03,29.5,0.47,-64.5,-49.8,23.8,46.0,-97.1,8.4,1.0,126.0,1
D000340,4.7,1129.0,1.2,27.5,0.45,-65.1,-49.8,24.0,45.0,-95.0,6.0,1.0,129.0,1
D000341,4.4,1189.0,1.17,27.5,0.45,-65.5,-51.5,23.9,44.0,-96.3,2.4,1.0,131.0,1
D000342,3.9,1211.0,1.09,30.0,0.5,-66.2,-50.7,23.7,45.0,-95.7,11.6,0.0,125.0,1
D000343,3.7,1357.0,0.86,37.5,0.48,-61.3,-50.5,22.6,51.0,-94.1,18.3,1.0,110.0,0
D000344,4.7,1121.0,1.17,30.0,0.54,-65.6,-48.8,24.1,44.0,-95.0,13.7,0.0,128.0,1
D000345,6.1,1257.0,0.93,24.0,0.47,-67.0,-48.3,29.1,43.0,-91.0,14.7,0.0,147.0,0
D000346,5.5,1190.0,1.31,37.5,0.66,-67.3,-54.2,21.0,33.0,-93.0,21.9,1.0,124.0,0
D000347,5.4,1186.0,1.09,26.0,0.57,-65.7,-49.8,23.9,46.0,-96.3,7.9,0.0,123.0,1
D000348,3.0,1160.0,1.49,33.0,0.59,-61.0,-51.7,20.5,42.0,-92.5,3.9,0.0,139.0,0
D000349,4.8,1209.0,1.12,27.0,0.49,-65.5,-49.0,25.2,44.0,-95.5,10.6,1.0,133.0,1
D000350,4.6,1150.0,1.34,28.5,0.53,-65.3,-50.1,22.5,48.0,-95.0,5.7,1.0,135.0,1
D000351,4.4,1170.0,0.93,22.0,0.66,-66.5,-49.0,23.1,43.0,-93.8,12.5,1.0,133.0,0
D000352,4.9,1130.0,1.09,29.0,,-65.1,-50.1,24.7,40.0,-96.3,12.1,0.0,123.0,1
D000353,5.3,1190.0,1.25,29.0,0.46,,-49.6,24.2,46.0,-94.1,12.5,1.0,131.0,1
D000354,5.5,1301.0,0.8,30.0,0.4,-68.7,-51.9,27.8,55.0,-90.8,17.4,1.0,114.0,1
D000355,4.8,1230.0,1.05,30.5,0.51,-65.1,-49.5,22.6,49.0,-96.7,9.6,1.0,137.0,1
D000356,3.4,1168.0,1.37,26.0,0.61,-63.3,-45.4,28.5,58.0,-97.1,12.3,0.0,104.0,0
D000357,6.3,1298.0,1.02,32.5,0.38,-67.1,-47.9,22.8,57.0,-98.4,1.5,0.0,128.0,1
D000358,4.1,1183.0,1.01,27.5,0.47,-64.7,-50.0,24.1,37.0,-96.3,12.8,1.0,123.0,0
D000359,5.2,1028.0,1.36,39.5,0.65,-60.1,-47.5,26.9,49.0,-96.7,0.6,0.0,103.0,0
D000360,5.0,1249.0,1.06,27.0,0.52,-65.2,-51.1,23.6,44.0,-96.3,10.0,1.0,128.0,1
D000361,4.5,1129.0,0.93,30.0,0.59,-66.0,-50.7,25.6,45.0,-94.7,7.4,0.0,124.0,1
D000362,4.6,1284.0,1.33,33.0,0.42,-61.8,-47.8,22.3,51.0,-97.4,11.5,1.0,100.0,0
D000363,3.6,1150.0,1.03,30.0,0.52,-66.2,-47.7,25.9,30.0,-92.0,8.7,1.0,142.0,0
D000364,5.0,1254.0,1.09,28.5,0.48,-65.9,-50.8,22.3,,-95.6,11.1,0.0,128.0,1
D000365,4.7,1144.0,1.14,28.0,0.5,-63.7,-50.7,25.1,40.0,-94.7,4.9,1.0,124.0,1
D000366,4.7,1114.0,1.22,31.5,0.63,-61.6,-50.7,26.3,48.0,-97.8,16.2,1.0,120.0,0
D000367,4.7,1220.0,1.04,26.5,,-64.8,-49.8,25.8,46.0,-97.2,9.0,0.0,128.0,1
D000368,4.4,1394.0,1.46,22.5,0.7,-64.7,-54.7,23.3,52.0,-92.6,0.5,0.0,106.0,0
D000369,4.5,1313.0,1.2,37.5,0.3,-70.0,-49.5,26.4,50.0,-97.2,14.8,0.0,122.0,0
D000370,4.6,1354.0,0.93,31.5,0.46,-62.4,-54.2,20.8,40.0,-99.3,0.3,1.0,118.0,1
D000371,5.2,1117.0,0.98,27.0,0.49,-67.4,-50.4,24.5,42.0,-94.7,10.7,1.0,129.0,1
D000372,5.2,1147.0,1.08,24.0,0.4,,-49.7,21.3,34.0,-90.5,14.7,1.0,150.0,0
D000373,4.9,1127.0,1.18,28.0,0.44,-66.0,-50.0,23.5,41.0,-96.6,9.3,1.0,126.0,1
D000374,5.7,1040.0,1.58,20.5,0.34,-61.8,-48.9,29.9,31.0,-96.8,13.2,1.0,116.0,0
D000375,4.9,1088.0,1.0,29.5,0.47,-65.8,-51.7,23.1,48.0,-95.2,9.2,1.0,125.0,0
D000376,4.4,1143.0,1.19,31.5,0.55,-65.2,-49.4,23.0,,-95.4,8.3,1.0,121.0,0
D000377,4.1,1043.0,1.22,33.5,0.42,-69.0,-50.8,27.4,50.0,-99.4,16.5,1.0,148.0,1
D000378,6.1,1314.0,0.93,28.5,0.45,-64.9,-46.5,28.0,50.0,-99.7,6.5,1.0,108.0,1
D000379,5.8,1352.0,1.4,36.0,0.44,-64.8,-50.0,21.8,56.0,-99.6,21.1,0.0,100.0,0
D000380,5.0,1213.0,0.98,29.5,0.51,,-51.2,25.3,42.0,-96.1,8.6,1.0,126.0,1
D000381,4.4,1109.0,1.43,28.5,0.33,-65.6,-51.5,22.9,53.0,-90.3,11.1,1.0,102.0,0
D000382,4.7,1099.0,1.09,28.0,0.5,-65.1,-51.2,24.7,46.0,-93.2,7.7,0.0,130.0,1
D000383,5.0,1286.0,1.04,25.5,0.55,-69.7,-47.6,28.4,48.0,-98.4,3.5,1.0,128.0,0
D000384,4.8,1122.0,1.22,38.0,0.37,-67.1,-50.5,20.5,60.0,-98.4,6.2,1.0,109.0,0
D000385,5.4,1223.0,1.28,29.5,0.52,-65.7,-48.8,24.9,40.0,-95.0,,1.0,118.0,1
D000386,4.9,1164.0,0.94,29.5,0.43,-66.3,-51.1,24.1,,-93.5,7.4,0.0,129.0,1
D000387,4.4,1176.0,1.16,30.5,0.52,-67.0,-50.8,24.3,48.0,-95.8,9.0,0.0,133.0,1
D000388,3.8,1166.0,1.11,29.0,0.49,-65.5,-50.2,22.4,46.0,-95.8,7.9,0.0,121.0,1
D000389,4.9,1204.0,1.08,25.0,0.46,-66.4,-51.4,23.0,46.0,-94.7,10.7,0.0,120.0,1
D000390,3.3,1008.0,1.2,32.5,0.6,-63.2,-53.1,27.9,36.0,-97.4,13.0,1.0,103.0,0
D000391,5.1,1168.0,1.15,27.5,0.49,-63.0,-49.3,25.5,,-93.5,10.1,1.0,120.0,1
D000392,4.5,1182.0,1.26,30.0,0.5,-65.8,-49.4,24.7,45.0,-94.9,3.5,1.0,125.0,1
D000393,4.5,1259.0,1.15,27.0,0.53,-63.7,-50.7,24.0,42.0,-96.1,12.2,1.0,129.0,0
D000394,6.0,1182.0,1.49,28.0,0.39,-64.0,-53.3,21.2,47.0,,10.0,1.0,135.0,1
D000395,3.9,1062.0,1.17,38.5,0.58,-69.6,-45.6,29.1,39.0,-98.5,15.8,1.0,125.0,0
D000396,4.9,1139.0,1.28,32.0,0.5,-65.5,-48.9,22.9,58.0,-98.6,12.2,1.0,148.0,1
D000397,5.2,1187.0,0.98,36.5,0.7,-68.5,-51.7,26.4,48.0,-99.5,9.1,1.0,122.0,1
D000398,5.4,1135.0,1.17,27.0,0.45,-66.6,-48.3,25.6,47.0,-96.1,9.5,1.0,121.0,0
D000399,4.9,1246.0,1.1,28.5,0.52,-65.6,-48.2,25.5,42.0,-96.6,7.0,1.0,,1
D000400,5.3,1247.0,0.84,25.0,0.46,-68.2,-52.0,24.1,34.0,-97.3,16.9,1.0,142.0,1
D000401,4.4,1096.0,0.94,30.0,0.55,-66.2,-51.9,23.1,48.0,-95.7,8.9,1.0,128.0,1
D000402,5.7,1254.0,1.49,26.5,0.42,-69.0,-53.5,23.3,52.0,-99.0,14.9,0.0,128.0,0
D000403,4.0,1041.0,1.09,24.5,0.47,-61.1,-49.7,20.4,37.0,-96.3,23.7,0.0,120.0,0
D000404,5.2,1160.0,0.94,30.0,0.49,,-48.5,23.7,45.0,-94.7,11.7,0.0,125.0,1
D000405,4.7,1162.0,1.35,31.5,0.55,-67.2,-50.3,28.1,44.0,-98.5,19.1,1.0,103.0,0
D000406,5.2,1166.0,1.57,38.5,0.62,-64.0,-53.4,22.2,56.0,-98.6,15.3,0.0,125.0,0
D000407,4.3,1226.0,1.2,29.0,0.51,-66.2,-49.3,24.7,45.0,,8.1,1.0,127.0,0
D000408,4.9,1226.0,1.05,24.5,0.47,-63.9,-49.6,22.6,43.0,-94.2,8.9,0.0,124.0,0
D000409,4.9,1206.0,1.07,28.5,0.42,-65.0,-52.9,23.4,43.0,-95.4,9.9,1.0,134.0,1
D000410,5.7,1124.0,1.28,32.0,0.52,-60.1,-54.3,26.0,58.0,-91.3,22.0,1.0,145.0,1
D000411,5.7,,0.86,36.0,0.42,-60.3,-54.7,29.1,39.0,-96.3,23.3,1.0,145.0,0
D000412,4.8,1208.0,0.96,29.0,0.47,-66.3,-50.3,24.2,45.0,-97.1,13.1,0.0,136.0,1
D000413,6.4,1282.0,1.06,26.5,0.33,-67.3,-48.6,28.2,56.0,-98.7,15.7,1.0,114.0,0
D000414,3.2,1238.0,1.12,22.0,0.31,-68.1,-45.5,28.6,54.0,-96.2,1.9,0.0,121.0,0
D000415,5.8,1221.0,1.33,31.5,,-65.6,-48.8,24.7,42.0,-93.4,9.2,0.0,128.0,1
D000416,5.6,1198.0,0.97,27.5,0.45,-65.7,-51.3,24.3,44.0,-96.3,8.9,0.0,129.0,1
D000417,4.1,1138.0,,25.0,0.46,-66.6,-49.9,24.3,38.0,-94.9,12.5,1.0,118.0,0
D000418,5.3,,1.49,24.0,0.57,-64.6,-53.3,27.4,33.0,-97.3,12.4,1.0,139.0,0
D000419,4.7,1097.0,1.05,27.5,0.47,-66.9,-49.1,23.5,42.0,-94.3,10.5,1.0,135.0,0
D000420,4.8,1183.0,1.09,27.0,0.45,-65.2,-50.1,25.1,42.0,-95.3,11.8,,,1
D000421,4.9,1239.0,1.0,29.0,0.44,-65.3,-50.8,23.7,48.0,-94.4,7.4,1.0,126.0,1
D000422,4.4,1149.0,1.25,23.5,0.46,-65.0,-48.9,25.4,38.0,-93.7,9.1,0.0,132.0,0
D000423,5.1,1164.0,1.16,32.0,0.51,-65.9,-49.5,23.1,42.0,-95.6,5.9,1.0,126.0,1
D000424,5.2,1204.0,1.04,29.5,0.51,-67.3,-50.7,25.3,43.0,-96.9,4.9,0.0,116.0,1
D000425,5.0,1139.0,1.15,27.0,0.47,-65.6,-48.6,24.7,41.0,-94.9,6.9,1.0,129.0,1
D000426,6.8,1145.0,0.94,20.5,0.7,-62.1,-46.5,23.7,48.0,-95.7,17.8,1.0,136.0,0
D000427,5.1,1161.0,1.17,28.5,0.5,-66.1,-48.8,22.5,37.0,-97.3,8.4,0.0,120.0,1
D000428,4.7,1154.0,1.07,25.5,0.55,-66.8,-48.8,22.2,43.0,-97.3,9.7,1.0,126.0,1
D000429,4.5,1157.0,1.22,29.5,0.52,-66.1,-47.5,25.1,45.0,-95.0,9.1,0.0,130.0,1
D000430,4.4,1164.0,1.04,30.0,0.55,,-49.9,26.1,44.0,-95.7,8.5,1.0,135.0,1
D000431,5.8,1294.0,1.09,26.0,0.57,-64.8,-51.2,23.7,51.0,-97.6,7.7,1.0,,1
D000432,5.0,1206.0,1.04,31.5,0.54,-65.6,-49.9,22.4,40.0,-97.0,8.5,1.0,132.0,1
D000433,5.1,1206.0,1.13,29.0,0.51,-65.7,-51.7,23.0,46.0,-95.4,10.1,1.0,125.0,1
D000434,3.6,1316.0,1.47,26.0,0.4,-67.6,-51.9,23.5,55.0,-98.6,3.6,0.0,110.0,0
D000435,4.8,1240.0,1.25,29.5,0.46,-64.6,-50.8,24.9,45.0,-95.3,8.0,0.0,122.0,1
D000436,4.8,1175.0,1.2,28.5,0.46,-65.9,-49.4,23.9,39.0,-96.6,11.1,0.0,124.0,1
D000437,4.5,1167.0,1.06,28.5,0.54,-65.9,-48.9,24.2,47.0,-97.8,10.6,0.0,128.0,1
D000438,4.7,1171.0,1.14,27.5,0.5,-64.6,-51.2,24.6,44.0,-95.5,9.4,0.0,136.0,1
D000439,6.9,1323.0,1.45,32.0,0.6,-68.0,-48.0,22.8,52.0,-90.5,8.1,0.0,140.0,1
D000440,4.2,1181.0,1.11,28.5,0.47,-65.5,-49.8,25.0,50.0,-95.1,10.1,0.0,130.0,1
D000441,4.6,1088.0,1.19,26.5,0.51,-65.5,-51.1,23.0,45.0,-94.3,11.8,0.0,128.0,1
D000442,5.1,1245.0,1.07,31.0,0.46,-65.1,-52.3,24.5,44.0,-95.7,9.0,0.0,120.0,1
D000443,5.1,1148.0,1.15,28.5,0.49,-65.7,-48.5,22.9,47.0,-95.7,10.9,1.0,131.0,1
D000444,5.7,1125.0,1.18,30.5,0.52,-65.7,-49.2,23.6,40.0,-94.2,11.0,0.0,127.0,1
D000445,5.2,1126.0,1.08,32.5,0.52,-64.7,-50.4,23.9,44.0,-94.1,13.3,1.0,126.0,1
D000446,3.7,1323.0,0.98,35.0,0.62,-66.4,-46.2,24.1,57.0,-97.1,10.0,0.0,150.0,1
D000447,4.4,1159.0,1.13,29.0,0.51,-65.5,-49.8,25.1,39.0,-95.0,12.5,0.0,121.0,1
D000448,4.3,1191.0,1.23,29.0,0.5,-65.8,-49.2,25.9,46.0,-96.2,9.4,0.0,131.0,1
D000449,4.8,1265.0,0.98,30.5,0.48,-65.9,-49.1,23.6,47.0,-95.3,10.7,1.0,116.0,1
D000450,5.4,1186.0,1.23,31.0,0.44,-63.1,-48.9,25.1,49.0,-96.0,10.4,1.0,129.0,0
D000451,4.3,1223.0,,29.0,0.42,-64.7,-49.4,22.3,,-94.3,10.2,0.0,125.0,1
D000452,5.3,1382.0,1.6,38.0,0.65,-64.7,-45.2,26.5,48.0,-95.9,3.8,1.0,143.0,0
D000453,3.8,1194.0,1.13,29.5,0.61,-63.7,-50.0,24.7,47.0,-94.9,15.9,1.0,132.0,0
D000454,4.8,1190.0,1.08,33.5,0.48,-63.7,-49.9,23.5,43.0,-97.4,8.0,1.0,128.0,1
D000455,5.4,1230.0,1.13,30.5,0.53,-67.2,-49.5,22.9,47.0,-94.5,16.1,1.0,130.0,1
D000456,5.4,1214.0,1.12,32.0,0.49,-67.5,-49.8,22.2,43.0,-95.9,13.1,0.0,120.0,1
D000457,4.8,1186.0,1.11,31.5,0.51,-65.1,-51.8,21.8,,-94.3,8.9,1.0,127.0,1
D000458,5.0,1138.0,1.0,30.5,0.49,-64.7,-50.6,24.4,44.0,-94.1,6.3,0.0,128.0,1
D000459,4.9,1157.0,1.14,29.0,0.57,-64.6,-51.8,26.1,46.0,-95.3,9.9,1.0,124.0,0
D000460,6.6,1102.0,1.5,37.0,0.6,-66.5,-45.5,26.8,43.0,-99.1,15.0,0.0,127.0,0
D000461,5.0,1264.0,1.05,26.0,0.39,-60.4,-54.1,25.6,51.0,-96.4,2.2,1.0,145.0,0
D000462,4.8,1172.0,1.0,31.0,0.42,-66.3,-50.0,23.6,46.0,-96.0,6.5,0.0,127.0,1
D000463,4.3,1179.0,1.23,25.0,0.6,-69.1,-45.4,29.6,53.0,-93.3,2.5,1.0,125.0,0
D000464,4.8,1268.0,1.23,28.0,0.42,-64.4,-50.5,23.4,54.0,-94.8,7.5,1.0,126.0,0
D000465,4.0,1185.0,1.57,35.0,0.52,-60.5,-52.4,27.5,57.0,-96.8,5.9,1.0,128.0,0
D000466,5.7,1332.0,1.47,29.0,0.38,-66.4,-50.7,25.2,48.0,-99.6,8.5,1.0,131.0,1
D000467,4.4,1137.0,1.13,26.0,0.51,-64.4,-50.5,23.5,47.0,,4.3,1.0,131.0,0
D000468,5.0,1202.0,1.12,27.0,0.51,-64.8,-49.3,23.3,43.0,-95.7,,1.0,128.0,1
D000469,4.8,1128.0,1.04,27.0,0.47,-66.6,-48.9,25.0,39.0,-95.6,7.2,1.0,127.0,1
D000470,4.6,1231.0,0.98,27.0,0.45,-65.7,-51.0,24.1,36.0,-95.7,10.6,0.0,136.0,1
D000471,4.9,1187.0,1.08,27.5,0.41,-64.5,-49.9,23.2,45.0,-96.6,11.3,1.0,127.0,1
D000472,4.9,1206.0,1.17,30.5,0.53,-65.6,-51.9,23.7,40.0,-96.2,,1.0,126.0,1
D000473,5.6,1087.0,1.5,33.0,0.69,-62.5,-50.9,20.6,58.0,-94.6,20.6,0.0,109.0,0
D000474,4.9,1135.0,1.16,27.0,0.49,-64.5,-49.2,24.4,43.0,-95.7,10.9,1.0,120.0,1
D000475,5.2,1182.0,1.15,29.0,0.5,-65.4,-50.0,24.3,39.0,-96.0,6.4,1.0,124.0,1
D000476,5.0,1190.0,1.1,29.0,0.46,-65.0,-48.8,23.7,37.0,-94.6,10.3,0.0,121.0,1
D000477,4.2,1227.0,0.98,34.0,0.4,-61.6,-55.0,25.1,60.0,-97.5,13.4,0.0,126.0,0
D000478,4.8,1231.0,1.08,28.5,0.5,-66.4,-50.0,25.6,41.0,-93.2,11.0,1.0,127.0,1
D000479,5.7,1230.0,0.82,30.0,0.6,-68.5,-46.5,20.3,39.0,-94.4,7.8,1.0,129.0,1
D000480,4.9,1127.0,1.17,29.5,0.51,-63.7,-49.1,22.8,39.0,-95.5,8.0,1.0,129.0,0
D000481,4.8,1162.0,1.21,29.5,0.5,-65.6,-50.3,22.9,45.0,-94.7,9.0,0.0,130.0,1
D000482,5.0,1128.0,1.11,27.5,0.47,-65.1,-52.3,24.2,43.0,-95.9,9.5,0.0,130.0,1
D000483,5.5,1141.0,1.21,27.5,0.5,-66.9,-49.8,24.5,38.0,-94.3,9.0,1.0,131.0,1
D000484,5.4,1183.0,1.14,29.5,0.5,-65.8,-50.1,24.3,42.0,-95.5,7.6,1.0,136.0,1
D000485,5.1,1162.0,0.96,29.5,0.49,-65.1,-50.8,26.3,43.0,-96.0,8.8,0.0,135.0,1
D000486,4.9,1389.0,1.31,26.5,0.31,-64.1,-52.6,24.6,38.0,-91.2,11.6,0.0,129.0,0
D000487,4.3,1209.0,1.2,38.5,0.32,-67.7,-48.0,22.6,33.0,-94.6,15.1,0.0,144.0,1
D000488,5.3,1100.0,1.09,31.0,0.52,-65.2,-50.3,24.0,47.0,-93.5,7.5,0.0,126.0,1
D000489,4.7,1192.0,1.09,28.5,0.42,-65.0,-51.3,22.8,42.0,-96.4,9.7,0.0,129.0,1
D000490,4.0,1203.0,1.13,29.0,0.54,-65.8,-50.0,25.1,42.0,-97.1,8.5,1.0,127.0,0
D000491,5.1,1305.0,1.51,24.5,0.32,-62.3,-54.4,27.2,40.0,-94.3,10.6,1.0,111.0,0
D000492,5.1,1218.0,1.28,31.0,0.57,-66.4,-51.1,25.0,49.0,-95.7,12.8,0.0,128.0,1
D000493,5.1,1212.0,1.09,27.0,0.46,-65.2,-49.9,24.3,49.0,-93.8,,0.0,139.0,1
D000494,4.9,1182.0,1.05,29.5,0.56,-65.9,-50.7,24.8,42.0,-95.3,6.1,1.0,125.0,1
D000495,4.8,1128.0,1.45,37.5,0.3,-62.2,-52.7,29.2,55.0,-92.1,6.4,1.0,147.0,0
D000496,4.9,1207.0,1.04,24.5,0.5,-66.2,-49.3,24.2,42.0,-96.2,14.3,0.0,127.0,0
D000497,4.3,1129.0,1.11,28.5,0.51,-64.7,-50.0,25.7,42.0,-94.0,4.3,1.0,131.0,1
D000498,,1171.0,1.09,28.5,0.59,-65.9,-49.4,26.5,39.0,-95.1,9.5,1.0,127.0,1
D000499,4.0,1217.0,1.04,22.5,0.45,-62.3,-45.5,25.8,50.0,-91.1,7.4,1.0,110.0,0
D000500,4.4,1092.0,1.1,28.0,0.47,-67.2,-49.9,25.0,45.0,-95.2,14.0,0.0,131.0,0
D000501,4.5,1171.0,1.1,30.0,0.51,-64.6,-49.1,25.8,46.0,-95.1,6.6,1.0,127.0,1
D000502,4.7,1252.0,1.12,26.0,0.56,-66.2,-50.0,23.8,46.0,-93.5,5.2,0.0,128.0,1
D000503,4.2,1160.0,1.02,31.0,0.46,-62.9,-51.6,22.5,44.0,-96.9,,0.0,133.0,1
D000504,4.0,1085.0,1.08,21.0,0.42,-68.5,-54.5,28.5,59.0,-94.2,,0.0,112.0,0
D000505,6.6,1034.0,0.84,24.5,0.57,-64.5,-51.1,29.5,43.0,-99.1,3.6,0.0,106.0,0
D000506,4.1,1089.0,0.95,24.5,0.55,-64.0,-45.3,27.9,50.0,-98.6,3.9,0.0,118.0,0
D000507,4.6,1144.0,1.0,26.0,0.35,,-49.6,26.2,44.0,-95.4,7.5,0.0,126.0,1
D000508,4.5,1208.0,1.18,33.0,0.51,-64.1,-51.8,23.6,47.0,-95.8,9.2,0.0,134.0,1
D000509,5.3,1186.0,1.12,28.0,0.46,-64.7,-51.2,23.3,46.0,-96.5,3.4,0.0,128.0,1
D000510,5.4,1300.0,1.28,34.5,0.61,-65.5,-51.4,22.7,53.0,-95.1,11.6,0.0,107.0,0
D000511,5.7,1146.0,1.2,29.5,0.47,-64.7,-51.3,24.4,,-96.1,8.6,0.0,128.0,1
D000512,5.6,1216.0,1.16,27.0,0.47,-67.2,-46.8,23.7,43.0,-96.8,8.9,1.0,129.0,1
D000513,3.8,1056.0,0.98,36.0,0.57,-68.7,-50.0,26.2,53.0,-100.0,4.0,0.0,143.0,1
D000514,4.9,1196.0,1.07,29.0,0.51,-63.8,-49.6,23.0,,-95.7,8.3,0.0,129.0,1
D000515,4.6,1221.0,1.27,30.0,0.48,-65.3,-48.0,25.0,46.0,,11.2,1.0,123.0,1
D000516,4.5,1218.0,1.13,29.0,0.47,-65.6,-49.3,23.8,44.0,-95.4,11.3,1.0,122.0,1
D000517,4.0,1332.0,1.55,33.5,0.49,-68.4,-49.2,27.1,36.0,-91.7,3.3,0.0,128.0,1
D000518,4.0,1161.0,1.15,29.0,0.48,-66.8,-50.0,23.6,47.0,-94.7,10.6,1.0,124.0,0
D000519,5.4,1119.0,1.03,28.5,0.53,-66.1,-49.0,23.1,43.0,-94.3,8.1,0.0,126.0,1
D000520,4.7,1198.0,1.14,28.0,0.45,-64.4,-51.6,22.7,46.0,-96.4,,0.0,127.0,1
D000521,4.4,1211.0,1.16,30.5,0.51,-66.4,-48.1,25.3,44.0,-97.0,7.3,1.0,128.0,0
D000522,5.1,1243.0,1.08,,0.48,-65.4,-50.5,25.4,44.0,-95.2,6.0,1.0,131.0,1
D000523,4.5,1220.0,0.96,27.0,0.42,-65.3,-51.6,22.3,46.0,-94.3,6.9,0.0,132.0,1
D000524,5.0,1123.0,1.19,27.5,0.48,-64.4,-48.9,23.6,43.0,-95.2,11.5,1.0,133.0,1
D000525,5.2,1189.0,1.18,28.5,0.39,-65.4,-49.0,23.2,40.0,-96.3,12.7,0.0,124.0,0
D000526,4.7,1132.0,1.09,29.5,0.47,-64.3,-51.7,23.9,43.0,-96.9,9.3,1.0,134.0,1
D000527,4.5,1213.0,1.06,29.0,0.49,-66.2,-49.5,23.9,50.0,-95.2,11.3,1.0,122.0,1
D000528,4.8,1167.0,1.12,27.5,0.49,-64.3,-50.7,23.4,,-94.4,11.3,1.0,129.0,1
D000529,4.6,1171.0,1.2,28.0,0.47,-64.8,-49.4,24.5,40.0,-94.1,11.9,1.0,127.0,0
D000530,5.2,1134.0,1.17,29.5,0.42,-66.9,-49.8,23.8,39.0,-95.1,8.2,1.0,138.0,1
D000531,7.0,1028.0,1.25,21.0,0.33,-68.1,-48.8,27.5,57.0,-91.5,10.9,1.0,149.0,0
D000532,3.0,1003.0,1.01,20.5,0.37,-67.7,-52.0,26.7,41.0,,14.6,0.0,124.0,0
D000533,4.0,1191.0,1.03,29.0,0.41,-64.0,-49.1,25.1,49.0,-94.9,8.3,1.0,129.0,0
D000534,4.6,1161.0,1.05,30.5,0.46,-64.7,-50.8,24.6,44.0,-94.4,5.1,0.0,132.0,1
D000535,4.6,1155.0,1.13,26.0,0.5,-67.6,-49.5,25.5,45.0,-95.3,8.1,1.0,129.0,1
D000536,5.4,1119.0,1.13,31.0,0.45,-65.1,-49.3,22.3,43.0,-97.4,11.7,1.0,133.0,1
D000537,4.3,1114.0,1.17,26.5,0.46,-66.2,-50.0,23.8,44.0,-93.4,7.2,0.0,125.0,1
D000538,4.3,1217.0,1.15,31.5,0.48,-66.8,-49.8,23.6,40.0,-94.8,7.1,1.0,124.0,1
D000539,4.9,1254.0,1.03,29.5,,-64.9,-51.4,23.8,40.0,-95.9,8.1,1.0,131.0,1
D000540,4.5,1234.0,1.12,26.5,0.48,-66.5,-49.8,25.5,45.0,-93.8,8.4,0.0,133.0,1
D000541,6.3,1304.0,1.33,24.5,0.59,-62.9,-46.2,24.8,51.0,-91.3,8.4,0.0,118.0,1
D000542,5.5,1203.0,1.07,26.5,0.56,-66.1,-50.2,22.6,43.0,-94.2,12.4,1.0,127.0,1
D000543,5.3,1241.0,1.02,31.5,0.43,-66.2,-49.2,23.5,44.0,-95.8,15.0,1.0,129.0,1
D000544,4.8,1249.0,1.09,31.0,0.53,-65.7,-48.7,22.8,35.0,-96.1,10.4,1.0,125.0,1
D000545,4.9,1028.0,1.16,38.0,0.59,-66.0,-53.7,22.7,43.0,-94.7,2.6,1.0,120.0,1
D000546,5.1,1232.0,1.14,31.0,0.52,-65.4,-49.7,24.3,46.0,-96.5,6.8,1.0,126.0,1
D000547,4.8,1191.0,1.03,31.0,0.47,-65.9,-49.6,23.7,41.0,-95.4,8.2,0.0,127.0,1
D000548,5.1,1228.0,1.11,29.0,0.48,-66.3,-49.0,24.0,42.0,-94.5,14.5,0.0,121.0,1
D000549,4.6,1029.0,0.84,23.0,0.37,-63.3,-54.1,26.2,54.0,-97.4,2.5,1.0,110.0,0
D000550,3.2,1368.0,1.5,34.5,0.48,-62.9,-50.2,22.0,58.0,-90.8,0.8,1.0,150.0,1
D000551,3.0,1139.0,0.96,27.5,0.38,-61.2,-50.8,23.6,60.0,-96.8,14.2,0.0,144.0,0
D000552,4.7,1156.0,1.1,28.0,0.48,-64.7,-49.8,25.8,42.0,-95.7,9.1,1.0,134.0,1
D000553,4.3,1120.0,1.02,27.0,0.49,-65.0,-50.4,23.5,51.0,-94.5,4.7,1.0,125.0,0
D000554,4.6,1189.0,1.12,26.0,0.49,-66.4,-50.2,23.6,40.0,-96.5,7.7,1.0,126.0,1
D000555,5.1,1215.0,1.14,31.0,0.47,-65.1,-48.9,23.9,36.0,-95.5,8.8,1.0,132.0,1
D000556,4.1,1201.0,1.09,28.5,0.46,-67.8,-47.8,23.4,47.0,-96.7,8.6,1.0,123.0,1
D000557,4.7,1130.0,1.06,29.0,0.45,-66.8,-50.3,25.0,45.0,-95.5,7.9,0.0,129.0,1
D000558,4.8,1151.0,1.13,29.5,0.53,-66.7,-50.0,24.8,43.0,-95.1,10.9,0.0,131.0,1
D000559,5.5,1170.0,1.04,30.0,0.55,-65.0,-47.9,24.6,48.0,-93.5,13.0,1.0,125.0,1
D000560,6.0,1245.0,1.01,26.0,0.36,-64.4,-48.4,28.4,43.0,-91.8,8.8,0.0,145.0,0
D000561,6.7,1206.0,1.27,35.5,0.36,-65.0,-50.0,29.9,37.0,-99.9,1.3,0.0,133.0,1
D000562,4.5,1193.0,1.04,27.0,0.51,-66.4,-48.9,23.0,48.0,-95.4,13.2,0.0,133.0,1
D000563,5.4,1171.0,1.21,26.5,0.46,-65.8,-50.6,23.2,43.0,-94.4,9.8,0.0,131.0,1
D000564,4.4,1228.0,1.07,27.0,0.4,-65.1,-49.4,24.4,45.0,-96.6,6.8,0.0,130.0,1
D000565,4.6,1179.0,1.27,24.0,0.45,-64.6,-49.5,24.3,45.0,-96.6,7.3,1.0,133.0,0
D000566,4.2,1173.0,1.02,29.0,0.55,-65.8,-49.3,23.4,42.0,-95.7,14.5,0.0,130.0,1
D000567,7.0,1309.0,1.4,36.0,0.35,-67.1,-53.9,29.6,31.0,,14.2,0.0,116.0,1
D000568,5.5,1150.0,1.14,24.5,0.49,-66.1,-48.3,25.5,40.0,-96.2,14.3,0.0,128.0,1
D000569,5.3,1233.0,1.09,31.0,0.44,-66.6,-51.7,25.1,41.0,-95.1,5.5,1.0,128.0,1
D000570,3.9,1193.0,0.98,25.0,0.5,-65.9,,24.6,46.0,-95.8,11.4,0.0,125.0,1
D000571,6.6,1189.0,1.03,31.0,0.64,-62.5,-54.4,25.6,60.0,-92.3,2.4,1.0,117.0,1
D000572,4.7,1148.0,1.06,29.0,0.47,-66.0,-50.3,24.3,40.0,-96.3,3.6,1.0,134.0,1
D000573,4.8,1212.0,1.06,27.5,0.51,-65.8,-48.6,23.7,47.0,-96.0,6.7,1.0,120.0,1
D000574,4.5,1210.0,1.01,33.0,0.5,-65.7,-49.8,25.0,43.0,-96.1,11.9,0.0,124.0,1
D000575,4.9,1171.0,1.03,31.5,0.46,-64.0,-51.1,24.2,43.0,-93.7,5.7,0.0,133.0,1
D000576,5.2,1127.0,0.96,25.0,0.45,-60.3,-52.4,23.1,38.0,-97.0,0.8,0.0,122.0,0
D000577,4.5,1165.0,1.14,28.0,0.55,-63.8,-50.0,23.5,47.0,-94.2,10.2,0.0,,0
D000578,4.2,1217.0,1.06,33.5,0.49,-65.1,-50.1,22.5,42.0,-95.0,9.2,1.0,118.0,1
D000579,5.9,1168.0,1.58,35.5,0.55,-69.2,-51.6,20.8,35.0,-94.6,5.7,1.0,118.0,1
D000580,4.6,,1.18,29.5,0.41,-65.3,-51.4,23.5,48.0,-96.8,5.1,1.0,129.0,0
D000581,5.2,1298.0,0.83,28.5,0.49,-61.5,-48.7,28.3,43.0,-90.9,19.9,1.0,113.0,0
D000582,4.6,1187.0,1.26,32.0,0.48,-65.3,-50.5,24.5,42.0,-96.7,10.5,0.0,130.0,1
D000583,4.4,1233.0,1.2,31.5,0.52,-66.5,-49.7,23.6,41.0,-97.2,8.4,1.0,118.0,0
D000584,5.6,1187.0,1.03,31.0,0.48,-63.7,-49.6,23.2,45.0,-96.5,4.9,1.0,119.0,1
D000585,4.5,1137.0,1.18,29.5,0.46,-65.0,,,41.0,-94.6,9.5,0.0,125.0,1
D000586,3.8,1107.0,1.07,31.5,0.48,-66.1,-50.5,25.0,45.0,-94.9,11.1,1.0,125.0,1
D000587,4.8,1171.0,0.8,27.0,0.51,-66.7,-50.0,25.5,47.0,-94.7,13.2,1.0,134.0,1
D000588,4.6,1167.0,1.01,31.0,0.39,-66.5,-50.9,22.4,48.0,-92.7,7.1,0.0,124.0,1
D000589,4.5,1097.0,1.06,29.5,0.54,-63.9,-50.9,23.9,42.0,-97.2,10.0,0.0,119.0,1
D000590,5.7,1109.0,1.07,26.5,0.47,-66.6,-53.8,26.4,35.0,-93.6,16.5,0.0,104.0,1
D000591,6.7,1085.0,1.49,24.0,0.64,-62.8,-52.7,27.1,47.0,-99.4,14.7,1.0,115.0,0
D000592,5.5,1172.0,1.05,29.0,0.48,-67.0,,23.3,42.0,-95.4,6.0,1.0,136.0,1
D000593,5.5,1130.0,1.13,30.5,0.45,-64.6,-49.1,24.7,47.0,-95.3,7.7,1.0,126.0,1
D000594,4.0,1323.0,1.37,29.0,0.42,-69.3,-50.6,28.5,32.0,-96.5,12.2,1.0,110.0,0
D000595,5.0,1139.0,1.09,29.5,0.46,-67.0,-50.4,24.6,40.0,-95.5,9.1,0.0,129.0,1
D000596,4.8,1139.0,1.18,30.5,0.51,-65.7,-49.7,22.3,43.0,-93.9,9.7,0.0,128.0,0
D000597,6.0,1227.0,0.82,39.5,0.43,-60.4,-52.0,28.7,53.0,-99.4,21.4,0.0,120.0,0
D000598,5.8,1179.0,1.03,28.5,0.45,-67.0,-50.9,25.2,41.0,-95.7,9.5,1.0,130.0,1
D000599,5.0,1174.0,1.11,28.0,0.49,-66.5,-48.8,24.2,43.0,-96.6,8.7,1.0,134.0,1
D000600,4.6,1179.0,1.12,27.5,0.62,-65.7,-49.4,24.7,48.0,-96.1,6.0,1.0,128.0,1
D000601,4.4,1204.0,1.07,28.0,0.46,-63.4,-48.7,23.6,49.0,-94.2,7.8,1.0,129.0,1
D000602,4.1,1066.0,0.8,38.5,0.64,-65.6,-49.9,26.9,57.0,-95.8,9.6,0.0,128.0,1
D000603,4.6,1273.0,1.25,28.5,,-66.1,-48.3,24.9,44.0,-94.7,9.9,1.0,124.0,0
D000604,5.3,1246.0,1.07,30.0,0.49,-62.2,-49.7,25.0,,-95.9,8.2,1.0,127.0,1
D000605,4.6,1126.0,1.16,30.5,0.5,-65.5,-50.9,22.4,43.0,-95.6,7.5,0.0,126.0,1
D000606,4.6,1146.0,1.06,25.0,0.44,-66.1,-50.2,24.8,48.0,-95.7,7.8,1.0,126.0,0
D000607,4.6,1270.0,0.99,34.0,0.39,-67.2,-50.5,23.9,46.0,-94.3,9.7,1.0,130.0,1
D000608,5.1,1173.0,0.99,29.5,0.45,-67.1,-52.1,23.2,45.0,-97.1,7.1,0.0,127.0,1
D000609,4.9,1226.0,1.03,26.0,0.53,-66.1,-50.1,24.5,42.0,-95.8,7.6,1.0,130.0,1
D000610,4.9,1143.0,1.03,28.5,0.48,-65.9,-52.1,24.2,47.0,-94.2,10.2,1.0,120.0,1
D000611,5.2,1027.0,0.84,28.0,0.58,-61.4,-46.7,24.6,51.0,-96.1,4.7,0.0,118.0,1
D000612,4.3,1192.0,1.12,27.5,0.48,-67.0,-50.8,23.5,46.0,-93.8,8.2,0.0,133.0,1
D000613,5.1,1131.0,0.99,26.5,0.41,-65.3,-51.2,24.3,43.0,-94.3,5.4,1.0,114.0,1
D000614,5.3,1163.0,1.05,29.0,0.52,-64.4,-51.6,22.6,47.0,-96.6,6.8,1.0,127.0,1
D000615,4.6,1195.0,1.0,40.0,0.68,-60.1,-47.4,29.9,53.0,-94.1,10.0,0.0,111.0,0
D000616,5.2,1175.0,1.09,29.0,0.54,-66.2,-49.7,23.6,40.0,-95.0,8.4,0.0,122.0,1
D000617,4.7,1207.0,1.17,30.0,0.47,-64.5,-50.1,23.7,41.0,-96.6,13.4,0.0,112.0,1
D000618,4.8,1300.0,0.8,36.5,0.63,-67.4,-51.1,22.0,36.0,-90.2,12.4,1.0,134.0,1
D000619,4.8,1206.0,1.26,27.5,0.57,-65.2,-46.9,24.3,44.0,-96.3,11.0,1.0,134.0,0
D000620,4.5,1183.0,1.06,28.0,0.5,-65.7,-51.7,23.9,46.0,-95.0,8.5,1.0,121.0,0
D000621,7.0,1356.0,0.84,32.5,0.43,-64.3,-46.2,24.0,40.0,-90.1,13.5,0.0,140.0,1
D000622,5.0,1179.0,0.98,29.0,0.41,-66.5,-50.6,26.2,46.0,-94.8,8.3,1.0,121.0,1
D000623,4.8,1168.0,1.13,28.5,0.52,-65.3,-50.9,23.6,45.0,-94.1,10.5,,131.0,1
D000624,5.9,1235.0,1.18,36.0,0.56,-67.2,-53.2,26.5,58.0,-96.5,5.1,0.0,134.0,1
D000625,4.6,1175.0,1.16,34.0,0.52,-66.8,-49.7,23.3,45.0,-94.9,13.7,0.0,123.0,1
D000626,4.2,1266.0,1.28,28.0,0.45,-65.2,-49.1,23.8,44.0,-95.0,8.4,1.0,120.0,0
D000627,5.9,1050.0,1.1,28.5,0.61,-67.3,-47.6,24.9,45.0,-97.1,10.4,0.0,109.0,1
D000628,5.0,1154.0,1.11,29.0,0.43,-64.3,-49.1,22.9,44.0,-95.2,8.6,0.0,132.0,1
D000629,4.7,1206.0,0.91,28.5,0.44,-66.6,-50.3,23.8,45.0,-95.6,9.2,0.0,117.0,1
D000630,5.0,1167.0,1.11,28.0,0.51,-66.8,-48.7,23.4,46.0,-95.9,5.1,1.0,127.0,1
D000631,4.6,1267.0,1.14,30.5,0.48,-65.4,-50.0,24.9,35.0,-96.3,12.5,1.0,126.0,1
D000632,5.4,1068.0,0.97,32.0,0.42,-66.4,-50.9,24.1,,,7.9,1.0,132.0,1
D000633,4.4,1211.0,1.07,25.0,0.55,-66.4,-48.0,25.4,48.0,-95.8,9.9,1.0,131.0,0
D000634,4.5,1224.0,1.02,31.5,0.48,-64.9,-51.1,24.0,42.0,-95.6,12.6,1.0,116.0,0
D000635,4.9,1064.0,1.25,27.5,0.4,-65.6,-51.4,,45.0,-97.1,7.6,0.0,126.0,1
D000636,5.0,1228.0,0.97,,0.54,-66.8,-52.5,22.6,45.0,-96.0,4.9,1.0,130.0,1
D000637,4.5,1116.0,1.14,28.5,0.47,-65.5,-49.6,24.7,42.0,-96.0,8.6,0.0,126.0,1
D000638,5.2,1208.0,1.2,33.5,0.53,-66.3,-49.9,24.4,44.0,-97.1,6.0,1.0,123.0,1
D000639,4.8,1153.0,1.14,28.5,0.42,-65.3,-49.7,23.8,41.0,-96.2,8.3,1.0,130.0,1
D000640,4.3,1156.0,0.88,32.0,0.4,-65.8,-48.8,22.8,44.0,-94.2,7.1,0.0,129.0,1
D000641,,1196.0,,28.0,0.48,-65.3,-48.4,24.6,,-95.4,10.9,0.0,120.0,1
D000642,4.7,1187.0,0.99,28.5,0.49,-66.7,-50.6,22.8,42.0,-95.2,4.6,1.0,134.0,1
D000643,4.4,1231.0,1.16,31.0,0.5,-64.8,-49.0,24.2,41.0,-96.9,9.0,1.0,124.0,1
D000644,5.4,1199.0,1.05,29.5,0.48,-64.7,-49.9,22.0,39.0,-95.8,7.6,1.0,125.0,1
D000645,4.4,1231.0,1.16,30.5,0.5,-65.1,-50.7,24.9,43.0,-93.5,8.0,1.0,125.0,1
D000646,5.1,1197.0,1.12,30.5,0.47,-66.3,-50.2,24.5,46.0,-97.9,9.6,0.0,124.0,1
D000647,4.9,1194.0,1.13,24.5,0.46,-65.3,-50.6,24.9,44.0,-95.3,11.8,1.0,129.0,1
D000648,4.3,1192.0,1.07,30.5,0.52,-65.8,-50.7,25.0,43.0,-94.1,7.4,1.0,131.0,1
D000649,5.1,1200.0,1.19,30.0,0.54,-64.8,-50.3,23.7,43.0,-95.7,8.5,1.0,,1
D000650,4.6,1162.0,1.08,27.0,0.47,-66.8,-49.4,24.1,44.0,-95.5,10.8,1.0,134.0,1
D000651,4.1,1225.0,1.09,28.0,0.44,-64.3,-48.8,22.6,41.0,-94.7,11.1,1.0,131.0,0
D000652,4.2,1174.0,1.05,30.0,0.46,-66.4,-50.9,,46.0,-96.0,7.2,0.0,119.0,1
D000653,4.6,1155.0,1.08,33.5,0.54,,-52.3,25.1,53.0,-94.1,0.7,0.0,122.0,1
D000654,4.9,1129.0,1.01,27.0,0.44,-66.6,-51.0,24.5,43.0,-95.4,10.4,0.0,117.0,1
D000655,5.3,1149.0,,29.0,0.42,-66.6,-51.6,23.3,44.0,-96.9,8.7,1.0,125.0,1
D000656,4.8,1242.0,1.01,26.0,0.51,-66.2,-50.5,25.5,47.0,-95.4,11.1,0.0,127.0,1
D000657,4.1,1175.0,0.96,30.5,0.46,-65.9,-51.1,23.4,50.0,-94.8,11.9,1.0,132.0,1
D000658,4.8,1149.0,1.18,28.5,0.49,-66.6,-49.4,24.1,41.0,-96.3,4.6,0.0,136.0,1
D000659,5.2,1101.0,1.09,32.5,0.46,-66.5,-48.2,23.7,45.0,-94.4,10.4,1.0,131.0,1
D000660,4.9,1205.0,1.03,27.5,0.43,-64.0,-49.0,25.7,43.0,-95.3,10.1,1.0,126.0,0
D000661,5.0,1109.0,1.52,32.5,0.47,-60.4,-49.9,23.7,56.0,-92.1,0.6,1.0,118.0,0
D000662,6.9,1107.0,1.09,24.0,0.63,-64.9,-49.6,29.1,47.0,-93.1,18.3,0.0,,0
D000663,4.8,1169.0,1.13,26.5,0.46,-65.9,-50.9,23.3,40.0,-94.5,9.1,0.0,136.0,1
D000664,4.3,1195.0,1.39,38.5,0.61,-63.0,-51.2,29.9,50.0,-92.3,15.9,1.0,125.0,0
D000665,5.5,1221.0,1.07,28.0,0.38,-66.5,-50.6,22.8,41.0,-95.0,10.5,0.0,122.0,1
D000666,5.5,1022.0,1.53,39.5,0.55,-65.4,-50.2,23.8,42.0,-98.2,0.8,0.0,107.0,1
D000667,7.0,1034.0,1.47,37.0,0.47,-67.4,-45.7,28.8,31.0,-91.7,3.1,0.0,105.0,1
D000668,5.8,1182.0,1.08,28.5,0.49,-66.2,-52.8,26.0,45.0,-94.8,5.2,1.0,123.0,1
D000669,3.9,1242.0,1.26,36.0,0.67,-66.1,-50.3,27.7,41.0,-91.2,16.2,1.0,113.0,0
D000670,4.8,1155.0,1.04,27.5,0.48,-65.9,-50.5,23.5,45.0,-95.4,10.1,0.0,117.0,1
D000671,5.0,1231.0,0.87,27.0,0.52,-65.9,-49.9,21.9,46.0,-95.3,11.5,0.0,139.0,1
D000672,5.1,1163.0,1.08,,0.54,-63.5,-51.0,24.8,41.0,-95.4,5.6,1.0,137.0,1
D000673,5.0,1373.0,0.88,30.5,0.31,-64.3,-53.2,28.1,60.0,-92.2,23.3,1.0,126.0,0
D000674,5.1,1097.0,1.12,28.5,0.51,-65.8,-48.0,22.9,45.0,-96.2,9.4,,133.0,1
D000675,6.3,1087.0,1.25,27.5,0.35,-64.2,-45.8,21.2,52.0,-94.9,19.6,1.0,115.0,0
D000676,5.6,1036.0,1.31,22.5,0.66,-65.2,-46.9,21.1,58.0,-97.9,16.8,0.0,124.0,0
D000677,5.0,1126.0,1.26,28.5,0.5,-67.2,-49.8,22.7,42.0,-94.6,11.1,0.0,133.0,1
D000678,3.9,1375.0,1.03,33.5,0.55,-64.2,-51.2,20.7,53.0,-93.8,8.8,0.0,141.0,1
D000679,3.1,1317.0,1.12,30.0,0.31,-64.2,-51.1,27.7,60.0,-92.2,6.3,0.0,121.0,0
D000680,4.1,1165.0,1.03,28.0,0.48,-65.0,-48.9,23.3,45.0,-97.0,11.5,1.0,130.0,0
D000681,4.8,1264.0,1.13,28.5,0.43,-67.4,-48.8,25.2,49.0,-93.7,10.4,1.0,132.0,1
D000682,4.2,1257.0,0.95,28.0,0.46,-64.6,-50.0,23.6,47.0,-94.8,5.4,0.0,124.0,1
D000683,5.2,1342.0,1.35,24.5,0.4,-64.9,-45.3,23.5,54.0,-92.6,12.6,0.0,134.0,0
D000684,6.3,1104.0,0.87,21.5,0.38,-63.3,-49.3,23.0,51.0,-91.7,22.9,1.0,122.0,0
D000685,5.1,1127.0,1.19,30.5,0.5,-64.5,-50.1,25.3,42.0,-94.7,6.2,0.0,133.0,1
D000686,4.6,1207.0,1.0,32.5,0.47,-64.7,-50.8,23.0,41.0,-92.9,9.1,1.0,133.0,1
D000687,3.1,1302.0,1.47,21.0,0.62,-63.6,-45.8,25.7,38.0,-94.5,12.8,0.0,125.0,0
D000688,4.7,1256.0,1.17,30.5,0.43,-68.0,-49.7,21.8,43.0,-95.3,5.6,1.0,136.0,1
D000689,4.7,1215.0,1.09,29.0,0.52,-65.5,-49.6,23.8,38.0,-96.2,11.1,1.0,126.0,1
D000690,4.5,1166.0,1.07,28.5,0.45,-65.1,-50.8,23.4,49.0,-93.8,8.7,1.0,129.0,0
D000691,4.7,1190.0,1.16,28.0,0.52,-65.1,-46.7,23.6,43.0,-97.2,,1.0,128.0,1
D000692,4.1,1231.0,1.02,26.5,0.43,-65.6,-50.0,24.9,49.0,-95.9,9.3,0.0,130.0,0
D000693,5.9,1091.0,0.95,33.5,0.44,-64.5,-48.0,27.5,43.0,-91.3,15.7,0.0,131.0,1
D000694,4.4,1228.0,1.13,28.0,0.49,-67.1,-50.3,24.1,42.0,-95.6,6.3,0.0,125.0,1
D000695,4.1,1095.0,0.98,36.0,0.69,-62.8,,25.0,37.0,-95.9,14.1,1.0,143.0,0
D000696,4.3,1186.0,1.14,24.0,0.5,-64.8,-51.0,24.0,46.0,-95.7,6.0,1.0,131.0,0
D000697,3.2,1066.0,1.46,22.0,0.3,-69.6,-48.4,28.6,59.0,-94.8,10.3,1.0,130.0,0
D000698,5.1,1209.0,1.2,27.5,0.44,-66.3,-48.9,23.9,45.0,-94.6,7.8,0.0,136.0,1
D000699,4.7,1184.0,1.18,32.5,0.55,-63.1,-50.6,25.2,47.0,-98.1,7.4,1.0,119.0,1
D000700,3.7,1378.0,1.43,24.5,0.38,-63.7,-50.4,23.0,37.0,-90.8,,0.0,113.0,0
D000701,4.6,1189.0,1.09,28.0,0.48,-66.2,-49.7,25.4,45.0,-96.2,14.5,0.0,134.0,1
D000702,4.8,1115.0,1.18,30.0,0.44,-65.0,-51.0,24.0,48.0,-97.0,7.3,0.0,127.0,1
D000703,4.7,1136.0,1.13,28.0,0.46,-65.7,-51.5,22.4,44.0,-93.2,7.7,0.0,123.0,1
D000704,4.6,1114.0,1.04,28.5,0.41,-66.2,-50.4,23.4,45.0,-96.4,12.2,0.0,131.0,1
D000705,4.4,1202.0,0.9,28.0,,-66.0,-50.1,24.5,47.0,-96.3,8.6,0.0,132.0,1
D000706,3.8,1196.0,0.84,38.5,0.44,-66.5,-54.3,,60.0,-98.5,5.4,1.0,131.0,1
D000707,4.1,1151.0,1.2,30.5,0.44,-64.9,-50.1,24.2,48.0,-94.7,10.3,1.0,120.0,0
D000708,5.8,1113.0,0.82,33.5,0.68,-65.6,-47.9,23.3,42.0,-91.9,1.8,0.0,137.0,1
D000709,4.7,1142.0,1.19,29.5,0.43,-65.7,-49.7,24.9,47.0,-95.7,,0.0,132.0,1
D000710,4.6,1197.0,1.33,32.5,0.5,-65.8,-51.6,22.7,47.0,-96.3,12.0,1.0,127.0,1
D000711,5.1,1074.0,1.33,40.0,0.44,-60.7,-46.9,27.8,40.0,-100.0,14.0,1.0,123.0,0
D000712,4.6,1083.0,1.0,29.0,0.59,-66.2,-50.5,23.8,43.0,-96.7,12.1,0.0,123.0,1
D000713,4.7,1101.0,0.98,26.5,0.55,-64.9,-50.7,23.6,39.0,-93.8,9.7,,133.0,0
D000714,5.9,1056.0,0.99,35.5,0.31,-62.3,-51.7,25.7,54.0,-94.8,18.3,1.0,118.0,0
D000715,5.2,1128.0,1.2,28.5,0.48,-66.8,-50.3,24.0,41.0,-93.9,5.3,1.0,129.0,1
D000716,4.3,1145.0,1.21,28.0,0.45,-65.0,-49.4,23.8,,-95.2,13.6,1.0,120.0,0
D000717,5.2,1199.0,1.06,31.0,0.47,-65.9,-51.4,23.6,47.0,-95.7,7.1,0.0,128.0,1
D000718,5.3,1252.0,1.1,27.0,0.48,-66.9,-49.6,24.7,43.0,-95.3,9.6,1.0,126.0,1
D000719,4.3,1139.0,1.13,31.0,,-63.8,-50.6,23.5,38.0,-97.1,3.2,1.0,116.0,0
D000720,4.7,1154.0,1.19,29.0,0.52,-66.5,-51.4,23.8,46.0,-97.0,5.2,0.0,122.0,1
D000721,3.5,1104.0,0.91,,0.64,-61.5,-50.4,29.6,56.0,-93.4,12.6,1.0,123.0,0
D000722,4.6,1175.0,1.12,26.5,0.47,-64.2,-49.4,25.0,40.0,-94.5,8.6,0.0,125.0,1
D000723,4.3,1111.0,1.06,25.0,0.46,-65.8,-48.6,22.7,45.0,-94.8,10.9,0.0,127.0,0
D000724,4.9,1248.0,1.13,29.5,0.49,-66.0,-50.1,24.5,44.0,-95.6,10.2,1.0,123.0,1
D000725,4.4,1133.0,1.06,25.5,0.47,-64.2,,22.4,46.0,-95.5,8.5,1.0,126.0,0
D000726,4.5,1159.0,1.04,27.0,0.55,-66.9,-49.7,26.6,38.0,-95.9,13.0,1.0,131.0,0
D000727,5.6,1191.0,1.15,30.0,0.48,-65.6,-48.7,23.3,44.0,-95.3,10.6,1.0,128.0,1
D000728,4.5,1125.0,0.9,27.0,0.4,-64.3,-54.7,28.4,45.0,-93.5,2.1,0.0,148.0,1
D000729,6.9,1134.0,1.3,37.5,0.45,-68.5,-54.5,25.7,32.0,-95.2,0.3,1.0,138.0,1
D000730,3.9,1188.0,0.98,34.5,0.47,-64.1,-49.0,21.7,36.0,-97.2,4.8,1.0,131.0,1
D000731,5.3,1161.0,1.14,30.5,0.53,-66.2,-48.4,23.8,40.0,-94.6,8.4,1.0,129.0,1
D000732,5.9,1167.0,1.26,28.5,0.44,-68.8,-50.1,,,-99.1,21.8,0.0,129.0,1
D000733,4.7,1172.0,1.16,29.5,0.51,-66.2,-51.4,25.8,44.0,-95.4,10.4,1.0,120.0,1
D000734,6.3,,0.95,29.5,0.33,-60.3,-52.6,28.6,51.0,-96.5,7.4,1.0,109.0,0
D000735,4.7,1271.0,1.14,36.0,0.46,-61.6,-48.0,25.7,45.0,-91.4,2.5,1.0,135.0,1
D000736,4.5,1238.0,1.13,31.0,0.45,-65.4,-49.7,23.2,47.0,-94.1,3.2,0.0,132.0,1
D000737,4.3,1293.0,0.85,34.5,0.32,-63.1,-53.7,26.2,33.0,-95.2,18.1,1.0,124.0,1
D000738,6.0,1204.0,1.12,27.5,0.45,-64.6,-47.6,25.6,42.0,-95.5,7.6,1.0,123.0,1
D000739,4.8,1177.0,1.06,30.5,0.48,-64.4,-48.8,23.7,43.0,-94.9,9.1,1.0,127.0,1
D000740,4.4,1138.0,1.16,30.5,0.53,-66.4,-50.4,24.3,46.0,-95.3,12.8,1.0,130.0,0
D000741,3.3,1041.0,0.88,20.0,0.42,-64.2,-47.1,24.8,48.0,-94.2,19.5,1.0,132.0,0
D000742,4.8,1212.0,1.16,31.0,0.5,-65.5,-50.3,25.4,43.0,-94.7,10.2,1.0,130.0,1
D000743,6.4,1182.0,0.9,21.5,0.44,-60.0,-50.4,25.4,35.0,-96.4,14.7,1.0,145.0,1
D000744,,1010.0,1.54,38.0,0.49,-65.4,-45.7,20.3,40.0,-96.0,6.4,1.0,144.0,1
D000745,5.0,1207.0,1.02,26.5,0.44,-65.0,-50.5,23.2,39.0,-94.7,7.6,0.0,126.0,1
D000746,4.6,1158.0,0.98,32.5,0.51,-66.6,-49.4,24.7,46.0,-95.3,10.9,0.0,127.0,1
D000747,4.7,1161.0,1.24,30.0,0.44,-65.3,-50.6,23.7,36.0,-95.7,11.5,1.0,132.0,1
D000748,,1186.0,1.15,32.5,0.51,-65.2,-51.1,23.0,42.0,,10.4,0.0,120.0,1
D000749,3.6,1276.0,1.56,39.5,0.48,-62.3,-53.7,26.5,55.0,-96.2,9.6,0.0,144.0,1
D000750,5.2,1168.0,1.05,30.5,0.48,-65.4,-49.2,24.8,41.0,-93.4,11.5,1.0,128.0,1
D000751,4.9,1083.0,1.42,21.5,0.49,-65.2,-53.6,25.7,56.0,-91.9,21.8,1.0,125.0,0
D000752,5.0,,1.04,30.5,0.44,,-50.2,25.0,44.0,-97.3,10.6,1.0,127.0,1
D000753,4.7,1100.0,1.14,28.5,0.49,-64.8,-51.0,24.5,37.0,-94.4,12.3,1.0,128.0,1
D000754,3.5,1190.0,1.59,26.0,0.36,-62.7,-54.9,26.9,44.0,-96.5,10.3,1.0,105.0,0
D000755,4.8,1118.0,1.09,29.5,0.51,-67.5,-51.5,24.4,42.0,-94.5,9.3,0.0,135.0,1
D000756,4.9,1205.0,1.16,31.0,0.55,-68.1,-50.4,23.7,47.0,-95.8,,0.0,130.0,1
D000757,4.5,1179.0,0.99,28.0,0.45,-66.6,-50.9,23.7,38.0,-96.0,10.9,0.0,,1
D000758,6.6,1138.0,1.43,27.5,0.59,-68.6,-50.5,23.0,57.0,-94.9,22.9,1.0,115.0,0
D000759,4.9,1153.0,1.0,29.0,0.47,-66.8,-49.5,23.3,40.0,-94.5,4.9,0.0,132.0,1
D000760,4.6,1144.0,1.08,28.0,0.46,-66.5,-48.6,23.5,46.0,-95.8,8.2,1.0,126.0,1
D000761,5.2,1191.0,1.07,30.5,0.51,-64.4,-49.7,23.2,45.0,-95.2,9.5,1.0,132.0,1
D000762,5.0,1383.0,1.26,29.5,0.48,-68.5,-45.9,26.6,32.0,-92.8,2.5,1.0,128.0,1
D000763,6.5,1026.0,1.35,22.5,0.48,-60.0,-46.3,27.3,52.0,-94.6,17.0,0.0,133.0,0
D000764,4.0,1248.0,1.09,29.5,0.44,-65.0,-49.4,24.2,45.0,-94.8,10.0,1.0,124.0,0
D000765,4.9,1154.0,1.09,32.5,0.53,-65.8,-51.0,23.5,38.0,,10.3,1.0,129.0,1
D000766,4.7,1125.0,1.19,34.0,0.5,-64.8,-51.2,23.1,45.0,,5.6,1.0,121.0,1
D000767,4.5,1175.0,1.16,27.0,0.42,-66.8,-50.4,25.7,40.0,-96.2,7.7,1.0,131.0,0
D000768,5.1,1171.0,1.24,32.0,0.51,-66.2,-51.8,25.0,40.0,-95.3,10.3,1.0,125.0,1
D000769,4.7,1291.0,1.32,36.0,0.68,-66.9,-46.1,27.6,42.0,-92.2,1.9,0.0,149.0,1
D000770,4.5,1195.0,1.13,28.5,,-67.2,-50.4,23.6,40.0,-95.8,,1.0,124.0,1
D000771,3.1,1122.0,0.91,39.0,0.39,-69.1,-47.3,22.8,53.0,-90.7,16.7,0.0,136.0,0
D000772,3.4,1039.0,0.96,29.5,0.44,-69.8,-46.8,28.0,44.0,-90.6,11.3,1.0,106.0,0
D000773,4.2,1387.0,1.06,35.0,0.45,-69.4,-50.9,25.7,41.0,-90.9,3.1,1.0,120.0,1
D000774,4.5,1160.0,1.21,34.0,0.48,-64.5,-49.6,23.5,45.0,-93.6,5.1,1.0,129.0,1
D000775,4.3,1057.0,1.36,32.0,0.51,-62.4,-54.7,25.2,30.0,,0.3,0.0,137.0,1
D000776,4.8,1141.0,1.2,31.5,0.53,-66.1,,23.4,40.0,-97.6,10.5,0.0,135.0,1
D000777,3.4,1268.0,1.04,29.5,0.51,-60.3,-46.6,29.7,48.0,-91.0,3.8,0.0,122.0,0
D000778,4.4,1174.0,1.08,27.0,0.46,-66.9,-51.1,23.8,46.0,-96.7,6.2,1.0,124.0,1
D000779,4.1,1242.0,,30.0,0.49,-67.1,-49.5,21.4,46.0,-96.0,7.8,1.0,126.0,1
D000780,5.0,1236.0,1.02,29.5,0.49,-63.9,-51.0,24.4,42.0,-96.0,13.2,0.0,134.0,1
D000781,4.5,1244.0,1.17,27.5,0.49,-66.6,-48.7,22.3,46.0,-94.6,5.5,0.0,126.0,1
D000782,4.0,1249.0,1.05,33.0,0.39,-67.3,-47.6,20.8,31.0,-90.3,1.2,1.0,123.0,1
D000783,4.7,1242.0,1.06,33.0,0.51,-66.9,-50.9,23.0,41.0,-94.8,11.3,1.0,125.0,1
D000784,6.3,1042.0,1.38,33.5,0.66,-69.7,-47.8,24.7,31.0,-99.1,17.2,1.0,140.0,1
D000785,5.2,1191.0,1.11,29.5,0.48,-66.5,-49.8,24.1,44.0,-95.6,10.7,1.0,138.0,1
D000786,5.6,1170.0,1.08,30.0,,-65.3,-49.1,24.0,42.0,-95.6,7.7,0.0,126.0,1
D000787,4.0,1291.0,0.93,22.5,0.42,-69.0,-47.5,21.0,42.0,-97.6,22.1,0.0,127.0,1
D000788,4.4,1154.0,,27.0,0.48,-65.1,-49.3,25.4,40.0,-95.0,13.1,0.0,129.0,0
D000789,5.3,1160.0,1.05,28.5,0.52,-66.6,-50.3,24.5,48.0,-95.6,12.6,0.0,129.0,1
D000790,5.1,1327.0,1.26,36.5,0.37,-63.8,-45.1,21.2,36.0,-95.8,9.9,1.0,141.0,1
D000791,4.0,1166.0,1.18,30.5,0.57,-66.2,-50.2,24.5,46.0,,12.3,1.0,131.0,1
D000792,5.1,1184.0,1.11,26.5,0.5,-65.6,-51.6,23.5,45.0,-97.4,10.6,0.0,128.0,1
D000793,5.0,1124.0,1.22,34.5,0.34,-66.2,-49.6,23.2,42.0,-95.0,6.2,1.0,132.0,1
D000794,4.0,1175.0,1.2,29.5,0.43,-66.7,-48.8,23.6,43.0,-95.0,11.5,0.0,127.0,1
D000795,3.1,1039.0,1.05,39.5,0.62,-64.0,-54.9,22.3,56.0,-93.0,15.1,1.0,130.0,0
D000796,5.2,1214.0,1.03,30.5,0.48,-63.4,-50.4,24.2,45.0,-96.3,11.4,1.0,126.0,1
D000797,4.8,1205.0,1.13,28.5,0.56,-63.8,-51.4,25.0,42.0,-97.2,13.4,1.0,119.0,0
D000798,4.5,1173.0,0.91,29.0,0.45,-65.9,-51.6,23.8,43.0,-95.2,5.4,1.0,125.0,0
D000799,5.8,1068.0,1.57,30.5,0.64,-62.7,-52.1,21.8,32.0,-95.3,12.9,0.0,138.0,0
D000800,4.0,1194.0,1.1,26.0,0.48,-66.3,-50.4,23.6,43.0,-94.6,10.8,0.0,124.0,1
D000801,5.2,1378.0,0.88,25.5,0.33,-61.6,-49.0,25.7,30.0,-93.5,20.4,1.0,143.0,0
D000802,5.5,1179.0,1.45,29.0,0.3,-61.9,-46.3,25.6,32.0,-99.2,6.1,0.0,109.0,0
D000803,4.5,1215.0,1.05,27.5,0.46,-64.4,-48.8,25.2,43.0,-94.0,6.7,1.0,136.0,0
D000804,6.8,1038.0,0.89,34.0,0.62,-65.2,-50.9,29.2,46.0,-96.5,10.6,1.0,104.0,1
D000805,4.6,1144.0,1.1,29.5,0.43,-66.1,-50.3,24.9,48.0,-96.0,11.8,0.0,124.0,1
D000806,3.9,1042.0,1.09,38.5,0.59,-67.4,-51.7,24.6,51.0,-94.8,14.7,1.0,146.0,1
D000807,4.5,1202.0,1.17,30.0,0.43,-64.1,-48.7,22.1,50.0,-95.7,7.1,1.0,125.0,0
D000808,5.1,1085.0,1.24,29.5,0.52,-66.3,-49.0,24.1,46.0,-95.0,14.4,0.0,136.0,1
D000809,6.1,1293.0,1.38,38.0,0.36,-62.7,-53.8,26.8,33.0,-94.9,2.9,0.0,119.0,1
D000810,4.3,1166.0,1.26,30.5,0.44,-65.5,-50.4,24.6,46.0,-96.2,10.9,1.0,128.0,1
D000811,7.0,1093.0,1.28,24.0,0.68,-62.7,-53.2,21.6,60.0,-90.8,8.8,0.0,139.0,0
D000812,6.7,1051.0,0.92,24.0,0.61,-61.3,-54.5,20.8,49.0,-97.8,6.6,1.0,101.0,1
D000813,5.2,1114.0,1.19,28.0,0.48,-64.1,-51.9,24.1,45.0,-94.2,,1.0,130.0,1
D000814,4.8,1130.0,0.98,29.0,0.39,-65.4,-51.8,23.1,,-95.5,7.8,1.0,125.0,1
D000815,5.6,1255.0,1.23,26.0,0.69,-70.0,-46.2,24.2,43.0,-94.4,2.4,0.0,127.0,0
D000816,4.6,1184.0,1.05,27.5,0.48,-66.1,-50.7,24.2,44.0,-96.8,7.5,0.0,129.0,1
D000817,4.6,1184.0,1.1,27.0,0.52,-64.8,-51.0,21.6,42.0,-94.9,,1.0,124.0,0
D000818,5.3,1099.0,1.04,29.0,0.5,-66.1,-49.4,25.3,,-95.2,10.0,1.0,129.0,1
D000819,4.7,1207.0,1.16,25.5,0.54,-66.1,-52.0,24.0,46.0,-94.1,7.1,1.0,123.0,0
D000820,4.9,1204.0,1.12,29.0,0.49,-64.6,-50.7,22.6,45.0,-95.8,,1.0,136.0,1
D000821,4.4,1192.0,1.15,29.0,0.52,-65.7,-52.2,24.6,41.0,-95.5,8.9,1.0,127.0,1
D000822,5.3,1396.0,1.07,26.5,0.54,-67.0,-49.3,22.3,45.0,-97.9,12.2,0.0,107.0,1
D000823,5.4,1176.0,1.09,28.5,0.52,-65.2,-50.0,23.8,43.0,-95.7,8.2,1.0,126.0,1
D000824,5.3,1367.0,1.27,35.5,0.31,-64.9,-46.4,22.8,41.0,-90.9,9.8,1.0,123.0,0
D000825,5.2,1166.0,1.09,27.5,0.55,-67.1,-49.3,25.6,44.0,-95.2,9.0,0.0,136.0,1
D000826,5.2,1179.0,1.07,30.0,0.51,-65.1,-49.8,25.7,42.0,-96.5,6.4,0.0,131.0,1
D000827,5.0,1170.0,1.13,31.0,0.42,-65.8,-50.8,25.7,35.0,-95.4,7.9,1.0,141.0,1
D000828,5.3,1157.0,1.04,29.0,0.47,-65.3,-48.9,23.3,45.0,-95.1,9.1,0.0,127.0,1
D000829,5.1,1253.0,1.04,26.0,0.57,-68.2,-51.7,29.3,31.0,-94.8,15.5,0.0,134.0,0
D000830,5.1,1128.0,1.19,32.0,0.47,-65.9,-50.2,23.4,48.0,-96.4,11.6,1.0,125.0,1
D000831,4.5,1279.0,1.16,30.0,0.48,,-47.5,22.7,40.0,-95.1,8.4,0.0,124.0,1
D000832,4.5,1223.0,1.21,31.0,0.49,-66.3,-48.5,24.0,46.0,-94.7,6.6,1.0,133.0,1
D000833,4.5,1165.0,1.19,28.0,0.5,-64.9,-51.0,23.5,45.0,-95.5,8.3,0.0,139.0,1
D000834,5.8,1213.0,1.03,23.0,0.45,-69.3,-54.1,21.1,31.0,-93.9,24.0,0.0,106.0,1
D000835,4.7,1174.0,0.99,28.5,0.42,-64.4,-51.0,24.0,40.0,-94.9,7.4,1.0,129.0,1
D000836,3.2,1261.0,1.32,29.5,0.39,-64.6,-50.4,27.9,52.0,-94.1,5.9,1.0,147.0,1
D000837,6.1,1119.0,0.82,38.0,0.51,-66.1,-50.7,20.6,51.0,-90.8,5.7,0.0,106.0,1
D000838,3.6,1116.0,1.25,37.5,0.54,-61.3,-54.2,29.9,57.0,-95.7,22.7,1.0,133.0,0
D000839,5.4,1199.0,1.0,33.5,0.54,-65.5,-49.6,22.5,46.0,-94.9,12.9,1.0,120.0,1
D000840,3.2,1240.0,1.59,35.0,0.61,-67.0,-49.1,21.0,59.0,-99.4,3.3,1.0,113.0,0
D000841,6.5,1202.0,1.48,37.5,0.45,-64.3,-53.1,20.3,37.0,-97.5,22.7,1.0,102.0,0
D000842,4.2,1160.0,1.2,25.5,0.44,-65.0,-49.6,24.3,42.0,-95.3,7.1,0.0,135.0,1
D000843,4.7,1142.0,0.98,30.0,0.56,-66.0,-50.1,24.6,48.0,-97.6,11.0,1.0,123.0,0
D000844,4.6,1192.0,1.07,31.5,0.55,-66.7,-49.3,25.2,48.0,-93.3,13.5,0.0,128.0,1
D000845,4.6,1164.0,0.96,29.0,0.51,-65.9,-50.0,23.4,46.0,-94.6,6.6,1.0,124.0,1
D000846,5.1,1148.0,1.02,33.0,0.5,,-49.8,24.4,47.0,-95.5,11.9,1.0,128.0,1
D000847,6.0,1195.0,1.14,26.5,0.53,-65.5,-52.3,,45.0,-95.2,9.0,,123.0,1
D000848,3.2,1357.0,1.11,22.0,0.37,-61.8,-51.5,,31.0,-95.1,16.9,0.0,112.0,0
D000849,4.9,1118.0,0.86,31.5,0.44,-66.5,-50.4,22.1,45.0,-91.1,18.8,0.0,116.0,1
D000850,3.2,1198.0,1.02,34.5,0.34,-60.1,-50.0,26.3,36.0,-99.7,5.7,0.0,116.0,1
D000851,4.5,1229.0,1.19,29.5,0.54,-65.8,-50.6,22.5,40.0,-97.2,8.2,1.0,127.0,1
D000852,5.0,1203.0,1.3,38.5,0.4,-69.1,-46.1,22.5,37.0,-97.4,19.1,0.0,111.0,0
D000853,4.6,1211.0,,31.0,0.47,-67.1,-50.6,24.3,43.0,-94.6,8.5,0.0,129.0,1
D000854,3.9,1200.0,1.15,29.0,0.48,-63.5,-49.2,24.9,49.0,-95.4,12.6,1.0,126.0,0
D000855,5.1,1145.0,0.95,28.0,0.47,-66.9,-50.4,23.3,42.0,-95.6,10.7,1.0,132.0,1
D000856,5.4,1295.0,0.82,34.0,0.3,-69.4,-50.5,22.3,55.0,-97.2,2.7,1.0,141.0,1
D000857,4.5,1130.0,1.08,26.5,0.5,-65.7,-50.8,22.8,42.0,,8.3,0.0,119.0,1
D000858,4.3,1169.0,1.25,26.5,0.49,-63.7,-49.7,24.9,43.0,-95.2,8.5,0.0,126.0,0
D000859,5.0,1190.0,1.1,30.5,0.49,-68.1,-51.7,24.4,41.0,-95.8,9.9,0.0,132.0,1
D000860,4.6,1205.0,1.18,28.0,0.47,-65.2,-50.0,24.5,43.0,-94.9,9.9,0.0,127.0,1
D000861,5.2,1157.0,1.0,27.0,0.5,-62.6,-49.1,24.6,43.0,-95.4,12.2,0.0,133.0,1
D000862,5.8,1266.0,0.93,28.5,0.61,-65.8,-47.6,26.1,37.0,-97.2,8.1,1.0,128.0,1
D000863,6.7,1256.0,1.6,33.0,0.48,-67.8,-51.5,26.6,59.0,-98.2,1.1,1.0,133.0,1
D000864,4.4,1238.0,1.02,23.0,0.6,-62.2,-45.2,23.6,48.0,-90.3,20.1,1.0,144.0,0
D000865,4.7,1196.0,1.12,27.5,0.47,-65.6,-48.8,24.5,42.0,-93.5,6.5,0.0,134.0,1
D000866,6.2,1192.0,1.25,33.5,0.62,-69.2,-51.5,21.8,44.0,-97.7,19.5,0.0,147.0,1
D000867,6.5,1224.0,0.95,31.5,0.48,-63.2,-47.8,24.4,50.0,-96.6,16.2,1.0,129.0,1
D000868,4.1,1243.0,1.07,29.0,0.48,-65.0,-48.7,23.1,44.0,-93.9,8.4,1.0,125.0,0
D000869,4.6,1192.0,1.11,29.0,0.5,-66.5,-51.3,22.8,44.0,-95.1,12.8,0.0,131.0,1
D000870,4.7,1240.0,1.05,27.5,0.47,-65.4,-49.0,23.5,45.0,-97.4,10.5,1.0,131.0,1
D000871,6.4,1330.0,1.1,24.5,0.43,-68.2,-50.1,22.0,52.0,-98.2,21.1,1.0,139.0,1
D000872,3.5,1258.0,0.85,33.0,0.64,-60.8,-54.5,25.8,38.0,,7.7,1.0,123.0,0
D000873,5.1,1192.0,1.09,25.5,0.46,-67.6,-53.6,25.2,41.0,-96.5,11.1,1.0,128.0,1
D000874,4.7,1137.0,1.21,26.5,0.45,-63.9,-50.4,22.2,44.0,-95.2,10.3,0.0,137.0,0
D000875,4.6,1241.0,1.0,24.5,0.51,-62.7,-46.4,26.2,54.0,-96.5,12.3,1.0,108.0,0
D000876,4.5,1236.0,1.09,31.0,0.48,-64.1,-50.1,23.3,49.0,-95.6,12.1,0.0,134.0,1
D000877,5.1,1150.0,1.02,27.0,0.45,-63.3,-50.5,23.9,45.0,-94.9,7.2,1.0,124.0,1
D000878,5.0,1116.0,1.26,29.5,0.51,-65.9,-50.3,22.2,45.0,-94.1,9.4,0.0,128.0,0
D000879,4.7,1162.0,1.18,30.0,0.43,-64.8,-50.1,24.4,46.0,-94.6,4.4,0.0,136.0,1
D000880,4.4,1172.0,1.08,29.0,0.52,-65.5,-51.1,26.1,45.0,-96.6,6.4,0.0,125.0,1
D000881,4.7,1228.0,0.95,29.5,0.46,-65.8,-48.6,24.2,47.0,-97.1,7.0,0.0,132.0,1
D000882,6.8,1107.0,0.89,39.5,0.46,-65.4,-48.0,20.9,41.0,-91.9,9.2,0.0,129.0,1
D000883,5.2,1240.0,1.06,26.0,0.52,-64.5,-47.9,23.5,45.0,-95.6,14.4,0.0,129.0,1
D000884,6.0,,,32.5,0.48,-68.0,-46.6,26.3,36.0,-91.8,23.1,,113.0,1
D000885,4.9,1157.0,1.05,30.0,0.53,-65.8,,23.4,50.0,-95.0,3.6,0.0,132.0,1
D000886,5.8,1188.0,1.19,31.5,0.68,-67.0,-53.7,26.8,40.0,-94.2,11.8,1.0,143.0,1
D000887,4.5,1130.0,0.97,28.5,0.5,-64.9,-48.6,25.0,46.0,-97.4,5.2,0.0,142.0,1
D000888,4.5,1232.0,1.2,28.0,0.48,-64.8,-49.6,23.8,40.0,-95.7,8.7,1.0,123.0,1
D000889,5.5,1144.0,0.95,29.0,0.48,-65.6,-51.9,24.8,48.0,-94.5,9.0,0.0,131.0,1
D000890,3.2,1371.0,1.48,31.0,0.33,-63.2,-53.0,22.2,36.0,-95.3,16.5,0.0,116.0,0
D000891,5.5,1188.0,,29.0,0.52,-66.2,-49.7,22.9,44.0,-93.7,13.0,0.0,125.0,1
D000892,,1221.0,1.48,31.5,,-60.3,,22.1,36.0,-97.0,19.9,0.0,115.0,0
D000893,4.8,1200.0,1.23,31.0,,-66.8,-50.8,24.2,42.0,-95.6,9.3,1.0,121.0,1
D000894,5.1,1299.0,1.03,24.5,0.51,-66.9,-48.3,25.5,45.0,-94.0,9.5,1.0,130.0,1
D000895,6.5,1141.0,0.86,22.5,0.47,-64.4,-48.5,24.3,54.0,-97.9,21.6,0.0,104.0,1
D000896,4.7,1213.0,1.15,27.5,0.49,-67.0,-47.9,24.3,46.0,-97.3,9.7,0.0,125.0,1
D000897,4.1,1168.0,1.09,30.5,0.51,-64.6,-49.7,23.2,44.0,-95.7,13.4,0.0,120.0,0
D000898,4.5,1134.0,1.06,27.0,0.46,-65.0,-50.0,24.2,49.0,-96.2,11.4,1.0,123.0,1
D000899,4.8,1204.0,1.19,29.5,0.53,-64.5,-52.3,23.9,45.0,-95.6,5.7,0.0,126.0,1
D000900,4.7,1185.0,1.12,29.5,0.5,-65.5,-50.3,22.4,39.0,,9.6,0.0,130.0,1
D000901,5.1,1227.0,1.02,30.0,0.53,-66.1,-49.4,24.7,47.0,-95.5,6.7,1.0,119.0,1
D000902,4.8,1236.0,1.12,31.0,0.49,-64.5,-49.4,25.3,43.0,-97.4,,0.0,127.0,0
D000903,4.5,1286.0,1.17,23.0,0.4,-62.3,-51.9,26.0,36.0,-93.5,7.7,1.0,130.0,0
D000904,4.5,1244.0,1.07,32.0,0.45,-66.7,,24.3,45.0,-93.7,7.9,0.0,130.0,1
D000905,3.3,1026.0,1.31,23.0,0.6,-60.9,-46.0,20.4,47.0,-96.8,16.7,0.0,122.0,0
D000906,6.4,1009.0,1.0,33.0,0.65,-63.4,-54.4,26.4,42.0,-96.0,6.2,1.0,149.0,1
D000907,4.1,1056.0,0.82,25.0,0.63,-62.1,-47.8,25.5,53.0,-94.1,9.1,1.0,105.0,0
D000908,6.3,1267.0,1.08,38.5,0.57,-68.4,-54.1,20.7,57.0,-93.4,6.6,0.0,120.0,1
D000909,4.8,1187.0,1.12,,0.56,-63.8,,26.0,42.0,-94.3,5.8,1.0,128.0,1
D000910,4.9,1179.0,0.99,32.5,0.48,-66.8,-48.9,24.6,43.0,-95.8,13.7,0.0,124.0,1
D000911,5.7,1277.0,1.29,34.5,0.68,-69.9,-53.4,22.5,59.0,-93.3,18.5,0.0,139.0,1
D000912,5.0,1129.0,1.18,31.5,0.47,,-50.7,22.8,43.0,-98.2,8.4,1.0,130.0,1
D000913,4.3,1263.0,1.4,37.5,0.42,-66.1,-51.1,29.3,47.0,-93.0,16.7,1.0,130.0,0
D000914,6.1,1325.0,1.13,30.0,0.39,-65.9,-51.7,28.4,40.0,-97.6,21.3,1.0,106.0,0
D000915,3.3,1296.0,1.4,35.0,0.52,-68.2,-46.6,28.9,45.0,-98.7,4.5,0.0,,0
D000916,5.2,1206.0,1.0,32.5,0.51,-64.4,-49.2,23.7,47.0,-97.4,9.9,1.0,121.0,1
D000917,5.0,1195.0,1.12,24.5,0.4,-65.8,-49.6,25.2,47.0,-95.7,10.0,1.0,139.0,1
D000918,4.9,1147.0,1.19,27.5,0.49,-67.7,-48.5,22.8,39.0,-93.0,7.5,0.0,123.0,1
D000919,5.5,1120.0,1.04,21.0,0.32,-65.6,-52.7,27.0,57.0,-90.1,11.3,1.0,143.0,0
D000920,4.9,1209.0,1.01,31.0,0.43,-64.0,-51.1,24.0,43.0,-94.8,12.3,1.0,127.0,0
D000921,3.1,1390.0,0.96,22.5,0.39,-61.2,-49.7,21.4,35.0,-90.7,20.9,0.0,,0
D000922,3.5,1296.0,1.51,27.0,0.65,-60.9,-50.7,27.2,56.0,-93.8,23.7,0.0,104.0,0
D000923,4.3,1248.0,1.07,28.0,0.45,-66.1,-49.2,24.5,46.0,-94.5,11.5,1.0,121.0,0
D000924,5.2,1192.0,1.19,28.0,0.52,-63.8,-49.4,24.9,45.0,-95.3,8.4,1.0,127.0,1
D000925,4.7,1200.0,1.2,29.0,0.49,-67.2,-50.0,22.0,44.0,-95.0,10.6,1.0,129.0,1
D000926,4.7,1171.0,1.16,32.5,0.46,-65.3,-50.0,24.9,48.0,-96.1,9.8,0.0,128.0,1
D000927,4.3,1012.0,0.9,22.5,0.46,-65.4,-50.0,24.9,48.0,-99.5,11.0,1.0,141.0,1
D000928,5.3,1201.0,1.0,31.0,0.57,-64.1,-48.4,23.9,45.0,-97.0,7.1,0.0,127.0,1
D000929,4.7,1173.0,1.09,28.0,0.54,-65.3,-49.7,22.7,44.0,-96.7,2.2,1.0,129.0,1
D000930,4.4,1204.0,1.11,28.5,0.44,-63.6,-48.9,24.6,47.0,-95.1,7.2,1.0,,0
D000931,5.0,1180.0,0.98,32.5,0.46,-65.6,-50.4,26.8,42.0,-96.2,10.4,1.0,133.0,1
D000932,4.3,1187.0,1.17,31.0,0.49,-65.5,-51.3,24.8,47.0,-95.3,7.4,0.0,125.0,0
D000933,4.1,1142.0,1.22,30.0,0.54,-66.4,-50.5,23.8,47.0,-93.3,6.4,0.0,134.0,1
D000934,6.4,1375.0,1.16,24.0,0.57,-61.8,-53.4,27.2,57.0,-90.1,3.9,1.0,129.0,1
D000935,3.5,1304.0,1.07,34.0,0.43,-64.6,-54.7,26.2,58.0,-93.1,17.5,1.0,116.0,0
D000936,4.6,1135.0,1.12,26.5,0.44,-64.8,-50.9,24.8,45.0,-96.2,10.9,0.0,128.0,1
D000937,4.9,1177.0,1.05,29.5,0.47,-68.0,-49.9,23.1,42.0,-94.8,10.8,1.0,121.0,1
D000938,6.7,1116.0,1.31,33.5,0.5,-69.1,-47.8,24.1,57.0,-97.5,0.2,1.0,109.0,1
D000939,5.3,1181.0,1.06,31.5,0.43,-65.7,-49.5,24.3,49.0,-95.2,8.8,1.0,126.0,1
D000940,4.9,1156.0,0.96,33.0,,-63.8,-50.4,22.2,43.0,-95.1,7.5,0.0,131.0,1
D000941,5.1,1101.0,1.15,29.0,0.51,-64.9,-50.9,23.5,42.0,-93.9,4.6,1.0,119.0,1
D000942,6.5,1321.0,1.45,37.5,0.44,-60.5,-47.1,23.7,54.0,-99.1,12.0,1.0,103.0,0
D000943,4.7,1154.0,1.57,33.5,0.35,-63.7,-51.6,26.1,51.0,-98.8,21.6,1.0,120.0,0
D000944,4.6,1232.0,1.15,30.0,0.5,-66.4,-50.2,23.9,44.0,-96.4,7.0,0.0,123.0,1
D000945,3.5,1170.0,1.12,27.0,0.58,-63.4,-48.5,24.0,46.0,-94.3,0.6,1.0,135.0,0
D000946,5.7,1226.0,1.04,31.0,0.45,-64.7,,24.7,47.0,-96.9,7.0,0.0,133.0,1
D000947,4.6,1278.0,1.48,25.0,0.58,-65.9,,27.8,51.0,-95.5,14.2,1.0,106.0,0
D000948,5.1,1274.0,1.02,34.5,0.5,-63.1,-52.2,28.9,40.0,-97.2,22.0,1.0,137.0,1
D000949,4.5,1107.0,1.56,31.0,0.35,-69.6,-52.6,23.9,39.0,-94.3,1.3,0.0,136.0,1
D000950,3.6,1299.0,1.22,26.5,0.4,-66.7,-54.3,26.1,52.0,-93.7,18.8,0.0,102.0,0
D000951,5.3,1157.0,1.23,28.5,0.58,-65.2,-49.6,24.1,47.0,-95.1,9.3,0.0,127.0,1
D000952,3.9,1241.0,1.57,30.0,0.58,-68.4,-45.9,20.6,36.0,-95.5,,1.0,103.0,0
D000953,5.0,1111.0,1.21,28.0,0.42,-64.8,-50.3,23.6,43.0,-94.9,5.0,1.0,127.0,0
D000954,4.5,1144.0,1.04,29.5,0.5,-66.4,-51.1,24.5,43.0,-94.8,6.9,0.0,124.0,1
D000955,4.7,1106.0,1.09,28.5,0.49,-65.7,-50.0,24.8,46.0,-95.7,12.7,0.0,129.0,0
D000956,4.1,1114.0,1.09,28.5,0.49,-65.1,-50.1,23.3,44.0,-97.0,8.4,1.0,120.0,0
D000957,3.2,1203.0,0.91,29.0,0.57,-60.9,-46.5,27.1,35.0,-91.6,16.3,,114.0,0
D000958,6.4,1083.0,1.05,23.0,0.36,-66.4,-46.0,23.2,33.0,-94.4,21.9,1.0,140.0,0
D000959,4.8,1230.0,1.11,26.5,0.45,-66.2,-47.8,24.1,40.0,-96.6,6.9,1.0,121.0,1
D000960,6.8,1303.0,0.87,,0.45,-66.0,-50.7,24.5,45.0,-94.8,1.1,0.0,121.0,1
D000961,4.9,1206.0,1.13,29.0,0.44,-67.5,-48.6,25.6,44.0,-97.2,5.4,1.0,129.0,1
D000962,4.8,1133.0,1.04,33.0,0.48,-65.7,-51.4,22.4,44.0,-96.3,11.7,1.0,125.0,1
D000963,7.0,1041.0,1.35,27.0,0.62,-63.4,-54.3,22.9,40.0,-99.6,23.2,1.0,101.0,0
D000964,4.4,1089.0,1.09,26.5,0.53,-66.3,-49.3,23.5,42.0,-95.1,7.9,1.0,117.0,1
D000965,5.1,1263.0,1.1,30.0,0.51,-65.6,-51.3,24.1,42.0,-95.1,5.1,1.0,126.0,1
D000966,4.9,1207.0,1.12,29.0,0.4,-66.1,-49.0,23.7,,-96.8,6.5,1.0,135.0,1
D000967,5.1,1184.0,1.23,25.5,0.45,-66.8,-50.2,,50.0,-94.7,7.5,1.0,126.0,1
D000968,5.2,1152.0,1.11,28.0,0.5,-66.2,-48.3,23.5,43.0,-94.1,9.2,1.0,134.0,1
D000969,4.9,1110.0,1.09,25.5,0.48,-65.5,-49.1,25.9,45.0,-95.0,8.8,0.0,130.0,0
D000970,6.4,1353.0,0.83,31.5,0.63,-60.0,,26.8,,-97.4,19.8,0.0,129.0,0
D000971,4.3,1170.0,1.16,29.5,0.59,-66.0,-50.1,24.0,43.0,,10.1,0.0,128.0,1
D000972,4.5,1184.0,1.03,30.5,0.48,-65.6,-49.0,24.0,,-95.5,12.7,1.0,124.0,1
D000973,5.1,1281.0,1.13,30.5,,-65.9,-49.2,23.9,47.0,-95.4,8.2,0.0,130.0,1
D000974,4.4,1204.0,1.26,30.0,0.49,,-49.3,22.2,41.0,-94.6,10.3,,123.0,1
D000975,4.9,1184.0,1.35,27.0,0.51,-63.2,-49.1,24.5,43.0,-94.3,11.6,0.0,128.0,0
D000976,5.0,1181.0,1.06,31.0,0.5,-64.6,-49.1,25.5,46.0,-96.3,10.7,1.0,122.0,1
D000977,4.6,1157.0,0.96,30.0,0.51,-66.1,-51.0,22.6,47.0,-96.9,10.8,1.0,125.0,1
D000978,4.6,1235.0,1.04,27.0,0.48,-64.6,-50.3,24.0,41.0,-94.8,10.5,0.0,125.0,0
D000979,5.8,1333.0,0.82,37.0,0.41,-68.3,-47.6,21.2,60.0,-92.9,11.2,0.0,111.0,1
D000980,4.8,1201.0,0.99,28.5,0.51,-65.1,-49.7,24.7,45.0,-94.5,10.5,0.0,120.0,1
D000981,6.3,1123.0,1.09,28.0,0.64,-65.0,-54.2,29.9,38.0,-98.8,6.5,0.0,102.0,0
D000982,4.7,1230.0,1.08,31.0,0.44,-65.5,-50.0,23.0,48.0,-96.1,9.3,1.0,122.0,0
D000983,4.1,,1.1,30.5,0.51,-66.6,-50.4,23.2,39.0,-96.1,9.9,1.0,123.0,1
D000984,6.7,1166.0,0.93,28.5,0.63,-64.8,-47.7,27.3,30.0,-92.7,1.3,0.0,143.0,1
D000985,5.6,1137.0,1.58,29.5,0.53,-68.4,-52.1,23.0,31.0,-98.0,7.8,1.0,116.0,1
D000986,3.6,1061.0,1.51,27.0,,-62.2,,25.9,39.0,-98.7,21.7,1.0,147.0,0
D000987,4.8,1250.0,1.33,31.0,0.62,-61.8,-48.8,27.0,36.0,-91.2,16.2,0.0,138.0,0
D000988,5.0,1141.0,1.12,,0.55,-64.7,-49.9,21.9,42.0,-95.5,11.7,0.0,126.0,0
D000989,4.9,1235.0,1.17,27.0,0.56,-65.5,-48.5,25.0,44.0,-95.2,5.0,1.0,118.0,1
D000990,4.8,1186.0,1.05,33.0,0.45,-66.6,-50.7,24.0,44.0,-94.9,10.7,1.0,132.0,1
D000991,3.1,1108.0,1.2,39.5,0.37,-69.6,-51.1,26.0,41.0,-96.3,5.7,0.0,119.0,1
D000992,4.5,1212.0,1.12,28.5,0.48,-65.3,-52.7,23.2,44.0,-95.8,9.3,0.0,134.0,1
D000993,6.7,1320.0,1.14,22.5,0.35,-60.6,-46.0,20.2,41.0,-99.8,7.8,0.0,138.0,0
D000994,4.6,1125.0,1.11,27.5,0.47,-64.6,-51.5,24.7,40.0,-95.7,8.0,0.0,125.0,1
D000995,5.1,1237.0,1.15,28.0,0.53,-66.4,-50.7,22.8,45.0,-95.5,7.2,1.0,127.0,1
D000996,6.5,1219.0,1.42,23.5,0.44,-63.3,-52.0,24.3,49.0,-95.9,10.9,1.0,107.0,1
D000997,4.4,1188.0,1.12,27.0,0.54,-65.1,-52.1,23.8,49.0,-94.0,10.9,0.0,129.0,0
D000998,5.1,1171.0,1.06,26.5,0.46,-65.5,-50.1,21.9,43.0,,8.9,0.0,126.0,1
D000999,4.2,1305.0,1.18,26.5,0.45,-66.2,-51.7,24.0,48.0,-100.0,11.3,1.0,146.0,0
D001000,5.4,1147.0,1.21,26.5,0.47,-64.9,-51.2,23.9,43.0,-97.7,8.1,0.0,126.0,1
D001001,5.2,1228.0,1.1,29.5,0.47,-65.3,-49.7,23.0,49.0,-93.7,8.3,0.0,123.0,1
D001002,3.2,1158.0,1.28,29.5,0.55,-62.9,-53.7,24.7,37.0,-91.6,3.6,1.0,123.0,0
D001003,4.5,1162.0,1.13,31.0,0.52,-63.8,-50.9,23.4,42.0,-95.3,12.6,,136.0,1
D001004,3.5,1380.0,1.03,24.0,0.57,-62.0,,25.9,52.0,-97.3,19.7,1.0,143.0,0
D001005,3.3,1329.0,0.95,27.5,0.35,-67.8,-52.9,26.8,54.0,-92.5,9.4,1.0,139.0,0
D001006,5.9,1129.0,,35.5,0.41,-61.4,-52.1,20.3,43.0,-95.1,21.6,1.0,114.0,0
D001007,4.4,1225.0,0.9,27.0,0.48,-64.3,-51.9,24.5,42.0,-95.3,,0.0,130.0,1
D001008,3.0,1361.0,1.12,31.5,0.56,-66.6,-45.8,26.9,54.0,-94.7,15.7,1.0,143.0,0
D001009,3.9,1239.0,1.06,,0.51,-66.5,-49.1,23.8,42.0,-95.3,7.6,0.0,130.0,1
D001010,6.8,1096.0,1.39,24.0,0.69,-67.9,-49.8,24.3,38.0,-94.7,3.9,1.0,107.0,0
D001011,5.1,1205.0,1.07,29.5,0.49,-68.3,-48.8,25.0,48.0,-94.6,11.2,0.0,121.0,1
D001012,5.2,1370.0,0.98,27.0,0.62,-60.9,-49.0,22.2,36.0,-96.8,19.2,1.0,141.0,0
D001013,4.9,1194.0,1.09,26.0,0.46,-67.0,,23.9,49.0,-93.8,7.8,0.0,124.0,0
D001014,3.6,1049.0,1.47,38.0,0.58,-60.2,-45.2,26.8,53.0,-99.7,6.5,0.0,,0
D001015,4.4,1244.0,1.03,30.0,0.5,-64.8,-48.5,23.5,,-95.5,4.4,1.0,129.0,1
D001016,5.3,1187.0,1.03,26.5,0.47,-67.4,-49.5,25.5,47.0,-94.9,12.7,1.0,131.0,1
D001017,5.4,1082.0,1.24,29.0,0.51,-64.7,-51.4,24.1,39.0,-95.9,7.6,0.0,122.0,1
D001018,4.8,1163.0,1.14,28.0,0.47,-66.4,-48.8,23.9,44.0,-94.3,10.8,1.0,131.0,1
D001019,5.0,1182.0,1.14,27.5,0.52,-65.2,-49.6,23.3,52.0,-95.6,8.6,0.0,135.0,1
D001020,6.6,1057.0,1.48,36.5,0.63,-65.1,-46.5,29.6,49.0,-99.2,12.2,0.0,136.0,0
D001021,5.0,1183.0,1.14,29.5,0.46,-64.0,-50.3,25.4,40.0,-94.1,7.7,0.0,134.0,1
D001022,4.8,1214.0,1.39,21.5,0.39,-68.4,-46.8,24.3,53.0,-95.5,,0.0,148.0,1
D001023,5.2,1182.0,1.18,29.0,0.46,-65.7,-51.1,25.0,41.0,-97.4,11.1,1.0,129.0,0
D001024,4.9,1165.0,1.08,31.5,0.48,-66.7,-49.8,22.7,45.0,-95.3,7.5,0.0,133.0,1
D001025,4.5,1189.0,1.07,29.5,0.49,-65.8,-50.5,24.6,,-95.3,7.4,0.0,127.0,1
D001026,5.2,1131.0,1.08,28.5,0.48,-65.3,-49.9,23.2,40.0,-95.3,9.0,1.0,134.0,1
D001027,5.2,1044.0,1.28,25.0,0.32,-60.1,-54.8,23.6,43.0,-92.6,11.5,1.0,128.0,0
D001028,5.1,1203.0,1.06,29.0,0.46,-63.8,-50.9,23.0,45.0,-95.1,8.5,0.0,136.0,1
D001029,5.0,1180.0,1.06,32.5,0.42,-68.0,-52.0,23.2,49.0,-95.1,11.2,1.0,129.0,1
D001030,4.5,1174.0,1.06,27.5,0.52,-64.7,-49.3,24.0,43.0,-96.8,6.2,1.0,129.0,1
D001031,5.3,1218.0,0.99,31.0,0.52,-65.3,-49.3,22.9,42.0,-95.6,8.1,1.0,125.0,1
D001032,4.9,1181.0,1.08,27.5,0.52,-64.7,-50.8,24.9,43.0,-94.0,8.4,1.0,123.0,0
D001033,5.7,1169.0,1.11,27.0,0.42,-66.6,-50.7,24.6,42.0,-96.0,10.5,1.0,127.0,1
D001034,4.3,1142.0,1.18,26.5,0.49,-64.8,-49.4,22.3,49.0,-94.4,7.4,1.0,125.0,0
D001035,4.3,1121.0,0.99,32.0,0.51,-63.3,-49.7,24.4,43.0,-95.1,12.8,1.0,140.0,1
D001036,3.9,1007.0,1.05,28.0,0.39,-67.6,,22.9,49.0,-92.4,12.9,0.0,142.0,0
D001037,4.5,1183.0,1.09,30.5,0.47,-65.2,-48.7,22.9,41.0,-95.6,,0.0,125.0,1
D001038,5.1,1180.0,0.98,33.5,0.58,-60.3,-50.8,23.1,39.0,-98.3,2.4,1.0,125.0,1
D001039,5.1,1164.0,1.02,30.5,0.5,-66.1,-50.3,24.1,45.0,-96.1,10.1,0.0,128.0,1
D001040,5.0,1086.0,1.07,27.5,0.5,-69.2,-52.6,24.0,48.0,-96.0,15.2,0.0,133.0,1
D001041,5.6,1170.0,1.38,36.0,0.53,-65.2,-45.8,27.5,32.0,-99.2,22.7,0.0,137.0,1
D001042,5.0,1182.0,1.28,26.0,0.5,-64.9,-50.6,23.2,47.0,-95.2,9.2,0.0,123.0,1
D001043,4.3,1372.0,,32.0,0.54,-69.9,-51.4,25.9,47.0,-92.9,2.2,0.0,112.0,1
D001044,5.8,1193.0,1.49,36.0,0.46,-67.1,-54.4,29.4,42.0,-97.6,4.7,,117.0,1
D001045,5.1,1074.0,1.48,28.5,0.44,-63.5,-47.3,29.4,41.0,-99.2,21.2,0.0,112.0,0
D001046,4.0,1283.0,1.22,28.5,0.47,-66.1,-51.2,23.1,46.0,,9.6,1.0,124.0,0
D001047,4.3,1216.0,1.14,30.5,0.45,-64.5,-48.7,22.2,,-94.0,10.2,0.0,127.0,0
D001048,5.1,1222.0,1.11,29.5,0.49,-65.5,-51.0,23.7,40.0,-95.6,12.2,0.0,134.0,1
D001049,3.3,1279.0,1.43,35.0,0.64,-67.5,-50.5,29.4,35.0,-97.1,8.7,1.0,143.0,0
D001050,4.5,1186.0,1.08,29.0,0.51,-65.8,-49.2,25.5,51.0,-95.6,11.4,1.0,131.0,1
D001051,6.5,1142.0,1.06,34.5,0.57,-62.4,-50.5,21.7,31.0,-97.8,9.5,0.0,147.0,1
D001052,5.0,1202.0,1.13,30.5,0.46,,-47.7,24.7,46.0,-95.4,5.4,0.0,134.0,1
D001053,5.7,1314.0,0.8,31.5,0.43,-65.1,-50.0,24.9,56.0,-97.0,10.8,0.0,137.0,1
D001054,6.1,1041.0,1.41,34.0,0.56,-69.1,-53.5,20.2,53.0,-91.8,6.6,0.0,126.0,1
D001055,5.5,1167.0,1.07,30.0,0.47,-66.3,-49.5,22.7,48.0,-94.6,8.9,1.0,130.0,1
D001056,4.8,1181.0,1.07,33.5,0.43,-66.1,-49.9,24.8,43.0,-94.9,12.5,1.0,123.0,0
D001057,5.0,1157.0,1.11,30.5,0.44,-65.3,-50.4,21.7,46.0,-95.3,8.0,0.0,137.0,1
D001058,4.0,1117.0,1.58,22.0,0.52,-61.3,-45.2,23.1,50.0,-97.2,5.8,1.0,127.0,0
D001059,5.8,1239.0,1.11,30.0,0.49,-64.2,-49.6,24.6,43.0,-95.4,6.4,0.0,136.0,1
D001060,4.0,1177.0,1.16,26.5,0.52,-64.9,,26.1,45.0,-95.0,11.0,1.0,128.0,0
D001061,4.5,1147.0,1.17,26.5,0.51,-65.4,-50.0,24.6,45.0,-95.5,5.5,1.0,130.0,1
D001062,5.0,1123.0,1.04,28.0,0.48,-65.0,-48.8,23.8,48.0,-95.3,8.4,1.0,136.0,1
D001063,3.7,1164.0,1.13,27.0,0.49,-66.1,-51.9,22.8,47.0,-94.2,5.8,0.0,137.0,1
D001064,4.3,1139.0,1.14,27.5,0.54,-66.1,-51.2,21.4,44.0,-95.3,8.9,0.0,121.0,1
D001065,5.1,1187.0,1.14,27.0,0.54,-65.9,-49.7,24.0,45.0,,8.8,0.0,125.0,0
D001066,3.9,1073.0,1.22,35.5,0.39,-65.6,-47.0,22.3,44.0,-95.9,7.2,1.0,,0
D001067,,1161.0,1.12,30.5,0.49,-66.0,-48.6,24.7,43.0,-95.4,8.4,1.0,129.0,1
D001068,5.6,1160.0,1.16,28.0,0.47,-65.0,-50.2,21.5,49.0,-93.8,9.4,1.0,127.0,1
D001069,3.9,1160.0,1.03,29.0,0.56,-65.0,-49.2,22.2,43.0,-95.3,5.2,0.0,127.0,1
D001070,6.8,1117.0,0.96,27.0,0.48,-62.3,-52.1,26.2,53.0,-91.8,12.7,1.0,112.0,0
D001071,3.3,1377.0,1.23,35.0,0.49,-66.1,-51.1,28.4,58.0,-98.3,16.8,0.0,107.0,0
D001072,5.0,1225.0,1.16,22.5,0.48,-66.5,-48.2,23.9,39.0,-94.8,11.4,1.0,121.0,0
D001073,4.8,1180.0,0.93,30.5,0.52,-65.2,-50.1,24.1,39.0,,10.1,1.0,132.0,1
D001074,5.8,1203.0,1.12,31.5,0.53,-66.6,-49.5,22.2,39.0,-95.1,10.8,0.0,,1
D001075,5.6,1176.0,1.19,30.0,0.47,,-49.1,24.0,44.0,-94.7,10.6,0.0,132.0,1
D001076,4.8,1146.0,1.22,30.5,0.47,-66.6,-49.0,24.4,45.0,-94.1,8.3,1.0,120.0,1
D001077,4.8,1198.0,1.02,31.5,0.54,-64.6,-50.6,25.5,40.0,-93.5,11.5,0.0,132.0,1
D001078,5.5,1115.0,1.42,30.0,0.51,-65.1,-52.8,28.4,57.0,-90.3,7.1,0.0,114.0,0
D001079,5.1,1191.0,,31.5,0.54,-64.8,-49.8,23.8,49.0,-93.1,7.5,1.0,119.0,0
D001080,4.9,1218.0,1.12,29.0,0.45,-65.6,-50.6,26.2,44.0,-94.9,1.8,1.0,126.0,1
D001081,4.9,1119.0,1.06,27.5,0.4,-66.6,-50.9,24.3,43.0,-95.2,9.3,1.0,133.0,1
D001082,5.3,1320.0,1.45,33.5,0.64,-65.5,-47.0,27.0,56.0,-94.1,2.1,1.0,103.0,0
D001083,4.5,1201.0,1.47,34.0,0.48,-63.1,-50.3,28.9,50.0,-93.7,,1.0,130.0,0
D001084,4.6,1165.0,1.13,25.5,0.49,-65.3,-50.5,22.6,45.0,-96.8,6.4,1.0,132.0,1
D001085,4.8,1235.0,0.99,24.5,0.54,-63.7,-48.4,23.6,48.0,-94.6,5.8,0.0,127.0,1
D001086,5.4,1086.0,1.08,24.5,0.47,-67.1,-49.3,24.5,49.0,-94.6,9.9,0.0,132.0,1
D001087,4.5,1187.0,0.97,32.0,0.49,-64.8,-51.3,23.4,41.0,-95.7,9.7,1.0,128.0,1
D001088,5.0,1165.0,1.2,27.0,0.48,-66.5,-49.0,23.5,43.0,-94.4,7.3,0.0,128.0,1
D001089,4.0,1167.0,1.16,33.0,0.45,-64.5,-50.1,21.9,40.0,-95.4,4.2,1.0,124.0,1
D001090,4.7,1101.0,1.05,26.0,0.45,-65.3,-50.5,23.7,43.0,-96.0,6.8,1.0,136.0,1
D001091,4.7,1175.0,1.17,31.5,0.5,-65.8,-49.8,24.7,45.0,-95.9,12.6,1.0,131.0,1
D001092,3.9,1138.0,1.11,32.0,0.44,-66.3,-51.1,23.0,40.0,-95.4,10.7,1.0,121.0,0
D001093,3.3,1096.0,0.95,40.0,0.31,-62.5,-54.7,26.3,55.0,-98.6,14.5,1.0,119.0,0
D001094,3.7,1059.0,0.92,22.0,0.69,-63.6,-49.4,21.8,38.0,-94.2,18.5,1.0,112.0,0
D001095,6.9,1167.0,1.11,33.5,0.55,-61.3,-53.7,25.0,41.0,-94.7,5.4,0.0,101.0,1
D001096,4.6,1159.0,1.24,31.0,0.5,-64.2,,24.5,45.0,-95.0,14.3,1.0,130.0,1
D001097,3.6,1339.0,1.13,38.5,0.43,-66.2,-45.4,22.6,50.0,-98.8,13.6,1.0,104.0,0
D001098,5.6,1213.0,1.2,31.5,0.5,-64.0,-50.6,24.3,43.0,-95.2,7.6,0.0,127.0,0
D001099,3.4,1165.0,1.29,20.5,0.33,-63.2,-47.3,25.4,42.0,-90.4,21.5,0.0,108.0,0
D001100,4.6,1149.0,1.04,30.0,0.5,-66.6,-51.6,24.1,,-95.6,12.3,0.0,126.0,1
D001101,5.1,1168.0,1.25,29.0,0.46,-65.3,-49.3,23.6,45.0,-96.0,13.7,0.0,127.0,1
D001102,4.8,1212.0,1.04,32.0,0.54,-66.5,-50.7,23.2,51.0,-96.1,12.9,0.0,124.0,1
D001103,4.9,1174.0,1.24,25.5,0.46,-65.7,-50.9,24.2,,-94.2,9.1,1.0,126.0,1
D001104,5.5,1130.0,1.13,27.5,0.43,-66.6,-50.0,24.7,47.0,-94.1,11.6,0.0,132.0,1
D001105,4.9,1224.0,1.01,27.5,0.41,-65.4,-50.0,23.1,45.0,-96.3,11.0,1.0,129.0,1
D001106,4.7,1153.0,1.05,30.5,0.49,-65.1,-49.2,25.0,46.0,-95.9,12.1,1.0,129.0,0
D001107,4.4,1118.0,1.06,30.0,0.48,-66.0,-50.9,24.6,44.0,-97.0,4.4,0.0,126.0,1
D001108,4.5,1009.0,1.12,24.0,0.31,-60.0,-48.8,23.1,42.0,-99.0,19.3,0.0,139.0,0
D001109,4.8,1233.0,1.17,28.5,0.5,-64.7,-51.3,25.2,43.0,-95.0,4.9,,128.0,0
D001110,4.6,1139.0,1.15,31.0,0.45,-65.9,-49.1,24.6,45.0,-95.1,9.3,0.0,129.0,1
D001111,5.1,1392.0,1.47,25.5,0.43,-69.4,-48.5,21.6,33.0,-93.6,10.8,0.0,146.0,1
D001112,6.7,1175.0,1.46,29.0,0.51,-62.6,-45.9,22.2,46.0,-90.4,16.6,1.0,147.0,1
D001113,4.8,1184.0,1.15,30.5,0.51,-65.8,-48.9,21.8,45.0,-94.3,9.1,1.0,122.0,0
D001114,3.4,1301.0,1.44,37.5,0.36,-66.0,-45.5,21.0,56.0,-93.9,9.5,1.0,120.0,0
D001115,4.4,1222.0,1.21,29.5,0.48,-65.8,-50.5,23.9,44.0,-95.6,8.2,1.0,120.0,1
D001116,3.6,1161.0,1.21,28.0,0.5,-66.0,-49.8,23.6,43.0,-97.6,5.9,0.0,124.0,1
D001117,6.6,1354.0,1.28,23.5,0.54,-69.0,-53.0,24.2,33.0,-95.8,17.4,1.0,141.0,1
D001118,4.9,1218.0,1.0,29.5,0.49,-65.1,-50.2,22.7,42.0,-96.0,8.5,1.0,124.0,1
D001119,4.4,1202.0,1.11,30.5,0.42,-65.9,-50.0,25.0,45.0,-96.0,11.2,0.0,131.0,1
D001120,4.7,1137.0,1.11,30.5,,-65.5,-49.5,23.3,44.0,-95.1,10.0,0.0,129.0,1
D001121,5.3,1366.0,1.12,25.5,0.68,-66.0,-54.5,29.3,55.0,-93.0,12.5,1.0,149.0,0
D001122,5.0,,1.14,28.0,0.5,-66.1,-50.1,23.6,49.0,-93.8,9.1,1.0,123.0,1
D001123,4.7,1209.0,1.25,29.5,0.54,-64.7,-50.7,24.3,43.0,-94.7,9.4,1.0,130.0,0
D001124,5.5,1088.0,0.92,30.5,0.46,-67.1,-51.1,25.4,41.0,-95.1,6.8,0.0,123.0,1
D001125,5.0,1208.0,1.17,34.5,0.5,-65.1,-51.5,23.8,43.0,-94.4,11.5,1.0,130.0,1
D001126,5.1,1230.0,0.99,28.5,0.53,-64.8,-50.1,24.8,45.0,-97.4,9.0,0.0,134.0,1
D001127,5.6,1183.0,1.12,28.0,0.45,-64.9,-50.7,25.1,42.0,-94.8,10.0,0.0,120.0,1
D001128,4.6,1148.0,1.02,30.0,0.45,-66.8,-50.0,24.0,46.0,-95.4,9.6,0.0,129.0,1
D001129,5.4,1165.0,1.17,29.5,0.5,-65.2,-51.5,24.1,51.0,-96.0,10.6,1.0,127.0,1
D001130,4.8,1154.0,1.07,30.5,0.54,-66.2,-50.5,22.5,44.0,-95.5,10.1,1.0,125.0,1
D001131,5.3,1195.0,0.93,23.0,0.5,-60.4,-46.2,28.2,33.0,-95.6,7.4,1.0,119.0,0
D001132,6.8,1281.0,1.39,,0.34,-62.6,-52.3,27.6,46.0,-93.8,4.2,1.0,135.0,0
D001133,5.1,1173.0,1.2,27.5,,-65.4,-48.9,26.0,46.0,-95.8,9.7,0.0,129.0,1
D001134,4.5,1175.0,1.09,30.0,0.41,-66.5,-51.0,23.2,46.0,-94.8,4.4,1.0,131.0,1
D001135,4.7,1144.0,1.12,31.0,0.5,-64.6,-50.4,24.7,42.0,-96.0,10.3,1.0,127.0,1
D001136,4.3,1162.0,1.14,30.5,0.44,-64.8,-49.2,24.1,43.0,-95.5,8.8,1.0,129.0,1
D001137,4.3,1231.0,1.24,29.0,0.5,-65.6,-49.4,22.7,47.0,-94.1,4.1,0.0,124.0,0
D001138,5.1,1245.0,1.02,29.0,0.5,-64.1,-48.5,22.2,38.0,-96.8,12.2,0.0,127.0,1
D001139,4.4,1192.0,1.13,31.0,0.45,-66.2,-50.9,22.7,47.0,-98.1,8.6,,137.0,1
D001140,4.0,1133.0,1.12,30.0,0.44,-66.7,-52.5,24.0,41.0,-96.4,13.9,1.0,126.0,1
D001141,4.0,1188.0,1.08,30.0,0.45,-65.6,-49.1,23.7,48.0,-94.2,9.7,1.0,132.0,0
D001142,4.2,1180.0,1.0,27.0,0.56,-65.9,-48.9,24.4,49.0,-95.2,9.7,1.0,131.0,1
D001143,5.0,1203.0,1.04,28.0,0.51,-64.9,-48.1,23.4,43.0,-95.0,7.6,0.0,122.0,1
D001144,4.9,1234.0,1.15,33.0,0.45,-66.3,-49.4,25.2,46.0,-96.5,11.0,1.0,130.0,1
D001145,5.9,1170.0,1.1,20.5,0.31,-63.2,-54.9,27.5,46.0,-99.0,17.0,0.0,137.0,0
D001146,6.8,1138.0,0.94,30.5,0.66,-63.1,-55.0,25.8,54.0,-94.4,18.4,1.0,132.0,1
D001147,4.4,1042.0,1.19,36.5,0.5,-66.6,-52.1,20.6,37.0,-91.2,13.3,1.0,134.0,1
D001148,4.2,1140.0,0.88,21.5,0.62,-62.1,-51.4,22.4,60.0,-92.5,11.1,1.0,147.0,0
D001149,5.6,1340.0,1.15,28.0,0.63,-68.8,-50.1,23.8,56.0,-97.7,21.2,1.0,117.0,0
D001150,4.3,1212.0,1.06,29.5,0.55,-65.2,-49.1,23.4,38.0,-95.4,9.5,1.0,126.0,0
D001151,3.7,1221.0,1.14,27.0,0.5,-65.4,-50.8,23.3,42.0,-96.7,8.8,0.0,124.0,1
D001152,5.0,1227.0,0.91,,0.69,-63.5,-48.0,23.1,34.0,-96.5,8.3,0.0,106.0,0
D001153,4.3,1293.0,1.03,28.5,0.41,,-53.5,25.1,36.0,-90.5,0.8,,103.0,0
D001154,5.4,1218.0,1.09,28.5,0.46,-65.1,-48.6,22.4,40.0,-98.2,10.9,1.0,134.0,1
D001155,4.3,1133.0,0.96,,0.49,-65.9,-48.2,23.8,43.0,-96.1,11.1,0.0,131.0,1
D001156,4.2,1068.0,1.31,26.0,0.42,-63.5,-53.1,24.8,59.0,-98.0,14.8,1.0,121.0,0
D001157,5.5,1151.0,0.83,33.5,0.41,-61.0,-48.0,25.4,36.0,-92.4,2.8,0.0,136.0,1
D001158,4.8,1179.0,1.02,29.5,0.5,-65.3,-48.4,25.2,46.0,-95.9,8.3,,128.0,1
D001159,3.1,1073.0,0.97,36.5,0.56,-67.5,,20.9,35.0,-98.8,2.4,1.0,106.0,1
D001160,4.4,1175.0,1.15,29.0,0.46,-63.7,-50.6,23.5,41.0,-94.2,9.0,0.0,124.0,1
D001161,4.2,1196.0,1.13,31.0,0.48,-66.3,-49.1,22.5,47.0,-95.7,8.8,0.0,125.0,1
D001162,5.2,1145.0,1.15,29.5,0.51,-66.1,-51.7,24.9,45.0,-95.5,6.8,0.0,130.0,1
D001163,4.6,1183.0,1.09,24.5,0.43,-65.2,-50.2,26.9,42.0,-95.4,8.8,0.0,124.0,1
D001164,5.0,1141.0,1.15,29.5,0.5,-65.0,-51.5,22.1,49.0,-92.9,8.4,0.0,128.0,1
D001165,3.6,1110.0,1.34,30.0,0.57,-60.2,-49.4,24.1,50.0,-97.7,17.4,0.0,144.0,0
D001166,4.7,1159.0,1.07,32.0,0.58,-63.7,-49.7,23.9,45.0,-94.6,6.9,0.0,130.0,0
D001167,4.9,1205.0,1.16,28.0,0.49,-67.5,-51.0,24.4,42.0,-96.3,8.9,1.0,126.0,1
D001168,5.0,1213.0,0.98,29.0,0.5,-65.1,-48.0,22.9,44.0,-95.0,10.4,1.0,128.0,1
D001169,4.8,1076.0,1.09,23.5,0.65,-68.9,-54.8,25.7,39.0,-95.9,23.2,1.0,123.0,0
D001170,5.1,1225.0,1.06,30.0,0.46,-64.7,-50.7,24.0,44.0,,13.8,1.0,130.0,1
D001171,3.9,1101.0,1.58,26.5,0.63,,-54.9,20.5,35.0,-100.0,7.6,1.0,141.0,0
D001172,5.2,1231.0,1.03,,0.52,-66.1,-49.4,27.8,48.0,-96.4,7.6,1.0,134.0,1
D001173,5.3,1245.0,1.12,30.5,0.51,-64.4,-49.9,24.1,43.0,-95.1,7.7,0.0,129.0,1
D001174,5.1,1188.0,1.12,26.0,0.5,-65.1,-48.1,23.7,46.0,-96.4,8.8,1.0,120.0,1
D001175,3.2,1142.0,1.32,32.5,0.32,-60.1,-48.6,22.5,55.0,-95.7,10.3,0.0,114.0,0
D001176,4.7,1143.0,1.11,31.0,0.48,-65.1,-49.7,24.0,45.0,-96.4,12.1,0.0,139.0,1
D001177,5.6,1147.0,1.07,30.0,0.39,-65.5,-50.4,24.0,47.0,-94.9,5.6,1.0,130.0,1
D001178,4.0,1185.0,1.05,26.0,0.56,-66.2,-49.2,21.4,40.0,-95.0,11.1,1.0,136.0,1
D001179,4.7,1235.0,1.13,27.0,0.49,-65.5,-48.6,24.4,46.0,,6.8,0.0,126.0,1
D001180,4.7,1223.0,1.03,30.5,0.42,-65.3,-49.3,26.3,48.0,-96.0,7.7,1.0,130.0,0
D001181,5.0,1210.0,1.18,30.0,0.42,-63.8,-50.2,24.2,44.0,-95.8,11.9,1.0,132.0,1
D001182,4.8,1148.0,1.22,30.5,0.46,-65.5,-50.3,23.1,44.0,-95.5,5.2,0.0,125.0,1
D001183,4.4,,,29.0,0.54,-65.8,-50.3,24.4,43.0,-95.3,6.4,0.0,122.0,1
D001184,4.3,1175.0,1.15,27.5,0.45,-64.8,-49.1,25.7,46.0,-95.6,11.0,1.0,126.0,0
D001185,4.8,1206.0,1.28,29.5,0.45,-64.4,-50.4,24.6,47.0,-95.8,3.3,0.0,132.0,1
D001186,4.6,1217.0,1.04,30.0,0.46,-66.9,-49.3,25.0,46.0,-96.9,5.0,,134.0,1
D001187,5.0,1215.0,0.89,28.5,0.54,-65.8,-51.7,24.4,42.0,-94.9,10.0,1.0,120.0,1
D001188,7.0,1352.0,0.94,26.5,0.63,-62.4,-47.6,27.4,47.0,-96.5,22.6,1.0,112.0,0
D001189,3.7,1296.0,,36.5,0.41,-66.5,-52.5,20.9,50.0,-90.2,5.0,1.0,129.0,1
D001190,4.7,1213.0,0.83,23.0,0.3,-66.7,-50.1,26.8,51.0,-95.4,6.6,1.0,141.0,0
D001191,4.7,1269.0,1.44,22.0,0.63,-67.6,-48.6,28.7,47.0,-98.6,9.1,0.0,132.0,0
D001192,4.8,1213.0,1.1,28.5,0.47,-66.5,-50.3,23.2,48.0,-97.2,2.7,0.0,131.0,1
D001193,5.3,1217.0,1.33,29.0,0.42,-65.3,-50.7,22.9,46.0,-94.7,8.5,0.0,128.0,1
D001194,5.6,1028.0,1.15,27.5,0.41,-67.1,-50.3,25.7,40.0,-90.8,0.3,1.0,145.0,1
D001195,3.4,1359.0,0.95,36.5,0.48,-69.7,-45.5,27.2,53.0,-99.1,17.7,1.0,133.0,1
D001196,4.6,1215.0,1.15,32.0,0.52,-66.1,-50.2,22.6,43.0,-95.5,10.8,0.0,119.0,1
D001197,5.5,1301.0,1.07,30.0,0.58,-64.8,-49.7,24.3,45.0,-96.7,6.8,0.0,121.0,1
D001198,,1270.0,0.88,38.5,0.67,-65.5,-50.9,25.0,59.0,-99.0,8.4,1.0,107.0,1
D001199,5.5,1203.0,1.1,39.0,0.67,,-52.0,29.6,46.0,-93.0,14.0,0.0,131.0,1
D001200,4.7,1146.0,1.06,30.0,0.45,-67.7,-48.9,23.8,45.0,-94.5,5.5,1.0,130.0,1
D001201,4.3,1204.0,1.18,33.0,0.48,-64.5,-50.0,23.2,40.0,-94.9,9.4,0.0,122.0,1
D001202,5.0,1220.0,0.94,28.0,0.42,-65.3,-51.9,22.1,49.0,-93.3,8.0,1.0,128.0,1
D001203,5.0,1308.0,1.23,37.0,0.65,-62.9,-47.7,22.9,41.0,-93.3,22.9,1.0,130.0,0
D001204,4.7,1131.0,1.22,30.0,0.46,-66.7,-49.8,23.6,45.0,-95.2,6.7,0.0,127.0,1
D001205,5.2,1162.0,1.51,38.5,0.42,-69.8,-45.1,23.8,55.0,-90.5,17.7,1.0,126.0,0
D001206,4.4,1246.0,1.14,32.5,0.46,-64.4,-50.4,23.6,44.0,-95.7,6.8,1.0,134.0,1
D001207,4.8,1271.0,1.14,30.5,0.47,-65.3,-48.7,25.3,41.0,-96.3,11.2,1.0,128.0,1
D001208,4.2,1173.0,1.2,28.0,0.5,-67.0,-51.1,24.1,47.0,-96.0,8.3,1.0,131.0,1
D001209,4.3,1278.0,1.46,36.0,0.59,-65.7,-51.6,,60.0,-95.3,14.7,1.0,115.0,0
D001210,4.7,1357.0,0.99,37.5,0.33,-68.0,-52.6,24.4,49.0,-95.2,17.1,0.0,109.0,0
D001211,5.3,1146.0,1.08,29.0,0.45,-66.1,-49.2,23.8,49.0,-96.3,6.9,1.0,125.0,1
D001212,4.3,1383.0,1.42,22.5,0.56,-62.0,-49.8,,54.0,-97.9,14.9,0.0,136.0,0
D001213,4.9,1272.0,0.94,39.5,0.64,-65.0,-50.7,23.1,44.0,-93.2,1.4,0.0,139.0,1
D001214,5.0,1186.0,1.19,29.0,0.48,-67.4,-50.9,21.5,39.0,-95.4,9.6,0.0,135.0,1
D001215,4.9,1176.0,1.09,25.5,0.49,,-49.9,22.9,43.0,-94.5,8.8,1.0,131.0,1
D001216,4.0,1175.0,1.08,24.0,0.43,,-52.3,22.6,40.0,-94.8,7.2,0.0,122.0,0
D001217,4.1,1145.0,1.22,29.5,0.48,-67.0,-50.4,25.2,42.0,-96.0,10.8,1.0,122.0,0
D001218,6.6,1131.0,1.49,27.0,0.3,-68.7,-51.9,20.6,32.0,-98.8,5.2,0.0,101.0,0
D001219,5.5,1181.0,0.98,30.0,0.44,-66.5,-51.9,22.9,39.0,-96.0,7.6,1.0,128.0,1
D001220,4.6,1135.0,1.16,30.0,0.49,-65.5,-50.2,23.2,46.0,-96.3,13.3,0.0,122.0,1
D001221,5.1,1231.0,0.97,32.5,0.46,-64.1,-48.1,23.1,43.0,-96.0,6.5,0.0,137.0,1
D001222,4.4,1122.0,1.06,25.0,0.51,-66.3,-50.5,22.3,43.0,-95.8,9.9,1.0,134.0,1
D001223,4.9,1138.0,0.95,28.0,0.48,-65.2,-52.1,25.1,44.0,-96.6,9.9,1.0,123.0,1
D001224,4.6,1194.0,1.04,25.5,0.51,-64.3,-51.0,26.0,44.0,-93.8,10.8,1.0,125.0,0
D001225,3.7,1367.0,1.01,39.5,0.43,-61.1,-49.4,22.4,40.0,-92.5,22.7,0.0,147.0,0
D001226,5.3,1146.0,1.24,33.0,0.46,-66.1,-49.9,23.7,46.0,-95.9,11.4,1.0,131.0,1
D001227,4.0,1165.0,1.06,36.0,0.37,-62.8,-46.4,23.0,49.0,-96.7,1.3,0.0,115.0,0
D001228,4.6,1198.0,1.07,28.0,0.44,-65.5,-50.4,26.6,46.0,-97.1,14.0,1.0,129.0,1
D001229,3.4,1283.0,1.06,30.5,0.33,-67.0,-46.1,24.2,47.0,-96.4,17.4,0.0,148.0,1
D001230,5.6,1311.0,1.53,23.0,0.54,-61.3,-51.0,28.3,57.0,-93.7,9.5,0.0,113.0,0
D001231,5.1,1177.0,1.14,27.5,0.45,-66.2,-49.9,23.4,43.0,-94.0,7.2,0.0,125.0,1
D001232,5.1,1377.0,1.6,,0.56,-60.5,-52.9,24.7,45.0,-95.5,7.5,1.0,144.0,1
D001233,6.0,1300.0,1.33,31.5,0.38,-68.1,-52.5,29.1,58.0,-93.9,2.4,1.0,110.0,0
D001234,3.4,1010.0,1.15,38.5,0.43,-68.6,-53.7,21.2,56.0,-92.4,21.6,0.0,117.0,1
D001235,5.6,1246.0,1.11,28.5,0.49,-64.5,-49.5,25.8,44.0,-96.6,7.9,1.0,129.0,1
D001236,5.4,1169.0,1.27,32.5,0.46,-65.7,-49.4,24.0,46.0,-94.3,8.1,1.0,133.0,1
D001237,5.1,1187.0,1.01,31.5,0.51,-66.1,-49.0,24.8,41.0,,7.8,0.0,131.0,1
D001238,4.1,1192.0,1.58,34.5,0.58,-68.8,-46.5,28.9,34.0,-92.3,11.1,1.0,149.0,0
D001239,3.7,1208.0,0.93,40.0,0.4,-69.2,-46.6,22.2,32.0,-91.5,22.8,1.0,103.0,0
D001240,4.3,1225.0,1.09,31.0,0.59,-65.2,-49.0,24.4,45.0,-95.7,4.1,1.0,,0
D001241,4.9,1099.0,1.09,26.0,0.42,-69.6,-50.4,20.9,36.0,-91.0,9.3,1.0,107.0,1
D001242,4.5,1168.0,1.02,28.0,,-65.7,-49.0,23.9,47.0,-95.6,5.7,0.0,135.0,1
D001243,3.3,1132.0,1.6,29.5,0.34,-68.4,-49.5,22.0,52.0,-98.9,18.1,1.0,107.0,0
D001244,4.8,1261.0,1.04,29.0,0.46,-64.2,-49.7,25.3,48.0,-94.5,8.4,1.0,135.0,1
D001245,4.8,1175.0,1.06,30.0,0.47,-66.2,-49.8,22.4,46.0,-94.0,11.0,0.0,122.0,1
D001246,5.5,1265.0,0.87,34.5,,-66.3,-45.6,24.9,46.0,-91.0,0.6,0.0,102.0,1
D001247,3.5,1180.0,1.27,32.0,0.51,,-49.9,24.1,52.0,-92.2,11.0,1.0,108.0,0
D001248,4.7,1287.0,1.14,29.0,0.5,-66.1,-49.6,24.3,46.0,-96.1,5.5,0.0,130.0,1
D001249,4.3,1315.0,1.03,24.5,0.38,-65.7,-52.0,23.9,43.0,-93.3,1.2,0.0,136.0,1
D001250,4.9,1220.0,1.09,32.5,0.58,-64.2,,24.6,49.0,-96.7,6.3,1.0,124.0,1
D001251,4.6,1180.0,1.15,30.5,0.5,-64.7,-48.3,,40.0,-94.3,3.5,1.0,135.0,0
D001252,3.5,1319.0,0.92,26.0,0.58,-61.8,-51.5,28.5,58.0,-97.1,15.0,0.0,142.0,0
D001253,3.5,1238.0,1.13,35.5,,-63.1,-45.5,26.6,34.0,-95.6,19.1,1.0,123.0,0
D001254,4.6,1231.0,1.12,30.5,0.48,-65.8,-51.4,25.2,45.0,-96.0,11.9,0.0,131.0,1
D001255,5.9,1382.0,1.01,21.0,0.44,-66.1,-47.6,30.0,41.0,-90.4,12.0,1.0,140.0,0
D001256,5.8,1042.0,1.41,38.0,0.66,-69.3,-53.4,29.3,51.0,-96.3,10.8,1.0,103.0,0
D001257,5.1,1110.0,1.15,27.0,0.51,-65.9,-49.7,23.1,44.0,-94.9,3.8,0.0,129.0,1
D001258,5.0,1242.0,1.06,27.5,0.45,-64.7,-51.5,25.4,40.0,-95.1,10.5,0.0,133.0,1
D001259,4.0,1015.0,1.44,26.5,0.31,-65.8,-48.2,21.1,41.0,-90.0,3.8,0.0,146.0,0
D001260,5.3,1112.0,1.1,30.5,0.5,-65.1,-49.9,23.3,44.0,-94.2,10.7,0.0,128.0,1
D001261,5.1,1212.0,1.12,27.5,0.5,-65.8,-49.4,22.6,48.0,-94.8,12.9,1.0,123.0,0
D001262,3.5,1344.0,1.49,22.5,0.63,-68.9,-51.0,23.4,54.0,-95.1,4.9,0.0,122.0,0
D001263,5.4,1194.0,1.08,28.0,0.48,-66.9,-51.7,25.4,43.0,-94.2,8.7,1.0,127.0,1
D001264,5.2,1281.0,1.19,34.5,0.64,-62.9,-46.5,23.8,40.0,-94.4,8.1,1.0,115.0,1
D001265,4.9,1308.0,1.25,34.0,0.4,-68.2,-46.3,22.8,30.0,-98.6,0.3,1.0,129.0,1
D001266,4.6,1160.0,1.07,29.5,0.5,-64.6,-48.5,24.2,44.0,-96.2,6.3,1.0,134.0,1
D001267,4.9,1201.0,1.09,29.0,0.53,-66.7,-49.6,22.8,44.0,-96.6,9.7,0.0,133.0,1
D001268,6.1,1179.0,1.44,27.5,0.64,-62.4,-51.9,28.0,35.0,-95.7,17.5,0.0,106.0,0
D001269,5.0,1119.0,1.1,27.5,,-67.0,-51.4,23.1,40.0,-96.4,10.3,1.0,130.0,1
D001270,4.7,1166.0,1.08,32.5,0.49,-64.5,-51.6,24.9,48.0,-94.8,9.7,0.0,129.0,1
D001271,3.1,1039.0,1.07,21.0,0.32,-63.3,-52.8,26.1,53.0,-94.6,2.2,1.0,108.0,0
D001272,5.3,1313.0,0.92,37.5,0.58,-66.8,-51.2,27.2,45.0,-99.7,4.5,1.0,115.0,1
D001273,5.4,1193.0,1.23,32.5,0.4,-65.3,-49.6,22.8,41.0,-97.2,6.1,1.0,121.0,1
D001274,4.6,1172.0,1.08,31.0,0.49,-65.9,-49.8,23.2,39.0,-94.2,3.2,0.0,141.0,1
D001275,4.5,1041.0,0.88,,0.3,-65.9,-45.0,29.9,34.0,-95.0,11.5,1.0,136.0,0
D001276,3.1,1183.0,1.4,38.0,0.53,-68.9,-46.4,29.5,35.0,-94.8,23.8,1.0,132.0,0
D001277,,1038.0,1.22,35.5,0.5,-69.5,-45.9,25.2,32.0,-98.6,14.8,,118.0,1
D001278,5.8,1006.0,1.21,33.0,0.48,-65.3,-45.7,29.7,32.0,-98.8,18.2,1.0,146.0,1
D001279,6.0,1132.0,0.8,22.5,0.41,-65.3,-49.1,26.7,50.0,-93.3,11.8,1.0,105.0,0
D001280,4.5,1237.0,1.03,31.0,0.47,-66.1,-53.0,23.5,50.0,-94.4,8.0,1.0,130.0,1
D001281,4.4,1097.0,1.08,28.5,0.52,-65.4,-49.9,24.5,46.0,-95.5,10.6,0.0,135.0,1
D001282,4.2,1191.0,1.17,31.0,0.45,-65.3,-47.7,21.2,45.0,-95.0,7.6,0.0,124.0,1
D001283,6.5,1269.0,0.8,39.5,0.43,-61.6,-49.3,21.3,58.0,-92.2,23.5,0.0,126.0,1
D001284,5.2,1172.0,1.29,26.0,0.49,-66.0,-51.0,23.6,42.0,-95.4,12.2,0.0,128.0,1
D001285,4.7,1228.0,1.21,28.0,0.48,-67.5,-52.1,24.6,45.0,-95.8,7.5,1.0,125.0,1
D001286,4.6,1151.0,1.09,28.5,0.46,-64.1,-48.7,23.6,47.0,-96.8,6.5,0.0,111.0,1
D001287,5.0,1215.0,1.01,22.5,0.41,-66.2,-50.3,25.0,47.0,-96.1,5.0,0.0,131.0,1
D001288,,1346.0,1.48,21.5,0.35,-68.8,-49.5,28.0,41.0,-93.8,19.7,1.0,114.0,0
D001289,3.8,1067.0,0.87,,0.41,-69.1,-50.1,20.4,32.0,-95.6,22.1,1.0,114.0,0
D001290,4.2,1099.0,1.26,38.0,0.64,-65.2,-52.0,23.7,37.0,-97.1,22.2,1.0,131.0,0
D001291,4.7,1206.0,0.98,27.0,0.47,-65.1,,22.9,44.0,-95.8,10.8,1.0,122.0,1
D001292,3.9,1220.0,1.55,34.5,0.59,-62.4,-48.4,26.1,53.0,-94.2,18.9,1.0,127.0,0
D001293,4.8,1117.0,1.15,31.0,0.4,-65.6,-50.3,24.9,47.0,-96.6,10.5,1.0,133.0,1
D001294,4.6,1332.0,0.83,35.0,0.31,-64.0,-51.6,24.4,38.0,-96.0,3.1,1.0,140.0,1
D001295,4.9,1190.0,1.09,29.5,0.54,-65.5,-51.9,,44.0,-95.6,9.6,1.0,129.0,1
D001296,5.2,1078.0,1.53,23.5,0.39,-68.5,-46.3,25.7,56.0,-96.4,8.9,1.0,109.0,0
D001297,5.5,1205.0,1.52,21.0,0.42,-68.3,-46.5,24.8,30.0,-94.8,9.7,1.0,109.0,1
D001298,5.3,1147.0,0.84,36.0,0.59,-64.2,-46.4,24.4,49.0,-98.2,21.3,0.0,111.0,1
D001299,5.6,1183.0,0.94,,0.42,-66.3,-49.4,23.8,51.0,-95.8,11.3,0.0,136.0,1
D001300,5.3,1028.0,1.21,36.5,0.68,-67.0,-47.2,29.9,43.0,-98.2,15.2,0.0,137.0,0
D001301,6.7,1047.0,1.31,29.5,0.47,-69.9,-52.7,29.2,30.0,-99.5,19.4,0.0,134.0,1
D001302,5.4,1182.0,1.09,28.0,0.51,-65.9,-50.3,24.0,46.0,-95.7,13.4,0.0,130.0,1
D001303,5.0,1017.0,1.07,27.5,0.38,-64.2,-47.3,27.8,58.0,-97.7,7.1,0.0,123.0,0
D001304,5.4,1162.0,1.04,32.0,0.54,-65.5,-50.3,25.3,44.0,-96.0,6.5,1.0,127.0,1
D001305,5.0,1184.0,1.03,30.0,0.52,-62.9,-51.1,24.4,44.0,-97.1,10.7,1.0,135.0,1
D001306,4.7,1233.0,1.03,30.0,0.54,-64.9,-48.7,22.9,47.0,-95.4,7.1,0.0,129.0,1
D001307,3.5,1327.0,0.87,30.5,0.65,-60.1,-49.4,21.6,40.0,-91.6,,0.0,122.0,0
D001308,5.7,1400.0,0.91,20.0,0.35,-65.2,-45.9,25.2,40.0,-95.4,3.9,1.0,112.0,1
D001309,5.1,1210.0,1.16,31.5,0.43,-65.4,-50.1,24.0,42.0,-96.4,8.7,1.0,130.0,1
D001310,4.8,1130.0,1.02,28.0,0.49,-65.9,-50.5,24.7,41.0,-95.0,7.3,0.0,124.0,1
D001311,3.7,1091.0,0.94,36.0,0.59,-62.7,-53.2,20.1,,-97.8,,1.0,132.0,0
D001312,5.1,1228.0,1.39,26.0,0.32,-68.3,-53.6,24.6,48.0,-95.6,6.0,1.0,116.0,0
D001313,4.6,1140.0,1.08,28.0,0.45,-66.4,-50.7,22.5,42.0,-94.6,8.9,0.0,130.0,1
D001314,4.3,1199.0,1.11,33.5,0.46,-65.7,-50.0,24.0,42.0,-95.4,11.2,1.0,133.0,1
D001315,4.9,1264.0,1.09,27.5,0.43,-66.0,-49.5,24.9,47.0,-95.4,10.2,1.0,129.0,1
D001316,4.9,1225.0,1.01,29.5,0.45,-63.9,-50.5,25.5,45.0,-97.0,9.2,1.0,137.0,1
D001317,5.2,1229.0,1.23,28.0,0.49,-67.3,-49.8,22.8,48.0,,10.3,0.0,116.0,1
D001318,4.9,1182.0,1.0,28.5,0.5,-64.2,-50.6,23.6,45.0,-97.4,9.8,0.0,128.0,1
D001319,4.9,1082.0,1.22,26.0,0.48,-64.8,-48.9,24.6,41.0,-96.0,12.5,1.0,133.0,1
D001320,5.0,1159.0,1.14,30.5,0.41,-64.6,-48.6,25.0,45.0,-95.3,9.6,1.0,127.0,1
D001321,4.5,1233.0,1.12,30.0,0.46,-64.9,-50.7,24.4,48.0,-95.9,15.6,0.0,129.0,1
D001322,5.2,1043.0,1.09,26.0,0.68,,-52.8,21.5,44.0,-99.0,2.3,0.0,112.0,1
D001323,6.3,1314.0,,24.5,0.43,-65.3,-50.3,29.9,37.0,-93.3,19.0,0.0,140.0,0
D001324,4.8,1244.0,1.04,29.0,0.59,-67.3,-49.0,22.3,42.0,-94.2,9.3,1.0,125.0,0
D001325,4.1,1226.0,1.03,30.0,0.45,-64.7,-55.0,21.9,41.0,-94.5,4.5,1.0,123.0,1
D001326,4.9,1167.0,1.09,33.0,0.52,-64.9,-51.7,23.2,49.0,-95.4,7.0,1.0,135.0,1
D001327,5.4,1171.0,1.15,31.0,0.5,-62.9,-48.7,23.0,45.0,-95.5,12.7,0.0,117.0,1
D001328,4.6,1191.0,1.08,29.0,0.55,-64.3,-49.0,22.8,43.0,-96.5,10.6,0.0,132.0,0
D001329,3.7,1229.0,1.02,27.5,0.5,-66.8,-49.4,24.2,42.0,-97.1,9.2,0.0,126.0,1
D001330,4.8,1201.0,0.98,27.0,0.51,-64.1,-51.6,21.1,44.0,-95.0,11.2,1.0,121.0,1
D001331,4.2,1016.0,1.53,24.5,0.54,-60.4,-54.8,29.2,56.0,-92.9,8.0,0.0,132.0,0
D001332,4.6,1187.0,1.1,28.0,0.47,-65.5,,24.3,40.0,-93.4,6.0,0.0,129.0,1
D001333,6.8,1292.0,1.56,38.0,0.62,-64.4,-47.4,28.1,47.0,-90.7,20.8,1.0,142.0,0
D001334,3.2,1050.0,1.22,25.0,0.52,-61.7,-54.8,29.9,44.0,-98.0,21.5,1.0,128.0,0
D001335,3.3,1036.0,1.07,20.0,0.55,-62.5,-50.5,20.6,54.0,-98.1,20.3,1.0,144.0,0
D001336,4.8,1109.0,1.18,25.0,0.51,-66.3,-50.9,22.6,44.0,-96.1,9.7,0.0,125.0,1
D001337,4.9,1150.0,1.04,31.5,0.45,-65.7,-50.1,23.9,40.0,-95.1,7.8,0.0,130.0,1
D001338,5.8,1147.0,0.93,30.0,0.59,-63.8,-50.7,23.5,54.0,-95.1,3.6,1.0,119.0,1
D001339,5.2,1299.0,1.06,24.5,0.4,-60.9,-49.8,23.3,52.0,-92.9,9.0,0.0,109.0,0
D001340,4.3,1282.0,0.93,21.5,0.67,-67.3,-49.3,28.0,54.0,-91.2,21.4,1.0,124.0,0
D001341,4.6,1210.0,1.02,28.5,0.46,-63.3,-48.8,22.4,42.0,-95.9,10.9,0.0,134.0,1
D001342,4.9,1133.0,1.03,30.5,0.51,-66.5,-51.4,24.1,42.0,-96.2,6.4,0.0,125.0,1
D001343,5.0,1252.0,1.0,29.0,0.47,-68.1,-51.7,23.1,38.0,-95.9,9.5,0.0,130.0,1
D001344,,1170.0,1.03,38.0,0.49,-61.6,-50.9,24.2,49.0,-92.8,3.7,1.0,,0
D001345,5.4,1217.0,1.1,30.0,0.56,-66.5,-50.2,23.6,45.0,-96.4,,1.0,133.0,1
D001346,4.7,1111.0,1.16,30.0,0.45,-65.0,-49.1,23.1,43.0,-95.2,5.9,1.0,127.0,1
D001347,5.6,1210.0,1.11,28.0,0.45,-65.3,-50.0,24.5,44.0,-94.6,10.1,1.0,130.0,1
D001348,5.1,1183.0,1.22,28.5,0.47,-66.2,-51.1,21.5,49.0,-97.4,7.2,0.0,135.0,1
D001349,4.4,1114.0,1.08,28.5,0.45,-64.6,-49.5,23.2,40.0,-96.1,6.6,1.0,125.0,1
D001350,4.6,1144.0,1.08,29.5,0.48,-63.4,-50.6,23.3,43.0,-95.8,12.9,1.0,122.0,0
D001351,5.8,1227.0,1.23,26.0,0.47,-65.9,-49.8,25.2,41.0,-96.8,9.4,0.0,135.0,1
D001352,4.6,1318.0,1.56,36.5,0.46,-62.8,-54.6,22.0,39.0,-99.6,5.2,0.0,141.0,1
D001353,4.0,1293.0,1.11,23.0,0.59,-67.7,-49.7,22.1,38.0,-93.9,19.5,1.0,126.0,0
D001354,4.9,1198.0,0.98,28.0,0.42,-65.7,-49.1,23.4,42.0,-95.5,11.1,0.0,130.0,1
D001355,4.7,1186.0,,27.0,0.52,-65.1,-49.8,25.0,44.0,-96.5,5.7,1.0,141.0,0
D001356,4.4,1172.0,1.12,29.5,0.54,-65.6,-49.6,23.4,47.0,-97.2,9.1,1.0,135.0,1
D001357,4.5,1155.0,1.13,30.5,0.49,-67.5,-48.0,24.5,41.0,-96.1,7.3,1.0,129.0,1
D001358,5.6,1137.0,1.06,31.0,0.4,-67.2,-48.7,22.1,45.0,-94.4,7.3,0.0,130.0,1
D001359,5.0,1137.0,1.03,28.5,0.49,-64.0,-50.2,25.0,44.0,-93.8,12.9,0.0,132.0,1
D001360,5.3,1212.0,0.99,27.5,0.53,-67.3,-50.0,24.8,40.0,-96.0,10.1,1.0,126.0,1
D001361,4.0,1246.0,,29.0,0.49,-65.0,-50.5,25.2,47.0,-95.7,9.7,1.0,125.0,0
D001362,5.1,1346.0,0.89,33.0,0.45,-67.1,-47.2,23.0,42.0,-93.7,1.7,0.0,126.0,1
D001363,4.9,1172.0,1.13,27.0,0.4,-64.9,-50.3,,46.0,-95.5,8.3,0.0,133.0,1
D001364,4.4,1242.0,1.2,27.5,0.44,-66.0,-50.3,23.6,41.0,-94.5,11.2,1.0,126.0,1
D001365,6.0,1017.0,1.16,39.0,0.52,-69.1,-48.0,21.9,53.0,-91.8,1.0,1.0,150.0,1
D001366,3.2,1232.0,1.01,28.5,0.32,-60.6,-50.5,29.0,35.0,-99.2,12.5,0.0,138.0,0
D001367,5.2,1174.0,1.19,29.5,0.49,-64.9,-49.0,23.9,52.0,-96.6,,1.0,120.0,1
D001368,6.0,1316.0,1.02,30.0,0.35,-64.9,-52.0,24.0,46.0,-93.4,1.1,0.0,139.0,1
D001369,4.6,1269.0,1.11,20.5,0.67,-66.1,-49.4,20.3,31.0,-97.2,6.7,0.0,124.0,0
D001370,4.9,1216.0,1.25,29.5,0.5,-65.2,-51.3,24.9,49.0,-95.5,12.1,1.0,117.0,0
D001371,3.9,1000.0,1.21,20.0,0.35,-69.3,-50.7,24.4,57.0,-91.7,21.9,0.0,103.0,0
D001372,6.6,1342.0,1.48,38.5,0.5,-68.2,-53.0,24.4,33.0,-98.7,6.6,0.0,144.0,1
D001373,4.8,1229.0,1.01,30.5,0.46,-65.7,-49.1,24.8,45.0,-95.6,11.8,1.0,,1
D001374,4.9,1193.0,1.03,32.0,0.48,-64.3,-51.5,24.6,41.0,-95.0,6.9,0.0,127.0,1
D001375,4.3,1164.0,1.13,28.5,0.59,-66.9,-51.1,24.2,47.0,-97.1,7.5,1.0,131.0,1
D001376,4.2,1219.0,1.17,30.0,0.46,-65.9,-50.5,24.7,36.0,-96.0,10.6,,131.0,1
D001377,5.0,1254.0,1.13,29.5,0.48,-64.2,-50.1,25.5,46.0,-94.8,10.9,1.0,122.0,1
D001378,4.8,1171.0,1.04,29.5,0.41,-65.5,-48.9,25.0,43.0,-96.8,11.0,0.0,125.0,1
D001379,5.2,1191.0,1.08,33.0,0.49,-64.9,,24.3,48.0,-94.2,13.5,0.0,120.0,1
D001380,4.8,1186.0,1.11,30.0,0.46,-63.9,-50.0,23.8,44.0,-95.3,10.1,1.0,124.0,1
D001381,3.1,1235.0,1.41,21.0,0.6,-65.9,-45.3,29.4,57.0,-94.7,20.3,1.0,128.0,0
D001382,4.5,1148.0,0.97,27.5,0.51,-65.2,-49.1,25.0,44.0,-95.9,4.3,1.0,127.0,0
D001383,6.4,1104.0,0.96,36.5,0.33,-63.1,-49.4,20.0,39.0,-93.5,14.6,0.0,147.0,0
D001384,5.2,1165.0,1.28,30.0,0.44,-64.3,-49.0,22.4,45.0,-95.7,7.6,1.0,128.0,1
D001385,5.1,1269.0,1.05,30.0,0.58,-64.8,-49.0,23.4,42.0,-94.2,10.4,1.0,125.0,1
D001386,5.2,1117.0,0.95,24.0,0.54,-66.7,-49.9,23.3,47.0,-96.1,11.0,0.0,133.0,1
D001387,4.6,1133.0,1.09,30.0,0.6,-65.2,-51.0,23.9,41.0,-95.2,8.7,0.0,132.0,1
D001388,5.0,1173.0,1.02,28.5,0.49,-65.9,-48.2,26.0,48.0,-96.4,7.8,,,1
D001389,4.6,1237.0,1.17,27.5,0.53,-65.9,-49.3,24.7,47.0,-95.3,6.9,1.0,115.0,1
D001390,5.2,1326.0,0.96,29.5,0.49,-63.8,-46.1,22.6,57.0,-94.4,11.6,1.0,147.0,1
D001391,4.6,1113.0,1.05,28.5,0.49,-64.4,-49.3,24.0,45.0,-96.3,9.9,1.0,132.0,0
D001392,5.1,1172.0,1.14,28.0,0.51,-66.2,-49.1,24.0,45.0,-95.6,9.7,1.0,125.0,1
D001393,4.5,1177.0,0.85,24.0,0.64,-60.1,-50.8,25.6,40.0,-98.1,2.5,0.0,130.0,0
D001394,5.0,1219.0,0.94,27.0,0.44,-65.7,-49.8,23.1,42.0,-95.9,7.9,0.0,122.0,1
D001395,4.9,1188.0,1.05,27.5,0.5,-67.9,-51.3,23.5,45.0,-95.8,6.9,1.0,134.0,1
D001396,4.1,1195.0,0.98,26.5,0.46,-66.4,-50.2,23.0,40.0,-95.9,10.9,1.0,144.0,1
D001397,3.6,1230.0,1.49,37.0,0.59,-65.3,-52.5,29.7,52.0,-91.5,16.8,1.0,106.0,0
D001398,6.5,1366.0,0.93,34.0,0.43,-67.8,-50.4,23.7,38.0,-92.8,0.2,0.0,115.0,1
D001399,4.8,1106.0,1.44,32.5,0.42,-66.3,-49.5,21.7,52.0,-96.4,12.1,1.0,118.0,1
D001400,5.0,1198.0,,29.5,0.47,-65.6,-50.4,23.1,43.0,-96.1,10.7,1.0,121.0,1
D001401,4.9,1053.0,1.08,27.5,0.51,-65.3,-50.6,23.9,38.0,-94.8,9.5,1.0,132.0,1
D001402,6.0,1134.0,1.38,25.5,0.46,-65.1,-50.4,28.3,42.0,-91.0,6.6,1.0,101.0,0
D001403,4.7,1195.0,1.16,30.0,0.48,-66.1,-49.5,25.2,37.0,-96.2,9.6,1.0,134.0,1
D001404,4.8,1062.0,1.27,31.5,0.5,-62.7,-47.0,23.1,33.0,-92.9,22.7,,117.0,0
D001405,4.3,1276.0,1.25,24.5,0.65,-67.6,-46.2,22.8,55.0,-99.0,22.4,0.0,130.0,0
D001406,5.0,1158.0,1.28,27.5,0.54,-62.9,-50.0,23.2,47.0,-97.3,9.9,1.0,,1
D001407,4.9,1194.0,1.23,31.0,0.53,-65.6,-49.9,24.0,48.0,-96.2,7.3,1.0,132.0,1
D001408,4.5,1205.0,1.09,26.5,0.57,-64.8,-49.2,22.7,40.0,-95.4,9.6,0.0,135.0,1
D001409,4.7,1138.0,1.19,29.0,0.52,-66.9,-50.5,23.6,42.0,-94.8,9.1,1.0,124.0,1
D001410,5.0,1225.0,1.08,26.5,0.47,-64.9,-51.0,24.9,42.0,-96.7,5.6,1.0,122.0,0
D001411,6.7,1387.0,1.13,20.5,0.31,-62.1,-45.8,27.3,30.0,-93.2,22.8,0.0,133.0,0
D001412,5.2,1135.0,1.13,27.5,0.43,-66.2,-49.4,23.1,47.0,-96.2,12.9,1.0,134.0,0
D001413,4.5,1106.0,0.98,31.0,0.47,-65.2,-49.0,25.8,47.0,-94.2,8.3,0.0,133.0,0
D001414,5.6,1250.0,1.04,27.5,0.49,-65.4,-48.9,26.6,40.0,-94.7,5.6,1.0,140.0,1
D001415,5.8,1167.0,1.59,30.0,0.35,-63.1,-49.9,20.2,46.0,-97.2,7.7,1.0,,0
D001416,4.3,1238.0,1.18,33.5,0.51,-66.0,-47.7,24.0,41.0,-95.3,6.1,0.0,132.0,1
D001417,4.3,1395.0,1.43,27.0,0.68,-61.5,-50.3,27.8,56.0,-93.1,17.7,1.0,109.0,0
D001418,4.7,1183.0,1.09,26.0,0.48,-65.8,-50.3,23.9,41.0,-95.8,7.7,1.0,132.0,1
D001419,3.5,1374.0,1.11,29.5,0.41,-60.8,-51.2,28.4,35.0,-96.3,15.0,1.0,124.0,0
D001420,4.8,1229.0,1.13,31.5,0.45,-66.8,-50.3,23.1,43.0,-94.3,16.0,0.0,119.0,1
D001421,3.6,1335.0,1.46,20.0,0.54,-60.8,-54.6,20.2,53.0,-97.3,7.6,0.0,120.0,0
D001422,5.2,1188.0,1.05,32.5,0.44,-66.6,-49.8,24.2,45.0,-95.7,10.2,1.0,130.0,1
D001423,4.3,1252.0,1.14,28.5,0.46,-66.3,-51.5,24.2,42.0,-94.2,7.8,0.0,135.0,1
D001424,5.3,1091.0,1.46,31.5,0.45,-61.7,-49.3,22.4,33.0,-98.2,20.3,1.0,150.0,0
D001425,4.9,1181.0,1.18,26.5,0.55,-65.8,-50.3,24.3,47.0,-94.9,10.3,0.0,126.0,1
D001426,,1184.0,1.16,27.5,0.47,-66.6,-51.2,25.1,43.0,-94.7,10.8,1.0,125.0,1
D001427,,1077.0,,26.5,0.55,-63.2,-51.4,25.9,43.0,-94.9,7.5,0.0,127.0,1
D001428,6.1,1128.0,1.54,38.0,0.43,-60.7,-46.4,26.1,41.0,-94.0,12.2,1.0,120.0,0
D001429,5.3,1259.0,1.05,29.5,0.46,-64.3,-50.7,24.3,47.0,-94.6,7.0,1.0,135.0,1
D001430,5.7,1154.0,1.15,31.0,0.48,-65.1,-49.3,23.6,48.0,-95.8,7.0,0.0,126.0,1
D001431,5.2,1144.0,1.16,28.5,0.51,-66.0,-49.5,24.1,45.0,-95.5,6.2,0.0,131.0,1
D001432,6.8,1133.0,0.81,34.0,0.65,-68.7,-52.0,27.7,53.0,-93.8,22.9,1.0,128.0,1
D001433,4.2,1108.0,1.12,29.5,0.53,-64.3,-50.3,21.7,44.0,-97.0,11.6,1.0,133.0,0
D001434,4.4,1208.0,1.1,26.0,0.55,-64.7,-49.9,24.2,42.0,-94.6,8.4,0.0,125.0,1
D001435,5.8,1161.0,1.03,29.5,0.51,-67.2,-49.7,22.9,43.0,-96.9,11.9,1.0,127.0,1
D001436,4.6,1197.0,0.88,27.0,0.56,-66.2,-49.1,22.2,45.0,-95.6,7.6,1.0,130.0,1
D001437,4.8,1173.0,0.99,29.0,0.49,-64.7,-48.9,22.7,46.0,-95.4,8.5,1.0,132.0,1
D001438,5.7,1333.0,1.24,23.5,0.6,-64.7,-49.3,24.9,34.0,-96.8,8.5,1.0,109.0,1
D001439,3.8,1285.0,1.09,34.5,0.66,-69.2,-45.5,20.0,45.0,-96.3,1.1,0.0,115.0,1
D001440,4.2,1184.0,1.17,28.5,0.49,-67.7,-50.0,22.3,41.0,-95.1,9.3,1.0,114.0,1
D001441,4.4,1207.0,1.14,32.5,0.51,-67.1,-49.1,24.0,45.0,-94.8,3.1,0.0,123.0,1
D001442,5.4,1253.0,0.96,29.5,0.46,-66.6,-49.2,25.6,47.0,-95.4,11.2,1.0,132.0,1
D001443,4.1,1350.0,0.8,22.0,0.61,-64.8,-53.7,20.2,41.0,-98.3,9.3,0.0,126.0,1
D001444,4.8,1183.0,1.04,27.5,0.54,-68.5,-50.8,23.8,39.0,-94.3,7.2,0.0,135.0,1
D001445,5.1,1078.0,1.18,26.5,0.37,-67.9,-52.7,26.8,38.0,-94.4,21.4,0.0,130.0,0
D001446,4.9,1186.0,1.28,33.0,0.4,-65.6,-51.6,23.6,47.0,-94.0,8.4,0.0,133.0,0
D001447,4.2,1105.0,0.9,28.5,0.49,-64.9,-48.0,23.3,41.0,-92.8,10.7,0.0,128.0,1
D001448,5.2,1237.0,1.15,29.0,0.45,-64.5,-50.2,23.7,47.0,-95.3,7.8,0.0,130.0,1
D001449,7.0,1369.0,1.41,32.0,0.67,-60.2,-48.0,25.8,41.0,-93.1,7.4,1.0,108.0,0
D001450,6.2,,1.23,38.0,0.56,-68.9,-52.3,26.6,54.0,-93.1,13.9,0.0,125.0,1
D001451,3.3,1255.0,1.05,38.5,0.51,-69.1,-45.1,26.6,32.0,-96.6,18.1,1.0,134.0,1
D001452,5.0,1227.0,1.55,24.5,0.6,-64.5,-52.0,25.9,52.0,-94.2,11.7,1.0,137.0,0
D001453,6.6,1253.0,1.42,36.0,0.51,-64.6,-54.4,29.2,40.0,-94.1,10.8,0.0,125.0,1
D001454,5.0,1220.0,1.02,26.5,0.5,-64.2,-51.4,23.6,47.0,-97.6,9.5,0.0,134.0,1
D001455,5.3,1186.0,1.07,31.5,0.46,-65.8,-50.9,23.7,43.0,,8.5,0.0,122.0,1
D001456,4.9,1112.0,1.01,30.0,0.53,-66.0,-51.0,,47.0,-96.1,9.9,1.0,128.0,1
D001457,4.0,1297.0,1.57,36.0,0.61,-60.0,-54.1,,44.0,-96.2,2.3,0.0,120.0,1
D001458,,1105.0,0.95,31.0,0.42,-67.1,-46.4,24.1,49.0,-90.9,20.7,1.0,138.0,1
D001459,5.1,1175.0,1.13,30.0,0.5,-64.7,-52.0,22.7,46.0,-96.2,8.1,1.0,116.0,1
D001460,5.2,1182.0,1.09,30.0,0.39,-64.1,-49.6,24.8,47.0,-95.2,10.5,0.0,,1
D001461,4.3,1160.0,1.28,28.5,0.54,-63.7,-50.6,24.1,43.0,-95.2,9.6,1.0,133.0,1
D001462,5.5,1182.0,1.08,28.5,0.5,-64.2,-50.6,23.5,39.0,-96.1,9.5,0.0,120.0,1
D001463,5.0,1172.0,1.25,26.5,0.43,-66.3,-49.7,24.2,46.0,-95.5,10.3,0.0,122.0,1
D001464,4.7,1188.0,1.02,30.5,0.54,-65.1,-50.8,22.8,44.0,-96.6,6.4,1.0,116.0,1
D001465,5.0,1181.0,1.06,28.5,0.47,-67.2,-49.3,23.3,40.0,-95.5,13.4,0.0,117.0,1
D001466,5.0,1201.0,1.14,27.0,0.5,-63.8,-50.2,22.8,39.0,-96.1,10.4,1.0,133.0,0
D001467,5.5,1117.0,1.19,38.5,0.7,-60.4,-50.8,20.1,42.0,-91.7,10.4,0.0,116.0,0
D001468,4.2,1191.0,1.22,30.0,0.47,-65.6,-51.4,24.9,43.0,-96.0,9.0,1.0,123.0,0
D001469,5.0,1196.0,1.16,30.0,0.52,-64.7,-51.2,24.3,44.0,,,1.0,125.0,1
D001470,5.4,1150.0,1.2,33.0,0.46,-66.6,-50.0,26.3,43.0,-96.1,5.6,0.0,130.0,1
D001471,6.5,1272.0,0.96,36.5,0.33,-60.6,-47.6,24.9,57.0,-97.8,3.0,0.0,101.0,1
D001472,5.2,1219.0,1.08,33.0,0.47,-64.9,-50.2,24.4,42.0,-96.3,7.8,1.0,133.0,1
D001473,4.5,1224.0,1.16,27.0,0.54,-65.0,-48.5,22.5,47.0,-94.4,13.1,0.0,126.0,0
D001474,4.9,1228.0,1.17,29.0,0.5,-63.5,-51.5,24.3,45.0,-96.0,7.9,1.0,131.0,1
D001475,4.4,1129.0,1.19,25.0,0.52,-65.7,-50.2,24.6,39.0,-94.4,9.2,0.0,132.0,1
D001476,,1185.0,1.19,28.5,0.46,-66.3,-51.1,25.8,49.0,-96.3,11.1,1.0,135.0,0
D001477,5.1,1196.0,1.13,30.0,0.47,-65.8,-48.7,23.7,40.0,-95.0,7.9,1.0,122.0,1
D001478,5.4,1169.0,1.17,33.0,0.5,-64.4,-48.2,24.6,44.0,-95.0,10.8,0.0,125.0,1
D001479,4.6,1163.0,1.06,27.5,0.49,-65.4,-51.5,23.4,46.0,,10.8,1.0,136.0,0
D001480,,1246.0,1.18,28.5,0.53,-64.6,-50.1,23.6,38.0,-95.4,8.6,1.0,125.0,1
D001481,5.0,1106.0,1.0,28.0,0.48,-67.3,-49.9,25.0,49.0,-95.6,10.4,1.0,129.0,1
D001482,4.9,1167.0,0.99,30.0,0.48,-65.1,-50.7,22.6,49.0,-95.8,6.9,1.0,132.0,1
D001483,6.2,1064.0,0.99,20.0,0.54,-69.9,-45.7,21.3,35.0,-90.5,21.4,0.0,139.0,1
D001484,7.0,1208.0,0.8,22.0,0.46,-69.0,-47.0,22.6,33.0,-99.0,9.8,1.0,130.0,1
D001485,5.5,1175.0,1.18,26.0,0.49,-64.6,-52.3,23.8,43.0,-95.6,5.8,1.0,129.0,1
D001486,6.2,1306.0,1.36,29.5,0.58,-69.4,-46.1,28.2,39.0,-95.7,5.5,1.0,100.0,0
D001487,4.8,1196.0,0.95,24.5,0.5,-66.5,-49.6,25.7,44.0,-98.5,6.1,1.0,127.0,1
D001488,3.4,1215.0,1.15,29.5,0.46,-66.3,-51.2,23.7,50.0,-93.5,13.2,0.0,123.0,0
D001489,4.8,1161.0,1.06,34.0,0.3,-65.5,-54.3,28.4,34.0,-96.5,22.3,1.0,111.0,0
D001490,4.2,1302.0,1.59,40.0,0.47,-68.5,-48.8,22.8,44.0,-95.1,,0.0,140.0,1
D001491,3.3,1193.0,1.05,28.0,0.6,-66.5,-47.7,21.2,54.0,-97.6,1.1,,127.0,0
D001492,5.3,1147.0,0.9,25.5,0.48,-64.7,-49.2,23.4,48.0,-93.7,9.4,1.0,127.0,1
D001493,4.5,1150.0,1.04,29.5,0.54,-65.3,-49.8,24.7,49.0,-96.8,14.4,0.0,133.0,1
D001494,6.8,1215.0,1.48,32.0,0.67,-66.5,-46.2,24.5,57.0,-93.1,24.0,1.0,125.0,0
D001495,4.4,1132.0,1.32,27.5,0.49,-65.6,-49.9,23.0,41.0,-95.0,10.0,1.0,135.0,0
D001496,6.2,1283.0,1.37,37.5,0.49,-61.4,-48.1,28.2,49.0,-95.1,7.6,1.0,101.0,0
D001497,4.4,1220.0,1.11,34.5,0.41,-62.6,-51.8,29.2,40.0,-92.8,5.9,0.0,123.0,0
D001498,4.4,1185.0,1.12,33.0,0.44,-66.1,-50.9,25.9,45.0,-95.9,7.2,0.0,133.0,1
D001499,4.4,1160.0,1.11,26.5,0.48,-66.1,-50.9,23.2,38.0,-95.3,10.1,1.0,127.0,1
D001500,4.1,1016.0,1.49,35.5,0.66,-65.8,-46.9,20.5,42.0,-95.5,15.8,1.0,119.0,0
D001501,4.7,1193.0,1.14,30.0,0.51,-64.4,-52.0,25.0,46.0,-95.2,6.1,1.0,130.0,1
D001502,5.5,1249.0,1.06,29.5,0.51,-66.3,-50.0,24.6,44.0,-96.0,14.7,0.0,136.0,1
D001503,4.9,1158.0,1.11,29.5,0.48,-64.6,-48.1,23.5,43.0,-96.2,6.9,1.0,125.0,0
D001504,6.1,,1.01,29.0,0.54,-65.2,-52.1,25.5,41.0,-96.8,10.1,,143.0,1
D001505,5.1,1151.0,1.05,25.5,0.49,-67.3,-48.5,24.1,44.0,-95.5,8.5,,129.0,1
D001506,5.1,1158.0,1.1,26.0,0.44,-66.0,-50.6,22.7,43.0,-94.8,8.9,1.0,128.0,1
D001507,5.3,1203.0,1.05,27.0,0.51,-66.7,-49.2,25.7,44.0,-95.6,11.5,0.0,126.0,1
D001508,5.4,1373.0,1.43,32.0,0.33,-66.0,-53.8,24.3,58.0,-90.8,2.1,0.0,125.0,0
D001509,6.2,1119.0,1.24,34.5,0.35,-61.2,-53.1,26.2,,-96.1,5.4,0.0,134.0,1
D001510,5.0,1156.0,1.18,30.0,0.44,-66.6,-49.2,24.5,42.0,-97.2,7.4,1.0,138.0,1
D001511,5.0,1171.0,1.08,28.5,0.5,-65.8,,24.5,47.0,-97.7,8.7,0.0,130.0,1
D001512,5.6,1073.0,0.91,31.0,0.57,-65.5,-49.9,21.7,43.0,-94.2,17.5,0.0,142.0,1
D001513,5.0,1110.0,1.22,31.5,0.52,-65.3,-49.7,23.7,46.0,-94.0,9.9,0.0,131.0,1
D001514,5.0,1182.0,1.13,30.0,0.5,-66.4,-49.1,25.0,40.0,-94.7,9.8,1.0,125.0,1
D001515,4.6,1138.0,1.1,29.5,0.52,-64.2,-49.2,22.8,44.0,-95.9,13.4,1.0,125.0,0
D001516,4.6,1362.0,1.31,38.0,0.47,-62.6,-49.2,29.9,35.0,-92.8,18.9,1.0,114.0,0
D001517,4.9,1279.0,0.99,34.0,0.46,-67.5,-50.1,22.9,46.0,-95.2,9.3,1.0,131.0,1
D001518,4.4,1212.0,1.22,22.5,0.62,-61.9,-46.9,29.1,31.0,-91.0,23.3,0.0,107.0,0
D001519,3.4,1345.0,1.11,29.5,0.35,-70.0,-51.6,21.7,49.0,-94.5,17.0,1.0,116.0,0
D001520,5.7,1171.0,1.18,27.0,0.53,-64.6,-50.4,23.0,51.0,,11.8,1.0,132.0,1
D001521,5.6,1215.0,1.11,30.0,0.51,-65.6,,22.0,45.0,-96.5,6.8,0.0,127.0,1
D001522,4.6,1112.0,1.07,31.5,0.42,-66.5,-49.5,23.3,45.0,-94.1,6.1,0.0,134.0,1
D001523,6.5,1325.0,1.58,25.0,0.47,-63.7,-54.4,20.1,30.0,-91.0,14.5,0.0,137.0,0
D001524,4.9,1200.0,1.15,30.5,0.48,-66.1,-49.8,23.4,41.0,-93.5,10.2,0.0,128.0,1
D001525,5.4,1181.0,1.17,30.5,0.48,-64.8,-51.0,25.0,,-94.8,10.8,1.0,129.0,1
D001526,4.6,1160.0,0.88,27.0,0.44,-64.8,-49.4,22.9,45.0,-96.0,6.9,1.0,123.0,1
D001527,6.7,1231.0,1.54,35.0,0.39,-64.5,-48.2,23.5,48.0,-99.4,15.8,1.0,119.0,0
D001528,3.1,1249.0,0.97,29.5,0.41,-69.7,-49.1,23.0,39.0,-92.0,6.8,1.0,133.0,0
D001529,5.4,1183.0,0.96,28.5,0.51,-67.0,-47.5,24.1,44.0,-95.3,13.9,1.0,130.0,1
D001530,4.3,1201.0,1.1,30.0,0.52,-66.4,-48.3,22.7,46.0,-95.7,10.3,0.0,129.0,1
D001531,4.9,1227.0,0.98,27.0,0.42,-64.5,-49.8,22.9,49.0,-95.2,11.0,1.0,134.0,1
D001532,4.9,1212.0,1.25,27.5,0.4,-66.6,-50.6,24.4,49.0,-95.3,8.3,0.0,128.0,1
D001533,4.9,1179.0,1.11,29.0,0.54,-63.7,-49.3,23.3,42.0,-95.9,4.0,1.0,124.0,1
D001534,,1242.0,1.28,25.5,0.33,-61.2,-48.3,25.8,40.0,-98.1,6.9,0.0,146.0,1
D001535,6.5,1165.0,1.34,40.0,0.41,-62.1,-50.6,20.6,46.0,-99.0,14.2,1.0,144.0,1
D001536,5.1,1192.0,1.13,28.5,0.45,-64.1,-49.0,22.8,42.0,-95.7,10.7,0.0,120.0,1
D001537,5.6,1149.0,,26.0,0.5,-65.7,-50.2,25.0,41.0,-93.8,11.0,1.0,127.0,1
D001538,4.4,1228.0,0.8,36.5,0.52,-61.7,,26.1,53.0,-98.5,22.7,1.0,121.0,0
D001539,4.1,1144.0,0.81,28.0,0.39,-69.1,-54.7,29.0,56.0,-94.6,10.1,1.0,145.0,0
D001540,4.6,1181.0,1.03,33.5,0.48,-67.0,-49.5,22.1,47.0,-94.0,5.5,,122.0,1
D001541,4.7,1126.0,1.16,28.0,0.51,-66.2,-50.4,22.3,44.0,-94.7,5.9,1.0,133.0,1
D001542,4.2,1177.0,1.47,39.5,0.59,-68.4,-49.5,20.2,35.0,-91.0,19.8,1.0,135.0,0
D001543,4.8,1208.0,1.07,31.5,0.54,-64.8,-50.7,25.0,45.0,-96.2,7.3,1.0,134.0,1
D001544,4.8,1308.0,1.55,21.5,0.43,-69.7,-48.1,21.8,40.0,-94.9,21.6,0.0,126.0,0
D001545,4.7,1153.0,0.99,27.0,0.51,-66.3,-50.7,25.8,43.0,-95.8,7.3,0.0,122.0,1
D001546,5.2,1207.0,1.09,29.5,0.45,-63.8,-50.3,23.0,41.0,-94.9,11.9,0.0,130.0,1
D001547,4.8,1190.0,1.01,29.0,0.5,-66.0,-49.6,25.6,45.0,-95.6,12.4,1.0,126.0,1
D001548,5.4,1148.0,1.08,24.5,0.44,-66.0,-49.5,24.9,44.0,-94.9,4.3,0.0,123.0,1
D001549,5.0,1131.0,1.08,30.5,0.45,-65.5,-48.9,23.0,44.0,-94.3,8.5,1.0,138.0,1
D001550,5.9,1094.0,1.38,21.0,0.62,-66.1,-47.2,28.8,31.0,-93.7,9.7,0.0,127.0,0
D001551,5.0,1200.0,1.2,33.0,0.46,-64.1,-49.5,22.3,46.0,-94.9,10.4,0.0,126.0,1
D001552,3.9,1220.0,1.6,20.0,0.44,-60.5,-54.7,28.8,51.0,-95.3,0.3,0.0,149.0,0
D001553,5.1,1164.0,1.06,31.0,0.45,-66.3,-49.3,23.7,39.0,-95.4,5.9,1.0,133.0,1
D001554,6.4,1235.0,1.31,23.0,0.68,-61.1,-52.8,21.7,33.0,-93.8,8.8,0.0,,0
D001555,5.4,1268.0,1.1,28.5,0.51,-65.6,-49.9,22.8,47.0,-95.1,9.0,1.0,125.0,1
D001556,5.7,1051.0,1.25,31.0,0.61,-60.2,-47.6,29.4,53.0,-99.4,14.4,1.0,116.0,0
D001557,4.5,1246.0,1.25,29.0,0.52,-66.9,-50.7,22.6,47.0,-97.0,8.5,0.0,129.0,1
D001558,5.0,1166.0,1.12,29.0,0.37,-65.5,-51.3,22.7,48.0,-95.9,6.8,0.0,118.0,0
D001559,4.6,1380.0,1.59,21.0,0.66,-60.2,-45.8,25.7,31.0,-90.3,20.3,1.0,147.0,0
D001560,4.7,1176.0,1.08,29.0,0.49,-64.1,-50.7,23.9,45.0,-95.0,9.5,1.0,127.0,1
D001561,5.1,1187.0,1.05,29.5,0.55,-67.1,-50.3,23.6,40.0,-95.6,9.5,0.0,133.0,1
D001562,4.8,1166.0,,35.0,0.54,-62.6,-51.3,25.1,49.0,-93.9,10.6,0.0,121.0,1
D001563,5.2,1365.0,0.84,26.5,0.45,-62.4,-45.1,28.8,56.0,-95.1,7.6,0.0,132.0,1
D001564,6.1,1115.0,1.46,37.5,0.69,-69.6,-53.5,25.4,46.0,-92.0,,1.0,106.0,0
D001565,4.9,1242.0,1.16,29.0,0.51,-64.8,-50.6,25.7,51.0,-95.7,9.3,1.0,130.0,0
D001566,3.0,1309.0,1.06,31.5,0.49,-62.1,-54.7,20.7,37.0,-97.6,12.0,1.0,108.0,0
D001567,5.9,1176.0,1.08,26.0,0.44,-65.4,-51.1,24.1,43.0,-95.3,4.7,0.0,111.0,1
D001568,4.1,1141.0,1.29,30.0,0.5,-65.6,-51.0,25.5,46.0,-95.5,5.1,0.0,134.0,1
D001569,5.5,1269.0,1.37,34.5,0.69,-67.8,-50.0,27.8,,-92.5,12.1,1.0,134.0,0
D001570,5.4,1252.0,1.45,26.0,0.53,-66.1,-47.8,23.4,32.0,-95.3,19.4,0.0,115.0,1
D001571,3.9,1305.0,1.36,29.0,0.5,-60.9,-45.1,25.4,58.0,-92.1,7.3,0.0,133.0,0
D001572,4.0,1351.0,1.28,30.5,0.51,-62.2,-54.7,24.8,36.0,-99.4,18.2,0.0,108.0,1
D001573,4.6,1149.0,1.14,29.0,0.5,-65.0,-49.8,23.3,45.0,-94.3,7.2,0.0,126.0,1
D001574,4.7,1162.0,0.92,28.0,0.48,-65.2,-49.5,22.6,44.0,-96.5,6.8,1.0,133.0,1
D001575,5.1,1334.0,1.5,21.5,0.31,-67.0,,28.0,58.0,-90.5,4.3,1.0,130.0,0
D001576,4.4,1181.0,1.1,31.5,0.48,-66.5,-51.8,22.4,47.0,-94.2,9.6,0.0,131.0,1
D001577,3.8,1195.0,1.41,39.5,,-60.3,-45.3,21.7,,-98.0,3.1,0.0,137.0,0
D001578,4.6,1148.0,1.19,27.5,0.47,-67.8,-48.3,26.3,43.0,-96.2,7.8,1.0,129.0,1
D001579,4.7,1162.0,1.22,29.5,0.5,-65.6,-49.7,24.0,47.0,-94.8,7.9,1.0,123.0,1
D001580,5.2,1209.0,1.16,30.0,0.55,-65.7,-49.1,23.0,44.0,-95.5,5.4,1.0,131.0,1
D001581,4.7,1155.0,1.08,27.5,0.42,-65.3,-51.1,23.0,48.0,-95.8,7.5,1.0,121.0,1
D001582,5.3,1255.0,1.1,29.0,0.54,-66.1,-49.8,25.2,48.0,-94.7,6.2,1.0,124.0,1
D001583,4.9,1173.0,1.09,29.0,0.42,-67.4,-48.3,23.0,44.0,-95.5,8.1,0.0,124.0,0
D001584,4.8,1156.0,,27.0,0.47,-63.6,-50.7,23.3,45.0,-95.0,5.7,1.0,128.0,1
D001585,4.9,1195.0,1.27,27.0,0.42,-67.3,-50.5,23.5,43.0,-96.2,5.6,1.0,129.0,1
D001586,,1191.0,,30.0,0.51,-65.2,-49.1,22.4,37.0,-94.9,10.7,0.0,120.0,1
D001587,6.9,1337.0,1.36,39.0,0.56,-69.9,-52.1,28.1,36.0,-91.9,22.2,0.0,139.0,1
D001588,5.8,1271.0,1.55,20.5,0.36,-60.7,-54.1,22.4,35.0,-96.2,21.2,1.0,,0
D001589,3.5,1188.0,1.1,29.0,0.48,-61.5,-51.2,29.8,,-90.3,3.4,1.0,115.0,0
D001590,5.2,1137.0,1.08,29.0,0.37,-65.3,-50.3,25.0,42.0,-96.3,4.2,1.0,130.0,1
D001591,4.8,1175.0,1.22,27.0,0.42,-64.1,-50.0,21.6,45.0,-95.5,13.3,0.0,126.0,1
D001592,4.0,1380.0,1.49,24.0,0.65,-60.3,-52.4,22.7,,-98.9,19.6,1.0,120.0,0
D001593,6.8,1067.0,0.96,23.0,0.37,-65.4,-47.7,25.7,53.0,-90.9,2.4,0.0,133.0,1
D001594,6.5,1372.0,1.41,26.5,0.33,-65.1,-45.0,21.4,49.0,-98.1,6.8,0.0,139.0,0
D001595,4.9,1110.0,1.08,27.5,0.53,-66.4,-47.2,25.4,43.0,-96.5,10.4,0.0,124.0,1
D001596,6.5,1039.0,1.17,38.5,0.62,-63.1,-53.8,25.0,48.0,-96.4,15.0,1.0,118.0,1
D001597,5.3,1207.0,1.01,28.5,0.42,-66.9,-49.5,,46.0,-96.5,9.1,1.0,127.0,1
D001598,3.5,1075.0,1.17,35.5,0.38,-60.1,-54.1,21.7,34.0,-93.3,12.8,0.0,116.0,0
D001599,4.4,1183.0,0.99,34.5,0.44,-67.7,-50.6,25.4,,-96.7,10.7,1.0,128.0,1
D001600,,1064.0,1.38,39.5,0.41,-62.6,-49.6,28.2,39.0,-90.9,8.0,0.0,121.0,0
D001601,4.7,1204.0,1.13,31.0,0.49,-66.7,-49.9,25.0,47.0,-95.6,10.9,1.0,136.0,1
D001602,4.1,1160.0,0.94,26.5,0.43,-65.6,-50.4,23.4,45.0,-94.9,11.5,1.0,,1
D001603,4.6,1254.0,1.14,,0.53,-67.1,-48.3,23.2,43.0,-96.8,11.2,1.0,131.0,1
D001604,4.5,1226.0,0.93,28.5,0.48,-67.0,-49.4,23.8,51.0,-96.4,10.2,0.0,122.0,1
D001605,3.9,1149.0,1.27,27.5,0.44,-66.2,,26.4,43.0,-95.7,7.0,1.0,140.0,0
D001606,3.7,1233.0,0.84,26.0,0.65,-63.4,-54.8,24.4,41.0,-93.8,1.4,0.0,125.0,1
D001607,4.4,1184.0,1.06,29.5,0.42,-67.0,-50.4,24.3,46.0,-96.3,7.0,1.0,126.0,1
D001608,5.2,1170.0,1.12,31.0,0.48,-64.6,-50.7,26.3,47.0,-95.8,8.2,0.0,124.0,1
D001609,4.9,1109.0,1.04,30.5,0.46,-64.6,-50.9,24.8,44.0,-94.1,12.1,1.0,130.0,1
D001610,4.6,1115.0,1.49,38.5,0.52,,-54.5,24.5,41.0,-94.2,18.0,0.0,150.0,1
D001611,6.9,1053.0,0.93,20.5,0.58,-63.3,-52.8,23.9,39.0,-95.3,8.9,0.0,102.0,1
D001612,5.0,1189.0,1.15,32.5,0.43,-63.8,-49.1,24.7,43.0,-95.2,7.1,1.0,129.0,1
D001613,5.2,1176.0,1.06,30.0,0.47,-66.0,-51.0,24.6,47.0,-93.1,15.3,1.0,121.0,1
D001614,5.2,1260.0,1.5,38.5,0.37,-63.9,-48.8,29.9,55.0,-94.3,21.7,0.0,125.0,0
D001615,5.0,1145.0,1.21,28.5,0.45,-67.7,-50.5,23.5,42.0,-95.4,10.9,1.0,124.0,1
D001616,4.9,1053.0,1.57,24.0,0.62,-62.8,-50.3,26.5,60.0,-98.6,,,115.0,0
D001617,4.0,1234.0,1.04,29.5,0.54,-65.7,-49.3,23.5,38.0,-96.6,8.5,1.0,134.0,1
D001618,4.8,1342.0,1.2,34.0,0.53,-64.8,-49.8,26.1,35.0,-92.9,21.9,0.0,,1
D001619,5.0,1245.0,1.32,33.0,0.44,-60.5,-48.3,29.5,54.0,-94.6,21.6,1.0,120.0,0
D001620,4.4,,1.45,22.0,0.66,-64.5,-48.0,28.1,56.0,-97.8,11.1,1.0,121.0,0
D001621,3.9,1169.0,1.16,29.0,0.56,-65.8,-51.0,24.4,41.0,-94.7,13.4,0.0,136.0,1
D001622,6.0,1126.0,1.03,29.0,0.56,-66.3,-51.6,24.4,48.0,-95.8,,0.0,133.0,1
D001623,4.2,1229.0,1.3,31.0,0.48,-65.5,-51.3,23.8,49.0,-93.5,11.9,1.0,122.0,0
D001624,4.7,1086.0,1.47,30.5,0.62,-67.5,-48.4,21.0,48.0,-99.8,10.6,1.0,119.0,0
D001625,4.8,1177.0,1.24,27.0,0.5,-65.7,-48.9,24.6,44.0,-95.2,7.7,0.0,128.0,0
D001626,4.8,1270.0,1.13,32.5,0.49,-65.0,-49.6,24.9,46.0,-94.8,9.9,1.0,124.0,0
D001627,4.5,1169.0,1.27,29.5,0.52,-65.1,-51.3,23.9,46.0,-95.1,6.7,1.0,125.0,1
D001628,4.7,1027.0,0.89,23.0,0.51,-68.7,-51.6,27.6,54.0,-92.3,8.4,1.0,129.0,0
D001629,4.7,1147.0,0.98,30.5,0.48,-65.1,-50.7,24.7,41.0,-94.3,9.1,1.0,123.0,0
D001630,3.5,1376.0,1.32,30.5,0.35,-68.4,-48.3,23.7,57.0,-99.8,22.1,0.0,108.0,0
D001631,3.4,1319.0,1.22,23.0,0.55,-63.4,-54.7,24.4,59.0,-97.0,13.4,0.0,147.0,1
D001632,5.4,1198.0,1.15,27.5,0.47,,-50.3,23.4,44.0,-95.7,7.9,0.0,133.0,1
D001633,5.9,1340.0,1.23,24.0,0.68,-60.6,-47.1,27.8,57.0,-94.1,12.5,0.0,141.0,0
D001634,4.7,1181.0,0.96,28.0,0.44,-64.8,-49.4,24.3,43.0,-94.5,10.7,1.0,125.0,1
D001635,5.2,1214.0,0.98,32.5,0.5,-66.3,-50.0,24.8,47.0,-95.7,6.1,1.0,130.0,1
D001636,4.0,1172.0,1.11,30.5,0.52,-65.4,-50.4,25.3,41.0,-95.0,10.3,0.0,133.0,1
D001637,4.9,1191.0,,28.5,,-65.5,-49.9,23.3,43.0,-96.0,10.5,1.0,126.0,1
D001638,5.0,1188.0,1.2,30.0,0.46,-64.9,-49.8,23.7,44.0,-96.4,5.6,1.0,132.0,1
D001639,4.5,1141.0,0.98,31.5,0.47,-67.2,-48.6,24.4,42.0,-95.3,13.9,1.0,127.0,1
D001640,5.5,1362.0,1.17,32.5,0.68,-61.9,-46.2,27.1,36.0,-92.8,19.5,0.0,128.0,0
D001641,5.0,1154.0,1.21,30.5,0.46,-64.0,-49.2,24.5,40.0,-95.4,9.7,0.0,128.0,0
D001642,4.6,1284.0,1.09,30.0,0.44,-65.2,-49.6,24.4,46.0,-93.9,9.7,1.0,119.0,1
D001643,4.1,1243.0,1.2,35.0,0.49,-65.6,-49.5,21.3,50.0,-95.8,2.6,1.0,107.0,0
D001644,6.6,1129.0,1.39,20.5,0.59,-61.3,-52.4,24.4,36.0,-96.6,15.8,1.0,147.0,1
D001645,4.1,1182.0,0.89,39.0,0.34,-61.6,-50.9,26.5,36.0,-97.7,20.9,1.0,139.0,0
D001646,4.6,1129.0,1.04,32.0,0.55,-66.7,-49.4,23.8,46.0,-96.4,9.4,0.0,120.0,1
D001647,4.0,1236.0,1.02,26.5,0.5,-65.0,-50.1,24.7,44.0,,8.5,1.0,127.0,1
D001648,4.6,1188.0,0.88,26.5,0.47,-64.8,-50.8,23.7,48.0,-96.5,7.4,1.0,127.0,1
D001649,3.2,1111.0,1.24,35.0,0.61,-69.7,-52.0,21.8,48.0,-99.8,11.8,0.0,119.0,1
D001650,4.9,1172.0,0.94,30.5,0.44,-65.3,-48.8,24.2,48.0,-96.2,9.2,0.0,133.0,1
D001651,6.5,1338.0,1.38,38.0,0.55,-66.7,-54.7,26.1,42.0,-96.0,18.2,0.0,112.0,1
D001652,5.4,1150.0,1.01,26.5,,-66.9,-47.3,24.0,42.0,-95.3,11.3,1.0,124.0,1
D001653,5.2,1211.0,1.2,23.5,0.45,-64.7,-50.1,23.9,48.0,-95.2,9.2,0.0,128.0,0
D001654,6.6,1294.0,1.54,27.0,0.39,-63.1,-50.4,28.7,36.0,-93.3,22.0,0.0,134.0,0
D001655,4.7,1237.0,0.99,30.0,0.48,-66.8,-48.8,24.2,45.0,-94.7,12.5,1.0,127.0,1
D001656,4.9,1219.0,0.99,28.5,0.48,-65.7,-50.2,22.3,41.0,,9.4,0.0,133.0,1
D001657,4.5,,0.94,32.0,0.52,-64.7,-51.3,24.1,46.0,-96.5,8.8,0.0,126.0,1
D001658,4.5,1211.0,1.12,28.5,0.44,-66.0,-50.0,22.8,40.0,-95.0,5.5,1.0,132.0,0
D001659,4.3,1180.0,1.07,28.5,0.5,-65.4,-51.1,24.1,42.0,-96.5,8.3,0.0,123.0,1
D001660,5.2,1159.0,1.21,26.5,0.49,-64.4,-50.7,23.4,43.0,-95.2,11.1,0.0,128.0,0
D001661,4.6,1142.0,1.2,,0.51,-66.7,-47.8,24.0,47.0,-95.8,12.0,1.0,134.0,1
D001662,5.1,1169.0,1.2,28.0,0.43,-64.6,-49.8,23.8,42.0,-95.3,5.5,0.0,132.0,1
D001663,4.3,1193.0,1.12,35.5,0.45,-65.7,-51.1,24.2,44.0,-94.6,9.2,1.0,128.0,1
D001664,4.9,1214.0,1.19,29.0,0.41,-64.8,-48.4,22.5,42.0,-92.7,9.1,0.0,128.0,1
D001665,4.9,1141.0,1.09,28.0,0.43,-65.5,-49.8,23.5,43.0,-94.0,12.3,0.0,,1
D001666,3.3,1004.0,1.0,25.0,0.42,-61.4,-51.6,20.9,57.0,-91.7,11.1,0.0,141.0,0
D001667,4.5,1108.0,1.12,27.0,0.63,-60.1,-50.7,28.3,35.0,-96.7,2.4,1.0,139.0,0
D001668,3.9,1287.0,0.81,38.0,0.37,-68.8,-54.8,22.5,35.0,-93.6,8.5,1.0,108.0,1
D001669,4.5,1169.0,1.07,29.0,0.58,-64.8,-49.3,25.1,46.0,-95.8,4.8,1.0,127.0,1
D001670,5.7,1397.0,0.8,39.0,0.52,-64.9,-51.2,25.0,31.0,-91.3,4.3,0.0,127.0,1
D001671,4.7,1196.0,1.14,29.5,0.54,-65.9,-50.0,25.2,42.0,-95.7,,1.0,128.0,1
D001672,4.9,1266.0,1.07,28.5,0.48,-67.5,-49.4,24.4,45.0,-96.8,9.4,1.0,133.0,1
D001673,4.7,1221.0,1.11,30.5,0.44,-64.7,-49.8,22.6,46.0,-96.0,8.7,1.0,127.0,1
D001674,4.6,1150.0,1.11,28.0,0.43,-66.6,-50.8,,40.0,-94.4,4.5,0.0,120.0,1
D001675,,1231.0,0.99,28.0,0.46,-65.8,-50.1,25.2,43.0,-93.8,9.0,0.0,125.0,1
D001676,3.9,1238.0,1.37,33.5,0.65,-64.6,-45.5,29.3,32.0,-93.8,4.1,1.0,135.0,0
D001677,5.7,1100.0,1.13,34.5,0.49,,-49.2,23.3,45.0,-91.2,3.3,0.0,107.0,1
D001678,4.7,1192.0,1.02,30.5,0.45,-65.0,-51.1,25.5,45.0,-96.2,7.7,1.0,123.0,1
D001679,4.8,1139.0,1.06,30.5,0.43,-65.3,-50.2,23.9,46.0,-95.7,7.2,1.0,124.0,1
D001680,4.5,1199.0,1.05,31.5,0.47,-65.8,-50.4,23.9,,-94.7,9.7,0.0,123.0,1
D001681,4.9,1234.0,1.38,39.0,0.51,-60.7,-53.0,22.9,49.0,-98.3,5.7,1.0,102.0,1
D001682,5.1,1110.0,1.07,30.5,0.49,-65.9,-49.7,22.8,52.0,-97.2,7.8,0.0,134.0,1
D001683,,1326.0,1.19,21.5,0.3,-69.3,-45.3,23.5,59.0,-91.1,5.9,1.0,136.0,0
D001684,5.1,1088.0,1.51,37.5,0.6,-61.5,-51.8,23.7,40.0,-90.4,20.3,0.0,113.0,0
D001685,6.4,1052.0,1.13,37.0,0.3,-65.1,-53.5,27.7,35.0,-99.4,1.5,1.0,138.0,1
D001686,,1141.0,1.32,25.5,0.61,-60.8,-45.4,28.0,37.0,-95.1,18.3,0.0,105.0,0
D001687,4.5,1121.0,1.01,35.0,0.58,-62.4,-46.2,26.5,59.0,-92.4,15.3,1.0,124.0,0
D001688,6.4,1020.0,1.56,32.0,0.61,-61.1,-45.7,21.0,33.0,-98.8,6.4,1.0,111.0,1
D001689,4.9,1106.0,1.01,31.0,0.49,-65.3,-48.9,22.7,44.0,-95.0,9.7,1.0,128.0,1
D001690,4.1,1177.0,1.11,28.5,0.57,-65.1,-48.6,23.8,44.0,-95.7,3.4,0.0,134.0,1
D001691,4.6,1216.0,1.14,30.5,0.5,-63.4,-51.6,23.9,45.0,-95.7,9.3,1.0,123.0,1
D001692,5.1,1230.0,0.97,28.0,0.56,-64.2,-50.9,24.4,49.0,-94.7,9.2,1.0,119.0,1
D001693,4.7,1158.0,1.12,33.5,0.48,-66.9,-49.0,24.0,,-95.8,8.1,1.0,124.0,1
D001694,4.3,1215.0,1.17,29.0,0.49,-65.8,-51.3,24.8,47.0,-96.2,9.5,0.0,129.0,1
D001695,4.7,1193.0,1.13,25.0,0.46,-65.3,-49.5,24.5,42.0,-96.1,8.9,1.0,127.0,1
D001696,5.2,1152.0,1.05,31.0,0.43,-63.8,-49.9,24.8,41.0,-96.1,8.5,1.0,118.0,1
D001697,4.7,1231.0,1.18,,0.47,-64.7,-48.6,24.2,47.0,-97.3,9.8,0.0,128.0,1
D001698,4.9,1215.0,0.95,27.5,0.44,-66.3,-50.1,22.4,43.0,-95.2,9.1,1.0,127.0,1
D001699,5.5,1160.0,1.04,30.5,0.44,-65.7,-49.4,21.1,42.0,-95.3,8.3,1.0,121.0,1
D001700,5.1,1189.0,1.03,33.5,0.45,,-48.2,25.0,47.0,-95.1,11.9,1.0,122.0,1
D001701,3.7,1329.0,1.17,39.5,0.48,-61.2,-51.7,23.9,51.0,-90.1,4.0,1.0,141.0,1
D001702,4.5,1177.0,1.01,29.5,0.44,-66.2,-50.6,25.3,46.0,-95.1,5.5,1.0,125.0,1
D001703,5.7,1345.0,0.98,32.5,0.38,-67.6,-52.7,21.7,41.0,-90.6,10.5,1.0,139.0,1
D001704,4.7,1155.0,1.11,28.5,0.46,-64.3,-50.2,23.5,47.0,-94.8,6.6,1.0,122.0,0
D001705,6.3,1123.0,0.81,26.5,0.38,-61.2,-50.3,25.0,31.0,-97.2,10.8,0.0,133.0,1
D001706,4.9,1219.0,1.2,26.5,0.5,-64.2,-49.6,24.8,42.0,-94.6,8.4,1.0,132.0,1
D001707,5.0,1142.0,1.0,27.0,0.5,-65.0,-51.2,22.7,40.0,-95.7,9.0,1.0,129.0,1
D001708,4.7,1087.0,1.05,33.0,0.48,-66.0,-47.7,24.6,45.0,-94.8,10.3,1.0,121.0,1
D001709,4.6,1178.0,1.02,29.5,0.49,-65.8,-50.7,23.2,39.0,-96.1,7.8,0.0,127.0,1
D001710,4.6,1110.0,0.99,32.5,0.48,-66.0,-50.0,22.9,40.0,-96.2,11.3,0.0,130.0,1
D001711,5.0,1219.0,1.23,30.0,0.55,-64.5,-48.5,23.9,39.0,-96.3,,1.0,132.0,1
D001712,5.3,1154.0,1.1,32.5,0.46,-66.5,-49.6,22.1,42.0,-94.3,6.8,1.0,127.0,1
D001713,5.8,1203.0,1.09,31.0,0.45,-64.9,-50.4,23.2,47.0,-93.4,9.8,0.0,132.0,1
D001714,5.3,1168.0,1.03,30.0,0.47,-66.4,-50.4,22.5,45.0,-96.5,10.1,1.0,129.0,1
D001715,4.5,1136.0,1.15,30.0,0.55,-66.4,-49.5,24.9,47.0,-95.2,7.0,1.0,134.0,1
D001716,6.2,1159.0,1.17,26.5,0.43,-64.7,-49.0,24.7,42.0,-93.5,12.9,,128.0,1
D001717,4.8,1173.0,1.2,28.0,0.41,-64.7,-50.4,24.2,43.0,-94.3,8.7,0.0,125.0,1
D001718,4.4,1237.0,0.98,28.5,0.48,-66.0,-49.3,24.7,48.0,-94.4,12.7,0.0,128.0,1
D001719,6.4,1258.0,1.28,37.0,0.31,-66.6,-51.1,27.2,57.0,-95.2,18.4,1.0,,0
D001720,4.6,1213.0,0.96,33.0,0.7,,-50.6,22.0,59.0,-93.6,1.5,0.0,144.0,1
D001721,4.8,1202.0,1.08,34.5,0.52,-65.6,-50.6,23.8,46.0,-95.8,4.3,1.0,125.0,1
D001722,4.5,1209.0,1.17,30.5,0.44,-64.9,-49.7,25.0,49.0,-94.6,9.4,0.0,132.0,1
D001723,5.2,1153.0,1.18,25.0,0.45,-65.5,-48.7,23.4,44.0,-95.2,10.4,1.0,138.0,1
D001724,5.1,1021.0,0.88,22.0,0.43,-63.6,-46.9,27.2,53.0,-93.5,0.4,1.0,116.0,0
D001725,4.7,1150.0,1.04,31.5,0.46,-67.1,-52.0,23.7,42.0,-95.3,6.9,0.0,131.0,1
D001726,4.5,1163.0,1.1,28.0,0.5,-64.4,-50.6,23.4,48.0,-94.4,8.0,1.0,130.0,1
D001727,4.9,1198.0,1.22,28.5,0.49,-65.9,-49.0,22.9,44.0,-98.0,8.1,1.0,123.0,0
D001728,4.7,1199.0,1.02,26.5,0.38,-67.4,-50.2,22.9,44.0,-97.1,12.4,1.0,131.0,1
D001729,4.8,1202.0,0.92,26.0,0.47,-65.3,-50.5,24.3,45.0,-95.5,6.0,0.0,135.0,1
D001730,6.2,1201.0,1.52,32.5,0.68,-61.5,-45.4,26.8,36.0,-92.3,2.1,1.0,129.0,0
D001731,4.8,1162.0,1.18,28.5,0.43,-65.9,-51.0,26.2,40.0,-93.7,6.6,1.0,133.0,1
D001732,3.8,1005.0,1.12,35.0,0.41,-67.8,-47.2,24.4,40.0,-91.9,12.2,0.0,122.0,1
D001733,4.8,1201.0,1.2,33.5,0.51,-64.7,-51.3,23.9,39.0,-96.0,12.1,1.0,126.0,1
D001734,3.4,1306.0,0.8,28.5,0.39,-69.4,-47.8,29.2,45.0,-99.2,10.9,1.0,113.0,0
D001735,3.4,1183.0,1.33,39.0,0.31,-69.4,-50.0,24.3,46.0,,6.1,1.0,114.0,0
D001736,3.3,1272.0,1.51,31.5,0.43,-66.5,-51.0,22.7,53.0,-90.5,21.0,0.0,102.0,0
D001737,4.7,1203.0,1.11,25.0,0.53,-64.5,-51.0,22.4,47.0,-94.9,7.2,1.0,127.0,1
D001738,4.6,1160.0,1.09,30.5,0.49,-65.4,-49.8,23.3,46.0,-94.0,10.5,0.0,129.0,1
D001739,4.6,1228.0,1.23,27.5,0.52,-65.7,-51.5,23.6,48.0,-95.2,8.7,1.0,119.0,0
D001740,4.6,1237.0,1.08,,0.42,-65.7,-50.3,25.5,45.0,-95.5,9.9,1.0,133.0,0
D001741,4.9,1186.0,1.16,29.5,0.44,-67.0,-48.8,22.5,,,10.8,1.0,131.0,1
D001742,4.0,1233.0,1.2,32.0,0.56,-64.9,-49.4,26.1,43.0,-94.8,5.6,1.0,131.0,1
D001743,5.5,1153.0,1.14,27.0,0.47,-64.7,-50.0,23.9,40.0,-94.2,9.9,1.0,120.0,1
D001744,4.6,1197.0,1.15,27.5,0.46,-65.1,-48.7,23.8,39.0,-95.5,,0.0,126.0,1
D001745,4.1,1167.0,1.0,24.0,0.44,-65.0,-48.6,25.3,45.0,-94.5,10.0,0.0,137.0,1
D001746,4.4,1134.0,1.18,20.0,0.61,-65.2,,28.9,56.0,-99.7,14.5,1.0,146.0,0
D001747,5.2,1282.0,1.14,31.5,0.5,-64.0,-49.4,24.7,48.0,-95.2,3.6,0.0,133.0,1
D001748,4.3,1141.0,1.23,30.5,0.54,-64.6,-52.2,25.3,44.0,-95.3,7.0,1.0,135.0,1
D001749,,1219.0,1.06,29.0,0.47,-64.5,-49.6,21.4,41.0,,10.0,1.0,132.0,0
D001750,5.2,1211.0,1.21,28.5,0.47,-65.3,-51.8,23.7,39.0,-95.8,8.8,1.0,128.0,1
D001751,4.9,1186.0,1.03,30.5,0.52,-65.0,-50.7,24.3,41.0,-95.7,10.9,1.0,125.0,1
D001752,5.0,1146.0,1.06,25.5,0.44,-65.5,-49.7,23.5,44.0,-95.8,9.8,1.0,124.0,0
D001753,4.8,1233.0,0.95,24.5,0.53,-64.4,-49.6,24.5,41.0,-94.6,9.2,1.0,132.0,0
D001754,4.5,1089.0,0.96,31.5,0.31,-66.3,-50.2,20.6,46.0,-94.9,16.8,1.0,133.0,0
D001755,5.4,1219.0,1.1,27.5,0.51,-65.7,-51.3,23.8,44.0,-95.3,6.3,1.0,121.0,1
D001756,4.4,1232.0,1.15,29.0,0.46,-66.3,-50.9,22.3,46.0,-96.6,7.2,1.0,119.0,1
D001757,5.2,1250.0,,27.5,0.46,-63.5,-51.3,22.4,43.0,-95.8,11.6,1.0,133.0,0
D001758,4.8,1174.0,1.29,31.0,0.55,-65.9,-50.0,22.9,42.0,-94.9,10.2,0.0,124.0,1
D001759,4.8,1233.0,,30.5,0.57,-65.4,-49.0,24.3,41.0,-95.7,11.1,1.0,130.0,1
D001760,5.4,1174.0,1.1,29.5,0.48,-66.0,-50.1,22.9,43.0,-95.6,9.0,0.0,133.0,1
D001761,4.7,1204.0,1.07,26.5,0.49,-64.8,-50.2,24.8,42.0,-95.2,6.5,0.0,122.0,1
D001762,6.2,1267.0,0.94,20.5,0.61,-69.0,-46.1,22.5,36.0,-94.4,6.0,1.0,136.0,1
D001763,5.0,1189.0,0.97,27.0,0.48,-65.6,-49.1,24.2,43.0,-94.1,10.4,0.0,128.0,1
D001764,4.6,1182.0,1.07,29.0,0.46,-65.9,-50.3,24.8,39.0,-94.4,12.7,1.0,129.0,1
D001765,3.6,1307.0,1.05,21.0,0.35,-63.0,-50.2,29.2,41.0,,14.8,1.0,140.0,0
D001766,6.2,1007.0,1.17,22.5,0.66,-67.2,-45.1,26.1,49.0,-96.4,16.4,0.0,122.0,0
D001767,4.1,1395.0,1.34,25.5,0.41,-66.2,-48.3,26.3,56.0,-90.0,16.2,0.0,107.0,0
D001768,5.7,1125.0,1.44,38.0,0.46,-60.7,-49.2,30.0,38.0,-95.0,15.5,0.0,112.0,0
D001769,5.0,1158.0,1.09,30.5,0.44,-68.7,-48.2,23.0,40.0,-95.7,11.0,1.0,123.0,1
D001770,3.9,1192.0,1.0,27.0,0.37,-64.0,-48.3,23.8,39.0,-96.5,15.0,1.0,122.0,0
D001771,4.7,1129.0,1.13,29.0,0.43,-65.0,-50.3,23.7,47.0,-96.1,7.9,1.0,124.0,1
D001772,4.1,1223.0,1.14,31.5,0.47,-64.1,-50.3,23.8,48.0,-94.6,,1.0,134.0,1
D001773,5.6,1173.0,1.18,32.0,0.43,-63.1,-49.9,22.7,43.0,-93.9,6.6,1.0,129.0,1
D001774,4.6,1179.0,1.16,27.0,,-67.1,-52.2,24.6,48.0,-97.3,5.4,0.0,132.0,1
D001775,5.2,1200.0,1.13,30.5,0.45,-63.4,-50.0,24.9,44.0,-95.6,9.6,0.0,118.0,1
D001776,5.1,1205.0,1.11,28.5,0.49,-64.4,-49.9,25.6,51.0,-94.2,,0.0,120.0,1
D001777,4.8,1189.0,1.06,33.0,0.48,-64.8,-50.2,24.9,42.0,-96.4,6.6,1.0,128.0,1
D001778,5.6,1300.0,1.1,35.5,0.61,-61.3,-46.1,26.5,52.0,-90.4,15.8,1.0,148.0,0
D001779,4.7,1115.0,1.1,31.0,0.43,-64.7,-49.9,23.5,,-96.0,11.5,1.0,120.0,1
D001780,4.6,1202.0,1.04,27.5,0.52,-63.9,-50.0,24.1,49.0,-94.4,11.6,1.0,126.0,0
D001781,4.8,1388.0,0.96,26.0,0.66,-62.0,-54.0,27.3,33.0,-98.1,15.0,0.0,147.0,0
D001782,5.4,1088.0,1.53,24.0,0.46,-63.4,-45.3,23.2,33.0,-99.8,12.9,0.0,115.0,0
D001783,5.1,1188.0,1.14,30.5,0.49,-66.5,-50.4,23.7,48.0,-95.1,8.9,1.0,119.0,0
D001784,4.7,1183.0,0.98,30.0,0.55,-67.6,-49.3,24.1,41.0,-95.0,8.8,0.0,130.0,1
D001785,4.9,1196.0,1.29,32.0,0.52,-64.8,-50.3,23.8,42.0,-95.6,3.1,0.0,126.0,1
D001786,5.4,1397.0,1.25,29.5,0.6,-69.0,-48.0,21.3,59.0,-90.4,15.3,0.0,129.0,0
D001787,4.6,1190.0,1.13,25.5,0.44,-64.8,-51.3,22.5,41.0,-95.5,10.5,0.0,123.0,0
D001788,5.3,1267.0,1.04,39.0,0.57,-69.2,-54.9,22.9,48.0,-92.4,17.0,1.0,143.0,1
D001789,5.8,1052.0,0.87,31.5,0.3,-69.3,-49.7,29.8,43.0,-97.0,13.6,1.0,142.0,0
D001790,4.9,1120.0,0.96,27.0,0.55,,-49.2,24.6,45.0,-96.2,8.3,0.0,121.0,1
D001791,5.1,1158.0,1.14,30.0,0.45,-64.7,-49.9,23.7,45.0,-95.7,9.0,0.0,122.0,1
D001792,4.9,1389.0,0.94,31.0,0.33,-60.0,-47.7,22.9,49.0,-93.2,5.6,1.0,120.0,0
D001793,4.9,1215.0,0.94,29.5,0.43,-66.4,-50.6,24.4,43.0,-94.8,8.7,1.0,125.0,1
D001794,3.5,1378.0,0.91,23.0,0.57,-69.4,-48.2,26.1,37.0,-97.3,15.6,0.0,136.0,1
D001795,5.7,1357.0,1.32,32.0,0.31,-66.1,-52.7,25.0,51.0,-97.9,9.2,1.0,150.0,1
D001796,3.8,1317.0,1.22,,0.4,-60.7,-46.0,27.2,49.0,-99.3,6.6,1.0,127.0,0
D001797,4.8,1215.0,1.09,29.0,0.47,-63.0,-51.2,24.9,41.0,-96.2,8.0,0.0,126.0,1
D001798,7.0,1232.0,1.04,29.0,,-62.0,,24.3,52.0,-90.0,19.2,0.0,144.0,1
D001799,5.1,1119.0,1.1,29.0,0.56,-65.3,-48.8,26.6,42.0,,12.0,1.0,134.0,0
D001800,5.2,1197.0,1.13,30.0,0.52,-63.8,-50.2,24.1,46.0,-96.9,13.1,0.0,131.0,1
D001801,4.1,1184.0,1.17,24.0,0.42,-65.1,-50.1,23.2,38.0,-94.4,7.9,1.0,127.0,0
D001802,4.4,1149.0,1.09,31.0,0.45,-66.1,-49.6,22.6,43.0,-94.5,9.7,0.0,129.0,1
D001803,5.3,1131.0,1.17,31.5,0.47,-65.7,-50.1,24.2,44.0,-95.1,8.5,1.0,131.0,1
D001804,5.1,1131.0,0.84,28.5,0.5,-67.7,-49.5,23.0,47.0,-95.6,8.7,0.0,127.0,1
D001805,4.4,1315.0,0.97,25.5,0.46,-60.4,-55.0,22.2,44.0,-93.8,2.2,0.0,143.0,1
D001806,4.8,1359.0,0.91,30.5,0.51,-63.0,-52.1,21.9,33.0,-97.7,7.9,0.0,124.0,1
D001807,6.8,1357.0,1.18,32.0,0.4,,-54.7,24.8,35.0,-91.7,17.0,1.0,112.0,1
D001808,4.8,1188.0,1.07,29.0,0.49,-66.1,-52.7,22.5,42.0,-94.4,9.2,0.0,124.0,1
D001809,5.3,1214.0,1.12,31.5,0.42,-67.3,-50.4,23.9,44.0,-96.9,13.3,1.0,124.0,1
D001810,4.9,1303.0,1.29,21.5,0.44,-61.6,-46.1,23.4,54.0,-95.8,11.1,1.0,144.0,0
D001811,6.3,1044.0,1.0,23.0,0.46,-66.2,-45.4,26.4,35.0,-90.8,7.4,1.0,139.0,1
D001812,6.3,1015.0,0.88,26.0,0.42,-64.2,-46.8,28.6,50.0,-99.5,16.1,1.0,138.0,0
D001813,3.4,1018.0,0.87,31.0,0.39,-68.1,-51.5,25.4,39.0,-94.0,19.5,1.0,125.0,0
D001814,4.3,1108.0,1.26,27.5,0.45,-65.3,-50.7,21.9,46.0,-95.1,10.7,1.0,127.0,1
D001815,4.9,1215.0,1.05,28.5,,-66.7,-49.7,24.3,49.0,-95.8,10.7,0.0,125.0,1
D001816,3.5,1363.0,1.06,24.5,0.55,-62.8,-53.9,22.5,55.0,-97.0,8.1,0.0,149.0,1
D001817,5.9,1344.0,1.6,29.0,0.5,-69.2,-54.5,26.3,35.0,-95.3,21.8,1.0,106.0,1
D001818,4.7,1260.0,1.04,,0.52,-66.2,-52.9,23.9,48.0,-96.2,7.9,1.0,127.0,1
D001819,4.8,1091.0,1.03,31.5,0.42,-65.7,-52.1,25.5,41.0,-96.4,6.2,,121.0,1
D001820,4.7,,1.12,30.0,0.52,-67.1,-50.4,22.0,43.0,-96.0,9.1,0.0,136.0,1
D001821,4.4,1207.0,1.32,28.5,0.42,-64.0,-46.9,28.7,,-93.0,2.1,1.0,119.0,0
D001822,5.0,1218.0,1.17,29.0,0.49,-65.5,-48.5,24.9,48.0,-95.0,7.8,0.0,124.0,1
D001823,4.5,1156.0,1.11,27.5,0.5,-66.5,-48.5,25.0,48.0,-96.6,10.2,1.0,131.0,1
D001824,4.9,,1.48,40.0,0.68,-65.7,-52.9,22.5,41.0,-94.6,6.3,0.0,118.0,0
D001825,5.1,1099.0,1.3,34.0,0.35,-63.8,-46.2,29.7,45.0,-98.0,16.8,1.0,138.0,0
D001826,4.5,1156.0,0.98,30.0,0.47,-64.8,,23.6,47.0,-95.5,,1.0,132.0,1
D001827,4.3,1217.0,1.03,32.0,0.49,-64.9,-49.8,23.5,43.0,-95.9,6.1,1.0,137.0,1
D001828,5.6,1225.0,1.37,31.0,0.61,-69.6,-52.5,26.0,49.0,-92.7,22.8,1.0,118.0,1
D001829,4.9,1207.0,1.03,32.0,0.55,-65.5,-50.8,22.3,38.0,-95.8,10.5,1.0,131.0,1
D001830,5.3,1202.0,1.1,29.5,0.4,-65.2,-49.6,23.6,49.0,-94.6,7.3,1.0,129.0,1
D001831,4.0,1193.0,1.01,27.0,0.51,-64.4,-51.3,22.6,38.0,-95.8,11.8,0.0,126.0,1
D001832,5.5,1234.0,1.2,29.0,0.46,-65.1,-50.8,25.5,48.0,-95.0,10.9,,132.0,1
D001833,5.8,1241.0,1.57,37.0,0.4,-60.4,-47.3,27.0,45.0,-95.1,13.5,0.0,146.0,0
D001834,6.6,1313.0,0.91,35.0,0.6,-65.1,-53.8,24.0,50.0,-94.0,23.3,1.0,135.0,1
D001835,4.3,1226.0,1.08,23.5,0.47,-68.9,-54.9,28.7,59.0,-91.8,1.6,0.0,107.0,0
D001836,5.1,1197.0,1.14,29.0,0.5,-65.9,-50.9,23.1,47.0,-94.1,7.6,1.0,137.0,0
D001837,4.6,1187.0,1.11,29.0,0.48,-65.5,-51.2,24.6,47.0,-93.5,7.5,1.0,127.0,1
D001838,5.3,1382.0,1.0,21.0,0.66,-67.0,-53.2,28.8,32.0,-97.3,21.2,1.0,131.0,0
D001839,4.5,1187.0,1.41,31.0,0.49,-66.5,-47.8,29.7,33.0,-96.9,9.7,,124.0,0
D001840,4.9,1208.0,1.1,24.5,0.43,-65.2,-49.7,24.7,42.0,-95.8,7.3,1.0,132.0,1
D001841,6.5,1340.0,0.98,39.0,0.37,-69.2,-54.0,23.0,39.0,-93.8,21.1,1.0,147.0,1
D001842,5.4,1149.0,1.14,31.0,0.48,-66.7,-50.2,25.2,48.0,-95.6,9.4,1.0,123.0,1
D001843,4.2,1263.0,1.55,35.5,0.54,-62.7,-51.6,22.1,55.0,-91.1,16.0,1.0,107.0,0
D001844,4.7,1134.0,1.41,40.0,0.46,-60.2,-46.5,25.3,52.0,-97.7,23.8,0.0,142.0,0
D001845,4.9,1165.0,1.24,26.0,0.5,-64.6,-49.8,23.5,47.0,-94.4,9.3,0.0,130.0,0
D001846,5.2,1239.0,1.13,28.0,0.55,-64.7,-47.3,23.2,,-94.7,7.8,1.0,123.0,1
D001847,4.3,1130.0,1.0,26.5,0.53,-65.9,-50.3,23.1,47.0,-95.0,7.7,0.0,129.0,1
D001848,4.2,1212.0,0.94,25.0,0.59,-64.9,-50.1,28.5,37.0,-92.3,3.5,1.0,142.0,1
D001849,4.7,1160.0,1.12,31.0,0.51,-66.5,-48.7,25.7,52.0,-96.8,9.1,1.0,120.0,1
D001850,5.3,1261.0,1.11,26.5,0.49,-65.4,-49.5,23.2,40.0,-96.0,8.0,1.0,126.0,1
D001851,6.0,1103.0,1.56,29.5,0.46,-67.0,-46.1,28.2,32.0,-99.4,16.1,1.0,108.0,0
D001852,4.9,1384.0,1.11,26.0,0.62,-69.9,-47.5,22.0,38.0,-95.0,11.8,0.0,148.0,1
D001853,4.9,1201.0,0.98,26.5,0.49,-64.6,-50.8,23.5,44.0,-95.7,11.6,1.0,128.0,1
D001854,4.4,1235.0,1.05,27.5,0.44,-65.5,-49.6,24.2,45.0,-96.0,8.0,0.0,122.0,1
D001855,4.1,1160.0,1.13,29.5,0.45,-65.2,-50.3,,39.0,-95.0,5.4,1.0,121.0,1
D001856,4.4,1173.0,1.15,30.5,0.48,-65.7,-49.9,24.5,41.0,-95.4,10.2,0.0,127.0,1
D001857,3.3,1283.0,1.19,27.0,0.48,-63.4,-46.0,24.0,34.0,-95.5,,0.0,126.0,0
D001858,4.9,1212.0,1.1,32.0,0.47,-65.0,-49.6,24.5,41.0,-96.7,13.4,1.0,126.0,1
D001859,4.9,1087.0,1.24,26.5,0.6,-63.1,-53.6,25.4,42.0,-92.5,8.2,0.0,140.0,0
D001860,4.2,1225.0,0.88,30.5,0.52,-66.0,-50.3,,59.0,-95.5,17.9,1.0,136.0,1
D001861,4.0,1195.0,1.22,27.0,0.48,-66.5,-50.2,22.1,41.0,-94.9,6.8,1.0,126.0,0
D001862,4.6,1111.0,1.06,29.5,0.49,-64.6,-49.8,23.2,43.0,-95.3,11.2,1.0,,1
D001863,4.7,1035.0,1.19,32.5,0.6,-68.4,-51.4,26.9,48.0,-91.0,6.7,1.0,115.0,0
D001864,3.9,1285.0,0.86,20.5,0.64,-65.6,-53.8,27.8,57.0,-98.3,5.9,1.0,133.0,0
D001865,5.8,1005.0,1.31,31.5,0.67,,-48.7,23.8,,-99.1,11.8,0.0,106.0,0
D001866,6.0,1170.0,1.48,21.0,0.35,-63.1,-51.1,27.5,32.0,-98.6,7.9,0.0,146.0,0
D001867,5.1,1196.0,1.09,30.5,0.46,-63.7,-50.8,22.8,36.0,-95.7,9.7,1.0,131.0,1
D001868,5.2,1176.0,1.23,27.0,0.49,-63.9,-50.0,24.3,44.0,-94.4,7.2,1.0,130.0,1
D001869,4.7,1182.0,1.41,26.5,0.51,-63.4,-48.7,29.7,49.0,-92.0,14.0,1.0,144.0,0
D001870,4.9,1184.0,1.13,28.5,0.41,-64.3,-50.5,23.0,44.0,-95.6,8.0,1.0,129.0,1
D001871,3.7,1279.0,1.53,25.0,0.47,-63.8,-53.9,23.6,51.0,-97.7,10.9,1.0,148.0,1
D001872,4.7,1153.0,1.1,27.5,0.51,-65.6,-49.4,23.8,42.0,-96.0,13.7,0.0,129.0,1
D001873,6.3,1254.0,0.92,33.0,0.55,-61.3,-48.6,29.2,47.0,-92.2,4.3,0.0,139.0,1
D001874,6.5,1118.0,1.38,26.0,0.53,-67.0,-53.3,26.8,37.0,-92.3,16.8,1.0,135.0,0
D001875,4.3,1221.0,0.97,31.0,0.46,-65.9,,23.9,43.0,-94.3,10.3,0.0,129.0,1
D001876,5.9,1251.0,1.19,30.5,0.52,-65.3,-49.0,25.4,45.0,-96.1,6.8,0.0,125.0,1
D001877,5.8,1193.0,1.19,27.5,0.5,-65.1,-50.8,24.6,48.0,-96.3,6.6,1.0,120.0,1
D001878,4.7,1184.0,1.21,30.5,0.45,-66.0,-51.3,24.3,46.0,-95.1,9.0,0.0,134.0,1
D001879,4.4,1166.0,1.08,29.0,0.48,-65.2,-50.0,22.5,42.0,-95.6,5.9,1.0,125.0,1
D001880,4.8,1197.0,1.21,26.5,0.49,-65.0,-49.8,23.4,42.0,-95.7,8.7,1.0,122.0,1
D001881,,1198.0,1.06,27.5,0.48,-66.4,-51.3,24.4,51.0,-95.0,5.4,1.0,129.0,1
D001882,4.3,1127.0,1.42,27.5,0.69,-66.2,-50.8,20.4,32.0,-94.9,0.0,0.0,121.0,0
D001883,4.8,1142.0,0.9,28.0,0.45,-67.5,-51.4,25.1,43.0,-96.7,14.1,0.0,127.0,1
D001884,4.7,1172.0,1.19,29.5,0.46,-67.3,-49.7,23.2,41.0,-94.3,7.8,1.0,117.0,1
D001885,4.8,1207.0,1.08,32.5,0.45,-64.3,-51.0,23.8,43.0,-95.1,9.2,0.0,125.0,1
D001886,4.6,1187.0,1.04,28.0,0.59,-66.0,-49.6,23.7,45.0,-95.8,8.6,1.0,124.0,0
D001887,4.5,1179.0,1.22,29.0,0.47,-65.9,-48.0,24.9,49.0,-94.3,7.4,0.0,,0
D001888,5.3,1179.0,1.09,28.5,0.46,-64.7,-49.5,24.7,41.0,-93.0,11.8,0.0,120.0,1
D001889,4.9,1134.0,1.03,29.0,0.46,-65.1,-48.3,21.8,46.0,-95.8,7.0,1.0,137.0,1
D001890,5.4,1225.0,1.12,28.0,0.44,-65.6,-50.7,24.4,43.0,-95.8,4.4,0.0,128.0,1
D001891,4.5,1239.0,1.05,29.5,0.4,-65.8,-51.3,23.2,,-97.7,9.3,1.0,121.0,1
D001892,3.2,1094.0,0.95,21.5,0.44,-65.2,,21.4,51.0,-91.5,7.8,0.0,134.0,0
D001893,4.5,1168.0,1.11,29.0,0.47,-66.1,-50.5,25.3,43.0,-94.2,11.5,1.0,132.0,1
D001894,5.0,1289.0,1.5,33.0,0.58,,-50.1,27.1,57.0,-91.2,7.6,1.0,133.0,1
D001895,4.4,,1.45,20.0,0.6,-69.8,-50.3,23.5,33.0,-90.7,,1.0,132.0,0
D001896,4.8,1169.0,1.07,30.5,0.54,-65.8,-50.4,22.1,42.0,-95.1,7.1,0.0,129.0,1
D001897,4.8,1254.0,1.06,30.0,0.44,-64.4,-50.3,,43.0,-95.3,8.2,1.0,129.0,1
D001898,5.0,1158.0,1.21,30.0,0.54,-66.6,-48.8,26.2,42.0,-94.1,6.6,1.0,124.0,1
D001899,4.9,1189.0,1.19,29.0,0.53,-66.1,-51.7,22.7,45.0,-94.5,11.1,0.0,125.0,0
D001900,3.8,1265.0,0.98,27.5,0.54,-64.7,-53.5,28.9,52.0,-95.7,9.3,0.0,117.0,0
D001901,5.0,1231.0,0.97,29.0,0.48,-67.2,-48.0,25.3,49.0,-96.4,4.4,0.0,135.0,1
D001902,3.8,1215.0,0.98,27.5,0.56,-66.8,-48.8,24.0,40.0,-94.6,10.5,0.0,130.0,1
D001903,4.2,1089.0,1.23,30.5,0.66,-66.5,-50.5,23.2,48.0,-98.6,22.2,0.0,144.0,0
D001904,5.0,1204.0,1.08,29.0,0.45,-64.0,-50.4,24.4,48.0,-96.3,9.0,0.0,121.0,1
D001905,4.8,1191.0,1.12,28.5,0.45,-65.0,-50.1,23.4,45.0,-94.5,8.6,0.0,131.0,1
D001906,5.3,1179.0,1.07,29.5,0.46,-64.1,-51.5,23.8,46.0,-96.7,7.7,1.0,119.0,1
D001907,5.6,1299.0,1.11,29.5,0.34,-63.4,-51.6,20.2,59.0,-93.7,10.4,1.0,124.0,0
D001908,5.7,1286.0,1.53,33.5,0.34,-63.6,,29.1,50.0,-96.9,22.2,0.0,111.0,0
D001909,4.7,1053.0,1.31,27.5,0.39,-69.6,-46.5,29.9,56.0,-90.8,11.5,1.0,,0
D001910,4.7,1089.0,1.08,29.0,0.47,-64.4,-50.9,24.7,46.0,-96.2,8.5,1.0,121.0,1
D001911,4.5,1212.0,1.04,29.5,0.53,-65.1,-47.1,23.5,51.0,-95.5,10.5,1.0,127.0,0
D001912,5.0,1203.0,1.17,29.0,0.46,-64.5,-48.7,24.9,41.0,-96.0,10.8,1.0,123.0,1
D001913,4.9,1200.0,1.06,28.0,0.45,-65.6,-49.4,22.3,40.0,-95.6,6.2,0.0,130.0,1
D001914,6.7,1332.0,0.97,40.0,0.33,-63.6,-49.7,20.5,43.0,-98.9,21.0,0.0,147.0,0
D001915,4.6,1195.0,1.07,28.5,0.45,-67.2,-50.0,23.6,45.0,-94.3,10.7,1.0,135.0,1
D001916,4.9,1195.0,1.13,27.0,0.48,-65.7,-49.1,,45.0,-94.0,8.7,1.0,126.0,1
D001917,3.8,1263.0,1.14,39.5,0.66,-62.6,-48.6,27.8,36.0,-90.4,14.3,1.0,142.0,0
D001918,6.0,1322.0,1.06,21.0,0.44,-66.6,-48.3,22.1,59.0,-95.4,21.1,1.0,129.0,1
D001919,4.6,1142.0,1.05,30.0,0.49,-64.8,-51.4,23.0,41.0,-93.8,12.6,1.0,130.0,1
D001920,4.1,1183.0,0.96,29.5,0.46,-63.6,-51.3,22.8,42.0,-95.4,6.9,1.0,119.0,0
D001921,3.0,1336.0,1.52,30.5,0.59,-61.2,-50.4,28.4,46.0,-96.0,3.9,1.0,108.0,0
D001922,4.9,1168.0,1.03,29.0,0.51,-65.6,-49.5,24.6,49.0,-96.0,11.6,0.0,126.0,1
D001923,4.3,1212.0,1.08,29.0,0.51,-65.6,-49.1,25.1,46.0,-95.6,10.9,1.0,129.0,1
D001924,4.4,1163.0,1.06,29.0,0.43,-67.1,-47.9,24.2,45.0,-94.9,9.2,1.0,117.0,1
D001925,4.4,1155.0,1.1,30.5,0.44,-66.5,-50.1,24.9,45.0,-95.4,8.7,1.0,131.0,1
D001926,3.9,1063.0,1.01,38.0,0.4,-66.5,-49.5,26.1,43.0,-91.3,22.4,1.0,102.0,0
D001927,5.0,1105.0,0.92,25.0,,-62.0,-47.5,23.8,36.0,-91.6,14.0,1.0,,0
D001928,6.3,1296.0,1.05,26.5,0.48,-67.7,-45.1,29.2,59.0,-90.5,18.1,0.0,125.0,0
D001929,4.6,,1.17,27.5,0.47,-64.2,-49.0,22.4,47.0,-95.9,6.5,0.0,136.0,1
D001930,4.3,1139.0,1.14,29.5,0.4,-67.1,-49.8,25.5,42.0,,7.2,1.0,122.0,1
D001931,5.4,1260.0,1.19,30.0,0.44,-64.1,-54.7,24.7,41.0,-96.4,0.6,1.0,149.0,1
D001932,3.9,1103.0,1.24,24.5,0.61,-61.7,-49.3,29.4,32.0,-98.3,19.7,1.0,129.0,0
D001933,6.1,1108.0,1.02,24.5,0.69,-60.9,-46.8,21.6,54.0,-91.6,17.9,0.0,132.0,0
D001934,3.0,1276.0,0.82,35.5,0.44,-62.4,-50.3,25.0,51.0,-92.9,18.3,1.0,147.0,0
D001935,6.8,1230.0,1.38,31.5,0.61,-65.9,-50.5,29.4,42.0,-93.6,10.6,0.0,139.0,1
D001936,5.0,1115.0,1.01,26.0,0.51,-64.5,-52.3,24.4,46.0,-96.6,9.0,0.0,128.0,1
D001937,4.1,1234.0,1.46,25.5,0.34,-61.4,-54.5,26.0,47.0,-95.7,9.1,0.0,105.0,0
D001938,4.5,1212.0,1.03,27.5,0.49,-66.4,-49.1,23.6,43.0,-95.5,9.9,,128.0,1
D001939,5.9,1330.0,0.83,26.0,0.65,-67.9,-54.3,23.7,56.0,-97.9,21.9,0.0,146.0,1
D001940,5.0,1185.0,1.14,29.0,0.46,-65.2,-50.8,24.0,47.0,-93.2,5.6,1.0,128.0,1
D001941,3.3,1337.0,1.32,39.5,0.47,-64.0,-53.1,22.2,43.0,-93.1,14.9,1.0,150.0,1
D001942,4.4,1250.0,1.02,32.5,0.51,-65.3,-50.1,24.0,42.0,-95.6,7.4,0.0,124.0,1
D001943,3.0,1032.0,0.99,21.0,0.44,-65.2,-50.3,22.7,32.0,-96.9,,0.0,126.0,1
D001944,4.8,1248.0,1.01,28.0,0.51,-66.0,-49.1,23.2,42.0,-96.3,8.3,1.0,132.0,1
D001945,5.0,1181.0,1.13,32.5,0.51,-64.9,-49.3,26.5,44.0,,7.8,1.0,133.0,1
D001946,5.0,1183.0,1.13,26.5,0.49,-64.1,-49.6,23.6,45.0,-94.5,9.2,1.0,129.0,1
D001947,5.0,1261.0,1.14,29.0,0.51,-65.0,-50.4,24.9,43.0,-93.3,10.5,0.0,137.0,1
D001948,4.6,1138.0,1.07,31.5,0.49,-65.0,-50.9,,46.0,-94.5,7.5,0.0,129.0,1
D001949,4.5,1138.0,1.04,27.5,0.45,,,23.7,45.0,-95.3,6.8,1.0,123.0,1
D001950,4.8,1182.0,1.07,28.5,0.47,-65.1,-49.3,24.3,39.0,-96.1,7.9,0.0,133.0,1
D001951,4.8,1098.0,1.1,30.0,0.48,-65.6,-49.6,24.1,44.0,-95.7,12.1,1.0,124.0,1
D001952,4.5,1222.0,1.58,36.5,0.49,-66.6,-52.6,29.9,34.0,-97.6,19.0,1.0,109.0,0
D001953,4.9,1155.0,1.15,30.0,0.51,-65.1,-50.9,24.1,42.0,-96.5,11.6,1.0,130.0,1
D001954,4.8,1212.0,1.04,29.0,0.49,-65.4,-48.3,26.1,39.0,-95.3,9.0,0.0,134.0,1
D001955,5.0,1221.0,1.19,28.0,0.45,-66.4,-48.7,24.7,49.0,-97.4,7.0,0.0,133.0,1
D001956,3.4,1014.0,1.26,20.5,0.59,-64.6,-53.9,24.6,31.0,-97.4,22.7,0.0,146.0,1
D001957,5.8,1300.0,1.27,20.0,0.51,-60.4,-50.2,24.0,57.0,-94.1,13.1,0.0,117.0,0
D001958,4.9,1179.0,1.19,28.5,0.38,-66.7,-49.9,23.4,43.0,-94.4,8.9,1.0,127.0,1
D001959,4.2,1212.0,1.12,30.0,0.46,-63.9,-49.6,22.4,41.0,-95.6,8.6,0.0,132.0,0
D001960,4.5,1201.0,1.13,29.5,0.43,-65.0,-48.6,22.3,43.0,-96.1,9.8,1.0,129.0,1
D001961,5.6,1362.0,0.81,,0.66,-66.3,-47.1,25.7,31.0,-91.8,0.9,0.0,140.0,1
D001962,5.2,1211.0,1.05,27.5,0.49,-65.5,-50.6,22.7,39.0,-95.0,5.5,1.0,136.0,1
D001963,,1250.0,1.26,24.5,0.52,-65.6,-49.3,23.8,42.0,-95.2,,1.0,129.0,0
D001964,5.6,1182.0,1.1,31.5,0.51,-64.8,-51.0,24.3,46.0,-95.5,11.7,0.0,128.0,1
D001965,5.4,1181.0,0.94,30.5,0.65,-64.6,-48.0,23.7,57.0,-91.5,23.4,1.0,135.0,0
D001966,5.2,1194.0,1.13,23.0,0.45,-64.6,-48.0,22.7,45.0,-94.6,8.6,0.0,129.0,0
D001967,4.5,1263.0,0.98,30.5,0.53,-66.1,-48.8,25.4,38.0,-95.7,8.8,1.0,,1
D001968,4.7,1161.0,1.05,27.0,0.43,-64.6,-49.4,25.7,53.0,-95.7,5.9,0.0,130.0,0
D001969,4.7,1188.0,1.11,29.0,0.41,-65.3,-51.9,24.7,45.0,-95.8,8.7,1.0,136.0,0
D001970,5.1,1004.0,1.46,38.0,0.67,-67.8,-55.0,21.5,57.0,-93.9,6.1,1.0,130.0,0
D001971,3.9,1372.0,1.56,25.0,0.51,-63.4,-52.4,24.8,45.0,-96.0,18.9,0.0,148.0,0
D001972,5.5,1226.0,1.2,23.5,0.5,-64.0,-45.2,25.5,,-94.6,16.7,1.0,147.0,0
D001973,5.6,1204.0,0.92,29.0,0.52,-65.2,-50.0,24.2,40.0,-96.8,9.4,1.0,125.0,1
D001974,5.6,1293.0,1.02,34.5,0.52,-62.1,-51.5,29.9,32.0,-91.9,1.3,1.0,123.0,1
D001975,4.3,1086.0,1.18,29.5,0.47,-67.8,-48.8,23.7,43.0,-94.6,9.6,1.0,129.0,1
D001976,5.5,1182.0,1.24,27.5,0.57,-62.0,,28.4,48.0,-95.3,22.8,1.0,112.0,0
D001977,4.8,1201.0,1.11,29.0,0.48,-66.6,-51.4,25.6,48.0,-97.0,9.6,1.0,129.0,1
D001978,5.1,1164.0,1.1,26.5,0.46,-65.4,-51.5,25.1,43.0,-95.7,8.0,0.0,123.0,0
D001979,5.4,1264.0,0.94,28.5,0.52,-64.3,-50.7,25.2,46.0,,11.7,0.0,130.0,1
D001980,4.6,1138.0,1.08,24.5,0.45,-63.5,-50.1,23.8,42.0,-96.0,,1.0,132.0,0
D001981,4.4,1116.0,1.06,29.0,0.53,-64.8,-50.2,24.6,39.0,-94.5,5.3,0.0,127.0,1
D001982,5.0,1179.0,1.09,28.5,0.45,-64.3,-50.7,24.1,42.0,-96.1,11.8,1.0,130.0,1
D001983,4.8,1140.0,1.11,28.0,0.47,-65.8,-48.5,24.5,,-97.2,11.8,0.0,128.0,0
D001984,4.1,1235.0,1.39,34.5,0.61,-65.7,-50.5,28.4,44.0,-92.9,6.3,0.0,126.0,0
D001985,5.6,1164.0,1.05,25.5,0.42,-65.2,-51.7,26.3,46.0,-94.8,8.4,1.0,131.0,0
D001986,4.5,1204.0,1.17,,0.44,-66.3,-50.3,24.7,42.0,-94.2,8.0,1.0,126.0,1
D001987,5.3,1185.0,0.92,27.0,0.48,-66.4,-49.6,24.1,43.0,-96.2,7.2,0.0,124.0,1
D001988,4.5,1125.0,0.96,36.0,0.67,-60.4,-45.1,27.6,42.0,-94.5,8.0,1.0,141.0,0
D001989,4.7,1158.0,1.12,26.0,0.42,-65.7,-51.1,23.7,51.0,-95.6,11.8,0.0,132.0,0
D001990,5.5,1088.0,1.44,23.0,0.39,-69.9,-51.6,26.0,43.0,-99.6,10.0,1.0,119.0,0
D001991,5.1,1240.0,0.97,35.5,0.5,-67.9,-50.0,24.8,47.0,-94.0,8.6,1.0,125.0,1
D001992,4.7,1250.0,1.26,28.0,0.44,-65.6,-51.8,21.9,41.0,-94.8,4.7,1.0,123.0,1
D001993,6.9,1242.0,0.85,32.5,0.53,-68.3,-46.6,26.7,47.0,-91.2,0.0,1.0,124.0,1
D001994,5.4,1136.0,1.26,27.5,0.52,-64.9,-48.7,25.4,46.0,-95.6,12.7,0.0,124.0,0
D001995,4.6,1254.0,1.12,27.0,0.42,-65.2,-50.8,22.7,40.0,-97.2,7.9,1.0,129.0,1
D001996,,1241.0,1.03,30.5,0.58,-62.9,-52.5,22.1,39.0,-99.0,9.1,0.0,117.0,1
D001997,4.6,1190.0,0.98,29.5,0.5,-64.9,-49.6,23.9,,-95.0,10.3,0.0,125.0,1
D001998,3.9,1112.0,1.04,30.0,0.49,-65.5,-49.0,25.4,49.0,-96.2,13.1,1.0,127.0,1
D001999,4.7,1191.0,1.05,32.0,0.52,-66.5,-49.8,24.3,44.0,-94.7,4.2,0.0,123.0,1
D002000,5.9,1179.0,0.99,27.5,0.45,-68.8,-46.8,21.1,38.0,-98.7,15.8,1.0,139.0,1
D002001,4.8,1279.0,1.09,30.0,0.45,-65.9,-50.2,26.2,45.0,-96.4,3.1,1.0,129.0,1
D002002,3.8,1005.0,0.9,24.0,0.6,-62.8,-50.5,25.2,56.0,-99.2,22.6,0.0,118.0,0
D002003,4.4,1157.0,1.0,28.5,0.54,-65.0,-50.7,22.2,42.0,-95.7,10.2,0.0,137.0,1
D002004,5.5,1207.0,1.52,31.0,0.66,-60.2,-47.6,28.5,38.0,-92.2,17.0,1.0,117.0,0
D002005,4.5,1195.0,1.46,30.5,0.54,-61.8,-53.3,29.8,54.0,-98.6,15.0,0.0,145.0,0
D002006,4.6,1200.0,0.96,27.0,0.41,-65.3,-50.9,22.8,47.0,-95.7,6.5,1.0,130.0,0
D002007,4.8,1266.0,1.54,20.5,0.48,-63.3,-47.5,24.6,40.0,-93.8,4.0,1.0,147.0,1
D002008,5.6,1233.0,1.59,21.0,0.53,-69.8,-46.2,23.5,53.0,-94.3,14.7,0.0,124.0,0
D002009,4.6,1377.0,0.98,22.5,0.36,-67.8,-48.6,23.0,47.0,-93.2,18.3,1.0,122.0,0
D002010,5.3,1125.0,1.12,33.0,0.46,-66.5,,23.8,,-95.8,10.0,1.0,133.0,1
D002011,5.4,1274.0,1.12,30.0,0.4,-64.4,-51.1,25.6,44.0,-94.9,10.6,0.0,122.0,1
D002012,5.1,1209.0,1.11,31.0,0.52,-65.3,-50.0,25.4,47.0,-93.4,11.4,1.0,139.0,1
D002013,4.9,1163.0,1.14,28.5,0.49,-65.8,-51.2,24.8,49.0,-96.9,9.8,0.0,137.0,1
D002014,4.8,1035.0,1.44,20.5,0.35,-66.8,-47.0,21.7,51.0,-91.9,19.5,1.0,149.0,0
D002015,4.3,1235.0,1.11,27.5,0.5,-66.8,-50.0,23.0,43.0,-94.2,7.5,1.0,119.0,1
D002016,5.2,1062.0,1.19,20.5,0.5,-68.2,-46.0,20.8,54.0,-98.9,14.6,0.0,120.0,0
D002017,4.7,1209.0,1.18,27.0,0.44,-65.3,-49.6,24.2,46.0,-95.3,6.8,1.0,126.0,0
D002018,4.6,1196.0,1.05,30.5,0.55,-64.7,-51.1,24.6,51.0,-96.2,13.5,1.0,127.0,1
D002019,4.9,,1.1,29.0,0.43,-67.0,-49.0,22.9,39.0,-94.9,7.4,0.0,128.0,1
D002020,5.5,1137.0,1.26,28.5,0.47,-66.6,-50.7,23.9,48.0,-93.6,8.8,1.0,121.0,1
D002021,5.5,1187.0,1.09,26.5,0.45,-65.7,-49.5,23.4,40.0,-94.7,8.6,0.0,129.0,1
D002022,4.1,1091.0,1.32,31.0,0.51,-67.2,-51.0,23.3,46.0,-94.6,7.9,0.0,129.0,0
D002023,4.6,1186.0,1.09,31.5,0.43,-66.6,-49.3,24.2,43.0,-95.5,8.9,1.0,115.0,0
D002024,5.4,1208.0,1.39,37.5,0.54,-67.0,-46.4,25.9,40.0,-93.4,15.4,0.0,113.0,1
D002025,4.7,1249.0,1.11,30.0,0.53,-66.8,-51.5,25.9,46.0,-97.4,12.4,1.0,,1
D002026,4.3,1113.0,1.09,31.5,0.52,-65.3,-50.2,,45.0,-95.0,7.6,1.0,,0
D002027,3.0,1159.0,1.02,30.0,0.54,-65.8,-48.3,28.3,48.0,-96.4,11.1,1.0,121.0,0
D002028,4.5,1199.0,1.2,28.5,0.51,-66.8,-49.5,24.6,42.0,-96.2,8.3,0.0,134.0,1
D002029,5.9,1330.0,1.18,30.0,0.4,-64.8,-46.7,28.6,46.0,-95.6,20.0,1.0,148.0,1
D002030,4.9,1179.0,1.07,29.5,0.52,,-51.4,22.6,44.0,-96.1,3.9,1.0,128.0,1
D002031,5.0,1221.0,0.97,25.5,0.46,-64.5,-51.2,23.8,50.0,-98.5,11.0,1.0,129.0,1
D002032,4.7,1190.0,1.15,25.5,0.44,-64.6,-49.4,23.7,41.0,-94.4,5.8,1.0,122.0,0
D002033,4.9,1198.0,0.94,32.0,0.52,-65.4,-49.2,25.0,52.0,-92.9,8.2,0.0,122.0,1
D002034,4.6,1207.0,1.16,26.0,0.47,-65.7,-51.3,23.4,44.0,-95.1,7.3,1.0,130.0,1
D002035,5.4,1083.0,1.09,24.5,0.44,-65.6,-49.1,24.6,38.0,-95.5,9.8,0.0,130.0,0
D002036,5.4,1158.0,1.37,22.0,0.56,-64.0,,20.6,42.0,-97.6,13.8,1.0,120.0,0
D002037,3.7,1286.0,0.84,31.5,0.67,-62.1,-45.6,29.9,60.0,-93.0,,0.0,,0
D002038,4.5,1188.0,1.21,30.5,0.48,-64.9,-49.9,24.0,45.0,-97.1,9.6,0.0,135.0,1
D002039,5.4,1083.0,1.16,31.5,0.46,-66.3,-49.8,24.1,47.0,-94.7,9.8,1.0,137.0,1
D002040,5.1,1196.0,1.15,32.5,0.43,-65.3,-50.0,23.8,42.0,-96.6,4.4,1.0,121.0,1
D002041,3.7,1366.0,0.87,40.0,0.58,-60.0,-49.7,23.0,40.0,-94.2,,0.0,102.0,1
D002042,3.3,1278.0,1.55,22.5,0.62,-69.2,-49.3,20.7,60.0,-93.3,23.6,0.0,137.0,0
D002043,5.0,1179.0,1.12,29.0,0.48,-66.4,-49.8,22.5,41.0,-97.5,10.6,1.0,122.0,1
D002044,4.9,1161.0,1.09,31.0,0.47,-66.0,-50.5,25.3,44.0,-96.3,9.9,,126.0,1
D002045,4.5,1211.0,1.23,29.5,0.5,-65.5,-51.0,26.1,44.0,-96.1,11.8,0.0,129.0,1
D002046,5.2,1205.0,1.0,28.0,0.39,-64.1,-50.3,23.6,46.0,-97.3,11.0,1.0,123.0,1
D002047,4.7,1212.0,1.24,27.5,0.52,-64.7,-50.5,24.7,42.0,-97.0,6.7,1.0,133.0,1
D002048,4.4,1245.0,1.04,28.5,0.52,-65.5,-49.9,24.8,41.0,-95.8,13.4,0.0,132.0,1
D002049,4.7,1172.0,1.1,29.0,0.55,-64.1,-50.8,24.6,45.0,-94.5,12.8,1.0,117.0,0
D002050,4.4,1158.0,1.17,29.5,0.41,-65.4,-49.9,25.1,51.0,-95.0,12.9,0.0,132.0,1
D002051,4.9,1141.0,1.16,33.5,0.45,-65.3,-50.7,24.4,49.0,-97.1,10.2,1.0,120.0,1
D002052,3.1,1331.0,0.87,35.5,0.68,-64.2,-48.4,28.6,41.0,-94.3,3.5,1.0,104.0,0
D002053,4.1,1158.0,1.17,28.5,0.54,-65.8,-50.0,,44.0,-95.4,11.6,1.0,137.0,1
D002054,4.8,1195.0,1.15,27.0,0.51,-65.5,-49.6,23.5,40.0,-95.0,6.6,0.0,138.0,1
D002055,5.1,1223.0,1.18,30.0,0.51,-64.1,-48.2,24.8,45.0,-94.5,3.6,1.0,129.0,1
D002056,4.7,1173.0,1.13,26.5,0.48,-64.6,-51.2,25.6,42.0,-94.5,9.4,0.0,,1
D002057,4.7,1146.0,1.13,27.5,0.46,-66.7,-49.4,22.7,45.0,-96.4,5.4,1.0,129.0,1
D002058,4.7,1176.0,1.03,28.0,0.4,-65.2,-49.9,23.7,41.0,-94.8,7.1,1.0,127.0,1
D002059,5.5,1138.0,1.1,31.5,0.53,-65.6,-50.4,25.5,47.0,-94.1,12.4,0.0,129.0,1
D002060,5.5,,1.14,30.5,0.51,-65.5,-49.8,25.8,44.0,-95.6,8.1,0.0,130.0,1
D002061,4.5,1182.0,0.89,31.0,0.5,-67.2,-49.7,25.4,41.0,-95.8,5.6,1.0,125.0,1
D002062,5.6,1163.0,1.13,,0.44,-66.4,-49.5,23.8,49.0,-94.4,12.9,0.0,124.0,1
D002063,4.5,1197.0,1.09,29.5,0.44,-64.3,-49.7,,41.0,-96.0,12.8,0.0,135.0,1
D002064,4.2,1185.0,1.05,28.5,0.57,-65.9,-50.2,23.1,47.0,-96.7,10.0,,122.0,0
D002065,5.0,1157.0,1.13,27.0,0.43,-66.4,-51.1,23.8,48.0,-96.7,10.5,1.0,127.0,1
D002066,4.9,1179.0,1.11,30.5,0.46,-67.1,-48.0,24.2,43.0,-94.0,8.7,1.0,135.0,1
D002067,4.6,1200.0,1.04,31.5,0.43,-65.1,-49.9,24.8,43.0,-96.2,6.5,0.0,120.0,1
D002068,5.5,1140.0,1.06,26.0,0.46,-66.3,-50.0,24.6,47.0,-96.0,8.3,1.0,130.0,1
D002069,4.5,1183.0,1.02,30.5,0.53,-65.7,-48.9,25.1,43.0,-95.9,8.8,1.0,121.0,1
D002070,4.1,1206.0,0.89,31.0,0.34,-66.5,-45.3,25.8,41.0,-92.6,4.6,0.0,129.0,1
D002071,5.9,1159.0,0.91,38.5,0.47,-65.0,-55.0,25.1,52.0,-97.0,9.5,1.0,112.0,1
D002072,4.6,1156.0,1.17,30.0,0.49,-65.1,-49.3,25.1,45.0,-96.3,6.4,0.0,136.0,1
D002073,4.4,1241.0,1.34,29.5,0.53,-62.1,-46.8,20.6,34.0,-91.9,18.4,0.0,109.0,0
D002074,6.5,1328.0,0.94,39.5,0.37,-68.2,-51.8,20.8,54.0,-98.8,2.9,1.0,134.0,1
D002075,3.5,1383.0,1.02,20.5,0.64,-66.3,-50.4,28.7,41.0,-96.5,13.8,1.0,137.0,0
D002076,4.6,1198.0,1.19,29.5,0.44,-64.9,-49.1,23.2,43.0,-94.9,10.3,1.0,128.0,0
D002077,5.0,1141.0,1.11,29.0,0.41,-65.3,-49.1,24.7,41.0,-96.2,9.7,1.0,138.0,1
D002078,4.9,1225.0,1.13,28.5,0.44,-65.3,-50.0,25.8,50.0,-94.2,10.3,0.0,125.0,1
D002079,4.8,1158.0,1.26,23.0,0.49,-65.5,-51.8,24.4,42.0,-95.1,11.0,0.0,127.0,1
D002080,5.0,1048.0,1.1,22.5,0.68,-65.4,-47.3,21.8,58.0,-94.0,14.7,1.0,136.0,0
D002081,3.9,1323.0,1.21,34.5,0.5,-64.1,-48.3,25.8,34.0,-95.1,7.5,0.0,134.0,1
D002082,4.2,1355.0,1.07,30.5,0.41,-61.4,-49.1,20.4,48.0,-99.8,12.7,0.0,122.0,0
D002083,5.0,1122.0,0.94,30.0,0.4,-64.9,-49.0,24.2,42.0,-94.6,8.7,1.0,131.0,1
D002084,5.1,1107.0,1.09,28.0,0.48,-65.3,-49.1,25.2,46.0,-94.3,7.4,1.0,126.0,0
D002085,5.6,,1.31,20.0,0.67,-69.0,-54.0,28.6,47.0,-91.3,19.2,1.0,127.0,0
D002086,4.1,1121.0,1.52,29.0,0.61,-60.8,-51.6,29.5,40.0,-97.3,14.7,0.0,124.0,0
D002087,7.0,1287.0,1.17,28.5,0.31,,-49.9,28.6,35.0,-92.1,0.6,1.0,135.0,0
D002088,4.0,1150.0,1.08,31.0,0.48,-65.6,-51.3,22.6,49.0,-94.4,6.7,0.0,119.0,1
D002089,4.6,1159.0,1.04,26.0,0.44,-65.7,-49.7,24.5,45.0,-95.1,8.9,0.0,124.0,1
D002090,4.8,1136.0,1.06,29.5,0.45,-62.3,-51.2,24.4,,-95.4,9.0,1.0,124.0,0
D002091,4.0,1197.0,1.15,28.5,0.51,-65.3,-51.0,23.3,48.0,-96.6,10.8,0.0,129.0,1
D002092,4.9,1027.0,1.32,28.5,0.63,-69.7,-47.4,28.1,30.0,-95.4,18.7,0.0,147.0,0
D002093,4.9,1214.0,,29.5,0.47,-65.4,-51.4,24.0,43.0,-95.2,9.8,0.0,135.0,1
D002094,5.1,1253.0,1.07,29.5,0.49,-65.6,-49.7,24.5,48.0,-93.4,11.3,,,1
D002095,5.1,1098.0,1.21,28.0,0.52,-66.2,-49.3,23.3,48.0,-96.2,8.9,0.0,128.0,1
D002096,5.0,1152.0,1.02,30.0,0.5,-66.6,-50.5,25.7,49.0,-95.9,10.5,1.0,122.0,1
D002097,4.9,1223.0,1.09,31.5,0.49,,-50.8,24.6,45.0,-94.4,5.1,0.0,115.0,1
D002098,7.0,1124.0,0.81,35.5,0.34,-66.2,-48.2,22.6,42.0,-98.5,13.7,0.0,109.0,1
D002099,3.6,1172.0,1.3,38.5,0.46,-61.8,-52.1,27.3,40.0,-92.3,5.2,0.0,108.0,0
D002100,4.2,1256.0,1.16,29.0,0.46,-66.7,-50.9,23.4,41.0,-96.4,9.0,1.0,131.0,1
D002101,,1389.0,1.49,24.5,0.68,-67.8,-45.9,22.8,47.0,-90.1,4.2,0.0,105.0,0
D002102,5.9,1152.0,1.59,30.0,0.52,-67.7,-45.2,27.8,37.0,-98.0,13.0,1.0,111.0,0
D002103,5.3,1226.0,0.98,28.5,0.53,-65.8,-50.1,24.3,44.0,-95.9,9.6,1.0,122.0,1
D002104,4.7,1148.0,1.08,31.5,0.45,-65.9,-49.3,,42.0,-96.2,10.4,0.0,124.0,1
D002105,4.3,1220.0,1.01,30.0,0.47,-63.7,-49.1,24.8,51.0,,8.5,1.0,135.0,1
D002106,4.9,1135.0,1.08,31.0,0.44,-65.4,-49.5,23.4,44.0,-95.2,10.7,0.0,133.0,1
D002107,5.1,1106.0,0.93,28.5,0.43,-66.0,-48.4,23.4,44.0,-94.9,10.7,1.0,134.0,1
D002108,5.6,1275.0,1.31,26.5,0.36,-61.8,-47.7,28.5,48.0,-94.4,4.8,0.0,128.0,0
D002109,5.4,1247.0,1.06,27.0,0.47,-66.4,-50.3,25.1,45.0,-96.7,9.2,1.0,132.0,1
D002110,4.1,1223.0,1.19,24.0,0.51,-66.1,-50.5,24.7,44.0,-94.4,6.1,1.0,132.0,1
D002111,4.2,1221.0,1.18,30.5,0.48,-66.1,-49.4,24.4,48.0,-95.8,8.7,0.0,124.0,1
D002112,6.8,1300.0,0.96,25.5,0.36,-63.0,-49.3,21.8,32.0,-91.5,1.3,0.0,121.0,1
D002113,4.8,1139.0,1.03,,0.48,-65.1,-50.0,24.6,45.0,-94.9,,0.0,134.0,1
D002114,6.6,1085.0,0.87,23.0,0.69,-68.4,-45.9,28.2,56.0,-98.4,4.5,1.0,120.0,0
D002115,4.8,1230.0,0.93,29.5,0.51,-65.8,-50.6,23.6,41.0,-95.9,6.3,0.0,126.0,1
D002116,4.9,1155.0,0.99,26.0,0.48,-65.2,-47.2,23.7,43.0,-96.3,4.3,1.0,127.0,1
D002117,5.1,1165.0,1.09,29.0,0.52,-65.4,-50.0,24.3,48.0,-97.1,9.0,0.0,130.0,1
D002118,5.0,1128.0,1.15,29.0,0.48,-64.6,-49.9,24.4,44.0,-95.2,5.5,1.0,127.0,1
D002119,3.8,1080.0,1.16,30.0,0.33,-63.8,-49.3,21.8,34.0,-99.9,10.9,0.0,145.0,1
D002120,4.5,1373.0,1.48,29.5,0.48,-61.0,-54.7,20.2,35.0,-97.6,10.8,1.0,116.0,0
D002121,3.9,1061.0,0.97,33.5,0.64,-61.8,-46.3,29.7,38.0,-97.3,,1.0,121.0,0
D002122,4.3,1164.0,1.08,29.0,0.51,-65.5,-49.7,25.6,43.0,-95.8,9.8,0.0,130.0,1
D002123,4.8,1267.0,1.25,30.5,0.55,-66.4,-48.4,23.2,47.0,-95.7,6.7,1.0,119.0,0
D002124,4.8,1154.0,1.27,31.5,0.5,-66.4,-50.2,23.6,43.0,,9.1,0.0,125.0,1
D002125,5.6,1231.0,0.96,29.0,0.51,-67.6,-49.8,25.2,45.0,-96.0,11.9,0.0,125.0,1
D002126,5.2,1113.0,1.01,24.0,0.61,-66.5,-47.3,29.6,34.0,-94.1,1.8,0.0,146.0,0
D002127,4.3,1226.0,1.32,27.0,0.44,-66.3,-49.9,,45.0,-94.6,9.4,1.0,,1
D002128,4.6,1189.0,1.05,30.5,0.48,-65.2,-50.1,24.0,45.0,-95.6,3.7,1.0,128.0,1
D002129,5.2,1132.0,1.07,31.5,0.46,-66.1,-51.0,23.8,43.0,-94.8,5.9,1.0,126.0,1
D002130,5.4,1147.0,1.18,29.0,0.49,-65.6,-50.1,23.6,45.0,-94.4,9.2,1.0,123.0,1
D002131,3.3,1288.0,1.07,22.0,0.51,-61.5,-47.3,29.9,38.0,-92.5,7.3,1.0,139.0,0
D002132,4.7,1170.0,1.01,31.0,0.45,-64.4,-48.6,25.9,45.0,-96.8,6.3,1.0,125.0,1
D002133,4.0,1156.0,0.99,25.0,0.48,,-51.6,25.1,42.0,-95.0,7.5,1.0,140.0,1
D002134,4.4,1228.0,0.93,28.5,0.44,-66.0,-51.4,25.1,46.0,-94.5,12.9,1.0,123.0,1
D002135,4.8,1191.0,1.23,31.5,0.52,-64.3,-47.5,23.3,45.0,-97.4,9.6,1.0,126.0,0
D002136,4.6,1101.0,1.54,40.0,0.37,-61.0,-54.9,26.5,31.0,-92.7,3.8,1.0,140.0,1
D002137,4.8,1230.0,1.1,28.0,0.47,-65.2,-49.6,24.3,46.0,-92.9,12.1,0.0,137.0,1
D002138,4.6,1291.0,0.89,22.5,0.36,-60.9,-47.5,28.2,35.0,-93.6,18.0,1.0,131.0,0
D002139,4.7,1213.0,1.21,27.0,0.52,-66.2,-50.1,24.1,47.0,-94.9,5.4,0.0,136.0,1
D002140,4.7,1186.0,1.04,27.0,0.57,-66.3,-49.1,23.9,45.0,-95.1,9.2,1.0,131.0,1
D002141,5.1,1223.0,1.11,27.5,0.5,-64.9,-50.0,22.2,45.0,-96.7,11.9,1.0,138.0,1
D002142,5.5,1157.0,1.06,28.5,0.53,-65.8,-50.9,23.3,44.0,-95.7,11.1,1.0,134.0,1
D002143,3.2,1348.0,1.26,35.0,0.47,-68.4,-45.9,20.4,53.0,-92.1,7.7,1.0,128.0,0
D002144,4.8,1151.0,1.1,29.0,0.52,-65.5,-49.6,23.3,41.0,-95.1,7.8,1.0,133.0,1
D002145,5.2,1214.0,1.2,30.0,0.55,-64.9,-49.5,24.7,44.0,-94.9,6.8,1.0,126.0,1
D002146,4.8,1164.0,1.06,29.5,0.49,-64.4,-51.2,24.8,45.0,-95.0,,1.0,135.0,1
D002147,4.6,1244.0,1.17,28.5,0.41,-64.9,-50.2,22.8,47.0,-96.2,11.4,1.0,132.0,0
D002148,4.8,1206.0,1.02,28.5,0.51,-66.6,-49.1,24.9,46.0,,9.2,1.0,128.0,1
D002149,4.3,1141.0,1.11,27.5,0.48,-65.3,-49.5,22.7,47.0,-96.3,10.6,0.0,123.0,0
D002150,5.6,1176.0,0.95,30.0,0.41,-66.9,-49.4,23.0,41.0,-94.8,8.4,1.0,127.0,1
D002151,5.2,1174.0,1.19,29.0,0.45,-66.4,-49.0,24.9,41.0,-94.9,7.3,1.0,138.0,1
D002152,4.8,1151.0,1.0,30.0,0.45,-65.4,-50.9,25.2,44.0,-95.3,8.4,1.0,127.0,1
D002153,4.7,1142.0,0.99,22.0,0.33,-63.3,-49.4,20.2,43.0,-92.2,6.8,1.0,113.0,0
D002154,5.6,1400.0,1.5,31.5,0.67,-62.6,-48.6,21.9,39.0,-97.3,18.3,1.0,135.0,0
D002155,5.1,1176.0,1.07,28.5,0.49,-66.3,-51.1,23.5,50.0,-95.4,12.1,1.0,124.0,1
D002156,4.7,1173.0,1.15,28.5,0.5,-66.3,-49.3,23.8,48.0,-94.5,10.0,0.0,125.0,1
D002157,4.7,1348.0,1.09,33.0,0.31,-61.9,-47.9,22.8,46.0,-97.8,17.1,1.0,144.0,0
D002158,4.7,1155.0,1.03,28.0,0.51,-65.3,-51.3,23.7,39.0,-94.9,9.4,1.0,138.0,1
D002159,5.8,1057.0,0.9,38.0,0.46,-64.7,-47.9,26.2,33.0,-95.6,15.4,0.0,129.0,1
D002160,4.7,1186.0,0.99,30.5,0.49,-66.3,-48.0,23.9,42.0,-94.6,10.0,1.0,124.0,1
D002161,5.0,1218.0,1.07,26.5,0.41,-65.7,-51.1,23.3,40.0,-93.5,15.0,0.0,,1
D002162,4.7,1218.0,1.21,28.0,0.48,-65.1,-51.6,24.5,47.0,-94.6,7.3,0.0,,1
D002163,4.5,1120.0,1.24,23.0,0.51,-68.5,-47.0,29.7,45.0,-98.1,20.7,1.0,119.0,0
D002164,5.1,1201.0,1.08,29.0,0.48,-66.7,-49.2,25.5,40.0,-96.1,9.2,1.0,132.0,1
D002165,4.7,1198.0,1.16,29.5,0.5,-65.4,-48.3,22.8,46.0,-96.8,7.3,0.0,136.0,1
D002166,4.7,1201.0,1.12,30.5,0.52,-66.2,-50.1,24.2,39.0,-94.5,11.7,0.0,133.0,1
D002167,4.7,1161.0,1.12,27.0,0.51,-64.5,-51.4,24.9,37.0,-96.3,12.7,1.0,130.0,1
D002168,5.1,1110.0,0.93,24.0,0.35,-64.6,-47.6,25.0,44.0,-95.0,6.0,1.0,128.0,0
D002169,5.2,1265.0,1.22,29.5,0.53,-65.9,-47.7,23.7,46.0,-96.8,8.8,1.0,124.0,1
D002170,4.9,1230.0,1.08,31.0,0.5,-65.1,-50.5,24.0,44.0,-96.2,13.0,0.0,125.0,1
D002171,4.3,1180.0,1.11,29.0,0.53,-63.0,-50.2,23.2,36.0,-95.6,12.8,1.0,127.0,1
D002172,3.7,1180.0,1.55,36.5,0.33,-64.8,-45.6,24.7,49.0,-93.9,4.3,1.0,121.0,0
D002173,5.0,1142.0,1.17,29.5,0.51,-64.6,-49.5,25.1,48.0,-94.5,7.1,1.0,132.0,1
D002174,4.8,1156.0,1.08,28.5,0.43,-63.6,-49.9,24.2,44.0,-96.4,9.8,1.0,129.0,1
D002175,4.6,1245.0,1.06,31.0,0.52,-64.7,-50.5,25.0,44.0,-95.2,10.0,1.0,120.0,1
D002176,4.4,1196.0,1.2,31.0,0.47,-63.3,-51.2,22.2,48.0,-94.4,11.6,1.0,118.0,0
D002177,6.6,1258.0,1.11,32.0,0.52,-65.8,-54.2,23.4,46.0,-96.6,9.8,1.0,139.0,1
D002178,5.0,1249.0,1.13,25.0,0.46,-65.8,-51.5,22.9,46.0,-94.9,5.1,0.0,131.0,1
D002179,4.7,1126.0,1.01,29.0,0.51,-66.9,-48.4,22.5,42.0,-94.5,9.0,0.0,127.0,1
D002180,3.8,1329.0,1.17,22.0,0.64,-69.9,-49.0,23.7,46.0,-95.4,16.5,1.0,143.0,0
D002181,6.8,1137.0,1.07,22.0,0.59,-62.2,-49.4,24.5,49.0,-94.4,,1.0,133.0,1
D002182,4.4,1152.0,0.94,39.0,0.58,-66.1,-47.1,29.4,30.0,-92.5,1.8,0.0,135.0,1
D002183,4.5,1153.0,1.24,29.0,0.51,-63.8,-50.7,23.6,42.0,-95.1,,1.0,126.0,1
D002184,3.9,1175.0,1.09,21.0,0.33,-66.9,-46.3,27.3,48.0,-98.1,6.9,1.0,123.0,0
D002185,4.5,1150.0,1.12,31.0,0.43,-65.4,-49.8,25.7,47.0,-95.6,11.9,1.0,129.0,0
D002186,4.5,1164.0,0.97,26.0,0.48,-63.7,-48.9,26.1,44.0,-95.5,9.4,0.0,121.0,0
D002187,4.5,1243.0,1.07,30.5,0.45,-66.5,-50.3,25.1,40.0,-94.7,9.7,1.0,128.0,1
D002188,4.9,1169.0,1.18,31.5,0.47,-65.8,-49.7,25.1,45.0,-97.1,12.0,0.0,124.0,1
D002189,4.8,1202.0,1.05,27.0,0.47,-64.9,-48.4,23.7,43.0,-94.9,12.2,1.0,133.0,1
D002190,5.0,1213.0,1.08,,0.44,-64.4,-50.1,24.9,39.0,-95.4,12.9,0.0,138.0,1
D002191,5.3,1393.0,1.27,36.5,0.56,-66.3,-45.7,22.4,47.0,-91.8,9.1,1.0,136.0,1
D002192,4.9,1191.0,1.11,29.5,0.46,-65.6,-50.4,21.9,45.0,-95.5,12.6,0.0,130.0,1
D002193,5.1,1194.0,1.07,29.0,0.52,-65.0,-49.0,24.8,46.0,-97.1,9.5,0.0,122.0,1
D002194,6.6,1255.0,1.27,25.0,0.39,-64.2,-51.0,26.4,52.0,-96.3,17.1,0.0,143.0,1
D002195,4.4,1179.0,1.08,30.5,0.47,-64.1,-51.5,24.3,44.0,-96.8,9.9,1.0,130.0,1
D002196,5.5,1140.0,1.0,28.0,0.53,-65.0,-50.5,23.9,45.0,-96.0,8.7,1.0,129.0,1
D002197,6.3,1000.0,1.31,29.5,0.53,-68.1,-51.1,23.6,44.0,-93.9,19.4,0.0,110.0,0
D002198,3.8,1109.0,1.13,40.0,0.38,-67.1,-47.9,27.0,44.0,-99.7,20.2,1.0,114.0,0
D002199,4.8,1137.0,1.08,27.5,0.46,-65.0,-49.8,25.5,40.0,-95.9,11.5,1.0,141.0,0
D002200,5.1,1187.0,0.9,27.5,0.51,-63.9,-50.3,23.1,42.0,-95.1,10.6,1.0,130.0,1
D002201,7.0,1346.0,1.49,29.0,0.5,-60.0,-49.3,28.0,48.0,-93.5,23.4,1.0,145.0,0
D002202,4.4,1125.0,1.23,30.0,0.49,-66.3,-49.4,24.4,42.0,-96.5,5.9,0.0,131.0,1
D002203,5.3,1222.0,1.16,26.5,0.4,-66.2,-50.7,23.8,42.0,-95.2,6.6,1.0,133.0,1
D002204,3.1,1164.0,1.16,36.0,0.56,-64.9,-54.6,20.2,59.0,-97.6,1.2,0.0,132.0,1
D002205,5.2,1185.0,1.15,28.5,0.43,-64.6,-49.7,25.6,48.0,-94.9,5.6,0.0,127.0,1
D002206,6.2,1295.0,1.11,26.0,0.45,-60.7,-46.6,22.1,33.0,-97.1,11.1,1.0,148.0,0
D002207,4.6,1247.0,1.08,30.5,0.56,-65.0,,22.0,43.0,-96.3,9.8,0.0,123.0,1
D002208,5.5,1150.0,1.02,28.0,0.41,-65.0,-49.3,25.2,50.0,-95.9,7.4,0.0,124.0,1
D002209,5.1,1176.0,1.08,31.0,0.5,-66.1,-48.8,25.3,39.0,-96.4,7.0,1.0,132.0,1
D002210,4.4,1153.0,1.22,27.0,0.43,-64.6,-49.1,23.3,45.0,-96.8,11.2,1.0,129.0,0
D002211,5.4,1089.0,0.89,21.0,0.31,-61.7,-45.9,21.8,53.0,-92.9,23.8,1.0,133.0,0
D002212,5.1,1170.0,1.17,27.0,0.52,-67.6,-50.0,24.6,44.0,-97.1,11.9,,127.0,0
D002213,4.1,1065.0,1.17,31.5,0.61,-67.0,-46.3,25.2,47.0,-93.6,14.6,1.0,109.0,0
D002214,4.5,1208.0,1.11,31.0,0.46,-65.7,-49.7,24.7,45.0,-94.6,14.4,1.0,121.0,1
D002215,,1290.0,0.82,29.5,0.47,-62.6,-54.6,24.8,34.0,-92.8,16.9,1.0,106.0,1
D002216,5.3,1124.0,1.5,25.5,0.39,-63.7,-53.2,23.4,44.0,-99.8,22.8,,116.0,0
D002217,4.8,1170.0,1.01,27.0,0.44,-65.0,-49.4,24.1,45.0,-94.8,9.1,0.0,126.0,1
D002218,4.4,1094.0,1.08,27.5,0.51,-67.2,-50.0,24.2,46.0,-94.2,6.2,0.0,129.0,1
D002219,3.1,1226.0,0.9,26.5,0.69,-61.7,-49.5,28.8,56.0,-97.9,13.2,1.0,143.0,0
D002220,4.9,1203.0,1.11,30.0,0.48,-65.6,-49.9,22.8,44.0,-96.7,6.2,0.0,127.0,1
D002221,4.4,1374.0,1.29,23.0,0.66,-63.4,-45.6,22.7,41.0,-91.3,3.5,1.0,100.0,0
D002222,5.8,1041.0,1.54,37.5,0.57,-65.6,-45.6,20.3,46.0,-93.6,13.2,0.0,134.0,1
D002223,5.1,1151.0,1.12,26.5,0.46,-65.6,-49.4,24.2,47.0,-95.6,6.9,1.0,129.0,1
D002224,5.0,1168.0,1.07,30.5,0.52,-64.9,-50.0,23.8,45.0,-95.4,12.2,1.0,121.0,0
D002225,5.1,1265.0,1.12,25.0,0.46,-64.7,-50.2,22.0,45.0,-95.3,8.5,0.0,122.0,1
D002226,4.2,1242.0,1.12,28.5,0.43,-66.3,-49.3,24.3,45.0,-95.0,9.0,1.0,133.0,0
D002227,4.6,1174.0,1.13,27.5,0.48,-66.2,-48.5,22.0,45.0,-96.1,9.2,1.0,125.0,1
D002228,3.9,1176.0,1.45,38.5,0.51,-62.0,-48.4,26.4,52.0,-99.4,7.1,1.0,120.0,0
D002229,5.1,1337.0,1.3,32.0,0.7,-61.3,-47.1,26.3,33.0,-91.8,18.2,0.0,146.0,0
D002230,4.8,1215.0,0.98,26.5,0.5,-66.8,-49.2,24.1,40.0,-94.8,15.1,1.0,126.0,1
D002231,4.1,1219.0,1.1,28.5,0.54,-65.6,-49.2,25.2,51.0,-95.5,10.3,1.0,130.0,0
D002232,4.6,,1.2,28.5,0.51,-66.2,-51.4,22.8,46.0,-94.9,7.1,0.0,134.0,1
D002233,6.7,1307.0,1.17,30.5,0.36,-61.5,-51.5,21.5,59.0,-100.0,0.4,1.0,144.0,1
D002234,4.3,1156.0,1.22,28.0,0.53,-64.4,-49.2,23.5,47.0,-96.9,6.7,1.0,126.0,0
D002235,3.2,1268.0,1.58,37.0,0.67,-61.8,-46.8,22.4,40.0,-98.7,3.0,1.0,149.0,0
D002236,5.7,1152.0,0.97,26.5,0.48,-62.7,-47.9,25.6,51.0,-100.0,15.7,1.0,133.0,1
D002237,4.1,1153.0,1.21,30.0,0.54,-65.9,-50.6,23.9,44.0,-96.0,11.4,0.0,133.0,0
D002238,6.1,1119.0,1.32,25.5,0.66,-66.0,-54.3,22.6,44.0,-90.6,20.5,0.0,110.0,0
D002239,4.2,1141.0,1.0,29.0,0.48,-65.2,-49.9,22.3,41.0,-96.2,7.3,1.0,126.0,1
D002240,4.4,1202.0,1.11,28.0,0.49,-65.1,-49.5,21.9,46.0,-97.5,2.4,1.0,140.0,1
D002241,6.1,1123.0,0.93,34.0,0.4,-69.6,-45.3,20.3,51.0,-96.3,10.8,0.0,131.0,1
D002242,4.8,1199.0,0.98,32.5,0.5,-65.7,-51.3,25.7,42.0,-94.9,11.8,1.0,124.0,1
D002243,4.8,1221.0,0.99,28.5,0.53,-65.0,-49.4,24.7,45.0,-94.1,7.7,1.0,136.0,1
D002244,6.9,1014.0,1.12,39.0,0.44,-61.0,-51.9,22.1,45.0,-99.1,17.3,1.0,142.0,1
D002245,5.2,1163.0,1.12,25.0,0.47,-66.6,-51.6,25.0,44.0,-95.6,9.6,1.0,132.0,1
D002246,5.1,1192.0,1.09,29.5,0.48,-66.5,-49.5,23.3,44.0,-95.7,11.1,1.0,135.0,1
D002247,5.2,1172.0,1.17,30.5,0.54,-66.5,-50.8,22.0,45.0,-95.3,10.8,0.0,129.0,1
D002248,,1216.0,1.11,31.0,0.49,-65.2,-51.2,24.0,46.0,-95.6,6.4,0.0,135.0,1
D002249,4.6,1169.0,1.14,28.0,0.47,-66.5,-49.9,24.0,40.0,-96.6,10.5,1.0,123.0,1
D002250,5.9,1193.0,0.91,20.0,0.45,-64.7,-51.5,23.0,53.0,-96.4,13.7,0.0,132.0,1
D002251,4.0,1165.0,1.24,25.5,0.5,-63.9,-50.3,23.6,42.0,-93.7,7.2,1.0,124.0,0
D002252,4.7,1160.0,1.01,29.0,0.46,-65.6,-50.7,25.7,42.0,-95.8,10.3,0.0,,1
D002253,4.7,1159.0,1.03,30.0,0.38,-69.1,-50.1,25.4,41.0,-94.9,6.8,0.0,127.0,1
D002254,4.9,1190.0,1.21,29.5,0.42,-64.9,-50.3,23.3,43.0,-95.2,8.2,1.0,128.0,1
D002255,5.2,1225.0,1.19,26.0,0.52,-65.7,-50.4,22.0,44.0,-97.0,11.5,0.0,125.0,1
D002256,4.7,1189.0,1.06,28.5,0.43,-65.9,-51.3,24.1,,-97.0,7.2,1.0,123.0,1
D002257,5.0,1136.0,1.0,27.0,0.46,-64.7,-50.3,23.4,52.0,-96.2,10.5,1.0,130.0,1
D002258,4.6,1196.0,1.13,30.0,0.45,-64.5,-47.0,23.3,43.0,-97.5,5.4,1.0,122.0,1
D002259,4.3,1350.0,1.35,23.5,0.57,-65.7,-48.9,23.0,59.0,-91.5,1.6,1.0,130.0,0
D002260,5.6,1068.0,1.49,21.0,0.7,-66.3,-52.8,20.3,39.0,-94.7,13.3,1.0,102.0,0
D002261,6.3,1132.0,1.07,36.5,0.45,-63.9,-49.9,22.4,,-99.1,19.9,0.0,133.0,1
D002262,6.0,1154.0,1.14,29.0,0.46,,-48.6,23.0,41.0,-95.6,7.9,1.0,130.0,1
D002263,3.8,1258.0,1.39,26.5,0.36,-60.3,-50.0,20.4,41.0,-92.4,11.3,1.0,142.0,0
D002264,4.7,1212.0,1.12,30.5,0.46,-65.3,-49.1,23.3,39.0,-94.7,10.2,0.0,134.0,1
D002265,6.9,1297.0,1.19,20.5,0.43,-60.7,-53.3,25.7,31.0,-93.7,12.4,0.0,111.0,1
D002266,4.7,1179.0,,,0.49,-64.5,-50.8,23.1,41.0,-94.6,7.4,1.0,127.0,1
D002267,4.7,1281.0,0.98,33.5,0.43,-65.5,-49.0,25.6,37.0,-95.9,11.2,0.0,133.0,1
D002268,4.8,1193.0,1.07,28.5,0.52,-64.9,-49.6,23.3,49.0,-96.3,13.3,0.0,125.0,0
D002269,3.9,1269.0,1.13,26.5,0.51,-68.8,-48.8,23.4,39.0,-92.2,4.8,0.0,137.0,1
D002270,4.6,1231.0,1.09,27.5,0.55,-66.2,-49.1,24.8,44.0,-95.3,12.0,1.0,127.0,0
D002271,6.0,1230.0,1.07,26.0,0.39,-60.7,-52.8,24.6,50.0,-97.5,21.0,0.0,142.0,0
D002272,4.7,1105.0,1.18,30.0,0.54,-65.7,-51.0,22.6,41.0,-94.1,10.6,0.0,131.0,1
D002273,3.8,1273.0,1.03,28.0,0.53,-63.2,-49.7,23.7,34.0,-97.2,5.4,0.0,103.0,1
D002274,4.2,1164.0,1.0,27.0,0.43,-65.2,-52.3,24.1,45.0,-96.5,8.4,0.0,131.0,1
D002275,4.9,1210.0,1.12,27.0,0.54,-66.9,-49.2,24.1,45.0,-95.7,9.4,1.0,125.0,1
D002276,3.0,1048.0,1.32,23.0,0.66,-61.1,-46.8,28.7,53.0,-94.3,21.0,1.0,148.0,0
D002277,4.4,1073.0,1.51,22.0,0.56,-66.0,-53.0,28.8,,-97.9,11.3,1.0,110.0,0
D002278,6.2,1089.0,0.95,24.0,0.4,-67.7,-45.4,28.6,51.0,-90.4,13.9,0.0,139.0,1
D002279,5.0,1374.0,0.81,32.0,0.52,-61.8,-47.4,20.7,34.0,-99.6,1.1,0.0,103.0,1
D002280,4.2,1185.0,1.11,29.5,0.5,-64.6,-50.9,25.8,47.0,-93.5,11.2,0.0,130.0,1
D002281,6.6,1082.0,1.16,31.0,0.42,-63.2,-46.5,26.3,51.0,-99.1,19.4,1.0,118.0,0
D002282,6.8,1183.0,0.85,,0.32,-62.5,-46.2,21.0,55.0,-93.6,18.4,1.0,,0
D002283,4.6,1194.0,1.13,29.5,0.53,-65.4,-49.3,23.3,44.0,-95.7,10.1,0.0,123.0,1
D002284,4.5,1280.0,1.38,27.5,0.39,-63.9,-51.0,25.0,59.0,-98.7,12.1,0.0,134.0,0
D002285,4.9,1010.0,1.11,38.5,0.62,-67.5,-50.9,29.6,44.0,-91.9,7.3,1.0,108.0,0
D002286,3.7,1245.0,1.3,26.0,0.59,-67.5,-49.5,20.9,38.0,-98.2,2.5,1.0,138.0,0
D002287,5.0,1211.0,1.01,27.5,0.45,-64.9,-51.1,25.2,51.0,-96.8,8.8,0.0,128.0,1
D002288,5.8,1354.0,0.94,36.0,0.54,-62.1,-45.2,26.7,53.0,-94.4,13.6,1.0,102.0,0
D002289,4.8,1157.0,0.99,31.5,0.48,-65.7,-49.9,24.8,43.0,-95.3,15.3,1.0,130.0,0
D002290,6.0,1107.0,1.21,32.5,0.35,-63.1,-48.5,26.9,50.0,-99.1,21.3,1.0,140.0,0
D002291,5.9,1280.0,1.37,25.0,0.56,-62.4,-48.3,22.2,49.0,-92.1,22.2,0.0,138.0,0
D002292,4.5,1159.0,0.88,29.0,0.48,-65.2,-49.4,25.1,44.0,-94.0,14.1,1.0,126.0,0
D002293,6.6,1072.0,1.3,40.0,0.31,-66.3,-54.0,29.7,40.0,-93.5,10.3,0.0,105.0,0
D002294,5.3,1380.0,0.98,37.5,0.66,-68.9,-49.0,29.7,33.0,-92.9,0.9,1.0,102.0,0
D002295,6.1,1256.0,0.98,31.0,0.63,-60.9,-46.5,24.2,36.0,-94.7,5.3,0.0,150.0,0
D002296,3.0,1309.0,1.19,21.5,0.69,-68.6,-48.8,21.6,48.0,-98.2,15.4,1.0,143.0,0
D002297,5.9,1221.0,0.87,33.5,0.63,-61.8,-45.7,25.0,48.0,,10.2,1.0,149.0,1
D002298,4.9,1224.0,1.11,30.5,0.52,-66.7,-51.0,24.3,44.0,-95.2,11.0,0.0,135.0,1
D002299,4.5,1166.0,1.21,29.0,0.5,-66.3,-50.6,24.9,48.0,-96.1,5.4,1.0,134.0,1
D002300,4.5,1191.0,1.0,26.5,0.53,-66.0,-50.1,23.8,43.0,-95.5,5.9,1.0,129.0,1
D002301,5.1,1217.0,1.14,26.5,0.5,-64.8,-50.7,,41.0,-94.4,6.3,0.0,,1
D002302,5.1,1247.0,1.01,28.5,0.5,-65.8,-49.9,23.0,48.0,-98.0,7.2,1.0,121.0,1
D002303,4.5,1175.0,1.05,31.0,0.52,-64.9,-51.0,23.3,48.0,-96.8,8.5,1.0,128.0,1
D002304,4.6,1217.0,1.24,28.0,0.53,-65.4,-50.5,24.0,47.0,-96.5,8.4,0.0,125.0,1
D002305,4.8,1169.0,0.99,29.5,0.42,-64.8,-49.2,24.5,43.0,-95.8,10.4,1.0,138.0,1
D002306,4.6,1173.0,1.1,30.5,0.46,-66.0,-48.0,23.6,46.0,-95.5,6.7,0.0,129.0,1
D002307,5.1,1152.0,1.07,32.0,0.51,-65.0,-49.7,26.2,47.0,-95.5,6.9,0.0,130.0,1
D002308,3.8,1361.0,1.24,37.0,0.61,-63.5,-48.4,28.8,33.0,-94.0,9.0,0.0,103.0,0
D002309,6.3,1082.0,1.37,35.5,0.44,-68.8,-48.3,27.6,,-94.9,22.3,0.0,137.0,1
D002310,5.3,1247.0,1.1,28.0,0.51,-65.5,-49.5,24.2,43.0,-97.1,6.1,1.0,121.0,1
D002311,5.2,1142.0,1.11,25.5,0.47,-65.6,-50.6,23.8,46.0,-95.6,8.2,0.0,127.0,1
D002312,5.8,1261.0,1.31,38.5,0.66,-60.9,-54.1,26.1,41.0,-93.8,6.3,0.0,109.0,0
D002313,4.3,1046.0,0.88,30.5,0.64,-66.2,-48.6,29.8,31.0,-94.0,13.1,,135.0,0
D002314,4.6,1143.0,0.9,27.0,0.43,-66.0,-50.7,24.3,39.0,,3.5,0.0,123.0,1
D002315,6.4,,1.23,35.5,0.44,,-48.8,27.8,31.0,-98.0,12.4,0.0,144.0,1
D002316,5.4,1165.0,1.12,28.5,0.5,-64.4,-48.6,24.4,44.0,-95.3,8.4,0.0,124.0,1
D002317,5.0,,1.11,28.0,0.47,-66.5,-50.5,23.7,41.0,-95.3,10.6,,124.0,1
D002318,5.8,1309.0,0.95,24.0,0.31,-68.4,-45.2,21.4,58.0,-96.5,14.7,,125.0,0
D002319,5.4,1176.0,0.95,30.0,0.51,-65.0,-50.6,26.0,42.0,-96.9,8.6,0.0,119.0,1
D002320,4.1,1043.0,1.44,34.0,0.61,-60.2,-46.9,22.3,34.0,-99.6,3.7,1.0,120.0,0
D002321,5.2,1150.0,1.07,30.5,0.49,-65.4,-50.2,23.7,39.0,-96.4,8.1,0.0,126.0,1
D002322,4.4,1174.0,1.04,27.5,0.45,-65.6,-49.7,25.3,41.0,-95.4,11.0,1.0,129.0,0
D002323,4.6,1305.0,0.85,27.5,0.7,-61.9,-50.2,22.5,45.0,-96.6,11.3,1.0,115.0,0
D002324,4.9,1156.0,1.01,28.5,0.46,-65.9,-49.4,23.6,,-96.0,8.4,0.0,121.0,1
D002325,5.6,1188.0,1.01,30.0,0.59,-65.3,-48.9,23.6,45.0,-95.2,5.3,1.0,129.0,1
D002326,4.5,1202.0,1.12,31.5,0.51,-65.6,-50.3,25.0,44.0,-95.8,7.5,0.0,133.0,1
D002327,4.7,1146.0,1.09,30.0,0.48,-66.2,-50.3,24.7,39.0,-93.8,10.1,0.0,130.0,1
D002328,5.1,1114.0,1.05,26.5,0.43,-65.7,-51.6,22.5,41.0,-95.6,9.2,1.0,127.0,1
D002329,5.3,1253.0,1.1,24.5,0.59,-63.4,-54.9,20.4,40.0,-99.6,10.5,0.0,138.0,1
D002330,4.3,1130.0,1.12,26.0,0.49,-63.8,-50.2,24.4,45.0,-94.6,6.7,1.0,122.0,0
D002331,3.6,1287.0,1.29,34.0,0.66,-66.2,-49.5,21.2,32.0,-94.0,17.7,1.0,103.0,0
D002332,4.4,1120.0,1.12,30.0,0.46,-63.8,-49.3,24.4,43.0,-97.0,12.2,0.0,138.0,1
D002333,4.4,1145.0,1.1,28.0,0.53,-64.8,-49.7,24.6,46.0,-95.0,10.3,1.0,134.0,1
D002334,5.0,1194.0,1.23,31.5,0.51,-66.4,-50.1,23.8,45.0,-95.1,11.7,0.0,125.0,1
D002335,6.8,,0.94,31.5,0.61,-65.0,-46.4,22.8,57.0,-97.4,14.6,1.0,144.0,1
D002336,5.3,1112.0,1.01,26.5,0.53,-66.0,-49.4,24.4,43.0,-94.0,6.0,0.0,133.0,1
D002337,6.0,1102.0,0.87,36.5,0.37,-65.8,-51.0,28.3,58.0,-99.8,,0.0,110.0,0
D002338,4.3,1039.0,1.48,,0.37,-68.1,-48.7,24.7,51.0,-90.6,15.5,0.0,123.0,0
D002339,,1129.0,1.12,30.0,0.44,-64.7,-50.8,24.2,41.0,-96.1,8.2,0.0,117.0,1
D002340,4.6,1120.0,1.03,26.5,0.68,-64.5,-47.1,25.0,54.0,-93.6,13.2,1.0,123.0,0
D002341,4.3,1170.0,1.11,29.5,0.48,-65.0,-49.7,24.7,46.0,-97.3,10.0,1.0,127.0,0
D002342,4.9,1199.0,1.14,30.5,0.43,-66.9,-50.7,24.8,47.0,-95.0,13.9,0.0,132.0,1
D002343,4.8,1059.0,1.17,28.5,0.41,-64.8,-45.3,20.9,39.0,-90.0,11.7,1.0,132.0,0
D002344,4.6,1008.0,1.57,37.5,0.66,-66.1,-49.1,24.1,30.0,-92.7,4.0,1.0,137.0,1
D002345,5.4,1134.0,1.18,24.0,0.39,-63.2,-51.5,25.8,52.0,-96.9,21.5,1.0,129.0,0
D002346,5.2,1190.0,1.21,30.5,0.44,-65.0,-48.3,24.3,43.0,-94.7,4.4,1.0,130.0,1
D002347,4.4,1225.0,1.14,27.5,0.5,-64.4,-50.0,23.3,41.0,-95.9,8.5,1.0,123.0,0
D002348,5.5,1182.0,0.99,28.0,0.51,-65.8,-48.9,24.9,41.0,-96.1,10.4,0.0,136.0,1
D002349,4.9,1165.0,0.97,28.0,0.5,-66.7,-48.3,22.7,38.0,-95.8,4.8,0.0,131.0,1
D002350,5.1,1252.0,1.23,30.0,0.47,-65.0,-51.3,25.5,45.0,-95.7,6.9,0.0,127.0,1
D002351,4.2,1186.0,1.0,37.5,0.39,-67.4,-46.6,20.3,37.0,-96.2,13.5,1.0,133.0,0
D002352,5.7,1178.0,1.05,25.5,0.47,-66.8,-49.9,22.9,45.0,-95.8,5.9,0.0,125.0,1
D002353,4.8,1213.0,1.09,28.5,0.41,-66.1,-49.9,24.3,44.0,-93.3,10.2,0.0,131.0,1
D002354,4.9,1185.0,1.01,30.0,,-65.5,-49.7,23.2,46.0,-96.7,9.6,1.0,123.0,1
D002355,5.1,1164.0,1.21,28.5,0.52,-65.8,-50.7,23.3,46.0,-94.0,11.7,0.0,130.0,1
D002356,5.7,1237.0,1.3,30.0,0.55,-69.5,-51.5,28.9,58.0,-96.9,8.9,0.0,138.0,1
D002357,6.3,1167.0,1.5,32.5,0.39,-68.9,,24.4,51.0,,19.0,1.0,137.0,1
D002358,4.7,1203.0,1.02,30.5,0.5,-66.5,-49.0,23.8,42.0,-94.9,7.2,1.0,131.0,1
D002359,4.7,1181.0,1.09,24.0,0.38,-67.1,-48.8,24.5,39.0,-95.1,11.9,1.0,129.0,0
D002360,5.9,1154.0,1.11,28.0,,-65.4,-50.2,23.2,43.0,-95.8,7.6,0.0,132.0,1
D002361,5.4,1189.0,1.1,32.0,0.55,-65.7,-49.8,25.1,43.0,-95.6,11.0,0.0,137.0,1
D002362,4.9,1199.0,1.27,,0.48,-64.1,-49.3,23.3,42.0,-96.8,11.2,0.0,131.0,1
D002363,4.3,1206.0,1.04,26.0,0.48,-63.6,,24.5,51.0,-95.6,9.4,1.0,131.0,0
D002364,5.5,1170.0,1.1,31.0,0.44,-65.2,-49.1,23.9,48.0,-93.9,9.9,0.0,138.0,1
D002365,5.1,1161.0,1.07,33.5,0.5,-65.0,-49.6,24.0,43.0,-98.5,9.4,1.0,129.0,1
D002366,4.5,1258.0,1.11,27.5,0.51,-66.5,-49.3,22.8,41.0,-96.3,11.5,1.0,122.0,0
D002367,,1204.0,1.05,30.0,0.5,-66.3,-51.2,22.7,46.0,-96.0,14.3,1.0,132.0,1
D002368,5.0,1149.0,1.07,29.5,0.48,-65.8,-49.7,24.1,45.0,-94.8,10.4,0.0,125.0,1
D002369,4.9,1155.0,1.17,29.5,0.48,-66.7,-48.9,24.3,41.0,-95.4,11.4,1.0,129.0,1
D002370,4.4,1196.0,1.15,29.0,0.43,-64.8,-50.8,24.1,40.0,,7.1,1.0,127.0,1
D002371,6.9,1205.0,1.15,38.5,0.44,-60.6,-52.9,24.6,46.0,-91.8,2.7,0.0,102.0,1
D002372,3.4,1370.0,1.45,35.0,0.68,-68.9,-49.9,20.3,50.0,-95.7,16.3,1.0,127.0,0
D002373,4.8,1113.0,1.13,28.5,0.45,,-52.2,23.3,46.0,-95.0,5.2,1.0,135.0,1
D002374,6.8,1213.0,1.12,39.5,0.36,-68.8,-52.9,20.2,35.0,-90.6,0.3,1.0,119.0,1
D002375,,1157.0,1.24,27.0,0.55,-65.9,-48.6,23.9,47.0,-95.7,10.6,0.0,123.0,1
D002376,5.5,1017.0,1.07,31.5,0.48,-61.1,-53.0,29.7,55.0,-95.4,6.0,1.0,101.0,0
D002377,6.1,1384.0,1.07,33.0,0.59,-66.5,-54.7,28.1,31.0,-92.7,23.8,0.0,150.0,1
D002378,,1151.0,1.05,37.0,0.43,-64.1,-49.8,29.1,46.0,-91.0,8.2,1.0,101.0,0
D002379,5.7,1165.0,1.05,26.5,0.55,-65.9,-50.4,24.5,44.0,-94.6,10.8,1.0,122.0,1
D002380,4.0,1168.0,1.04,33.0,0.46,-64.8,-49.7,25.3,47.0,-94.6,13.6,1.0,125.0,1
D002381,5.8,1231.0,1.2,,0.53,-65.6,-48.0,25.0,45.0,-97.0,5.5,0.0,130.0,1
D002382,4.8,1013.0,0.88,35.5,0.34,-67.2,-45.6,23.8,55.0,-91.8,0.5,1.0,104.0,0
D002383,4.4,1143.0,1.16,32.5,0.46,-67.8,-51.1,24.2,44.0,-95.7,7.7,1.0,133.0,1
D002384,4.7,1169.0,1.18,29.0,0.5,-65.1,-51.0,24.2,,-95.8,9.9,0.0,124.0,1
D002385,6.8,1010.0,0.85,21.5,0.5,-66.6,-53.2,21.1,51.0,-94.1,7.5,0.0,142.0,1
D002386,6.4,1166.0,1.29,37.0,0.54,-68.4,-49.2,27.2,41.0,-92.2,4.3,1.0,132.0,1
D002387,4.4,1342.0,1.05,28.5,0.3,-66.4,-54.7,25.6,35.0,-98.7,2.1,0.0,127.0,1
D002388,5.3,1147.0,1.3,28.5,0.5,-67.0,-51.0,22.6,,-96.1,10.3,1.0,134.0,1
D002389,4.8,1119.0,1.1,31.5,0.43,-65.6,-49.5,24.2,45.0,-94.9,8.1,0.0,139.0,1
D002390,6.0,1106.0,1.2,31.0,0.6,-68.6,-46.2,29.4,46.0,-92.3,2.6,1.0,110.0,0
D002391,6.9,1349.0,1.44,20.5,0.45,-69.7,-55.0,23.0,,-93.3,2.5,1.0,132.0,1
D002392,5.1,1335.0,1.56,33.0,0.64,-68.6,-50.8,20.6,42.0,-91.6,15.1,0.0,129.0,0
D002393,4.5,1186.0,1.56,31.0,0.56,-65.3,-48.2,27.9,34.0,-91.1,1.7,1.0,128.0,0
D002394,3.5,1161.0,1.07,34.0,0.31,-60.9,-53.8,20.2,54.0,-98.5,21.1,0.0,113.0,0
D002395,4.8,1185.0,1.02,28.0,0.46,-65.8,-48.2,22.7,48.0,-96.8,6.0,0.0,125.0,1
D002396,5.0,1213.0,1.02,26.0,0.49,-66.1,-50.2,23.9,42.0,-95.8,10.3,1.0,136.0,1
D002397,4.3,1073.0,1.04,34.0,0.44,-63.6,,22.4,35.0,-99.9,22.3,0.0,133.0,1
D002398,4.7,1138.0,1.19,30.5,0.5,-65.5,-50.8,24.5,44.0,-95.4,5.9,0.0,136.0,1
D002399,,1197.0,1.14,28.0,0.52,-63.6,-50.9,24.1,46.0,-96.4,7.9,1.0,128.0,1
D002400,4.6,1140.0,1.08,27.0,0.43,-64.9,-51.3,24.2,40.0,,10.7,0.0,131.0,1
D002401,4.7,1190.0,0.9,29.5,0.48,-65.4,-48.6,23.2,41.0,-97.5,8.1,1.0,127.0,1
D002402,4.8,1148.0,1.05,26.5,0.58,-65.5,-48.4,23.4,42.0,-95.5,6.2,0.0,127.0,1
D002403,4.9,1157.0,1.22,32.5,0.49,-63.7,-49.6,21.4,45.0,-95.6,7.6,1.0,127.0,0
D002404,3.7,1398.0,1.6,37.0,0.48,-68.9,-49.9,24.2,51.0,-98.9,15.4,1.0,105.0,0
D002405,5.0,1160.0,1.07,,0.45,-64.4,-49.8,22.4,42.0,-95.0,11.3,0.0,126.0,1
D002406,4.8,1166.0,1.13,31.0,0.53,-65.4,-49.7,24.7,48.0,-95.5,12.6,0.0,131.0,1
D002407,4.9,1149.0,1.15,27.5,0.48,-66.4,-49.6,24.8,43.0,-97.0,7.0,0.0,122.0,1
D002408,4.7,1214.0,1.07,30.0,0.47,-63.8,-51.1,25.3,42.0,-95.0,9.4,0.0,130.0,1
D002409,4.5,1241.0,1.07,29.5,0.43,-63.5,,24.1,44.0,-95.5,10.8,1.0,138.0,1
D002410,3.2,1242.0,1.21,37.5,0.65,-62.9,-50.4,21.1,51.0,-95.5,8.3,0.0,132.0,0
D002411,5.0,1273.0,0.82,37.0,0.33,-61.7,-45.8,21.5,49.0,-96.4,12.1,1.0,107.0,0
D002412,4.0,1342.0,1.04,28.5,0.3,-66.8,-51.3,27.2,40.0,-98.2,21.6,0.0,120.0,0
D002413,4.6,1186.0,0.96,29.5,0.43,-67.0,-50.1,22.9,48.0,-96.2,7.9,0.0,133.0,1
D002414,4.6,1005.0,0.9,33.0,0.57,-64.7,-48.4,25.8,47.0,-91.4,5.9,1.0,118.0,0
D002415,4.8,1199.0,1.06,31.5,0.52,-63.7,-48.8,23.9,47.0,-95.0,13.6,0.0,127.0,0
D002416,5.6,1141.0,1.14,32.5,0.51,-65.6,-52.2,23.9,46.0,-94.8,10.8,,123.0,1
D002417,4.7,1180.0,1.2,31.0,0.52,-63.9,-49.0,23.8,39.0,-95.6,11.3,0.0,137.0,1
D002418,4.7,1185.0,1.02,28.5,0.47,-64.3,,24.2,47.0,-93.9,5.3,1.0,129.0,1
D002419,4.6,1261.0,1.21,30.0,0.51,-65.7,-49.9,25.7,51.0,-96.8,9.9,0.0,122.0,1
D002420,6.4,1169.0,1.21,37.0,0.37,-68.6,-50.4,26.6,50.0,-93.5,8.3,0.0,144.0,1
D002421,4.3,1176.0,1.05,28.0,,-65.8,-48.9,24.7,49.0,-95.2,9.9,0.0,125.0,1
D002422,4.2,1192.0,1.03,27.0,0.44,-65.2,-47.4,26.2,47.0,-95.3,,1.0,124.0,0
D002423,5.1,1147.0,1.23,25.0,0.43,-66.1,-51.8,23.6,47.0,-94.8,7.9,0.0,127.0,1
D002424,4.3,1217.0,1.03,28.5,0.45,-63.6,-48.3,24.5,42.0,-94.6,9.1,0.0,132.0,1
D002425,4.6,1154.0,1.06,30.0,0.48,-65.5,-49.0,24.5,45.0,-96.1,11.4,0.0,132.0,1
D002426,5.1,1173.0,1.19,30.5,0.4,-66.6,-50.9,23.3,45.0,-96.2,10.1,0.0,128.0,1
D002427,4.8,1228.0,1.14,31.0,0.45,-65.7,-51.1,25.0,46.0,-96.0,11.7,1.0,129.0,1
D002428,5.6,1219.0,1.14,29.0,0.52,-67.5,-51.2,23.5,49.0,-96.4,6.7,1.0,127.0,1
D002429,5.0,1137.0,1.18,28.5,0.56,-65.6,-49.5,25.5,46.0,-94.5,5.2,0.0,115.0,1
D002430,,1164.0,1.52,22.0,0.39,-62.4,-50.3,29.7,45.0,-96.5,17.9,1.0,136.0,0
D002431,5.6,1199.0,1.13,30.0,0.55,-64.9,-48.9,23.6,49.0,-94.2,8.8,1.0,129.0,1
D002432,4.4,1187.0,1.03,31.0,0.46,-64.9,-51.3,25.2,47.0,-93.9,9.6,0.0,132.0,1
D002433,4.5,1151.0,1.21,31.5,0.53,-67.3,-50.9,26.0,43.0,-93.8,10.9,1.0,128.0,0
D002434,3.9,1164.0,1.45,22.5,0.68,-60.4,-49.2,24.5,36.0,-98.6,8.9,1.0,109.0,0
D002435,5.1,1235.0,1.24,31.5,0.45,-65.1,-46.7,22.6,41.0,-96.2,15.7,0.0,129.0,0
D002436,4.0,1179.0,1.42,28.0,0.34,-62.7,-51.8,25.7,43.0,-97.0,14.6,0.0,110.0,0
D002437,4.5,1199.0,1.13,29.0,0.54,-63.7,-49.1,26.7,48.0,-95.3,9.1,1.0,127.0,0
D002438,5.8,1158.0,0.85,27.0,0.44,-60.3,-54.6,27.8,51.0,-95.3,,0.0,138.0,1
D002439,4.2,1188.0,1.06,30.5,0.51,-66.6,-50.1,22.2,43.0,-96.2,12.0,0.0,134.0,1
D002440,4.6,1128.0,1.07,25.5,0.43,-65.3,-50.4,24.0,41.0,-95.3,8.6,1.0,135.0,1
D002441,4.0,1136.0,1.22,27.0,0.41,-64.9,-50.3,25.7,,-96.0,9.5,1.0,132.0,0
D002442,4.5,1182.0,1.06,32.0,0.53,-63.0,-51.3,27.5,52.0,-91.7,15.9,1.0,140.0,0
D002443,6.3,1322.0,1.19,29.0,0.36,-63.4,-51.5,20.9,35.0,-91.0,14.8,1.0,112.0,0
D002444,5.1,1232.0,1.22,26.5,0.42,-65.3,-51.0,23.9,48.0,-95.3,6.3,1.0,126.0,1
D002445,3.9,1283.0,1.1,20.0,0.64,-63.0,-52.9,26.4,41.0,-99.6,23.8,0.0,144.0,0
D002446,3.6,1203.0,1.2,29.0,0.47,-65.7,-49.9,23.6,44.0,-95.8,11.4,0.0,120.0,1
D002447,5.2,1211.0,1.15,29.0,0.5,-66.3,-50.1,24.3,45.0,-95.1,6.2,1.0,136.0,1
D002448,3.1,1345.0,1.19,26.5,0.37,-69.8,-53.2,21.5,59.0,-94.3,,1.0,148.0,0
D002449,4.2,1184.0,1.05,30.0,0.49,-66.7,-49.8,24.6,43.0,-96.0,8.8,0.0,131.0,1
D002450,6.0,1209.0,1.52,23.5,0.32,-66.7,-48.6,25.7,41.0,-97.6,5.3,1.0,143.0,0
D002451,6.1,1386.0,0.85,27.0,0.61,-68.0,-51.1,22.1,59.0,-93.3,19.6,1.0,134.0,1
D002452,5.2,1024.0,1.35,23.5,0.32,-68.7,-53.8,29.8,35.0,-97.8,3.9,0.0,102.0,0
D002453,5.1,1173.0,1.06,27.0,0.56,-64.7,-51.6,25.4,45.0,-95.6,9.0,1.0,124.0,0
D002454,5.1,1226.0,0.89,33.0,0.45,-64.8,-51.3,24.6,44.0,-95.9,8.4,0.0,132.0,1
D002455,4.0,1162.0,1.3,27.5,0.31,-69.7,-45.1,22.2,47.0,-92.2,11.4,1.0,131.0,0
D002456,5.4,1006.0,1.03,31.0,0.52,-63.5,-46.8,27.5,36.0,-98.6,0.3,0.0,139.0,1
D002457,4.1,1149.0,0.96,34.5,0.46,-65.2,-48.9,25.7,41.0,-95.7,6.4,1.0,136.0,1
D002458,5.1,1219.0,1.12,27.5,0.46,-64.2,-51.5,21.7,40.0,-96.6,9.6,1.0,134.0,1
D002459,4.5,1227.0,1.02,34.5,0.66,-69.0,-51.1,27.0,37.0,-98.5,5.1,1.0,118.0,1
D002460,4.7,1187.0,1.08,29.5,0.59,-65.3,-49.0,22.0,49.0,-96.4,5.9,0.0,134.0,1
D002461,5.0,1058.0,1.5,37.0,0.33,-60.8,-46.1,26.4,31.0,-91.8,15.8,0.0,108.0,0
D002462,4.4,1224.0,1.59,37.5,0.45,-64.3,-48.5,20.2,55.0,-91.9,19.2,1.0,112.0,0
D002463,4.2,1221.0,1.2,29.0,0.45,-66.5,-48.6,25.1,47.0,-92.6,8.1,0.0,124.0,1
D002464,4.9,1198.0,1.06,28.5,0.49,,-49.7,24.4,46.0,-95.2,9.0,0.0,134.0,1
D002465,5.9,1052.0,1.37,35.0,0.48,-63.9,-46.7,27.9,36.0,-96.5,0.3,1.0,116.0,1
D002466,5.9,1279.0,1.02,32.5,0.52,-64.8,,24.6,49.0,-96.2,5.8,1.0,131.0,1
D002467,4.2,1123.0,0.93,30.0,0.46,-66.5,-50.3,24.3,46.0,-96.0,7.4,0.0,122.0,1
D002468,4.5,1154.0,1.1,28.5,0.52,-64.0,-49.1,23.3,46.0,-95.2,4.5,0.0,126.0,1
D002469,4.7,1152.0,1.0,29.5,0.52,-64.6,-50.5,25.0,45.0,-95.5,13.3,1.0,123.0,1
D002470,4.7,,1.07,29.0,0.57,-66.9,-51.0,24.1,47.0,-95.7,6.9,1.0,125.0,0
D002471,5.1,1193.0,1.06,31.5,0.46,-65.8,-51.1,24.4,41.0,-96.3,4.8,1.0,125.0,1
D002472,4.7,1159.0,1.15,27.0,0.51,-66.2,-49.7,24.2,53.0,-95.0,3.5,0.0,120.0,1
D002473,5.0,1243.0,1.27,22.0,0.6,-62.1,-54.1,28.7,37.0,-96.2,11.2,1.0,105.0,0
D002474,4.7,1241.0,1.12,30.0,0.5,-66.3,-49.2,24.4,46.0,-95.3,10.1,1.0,125.0,1
D002475,4.9,1197.0,1.17,29.0,0.51,-65.0,-49.1,26.4,43.0,-95.2,8.7,1.0,130.0,0
D002476,4.1,1163.0,1.07,27.5,0.49,-66.9,-49.5,26.2,48.0,-96.9,7.7,1.0,117.0,0
D002477,4.8,1016.0,1.5,27.0,0.42,-62.9,-46.0,26.9,60.0,-98.3,12.6,0.0,140.0,0
D002478,4.8,1197.0,1.07,29.5,0.51,-65.1,-49.9,23.0,39.0,-95.1,8.6,1.0,132.0,1
D002479,4.1,1194.0,1.19,33.0,0.4,-67.5,-50.7,25.4,40.0,-95.8,11.7,1.0,134.0,1
D002480,4.4,1116.0,1.11,27.0,0.47,-67.2,-48.6,24.6,46.0,-95.1,10.1,0.0,134.0,1
D002481,4.7,1225.0,1.11,29.0,0.49,-65.7,-50.7,23.8,39.0,-94.7,11.8,1.0,122.0,1
D002482,3.5,1388.0,0.9,29.0,0.3,-62.7,-51.8,,30.0,-92.8,16.7,1.0,119.0,0
D002483,5.1,1206.0,1.12,28.0,0.53,-65.5,-50.0,24.3,46.0,-95.7,15.0,1.0,138.0,1
D002484,6.4,1354.0,1.47,37.0,0.51,-63.8,-50.4,21.2,53.0,-95.0,16.9,0.0,135.0,1
D002485,5.2,1171.0,1.11,26.0,0.46,-67.0,-50.4,23.7,40.0,-95.2,9.8,1.0,126.0,1
D002486,3.7,1232.0,1.11,28.0,0.45,-66.3,-50.8,24.8,41.0,-95.2,9.6,0.0,120.0,0
D002487,4.5,1231.0,1.12,29.5,0.46,-65.3,-48.5,22.5,46.0,-95.3,5.9,1.0,120.0,1
D002488,4.5,1154.0,1.0,27.5,0.45,-64.7,-50.6,24.2,39.0,-97.4,9.0,0.0,131.0,1
D002489,5.0,1175.0,1.14,30.0,0.37,-66.2,-49.4,23.9,47.0,-94.8,13.7,1.0,133.0,0
D002490,4.8,1131.0,1.16,29.5,0.44,-67.4,-50.5,24.6,46.0,-95.9,11.9,1.0,118.0,1
D002491,5.3,1173.0,0.95,28.0,0.48,-66.5,-50.2,24.1,38.0,-96.4,9.7,0.0,136.0,1
D002492,4.4,1139.0,1.23,31.5,0.49,-66.0,-49.4,22.7,38.0,-94.1,8.6,0.0,123.0,1
D002493,4.3,1178.0,1.08,27.5,0.49,-65.5,-50.1,23.5,40.0,-94.7,10.3,1.0,128.0,1
D002494,4.7,1257.0,1.01,28.5,,-68.0,-50.0,22.8,44.0,-95.7,,0.0,129.0,1
D002495,4.7,1154.0,1.03,30.0,0.51,-65.0,-50.7,25.4,40.0,-96.1,9.8,1.0,128.0,1
D002496,5.5,1349.0,1.04,35.5,0.6,-65.7,-55.0,25.5,60.0,-99.2,5.6,1.0,122.0,1
D002497,5.2,1293.0,1.28,23.0,0.37,-61.9,-51.9,,47.0,-95.7,1.1,0.0,125.0,0
D002498,5.4,1217.0,1.02,26.5,0.51,-64.0,-49.7,23.7,46.0,-97.8,9.9,0.0,132.0,1
D002499,5.3,1174.0,1.15,28.0,0.41,-65.2,-50.4,23.7,41.0,-93.0,9.7,0.0,130.0,0
D002500,,1191.0,1.08,29.0,0.52,-66.0,-50.2,24.4,44.0,-96.2,8.5,1.0,130.0,1
D002501,3.4,1118.0,1.06,24.5,0.47,-66.9,-47.5,21.8,59.0,-97.8,17.2,1.0,106.0,0
D002502,4.5,1181.0,1.09,29.5,0.49,-62.8,-51.6,24.9,47.0,-94.6,7.0,1.0,136.0,1
D002503,5.1,1197.0,1.02,28.0,0.45,-65.9,-50.3,25.2,48.0,-94.8,8.1,1.0,131.0,1
D002504,3.7,1346.0,1.49,31.5,0.38,-63.6,-53.4,23.7,38.0,-98.6,7.7,1.0,130.0,0
D002505,3.1,1057.0,0.96,29.0,0.37,-69.8,-53.2,22.6,48.0,-97.8,20.4,1.0,140.0,0
D002506,5.1,1314.0,1.0,29.0,0.38,-61.4,-51.3,26.2,48.0,-91.2,20.1,0.0,106.0,0
D002507,4.4,1085.0,1.23,28.0,0.54,-69.8,-55.0,27.2,35.0,-90.2,3.4,1.0,115.0,0
D002508,5.5,1234.0,1.21,30.5,0.43,-65.2,-49.7,24.2,,-93.9,9.8,0.0,128.0,1
D002509,5.2,1315.0,1.46,31.0,0.34,-66.0,-48.4,21.1,33.0,-91.1,22.4,1.0,141.0,0
D002510,6.6,1093.0,0.85,36.5,0.47,-69.1,-49.6,20.1,54.0,-95.4,4.0,0.0,133.0,1
D002511,5.4,1189.0,1.19,29.0,0.45,-63.9,-49.7,23.5,49.0,-94.3,9.7,1.0,141.0,1
D002512,4.8,1185.0,1.05,29.5,0.43,-64.4,-48.5,22.0,42.0,-95.8,6.0,1.0,130.0,0
D002513,6.3,1154.0,1.39,23.0,0.61,-67.9,-48.6,21.0,51.0,-94.5,7.4,,120.0,1
D002514,5.0,1220.0,1.02,31.5,0.47,-65.5,-50.0,23.7,40.0,-94.8,7.3,1.0,130.0,1
D002515,4.8,1202.0,1.17,31.5,0.46,-66.6,-49.9,23.3,39.0,-95.4,5.3,1.0,125.0,1
D002516,4.9,1205.0,1.04,31.5,0.44,-65.4,-50.3,23.8,47.0,-95.9,,0.0,126.0,1
D002517,4.1,1145.0,1.07,27.5,0.51,-65.6,-51.0,22.6,44.0,-93.0,,0.0,128.0,1
D002518,3.6,1262.0,1.2,36.5,0.52,-64.8,-54.6,20.5,51.0,-90.2,8.9,0.0,120.0,1
D002519,4.8,1342.0,1.59,23.0,,-62.0,-48.0,26.6,48.0,-90.5,21.7,1.0,,0
D002520,3.3,1062.0,0.87,27.5,0.36,-65.6,-46.0,20.0,32.0,-95.8,21.7,1.0,122.0,0
D002521,4.6,1162.0,1.24,32.0,0.43,-66.4,-48.6,24.7,48.0,-95.8,12.2,0.0,130.0,0
D002522,5.5,1219.0,0.93,37.5,0.68,-65.4,-51.3,24.1,55.0,-93.5,18.6,0.0,117.0,0
D002523,5.3,1217.0,1.13,29.0,0.52,-64.3,-47.3,25.4,45.0,-95.6,7.0,1.0,125.0,1
D002524,4.7,1137.0,1.06,30.5,0.58,-66.0,-52.9,24.3,44.0,-96.1,10.0,0.0,132.0,1
D002525,5.1,1134.0,1.04,38.0,0.33,-68.5,-49.5,25.8,42.0,-96.4,1.5,1.0,111.0,1
D002526,5.0,1231.0,0.94,27.5,0.43,-64.9,-50.6,24.7,45.0,-96.1,2.1,0.0,117.0,1
D002527,3.9,1030.0,1.29,36.0,0.67,-69.8,-48.0,27.5,32.0,-90.6,9.2,0.0,105.0,0
D002528,4.9,1185.0,1.14,27.0,0.51,-65.4,-47.9,23.4,44.0,-95.7,7.1,0.0,127.0,1
D002529,5.4,1211.0,1.57,23.0,0.59,-67.3,-54.2,24.2,50.0,-96.9,10.4,0.0,123.0,1
D002530,5.2,1147.0,1.15,31.5,0.42,-64.6,-49.0,23.7,45.0,-97.5,4.5,1.0,120.0,1
D002531,4.4,1232.0,1.06,31.5,0.47,-66.3,-48.0,24.2,38.0,-95.8,7.7,1.0,130.0,1
D002532,3.5,1290.0,1.15,32.5,0.54,-67.6,-46.4,24.8,41.0,-90.8,21.1,1.0,128.0,0
D002533,6.3,1135.0,1.43,34.0,0.63,-69.7,-50.2,22.1,43.0,-96.0,8.4,1.0,126.0,1
D002534,4.1,1163.0,1.06,28.5,0.55,-64.5,-51.3,25.5,44.0,-97.2,10.8,0.0,130.0,1
D002535,5.4,1227.0,1.03,27.5,0.59,-65.7,-49.3,22.2,42.0,-94.3,9.5,0.0,138.0,1
D002536,4.5,1142.0,1.06,27.5,0.53,-66.1,-50.0,24.3,44.0,-95.6,8.5,1.0,134.0,1
D002537,5.1,1155.0,1.19,24.5,0.41,-65.6,-50.2,24.5,43.0,-96.4,8.5,0.0,136.0,1
D002538,5.1,1036.0,1.19,28.5,0.64,-60.9,-46.0,21.9,55.0,-94.8,21.4,0.0,,0
D002539,5.1,1187.0,1.04,23.0,0.53,-65.4,-48.8,23.9,44.0,-95.4,7.3,1.0,137.0,1
D002540,3.3,1069.0,1.21,34.0,0.5,-61.7,-47.0,27.0,34.0,,15.9,0.0,146.0,0
D002541,6.6,1263.0,1.59,22.5,0.41,-69.1,-53.5,28.0,30.0,-93.8,23.0,1.0,145.0,1
D002542,4.6,1188.0,1.13,32.0,0.42,-66.1,-48.7,24.3,44.0,-96.9,5.0,0.0,131.0,1
D002543,4.4,1128.0,1.02,31.5,0.52,-65.2,-49.9,23.3,48.0,-95.1,8.0,0.0,126.0,1
D002544,4.8,1184.0,1.15,31.0,0.56,-65.9,-48.9,25.4,38.0,-96.2,9.8,1.0,124.0,1
D002545,5.3,1346.0,1.23,23.5,0.51,-61.6,-47.5,20.5,54.0,-97.9,5.6,0.0,114.0,0
D002546,4.0,1330.0,1.53,33.0,0.4,-62.8,-46.6,24.1,51.0,-92.6,1.7,0.0,110.0,0
D002547,4.3,1177.0,1.1,32.0,0.4,-64.8,-49.8,23.3,47.0,-97.5,12.0,0.0,129.0,1
D002548,4.3,1218.0,1.19,29.0,0.5,-64.0,-50.9,25.2,44.0,-93.7,5.6,1.0,124.0,1
D002549,5.3,1162.0,1.23,27.0,0.48,-66.5,-49.6,24.4,44.0,-94.3,5.8,1.0,130.0,1
D002550,4.7,1153.0,1.24,26.5,0.41,-65.5,-49.8,23.3,47.0,-93.5,9.2,1.0,143.0,1
D002551,4.5,1232.0,1.14,30.5,0.45,-66.3,-48.9,24.2,43.0,-96.4,7.7,0.0,123.0,1
D002552,4.6,1146.0,1.05,29.0,0.47,-65.5,-49.6,23.5,51.0,-95.1,2.9,1.0,126.0,1
D002553,5.2,1038.0,1.01,37.0,0.68,-62.5,-46.3,24.2,48.0,-95.4,11.8,0.0,113.0,0
D002554,5.0,1173.0,1.2,28.0,0.48,-67.0,-49.4,25.0,47.0,-94.7,11.5,1.0,137.0,1
D002555,4.6,1208.0,1.14,29.0,0.51,-66.1,-49.1,22.6,51.0,-95.8,7.0,0.0,135.0,1
D002556,3.8,1400.0,1.05,31.5,0.4,-60.7,-46.2,22.6,37.0,-94.7,4.7,0.0,105.0,0
D002557,4.6,1154.0,1.0,31.5,0.47,-66.1,-50.4,25.5,46.0,-95.4,6.2,1.0,129.0,1
D002558,5.0,1003.0,1.27,25.0,0.68,-66.2,-50.8,23.9,46.0,,22.0,1.0,142.0,0
D002559,3.3,1069.0,1.3,34.0,0.59,-68.0,-53.9,20.1,41.0,-98.0,14.8,1.0,101.0,0
D002560,4.7,1148.0,1.19,27.0,0.56,-65.5,-49.0,23.2,51.0,-95.4,4.3,1.0,125.0,0
D002561,3.4,1199.0,0.82,29.0,0.4,-68.3,-51.3,28.3,54.0,-91.0,14.6,0.0,108.0,0
D002562,5.1,1224.0,1.23,30.0,0.49,-65.3,-51.2,24.1,45.0,-95.8,10.6,1.0,126.0,1
D002563,4.7,1151.0,1.16,30.0,0.51,-65.3,-51.0,23.3,47.0,-94.9,10.5,1.0,128.0,1
D002564,6.7,1249.0,1.2,26.0,0.53,-61.1,-53.7,20.2,56.0,-97.5,16.1,1.0,130.0,1
D002565,4.5,1295.0,1.26,24.0,0.44,-69.7,-49.5,22.6,51.0,,3.2,1.0,108.0,0
D002566,4.3,1178.0,1.06,25.5,0.43,-65.9,-48.9,22.4,39.0,-94.6,9.1,1.0,136.0,1
D002567,4.6,1181.0,0.96,29.0,0.51,-64.2,-50.6,25.4,45.0,-95.6,9.0,1.0,127.0,1
D002568,4.8,1249.0,1.05,29.5,0.5,-66.1,-49.6,25.4,48.0,-94.9,9.5,0.0,133.0,1
D002569,3.6,1223.0,1.17,40.0,0.67,-66.1,-48.7,25.8,40.0,-98.4,10.1,1.0,131.0,0
D002570,4.6,1181.0,1.14,29.0,0.47,-65.5,-48.9,23.7,42.0,-96.2,6.9,1.0,129.0,1
D002571,5.1,1199.0,1.16,29.5,0.53,-66.3,-49.8,24.1,50.0,-97.0,10.6,0.0,126.0,1
D002572,5.2,1120.0,1.25,28.0,0.48,-66.0,-49.2,23.2,46.0,-96.2,5.6,1.0,125.0,1
D002573,6.5,1039.0,1.49,36.5,0.44,-61.5,-48.3,21.9,33.0,-95.3,6.3,0.0,125.0,1
D002574,5.0,1241.0,1.07,30.0,0.51,-64.2,-50.2,25.2,46.0,-96.0,7.9,1.0,124.0,0
D002575,5.8,1232.0,0.96,38.0,0.59,-67.4,-49.2,28.8,35.0,-95.7,14.8,1.0,137.0,1
D002576,5.1,1107.0,1.16,27.5,0.51,-63.8,-49.7,24.1,40.0,-95.5,8.3,0.0,129.0,1
D002577,5.9,1301.0,0.92,32.5,0.48,-60.2,-51.5,22.0,42.0,-96.2,14.6,1.0,102.0,1
D002578,,1210.0,,34.0,0.36,-61.5,-46.9,27.7,45.0,-91.1,4.5,1.0,107.0,0
D002579,4.7,1229.0,0.89,36.0,0.33,-68.3,-49.4,25.5,49.0,-99.4,21.9,0.0,102.0,0
D002580,4.7,1144.0,1.06,30.5,0.46,-65.8,-50.9,22.5,45.0,-95.0,8.6,1.0,125.0,1
D002581,4.7,1136.0,1.14,32.5,0.59,-66.0,-50.2,25.4,42.0,-95.0,5.7,0.0,121.0,1
D002582,,1184.0,1.0,29.0,0.47,-66.7,-50.7,24.8,46.0,-95.1,11.5,1.0,131.0,1
D002583,5.3,1167.0,1.11,,0.46,-64.4,-51.1,24.0,43.0,-96.0,11.7,1.0,128.0,1
D002584,5.2,1200.0,1.07,27.0,0.48,-63.7,-50.5,24.5,49.0,-93.4,7.7,0.0,,1
D002585,4.7,1181.0,1.04,25.5,0.45,-65.0,-49.6,26.6,42.0,-94.0,6.2,0.0,124.0,1
D002586,4.7,1185.0,1.09,27.5,0.52,-67.2,-50.0,24.3,38.0,-95.9,10.7,,126.0,1
D002587,4.5,1218.0,1.2,27.0,0.42,-64.6,-50.7,23.9,45.0,-95.3,,1.0,128.0,0
D002588,4.1,1168.0,1.02,27.0,0.53,-65.3,-48.8,23.1,41.0,-94.9,11.0,1.0,129.0,1
D002589,4.5,1109.0,1.1,33.0,0.45,-65.9,-51.0,25.5,46.0,-94.5,10.6,0.0,128.0,1
D002590,4.3,1055.0,0.9,34.0,0.66,-68.0,-54.7,27.9,56.0,-95.1,21.4,0.0,105.0,0
D002591,4.7,1157.0,1.1,29.0,0.47,-65.3,,24.2,42.0,-94.8,8.3,0.0,134.0,1
D002592,5.0,1165.0,1.13,25.0,0.5,-65.2,-51.3,24.1,43.0,-94.4,9.1,0.0,126.0,0
D002593,5.5,1226.0,0.99,25.5,0.52,-64.3,-51.5,22.6,44.0,-96.6,9.3,0.0,130.0,1
D002594,5.1,1243.0,1.04,28.0,0.49,-66.6,-49.2,23.5,37.0,-96.1,9.1,1.0,133.0,1
D002595,6.7,1319.0,1.1,28.0,0.53,-61.9,-47.5,28.4,40.0,-97.6,3.1,0.0,133.0,1
D002596,4.1,1146.0,1.24,28.0,0.52,-66.7,-49.3,24.0,46.0,-94.4,6.7,0.0,131.0,1
D002597,3.4,1155.0,1.4,25.0,0.52,-68.9,-45.3,29.4,40.0,-95.9,9.9,1.0,121.0,0
D002598,5.7,1204.0,0.92,20.5,0.62,-60.4,-51.9,23.3,49.0,-93.6,0.6,1.0,112.0,0
D002599,4.2,1346.0,1.18,34.5,0.48,-67.9,-54.2,22.4,55.0,-92.0,23.4,1.0,136.0,1
D002600,3.9,1018.0,1.33,24.5,0.56,-66.7,-50.0,20.2,33.0,,8.2,1.0,138.0,0
D002601,5.1,1202.0,1.19,29.0,0.53,-65.5,-49.9,24.7,42.0,-94.3,12.2,1.0,128.0,1
D002602,5.3,1139.0,1.09,29.5,0.45,-66.4,-49.9,24.4,38.0,-97.1,8.6,1.0,,1
D002603,4.0,1292.0,1.38,24.0,0.43,-68.6,,28.4,56.0,-93.5,4.3,1.0,122.0,0
D002604,3.0,1100.0,0.92,32.5,0.5,-61.1,-45.6,23.7,57.0,-95.4,22.2,0.0,,0
D002605,5.2,1194.0,1.04,31.5,0.49,-66.5,-50.2,24.0,44.0,-93.1,12.0,0.0,128.0,1
D002606,5.2,1113.0,1.07,28.0,0.46,-67.2,-49.4,24.5,36.0,-95.8,10.5,1.0,131.0,1
D002607,4.5,1160.0,1.22,31.5,0.55,-67.1,-51.2,22.4,40.0,-97.2,7.2,1.0,131.0,1
D002608,4.0,1303.0,1.34,35.0,0.56,-67.1,-46.8,20.2,57.0,-98.1,5.5,0.0,136.0,1
D002609,3.7,1386.0,1.44,22.0,0.36,-68.1,-45.3,27.2,57.0,-93.9,14.9,1.0,112.0,0
D002610,4.5,1040.0,1.54,37.5,0.49,-63.3,-45.5,21.8,,-97.7,5.0,0.0,135.0,1
D002611,4.9,1193.0,1.05,29.5,0.46,-65.9,-50.8,23.0,50.0,-95.3,9.8,1.0,135.0,1
D002612,3.2,1386.0,0.97,22.5,0.3,-69.0,-49.9,27.0,52.0,-98.9,,0.0,107.0,0
D002613,4.8,1153.0,1.1,28.5,0.48,-65.4,-49.2,24.3,52.0,-94.3,6.3,0.0,125.0,1
D002614,4.8,1191.0,1.13,28.0,0.52,-65.4,-51.4,24.4,43.0,-93.8,9.5,0.0,128.0,1
D002615,5.0,1121.0,1.15,27.0,0.46,-65.1,-49.8,24.9,42.0,-94.1,7.6,0.0,131.0,1
D002616,4.8,1221.0,1.17,33.5,0.46,-66.2,-48.4,24.4,45.0,-98.2,12.0,0.0,122.0,1
D002617,5.4,1224.0,1.09,30.5,0.56,-65.1,-51.8,24.7,44.0,-95.2,9.5,1.0,128.0,1
D002618,6.2,1060.0,1.26,,0.56,-65.0,-46.7,21.4,30.0,-93.6,5.8,0.0,130.0,0
D002619,4.4,1145.0,1.16,26.5,0.55,-65.9,-49.8,24.5,43.0,-94.8,8.9,1.0,126.0,0
D002620,5.0,1219.0,,28.0,0.49,-66.6,-48.7,23.6,46.0,-93.3,10.9,1.0,128.0,0
D002621,4.3,1144.0,1.07,27.0,0.39,-66.6,-51.1,25.3,46.0,-95.1,3.2,1.0,134.0,1
D002622,3.2,1142.0,1.38,33.0,0.63,-65.0,-53.0,26.5,40.0,-90.8,4.4,,125.0,1
D002623,4.5,1200.0,1.08,31.5,0.47,-64.5,-48.8,22.9,45.0,-94.5,8.9,1.0,120.0,1
D002624,5.5,1338.0,1.49,26.5,0.41,-70.0,-54.0,22.9,48.0,-90.6,5.8,1.0,138.0,1
D002625,5.0,1241.0,1.23,27.0,0.5,-66.9,-48.7,24.2,48.0,-94.2,8.0,0.0,126.0,1
D002626,6.6,1216.0,1.37,34.5,0.53,-64.6,-51.5,24.5,51.0,-99.5,4.6,1.0,129.0,1
D002627,4.9,1220.0,1.21,27.0,0.48,-66.2,-48.4,23.8,45.0,-95.3,4.7,1.0,133.0,1
D002628,4.8,1283.0,1.06,33.0,0.53,-65.0,-50.3,24.3,44.0,-94.8,7.6,0.0,135.0,1
D002629,5.1,1165.0,1.2,32.0,0.49,-64.6,-48.9,24.1,41.0,-95.1,6.1,,134.0,1
D002630,3.9,1149.0,1.23,33.0,0.44,-63.7,-51.6,22.7,44.0,-95.4,20.0,1.0,139.0,0
D002631,5.4,1158.0,1.05,29.5,0.5,-64.9,-49.2,23.9,39.0,-94.2,10.1,1.0,128.0,1
D002632,6.4,1240.0,1.05,26.5,0.63,-61.9,-54.5,28.6,43.0,-98.9,13.4,1.0,106.0,0
D002633,4.8,1243.0,1.1,33.5,0.49,-65.5,-48.2,26.0,47.0,-96.4,6.9,0.0,121.0,1
D002634,4.8,1178.0,1.13,29.5,0.35,-64.2,-50.5,22.2,45.0,-95.3,10.2,1.0,126.0,1
D002635,6.4,1123.0,1.35,28.5,0.67,-64.9,-47.2,23.9,34.0,-91.2,8.3,1.0,106.0,0
D002636,4.8,1174.0,1.06,25.0,0.53,-65.3,-49.3,24.1,40.0,-94.5,7.8,1.0,131.0,1
D002637,5.3,1376.0,1.11,22.5,0.46,-63.9,-45.2,27.0,31.0,-97.2,9.0,0.0,117.0,1
D002638,5.0,1166.0,1.09,29.5,0.52,-64.2,-51.7,24.6,44.0,-95.0,7.2,0.0,129.0,1
D002639,4.2,1084.0,1.15,31.0,0.43,-64.9,-49.0,23.6,49.0,-96.0,12.8,0.0,137.0,1
D002640,4.1,1110.0,1.19,31.0,0.47,-64.6,-49.1,23.2,49.0,-95.0,11.7,1.0,132.0,0
D002641,4.8,1201.0,1.05,30.5,0.51,-65.3,-51.4,25.1,42.0,-95.9,7.5,0.0,135.0,1
D002642,5.0,1144.0,1.16,29.0,0.49,-64.9,-50.7,24.5,48.0,-96.8,11.3,1.0,131.0,1
D002643,5.3,1166.0,1.1,28.0,0.41,-66.4,-50.1,22.3,43.0,-97.8,9.9,1.0,141.0,1
D002644,5.1,1188.0,1.16,28.0,0.48,-65.6,-49.1,22.2,43.0,-93.8,6.4,1.0,128.0,1
D002645,5.1,1148.0,1.13,28.0,0.48,-65.6,-48.3,24.4,46.0,-95.4,7.1,1.0,118.0,0
D002646,4.3,1204.0,1.2,28.5,0.48,-64.5,-51.4,24.1,43.0,-95.4,10.0,0.0,129.0,0
D002647,5.3,1140.0,1.19,30.0,0.48,-63.5,-50.6,23.6,50.0,-95.0,5.9,0.0,124.0,1
D002648,4.2,1164.0,1.06,33.5,0.34,-68.6,-53.7,28.8,34.0,-95.2,1.5,1.0,150.0,1
D002649,4.3,1147.0,1.1,30.0,0.5,-68.2,-51.1,24.2,44.0,-95.7,8.4,0.0,130.0,1
D002650,4.4,1244.0,1.04,28.5,0.47,-62.6,-48.6,23.1,44.0,-95.9,7.0,1.0,117.0,1
D002651,4.8,1228.0,1.1,29.0,0.49,-64.8,-50.2,24.5,48.0,-93.0,10.1,1.0,127.0,1
D002652,6.5,,1.56,30.5,0.53,-69.0,-51.8,24.7,,,11.3,1.0,121.0,0
D002653,6.2,1034.0,1.23,40.0,0.55,-65.6,,26.7,50.0,-93.2,2.9,0.0,125.0,1
D002654,5.5,1096.0,1.15,31.0,0.53,-64.9,-47.9,24.7,,-95.1,9.5,0.0,131.0,1
D002655,4.7,1147.0,1.12,28.0,0.49,-65.8,-50.2,25.0,42.0,-95.1,9.4,1.0,133.0,1
D002656,5.0,1176.0,1.19,31.0,0.5,-65.6,-51.1,23.8,44.0,-96.8,,1.0,127.0,1
D002657,4.7,1226.0,1.13,31.0,0.49,-65.9,-49.5,21.8,38.0,-96.1,10.7,0.0,133.0,1
D002658,4.7,1144.0,1.1,27.5,0.52,-68.4,-49.4,22.5,43.0,-95.3,11.7,0.0,129.0,1
D002659,,1180.0,1.04,27.5,0.54,-65.3,-49.6,24.8,46.0,-95.1,9.9,1.0,132.0,0
D002660,6.7,1041.0,1.29,26.0,0.41,-65.7,-54.6,23.6,53.0,-96.3,9.0,0.0,113.0,1
D002661,6.3,1180.0,0.97,32.0,0.53,-61.0,-50.6,21.2,45.0,-91.7,22.5,1.0,120.0,1
D002662,5.3,1287.0,1.5,29.5,,-65.0,-45.6,29.1,34.0,-90.1,20.0,0.0,115.0,0
D002663,4.6,1075.0,1.15,29.0,0.47,-65.2,-48.5,23.1,40.0,-95.6,4.9,1.0,131.0,1
D002664,4.7,1160.0,1.19,28.0,0.47,-66.7,-48.5,24.9,48.0,-96.0,10.6,1.0,131.0,1
D002665,5.3,1184.0,1.26,29.5,0.47,-65.4,-48.7,24.5,46.0,-97.1,7.6,1.0,123.0,1
D002666,6.0,1123.0,1.05,37.5,0.32,-67.0,-50.9,,40.0,-91.8,4.1,0.0,141.0,1
D002667,4.8,1174.0,1.0,26.0,0.5,-64.2,-52.1,23.5,44.0,-95.1,5.2,0.0,,1
D002668,4.2,1182.0,1.16,30.5,0.44,-67.1,-51.6,22.8,47.0,-94.1,6.1,1.0,127.0,1
D002669,4.9,1212.0,1.13,31.5,0.46,-65.8,-51.1,25.2,40.0,-95.1,11.6,1.0,132.0,1
D002670,3.2,1160.0,1.57,34.0,0.43,-66.6,-47.1,22.9,48.0,-90.9,11.3,1.0,112.0,0
D002671,4.5,1158.0,1.01,25.5,0.52,-65.6,-51.0,25.4,36.0,-96.1,12.6,0.0,133.0,1
D002672,5.9,1234.0,1.08,30.5,0.58,-66.9,-50.4,24.0,40.0,,8.2,0.0,130.0,1
D002673,5.4,1205.0,1.03,29.0,0.42,-67.3,-51.0,23.4,39.0,-94.5,7.6,1.0,129.0,1
D002674,4.8,1131.0,1.22,27.0,0.5,-66.0,-51.4,24.7,46.0,-94.4,11.8,0.0,129.0,1
D002675,3.2,1378.0,1.43,20.0,0.68,-64.3,-53.7,26.9,52.0,-95.9,18.1,,130.0,0
D002676,4.9,1214.0,1.1,29.5,0.53,-65.7,-50.6,21.3,43.0,-93.9,4.8,0.0,132.0,1
D002677,5.1,1202.0,1.16,29.0,0.45,-64.2,-50.5,23.9,47.0,-94.4,11.0,1.0,124.0,1
D002678,7.0,1151.0,1.55,34.0,0.33,-68.8,-47.5,27.3,40.0,-91.2,12.4,0.0,143.0,1
D002679,3.8,1151.0,1.16,27.0,0.52,-64.3,,23.1,43.0,-97.4,7.7,1.0,124.0,1
D002680,3.0,1187.0,0.89,25.5,0.46,-70.0,-54.4,20.2,44.0,-95.1,5.0,1.0,120.0,0
D002681,4.1,1173.0,1.21,29.0,0.46,-68.5,-50.6,23.4,43.0,-96.1,7.7,0.0,126.0,0
D002682,5.4,1137.0,1.06,28.0,0.54,-66.6,-49.2,24.5,46.0,-94.2,11.0,0.0,129.0,1
D002683,5.1,1210.0,1.12,31.0,0.5,-64.7,-49.3,24.8,46.0,-95.0,12.1,1.0,123.0,1
D002684,4.9,1330.0,1.28,23.0,0.66,-66.1,-46.7,21.9,43.0,-98.1,23.9,0.0,102.0,0
D002685,5.7,1290.0,1.09,20.0,0.35,-64.0,-49.4,24.7,40.0,-97.5,19.1,0.0,101.0,0
D002686,4.4,1085.0,1.44,34.5,0.67,-68.8,-50.0,25.5,34.0,-92.0,19.5,1.0,120.0,0
D002687,5.7,1163.0,1.2,27.0,0.49,-64.7,-50.9,24.3,43.0,-95.7,12.4,1.0,129.0,1
D002688,5.5,1182.0,1.42,36.0,0.33,-60.2,-48.9,23.6,39.0,-98.5,17.6,1.0,143.0,0
D002689,4.8,1095.0,1.05,30.5,0.52,-64.8,-50.8,24.2,39.0,-94.7,13.9,0.0,124.0,1
D002690,4.1,1024.0,1.29,30.5,0.32,-70.0,-45.4,23.9,35.0,-94.0,23.9,0.0,102.0,0
D002691,4.8,1250.0,1.1,30.0,0.44,-66.0,-49.0,23.8,46.0,-95.3,12.5,1.0,120.0,1
D002692,3.6,1036.0,1.55,21.0,0.33,-62.6,-51.8,22.3,39.0,-90.2,12.6,0.0,132.0,0
D002693,4.5,1181.0,1.22,26.0,0.46,-64.3,-49.9,25.7,46.0,-95.5,7.7,0.0,128.0,1
D002694,4.4,1249.0,0.93,31.0,0.48,-66.7,-51.0,24.6,,-94.6,7.8,1.0,127.0,1
D002695,4.9,1175.0,,32.0,0.49,-66.0,-50.2,25.0,48.0,-95.8,10.2,1.0,135.0,1
D002696,5.4,1281.0,1.1,32.0,0.7,-67.7,-48.3,22.3,51.0,-92.7,16.5,1.0,135.0,0
D002697,6.4,1378.0,0.89,40.0,0.55,-60.5,-53.8,27.1,49.0,-94.9,21.2,1.0,145.0,1
D002698,4.3,1183.0,1.16,28.0,0.51,-66.6,-50.2,23.0,41.0,-96.9,13.8,0.0,120.0,1
D002699,5.3,1231.0,1.14,29.0,0.5,-67.3,-49.6,24.7,44.0,-96.0,7.9,0.0,132.0,1
D002700,6.2,1258.0,1.55,40.0,0.59,-61.6,-52.1,27.3,58.0,-93.7,10.4,0.0,135.0,0
D002701,4.5,1191.0,1.03,23.5,0.52,-66.8,,24.4,44.0,-96.3,,0.0,128.0,1
D002702,5.0,1109.0,1.19,32.5,0.48,-66.1,-51.2,23.0,45.0,-95.5,12.7,1.0,133.0,1
D002703,5.0,1189.0,1.2,26.5,0.45,-65.2,-49.3,24.2,41.0,-96.1,10.2,1.0,133.0,1
D002704,5.1,1246.0,1.1,30.5,0.48,-66.2,-49.3,24.4,42.0,-95.5,10.7,1.0,130.0,1
D002705,4.8,1159.0,1.06,29.0,0.51,-65.2,-50.4,23.6,46.0,-96.2,8.1,1.0,126.0,1
D002706,4.4,1220.0,0.88,29.0,0.49,-66.1,-49.5,24.3,45.0,-96.7,4.4,1.0,131.0,1
D002707,4.2,1196.0,0.83,22.5,0.61,-69.3,-46.7,22.4,58.0,-91.9,12.5,1.0,130.0,0
D002708,4.3,1140.0,1.04,28.5,0.5,-64.1,-51.1,24.5,45.0,-97.1,9.5,0.0,131.0,1
D002709,5.1,1234.0,1.06,,0.49,-65.0,-51.8,22.3,47.0,-93.9,12.7,0.0,126.0,1
D002710,3.2,1045.0,,26.5,0.56,-64.4,-45.2,28.0,33.0,-91.5,7.1,1.0,150.0,0
D002711,7.0,1064.0,1.12,30.0,0.59,-66.6,-52.8,29.1,,-91.5,21.4,0.0,107.0,0
D002712,5.3,1207.0,1.09,24.5,0.52,-65.6,-49.8,25.0,46.0,-95.1,10.9,1.0,136.0,1
D002713,4.2,1212.0,0.92,29.5,0.52,-63.1,-50.3,24.7,43.0,-95.7,7.6,0.0,123.0,1
D002714,4.1,1038.0,0.88,24.0,0.41,-66.0,-53.9,20.7,58.0,-98.1,10.7,1.0,124.0,0
D002715,5.1,1255.0,1.2,30.0,0.47,-64.2,-49.4,22.9,44.0,-95.6,7.5,0.0,125.0,1
D002716,4.8,1202.0,1.08,27.5,0.47,-65.5,-50.0,22.9,45.0,-96.3,9.7,0.0,127.0,1
D002717,4.8,1238.0,1.03,30.5,0.5,,-50.5,24.5,44.0,-93.5,8.0,0.0,130.0,1
D002718,4.7,1190.0,1.0,28.5,0.44,-65.3,-48.6,24.0,45.0,-96.0,9.6,0.0,129.0,1
D002719,4.6,1121.0,,28.0,0.47,-64.4,-50.3,,44.0,-94.1,12.9,1.0,121.0,0
D002720,5.3,1153.0,1.05,30.0,0.46,-64.9,-48.8,23.7,46.0,-92.9,10.4,0.0,126.0,1
D002721,6.0,1175.0,1.26,30.0,0.33,-61.4,-50.4,28.6,36.0,-94.6,23.2,1.0,109.0,0
D002722,5.1,1120.0,1.21,23.5,0.49,-65.0,-47.9,22.5,39.0,-96.0,8.2,1.0,134.0,1
D002723,4.0,1201.0,1.15,32.5,0.46,-64.7,-49.5,23.8,45.0,-97.4,,0.0,137.0,1
D002724,4.3,1205.0,1.21,27.0,0.44,-65.7,-50.2,23.8,45.0,-94.7,7.4,1.0,126.0,0
D002725,,1132.0,1.21,31.0,0.52,,-50.1,23.4,45.0,-95.4,,,126.0,1
D002726,4.7,1121.0,1.01,26.0,0.55,-65.4,-50.9,25.1,42.0,-96.4,12.2,0.0,134.0,1
D002727,5.1,1226.0,1.22,29.0,0.42,-65.3,-50.1,24.0,47.0,-95.0,8.7,,129.0,0
D002728,5.4,1109.0,1.28,22.5,0.64,-65.9,-48.4,21.4,47.0,-96.6,19.5,0.0,135.0,0
D002729,4.7,1222.0,1.07,29.0,0.45,-65.1,-51.3,23.8,43.0,-97.2,9.1,0.0,127.0,1
D002730,5.0,1149.0,0.99,27.5,0.48,-65.3,-50.1,22.9,46.0,-96.2,8.0,0.0,137.0,1
D002731,4.3,1196.0,1.04,27.0,0.53,-64.2,-47.8,22.8,51.0,-96.3,8.8,1.0,125.0,0
D002732,5.1,1340.0,1.09,21.0,0.51,-64.3,,28.0,32.0,-95.7,0.4,0.0,133.0,1
D002733,4.4,1125.0,1.12,29.0,0.47,-65.1,-50.3,24.6,41.0,,11.5,1.0,132.0,0
D002734,5.5,1214.0,,29.5,0.54,-67.4,-51.0,23.8,39.0,-95.5,10.8,0.0,128.0,1
D002735,5.1,1245.0,1.28,34.0,0.41,-64.2,-49.3,24.9,45.0,-95.9,10.0,0.0,123.0,1
D002736,5.9,1197.0,1.42,31.0,0.55,-61.2,-52.9,27.2,55.0,-94.0,3.8,1.0,101.0,0
D002737,4.5,1145.0,1.08,30.5,0.47,,-50.4,24.0,45.0,-94.6,10.0,,127.0,1
D002738,4.9,1166.0,,29.0,0.44,-65.6,-48.2,25.0,44.0,-97.0,14.0,0.0,135.0,1
D002739,4.4,1216.0,1.26,28.5,0.46,-67.3,-51.0,24.4,42.0,-94.4,11.2,0.0,125.0,1
D002740,3.5,1293.0,1.58,34.0,0.58,-67.0,-47.6,26.3,36.0,-96.1,12.6,0.0,145.0,1
D002741,4.8,1201.0,1.21,28.0,0.46,-64.1,-50.9,23.1,46.0,-96.8,9.8,0.0,124.0,1
D002742,4.5,1134.0,1.03,27.0,0.52,-66.3,-50.1,23.4,43.0,-94.8,5.4,0.0,137.0,1
D002743,5.3,1178.0,1.2,28.0,0.5,-63.7,-50.6,24.7,47.0,-94.8,,0.0,119.0,1
D002744,3.9,1365.0,1.47,34.5,0.35,-63.2,-50.2,29.8,39.0,-96.7,22.0,0.0,126.0,0
D002745,6.4,1012.0,0.85,34.5,0.34,-68.7,-47.8,27.7,46.0,-97.0,13.8,0.0,132.0,1
D002746,5.8,1198.0,1.02,28.5,0.44,-65.4,-50.7,24.5,44.0,-96.9,,0.0,128.0,1
D002747,,1130.0,1.49,33.5,0.43,-67.6,-48.6,21.2,51.0,-93.6,3.6,0.0,123.0,1
D002748,4.3,1136.0,1.05,31.5,0.45,-65.8,-48.1,23.1,47.0,-96.8,8.1,1.0,126.0,0
D002749,6.7,1366.0,1.31,23.5,0.53,-64.1,-55.0,26.1,46.0,-96.1,23.1,1.0,113.0,0
D002750,5.4,1217.0,1.01,29.0,0.49,-63.2,-50.3,21.6,43.0,-94.8,6.8,0.0,134.0,0
D002751,4.1,1150.0,1.08,29.0,0.5,-66.4,-49.9,26.5,49.0,-94.1,8.4,1.0,132.0,0
D002752,5.6,1194.0,1.13,31.0,0.5,-65.4,-51.5,22.4,52.0,-94.6,9.2,0.0,133.0,1
D002753,4.8,1400.0,0.81,27.5,0.49,-68.5,-53.1,27.6,55.0,-92.1,18.6,1.0,140.0,1
D002754,4.7,1176.0,0.84,28.0,0.48,-66.0,-49.4,24.8,47.0,-98.1,7.0,0.0,123.0,1
D002755,4.1,1358.0,1.56,36.5,0.31,-67.5,-51.3,24.9,35.0,-96.9,5.8,1.0,113.0,0
D002756,5.2,1114.0,1.1,29.0,0.52,-66.0,-49.2,22.7,41.0,-96.3,7.7,1.0,132.0,0
D002757,4.7,1167.0,1.14,30.0,0.5,-67.4,-48.6,24.3,40.0,-95.4,9.2,0.0,141.0,1
D002758,4.3,1330.0,1.46,32.0,0.48,-60.2,-45.1,23.1,43.0,-91.8,18.4,0.0,141.0,0
D002759,5.5,1170.0,1.08,31.0,0.5,-66.1,-50.0,25.5,43.0,-92.9,7.4,1.0,139.0,1
D002760,4.9,1225.0,1.08,33.5,0.49,-67.0,-49.0,25.4,46.0,-93.4,9.5,1.0,116.0,1
D002761,4.9,1321.0,1.47,34.0,0.37,-65.9,-46.1,23.4,44.0,-98.9,,0.0,142.0,1
D002762,,1180.0,1.07,32.0,0.49,-65.9,-50.4,24.6,36.0,-94.4,6.3,1.0,129.0,1
D002763,4.9,1216.0,1.09,26.5,0.39,-64.9,-48.5,24.2,43.0,-96.4,7.7,1.0,128.0,1
D002764,4.9,1177.0,1.2,28.0,0.46,-67.2,-50.5,23.0,45.0,-94.6,6.8,1.0,119.0,1
D002765,5.2,1236.0,0.98,31.5,0.46,-65.8,-48.6,26.3,45.0,-95.0,7.3,0.0,130.0,1
D002766,5.4,1217.0,1.1,28.5,0.46,-65.9,-49.9,23.1,45.0,-95.6,7.6,1.0,124.0,1
D002767,5.7,1279.0,0.91,24.5,0.33,-68.8,-52.4,25.9,32.0,-94.5,15.3,0.0,126.0,1
D002768,4.8,,1.22,29.0,0.46,-64.9,-49.2,25.6,40.0,-94.9,8.6,0.0,132.0,1
D002769,4.3,1173.0,1.29,,0.42,-66.2,-51.2,24.1,42.0,-94.3,8.0,1.0,124.0,1
D002770,6.5,1288.0,,37.5,0.54,-66.4,-50.1,22.8,44.0,-93.9,14.6,,106.0,1
D002771,7.0,1266.0,1.53,33.5,0.59,-61.7,-54.1,,45.0,-95.8,,0.0,130.0,0
D002772,5.0,1169.0,1.13,26.5,0.48,-66.3,-51.3,22.4,41.0,-96.7,12.0,1.0,133.0,1
D002773,4.4,1198.0,1.16,29.0,0.56,-66.2,-49.4,22.7,,-94.3,7.2,1.0,133.0,1
D002774,5.3,1135.0,1.2,29.0,0.51,-66.4,-50.2,25.8,39.0,-95.5,11.4,0.0,134.0,1
D002775,4.7,1168.0,1.18,26.0,0.57,-64.1,-48.1,24.8,43.0,-95.3,10.6,1.0,118.0,0
D002776,4.5,,0.99,30.0,0.49,-66.2,-48.9,24.0,44.0,-95.4,9.5,1.0,132.0,1
D002777,5.0,1088.0,1.52,37.5,0.59,-68.9,-52.0,23.5,43.0,-97.0,20.5,1.0,132.0,1
D002778,3.5,1338.0,0.84,20.5,0.53,-68.7,-51.5,24.6,37.0,-95.8,14.8,1.0,119.0,1
D002779,4.6,1281.0,0.96,28.0,0.52,-67.0,-51.5,22.9,44.0,-95.8,11.6,1.0,125.0,1
D002780,5.0,1235.0,1.3,28.5,0.57,-64.7,-51.3,24.8,38.0,-96.6,9.4,0.0,127.0,1
D002781,5.4,1177.0,0.89,31.5,0.44,-66.3,-49.5,,46.0,-96.1,9.6,1.0,127.0,1
D002782,4.7,1189.0,1.23,29.0,0.46,-66.4,-51.1,25.9,43.0,-95.2,8.3,0.0,120.0,1
D002783,3.9,1064.0,1.37,38.0,0.58,-63.7,-47.3,29.5,39.0,-91.3,0.4,0.0,114.0,0
D002784,5.6,1341.0,0.95,36.5,0.67,-68.5,-51.7,24.2,59.0,-91.4,17.6,1.0,121.0,1
D002785,4.1,1230.0,1.07,30.5,0.51,-66.1,-49.9,24.8,42.0,-94.7,7.6,0.0,130.0,1
D002786,4.2,1303.0,1.18,27.0,0.47,-65.1,-49.2,23.2,38.0,-94.4,11.5,1.0,138.0,0
D002787,4.9,1226.0,1.0,26.0,,-65.3,-50.1,22.7,42.0,-93.6,,1.0,133.0,1
D002788,6.3,1274.0,1.55,26.5,0.38,,-46.2,22.0,52.0,-98.5,3.7,1.0,103.0,0
D002789,5.2,1214.0,1.07,34.5,0.56,-67.2,-48.5,24.0,41.0,-95.8,13.8,0.0,134.0,1
D002790,6.0,1066.0,0.92,25.5,0.51,-61.9,-45.8,23.9,,-93.5,2.4,1.0,120.0,1
D002791,4.4,1216.0,1.0,27.0,0.46,-65.1,,23.4,45.0,-95.5,10.4,0.0,132.0,1
D002792,5.6,1228.0,1.22,21.5,0.6,-62.0,-49.6,24.9,32.0,-96.8,2.2,1.0,105.0,0
D002793,4.3,1124.0,1.09,26.5,0.49,-64.2,-50.2,23.9,49.0,-94.6,5.5,1.0,126.0,0
D002794,4.0,1042.0,1.49,22.5,0.47,-64.1,-45.3,20.3,32.0,-97.9,8.2,0.0,125.0,0
D002795,5.4,1232.0,1.54,35.5,0.54,-68.0,-54.0,26.5,50.0,-90.6,16.1,,129.0,1
D002796,4.6,1226.0,1.13,28.0,0.5,-64.7,-50.0,23.0,42.0,-96.3,8.2,0.0,120.0,1
D002797,5.0,1171.0,1.04,30.0,0.52,-60.7,-48.4,27.9,33.0,-92.9,14.8,0.0,103.0,0
D002798,5.0,1177.0,1.24,28.0,0.46,-66.1,-49.7,25.9,45.0,-96.4,6.1,0.0,131.0,1
D002799,3.2,1354.0,1.15,29.0,0.61,-64.7,-54.4,23.9,31.0,-92.8,20.9,0.0,117.0,0
D002800,5.0,1154.0,1.22,25.0,0.4,-65.7,-48.3,24.3,45.0,-95.8,10.1,1.0,124.0,1
D002801,4.8,1177.0,1.11,27.0,0.45,-65.7,-49.9,25.0,41.0,-96.0,10.1,0.0,,1
D002802,5.1,1146.0,1.14,30.5,0.46,-65.2,-49.9,23.5,49.0,-96.1,12.1,1.0,132.0,1
D002803,3.5,1232.0,1.36,20.5,0.6,-63.8,-50.3,29.4,40.0,-93.7,22.0,0.0,137.0,0
D002804,4.3,1227.0,1.21,26.5,0.53,-65.3,-49.9,23.0,43.0,-95.9,10.9,1.0,118.0,0
D002805,6.6,1112.0,1.04,24.5,0.4,,-48.8,27.2,52.0,-95.2,23.7,1.0,111.0,0
D002806,5.3,1033.0,1.19,28.0,0.68,-60.9,-51.3,27.7,51.0,-95.4,,1.0,136.0,0
D002807,4.5,1176.0,1.0,33.0,0.47,-65.2,-49.0,24.0,43.0,-93.1,7.0,1.0,125.0,1
D002808,5.2,1054.0,1.09,37.0,0.34,-63.9,-50.4,29.0,54.0,-90.3,11.9,0.0,138.0,0
D002809,4.8,1152.0,1.05,30.0,0.43,-65.8,-49.1,22.5,41.0,-93.8,7.7,0.0,132.0,1
D002810,4.9,1164.0,1.18,26.5,0.45,-66.2,-51.7,23.6,46.0,-96.6,9.5,0.0,128.0,1
D002811,5.7,1351.0,1.29,27.0,0.6,-60.2,,26.7,36.0,-93.7,13.4,0.0,103.0,0
D002812,5.3,1141.0,1.09,29.0,0.46,-64.4,-49.9,24.2,47.0,-95.5,8.0,0.0,133.0,1
D002813,4.0,1386.0,1.42,20.5,0.66,-66.2,-53.9,28.7,37.0,-96.0,23.0,1.0,132.0,0
D002814,4.7,1199.0,1.15,25.5,0.5,-64.3,-51.8,22.3,46.0,-92.7,7.4,1.0,128.0,0
D002815,5.2,1193.0,1.0,31.0,0.51,-65.6,-48.8,24.5,44.0,,4.9,0.0,130.0,1
D002816,5.1,1164.0,1.32,27.0,0.46,-64.1,-49.5,24.0,41.0,-95.8,11.2,1.0,126.0,1
D002817,4.6,1195.0,1.14,24.5,0.45,-64.4,-50.4,23.1,47.0,-95.5,,0.0,128.0,0
D002818,6.7,1200.0,1.36,28.5,0.65,-61.6,-53.9,26.8,34.0,-97.6,17.4,0.0,100.0,0
D002819,5.6,1203.0,1.18,29.5,0.42,,-50.4,24.4,43.0,-96.1,7.4,1.0,128.0,1
D002820,4.9,1165.0,1.22,30.0,0.5,-64.8,-51.0,24.1,45.0,-97.2,9.8,0.0,132.0,1
D002821,5.1,1102.0,1.35,23.5,0.32,-62.7,-50.8,25.5,52.0,-91.1,5.4,0.0,133.0,0
D002822,4.8,1201.0,1.11,25.0,0.5,-65.3,-51.6,24.6,42.0,-95.8,8.9,1.0,136.0,0
D002823,4.8,1169.0,1.1,26.0,0.41,-64.2,-49.5,25.0,41.0,-95.8,6.0,1.0,130.0,1
D002824,3.3,1284.0,1.22,20.5,0.68,-61.5,-51.9,21.6,57.0,-92.1,15.6,1.0,133.0,0
D002825,4.6,1087.0,0.82,24.5,0.54,-60.1,-53.0,24.7,55.0,-94.1,1.1,0.0,113.0,1
D002826,5.2,1180.0,1.06,25.5,0.51,-65.2,-49.6,23.3,38.0,-95.1,8.6,1.0,134.0,1
D002827,5.3,1199.0,1.07,30.0,0.5,-65.3,-51.6,24.6,43.0,-93.9,6.6,0.0,121.0,1
D002828,5.1,1167.0,1.2,30.0,0.53,-67.1,-48.7,24.6,45.0,-95.2,7.3,0.0,121.0,1
D002829,5.1,1146.0,0.92,23.0,0.41,-66.1,-50.8,21.2,52.0,-99.1,17.2,1.0,142.0,1
D002830,4.7,1155.0,1.12,27.0,0.54,-65.2,-50.9,21.8,45.0,-96.1,6.4,1.0,123.0,1
D002831,4.4,1166.0,1.09,29.0,0.5,-67.0,-50.1,23.8,44.0,-94.1,12.4,0.0,129.0,1
D002832,4.8,1114.0,1.12,30.0,0.57,-66.0,-50.0,24.6,43.0,-95.1,13.1,1.0,123.0,1
D002833,5.1,1233.0,1.06,32.0,0.53,-65.5,-50.1,24.8,48.0,-95.5,10.5,1.0,133.0,1
D002834,5.5,1144.0,1.25,27.0,0.47,-65.4,-50.7,23.6,49.0,-96.0,,0.0,127.0,1
D002835,5.0,1312.0,1.16,30.0,0.53,-64.9,-50.6,,44.0,-95.6,11.1,0.0,134.0,1
D002836,4.5,1171.0,1.06,31.5,0.5,-64.9,-51.2,23.3,46.0,-97.1,10.2,1.0,133.0,1
D002837,6.5,1282.0,1.06,26.0,0.68,-65.5,-50.9,23.0,,-97.8,13.8,0.0,128.0,1
D002838,5.8,1174.0,1.02,31.5,0.44,-64.9,-49.2,26.1,41.0,-95.8,10.4,1.0,130.0,1
D002839,6.4,1255.0,1.27,26.5,0.33,-65.8,-52.2,22.6,37.0,-99.8,10.6,0.0,118.0,0
D002840,4.9,1195.0,1.04,31.5,0.54,-63.6,-51.3,23.9,41.0,-95.8,7.7,1.0,127.0,1
D002841,3.5,1067.0,1.11,34.5,0.42,-69.2,-46.7,26.4,45.0,-97.2,23.7,1.0,114.0,0
D002842,5.8,1175.0,1.02,28.0,0.54,-64.7,-50.7,22.8,48.0,-96.5,14.5,1.0,134.0,1
D002843,4.9,1128.0,1.12,34.5,0.42,-66.3,-50.0,23.1,41.0,-96.1,7.2,1.0,131.0,1
D002844,4.9,1237.0,0.96,28.0,0.43,-66.0,-47.4,24.4,42.0,-95.2,6.3,1.0,121.0,1
D002845,3.8,1169.0,1.19,29.0,0.47,-65.6,-49.5,24.0,,-96.8,8.9,1.0,121.0,0
D002846,4.9,1198.0,1.06,30.0,0.47,-64.4,-49.9,24.8,40.0,-95.3,7.2,0.0,132.0,1
D002847,3.6,1107.0,1.02,40.0,0.38,-64.6,-46.9,26.8,47.0,-95.0,0.9,0.0,125.0,1
D002848,4.4,1019.0,1.03,24.5,0.33,-69.2,-46.8,22.7,47.0,-93.3,13.5,1.0,125.0,0
D002849,7.0,1230.0,0.87,21.5,0.63,-63.3,-45.9,22.2,35.0,-93.3,2.2,0.0,107.0,1
D002850,4.5,1154.0,1.2,33.0,0.42,-66.4,-49.6,25.9,45.0,-95.8,13.1,1.0,135.0,1
D002851,5.6,1238.0,1.06,28.5,0.46,-64.9,-49.9,23.2,51.0,-96.3,6.9,1.0,134.0,1
D002852,4.6,1185.0,1.02,30.0,0.5,-67.1,-50.3,23.8,42.0,-94.7,12.0,1.0,133.0,1
D002853,,1259.0,1.13,24.0,0.62,-68.6,-49.1,20.0,38.0,-91.1,2.3,1.0,141.0,0
D002854,4.8,1199.0,1.07,30.5,0.55,-65.3,-51.8,26.4,44.0,-95.2,9.7,1.0,133.0,0
D002855,4.0,1191.0,1.2,37.0,0.3,-68.8,-46.0,26.0,35.0,-91.4,3.7,0.0,114.0,0
D002856,4.4,1135.0,1.04,30.5,0.43,-67.1,-45.7,21.7,42.0,-93.5,16.5,1.0,117.0,0
D002857,4.5,1214.0,0.98,29.5,0.48,-62.4,-50.6,23.2,41.0,-94.6,8.8,0.0,121.0,1
D002858,4.8,1103.0,1.16,29.0,0.42,-65.6,-51.5,24.6,37.0,-94.4,10.3,0.0,,1
D002859,4.8,1128.0,1.13,28.5,0.53,-65.2,-50.2,25.4,49.0,-96.1,6.3,1.0,132.0,1
D002860,6.6,1184.0,0.98,20.0,0.48,-63.2,-54.3,20.5,55.0,-97.6,1.7,0.0,110.0,1
D002861,4.7,1223.0,1.18,32.0,0.51,-65.0,-51.9,25.4,46.0,-94.5,9.1,1.0,138.0,1
D002862,6.2,1072.0,1.59,28.5,0.5,-63.8,-51.9,26.1,33.0,-94.5,11.1,1.0,132.0,0
D002863,4.8,1206.0,,28.0,0.5,-65.6,-50.9,22.1,,-96.9,6.5,0.0,128.0,1
D002864,4.0,,0.97,32.5,0.61,-62.7,-53.7,24.4,42.0,-98.5,2.7,1.0,140.0,1
D002865,4.1,1154.0,1.1,28.5,0.5,-64.5,-51.3,24.7,47.0,-98.1,12.0,1.0,135.0,0
D002866,4.7,1178.0,1.13,27.5,0.43,-64.7,-50.5,23.4,39.0,-92.8,5.5,1.0,134.0,1
D002867,4.2,1155.0,1.1,30.5,0.42,-66.8,-51.2,23.7,41.0,-95.0,6.9,1.0,130.0,1
D002868,4.8,1163.0,1.0,28.5,0.5,-65.2,-51.7,25.9,43.0,-95.7,12.2,1.0,129.0,1
D002869,5.1,1234.0,1.11,27.0,0.45,-66.4,-49.4,23.4,51.0,-96.5,6.4,0.0,126.0,1
D002870,4.6,1166.0,1.05,27.0,0.38,-65.9,-50.3,22.9,47.0,-96.3,,0.0,127.0,1
D002871,4.2,1201.0,1.08,30.0,0.53,-65.4,-50.2,23.9,44.0,-95.9,7.8,1.0,128.0,0
D002872,4.9,1103.0,1.08,31.5,0.44,-66.2,-50.5,22.7,41.0,,,0.0,129.0,1
D002873,4.5,1219.0,1.01,28.5,0.43,-63.8,-49.1,23.6,44.0,-96.5,6.0,1.0,126.0,0
D002874,5.0,1240.0,1.1,29.5,0.53,-66.4,-48.5,,42.0,-94.5,8.4,1.0,129.0,1
D002875,4.2,1261.0,1.39,22.5,0.65,-63.0,-52.6,27.7,33.0,,13.9,1.0,111.0,0
D002876,4.6,1168.0,1.23,27.5,0.49,-65.3,-48.4,23.1,43.0,-97.2,10.8,0.0,120.0,1
D002877,5.7,1201.0,1.23,36.5,0.61,-66.2,-47.2,24.0,39.0,-97.0,7.1,0.0,141.0,1
D002878,4.2,1191.0,1.47,27.5,0.58,-60.3,-46.8,28.5,51.0,-98.3,8.6,1.0,126.0,0
D002879,5.8,1098.0,0.92,27.0,0.53,-60.8,-48.4,22.1,31.0,-92.9,22.4,1.0,134.0,0
D002880,4.9,1359.0,1.58,23.0,0.65,-64.1,-48.1,24.2,44.0,-98.2,9.0,0.0,125.0,0
D002881,4.5,1183.0,1.13,26.5,0.47,-66.7,-49.4,24.1,41.0,-95.7,8.2,1.0,131.0,1
D002882,3.5,1048.0,0.85,34.5,0.66,-63.8,-46.4,23.0,33.0,-99.4,,0.0,115.0,0
D002883,3.2,1172.0,1.24,21.0,0.51,-63.9,-50.0,29.2,36.0,-98.9,1.4,1.0,141.0,0
D002884,4.3,1173.0,1.02,27.5,0.46,-66.8,-50.7,22.6,46.0,-95.0,10.7,1.0,125.0,0
D002885,3.7,1288.0,0.85,31.5,0.54,-63.4,-45.8,24.2,45.0,-98.2,5.0,0.0,128.0,1
D002886,5.4,1201.0,,27.5,0.51,-65.6,-50.4,24.1,48.0,-95.2,4.4,1.0,130.0,1
D002887,5.4,1328.0,,29.0,0.49,-66.8,-54.2,25.0,59.0,-92.9,22.3,1.0,106.0,1
D002888,5.0,1201.0,1.22,29.0,0.48,-62.5,-48.8,23.1,49.0,-97.2,3.5,1.0,133.0,1
D002889,4.9,1184.0,1.0,26.5,0.53,-64.7,-50.5,22.9,44.0,-93.9,7.4,0.0,130.0,1
D002890,4.8,1202.0,1.15,30.5,0.42,-67.5,-50.5,24.4,38.0,-96.0,12.2,0.0,130.0,1
D002891,4.5,1053.0,1.24,28.5,0.57,-70.0,-51.5,21.9,49.0,-95.6,7.8,1.0,139.0,0
D002892,6.3,1329.0,1.06,39.0,0.33,-64.7,-47.4,26.0,53.0,-94.0,20.5,1.0,109.0,0
D002893,4.7,1202.0,1.06,30.0,0.5,-66.1,-49.4,24.9,46.0,-94.7,6.2,0.0,128.0,1
D002894,4.6,1210.0,0.97,29.0,0.47,-63.6,-49.6,22.5,49.0,-95.4,11.8,1.0,123.0,1
D002895,4.8,1165.0,1.17,27.5,0.46,-67.3,-49.5,27.5,41.0,-95.0,10.4,0.0,125.0,1
D002896,4.6,,1.1,30.0,0.46,-65.5,-49.5,25.1,41.0,-95.4,11.2,0.0,131.0,1
D002897,4.6,1141.0,1.17,28.5,0.47,-65.1,-50.8,24.3,41.0,-96.0,10.0,1.0,128.0,0
D002898,,1135.0,1.56,30.5,0.64,-61.7,-45.3,27.0,53.0,-93.6,9.8,0.0,104.0,0
D002899,5.3,1232.0,1.21,26.0,0.47,-66.2,-50.2,25.0,42.0,-96.9,7.4,1.0,128.0,1
D002900,4.9,1136.0,1.18,29.0,0.56,-64.9,-49.5,25.2,41.0,-95.9,6.6,0.0,125.0,0
D002901,4.9,1208.0,1.08,30.5,0.55,-65.4,-51.0,23.0,40.0,-96.4,,0.0,,1
D002902,5.0,1179.0,1.13,30.0,0.5,-65.6,-50.2,22.8,43.0,-93.9,7.5,1.0,,1
D002903,5.2,1188.0,0.92,32.0,0.47,-67.0,-47.9,26.9,48.0,-95.5,12.2,0.0,123.0,1
D002904,5.2,1165.0,1.06,31.0,0.47,-66.4,-47.9,24.9,49.0,-94.0,10.4,0.0,129.0,1
D002905,4.7,1164.0,1.05,30.5,0.49,-65.2,-50.5,25.9,47.0,-96.0,13.4,1.0,125.0,1
D002906,5.2,1164.0,1.07,30.5,0.57,-65.2,-47.9,26.0,47.0,-96.0,10.9,1.0,137.0,1
D002907,5.5,1075.0,1.01,29.5,0.46,-65.0,-49.7,25.2,42.0,-95.9,9.1,1.0,137.0,1
D002908,7.0,1232.0,0.89,30.0,0.42,-62.9,-51.8,27.8,31.0,-93.1,1.4,1.0,149.0,1
D002909,3.3,1157.0,0.92,23.0,0.45,-68.6,-52.4,22.7,48.0,-94.2,10.0,0.0,127.0,1
D002910,5.0,1170.0,1.08,29.0,0.45,-65.7,-49.9,24.6,44.0,-95.8,7.3,1.0,125.0,1
D002911,5.1,1256.0,1.18,27.5,0.49,-63.5,-49.0,24.0,51.0,-95.8,6.9,1.0,131.0,1
D002912,4.5,1206.0,,26.0,0.51,-66.3,-50.3,23.1,43.0,-95.1,14.5,1.0,133.0,0
D002913,4.2,1377.0,1.04,37.0,0.52,-62.3,-53.1,27.5,,-90.9,18.3,1.0,126.0,1
D002914,4.7,1212.0,1.08,33.5,0.45,-64.0,-51.0,23.1,36.0,-94.7,7.0,1.0,128.0,1
D002915,6.7,1342.0,1.46,30.5,0.53,-66.6,-52.4,26.1,42.0,-93.3,19.0,1.0,101.0,1
D002916,5.2,1204.0,1.14,32.0,0.49,-65.7,-49.6,24.4,41.0,-95.7,12.2,0.0,126.0,1
D002917,4.8,1126.0,1.11,31.5,0.43,-63.5,-49.0,23.9,49.0,-95.4,4.0,0.0,123.0,1
D002918,4.7,1131.0,1.05,26.0,0.49,-65.3,-49.7,23.1,44.0,-96.1,9.2,1.0,129.0,1
D002919,5.9,1062.0,1.48,22.5,0.31,-65.7,-52.6,23.9,36.0,-90.3,13.6,1.0,142.0,0
D002920,4.9,1126.0,1.1,28.0,0.53,-64.6,-50.6,23.8,43.0,-95.3,10.7,0.0,119.0,1
D002921,4.8,1165.0,1.05,28.5,0.45,-63.4,-49.6,24.7,44.0,-96.2,7.2,1.0,132.0,1
D002922,4.7,1166.0,1.09,29.5,0.51,-66.9,-48.6,22.7,45.0,-95.8,,0.0,125.0,1
D002923,4.8,1273.0,1.31,22.0,0.62,-65.9,-54.8,28.9,39.0,-91.9,5.2,0.0,102.0,0
D002924,4.8,1185.0,1.14,29.0,0.56,-66.4,-50.2,23.8,42.0,-94.2,12.5,0.0,138.0,1
D002925,5.0,1206.0,1.15,28.0,0.53,-66.0,-50.5,23.4,45.0,,11.5,1.0,131.0,1
D002926,5.0,1205.0,1.08,28.0,0.53,-66.4,-49.5,25.6,45.0,-94.8,7.5,,134.0,1
D002927,5.2,1027.0,0.8,32.5,0.44,-62.7,-49.1,25.4,52.0,-95.8,7.9,1.0,105.0,0
D002928,5.7,1291.0,1.09,28.5,0.48,-68.3,-47.1,21.6,43.0,-90.3,14.0,0.0,103.0,1
D002929,,1226.0,0.99,28.0,0.44,-66.4,-47.9,23.3,42.0,-96.2,7.3,0.0,128.0,1
D002930,5.1,1228.0,1.42,39.0,0.52,-62.6,-52.6,29.4,58.0,-90.0,11.4,0.0,130.0,0
D002931,5.0,1197.0,1.12,29.0,0.5,-65.2,-50.2,24.6,50.0,-97.1,12.6,1.0,124.0,1
D002932,3.2,,0.91,29.0,0.4,-68.5,-45.4,28.9,46.0,-99.6,20.7,1.0,105.0,0
D002933,4.4,1237.0,0.92,29.5,0.48,-63.9,-50.6,24.2,47.0,-93.9,13.0,1.0,126.0,1
D002934,5.7,1164.0,1.18,30.5,0.46,-66.0,-49.4,24.2,41.0,-94.5,7.9,1.0,133.0,1
D002935,3.9,1194.0,1.04,27.0,0.44,-67.6,-50.4,23.5,43.0,-94.5,6.6,0.0,128.0,1
D002936,5.0,1210.0,1.12,29.5,0.52,-66.1,-49.8,24.2,44.0,-94.4,14.7,1.0,120.0,1
D002937,5.0,1197.0,1.23,30.5,0.5,-67.5,-50.3,22.5,44.0,-96.5,4.3,0.0,127.0,1
D002938,5.3,1387.0,1.22,29.5,0.58,-68.0,-49.7,22.5,53.0,-90.6,19.3,,139.0,1
D002939,4.9,1125.0,1.25,27.5,0.38,-64.7,-49.1,23.7,47.0,-94.7,9.7,0.0,124.0,0
D002940,4.4,1130.0,1.08,29.0,0.53,-66.7,-51.3,23.8,49.0,-95.2,8.3,0.0,126.0,1
D002941,4.8,1264.0,1.54,24.0,0.46,-60.9,-50.6,23.7,48.0,-98.5,12.4,1.0,128.0,0
D002942,5.4,1106.0,1.11,26.5,0.55,-64.9,-49.7,25.5,41.0,-96.4,7.8,0.0,127.0,1
D002943,3.7,1023.0,1.54,20.5,0.67,-64.8,-47.8,21.4,32.0,-92.7,0.4,1.0,121.0,0
D002944,4.4,1119.0,0.97,29.5,0.48,-66.3,-49.1,25.3,47.0,-94.7,12.0,0.0,127.0,1
D002945,4.7,1228.0,1.13,31.5,0.5,-65.8,-50.4,24.3,42.0,-94.9,12.3,0.0,127.0,1
D002946,4.7,1177.0,1.11,26.0,0.41,-66.5,-49.8,26.0,38.0,-96.7,10.5,1.0,135.0,1
D002947,5.2,1302.0,1.26,37.0,0.51,-65.5,-51.1,20.9,52.0,-95.4,6.9,0.0,100.0,1
D002948,5.5,1182.0,1.15,27.5,0.48,-65.2,-49.1,23.4,44.0,-94.3,10.5,1.0,121.0,1
D002949,4.4,1359.0,1.37,36.0,0.66,,-51.5,24.8,47.0,-94.4,12.1,0.0,111.0,0
D002950,5.2,1139.0,1.16,32.5,0.52,-66.6,-50.3,24.0,41.0,-94.5,5.7,1.0,128.0,1
D002951,5.1,1210.0,1.44,34.0,0.68,-66.4,-45.3,20.6,45.0,-94.7,4.9,0.0,148.0,0
D002952,4.7,1244.0,1.08,31.5,0.49,-66.0,-50.3,23.8,47.0,-96.3,8.4,1.0,131.0,1
D002953,4.4,1124.0,1.22,30.0,0.47,-66.2,-48.8,24.0,40.0,-96.7,9.3,1.0,130.0,1
D002954,4.4,1197.0,1.15,27.5,0.43,-65.7,-50.2,25.5,47.0,-95.5,11.7,1.0,121.0,1
D002955,4.5,1173.0,1.14,29.0,0.55,-65.5,-48.1,23.8,41.0,-96.2,6.7,0.0,129.0,1
D002956,3.3,1312.0,1.04,31.5,0.48,-63.0,-46.8,21.5,56.0,-99.1,8.7,1.0,148.0,0
D002957,4.0,1169.0,1.04,31.0,0.38,-65.2,-49.0,22.2,39.0,-95.1,8.8,1.0,132.0,0
D002958,4.7,1198.0,1.03,28.5,0.44,-65.6,-48.6,,43.0,-96.1,14.2,1.0,133.0,1
D002959,4.5,1162.0,1.1,31.5,0.52,-65.0,-48.8,23.8,,-94.6,8.4,0.0,127.0,1
D002960,4.3,1211.0,1.15,29.5,0.51,-64.1,-50.2,24.5,45.0,-96.1,11.5,1.0,132.0,0
D002961,3.9,1234.0,1.03,30.5,0.47,-65.1,-50.7,23.5,45.0,-94.7,13.5,0.0,119.0,1
D002962,4.9,1092.0,1.1,29.5,0.48,-66.5,-49.9,23.0,45.0,-94.9,8.4,1.0,132.0,1
D002963,6.9,1019.0,1.58,39.0,0.51,-62.8,-49.4,20.1,57.0,-96.7,14.5,1.0,134.0,1
D002964,6.5,1340.0,1.21,35.0,0.43,-60.2,-48.3,21.2,41.0,-90.2,10.4,1.0,138.0,1
D002965,4.8,1193.0,1.03,26.5,0.53,-66.0,-48.5,23.6,43.0,-93.9,10.9,0.0,129.0,1
D002966,6.0,1301.0,0.91,21.0,0.39,-63.1,-45.1,25.2,41.0,-91.6,21.3,1.0,148.0,1
D002967,6.3,1393.0,1.27,29.0,0.57,-62.2,-45.3,20.4,44.0,-91.8,16.1,0.0,129.0,0
D002968,5.1,1107.0,1.12,29.0,0.44,-66.0,-49.0,24.7,45.0,-97.6,2.2,,124.0,1
D002969,4.8,1239.0,1.06,27.5,0.49,-65.8,-50.5,25.3,47.0,-96.1,9.7,1.0,122.0,1
D002970,5.5,1213.0,1.01,29.5,0.48,-64.7,-50.4,25.4,40.0,-94.2,12.1,0.0,129.0,1
D002971,4.1,1022.0,1.22,29.5,0.67,-65.3,-52.5,29.5,57.0,-96.7,15.4,1.0,139.0,0
D002972,4.7,1129.0,0.87,,0.51,-65.9,-48.3,23.9,49.0,-97.2,6.0,1.0,133.0,1
D002973,6.0,1214.0,0.95,38.5,0.46,-63.8,-54.6,22.3,36.0,-92.8,20.5,1.0,131.0,1
D002974,5.0,1265.0,1.09,30.5,0.52,-64.6,-50.7,23.8,44.0,-96.4,9.7,1.0,129.0,1
D002975,4.9,1165.0,1.17,29.5,0.46,-65.7,-49.6,23.9,43.0,-95.3,6.9,,134.0,1
D002976,5.6,1140.0,1.13,26.5,0.5,-64.9,-50.1,23.2,48.0,-94.1,,1.0,137.0,1
D002977,5.5,1181.0,1.11,33.5,0.49,-67.3,-51.7,24.7,49.0,-97.0,8.2,1.0,125.0,1
D002978,4.9,1195.0,0.99,31.5,0.6,-67.2,-50.2,24.7,48.0,-95.4,5.3,1.0,130.0,1
D002979,5.2,1183.0,0.92,27.0,0.46,-65.3,-50.1,22.4,45.0,-93.4,10.8,0.0,125.0,1
D002980,4.3,1122.0,1.26,29.5,0.45,-64.4,-50.1,23.3,47.0,-96.6,5.3,0.0,129.0,1
D002981,5.1,,1.06,30.5,0.46,-66.7,-49.5,25.7,44.0,-95.4,11.0,1.0,133.0,1
D002982,5.5,1199.0,1.04,29.0,0.45,-65.2,-49.4,25.8,41.0,-96.6,11.1,1.0,133.0,1
D002983,6.0,1396.0,1.27,29.5,0.58,-62.4,-46.3,29.6,58.0,-93.9,3.3,1.0,106.0,0
D002984,5.4,1161.0,1.16,28.5,0.43,-64.0,-48.1,23.5,39.0,-95.3,6.1,1.0,131.0,1
D002985,5.3,1217.0,1.17,24.5,0.44,-65.6,-49.8,24.6,49.0,-95.0,8.2,0.0,132.0,1
D002986,5.0,1116.0,0.95,28.0,0.45,-65.1,-51.3,23.9,41.0,-96.0,9.3,1.0,131.0,1
D002987,5.2,1144.0,1.07,25.5,0.52,-65.9,-51.0,24.3,44.0,-92.7,7.4,1.0,131.0,1
D002988,4.3,1222.0,0.99,28.5,0.46,-66.7,-51.9,22.9,43.0,-96.0,10.8,0.0,129.0,1
D002989,4.8,1160.0,1.06,27.5,0.49,-64.2,-49.6,23.1,45.0,-95.5,11.2,0.0,130.0,1
D002990,3.2,1045.0,1.41,24.0,0.32,-61.6,-52.1,20.1,60.0,-97.3,18.9,1.0,106.0,0
D002991,5.4,1197.0,1.13,28.0,0.51,-67.2,-49.6,24.4,44.0,-95.8,8.1,1.0,126.0,1
D002992,4.4,1351.0,1.47,36.5,0.45,-62.6,-45.1,29.4,37.0,-93.4,16.6,0.0,113.0,0
D002993,4.3,1156.0,1.11,29.5,0.52,-65.8,-50.0,25.9,47.0,-96.1,10.4,1.0,131.0,1
D002994,5.1,1150.0,0.93,28.0,0.51,-65.1,-48.3,25.1,37.0,-96.6,6.5,1.0,138.0,1
D002995,4.6,1180.0,1.2,29.5,0.51,-66.5,-50.6,22.3,47.0,-94.6,9.4,0.0,125.0,0
D002996,5.6,1088.0,1.14,27.0,0.5,-66.5,-50.1,24.2,51.0,,10.2,0.0,132.0,1
D002997,4.6,1203.0,1.14,25.0,0.44,-65.0,-50.5,25.9,44.0,-94.1,10.0,1.0,127.0,1
D002998,4.4,1162.0,1.04,29.5,0.54,-66.0,-48.9,22.5,45.0,-94.1,7.8,0.0,134.0,1
D002999,5.0,1238.0,1.18,30.0,0.51,-65.4,-47.9,23.6,46.0,-94.3,11.0,1.0,130.0,1
D003000,,1148.0,0.9,27.5,0.6,-67.8,-47.0,24.8,,-95.3,17.2,1.0,114.0,1
D003001,4.3,1146.0,1.1,26.5,0.48,-66.3,-50.3,23.9,45.0,-94.8,9.7,0.0,132.0,1
D003002,,1158.0,1.02,25.5,0.45,-66.7,-52.2,22.7,43.0,-94.9,11.3,1.0,127.0,0
D003003,5.2,1090.0,0.95,23.5,0.41,-69.4,-45.9,25.1,43.0,-93.5,1.5,1.0,131.0,0
D003004,4.7,1187.0,1.12,31.5,0.51,-66.0,-50.0,23.5,45.0,-94.7,6.2,1.0,130.0,1
D003005,5.6,1075.0,1.22,38.5,0.45,-63.2,-49.2,29.4,45.0,-98.0,6.1,0.0,137.0,1
D003006,4.8,1159.0,1.01,30.0,0.51,-66.3,-50.3,23.4,43.0,-95.0,8.1,0.0,131.0,1
D003007,4.1,1214.0,0.89,31.0,0.67,-67.1,-53.0,25.8,56.0,-93.0,18.7,1.0,120.0,0
D003008,4.9,1173.0,1.11,30.0,0.46,-64.4,-51.9,23.2,43.0,-95.0,10.0,1.0,120.0,1
D003009,5.0,1153.0,1.12,31.0,0.57,-65.2,-51.8,,42.0,-96.2,7.1,0.0,131.0,1
D003010,4.6,1368.0,1.39,36.5,0.5,-64.3,-55.0,21.9,43.0,-96.4,13.1,0.0,139.0,1
D003011,5.8,1219.0,1.58,29.0,0.43,-65.4,-50.1,28.4,57.0,-92.0,1.0,0.0,127.0,1
D003012,5.2,1195.0,1.1,28.5,,-65.8,-50.4,25.1,49.0,-94.8,10.8,1.0,130.0,1
D003013,5.1,1230.0,1.1,30.5,0.51,-64.2,-52.2,26.4,40.0,-95.8,8.6,0.0,123.0,1
D003014,3.5,1072.0,1.32,26.5,0.53,-62.4,-52.1,22.9,48.0,-92.5,,0.0,112.0,0
D003015,3.9,1209.0,1.35,27.5,0.54,,-54.0,26.6,42.0,-97.6,14.2,1.0,125.0,0
D003016,4.8,1143.0,1.11,28.0,0.46,-67.7,-49.1,23.4,40.0,-94.2,8.4,0.0,128.0,1
D003017,4.8,1134.0,1.02,27.0,0.46,-65.2,-52.0,24.2,47.0,-95.5,8.6,1.0,122.0,1
D003018,3.1,1122.0,1.1,36.5,0.45,-60.9,-50.0,28.5,36.0,-98.6,14.5,0.0,120.0,0
D003019,6.3,1044.0,0.82,39.0,0.31,-66.6,-48.0,22.7,34.0,-93.7,8.4,1.0,142.0,1
D003020,4.7,1269.0,0.8,39.0,0.51,-66.3,-49.0,27.0,59.0,-91.0,15.5,1.0,127.0,1
D003021,4.2,1240.0,1.09,27.5,0.46,-63.7,-48.7,22.4,40.0,-95.0,10.9,0.0,133.0,1
D003022,4.9,1293.0,1.07,23.0,0.69,-62.1,-51.5,21.6,55.0,-97.5,19.1,1.0,127.0,0
D003023,4.5,1228.0,1.02,29.0,0.5,-65.4,-50.0,,47.0,-96.0,13.5,1.0,128.0,0
D003024,4.1,1102.0,0.95,40.0,0.48,-62.6,-51.1,29.9,36.0,-90.3,23.3,1.0,135.0,0
D003025,5.2,1122.0,0.85,28.0,0.42,-66.4,-47.5,20.7,46.0,-90.9,4.4,0.0,115.0,0
D003026,5.3,1183.0,1.14,32.5,0.46,-67.1,-50.0,25.3,43.0,-96.4,4.3,1.0,131.0,1
D003027,4.5,1059.0,1.43,22.0,0.6,-68.5,-48.8,26.6,36.0,-94.9,20.4,1.0,145.0,0
D003028,4.7,1222.0,0.96,28.0,0.39,-65.4,-50.5,24.7,43.0,-94.7,12.1,0.0,136.0,1
D003029,5.3,1384.0,1.03,34.0,0.64,-63.5,-51.9,25.1,36.0,-94.5,23.9,0.0,130.0,0
D003030,4.3,1140.0,1.04,26.0,0.49,-66.1,-47.3,24.8,42.0,-93.8,7.8,0.0,129.0,0
D003031,5.9,1179.0,1.13,30.5,0.67,-61.6,-50.4,28.0,38.0,-91.9,23.5,0.0,110.0,0
D003032,3.9,1229.0,1.08,31.0,0.5,-65.9,-50.6,22.5,42.0,-96.9,7.8,1.0,134.0,1
D003033,5.0,1126.0,0.88,32.0,0.46,-66.3,-52.1,24.1,42.0,-95.6,10.7,0.0,126.0,1
D003034,3.9,1197.0,1.05,28.5,0.49,-67.7,-50.4,24.9,48.0,-95.6,9.1,1.0,121.0,1
D003035,,1151.0,1.29,31.0,0.39,-66.1,-50.8,23.2,42.0,-96.3,8.0,1.0,132.0,0
D003036,5.0,1211.0,1.08,26.5,0.45,-68.4,-49.0,24.6,46.0,-96.3,9.4,1.0,121.0,1
D003037,,1066.0,0.86,21.0,0.33,-68.3,-54.0,25.4,40.0,-94.2,,,133.0,0
D003038,5.1,1174.0,1.18,25.0,0.49,-64.6,-49.9,23.4,45.0,-95.5,6.8,1.0,138.0,1
D003039,6.9,1124.0,1.47,34.0,0.4,-65.5,-53.7,25.0,59.0,-97.2,23.4,0.0,142.0,1
D003040,4.7,1146.0,1.05,26.5,0.39,-64.8,-50.7,25.4,46.0,-94.4,10.7,,131.0,0
D003041,3.8,1212.0,1.54,38.5,0.6,-67.3,-52.7,22.0,48.0,-91.8,9.5,1.0,142.0,1
D003042,4.1,1249.0,1.1,28.0,0.43,-66.2,-51.0,22.6,48.0,-95.9,6.9,1.0,124.0,0
D003043,5.2,1211.0,1.13,31.0,,-66.5,-51.0,24.4,44.0,-95.4,8.2,0.0,119.0,1
D003044,3.9,1158.0,1.1,26.0,0.55,-66.3,-51.7,22.1,,-94.0,6.5,1.0,127.0,0
D003045,5.2,1201.0,1.13,30.5,0.39,-64.4,-49.5,23.2,48.0,-94.3,7.0,1.0,129.0,1
D003046,4.5,1195.0,1.11,30.5,0.53,-66.9,-49.8,23.2,42.0,-96.4,7.1,1.0,133.0,1
D003047,3.2,1213.0,1.39,21.0,,-65.5,-51.1,28.1,50.0,-94.1,11.0,1.0,134.0,0
D003048,4.7,1120.0,1.12,30.0,0.4,-63.6,-51.5,24.1,50.0,-95.2,7.9,1.0,124.0,0
D003049,5.6,1346.0,1.2,39.5,0.39,-65.2,-45.8,29.5,,-96.9,,1.0,102.0,0
D003050,5.7,1284.0,1.42,28.0,0.36,-65.2,-54.7,20.7,34.0,-97.3,13.4,1.0,115.0,0
D003051,5.8,1151.0,1.14,35.0,0.5,-61.5,-47.3,22.1,52.0,-98.4,4.6,0.0,136.0,1
D003052,5.7,1340.0,1.48,31.0,0.35,-67.6,-52.7,28.5,52.0,-92.8,9.9,0.0,134.0,1
D003053,3.8,1038.0,1.13,37.0,0.39,-64.3,-54.0,20.9,47.0,-92.6,12.7,0.0,110.0,0
D003054,,1176.0,1.31,27.5,0.42,-65.0,-50.2,24.7,42.0,-95.0,11.2,1.0,138.0,1
D003055,4.6,1160.0,1.1,32.5,0.52,-65.8,-50.2,22.7,45.0,-95.7,10.6,0.0,124.0,1
D003056,4.4,1167.0,1.15,30.0,0.43,-64.5,-49.7,24.4,45.0,-94.1,6.4,1.0,121.0,0
D003057,5.0,1223.0,1.1,30.0,0.41,-66.1,-48.6,22.9,42.0,,8.3,0.0,132.0,1
D003058,4.9,1231.0,1.11,25.5,0.52,,-51.3,23.4,47.0,-95.4,10.1,1.0,126.0,1
D003059,5.8,1331.0,1.29,24.0,0.34,-69.8,-53.9,23.4,57.0,-90.1,8.1,0.0,141.0,1
D003060,4.8,1147.0,1.22,25.5,0.53,-66.1,-49.7,23.9,50.0,-94.5,10.2,0.0,131.0,0
D003061,4.4,1222.0,1.1,24.0,0.38,-67.3,-46.4,28.0,49.0,-98.5,16.5,1.0,148.0,0
D003062,3.1,1300.0,1.46,27.0,0.3,-62.3,-53.3,28.5,48.0,-91.3,19.0,1.0,100.0,0
D003063,5.2,1162.0,1.11,30.0,0.48,-65.2,-50.9,24.8,39.0,-96.7,9.8,0.0,129.0,1
D003064,4.3,1393.0,1.14,39.0,0.33,-63.5,-45.2,27.1,45.0,-94.8,3.4,1.0,128.0,0
D003065,5.1,1210.0,1.04,27.5,0.47,-65.1,-50.3,24.2,41.0,-96.6,11.5,1.0,117.0,1
D003066,3.7,1171.0,1.2,29.5,0.49,-65.5,-52.5,23.4,44.0,-95.1,10.7,0.0,126.0,1
D003067,3.1,1335.0,0.81,24.0,0.4,-61.2,-48.9,24.4,49.0,-97.7,,1.0,149.0,0
D003068,4.9,1137.0,0.98,26.5,0.44,-67.1,-49.1,23.6,51.0,-95.8,7.6,0.0,126.0,1
D003069,4.7,1183.0,1.13,26.5,0.4,-65.8,-51.2,24.7,46.0,-94.6,11.8,1.0,125.0,0
D003070,4.9,1206.0,1.04,30.5,0.5,-65.5,-49.8,24.7,46.0,-94.7,5.0,0.0,127.0,1
D003071,4.5,1135.0,1.16,28.5,0.45,-64.2,-47.9,25.0,45.0,-94.7,8.3,0.0,123.0,0
D003072,4.4,1045.0,1.17,26.5,0.38,-61.8,-45.9,24.5,59.0,-99.7,8.3,1.0,150.0,0
D003073,4.8,1089.0,1.11,30.5,0.55,-66.3,-49.6,23.4,43.0,-96.5,9.0,,128.0,1
D003074,5.1,1195.0,1.04,30.0,0.47,-66.8,-51.1,24.3,45.0,-96.4,9.4,0.0,129.0,1
D003075,5.2,1158.0,1.11,27.0,0.5,-66.7,-50.8,23.9,,-95.3,10.0,1.0,133.0,0
D003076,4.6,1201.0,1.17,30.0,0.53,-66.5,-48.1,22.8,46.0,-94.6,11.6,0.0,127.0,1
D003077,6.3,1126.0,,36.5,0.43,-69.6,-46.4,27.1,45.0,-91.4,23.4,0.0,111.0,1
D003078,3.1,1023.0,1.4,22.0,0.53,-63.9,-53.9,29.9,52.0,-93.0,9.2,0.0,146.0,0
D003079,3.8,1278.0,1.54,33.5,0.66,-67.8,-54.1,22.9,52.0,-90.5,10.7,0.0,122.0,0
D003080,5.2,1139.0,1.1,30.5,0.49,-65.1,-50.8,23.3,47.0,-97.2,6.5,1.0,137.0,1
D003081,5.1,1152.0,0.91,32.5,0.45,-66.2,-48.0,25.5,46.0,-95.1,6.3,1.0,125.0,1
D003082,6.8,1215.0,1.56,26.0,0.68,-68.6,-47.0,27.2,36.0,-98.0,22.9,1.0,137.0,0
D003083,5.2,1204.0,1.1,27.5,0.53,-65.7,-49.0,24.4,47.0,-93.6,,1.0,126.0,1
D003084,4.5,1250.0,1.11,37.5,0.47,-67.4,-53.3,24.9,36.0,-95.6,2.5,0.0,104.0,1
D003085,5.1,1185.0,1.08,28.5,0.53,-64.4,-49.6,21.8,48.0,-94.5,1.3,0.0,132.0,1
D003086,5.0,1167.0,1.11,27.5,0.5,-66.4,,22.0,46.0,-96.3,7.9,1.0,121.0,1
D003087,5.0,1231.0,1.1,26.0,0.46,-64.7,-51.4,26.7,39.0,-95.2,13.0,1.0,121.0,0
D003088,5.1,1189.0,1.04,31.5,0.48,-66.1,-50.7,24.0,,-94.8,9.9,1.0,120.0,1
D003089,5.1,1125.0,0.92,28.0,0.32,-66.7,-50.9,29.0,54.0,-98.6,11.3,1.0,140.0,0
D003090,5.0,1296.0,1.0,24.5,0.34,-68.5,-49.5,20.2,51.0,-90.1,5.5,0.0,103.0,0
D003091,6.5,1294.0,1.46,21.0,0.54,-60.3,-48.0,29.3,35.0,,3.7,1.0,142.0,1
D003092,5.2,1188.0,1.12,30.5,0.49,-65.3,-50.9,24.8,43.0,-94.6,8.8,0.0,124.0,1
D003093,4.2,1210.0,1.12,27.0,0.49,-65.0,-49.7,26.2,41.0,-98.1,8.7,,124.0,0
D003094,5.4,1170.0,1.12,29.0,0.53,-64.8,-49.3,22.3,47.0,-96.5,1.8,1.0,124.0,1
D003095,5.0,1252.0,1.0,28.5,0.51,-64.3,-50.3,21.9,40.0,-96.1,7.4,1.0,135.0,1
D003096,4.8,1104.0,1.09,25.5,0.5,-65.0,-52.4,24.4,43.0,-94.9,9.0,0.0,142.0,1
D003097,5.1,1186.0,1.05,28.5,0.54,-64.6,-49.6,24.1,41.0,-96.6,9.5,0.0,123.0,1
D003098,4.2,1189.0,1.05,33.0,0.49,-63.6,-52.2,25.2,45.0,-96.0,9.9,1.0,126.0,1
D003099,3.9,1225.0,1.33,27.0,0.58,-66.6,-46.1,23.2,46.0,-96.5,13.7,0.0,140.0,0
D003100,5.1,1164.0,1.12,28.0,0.48,-65.6,,22.9,43.0,-96.4,8.5,1.0,123.0,0
D003101,3.3,1372.0,1.28,35.0,0.57,-68.8,-46.5,29.6,51.0,-96.6,4.2,1.0,108.0,0
D003102,6.5,1183.0,1.31,21.5,0.41,-65.7,-45.4,23.0,46.0,-98.2,5.4,1.0,122.0,0
D003103,5.6,1203.0,1.16,32.0,0.48,-64.6,-52.5,23.5,38.0,-95.7,11.7,0.0,126.0,1
D003104,4.4,1250.0,1.17,27.0,0.41,-66.1,-50.4,23.9,40.0,-94.8,12.0,0.0,123.0,1
D003105,5.4,1133.0,1.11,30.0,0.51,-65.1,-51.1,24.5,45.0,-95.4,4.9,0.0,128.0,1
D003106,4.2,1274.0,0.94,28.5,0.54,-64.1,-48.3,20.9,41.0,-92.4,20.6,0.0,135.0,0
D003107,4.6,1177.0,0.99,30.5,0.52,-65.7,-48.4,23.5,41.0,-95.3,,0.0,122.0,1
D003108,5.6,1241.0,1.21,28.0,0.39,-66.3,-49.9,23.9,50.0,-93.4,10.8,1.0,122.0,1
D003109,4.5,1131.0,1.16,27.5,0.54,-65.0,-49.3,25.3,48.0,-94.9,10.5,0.0,126.0,1
D003110,4.5,1129.0,1.14,32.0,0.48,-64.7,-48.8,23.2,44.0,-95.6,5.8,0.0,127.0,1
D003111,4.8,1188.0,1.26,29.5,0.44,-65.9,-51.6,24.6,44.0,-95.3,6.6,0.0,122.0,1
D003112,4.6,1206.0,1.1,27.5,0.45,-66.4,-49.7,23.5,43.0,-95.0,9.6,1.0,124.0,0
D003113,4.7,1152.0,1.21,29.5,0.53,-65.6,-50.7,25.4,43.0,-95.6,9.9,0.0,124.0,1
D003114,4.2,1194.0,1.11,31.5,0.42,-65.1,-49.4,24.1,39.0,-95.4,8.2,1.0,117.0,0
D003115,5.5,1161.0,1.15,30.5,0.52,-66.1,-50.1,25.3,44.0,-94.3,14.0,1.0,128.0,1
D003116,4.9,1192.0,1.04,30.0,0.5,-65.7,-48.8,23.9,42.0,-97.4,9.0,0.0,130.0,1
D003117,4.7,1184.0,0.98,30.0,0.5,,-48.6,23.4,45.0,-94.2,11.1,1.0,123.0,1
D003118,4.4,1218.0,1.14,32.0,0.5,-66.5,-49.4,24.7,43.0,-94.9,12.5,0.0,134.0,1
D003119,5.5,1254.0,1.04,31.5,0.46,-65.9,-48.9,24.1,,-96.0,10.1,1.0,138.0,1
D003120,4.9,1202.0,1.17,27.5,0.46,-66.3,-49.6,25.1,47.0,-95.4,10.4,1.0,130.0,1
D003121,4.6,1176.0,1.08,29.5,0.5,-65.9,-51.8,22.4,46.0,-96.0,14.7,0.0,128.0,1
D003122,4.9,1114.0,1.13,31.5,0.45,-65.0,-51.6,23.6,42.0,-96.1,8.4,0.0,132.0,1
D003123,5.1,1126.0,1.16,27.5,0.52,-65.6,-48.2,25.9,39.0,-94.5,5.8,0.0,135.0,1
D003124,4.8,1142.0,1.18,27.5,0.46,-66.2,-51.5,22.5,44.0,-96.7,8.0,0.0,135.0,1
D003125,3.0,1098.0,1.15,24.0,0.56,-67.5,-46.9,27.5,42.0,-99.8,22.9,1.0,150.0,0
D003126,3.8,1187.0,1.14,34.0,0.5,-64.6,-48.2,23.4,46.0,-97.5,7.0,1.0,130.0,0
D003127,5.0,1120.0,1.14,26.0,0.5,-64.7,-51.0,23.7,48.0,-94.9,9.7,0.0,120.0,1
D003128,5.8,1095.0,1.34,27.0,0.66,-67.2,-46.4,25.0,42.0,-91.9,,1.0,120.0,0
D003129,4.0,1313.0,1.54,26.5,0.57,-64.2,-47.9,27.0,59.0,-90.8,17.6,1.0,104.0,0
D003130,4.9,1146.0,0.98,27.5,0.5,,-50.7,26.4,44.0,-96.6,5.4,0.0,130.0,1
D003131,4.7,1007.0,1.28,25.5,0.64,-68.4,-52.5,29.4,41.0,-97.6,19.8,1.0,141.0,0
D003132,4.3,1186.0,1.11,25.0,0.47,-65.5,-51.6,22.4,39.0,-94.3,8.4,0.0,126.0,1
D003133,5.6,1202.0,1.1,29.5,0.45,-64.6,-50.2,25.1,41.0,-95.1,10.6,0.0,131.0,1
D003134,4.9,1230.0,1.21,25.5,0.59,-60.2,-53.8,25.3,52.0,-97.4,18.2,1.0,145.0,0
D003135,5.0,1041.0,1.39,31.0,0.66,-65.4,-53.9,23.2,50.0,-99.2,16.1,0.0,147.0,1
D003136,3.5,1070.0,1.28,38.5,0.51,-63.8,-52.8,20.1,32.0,-91.0,9.6,1.0,133.0,0
D003137,4.8,1227.0,1.14,37.5,0.54,-67.4,-48.5,25.5,53.0,-93.5,17.1,0.0,120.0,1
D003138,4.8,1167.0,1.15,28.0,0.43,-65.4,-50.3,24.1,46.0,-96.6,8.5,1.0,124.0,1
D003139,4.4,1183.0,1.03,25.5,0.44,-67.0,-48.7,21.7,45.0,-96.6,7.0,0.0,128.0,1
D003140,5.4,1191.0,1.05,29.0,0.53,-65.7,-49.2,24.1,44.0,-96.3,7.6,1.0,128.0,1
D003141,5.4,1181.0,1.04,31.0,0.52,-68.4,-50.7,24.5,41.0,-94.0,11.9,0.0,134.0,1
D003142,4.6,1215.0,1.23,31.0,0.44,-67.1,-52.2,23.5,47.0,-94.6,7.7,1.0,136.0,1
D003143,6.7,1094.0,1.18,31.0,0.69,-69.8,-48.3,30.0,43.0,-91.6,12.9,1.0,124.0,0
D003144,4.8,1179.0,1.04,30.5,0.46,-65.7,-50.4,23.4,44.0,-96.8,6.5,0.0,129.0,1
D003145,4.9,1137.0,1.2,28.0,0.41,-65.2,-48.5,23.4,45.0,-94.8,6.8,0.0,126.0,1
D003146,4.9,1180.0,1.08,28.5,0.44,-65.1,-48.8,24.3,46.0,-94.5,9.7,1.0,132.0,1
D003147,5.4,1119.0,0.85,,0.49,-62.6,-52.1,29.7,51.0,-99.3,0.3,1.0,102.0,1
D003148,5.5,1253.0,,27.0,0.46,-65.0,-50.8,23.1,41.0,-95.4,9.2,0.0,120.0,1
D003149,3.3,1360.0,1.55,25.0,0.51,-68.8,-50.6,22.4,55.0,-91.1,8.0,1.0,128.0,0
D003150,5.2,1227.0,1.14,28.5,0.51,-65.9,-49.9,22.8,49.0,-94.3,11.7,1.0,129.0,0
D003151,5.2,1138.0,1.13,27.5,0.48,-64.9,-50.9,24.0,39.0,-95.1,11.7,0.0,121.0,1
D003152,3.4,1224.0,1.46,26.5,0.41,-63.2,-54.4,21.4,33.0,-92.1,0.5,1.0,103.0,0
D003153,5.3,1091.0,1.04,29.0,0.45,-65.6,-50.2,22.2,51.0,-95.4,7.6,1.0,131.0,1
D003154,5.6,1172.0,1.06,28.5,0.43,-67.2,-51.0,23.1,42.0,-96.1,,0.0,139.0,1
D003155,5.0,1190.0,1.13,28.0,0.52,-64.6,-49.9,25.0,40.0,-93.9,9.2,1.0,135.0,1
D003156,3.6,1246.0,1.12,30.5,0.48,-66.6,-51.0,23.7,48.0,-96.5,5.3,0.0,132.0,1
D003157,6.1,1320.0,1.33,21.0,0.55,-62.4,-48.6,20.9,49.0,-99.7,8.4,1.0,111.0,0
D003158,4.4,1173.0,1.12,31.0,0.51,,-51.3,24.3,45.0,-95.4,7.6,0.0,137.0,1
D003159,5.5,1141.0,1.18,22.5,0.37,-61.6,-49.4,24.9,,-95.1,15.8,0.0,149.0,0
D003160,4.7,1262.0,1.07,30.5,,-65.8,-49.5,24.9,51.0,-94.7,8.9,1.0,131.0,0
D003161,6.7,1035.0,0.84,33.0,0.4,-65.4,-45.3,29.7,39.0,-98.7,9.4,0.0,119.0,1
D003162,4.9,1231.0,1.07,29.5,0.55,-65.1,-49.9,23.6,45.0,-95.6,9.6,1.0,122.0,1
D003163,5.0,1192.0,1.01,28.5,0.47,-67.7,-51.8,23.9,39.0,-96.2,7.3,1.0,131.0,1
D003164,4.7,1187.0,1.14,29.0,0.53,-65.0,-50.7,24.3,44.0,-94.8,11.3,1.0,131.0,0
D003165,4.3,1188.0,1.26,29.0,0.5,-66.2,-50.5,23.8,41.0,-94.8,8.7,1.0,120.0,1
D003166,,1161.0,1.04,29.5,0.46,-65.0,-51.0,24.2,43.0,-94.6,6.3,0.0,125.0,1
D003167,4.7,1150.0,0.93,31.0,0.47,-66.3,-51.6,23.2,45.0,-96.2,10.0,1.0,129.0,1
D003168,3.0,1250.0,1.55,23.5,0.6,-61.9,-46.3,29.5,53.0,-92.7,12.0,1.0,,0
D003169,4.3,1247.0,1.13,25.0,0.48,-64.7,-48.9,24.4,45.0,-95.7,13.1,0.0,120.0,0
D003170,4.3,1153.0,1.08,29.0,0.48,-66.0,-48.9,25.6,41.0,-96.3,6.2,0.0,121.0,1
D003171,5.1,1188.0,1.24,29.0,0.55,-64.9,-49.0,25.0,39.0,-95.6,11.3,0.0,129.0,1
D003172,5.4,1225.0,1.14,31.0,0.47,-65.8,-50.3,24.7,45.0,-97.0,7.7,0.0,130.0,1
D003173,4.8,1164.0,1.14,30.5,0.45,-65.4,-50.0,25.4,44.0,-96.2,9.9,1.0,127.0,1
D003174,4.8,1230.0,1.09,23.0,0.52,-65.8,-49.1,25.1,43.0,-94.6,10.9,0.0,133.0,1
D003175,5.1,1253.0,1.14,30.0,0.51,-65.9,-50.5,23.9,46.0,-95.6,10.2,1.0,138.0,1
D003176,4.0,1077.0,0.83,21.0,0.69,,-48.5,22.2,50.0,-93.9,6.3,0.0,111.0,0
D003177,4.3,1216.0,1.13,29.0,0.55,-65.2,-48.8,23.6,43.0,-95.5,8.1,1.0,130.0,1
D003178,4.1,1158.0,1.0,28.5,0.48,-65.3,-49.8,23.5,40.0,-95.1,7.0,1.0,137.0,1
D003179,5.2,1172.0,1.11,28.0,0.39,-66.2,-48.5,24.2,41.0,-94.5,9.8,1.0,123.0,1
D003180,4.7,1221.0,1.05,28.0,0.51,-64.5,-48.9,23.5,43.0,-95.7,11.4,,130.0,0
D003181,5.4,1164.0,1.12,25.0,0.44,-65.9,-51.7,25.1,44.0,-96.2,9.6,1.0,129.0,1
D003182,5.9,1265.0,0.99,32.0,0.45,-69.3,-45.9,29.6,58.0,-97.0,11.8,1.0,131.0,0
D003183,6.3,1335.0,1.1,26.5,0.48,-68.5,-48.2,23.6,36.0,-92.8,7.8,1.0,103.0,1
D003184,4.5,1001.0,1.48,21.5,0.54,-64.7,-47.2,29.6,42.0,-92.3,18.5,0.0,115.0,0
D003185,4.7,,0.96,31.5,0.46,-64.5,-49.8,23.4,42.0,-96.2,7.0,0.0,135.0,1
D003186,3.7,1210.0,1.02,29.0,0.46,-65.4,-49.3,23.6,45.0,-95.1,12.2,0.0,125.0,0
D003187,4.7,1186.0,1.18,27.5,0.53,-64.3,-49.3,24.9,45.0,-95.9,8.1,1.0,127.0,0
D003188,4.5,1142.0,1.25,32.0,0.44,-65.6,-48.6,22.6,43.0,-96.8,8.9,1.0,126.0,0
D003189,4.9,1173.0,1.1,38.0,0.63,-66.7,-54.3,28.1,47.0,-91.0,17.6,1.0,107.0,0
D003190,5.2,1098.0,1.12,29.5,0.51,-65.8,-49.7,24.8,47.0,-95.6,11.2,0.0,129.0,1
D003191,4.6,1216.0,1.06,30.5,0.47,-65.3,-49.7,,43.0,-96.6,9.3,0.0,134.0,1
D003192,5.1,1215.0,0.94,39.0,0.58,,-51.2,23.0,56.0,-90.4,2.1,1.0,147.0,1
D003193,4.6,1180.0,1.09,31.5,0.52,-65.9,-51.0,22.6,47.0,-93.5,6.7,1.0,131.0,1
D003194,4.4,1368.0,1.55,26.0,0.66,-64.6,-45.9,22.3,49.0,-92.7,4.5,1.0,122.0,0
D003195,5.5,1143.0,1.09,26.5,0.46,-64.5,-51.2,24.6,40.0,-95.4,10.6,0.0,128.0,1
D003196,4.7,1038.0,1.25,29.0,0.49,-60.9,-46.8,26.1,46.0,-95.3,11.7,1.0,108.0,0
D003197,3.7,1324.0,1.45,21.0,0.3,-63.6,-53.0,28.1,46.0,-95.5,15.6,1.0,100.0,0
D003198,4.2,1129.0,0.93,29.5,0.48,-66.2,-48.8,23.5,,-94.5,6.0,0.0,128.0,1
D003199,4.7,1207.0,1.13,31.0,0.48,-64.5,-50.6,25.3,42.0,-95.3,6.1,1.0,135.0,1
D003200,3.7,1291.0,0.9,26.5,0.67,-64.4,-53.5,21.2,57.0,-94.1,8.4,1.0,137.0,0
D003201,5.0,1192.0,1.0,29.5,0.51,-64.6,-50.0,24.2,42.0,-96.7,6.8,1.0,124.0,1
D003202,4.8,1173.0,1.03,29.0,0.49,-66.3,-51.9,24.4,45.0,,7.1,1.0,126.0,1
D003203,4.5,1164.0,1.19,28.5,0.51,-65.4,,24.3,47.0,-96.5,7.6,1.0,133.0,1
D003204,5.1,1174.0,1.07,30.0,0.47,-64.5,-50.4,22.3,43.0,-96.7,10.0,1.0,133.0,1
D003205,4.8,1111.0,1.15,33.0,0.52,-66.0,-51.3,24.1,44.0,-94.2,12.1,1.0,142.0,1
D003206,6.9,1350.0,1.55,22.5,0.68,-68.1,-54.4,23.8,56.0,-95.1,14.7,1.0,139.0,1
D003207,5.0,1170.0,1.24,27.0,0.45,-65.6,-49.2,23.5,41.0,-94.6,9.9,,126.0,1
D003208,4.5,1222.0,1.33,29.0,0.46,-64.8,-54.3,27.0,59.0,-95.9,4.0,0.0,104.0,0
D003209,4.7,1165.0,1.26,28.0,0.52,-63.3,-52.1,23.4,41.0,-97.1,13.5,0.0,126.0,1
D003210,3.9,1144.0,1.04,28.5,0.52,-64.4,-50.3,25.9,48.0,-94.8,11.8,0.0,122.0,0
D003211,5.5,1391.0,1.41,25.5,0.59,-66.2,-50.1,22.1,57.0,-99.5,16.8,0.0,113.0,0
D003212,4.0,1208.0,0.98,28.5,0.45,-65.6,-50.2,24.1,39.0,-94.5,10.5,0.0,128.0,1
D003213,4.5,1156.0,1.04,29.5,0.47,-66.4,-50.7,23.1,39.0,-95.6,7.0,1.0,127.0,1
D003214,4.2,1147.0,1.21,28.0,0.43,-64.3,-51.6,23.1,45.0,-95.9,5.1,1.0,123.0,0
D003215,4.8,1199.0,1.1,29.0,0.51,-67.1,-49.6,23.5,41.0,-94.6,6.6,0.0,125.0,1
D003216,6.4,1075.0,1.27,32.0,0.58,-62.5,-47.5,26.5,38.0,-91.9,0.7,0.0,113.0,1
D003217,5.1,1178.0,1.04,26.0,0.47,-65.8,-50.5,24.3,46.0,-95.2,12.5,0.0,133.0,1
D003218,4.1,1181.0,1.01,31.5,0.49,-66.5,-49.5,23.7,41.0,-94.8,8.9,0.0,127.0,1
D003219,6.9,1345.0,0.91,23.5,0.6,-60.5,-53.5,23.0,41.0,-90.6,,0.0,114.0,1
D003220,6.3,1315.0,1.07,38.5,0.37,-70.0,-53.8,29.7,54.0,-96.6,4.5,0.0,136.0,1
D003221,6.4,1095.0,1.02,21.5,0.35,-63.1,-54.1,29.7,58.0,-90.2,11.7,0.0,127.0,0
D003222,4.9,1072.0,1.55,32.5,0.34,-65.6,-52.6,29.7,55.0,-96.5,23.0,1.0,138.0,0
D003223,4.2,1203.0,1.23,33.0,0.44,-65.7,-49.7,25.0,45.0,-93.7,,1.0,123.0,0
D003224,5.3,1103.0,1.17,27.5,0.51,-66.4,-50.0,25.4,43.0,-96.9,9.7,1.0,131.0,1
D003225,5.1,1232.0,0.99,29.5,0.43,-64.7,-50.4,22.7,45.0,-95.1,9.2,1.0,129.0,1
D003226,5.4,1302.0,1.54,33.5,0.62,,-50.8,26.0,40.0,-97.7,19.3,0.0,136.0,1
D003227,3.4,1098.0,1.42,30.5,0.44,-68.5,-45.4,24.2,42.0,-90.7,8.8,0.0,144.0,1
D003228,4.8,1318.0,0.96,38.0,0.33,-68.9,-49.8,24.4,41.0,-92.1,10.8,0.0,105.0,1
D003229,4.5,1308.0,1.27,25.0,0.38,-60.8,-47.8,25.9,55.0,-91.2,18.0,1.0,143.0,0
D003230,5.3,1150.0,1.17,29.0,0.47,-64.4,-49.5,21.7,46.0,-97.5,9.1,1.0,123.0,0
D003231,5.0,1123.0,,29.5,0.49,-65.1,-50.1,23.3,44.0,-95.7,10.3,0.0,126.0,1
D003232,5.4,1389.0,1.09,35.0,0.41,-67.2,-49.7,27.2,55.0,-93.0,5.5,1.0,131.0,1
D003233,5.7,1111.0,1.21,37.5,0.32,-61.3,-45.6,20.0,31.0,-98.5,6.7,1.0,134.0,0
D003234,5.1,1172.0,1.14,31.0,0.51,-66.1,-50.5,24.2,44.0,-96.1,8.7,0.0,130.0,1
D003235,6.0,1164.0,0.95,39.5,0.63,-61.0,-47.4,21.0,38.0,-98.8,8.1,0.0,113.0,1
D003236,4.7,1288.0,1.14,33.0,0.6,-63.0,-47.1,24.5,48.0,-92.7,18.6,0.0,123.0,0
D003237,4.0,1355.0,1.38,37.0,0.37,-66.4,-49.5,21.2,36.0,-93.0,23.4,1.0,114.0,0
D003238,5.6,1334.0,1.36,33.5,0.58,-64.7,-47.4,21.9,34.0,-90.6,20.1,0.0,147.0,1
D003239,3.5,1276.0,1.25,29.0,0.67,-64.2,-51.7,25.4,57.0,-91.1,8.4,1.0,102.0,0
D003240,4.8,1173.0,1.2,32.5,0.48,-66.9,-50.3,24.6,39.0,-96.3,8.3,0.0,128.0,1
D003241,6.1,1302.0,1.32,28.0,0.58,-63.9,-46.7,23.4,52.0,-99.4,8.8,0.0,114.0,0
D003242,4.5,1126.0,1.14,28.5,0.46,-65.2,-51.4,23.8,41.0,-95.0,9.3,0.0,130.0,1
D003243,4.6,1066.0,,30.5,0.68,-60.7,-51.1,21.8,34.0,-97.1,20.7,0.0,129.0,0
D003244,5.6,1369.0,0.85,39.0,0.43,-61.7,-51.0,24.3,44.0,-95.7,12.6,1.0,127.0,1
D003245,4.8,1200.0,1.19,30.0,0.48,-65.4,-49.4,23.3,40.0,-94.1,10.4,0.0,128.0,1
D003246,4.6,1204.0,1.07,28.0,0.37,-66.1,-50.2,24.8,42.0,-95.7,5.1,1.0,125.0,0
D003247,5.0,1192.0,1.14,29.0,0.49,-65.5,-48.6,23.7,41.0,-95.4,6.6,1.0,123.0,1
D003248,4.6,1131.0,1.07,29.0,0.52,-65.9,-51.5,23.2,47.0,-95.4,10.9,0.0,128.0,1
D003249,4.5,1198.0,1.19,31.5,0.48,-65.7,-49.6,24.9,49.0,-95.7,2.6,1.0,118.0,1
D003250,5.4,1164.0,1.0,26.0,0.39,-65.8,-50.0,22.6,44.0,-95.6,12.2,1.0,124.0,1
D003251,4.1,1174.0,1.08,25.0,0.5,-65.4,-50.1,23.8,50.0,-93.7,7.1,0.0,121.0,1
D003252,4.4,1098.0,1.03,28.5,0.45,-65.3,-50.7,23.3,40.0,-96.6,10.5,1.0,132.0,1
D003253,4.8,1180.0,0.96,30.5,0.44,-66.6,-49.7,21.6,45.0,-94.9,4.9,1.0,,0
D003254,4.3,1125.0,1.06,30.0,0.4,-64.5,-50.3,24.0,46.0,-95.4,11.6,1.0,126.0,1
D003255,3.4,1019.0,1.5,20.0,0.43,-66.0,-48.6,28.3,50.0,-98.3,17.0,1.0,114.0,0
D003256,5.4,1049.0,1.13,33.0,0.34,-66.1,-50.3,29.8,54.0,-93.6,4.6,0.0,113.0,0
D003257,5.1,1199.0,1.27,25.5,0.45,-65.4,-52.4,25.3,36.0,-95.1,8.6,0.0,135.0,1
D003258,4.7,1208.0,1.1,28.5,0.47,-65.6,-50.1,23.5,46.0,-95.8,10.2,0.0,119.0,1
D003259,4.9,1210.0,1.02,30.0,0.47,-62.8,-49.5,25.2,48.0,-96.1,9.1,0.0,,1
D003260,5.3,1172.0,1.14,28.0,0.49,-66.4,-50.8,25.6,45.0,-95.4,7.7,0.0,126.0,1
D003261,5.0,1145.0,1.03,28.0,0.47,-66.5,-49.1,24.1,,-94.5,6.8,0.0,131.0,1
D003262,4.8,1243.0,,29.5,0.45,-64.3,-50.3,25.1,44.0,-94.0,8.6,0.0,125.0,0
D003263,4.8,1171.0,1.2,28.0,0.48,-66.5,-49.9,24.1,,-93.9,9.2,1.0,,0
D003264,5.1,1136.0,1.15,28.5,0.51,-64.1,-50.9,26.7,43.0,-95.8,8.5,0.0,121.0,1
D003265,4.1,1085.0,1.57,27.5,0.49,-68.7,-48.5,24.8,49.0,-96.3,13.7,0.0,131.0,0
D003266,5.9,1264.0,1.35,22.0,0.67,-64.8,-50.7,22.3,54.0,-93.4,5.2,0.0,139.0,0
D003267,4.8,1146.0,1.19,27.0,0.43,-64.9,-49.0,23.4,46.0,-95.8,9.9,1.0,127.0,0
D003268,4.8,1269.0,1.19,23.0,0.57,-64.1,-50.4,23.6,47.0,-96.9,5.1,0.0,121.0,1
D003269,5.1,1248.0,1.1,30.0,0.47,-63.9,-51.0,25.0,46.0,-95.8,10.1,1.0,122.0,1
D003270,4.8,1083.0,1.08,38.0,0.65,-60.2,-50.5,27.0,36.0,-99.5,8.3,0.0,134.0,0
D003271,5.1,1166.0,1.04,26.5,0.5,-64.9,-47.9,23.0,42.0,-94.3,13.2,1.0,123.0,1
D003272,4.8,,1.02,28.0,0.46,-66.5,-50.5,23.7,47.0,-95.8,10.6,0.0,124.0,1
D003273,5.1,1192.0,1.29,27.5,0.5,-66.2,-51.5,23.3,42.0,-94.3,7.6,1.0,126.0,0
D003274,6.2,1152.0,1.45,39.0,0.3,-68.0,-46.7,23.2,33.0,-96.2,19.5,1.0,134.0,0
D003275,3.3,1254.0,1.03,39.5,0.61,-60.1,-47.9,21.8,35.0,-99.4,0.8,1.0,142.0,0
D003276,5.0,1093.0,1.21,30.5,0.52,-65.3,-51.4,25.6,44.0,-95.7,11.8,0.0,126.0,0
D003277,4.6,1161.0,1.04,26.5,0.47,-65.8,-48.6,24.8,49.0,-96.2,9.4,1.0,122.0,1
D003278,5.4,1140.0,1.03,23.0,0.56,-67.7,-50.5,23.5,44.0,-94.9,,0.0,126.0,1
D003279,4.8,1156.0,0.94,25.5,0.47,-65.7,-50.9,24.6,41.0,-96.3,8.6,0.0,132.0,1
D003280,4.3,1168.0,1.12,27.5,0.48,-65.3,-50.1,23.3,45.0,-96.7,7.7,1.0,127.0,1
D003281,4.2,1167.0,1.02,32.0,0.46,-64.6,-45.4,26.9,50.0,-95.7,1.2,0.0,,0
D003282,5.2,1139.0,1.4,28.0,0.64,-67.8,-49.1,28.5,33.0,-97.5,21.4,1.0,136.0,0
D003283,5.1,1150.0,1.11,29.0,0.44,-64.9,-51.3,24.2,43.0,-95.6,7.8,0.0,131.0,1
D003284,3.6,1137.0,1.52,37.5,0.45,-64.5,-49.8,23.5,42.0,-99.7,6.0,1.0,106.0,0
D003285,5.0,1153.0,1.19,28.0,0.5,-67.3,-49.9,23.8,46.0,-95.0,7.9,1.0,131.0,1
D003286,7.0,1388.0,1.6,28.0,0.63,-69.7,-49.9,22.8,33.0,-90.1,17.6,1.0,130.0,1
D003287,4.4,1370.0,1.17,33.0,,-66.6,-51.5,25.5,60.0,-90.4,1.2,1.0,115.0,0
D003288,4.1,1237.0,1.03,28.5,0.48,-65.7,-49.6,24.1,44.0,-93.1,9.7,0.0,137.0,1
D003289,4.8,1217.0,0.93,28.0,0.4,-64.8,-50.7,23.6,36.0,-95.3,11.0,0.0,133.0,1
D003290,6.3,1170.0,1.13,,0.3,-60.8,-54.8,28.0,51.0,-98.9,15.8,0.0,134.0,0
D003291,4.9,1202.0,1.2,31.0,0.42,-67.6,-52.1,23.9,48.0,-97.0,8.6,0.0,130.0,1
D003292,4.7,1194.0,1.14,27.5,0.48,-66.6,-50.0,24.3,47.0,-95.1,10.3,1.0,127.0,1
D003293,4.5,1165.0,1.04,32.0,0.48,-65.3,-50.4,23.1,43.0,-94.5,10.3,0.0,128.0,1
D003294,4.8,1216.0,1.21,30.0,0.49,-67.5,-47.9,24.9,43.0,-94.7,8.2,0.0,131.0,1
D003295,3.2,1358.0,1.3,22.5,0.4,-63.7,-45.6,23.0,35.0,-92.8,12.2,1.0,127.0,0
D003296,4.6,1150.0,1.1,31.0,0.43,-66.2,,24.8,43.0,-96.2,8.9,1.0,125.0,1
D003297,5.4,1137.0,1.38,38.0,0.68,-67.4,-48.3,27.1,56.0,-96.0,19.7,0.0,112.0,0
D003298,4.0,1199.0,1.23,28.5,0.5,-65.0,-50.3,22.7,48.0,-95.3,7.6,1.0,135.0,0
D003299,5.2,1232.0,1.13,32.0,0.42,-64.8,-49.5,24.2,48.0,-96.5,7.7,0.0,128.0,1
D003300,4.9,1177.0,1.19,30.0,0.49,-66.4,-50.6,24.2,46.0,-96.2,8.6,1.0,126.0,1
D003301,4.8,1199.0,1.24,33.0,0.49,-65.2,-51.3,23.1,46.0,-95.0,11.6,1.0,127.0,1
D003302,5.5,1220.0,1.07,29.5,0.5,-66.1,-49.9,23.9,40.0,-94.1,6.7,1.0,129.0,1
D003303,3.9,1163.0,0.86,38.5,0.42,-67.8,-50.2,25.6,57.0,-97.4,23.3,0.0,110.0,0
D003304,5.3,1155.0,1.16,28.5,0.52,-65.8,-48.4,22.9,47.0,-94.1,14.0,1.0,131.0,1
D003305,4.9,1143.0,1.11,31.5,0.5,-65.3,-50.2,23.4,46.0,-97.3,8.4,1.0,126.0,1
D003306,5.2,1194.0,1.01,31.5,0.51,-65.5,-50.5,25.7,41.0,-96.1,6.1,1.0,130.0,1
D003307,4.4,1159.0,1.08,30.0,0.46,-65.5,-51.2,23.4,47.0,-94.9,,0.0,121.0,1
D003308,4.3,1198.0,1.0,30.0,0.48,-65.7,-49.3,23.6,46.0,-95.7,10.9,1.0,124.0,1
D003309,4.4,1176.0,1.02,28.5,0.48,-66.2,-49.3,22.4,42.0,-94.3,12.0,0.0,129.0,0
D003310,4.7,1236.0,1.45,28.0,0.61,-64.0,-46.5,22.9,59.0,-90.7,6.8,1.0,101.0,0
D003311,5.6,1172.0,1.1,30.0,0.41,-65.7,-51.3,23.2,45.0,-95.0,8.9,0.0,120.0,1
D003312,5.2,1167.0,1.09,29.5,0.52,-64.2,-49.9,25.2,47.0,-96.2,9.0,0.0,127.0,0
D003313,3.2,1138.0,1.09,28.0,0.65,-60.6,-45.3,28.8,37.0,-92.2,4.8,0.0,143.0,0
D003314,4.2,1202.0,1.17,29.5,0.48,-66.8,-50.6,24.3,43.0,-95.0,4.2,0.0,129.0,1
D003315,4.9,1145.0,1.19,30.5,0.44,-66.8,-51.6,24.6,51.0,-93.7,13.5,1.0,129.0,1
D003316,3.8,1287.0,0.98,,0.44,-64.4,-49.0,28.1,47.0,-91.0,0.8,1.0,103.0,0
D003317,5.4,1135.0,,29.5,0.47,-64.8,-49.1,24.6,48.0,-94.3,10.6,0.0,125.0,1
D003318,4.9,1280.0,1.09,23.5,0.46,-65.4,-51.4,23.5,45.0,-94.2,4.1,0.0,121.0,1
D003319,4.9,1191.0,0.98,29.0,0.45,-66.1,-50.9,23.9,47.0,-94.4,10.6,0.0,129.0,1
D003320,5.8,1032.0,0.99,30.5,0.54,-67.8,-48.9,26.0,34.0,-96.2,16.5,1.0,127.0,1
D003321,6.1,1351.0,0.98,20.5,0.61,-64.3,-50.9,25.6,45.0,-95.1,20.4,0.0,137.0,0
D003322,3.2,1237.0,0.97,31.0,0.54,-69.6,-54.1,25.9,31.0,-99.1,4.2,0.0,148.0,1
D003323,3.1,1194.0,1.54,33.5,0.34,-63.9,-46.3,20.8,45.0,-93.1,8.2,1.0,111.0,0
D003324,4.8,1146.0,1.29,29.0,0.47,-66.5,-49.3,23.4,48.0,-93.8,7.6,0.0,130.0,1
D003325,,1168.0,1.02,30.5,0.44,-65.8,-49.0,24.2,46.0,-96.5,11.2,1.0,126.0,0
D003326,6.7,1007.0,0.81,30.0,0.65,-66.1,-49.3,27.3,57.0,-95.9,8.8,1.0,134.0,0
D003327,4.7,1139.0,1.04,29.5,0.46,-64.7,-50.0,23.6,48.0,-96.3,4.4,1.0,128.0,1
D003328,5.8,1382.0,1.39,37.0,0.6,-60.9,-48.3,21.3,31.0,-98.3,16.4,1.0,145.0,1
D003329,5.2,1158.0,1.15,26.0,0.46,-66.2,-50.0,22.3,45.0,-95.4,4.2,1.0,130.0,1
D003330,4.8,1255.0,1.01,28.5,0.53,-65.7,-50.3,23.6,50.0,-95.9,13.9,1.0,127.0,1
D003331,3.2,1351.0,0.93,39.0,0.58,-64.7,-53.0,,50.0,-99.9,,0.0,143.0,1
D003332,4.4,1227.0,1.2,31.5,0.49,-64.5,-50.2,23.0,46.0,-95.0,7.4,1.0,134.0,1
D003333,4.5,1183.0,1.12,30.0,0.51,-65.7,-51.5,24.9,38.0,-94.5,6.5,1.0,134.0,1
D003334,4.8,1268.0,1.13,29.5,0.5,-65.1,-51.9,24.0,45.0,-95.1,,1.0,128.0,1
D003335,6.5,1074.0,0.83,26.0,0.61,-61.2,-51.5,28.5,51.0,-92.5,5.9,0.0,106.0,0
D003336,7.0,1312.0,1.15,25.5,0.38,-65.3,-51.0,25.5,35.0,-98.4,6.1,1.0,116.0,1
D003337,4.8,1191.0,0.95,29.0,0.43,-66.1,-48.3,23.6,50.0,-94.8,8.9,1.0,120.0,0
D003338,4.8,1150.0,0.95,31.5,0.53,-65.7,-52.1,24.9,49.0,-96.1,6.5,0.0,136.0,1
D003339,4.2,1117.0,1.08,28.5,0.57,-65.6,-49.1,23.8,41.0,-96.0,10.4,1.0,132.0,0
D003340,6.0,1327.0,1.55,34.5,0.34,-65.1,-49.9,28.0,51.0,-98.7,17.9,1.0,101.0,0
D003341,4.5,1214.0,1.12,30.0,0.4,-65.6,-49.8,23.5,46.0,-95.8,6.7,1.0,134.0,1
D003342,5.8,1120.0,1.4,35.5,0.62,-63.7,-53.7,,48.0,-97.0,3.3,1.0,122.0,1
D003343,5.0,1218.0,1.22,31.5,0.46,-65.0,-51.2,24.1,48.0,-95.0,11.7,1.0,119.0,0
D003344,4.7,1308.0,1.49,31.5,0.32,-62.2,-52.3,22.6,33.0,-96.5,16.5,1.0,130.0,0
D003345,5.2,1219.0,1.19,28.5,0.51,-64.5,-51.7,23.5,40.0,-96.8,9.1,0.0,120.0,1
D003346,3.3,1023.0,1.51,39.5,0.35,-68.0,-52.0,27.8,57.0,-94.8,20.3,0.0,,1
D003347,6.4,1113.0,0.87,25.0,0.38,-60.2,-55.0,28.1,35.0,-90.5,16.4,0.0,110.0,0
D003348,4.7,1158.0,1.26,29.0,0.53,-64.9,-51.1,24.4,43.0,-95.0,11.0,,129.0,1
D003349,4.5,1125.0,1.15,28.5,0.41,-65.7,-50.3,23.5,40.0,-93.3,9.5,0.0,122.0,1
D003350,4.8,1197.0,1.26,28.5,0.45,-66.1,-49.2,23.7,41.0,,10.4,0.0,124.0,1
D003351,4.8,1124.0,1.0,27.5,0.52,-65.5,-49.6,23.7,42.0,-94.3,10.3,1.0,130.0,1
D003352,4.6,1019.0,1.03,24.0,0.34,-62.4,-45.0,23.4,46.0,-91.3,10.7,,129.0,0
D003353,4.7,1182.0,1.14,30.0,0.5,-66.2,-49.8,22.4,44.0,-93.5,,0.0,136.0,1
D003354,4.9,,1.14,29.0,0.49,-63.2,-49.6,24.3,40.0,-96.0,11.8,1.0,131.0,0
D003355,6.5,1281.0,0.87,20.0,0.47,-60.5,-45.1,21.0,32.0,-93.7,8.6,1.0,111.0,1
D003356,4.7,1203.0,1.07,32.0,0.5,-65.8,-49.0,24.1,46.0,-95.5,9.1,1.0,131.0,1
D003357,6.2,1258.0,1.35,21.5,0.43,-66.8,-52.8,29.1,53.0,-95.1,17.0,0.0,140.0,1
D003358,5.0,1120.0,1.0,32.5,0.52,-67.7,-48.9,24.0,46.0,-95.8,,1.0,122.0,1
D003359,4.2,1224.0,1.17,29.0,0.47,-65.3,-49.5,25.0,44.0,-95.1,10.0,1.0,139.0,1
D003360,4.3,1140.0,0.88,29.5,0.46,-64.9,-50.0,23.6,48.0,-95.2,12.2,1.0,130.0,1
D003361,6.7,1078.0,1.3,38.0,0.66,-69.2,-45.1,27.0,36.0,-97.1,10.9,0.0,100.0,1
D003362,4.1,1310.0,1.27,33.5,0.39,,-52.2,21.1,52.0,-90.9,14.7,0.0,143.0,1
D003363,4.6,1207.0,1.05,25.0,0.45,-65.9,-50.5,24.1,38.0,-95.1,10.8,0.0,130.0,0
D003364,3.1,1247.0,1.13,24.0,0.46,-63.4,-47.0,28.7,57.0,-98.2,,1.0,145.0,0
D003365,4.7,1146.0,1.09,33.0,0.47,-66.7,-50.0,25.2,44.0,-93.5,10.0,1.0,130.0,1
D003366,4.6,1171.0,1.13,26.0,0.43,-65.3,-49.2,23.7,37.0,-95.4,8.4,0.0,137.0,1
D003367,4.8,1213.0,1.22,31.0,0.55,-65.9,-51.2,21.8,46.0,-94.8,9.1,0.0,126.0,0
D003368,5.1,1333.0,1.33,24.0,0.48,-62.5,-53.6,28.7,52.0,-94.7,19.9,1.0,127.0,0
D003369,4.6,1135.0,0.98,28.5,0.49,-66.6,-50.5,23.5,44.0,-96.0,9.5,1.0,127.0,1
D003370,6.8,1022.0,0.84,28.0,0.69,-61.3,-53.6,22.0,34.0,-98.1,19.7,1.0,110.0,0
D003371,3.6,1103.0,0.83,20.0,0.33,-68.0,-53.1,27.3,31.0,-93.0,18.3,1.0,102.0,0
D003372,5.4,1245.0,1.15,31.0,0.42,-65.3,-49.2,23.4,42.0,-96.9,5.3,0.0,133.0,1
D003373,5.1,1184.0,0.97,30.5,0.5,-64.4,-48.8,23.2,44.0,-93.3,7.0,1.0,121.0,1
D003374,4.8,1254.0,1.3,30.0,0.38,-65.4,-46.6,20.7,56.0,-90.8,23.6,1.0,133.0,0
D003375,5.1,1163.0,1.33,24.5,0.59,-66.9,-52.0,24.8,38.0,-96.3,13.4,1.0,108.0,0
D003376,5.1,1135.0,1.24,26.5,0.42,-65.7,-49.2,25.9,47.0,-95.9,10.7,0.0,131.0,1
D003377,6.3,1015.0,1.25,34.0,0.4,-66.5,-54.1,21.8,50.0,-90.0,7.3,1.0,129.0,1
D003378,5.3,1174.0,1.14,30.0,0.48,-64.2,-50.9,22.5,44.0,-96.7,13.3,1.0,124.0,1
D003379,4.3,1176.0,1.12,30.5,0.48,-67.2,-50.9,23.4,46.0,-94.8,9.0,0.0,133.0,1
D003380,4.0,1161.0,1.44,35.0,0.59,-66.8,-50.5,27.7,38.0,-98.4,19.5,0.0,126.0,0
D003381,5.2,1115.0,1.07,28.0,0.52,-67.2,-52.0,25.3,39.0,-94.5,9.6,1.0,137.0,1
D003382,5.8,1157.0,1.1,30.0,0.56,-65.3,-49.6,24.3,37.0,-96.0,10.5,0.0,127.0,1
D003383,4.7,1047.0,0.85,38.5,0.53,-67.0,-54.0,21.6,46.0,-95.8,18.4,0.0,143.0,1
D003384,5.0,1128.0,1.14,28.5,0.43,-63.6,-50.6,24.0,50.0,-97.5,10.5,,123.0,0
D003385,4.9,1117.0,1.09,27.0,0.48,-65.3,-48.6,24.9,41.0,-96.4,8.2,0.0,123.0,1
D003386,4.7,1204.0,1.04,29.5,0.55,-66.1,-50.6,24.1,44.0,-95.9,,1.0,129.0,1
D003387,4.7,1194.0,0.95,32.0,0.49,-66.9,-50.8,22.3,40.0,-95.9,9.8,1.0,133.0,1
D003388,4.7,1117.0,1.1,30.5,0.51,-65.3,-50.6,23.3,47.0,-95.3,5.6,1.0,125.0,1
D003389,5.2,,1.16,29.5,0.55,-66.2,-51.1,24.5,47.0,-95.8,8.5,1.0,125.0,1
D003390,5.3,1168.0,1.08,30.5,0.46,,-48.8,23.1,42.0,-96.7,,1.0,118.0,1
D003391,5.4,1128.0,1.27,26.0,0.49,-66.2,-51.0,22.6,46.0,-94.1,12.1,0.0,125.0,1
D003392,4.8,1114.0,1.04,28.0,0.43,-65.3,-50.5,23.5,37.0,-96.3,9.1,1.0,125.0,1
D003393,4.9,1067.0,1.56,29.0,0.58,-61.5,-52.0,24.3,51.0,-91.1,6.1,0.0,146.0,1
D003394,5.5,1011.0,0.91,22.0,0.53,-68.7,-49.0,21.4,32.0,-96.9,16.4,0.0,101.0,0
D003395,5.6,1249.0,1.11,30.0,0.47,-65.4,-49.1,22.1,47.0,-96.4,11.2,0.0,130.0,1
D003396,4.4,1130.0,1.17,28.5,0.41,-65.7,-48.9,23.0,43.0,-96.7,6.0,1.0,137.0,1
D003397,5.0,1180.0,1.23,27.5,0.53,-65.1,-50.1,24.6,45.0,-95.2,7.4,1.0,135.0,1
D003398,6.1,1399.0,1.03,29.5,0.61,-69.9,-50.6,21.0,37.0,-93.0,14.9,1.0,143.0,1
D003399,5.5,1133.0,1.05,30.5,0.48,-65.7,-49.2,22.0,50.0,-95.2,7.7,1.0,145.0,1
D003400,4.6,1196.0,1.15,31.5,0.43,-64.9,-50.1,23.9,40.0,-95.5,4.8,1.0,,1
D003401,4.5,1075.0,1.05,26.5,0.5,-65.4,-51.2,24.2,46.0,-96.0,15.2,,117.0,0
D003402,5.2,1010.0,1.26,30.0,0.43,-69.7,-46.1,25.1,41.0,-95.0,18.7,1.0,129.0,1
D003403,5.3,1200.0,0.91,28.0,0.52,-67.4,-50.8,24.0,44.0,-96.7,9.9,0.0,125.0,1
D003404,4.8,1185.0,1.01,30.5,0.51,-65.3,-50.8,24.7,46.0,-94.3,4.8,0.0,132.0,1
D003405,4.6,1239.0,1.04,29.0,0.48,-66.0,-48.4,23.2,46.0,-96.2,10.2,0.0,135.0,1
D003406,4.0,1080.0,1.38,22.5,0.48,-64.0,-50.1,27.0,36.0,-91.5,12.4,0.0,149.0,0
D003407,4.3,1094.0,1.03,29.0,0.53,-65.6,-49.5,22.5,49.0,-95.9,9.1,0.0,133.0,1
D003408,5.3,1361.0,,33.5,0.52,-65.6,-47.1,25.6,47.0,-94.1,12.8,1.0,148.0,1
D003409,,1177.0,1.19,31.5,0.5,-65.9,-48.5,22.0,44.0,-94.0,7.7,1.0,122.0,1
D003410,4.2,1223.0,1.13,31.5,0.44,-64.5,-49.6,25.3,44.0,-97.7,14.4,1.0,125.0,0
D003411,5.0,1131.0,1.07,28.0,0.44,-66.1,-51.3,23.0,44.0,-94.9,5.5,0.0,,1
D003412,5.0,1134.0,1.14,27.0,0.55,-65.9,-50.2,25.2,44.0,-97.5,3.2,1.0,133.0,1
D003413,5.1,1174.0,1.0,29.5,0.48,-67.2,-49.4,25.3,45.0,-95.7,10.9,0.0,123.0,1
D003414,5.0,1154.0,1.13,31.0,0.49,-66.5,-50.8,24.2,38.0,-94.1,6.9,1.0,125.0,1
D003415,5.2,1174.0,1.22,26.5,0.5,-67.2,-49.2,24.8,43.0,-94.5,10.5,1.0,140.0,1
D003416,4.6,1195.0,1.06,29.5,0.47,-66.3,-49.3,23.4,40.0,-95.6,11.2,0.0,127.0,1
D003417,5.5,1237.0,1.1,30.5,0.49,-65.4,-49.8,23.0,42.0,-95.0,8.6,0.0,131.0,1
D003418,4.8,1248.0,1.21,31.0,0.54,-66.1,-50.9,23.6,43.0,-94.1,8.9,1.0,126.0,1
D003419,5.2,1221.0,1.12,25.0,0.46,-65.7,-48.3,25.5,,-95.8,6.9,0.0,134.0,1
D003420,3.7,1386.0,0.83,36.0,0.67,-60.4,-47.1,25.7,49.0,-92.2,15.7,0.0,136.0,0
D003421,3.9,1210.0,1.21,26.0,0.51,-65.1,-50.1,24.1,45.0,-96.5,9.1,0.0,127.0,1
D003422,5.2,1178.0,1.01,31.0,0.44,-63.9,-50.8,24.9,44.0,-94.7,12.6,0.0,137.0,1
D003423,3.9,1224.0,1.02,29.5,0.57,-64.3,-50.2,23.9,45.0,-96.9,7.9,1.0,130.0,0
D003424,5.2,1233.0,1.13,29.0,0.49,-66.9,-50.2,26.7,47.0,-95.3,7.2,0.0,130.0,1
D003425,5.5,1186.0,1.1,28.5,0.49,-64.9,-49.9,26.4,47.0,-94.8,7.4,0.0,122.0,1
D003426,5.0,1144.0,1.21,28.5,0.38,-65.3,-50.6,25.8,43.0,-94.8,8.0,0.0,122.0,1
D003427,4.4,1200.0,1.04,29.0,0.44,-66.5,-48.8,23.6,41.0,-95.2,8.3,1.0,129.0,0
D003428,4.4,1143.0,0.97,28.5,0.46,-66.0,-51.6,21.6,45.0,-97.0,11.5,1.0,127.0,0
D003429,5.2,1172.0,0.96,26.5,0.47,-67.2,-52.5,21.4,42.0,-96.1,9.4,1.0,128.0,1
D003430,4.7,1163.0,1.06,31.5,0.46,-65.0,-51.3,25.3,38.0,-97.0,9.7,1.0,125.0,1
D003431,6.2,1112.0,1.35,34.0,0.69,-66.8,-50.9,29.8,50.0,-92.1,11.0,1.0,130.0,0
D003432,4.7,1205.0,1.13,31.5,0.46,-65.7,-48.8,24.5,46.0,-96.9,6.5,1.0,129.0,1
D003433,4.8,1208.0,1.03,27.0,0.48,-64.6,-49.4,23.5,44.0,-95.1,11.6,0.0,128.0,1
D003434,4.3,1225.0,1.06,31.5,0.48,-68.2,-50.2,22.1,43.0,-97.5,9.1,0.0,125.0,1
D003435,4.8,1182.0,0.95,27.5,0.51,-66.7,-49.6,23.2,46.0,-95.5,7.4,0.0,125.0,1
D003436,4.4,1097.0,1.46,22.5,0.63,-68.6,-53.6,29.9,41.0,-92.9,4.0,1.0,114.0,0
D003437,4.6,1247.0,1.16,33.0,0.56,-66.8,-48.7,23.5,,-95.3,7.7,0.0,132.0,1
D003438,4.5,1164.0,1.17,32.0,0.47,-66.0,-48.9,23.8,45.0,,,0.0,118.0,1
D003439,4.3,1244.0,1.13,32.5,0.47,-68.2,-49.1,24.7,48.0,-96.4,5.8,0.0,132.0,1
D003440,5.3,1140.0,1.21,31.5,0.5,-66.5,-49.3,23.0,46.0,-94.9,8.0,1.0,125.0,1
D003441,6.9,1074.0,1.05,39.5,0.63,-60.6,-52.0,22.4,53.0,-95.2,16.8,1.0,147.0,1
D003442,4.6,1203.0,1.17,30.5,0.45,-65.9,-49.4,24.4,45.0,-95.8,10.6,0.0,124.0,1
D003443,5.2,1155.0,0.97,27.0,0.46,-64.9,-52.1,21.6,44.0,-96.8,10.3,1.0,122.0,1
D003444,4.0,1050.0,1.57,20.5,0.52,-68.8,-48.4,21.2,57.0,-90.2,20.8,0.0,143.0,0
D003445,4.1,1229.0,1.39,24.5,0.31,-69.2,-46.9,25.3,42.0,-92.5,7.4,1.0,117.0,0
D003446,3.3,1097.0,1.25,33.5,0.69,-69.3,-50.9,26.0,34.0,-92.5,,1.0,126.0,0
D003447,5.0,1193.0,1.14,31.0,0.46,-66.0,-49.7,22.5,37.0,-96.1,7.0,1.0,129.0,1
D003448,4.7,1191.0,1.14,27.0,0.52,-64.7,-48.8,25.4,49.0,-94.4,12.5,1.0,130.0,0
D003449,4.0,1134.0,1.53,38.0,0.55,-63.5,-50.3,29.8,39.0,-97.5,16.6,1.0,134.0,0
D003450,6.3,1110.0,1.19,21.0,0.43,-64.4,-51.2,23.6,50.0,-99.7,3.5,1.0,,1
D003451,4.1,1223.0,1.02,27.5,0.49,-66.0,-51.2,25.7,45.0,-96.2,4.8,1.0,125.0,0
D003452,4.4,1246.0,1.1,28.5,0.47,-64.9,-51.3,25.1,47.0,-96.3,9.0,1.0,116.0,0
D003453,3.1,1191.0,1.25,29.0,0.55,-67.4,-51.6,23.5,30.0,-96.4,21.6,1.0,122.0,0
D003454,3.7,1072.0,1.24,33.0,0.67,-64.4,-48.9,27.9,56.0,-94.3,1.4,1.0,123.0,0
D003455,4.0,1205.0,1.01,27.5,0.44,-66.5,-51.4,21.2,44.0,-95.0,9.9,1.0,132.0,0
D003456,4.6,1192.0,1.14,30.0,0.48,-65.0,-49.6,25.6,43.0,-96.1,7.1,1.0,138.0,1
D003457,4.7,1266.0,1.21,28.5,0.48,-66.8,-49.7,24.2,45.0,-97.3,10.4,1.0,121.0,1
D003458,4.7,1205.0,1.13,31.5,0.51,-65.9,-49.6,24.7,47.0,-95.7,14.3,,136.0,1
D003459,4.8,1204.0,1.09,28.0,0.49,-63.8,,26.4,45.0,-96.9,6.0,1.0,130.0,1
D003460,5.0,1159.0,1.24,30.0,0.5,-66.7,-51.1,25.6,54.0,-98.3,9.3,0.0,127.0,1
D003461,4.4,1199.0,1.03,26.0,0.49,-66.4,-50.4,23.6,39.0,-93.2,5.2,1.0,123.0,1
D003462,4.9,1255.0,1.54,25.5,0.66,-62.1,-54.6,23.6,30.0,-97.4,18.1,0.0,125.0,0
D003463,3.9,1169.0,1.03,28.5,0.53,-65.5,-49.6,23.5,41.0,-94.0,8.5,0.0,127.0,1
D003464,5.3,1116.0,1.14,28.5,0.48,-65.5,-50.1,24.1,47.0,-96.6,9.5,1.0,127.0,1
D003465,3.2,1363.0,1.48,22.5,0.49,-64.0,-50.8,21.2,52.0,-96.6,7.2,1.0,134.0,0
D003466,4.9,1087.0,1.49,34.5,0.65,-66.7,-49.4,27.4,30.0,-95.3,0.7,0.0,,1
D003467,5.2,1164.0,1.23,27.5,0.42,-65.9,-50.4,24.8,38.0,-94.0,,1.0,129.0,1
D003468,3.0,1199.0,1.04,33.5,0.49,-62.1,-53.5,24.9,51.0,-98.1,20.9,1.0,146.0,0
D003469,3.1,1031.0,1.27,37.5,0.4,-64.6,-51.2,28.3,33.0,-95.9,1.8,0.0,115.0,0
D003470,3.7,1117.0,1.22,28.0,0.46,-65.8,-50.2,24.0,45.0,-95.2,8.1,0.0,116.0,0
D003471,4.9,1200.0,1.01,30.5,0.51,-66.3,-48.5,23.6,43.0,-94.7,10.2,0.0,125.0,1
D003472,4.5,1246.0,1.57,23.0,0.46,-60.2,-45.8,21.8,39.0,-95.2,17.3,1.0,109.0,0
D003473,5.0,1227.0,1.14,30.0,0.56,-66.4,-52.3,23.9,41.0,-96.5,12.8,0.0,126.0,1
D003474,5.2,1137.0,1.19,30.5,0.55,-65.9,-50.1,24.2,48.0,-94.2,8.5,1.0,135.0,1
D003475,4.9,1185.0,1.11,31.0,0.49,-65.4,-49.2,24.5,44.0,-96.8,6.7,1.0,129.0,1
D003476,5.6,1130.0,1.43,36.0,0.43,-68.0,-52.4,29.8,55.0,-95.0,3.1,1.0,142.0,1
D003477,5.9,1210.0,,39.0,0.39,-67.5,-53.8,22.4,57.0,-91.2,10.3,1.0,118.0,1
D003478,3.8,1284.0,0.98,32.5,0.5,-65.0,-50.4,24.4,44.0,-96.3,9.8,0.0,121.0,1
D003479,4.9,1180.0,1.11,25.5,0.43,-67.2,-50.1,23.5,44.0,-94.2,9.2,1.0,114.0,1
D003480,5.3,1206.0,1.12,32.5,0.39,-65.0,-49.7,21.0,41.0,-93.4,5.3,0.0,133.0,1
D003481,5.2,1212.0,1.23,33.5,0.43,-65.1,-49.9,23.5,47.0,,10.3,1.0,128.0,1
D003482,3.5,1193.0,1.12,26.5,0.63,-60.4,-53.1,24.7,52.0,-99.9,4.4,0.0,147.0,1
D003483,4.7,1144.0,1.08,30.5,0.52,-66.2,-49.0,23.6,48.0,-94.7,5.4,0.0,136.0,1
D003484,5.0,1152.0,1.09,27.5,0.41,-67.4,-49.1,26.0,41.0,-95.7,11.5,1.0,129.0,1
D003485,5.4,1113.0,0.96,30.0,0.46,-66.2,-49.1,23.5,40.0,-96.6,9.1,0.0,123.0,1
D003486,5.9,1394.0,1.41,38.5,0.54,-69.0,-48.3,26.7,43.0,-97.0,9.5,1.0,133.0,1
D003487,4.3,1118.0,1.22,31.0,0.5,-68.1,-48.7,25.4,41.0,-96.8,8.0,1.0,141.0,1
D003488,5.2,1164.0,1.19,29.5,0.47,-64.7,-48.2,24.2,43.0,-97.3,10.3,1.0,125.0,0
D003489,4.7,1164.0,1.09,26.5,0.57,-65.0,-50.4,22.8,46.0,-94.5,9.3,1.0,134.0,1
D003490,4.6,1149.0,1.01,30.0,0.45,-64.5,-48.3,23.6,49.0,-93.8,9.5,1.0,131.0,1
D003491,5.5,1083.0,0.87,21.5,0.64,-65.8,-53.7,29.7,54.0,-96.5,20.3,1.0,141.0,0
D003492,4.8,1176.0,0.82,36.5,0.54,-68.3,-47.3,25.2,37.0,-95.7,16.0,0.0,141.0,1
D003493,4.5,1246.0,1.01,28.0,0.59,-64.7,-48.4,25.2,42.0,-96.7,7.1,1.0,127.0,0
D003494,5.2,1199.0,1.09,28.0,0.4,-68.1,-49.5,23.9,46.0,-94.2,10.6,1.0,137.0,1
D003495,4.0,1323.0,1.28,35.0,0.5,-67.4,-53.2,29.2,32.0,-96.0,16.4,0.0,136.0,1
D003496,5.2,1170.0,1.2,33.0,0.46,-64.6,-50.4,23.7,44.0,-94.5,10.3,0.0,136.0,1
D003497,4.4,1196.0,1.18,26.0,0.42,-64.1,-50.9,23.8,44.0,-96.4,,0.0,129.0,0
D003498,3.7,1006.0,1.41,29.0,0.69,-65.0,-52.9,23.5,60.0,-97.6,17.0,0.0,108.0,0
D003499,5.3,1140.0,1.26,29.0,0.47,-63.7,-50.4,25.1,49.0,-96.0,5.6,1.0,138.0,1
D003500,4.4,1257.0,1.04,25.0,0.44,-63.4,-51.2,23.5,45.0,-95.0,9.3,1.0,124.0,0
D003501,4.1,1218.0,1.12,26.5,0.47,-65.8,-51.6,25.7,40.0,-97.7,10.5,1.0,128.0,0
D003502,5.1,1188.0,1.23,30.5,0.48,-65.4,-49.5,23.5,44.0,-95.2,9.9,1.0,132.0,1
D003503,4.8,1193.0,1.07,27.0,0.48,-66.1,-49.6,23.3,38.0,-95.9,10.6,1.0,131.0,0
D003504,4.2,1067.0,1.57,35.5,0.44,-65.6,-46.1,23.8,58.0,-97.6,8.3,1.0,115.0,0
D003505,4.4,1142.0,1.16,30.0,0.47,-63.3,-48.2,22.1,41.0,-96.4,9.3,0.0,129.0,1
D003506,4.7,1180.0,1.19,32.0,0.53,-65.7,-48.0,23.2,53.0,-94.9,6.9,0.0,140.0,1
D003507,4.5,1229.0,0.93,30.0,0.49,-66.1,-50.0,25.4,43.0,-93.3,8.1,0.0,130.0,1
D003508,,1187.0,1.12,30.5,0.53,-63.4,-50.8,24.8,39.0,-97.7,8.8,0.0,131.0,1
D003509,5.3,1219.0,1.27,26.5,0.46,-65.8,-48.7,23.5,45.0,-96.8,11.2,1.0,129.0,1
D003510,6.4,1376.0,1.45,21.0,0.61,-66.6,-53.0,21.6,41.0,-98.1,3.9,1.0,123.0,1
D003511,4.9,1243.0,1.11,29.5,0.5,-64.9,-50.4,25.7,39.0,-96.7,4.4,0.0,129.0,1
D003512,4.5,1177.0,1.16,26.0,0.48,-65.6,-48.4,24.5,49.0,-95.7,7.8,0.0,128.0,1
D003513,4.1,1188.0,1.16,28.0,0.48,-64.5,-49.7,22.9,49.0,-93.8,7.7,0.0,132.0,0
D003514,3.0,1140.0,0.88,26.5,,-62.6,-48.3,22.6,50.0,-90.1,5.6,0.0,113.0,0
D003515,4.8,1147.0,1.24,29.0,0.49,-66.0,-50.9,23.7,47.0,-95.8,10.8,1.0,128.0,1
D003516,3.9,1309.0,1.01,37.5,0.38,-61.8,-49.2,23.8,42.0,-94.4,7.8,0.0,133.0,1
D003517,5.8,1087.0,1.58,21.0,0.5,-60.1,-50.2,28.5,38.0,-91.2,4.8,1.0,133.0,0
D003518,4.7,1207.0,0.95,,0.53,-63.9,-48.1,29.5,57.0,-93.4,5.8,1.0,131.0,0
D003519,4.4,1104.0,1.08,25.0,0.41,-65.2,-51.2,24.0,41.0,-95.5,,0.0,122.0,0
D003520,5.1,1188.0,1.0,26.5,0.48,-64.4,-49.7,23.4,45.0,-95.4,6.4,,117.0,1
D003521,4.5,1097.0,1.02,25.0,0.63,-68.7,-51.5,23.3,57.0,-99.3,20.0,1.0,103.0,0
D003522,5.3,1367.0,1.46,26.5,0.46,-67.6,-45.2,27.1,31.0,-97.5,16.6,0.0,107.0,0
D003523,4.2,,1.05,30.5,0.46,-64.8,-50.7,24.6,35.0,-96.5,6.5,1.0,119.0,1
D003524,5.3,1128.0,1.1,29.0,0.44,-65.8,-50.8,23.4,44.0,-96.3,5.4,0.0,131.0,1
D003525,4.9,1197.0,1.03,31.0,0.45,-66.3,-51.0,23.5,47.0,-95.4,5.5,0.0,123.0,1
D003526,5.0,1167.0,1.07,29.0,0.49,-64.5,-49.3,23.0,47.0,-94.4,5.9,1.0,,1
D003527,4.1,1138.0,1.11,27.5,0.49,-66.3,-50.3,26.3,42.0,-95.6,3.8,1.0,122.0,1
D003528,3.1,1108.0,1.18,34.5,0.67,-64.1,-48.9,26.9,31.0,-94.0,22.3,1.0,115.0,0
D003529,4.9,1154.0,1.07,29.5,0.51,-64.3,-50.3,24.3,44.0,-96.1,10.0,0.0,127.0,1
D003530,4.4,1115.0,1.49,26.5,0.63,-63.2,-54.4,22.0,60.0,-91.6,12.0,1.0,113.0,0
D003531,5.5,1148.0,1.02,31.5,0.48,-66.8,-49.9,23.3,42.0,-95.5,10.0,1.0,136.0,1
D003532,4.5,1195.0,1.11,27.5,0.54,-65.6,-50.3,23.0,43.0,-94.3,,0.0,127.0,1
D003533,5.0,1147.0,1.27,31.5,0.5,-66.4,-52.3,24.2,47.0,-95.6,7.4,0.0,121.0,1
D003534,3.5,1014.0,1.11,20.5,0.46,-69.5,-54.5,21.3,32.0,-90.6,15.0,0.0,137.0,1
D003535,5.0,1201.0,1.04,31.0,0.37,-65.8,-50.4,23.1,43.0,-95.1,5.7,1.0,124.0,1
D003536,6.3,1320.0,1.53,34.0,0.59,-69.1,-47.8,27.7,50.0,-94.9,15.5,1.0,116.0,0
D003537,3.4,1211.0,1.06,27.0,0.5,-62.6,-46.4,25.7,54.0,-98.7,2.4,0.0,147.0,0
D003538,4.2,1217.0,1.05,30.0,0.5,-65.1,-49.6,23.4,52.0,-97.2,7.2,0.0,129.0,1
D003539,4.9,1202.0,1.0,30.0,0.47,-65.7,-49.3,22.7,43.0,-93.2,7.8,0.0,124.0,1
D003540,5.4,1163.0,1.2,29.5,0.47,-66.7,-49.6,25.1,39.0,-94.5,8.7,1.0,123.0,1
D003541,4.8,1126.0,1.11,29.5,0.48,-66.5,-50.0,22.7,45.0,-94.7,10.4,0.0,131.0,1
D003542,5.9,1298.0,1.23,37.0,0.5,-65.0,-51.2,28.0,44.0,-97.2,12.5,0.0,103.0,1
D003543,5.3,1177.0,1.25,28.5,0.5,-66.2,-48.8,22.7,49.0,-96.9,5.8,1.0,135.0,1
D003544,5.0,1241.0,1.1,27.5,0.45,-66.0,-48.9,23.5,43.0,-96.9,13.6,0.0,123.0,1
D003545,6.3,1276.0,0.97,33.0,0.38,-61.3,-48.7,28.5,46.0,-97.0,6.2,1.0,115.0,1
D003546,5.2,1152.0,1.19,32.5,0.53,-67.1,-51.0,23.6,41.0,-96.7,6.0,0.0,132.0,1
D003547,6.7,1279.0,0.93,21.0,0.3,-61.1,-52.1,27.5,59.0,-93.7,8.9,1.0,106.0,0
D003548,4.9,1200.0,1.15,29.0,0.41,-67.0,-51.6,23.9,51.0,-97.9,7.8,1.0,129.0,1
D003549,4.9,1240.0,1.27,25.5,0.49,-65.2,-50.1,22.5,46.0,-95.6,10.2,0.0,132.0,1
D003550,6.1,1163.0,1.09,26.0,0.42,-65.6,-50.4,24.4,44.0,-96.6,,1.0,138.0,1
D003551,4.7,1136.0,1.05,29.5,0.45,-65.4,,24.2,45.0,-96.2,7.0,0.0,126.0,1
D003552,5.4,1198.0,1.09,28.0,0.4,-65.6,-50.8,24.3,41.0,-95.0,11.9,1.0,128.0,1
D003553,4.8,1178.0,1.12,29.5,0.43,-65.6,-49.9,24.2,40.0,-95.3,8.9,1.0,133.0,0
D003554,5.6,1067.0,0.95,33.0,0.41,-63.9,-53.7,26.6,47.0,-92.3,6.3,1.0,119.0,0
D003555,5.3,1237.0,1.15,26.0,0.43,-66.1,-51.5,24.3,42.0,-96.2,6.2,1.0,128.0,1
D003556,3.2,1220.0,1.4,27.0,0.55,-66.2,-49.7,24.5,,-99.6,5.6,1.0,149.0,0
D003557,4.5,1146.0,1.02,26.5,0.42,-66.8,-49.4,25.1,39.0,-95.5,5.1,0.0,131.0,1
D003558,4.1,1234.0,1.22,26.0,0.49,-66.5,-51.6,25.2,48.0,-95.6,11.6,1.0,134.0,1
D003559,6.1,1274.0,0.86,23.0,0.54,-61.4,-47.2,24.9,55.0,-96.0,17.2,1.0,105.0,1
D003560,3.8,1111.0,,27.5,0.65,,-52.4,23.6,41.0,-91.7,9.1,1.0,106.0,0
D003561,6.8,1166.0,1.43,38.5,0.48,-70.0,-46.9,28.4,55.0,-91.7,0.1,0.0,116.0,1
D003562,4.7,1145.0,1.08,27.0,0.47,-65.6,-50.3,23.2,44.0,-96.0,9.4,1.0,128.0,1
D003563,4.5,1136.0,1.11,31.5,0.5,-65.4,-50.5,23.4,44.0,-95.2,9.3,0.0,125.0,1
D003564,3.6,1190.0,1.14,25.5,0.54,-64.2,-51.2,24.5,47.0,-95.7,7.9,1.0,130.0,0
D003565,5.4,1238.0,1.04,27.5,0.58,-63.8,-50.3,25.6,39.0,-93.8,9.8,0.0,132.0,1
D003566,,1167.0,1.09,28.5,0.5,-65.8,-49.7,24.6,44.0,-95.6,7.7,1.0,132.0,0
D003567,4.3,1178.0,1.07,26.5,0.48,-66.9,-50.6,23.0,40.0,-95.9,11.6,0.0,132.0,1
D003568,6.1,1285.0,0.95,37.0,0.34,-69.2,-54.4,29.8,34.0,-95.8,15.0,1.0,110.0,1
D003569,4.8,1196.0,1.09,29.5,0.48,-65.5,-48.8,24.5,40.0,-92.4,6.4,1.0,132.0,1
D003570,3.3,1342.0,1.44,26.5,0.45,-64.2,-46.4,26.4,30.0,-95.0,1.9,1.0,111.0,0
D003571,4.8,1166.0,1.05,29.0,0.53,-64.5,-49.5,22.5,43.0,-94.6,7.1,1.0,129.0,0
D003572,4.6,1192.0,1.22,25.0,0.49,-65.7,-49.5,24.6,43.0,-95.0,9.2,0.0,126.0,0
D003573,5.2,1230.0,1.31,38.0,0.68,-67.1,-48.0,22.4,53.0,-90.7,6.8,0.0,120.0,0
D003574,4.9,1114.0,1.2,30.0,0.49,-67.8,-48.4,21.7,49.0,-95.9,5.4,0.0,124.0,1
D003575,6.7,1048.0,1.02,35.0,0.66,-67.9,-50.5,26.1,48.0,-90.0,23.5,1.0,114.0,0
D003576,4.7,1131.0,1.06,31.5,0.44,-65.9,-50.2,23.7,46.0,-95.3,9.9,1.0,131.0,1
D003577,4.8,1212.0,1.13,26.0,0.46,-64.9,-51.1,24.9,42.0,-95.7,5.8,1.0,119.0,1
D003578,4.3,1198.0,1.16,29.5,0.5,-67.4,-50.6,22.5,42.0,-93.8,10.0,1.0,122.0,1
D003579,3.0,1287.0,1.39,27.5,0.41,-62.6,-52.3,29.7,48.0,-91.7,10.9,1.0,139.0,0
D003580,5.7,1178.0,1.1,34.5,0.49,-63.2,-53.8,29.8,32.0,-91.5,3.4,0.0,145.0,0
D003581,3.1,1009.0,0.89,27.0,0.42,-65.5,-49.1,21.4,45.0,-96.8,11.7,0.0,132.0,1
D003582,3.7,1345.0,1.01,20.5,0.47,-63.2,-50.8,20.8,57.0,-98.3,11.1,0.0,122.0,0
D003583,5.1,1144.0,1.06,30.5,0.45,-65.6,-49.6,24.3,38.0,-96.3,4.3,1.0,128.0,1
D003584,3.6,1227.0,1.46,29.0,0.56,-68.1,-53.8,26.3,45.0,-94.4,16.6,1.0,106.0,0
D003585,6.2,1308.0,1.32,33.0,0.56,-68.6,-50.7,25.8,36.0,-93.3,10.9,1.0,134.0,1
D003586,5.3,1199.0,1.01,30.5,0.49,-66.6,-51.4,23.6,40.0,-95.5,9.3,1.0,125.0,1
D003587,5.4,1157.0,1.14,25.5,0.46,-65.1,-50.6,26.8,46.0,-95.1,6.0,0.0,122.0,1
D003588,4.5,1107.0,1.1,30.0,0.43,-64.7,-49.7,24.1,45.0,,9.5,1.0,131.0,1
D003589,5.3,1149.0,1.18,23.0,0.42,-62.7,-50.3,25.8,40.0,-95.9,10.0,1.0,133.0,0
D003590,4.6,1200.0,1.1,27.0,0.47,-63.2,-51.8,21.4,40.0,-95.6,7.6,1.0,126.0,0
D003591,3.0,1289.0,1.06,36.0,0.5,-62.6,-48.3,22.3,60.0,-96.2,2.4,0.0,129.0,1
D003592,6.9,1336.0,1.53,30.5,0.33,-61.7,-54.7,22.6,50.0,-97.5,5.5,1.0,134.0,0
D003593,7.0,,1.52,31.5,0.55,-61.0,-53.4,23.8,57.0,-91.4,11.2,1.0,116.0,1
D003594,4.9,1205.0,0.89,,0.55,-64.6,-49.4,23.3,,-94.4,7.0,0.0,120.0,1
D003595,5.0,1215.0,1.04,27.5,0.43,-66.2,-52.0,22.8,45.0,-96.8,8.0,1.0,130.0,1
D003596,6.5,1025.0,1.31,37.5,0.45,-65.4,-46.5,24.8,36.0,-98.2,15.8,0.0,134.0,1
D003597,5.8,1044.0,1.15,33.5,0.54,-69.8,-47.3,21.7,32.0,-97.0,17.6,1.0,147.0,1
D003598,5.7,1210.0,1.13,30.0,,-65.0,-49.9,23.4,39.0,-94.2,9.0,0.0,132.0,1
D003599,6.5,1326.0,1.15,38.5,0.63,-64.4,-52.3,21.5,37.0,-99.8,10.2,1.0,108.0,1
D003600,5.9,,0.89,21.5,0.56,-61.3,-53.0,29.5,54.0,-91.1,16.1,0.0,108.0,0
D003601,6.8,1133.0,1.0,35.0,0.39,-69.5,-46.4,26.8,60.0,-95.7,6.7,1.0,117.0,1
D003602,6.5,,1.02,25.5,0.33,-64.8,-46.1,29.0,54.0,-98.9,22.1,1.0,115.0,0
D003603,4.4,1077.0,1.26,27.5,0.52,-64.7,-50.4,23.3,46.0,-94.1,8.4,1.0,133.0,0
D003604,3.3,1159.0,1.03,26.5,0.5,-64.0,-50.7,22.7,,-94.4,10.1,0.0,126.0,0
D003605,4.4,1223.0,1.18,26.5,0.48,-66.6,-50.2,24.5,46.0,-94.3,10.7,0.0,126.0,1
D003606,5.3,1104.0,0.86,22.0,0.68,-66.8,-46.6,23.3,53.0,-92.3,2.3,1.0,123.0,0
D003607,6.6,1271.0,1.59,26.5,0.61,-60.5,-47.0,29.4,57.0,-99.4,10.1,1.0,103.0,0
D003608,5.2,1172.0,1.1,27.5,0.48,-64.5,-50.6,25.5,39.0,-95.2,12.5,0.0,123.0,1
D003609,7.0,1194.0,1.41,25.5,0.58,-61.0,-54.2,25.8,48.0,-95.5,17.2,1.0,112.0,1
D003610,4.7,1245.0,1.06,31.0,0.43,-64.8,-50.8,23.5,46.0,-94.8,11.5,1.0,122.0,0
D003611,4.4,1353.0,1.28,23.5,0.34,-63.9,-47.6,28.2,55.0,-98.4,1.6,1.0,137.0,0
D003612,5.1,1231.0,0.96,33.0,0.53,-64.9,-50.1,23.6,45.0,-95.5,10.6,0.0,131.0,1
D003613,4.6,1164.0,1.05,30.0,0.5,-64.0,-51.8,25.3,45.0,-95.2,5.1,1.0,125.0,1
D003614,6.3,1089.0,0.82,32.0,0.6,,-49.2,28.6,33.0,-99.5,0.2,1.0,141.0,1
D003615,4.5,1310.0,1.27,32.0,0.62,-68.4,-52.2,22.6,30.0,-90.9,20.3,0.0,113.0,1
D003616,5.0,1135.0,0.94,29.5,0.5,-66.7,-50.4,23.9,,-95.9,7.7,0.0,132.0,1
D003617,5.6,1233.0,1.01,25.5,0.51,-66.1,,25.0,45.0,-95.8,10.7,1.0,128.0,1
D003618,5.9,1002.0,1.08,39.5,0.3,-69.4,-48.1,24.4,58.0,-95.0,16.7,0.0,142.0,1
D003619,5.8,1228.0,1.01,33.5,0.45,-66.9,-48.5,23.8,43.0,-97.7,3.8,1.0,125.0,1
D003620,4.7,1186.0,1.14,29.0,0.53,-65.2,-50.4,26.1,44.0,-94.5,9.6,1.0,135.0,1
D003621,4.3,1151.0,1.22,26.5,0.49,-64.3,-48.4,23.8,46.0,-95.3,4.8,0.0,127.0,1
D003622,4.7,1208.0,1.08,29.5,0.41,-64.5,-49.6,23.5,48.0,-94.3,5.8,1.0,136.0,1
D003623,4.2,1135.0,1.25,36.5,0.63,-61.6,-46.4,22.1,58.0,-96.6,21.0,0.0,149.0,0
D003624,5.6,1220.0,1.07,28.5,0.49,-66.4,-49.6,22.2,41.0,-95.3,9.2,1.0,125.0,1
D003625,6.0,1286.0,1.18,33.5,0.62,-63.1,-54.3,21.2,39.0,-96.1,11.1,0.0,135.0,1
D003626,4.7,1170.0,1.25,29.5,0.42,-65.4,-51.4,26.1,45.0,-95.4,4.1,0.0,124.0,1
D003627,6.1,1221.0,1.32,37.0,0.48,-61.3,-52.1,28.3,58.0,-94.8,10.8,0.0,131.0,1
D003628,6.0,1196.0,1.34,30.0,0.37,-60.5,-50.0,26.6,56.0,-98.0,2.9,1.0,128.0,1
D003629,4.4,1131.0,0.87,25.0,0.48,-64.3,-50.5,23.6,38.0,-96.3,7.8,0.0,126.0,1
D003630,3.7,1107.0,0.95,23.0,0.53,-60.3,-55.0,24.4,38.0,-93.1,7.5,0.0,130.0,1
D003631,4.8,1107.0,0.99,29.5,0.46,-66.6,-49.9,22.3,45.0,-96.6,10.7,1.0,126.0,1
D003632,3.8,1130.0,1.17,26.0,0.47,-65.0,-54.2,26.5,54.0,-95.1,17.2,0.0,139.0,0
D003633,6.2,1334.0,0.93,20.5,0.7,-66.2,-49.0,24.5,35.0,-92.0,21.0,1.0,136.0,0
D003634,4.6,1122.0,1.13,28.0,0.47,-64.1,-49.1,22.2,43.0,-94.8,5.1,0.0,132.0,1
D003635,4.4,1038.0,1.06,26.0,0.61,-68.3,-46.7,28.8,41.0,-99.4,3.6,0.0,132.0,0
D003636,4.0,1354.0,0.82,21.0,0.32,-67.7,-47.0,27.2,38.0,-97.8,0.5,1.0,117.0,0
D003637,4.7,1189.0,1.17,31.0,0.43,-64.9,-48.2,25.2,49.0,-95.2,7.7,1.0,127.0,1
D003638,3.6,1325.0,1.35,32.5,0.57,-61.7,-52.2,23.8,33.0,-92.8,7.1,1.0,130.0,0
D003639,5.3,1156.0,1.13,27.0,0.56,-65.1,-48.4,21.7,46.0,-96.0,10.8,0.0,141.0,1
D003640,3.8,1291.0,1.55,22.0,0.33,-60.3,-48.4,20.1,,-91.5,8.4,0.0,112.0,0
D003641,3.2,1350.0,0.92,31.5,0.36,-65.8,-51.1,27.3,60.0,-91.5,,1.0,149.0,0
D003642,5.0,1166.0,0.96,30.0,0.47,-65.1,-48.8,23.3,41.0,-95.0,7.9,1.0,119.0,1
D003643,5.1,,1.29,27.5,0.48,-64.9,-48.7,24.2,44.0,-97.8,9.5,0.0,130.0,1
D003644,4.3,1124.0,1.0,28.0,0.46,-65.7,-50.5,25.4,42.0,-94.6,6.7,1.0,123.0,0
D003645,4.7,1164.0,1.06,31.0,0.46,-65.8,-49.6,23.2,44.0,-96.1,7.5,1.0,128.0,1
D003646,5.2,1162.0,1.13,29.0,0.56,-65.3,-51.0,24.7,46.0,-96.1,10.5,0.0,122.0,1
D003647,6.1,1076.0,1.17,33.5,0.66,-61.9,-49.0,28.3,35.0,-94.1,23.3,1.0,143.0,0
D003648,3.7,1186.0,1.51,26.0,0.41,-68.7,-51.9,28.1,58.0,-99.7,11.3,0.0,150.0,0
D003649,4.3,1231.0,1.19,32.5,0.45,-64.3,-50.1,24.7,47.0,-96.4,8.5,1.0,131.0,1
D003650,4.6,1250.0,1.12,30.5,0.49,-65.4,-48.9,23.7,46.0,-95.2,8.4,1.0,122.0,1
D003651,4.1,1094.0,1.31,24.5,0.46,-67.7,-48.3,28.6,46.0,-94.8,15.4,0.0,110.0,0
D003652,5.5,1165.0,0.97,29.5,0.47,-65.6,-48.8,23.0,46.0,-95.0,13.5,1.0,124.0,1
D003653,4.7,1219.0,1.13,26.5,0.51,-64.7,-50.5,24.7,44.0,-96.0,8.8,0.0,128.0,1
D003654,,1167.0,1.11,30.5,0.49,-64.7,-49.1,23.9,47.0,-97.1,8.2,1.0,128.0,1
D003655,5.0,1156.0,,30.0,0.49,-65.2,-50.7,24.1,49.0,-94.9,7.1,0.0,124.0,1
D003656,4.8,1184.0,1.11,32.5,0.53,-65.8,-49.0,25.4,43.0,-95.0,10.1,1.0,131.0,1
D003657,5.0,1194.0,1.09,27.5,0.44,-65.4,-49.6,24.9,45.0,-93.7,12.2,0.0,132.0,1
D003658,4.2,1172.0,1.08,31.5,0.48,-65.3,-49.7,25.4,48.0,-95.9,9.8,1.0,117.0,0
D003659,4.4,1165.0,1.1,30.5,0.47,-64.7,-49.7,23.0,43.0,-97.1,11.1,1.0,119.0,1
D003660,4.5,1102.0,1.2,34.5,0.45,-65.7,-49.1,23.0,44.0,-94.5,10.1,1.0,128.0,1
D003661,4.9,1205.0,1.06,31.5,0.5,-66.2,-50.0,26.3,46.0,-94.1,6.2,0.0,128.0,1
D003662,5.0,1216.0,1.2,30.5,0.46,-66.3,-50.7,23.5,50.0,-95.9,12.6,0.0,124.0,1
D003663,4.6,1211.0,1.06,27.0,0.43,-67.1,-50.0,24.5,42.0,-95.4,7.3,1.0,125.0,1
D003664,3.6,1137.0,1.21,39.5,0.65,-63.7,-50.2,27.4,33.0,-92.4,16.0,0.0,120.0,0
D003665,4.5,1182.0,1.05,28.0,0.51,-64.2,-50.6,24.7,46.0,-96.1,12.9,1.0,129.0,0
D003666,6.1,1375.0,1.5,39.5,0.34,-66.9,-51.1,20.7,39.0,,9.8,0.0,132.0,0
D003667,5.2,1135.0,1.0,28.0,0.47,-65.1,-51.1,24.7,49.0,-93.7,10.4,1.0,137.0,1
D003668,4.2,1165.0,1.03,,0.34,-67.0,-48.3,29.0,46.0,-94.8,7.9,0.0,108.0,0
D003669,5.2,,1.13,29.0,0.43,-61.1,-54.4,20.6,35.0,,8.3,1.0,137.0,1
D003670,4.7,1163.0,1.05,29.5,0.42,-64.3,-48.3,24.9,38.0,-96.3,8.5,0.0,133.0,1
D003671,,1175.0,1.36,24.0,,-63.8,-49.8,22.7,32.0,-94.6,12.0,0.0,114.0,0
D003672,3.0,1112.0,1.18,36.5,0.68,-62.2,-48.3,28.1,50.0,-91.7,7.1,0.0,143.0,0
D003673,,1119.0,1.39,38.0,0.58,-67.7,-52.4,23.3,54.0,-93.7,7.7,1.0,137.0,1
D003674,4.5,1211.0,1.2,28.5,0.48,-66.2,-49.5,25.1,43.0,-95.1,9.8,0.0,121.0,1
D003675,5.6,1250.0,1.19,32.5,0.44,-66.3,-50.8,23.0,45.0,-95.2,9.2,0.0,133.0,1
D003676,6.2,1078.0,1.11,39.5,0.33,-61.1,-49.4,21.8,40.0,-94.9,7.1,1.0,102.0,0
D003677,4.4,1226.0,1.14,27.5,0.51,-66.0,-50.9,25.4,47.0,-94.6,9.0,1.0,132.0,0
D003678,4.5,1196.0,1.21,29.5,0.38,-65.6,-51.4,25.5,43.0,-94.4,9.7,1.0,131.0,0
D003679,5.2,1216.0,1.15,30.0,0.53,-65.4,-50.8,24.3,44.0,-96.2,9.7,1.0,,0
D003680,4.6,1163.0,1.24,33.0,0.48,-65.7,-49.1,24.6,40.0,-95.8,8.5,1.0,129.0,1
D003681,4.7,1249.0,1.12,28.0,0.48,-65.7,-50.5,24.9,44.0,-95.0,9.9,0.0,132.0,1
D003682,5.7,1173.0,1.0,28.5,0.51,-66.1,-49.1,23.8,,-95.7,6.6,0.0,124.0,1
D003683,6.3,1349.0,1.22,31.5,0.37,-61.8,-49.7,23.9,36.0,-100.0,21.4,0.0,109.0,0
D003684,5.2,1253.0,1.0,22.0,0.52,-60.3,-50.3,28.7,56.0,-100.0,14.1,1.0,128.0,0
D003685,5.4,1138.0,1.28,37.0,0.62,-70.0,-53.6,23.5,52.0,-97.1,7.2,0.0,107.0,1
D003686,4.2,1223.0,1.1,28.0,0.45,-66.7,-48.9,22.8,47.0,-94.2,9.9,0.0,124.0,1
D003687,6.1,1153.0,1.01,21.0,0.37,-60.7,-48.4,28.0,34.0,-95.1,,0.0,129.0,0
D003688,5.1,1148.0,1.19,28.0,0.56,-64.8,,23.1,42.0,,11.4,1.0,136.0,1
D003689,4.6,1139.0,1.17,26.5,0.46,-64.0,-48.0,25.7,43.0,-95.0,5.8,0.0,118.0,0
D003690,4.4,1239.0,1.18,32.5,0.46,-64.5,-51.3,24.8,43.0,-96.1,9.9,,130.0,1
D003691,4.6,1087.0,0.96,27.5,0.46,-66.2,-52.1,23.3,39.0,-94.8,5.7,0.0,123.0,1
D003692,4.4,1152.0,1.07,29.5,0.4,-63.5,-48.9,,44.0,-96.7,8.4,1.0,133.0,1
D003693,4.1,1189.0,0.83,28.0,0.57,-62.5,-45.7,27.4,54.0,-97.9,19.0,0.0,132.0,0
D003694,4.8,1204.0,1.04,,0.45,-64.0,-50.6,24.6,39.0,-95.6,6.6,0.0,128.0,1
D003695,5.9,1340.0,0.88,28.5,0.64,-67.4,-50.4,28.1,45.0,-99.3,23.0,0.0,118.0,1
D003696,4.6,1199.0,1.09,30.0,0.53,-66.2,-50.0,24.9,43.0,-95.8,8.4,0.0,136.0,1
D003697,4.6,1102.0,1.2,26.0,0.4,-65.9,-50.5,23.3,43.0,-94.5,7.2,1.0,130.0,1
D003698,3.9,1118.0,1.49,23.5,0.37,-66.2,-52.9,20.7,54.0,-91.7,13.1,1.0,134.0,0
D003699,3.6,1123.0,1.15,30.5,0.46,-62.9,-54.3,28.2,,-91.8,6.2,1.0,140.0,0
D003700,5.0,1173.0,1.12,32.0,0.47,-66.1,-49.8,25.0,49.0,-95.2,7.4,0.0,129.0,1
D003701,6.6,1138.0,1.46,22.5,0.55,-66.2,-53.7,21.9,55.0,-94.9,18.3,0.0,126.0,0
D003702,5.7,1210.0,1.07,26.0,0.47,-64.1,-50.5,23.1,44.0,-97.1,13.1,1.0,129.0,1
D003703,4.8,1241.0,1.15,31.5,0.5,-66.7,-50.0,23.6,43.0,-95.3,5.3,1.0,133.0,1
D003704,4.2,1186.0,0.92,27.5,0.5,-64.0,-50.1,24.2,45.0,-95.6,10.6,1.0,128.0,0
D003705,5.9,1099.0,0.97,30.0,0.65,-68.2,-54.0,23.9,47.0,-91.5,15.1,0.0,124.0,1
D003706,4.6,1229.0,1.03,30.0,0.44,-64.6,-49.5,23.6,46.0,-95.6,9.8,1.0,128.0,0
D003707,4.5,1161.0,1.18,30.0,0.43,-65.1,-51.1,23.8,47.0,-95.4,13.4,1.0,137.0,1
D003708,3.9,1012.0,0.96,22.5,0.34,-63.1,-46.8,27.4,36.0,-93.5,1.6,1.0,122.0,0
D003709,5.0,1151.0,1.1,25.5,0.44,-65.2,,23.9,39.0,-95.5,8.4,1.0,123.0,1
D003710,5.9,1020.0,1.19,,0.49,-63.0,-45.6,28.9,43.0,-91.6,20.6,0.0,131.0,0
D003711,5.0,1188.0,1.05,30.0,0.5,-66.5,-50.3,23.1,42.0,-93.5,8.9,0.0,133.0,1
D003712,3.2,1346.0,0.84,40.0,0.63,-64.0,-54.3,26.0,33.0,-93.1,1.5,0.0,131.0,1
D003713,6.6,1307.0,1.57,24.5,0.56,-63.0,-47.7,24.6,51.0,-99.9,1.2,0.0,124.0,1
D003714,6.8,1130.0,1.24,35.5,0.58,-62.9,-45.4,27.9,33.0,-90.6,13.3,1.0,103.0,0
D003715,5.3,1200.0,1.27,29.5,0.45,-65.4,-49.1,23.3,46.0,-95.9,6.4,1.0,129.0,1
D003716,4.8,1178.0,1.19,30.0,0.42,-66.8,-48.2,23.4,39.0,-95.6,7.6,1.0,129.0,1
D003717,5.0,1013.0,0.8,22.0,0.53,-64.7,-51.2,20.5,51.0,-95.2,16.6,0.0,101.0,0
D003718,5.3,1244.0,1.05,28.0,0.55,-65.3,-49.9,22.4,40.0,-95.6,8.9,,135.0,1
D003719,5.3,1152.0,0.97,26.5,0.5,-65.7,,25.1,44.0,-95.4,4.1,1.0,129.0,1
D003720,4.4,1228.0,1.0,28.5,0.49,,-51.5,23.4,42.0,-93.6,12.8,0.0,125.0,1
D003721,4.3,1182.0,1.12,29.5,0.47,-67.3,-48.1,24.0,41.0,-95.2,11.9,1.0,125.0,0
D003722,5.8,1002.0,1.01,21.5,0.66,-62.7,-52.6,23.2,58.0,-94.4,,1.0,118.0,0
D003723,4.9,1258.0,1.0,28.5,0.52,-65.9,-50.5,23.9,45.0,-94.5,3.5,0.0,128.0,1
D003724,4.0,1227.0,1.21,24.0,0.67,-67.8,-54.6,29.9,37.0,-97.5,4.4,0.0,147.0,0
D003725,4.8,1186.0,1.1,31.5,0.42,-64.7,-49.5,25.6,48.0,-94.4,5.7,0.0,128.0,1
D003726,4.8,1085.0,1.42,36.0,0.31,-67.7,-51.9,22.0,53.0,-100.0,9.6,1.0,118.0,0
D003727,3.7,1341.0,1.5,26.5,0.43,-67.1,-48.3,28.7,38.0,-90.0,21.9,1.0,146.0,0
D003728,4.2,1158.0,1.21,29.5,0.48,,-50.6,23.4,41.0,-94.6,12.9,1.0,126.0,0
D003729,6.1,1129.0,1.1,22.5,0.33,-66.6,-45.2,20.4,36.0,-96.0,12.8,0.0,138.0,0
D003730,5.4,1252.0,1.18,26.0,0.46,-64.4,-50.7,25.1,39.0,-94.4,8.5,1.0,135.0,1
D003731,4.8,,1.0,28.0,0.44,-64.4,-48.4,23.6,41.0,-96.0,9.9,0.0,133.0,1
D003732,5.3,1199.0,0.95,29.0,0.5,-64.6,-49.0,22.4,48.0,-95.2,9.7,1.0,130.0,1
D003733,5.1,1148.0,1.13,28.0,0.44,-65.8,-47.8,23.9,43.0,-93.7,9.9,0.0,133.0,1
D003734,5.6,1228.0,0.99,28.0,0.36,-62.4,-49.9,21.5,31.0,-95.8,12.5,0.0,141.0,0
D003735,7.0,1180.0,1.42,22.5,0.65,-60.3,,24.8,37.0,-93.8,22.7,0.0,142.0,0
D003736,4.9,1176.0,1.23,29.0,0.5,-63.7,-48.6,25.1,40.0,-96.2,7.8,1.0,136.0,0
D003737,5.6,1155.0,1.01,34.0,0.51,-68.7,-48.9,24.3,58.0,-92.6,8.2,0.0,123.0,1
D003738,,1195.0,1.06,34.0,0.47,-66.3,-50.3,22.6,44.0,-93.7,0.3,1.0,127.0,1
D003739,6.3,1299.0,1.58,25.5,0.46,-68.9,-49.9,21.1,34.0,-99.6,8.3,1.0,111.0,1
D003740,5.2,1143.0,,29.5,0.45,-65.1,-49.6,23.9,48.0,-95.6,5.6,1.0,126.0,1
D003741,5.0,1213.0,1.18,30.5,0.5,-64.4,-49.7,24.3,47.0,-95.3,8.2,0.0,124.0,1
D003742,5.5,1349.0,0.87,31.0,0.63,-65.4,-53.8,29.7,53.0,-94.3,22.4,0.0,102.0,0
D003743,4.5,1209.0,1.06,27.5,0.49,-65.1,-50.9,23.6,45.0,-97.5,9.8,0.0,121.0,1
D003744,5.3,1000.0,1.41,24.0,0.38,-67.6,-53.6,25.1,59.0,-94.3,12.6,0.0,124.0,0
D003745,3.5,1059.0,1.21,26.0,0.65,-60.6,-52.5,24.4,46.0,-99.5,8.8,1.0,,0
D003746,5.0,1221.0,1.18,35.0,0.44,-61.1,-50.0,21.4,47.0,-91.7,,1.0,136.0,0
D003747,5.5,1198.0,1.14,29.0,0.44,-66.4,-50.1,23.2,44.0,-95.2,8.0,1.0,128.0,1
D003748,4.9,1166.0,1.06,30.0,0.51,-65.5,-50.0,23.3,40.0,-95.5,8.1,1.0,135.0,1
D003749,5.2,1239.0,1.03,30.0,0.48,-65.9,-51.1,22.7,45.0,-96.9,10.9,0.0,126.0,1
D003750,4.6,1160.0,0.97,28.0,0.51,-65.8,-50.1,22.8,34.0,-95.9,3.7,0.0,131.0,1
D003751,4.3,1018.0,1.04,28.5,0.47,-66.0,-50.6,24.9,44.0,-94.9,10.0,0.0,125.0,1
D003752,4.9,1379.0,1.16,,0.7,-69.6,-54.8,24.0,38.0,-100.0,19.9,1.0,119.0,0
D003753,4.8,1183.0,,27.5,0.49,-64.7,-50.5,24.1,47.0,-96.4,9.0,0.0,124.0,1
D003754,4.4,1023.0,1.06,21.5,0.43,-61.9,-54.0,28.9,33.0,-91.8,18.1,0.0,,0
D003755,4.4,1116.0,1.12,30.5,0.49,-65.5,-50.4,23.1,47.0,-95.6,8.9,1.0,122.0,0
D003756,5.2,1167.0,1.1,26.5,0.49,-65.6,-51.1,24.0,45.0,-95.9,7.5,0.0,131.0,1
D003757,4.5,1218.0,1.06,29.5,0.5,-65.2,-50.1,23.8,37.0,-94.4,13.0,1.0,123.0,1
D003758,4.8,1161.0,0.86,26.0,0.68,-60.5,-51.7,28.6,51.0,-96.0,1.5,1.0,102.0,0
D003759,4.8,1228.0,1.19,28.0,0.49,-65.4,-49.7,23.4,45.0,-95.8,9.5,1.0,140.0,1
D003760,5.2,1157.0,1.04,31.5,0.47,-65.8,-52.2,23.3,41.0,-95.3,12.6,1.0,131.0,1
D003761,4.7,1201.0,1.17,24.5,0.55,-64.2,-50.3,25.7,41.0,-94.4,5.9,1.0,131.0,1
D003762,5.5,1221.0,1.02,27.5,0.43,-65.3,-48.8,24.2,43.0,-95.8,8.9,0.0,126.0,1
D003763,5.2,1252.0,1.07,28.5,0.57,-65.6,-51.1,22.6,42.0,-95.8,7.5,0.0,124.0,1
D003764,4.4,1153.0,1.15,30.5,0.51,-65.7,-49.2,23.9,43.0,-96.4,9.1,1.0,128.0,1
D003765,7.0,1330.0,1.58,21.0,0.57,-67.4,-53.9,24.8,43.0,-91.1,11.9,0.0,101.0,1
D003766,3.0,1176.0,1.02,32.5,0.67,-64.8,-48.4,23.4,35.0,-94.0,18.0,1.0,124.0,0
D003767,5.5,1127.0,1.04,32.0,0.51,-66.7,-49.2,25.3,50.0,-96.2,10.4,1.0,130.0,1
D003768,5.0,1239.0,1.2,30.5,0.45,-66.3,-49.8,23.3,43.0,-96.2,11.3,1.0,128.0,1
D003769,4.4,1035.0,1.03,32.0,0.38,-69.4,-46.7,24.6,49.0,-97.0,3.4,0.0,116.0,1
D003770,4.5,1134.0,1.2,27.5,0.55,,-48.6,25.4,49.0,-97.2,8.9,0.0,132.0,1
D003771,4.8,1270.0,1.35,29.0,0.37,-60.8,-52.6,24.4,43.0,-95.6,,1.0,119.0,0
D003772,5.2,1128.0,1.05,26.0,0.46,-68.0,-49.8,22.0,48.0,-96.2,8.0,1.0,133.0,1
D003773,6.3,1105.0,0.95,38.0,0.54,-60.7,-52.5,20.9,31.0,-95.3,9.1,0.0,145.0,1
D003774,4.5,1177.0,1.08,28.0,0.51,-65.4,-50.6,25.1,44.0,-94.4,11.4,0.0,128.0,1
D003775,4.9,1212.0,0.98,26.0,0.52,-64.9,-48.3,24.3,44.0,-96.0,10.8,1.0,132.0,0
D003776,5.6,1152.0,1.2,30.0,0.47,-66.5,-47.3,24.0,43.0,-95.1,9.5,0.0,137.0,1
D003777,4.7,1234.0,1.01,29.5,0.54,-65.8,-49.6,23.0,46.0,-94.4,5.2,0.0,126.0,1
D003778,4.5,1235.0,1.46,24.5,0.58,-64.3,-54.1,29.8,44.0,-96.0,4.3,0.0,138.0,0
D003779,5.6,1133.0,1.25,32.5,0.51,-65.9,-49.2,24.5,47.0,-94.1,11.9,0.0,128.0,1
D003780,4.9,1147.0,1.12,30.5,0.45,-65.2,-50.9,21.8,41.0,-92.6,12.4,0.0,129.0,1
D003781,5.0,1202.0,1.0,29.5,0.48,-65.8,-51.7,24.1,,-94.0,9.4,0.0,134.0,1
D003782,4.8,1177.0,1.13,29.0,0.5,-65.3,-50.4,25.1,43.0,-95.7,13.3,1.0,119.0,0
D003783,5.4,1170.0,1.14,29.0,0.51,-64.4,-49.9,24.6,43.0,-96.3,5.4,1.0,127.0,1
D003784,,1102.0,0.89,39.0,0.54,-63.2,-49.7,20.0,32.0,-97.3,19.1,1.0,129.0,0
D003785,4.2,1132.0,1.12,26.5,0.51,-66.3,-49.5,23.2,43.0,-95.3,9.7,0.0,130.0,1
D003786,4.6,1155.0,1.23,26.5,0.49,-63.5,-49.3,23.3,45.0,-95.8,7.1,0.0,120.0,0
D003787,5.0,1198.0,1.18,30.0,0.5,-66.7,-49.0,23.9,40.0,-96.4,8.7,1.0,136.0,1
D003788,5.3,1226.0,1.13,37.5,0.46,-67.3,-49.4,23.8,43.0,-96.0,7.3,0.0,138.0,1
D003789,4.9,1196.0,1.11,30.0,0.46,-67.5,-51.9,23.5,45.0,-95.5,6.7,1.0,121.0,1
D003790,4.4,1134.0,1.16,27.5,0.55,-66.8,-50.7,22.7,41.0,-94.2,10.9,1.0,139.0,0
D003791,5.3,1224.0,1.0,31.0,0.53,-63.4,-49.6,24.1,44.0,-94.9,10.4,1.0,,1
D003792,5.6,1034.0,1.18,35.0,0.65,-66.7,-46.2,27.3,54.0,-91.6,1.0,0.0,103.0,0
D003793,4.3,1158.0,1.16,29.5,0.37,-65.7,-48.8,25.3,,-95.7,9.4,0.0,126.0,0
D003794,5.0,1240.0,1.08,26.5,0.5,-65.3,-50.4,23.6,44.0,-96.8,12.6,0.0,129.0,1
D003795,6.0,1097.0,1.29,32.0,0.37,-69.1,-46.6,24.2,60.0,-96.8,10.0,1.0,143.0,1
D003796,5.4,1220.0,1.06,32.5,0.47,-66.1,-50.3,23.7,51.0,-95.9,10.8,1.0,128.0,1
D003797,4.6,1143.0,1.13,32.0,0.49,-62.9,-49.7,24.9,40.0,-94.0,9.1,0.0,129.0,0
D003798,5.2,1170.0,1.12,27.0,0.55,-65.5,-50.5,24.6,40.0,-94.6,7.4,1.0,128.0,1
D003799,4.7,1172.0,1.16,30.0,0.46,-66.8,-49.3,25.9,47.0,-95.7,7.7,1.0,129.0,1
D003800,3.0,1185.0,0.9,39.0,0.49,-69.4,-46.5,21.6,32.0,-95.8,13.8,1.0,137.0,1
D003801,4.6,1204.0,1.07,31.0,0.45,-65.2,-49.5,24.3,40.0,-94.2,,1.0,127.0,0
D003802,4.2,1185.0,1.29,28.0,0.47,-68.2,-51.3,25.4,39.0,-96.8,4.5,1.0,135.0,1
D003803,5.4,1117.0,1.24,35.0,0.6,-62.3,-48.4,25.2,50.0,-90.6,,0.0,109.0,1
D003804,5.1,1205.0,1.17,,0.49,-65.9,-49.7,23.1,44.0,-94.9,8.1,1.0,124.0,1
D003805,4.6,1157.0,1.1,27.5,0.47,-64.8,-50.4,24.3,42.0,-94.8,12.2,0.0,130.0,0
D003806,4.7,1350.0,1.15,24.5,0.57,-60.6,-53.7,26.3,32.0,-97.0,9.5,0.0,142.0,0
D003807,4.3,1189.0,1.16,31.5,0.48,-65.6,-50.1,24.1,46.0,-95.8,10.4,0.0,135.0,1
D003808,4.8,1146.0,0.85,31.5,0.57,-66.5,-45.2,28.9,47.0,-94.9,,1.0,133.0,0
D003809,4.7,1171.0,1.13,33.0,0.5,-66.3,-49.7,24.6,50.0,-93.2,7.5,0.0,133.0,1
D003810,5.8,1292.0,1.53,37.0,0.7,-62.5,-54.1,25.6,54.0,-98.3,19.1,0.0,129.0,0
D003811,4.3,1149.0,1.18,27.0,0.54,-66.5,-51.5,23.4,43.0,-95.4,6.7,1.0,130.0,0
D003812,3.7,1039.0,1.21,33.0,0.61,-62.7,-54.0,28.1,55.0,-98.0,,1.0,125.0,0
D003813,4.3,1138.0,1.18,28.5,0.45,-67.5,-50.0,22.2,41.0,-93.8,8.7,0.0,130.0,1
D003814,3.5,1258.0,0.97,21.0,0.4,-65.3,-52.7,26.5,42.0,-95.0,1.4,0.0,105.0,0
D003815,4.2,1153.0,1.05,25.5,0.56,-65.8,-50.2,25.2,37.0,-95.4,5.0,1.0,126.0,0
D003816,4.6,1242.0,1.34,26.5,0.63,-61.1,-45.2,26.1,44.0,-90.6,6.7,0.0,121.0,0
D003817,5.0,1239.0,1.13,29.0,0.57,-65.6,-48.3,25.4,42.0,-94.6,7.9,1.0,131.0,0
D003818,4.5,1172.0,1.22,28.0,0.46,-65.7,-49.2,21.5,45.0,-95.7,7.4,1.0,135.0,1
D003819,4.8,1148.0,1.11,31.5,0.48,-66.2,-52.0,23.4,44.0,-94.2,7.7,0.0,137.0,1
D003820,3.8,1278.0,1.25,32.5,0.37,-67.0,-46.4,28.9,36.0,-91.8,9.6,1.0,125.0,0
D003821,5.0,1088.0,1.26,27.5,0.49,-65.9,-47.9,24.9,47.0,-94.5,9.7,0.0,118.0,0
D003822,6.1,1243.0,0.89,33.0,0.4,-64.4,-49.1,23.1,44.0,-94.9,10.1,1.0,129.0,1
D003823,6.8,1133.0,0.87,27.0,0.65,-69.1,-51.3,24.9,50.0,-96.5,15.1,1.0,123.0,1
D003824,4.5,1121.0,1.28,29.0,0.46,-63.1,-48.8,24.5,41.0,-95.6,7.9,0.0,121.0,0
D003825,5.0,1193.0,1.08,32.0,0.45,-66.4,-49.0,25.2,35.0,-96.3,8.7,1.0,132.0,1
D003826,4.8,1156.0,1.05,25.5,0.46,-66.6,-49.4,23.8,43.0,-96.3,9.9,0.0,132.0,1
D003827,4.4,1133.0,1.02,28.5,0.48,-65.8,-50.3,22.6,45.0,-98.2,10.3,0.0,122.0,1
D003828,4.0,1167.0,0.99,30.0,0.57,-66.4,-49.7,24.2,40.0,-95.4,6.5,1.0,129.0,1
D003829,4.7,1321.0,1.16,38.0,0.39,-64.6,-51.5,26.8,31.0,-95.4,19.2,0.0,125.0,1
D003830,5.8,1040.0,1.16,23.5,0.69,-64.5,-46.1,27.2,54.0,-90.1,23.7,1.0,111.0,0
D003831,4.6,1234.0,1.37,25.0,0.65,-65.8,-48.9,21.9,46.0,-98.0,8.5,1.0,122.0,0
D003832,4.6,1146.0,1.09,31.5,0.51,-64.6,-51.6,22.9,42.0,-95.0,9.6,1.0,128.0,1
D003833,5.3,1160.0,1.12,31.0,0.5,-64.4,-49.0,23.5,,-95.2,10.3,0.0,122.0,1
D003834,6.5,1193.0,0.86,37.5,0.69,-60.4,-51.1,27.7,53.0,-98.7,6.6,0.0,105.0,0
D003835,4.8,1228.0,1.14,27.5,0.51,-67.0,-50.6,23.9,45.0,-96.7,6.7,1.0,124.0,1
D003836,3.9,1299.0,1.42,29.5,0.66,-66.4,-51.8,27.4,48.0,-94.7,6.6,0.0,136.0,0
D003837,3.3,1133.0,1.14,34.5,0.44,-67.0,-47.5,27.1,42.0,-92.1,6.7,1.0,110.0,0
D003838,4.2,1238.0,1.09,30.0,0.49,-65.0,-49.5,22.8,46.0,-96.0,6.8,0.0,128.0,1
D003839,4.2,1169.0,1.16,28.0,0.53,-65.5,-49.3,23.9,45.0,-94.5,11.3,0.0,129.0,0
D003840,4.4,1287.0,0.89,38.0,0.47,-66.6,-46.4,20.8,56.0,-91.6,12.7,1.0,132.0,0
D003841,4.9,1198.0,0.99,29.0,0.5,-66.6,-50.0,24.7,40.0,-96.2,9.2,1.0,131.0,1
D003842,5.1,1179.0,1.18,30.5,0.49,-65.4,-49.2,22.8,48.0,,9.7,0.0,127.0,1
D003843,5.3,1157.0,1.0,32.5,0.46,-61.1,-52.7,26.9,53.0,-97.6,9.5,0.0,149.0,1
D003844,5.3,1156.0,0.94,26.5,0.43,-65.5,-48.5,23.8,41.0,-95.4,9.2,1.0,131.0,1
D003845,4.7,1183.0,1.09,32.5,0.44,-67.7,-50.3,25.4,49.0,-95.2,9.8,1.0,126.0,1
D003846,4.2,1142.0,1.02,32.0,0.49,-65.5,-50.0,22.8,50.0,-95.8,6.6,0.0,121.0,1
D003847,5.6,1035.0,1.24,36.0,0.44,-67.4,-45.2,28.7,33.0,-90.2,10.5,0.0,103.0,0
D003848,6.8,1137.0,1.42,29.5,0.44,-61.8,-54.1,23.4,32.0,,16.8,0.0,129.0,1
D003849,5.3,1202.0,,38.0,0.68,-68.9,-54.8,22.4,60.0,-93.5,23.3,1.0,124.0,1
D003850,4.7,1168.0,1.05,31.0,,-65.7,-51.2,23.8,40.0,-96.5,8.6,1.0,132.0,0
D003851,3.8,1195.0,1.07,28.0,0.51,-64.6,-51.3,23.2,41.0,-94.6,12.0,1.0,130.0,1
D003852,6.0,1096.0,1.55,31.0,0.56,-64.5,-50.1,28.1,38.0,-92.2,9.7,1.0,130.0,0
D003853,4.1,1175.0,0.94,27.5,0.47,-65.2,-50.1,25.5,39.0,-98.1,7.6,0.0,125.0,1
D003854,4.1,1136.0,1.1,29.5,0.49,-64.7,-50.7,22.7,43.0,-97.1,6.9,1.0,125.0,0
D003855,5.3,1130.0,1.06,29.0,0.41,-65.0,-48.8,25.0,44.0,-96.7,7.0,0.0,137.0,1
D003856,4.2,1275.0,1.03,27.5,0.51,-66.3,-48.0,22.3,43.0,-97.1,8.8,0.0,123.0,1
D003857,5.5,1205.0,,34.0,0.5,-64.5,-50.9,25.1,40.0,-96.6,11.6,0.0,126.0,1
D003858,4.8,1181.0,1.13,27.0,0.46,-66.8,-50.3,24.5,34.0,,10.0,1.0,127.0,1
D003859,5.0,1160.0,1.14,32.0,0.52,-65.3,-51.1,23.4,41.0,-93.6,6.3,1.0,125.0,0
D003860,4.7,1204.0,1.26,30.5,0.5,-64.5,-51.4,24.5,,-95.0,7.3,0.0,127.0,1
D003861,5.4,1142.0,1.27,30.5,0.64,-63.4,-46.5,21.3,55.0,-92.9,21.4,1.0,104.0,0
D003862,3.8,1139.0,1.12,29.0,0.53,-65.3,-49.8,25.1,40.0,-97.6,7.1,,126.0,1
D003863,5.1,1188.0,1.1,29.5,0.45,-64.7,-50.2,24.2,50.0,-93.7,7.0,1.0,127.0,1
D003864,3.9,1169.0,0.99,27.0,0.49,-64.6,-48.8,22.6,47.0,-97.1,5.9,1.0,115.0,1
D003865,4.8,1128.0,1.04,27.0,0.53,-65.8,-50.2,23.8,44.0,-98.1,8.6,1.0,124.0,0
D003866,5.2,1180.0,1.2,28.0,0.49,-65.9,-50.2,22.6,45.0,-94.0,13.3,0.0,129.0,1
D003867,,1311.0,1.52,39.0,0.45,-69.9,-51.7,27.6,39.0,-97.9,10.3,0.0,112.0,1
D003868,4.6,1138.0,1.06,28.5,0.48,-66.2,-49.9,24.6,44.0,-94.2,8.3,0.0,128.0,1
D003869,4.9,1163.0,1.06,28.5,0.56,-65.6,-49.5,24.0,48.0,-95.3,9.7,1.0,132.0,0
D003870,4.6,1114.0,,27.0,0.45,-65.4,-53.2,25.2,44.0,-95.8,10.3,1.0,125.0,1
D003871,5.1,1087.0,1.46,31.5,0.67,-61.4,-48.4,,30.0,-97.5,2.6,1.0,138.0,0
D003872,5.1,1079.0,1.13,28.5,0.52,-67.5,-49.0,25.3,42.0,-94.7,11.8,0.0,127.0,1
D003873,4.8,1204.0,1.17,29.0,0.49,-64.0,-51.5,25.2,44.0,-94.8,12.3,0.0,135.0,1
D003874,5.0,1226.0,1.06,25.5,0.43,-64.3,-48.4,23.9,47.0,-97.3,13.6,0.0,131.0,1
D003875,4.7,1199.0,1.11,28.5,0.42,-64.5,-49.3,23.4,44.0,-94.6,9.7,0.0,131.0,1
D003876,5.4,1164.0,1.17,30.5,0.56,-67.5,-50.1,23.8,40.0,-95.3,12.0,0.0,128.0,1
D003877,4.5,1273.0,1.57,23.0,0.58,-68.5,-54.1,21.5,57.0,-96.3,17.5,0.0,147.0,1
D003878,4.5,1106.0,0.95,28.5,0.58,-66.8,-48.4,24.2,41.0,-96.9,8.3,1.0,133.0,1
D003879,5.6,1181.0,0.89,38.5,0.36,-63.0,-50.0,25.4,42.0,-95.3,7.5,1.0,119.0,1
D003880,5.0,1175.0,1.11,27.5,0.52,-64.7,-49.6,23.2,45.0,-94.9,11.1,0.0,128.0,1
D003881,4.8,1056.0,1.08,31.0,0.7,-68.4,-52.1,23.7,57.0,-97.8,21.2,1.0,133.0,0
D003882,7.0,1231.0,1.01,25.0,0.69,-67.6,-46.9,28.5,39.0,-92.7,2.4,0.0,108.0,0
D003883,5.3,1384.0,1.21,25.0,0.33,-63.0,-51.8,23.5,42.0,-95.9,1.5,1.0,133.0,0
D003884,4.1,1182.0,1.14,28.5,0.5,-66.8,-49.9,24.7,43.0,-94.3,13.6,0.0,128.0,1
D003885,4.7,1199.0,1.17,30.0,0.55,-64.7,-48.8,,46.0,-97.4,7.3,1.0,122.0,0
D003886,5.4,1149.0,1.17,32.5,0.56,-65.3,-50.1,24.2,47.0,-95.9,7.4,0.0,,1
D003887,4.5,1053.0,1.12,23.0,0.66,-61.5,-54.6,21.7,36.0,-98.5,9.3,0.0,139.0,0
D003888,7.0,1146.0,1.33,35.0,0.36,-63.7,-52.0,20.9,38.0,-93.8,21.4,1.0,140.0,0
D003889,5.6,1074.0,1.49,33.0,0.5,-67.2,-50.2,22.4,46.0,-90.2,23.6,1.0,141.0,1
D003890,4.7,1237.0,1.02,28.5,0.45,-65.7,-51.0,23.2,41.0,-95.6,5.2,0.0,129.0,1
D003891,4.5,1231.0,1.04,26.5,0.55,-66.0,-49.7,24.4,43.0,,8.5,1.0,133.0,0
D003892,4.7,1120.0,1.16,28.0,0.53,-66.2,-49.7,25.4,47.0,-96.3,7.8,0.0,135.0,1
D003893,5.0,1170.0,1.13,26.5,0.48,-66.8,-48.8,24.6,47.0,-95.7,11.8,1.0,130.0,0
D003894,4.1,1340.0,1.12,33.5,0.58,-64.0,-49.4,25.9,38.0,-94.0,16.4,1.0,148.0,0
D003895,6.2,1361.0,1.18,24.5,0.39,-62.8,-48.7,29.9,46.0,,5.2,0.0,126.0,0
D003896,4.7,1246.0,1.04,27.5,0.45,-66.2,-51.3,23.8,41.0,-96.8,8.7,1.0,124.0,1
D003897,4.3,1221.0,1.06,28.0,0.35,-65.5,-50.4,25.3,50.0,-94.8,8.7,1.0,123.0,0
D003898,5.3,1181.0,1.24,28.0,0.55,-63.7,-50.5,25.0,44.0,-96.4,12.3,0.0,129.0,0
D003899,,1204.0,0.93,33.0,0.58,-69.2,-49.7,27.2,41.0,-92.3,2.8,1.0,120.0,1
D003900,4.3,1061.0,1.45,30.5,0.46,-66.1,,21.6,38.0,-91.3,23.2,1.0,138.0,0
D003901,5.7,1166.0,1.07,29.5,0.53,-65.7,-49.1,23.9,43.0,-94.3,9.7,1.0,127.0,1
D003902,4.8,1195.0,0.93,30.0,0.51,-64.9,-51.7,25.4,47.0,-94.5,4.4,0.0,127.0,1
D003903,6.2,1062.0,0.93,25.5,0.64,-66.6,-47.5,23.4,46.0,-99.4,2.0,0.0,148.0,1
D003904,6.3,1154.0,1.45,32.5,0.36,-68.6,-47.3,26.2,56.0,-99.3,12.9,0.0,105.0,0
D003905,4.6,1137.0,0.93,28.5,0.53,-65.3,-48.9,23.8,44.0,-93.5,5.4,,128.0,1
D003906,4.6,1156.0,1.22,25.0,0.51,-64.7,-50.9,23.2,46.0,-94.3,8.9,0.0,133.0,1
D003907,5.3,1164.0,1.04,31.5,0.56,-63.5,-50.0,22.4,43.0,-96.4,9.0,0.0,127.0,1
D003908,5.0,1151.0,1.01,34.0,0.47,-66.6,-50.9,26.0,47.0,-95.5,8.8,1.0,126.0,1
D003909,5.7,1144.0,1.17,30.0,0.41,-64.3,-48.9,24.2,46.0,-95.7,12.5,1.0,123.0,0
D003910,5.1,1319.0,1.11,33.0,0.38,-62.6,-54.5,21.5,49.0,-92.4,0.3,1.0,110.0,1
D003911,5.2,1207.0,1.07,25.5,0.52,-66.6,-52.0,22.7,44.0,-97.1,9.9,1.0,129.0,1
D003912,6.0,1170.0,1.51,30.5,0.57,-70.0,-47.3,24.2,37.0,-96.2,3.3,0.0,147.0,1
D003913,5.8,1184.0,1.39,34.0,0.42,-65.6,-50.4,21.7,37.0,-92.4,7.4,0.0,100.0,1
D003914,4.5,1168.0,1.04,27.0,0.4,-66.0,-50.3,24.2,43.0,-93.5,9.0,0.0,128.0,1
D003915,4.9,1220.0,1.14,30.5,0.5,-65.5,-48.1,24.8,46.0,-95.3,13.0,1.0,126.0,1
D003916,5.8,1317.0,1.16,23.0,0.3,-67.5,-50.4,27.5,55.0,-94.5,12.8,0.0,102.0,0
D003917,6.1,1389.0,0.95,30.0,0.67,-61.0,-49.2,28.3,34.0,-91.5,0.7,0.0,148.0,1
D003918,4.9,1235.0,1.17,29.5,0.47,-65.0,-49.1,23.8,42.0,-95.1,8.4,0.0,133.0,1
D003919,4.7,1128.0,1.05,29.0,0.51,-66.3,-49.0,,43.0,-95.2,8.4,1.0,126.0,1
D003920,3.6,1191.0,1.22,32.5,0.49,-65.7,-48.6,24.8,43.0,-95.1,10.4,1.0,116.0,0
D003921,4.9,1202.0,1.05,31.0,0.43,-66.8,-49.7,23.5,35.0,-94.9,6.7,1.0,127.0,1
D003922,3.6,1075.0,1.31,34.0,0.47,-62.3,-50.8,20.3,31.0,-91.9,5.5,1.0,134.0,0
D003923,5.2,1311.0,0.93,37.0,0.37,-69.6,-50.8,26.7,46.0,-94.7,18.6,1.0,132.0,0
D003924,4.7,1154.0,1.12,28.5,0.45,-66.1,-50.6,25.0,41.0,-95.4,6.7,1.0,132.0,1
D003925,4.4,1226.0,1.27,24.0,0.59,-60.8,-50.9,25.5,54.0,-91.9,13.4,0.0,133.0,0
D003926,4.5,1149.0,1.15,29.0,0.43,-65.8,-50.0,24.1,47.0,,11.6,1.0,125.0,1
D003927,4.2,1115.0,1.19,27.0,0.45,-64.9,-49.1,23.1,45.0,-97.3,12.2,0.0,128.0,0
D003928,4.7,1201.0,1.05,30.5,0.52,-64.9,-50.2,21.7,40.0,-95.4,12.3,1.0,134.0,0
D003929,5.4,1173.0,0.97,27.0,0.51,-66.9,-49.8,22.0,48.0,-95.3,6.8,0.0,133.0,1
D003930,5.0,1180.0,1.06,29.0,0.43,-65.9,-50.5,25.4,42.0,-96.4,10.9,0.0,117.0,0
D003931,4.8,1182.0,1.18,26.0,0.44,-65.8,-49.5,23.8,43.0,-95.9,10.6,1.0,136.0,1
D003932,4.6,1191.0,1.14,29.5,0.48,-66.9,-51.2,24.2,48.0,-94.1,9.8,1.0,124.0,1
D003933,4.9,1208.0,1.16,34.0,0.47,-65.5,-49.5,23.8,42.0,-95.2,9.8,1.0,132.0,1
D003934,4.2,1170.0,1.1,29.0,0.5,-63.9,,22.3,48.0,-95.2,10.7,1.0,133.0,1
D003935,5.1,1183.0,1.13,30.0,0.47,-65.9,-50.8,24.4,44.0,-96.9,7.5,1.0,133.0,1
D003936,5.5,1058.0,0.99,28.0,0.33,-60.2,-55.0,27.3,53.0,-98.4,23.1,0.0,135.0,0
D003937,6.5,1026.0,0.92,35.0,0.4,-66.5,-46.5,21.0,53.0,-97.5,21.6,0.0,142.0,1
D003938,4.6,1182.0,1.04,26.0,0.48,-65.5,-49.9,23.9,45.0,-95.5,9.9,0.0,129.0,0
D003939,4.8,1217.0,1.12,29.0,0.53,-64.9,-48.4,23.4,44.0,-94.9,8.4,0.0,126.0,1
D003940,4.5,1252.0,,28.5,,-65.1,-51.2,22.6,49.0,-95.2,,1.0,134.0,0
D003941,4.3,1240.0,1.18,29.0,0.47,-64.4,-50.9,26.1,43.0,-95.5,11.3,0.0,128.0,1
D003942,3.7,1338.0,1.49,25.5,0.58,-66.6,-50.3,23.1,44.0,-97.5,21.7,0.0,108.0,0
D003943,5.2,1098.0,1.14,28.5,0.44,-66.8,-49.4,23.2,42.0,-95.6,12.5,1.0,128.0,1
D003944,5.0,1220.0,1.03,29.0,0.5,-65.4,-49.2,25.1,35.0,-94.7,7.5,1.0,123.0,1
D003945,4.5,1178.0,1.04,26.5,0.58,-66.2,-51.1,23.6,41.0,-97.7,7.9,0.0,123.0,1
D003946,4.7,,1.17,27.5,0.43,-66.1,-48.9,24.9,41.0,-94.9,13.7,1.0,124.0,1
D003947,5.0,1236.0,1.0,30.0,0.49,-65.4,-51.2,23.9,42.0,-97.1,10.1,1.0,126.0,1
D003948,3.6,1117.0,1.23,20.5,0.31,-61.0,-45.5,29.6,39.0,-96.4,21.7,0.0,113.0,0
D003949,4.9,1156.0,0.96,28.5,0.46,-64.5,-48.6,23.1,45.0,-95.2,6.8,0.0,125.0,1
D003950,5.2,1179.0,1.0,32.5,0.41,-65.7,-49.2,24.5,45.0,-95.6,11.5,1.0,125.0,1
D003951,4.5,1210.0,1.0,29.0,0.51,-66.0,-51.7,23.8,47.0,,8.4,1.0,125.0,1
D003952,5.3,1211.0,1.15,30.5,0.48,-65.5,-48.8,24.0,45.0,-94.1,9.9,1.0,124.0,0
D003953,4.8,1249.0,1.15,27.0,0.52,-64.9,-50.6,23.3,45.0,-95.7,9.3,1.0,126.0,1
D003954,5.0,1148.0,1.19,29.5,0.5,-65.5,-49.7,22.8,43.0,-95.8,10.8,1.0,131.0,1
D003955,5.6,1181.0,1.0,27.0,0.49,-65.0,,,41.0,-94.3,8.2,0.0,129.0,1
D003956,4.7,1081.0,1.26,30.5,0.63,-62.2,-46.7,23.3,56.0,-94.4,9.0,0.0,130.0,0
D003957,6.1,1182.0,1.19,34.0,0.33,-61.6,-48.8,24.3,46.0,-91.9,3.1,1.0,135.0,1
D003958,3.2,1136.0,0.82,24.0,0.6,-67.1,,23.0,59.0,-98.9,13.4,0.0,137.0,1
D003959,4.2,1381.0,1.31,23.0,0.52,-63.3,-50.7,21.7,37.0,-90.2,16.9,0.0,120.0,0
D003960,4.2,1147.0,1.22,25.5,0.42,-64.7,-50.0,24.2,38.0,-95.8,7.1,1.0,130.0,0
D003961,5.4,1250.0,1.54,21.0,0.38,-69.5,-45.3,22.3,54.0,-99.5,16.0,0.0,106.0,0
D003962,4.3,1318.0,0.99,36.5,0.46,-66.0,-54.2,24.8,50.0,-95.9,14.0,1.0,102.0,1
D003963,5.9,1074.0,1.17,32.0,0.65,-63.2,-51.3,26.4,56.0,-94.4,2.6,1.0,,1
D003964,,1130.0,0.83,25.5,0.44,-66.4,-53.6,28.3,39.0,-94.4,13.7,0.0,105.0,1
D003965,4.5,1209.0,1.11,28.0,0.56,-66.3,-51.0,24.2,46.0,-95.3,10.3,1.0,130.0,0
D003966,4.6,1191.0,1.06,29.0,0.45,-64.5,-49.4,24.6,43.0,-95.8,12.2,1.0,125.0,0
D003967,4.3,1181.0,1.06,26.0,0.47,-66.2,-48.8,22.7,42.0,-95.2,9.4,0.0,120.0,1
D003968,4.7,1161.0,1.18,30.5,0.58,-65.2,-52.5,24.6,42.0,-96.2,10.4,0.0,132.0,1
D003969,5.0,1192.0,1.18,29.5,0.55,-66.2,-51.2,24.7,45.0,-95.4,,0.0,124.0,1
D003970,4.2,1222.0,1.1,30.0,0.52,-66.4,-48.3,25.0,42.0,-95.6,12.0,0.0,131.0,1
D003971,4.5,1121.0,1.15,29.0,0.4,-65.1,-48.9,23.6,42.0,-95.7,8.2,1.0,133.0,1
D003972,5.9,1116.0,1.15,33.0,0.43,-62.2,-50.0,21.5,45.0,-95.3,8.2,1.0,133.0,1
D003973,5.0,1187.0,1.22,28.0,0.54,-65.7,-46.1,23.6,47.0,-98.6,1.5,0.0,131.0,1
D003974,3.4,1318.0,1.06,21.5,0.4,,-51.8,24.8,55.0,-98.9,16.2,0.0,109.0,0
D003975,4.6,1360.0,1.53,,0.57,-67.7,-51.1,28.0,45.0,-91.5,19.5,0.0,107.0,0
D003976,4.4,1172.0,1.18,28.0,0.49,-66.5,-48.7,25.4,46.0,-95.4,8.2,1.0,127.0,1
D003977,4.4,1152.0,1.26,32.0,0.52,-66.2,-49.0,23.3,49.0,-95.4,8.9,1.0,125.0,1
D003978,4.7,1181.0,1.24,27.0,0.52,-67.3,-49.7,23.2,50.0,-96.2,7.8,1.0,124.0,1
D003979,4.8,1175.0,1.09,28.5,0.49,-66.3,-50.4,24.8,45.0,-95.2,9.7,0.0,126.0,1
D003980,6.9,1035.0,0.97,21.0,0.62,-67.5,-46.1,28.4,47.0,-93.0,9.3,0.0,118.0,0
D003981,4.5,1188.0,1.08,25.5,0.51,-65.3,-49.3,,46.0,-94.1,10.7,0.0,125.0,1
D003982,5.3,1237.0,1.18,27.5,0.53,-65.4,-50.6,24.6,44.0,-95.7,12.0,0.0,126.0,0
D003983,4.9,1156.0,1.0,28.5,0.48,-66.3,-49.1,23.4,43.0,-96.2,4.3,1.0,127.0,1
D003984,3.9,1371.0,0.92,32.5,0.67,-61.8,-50.1,24.2,58.0,-90.9,22.6,,122.0,0
D003985,5.3,1065.0,1.1,30.0,0.54,-65.8,-50.2,29.7,37.0,-95.5,18.7,1.0,139.0,0
D003986,3.7,1110.0,1.47,22.0,0.57,-65.2,-49.3,28.4,40.0,-95.5,6.6,0.0,122.0,0
D003987,5.2,1194.0,1.1,31.0,0.47,-63.7,-49.8,23.4,45.0,-95.2,6.1,0.0,126.0,1
D003988,5.4,1170.0,1.03,24.0,0.47,-65.3,-48.7,23.1,47.0,-95.5,10.1,1.0,120.0,1
D003989,3.1,1325.0,1.18,37.5,0.49,-67.8,-52.6,22.7,43.0,-92.2,2.2,1.0,135.0,1
D003990,4.8,1225.0,1.25,28.5,0.42,-66.6,,23.3,43.0,-95.6,10.6,1.0,120.0,1
D003991,5.0,1199.0,1.06,27.0,0.45,-67.3,-49.8,24.3,43.0,-96.0,12.4,0.0,133.0,1
D003992,3.3,1119.0,1.06,21.0,0.34,-68.9,-53.7,26.9,36.0,-99.2,4.7,0.0,130.0,1
D003993,4.6,1256.0,1.06,29.0,0.48,-66.0,-50.9,,42.0,-94.7,11.9,0.0,134.0,1
D003994,4.2,1267.0,1.12,26.0,0.61,-60.7,-49.0,28.7,48.0,-96.6,14.0,1.0,104.0,0
D003995,5.1,1224.0,1.18,27.5,0.46,-65.1,-50.3,24.1,44.0,-95.0,7.6,1.0,135.0,1
D003996,4.0,1205.0,1.13,28.0,0.45,-64.1,-49.6,23.2,43.0,-96.3,10.0,1.0,127.0,0
D003997,6.3,1157.0,1.19,32.0,0.65,-66.0,-54.7,28.1,46.0,-98.2,11.2,1.0,104.0,0
D003998,4.5,1170.0,1.27,29.0,0.44,-66.3,-50.2,23.9,48.0,-95.1,12.1,1.0,130.0,0
D003999,4.1,1016.0,0.84,32.5,0.56,-61.3,-48.1,26.9,35.0,-95.0,22.6,1.0,104.0,0
D004000,5.0,1208.0,1.08,30.5,0.43,-64.9,-48.9,24.8,40.0,,6.7,0.0,124.0,1
D004001,5.5,1104.0,1.06,29.5,0.49,-64.0,-49.5,24.9,42.0,-96.7,3.1,0.0,127.0,1
D004002,4.8,1152.0,1.07,32.0,0.5,-65.4,-49.1,25.6,48.0,-93.7,5.0,1.0,130.0,1
D004003,4.9,1194.0,1.19,28.0,0.41,-65.8,,25.1,44.0,-95.5,8.2,0.0,126.0,1
D004004,4.9,1152.0,1.08,25.5,0.45,-65.5,-50.7,23.5,50.0,-94.9,9.2,1.0,138.0,0
D004005,4.6,1181.0,1.12,30.0,0.55,-66.4,-50.2,23.2,46.0,-94.7,8.2,1.0,129.0,1
D004006,4.8,1045.0,1.2,24.5,0.52,-66.8,-46.1,22.9,44.0,-99.5,19.8,1.0,141.0,0
D004007,4.3,1207.0,1.04,31.0,0.44,-66.6,-50.7,22.0,42.0,-95.2,8.0,0.0,132.0,1
D004008,3.2,1103.0,1.31,30.0,0.54,-64.3,-48.0,28.6,53.0,-91.5,4.6,1.0,132.0,0
D004009,3.8,1116.0,1.38,37.5,0.43,-61.2,-54.9,25.3,59.0,-98.6,17.8,1.0,137.0,0
D004010,6.3,1074.0,0.84,33.5,0.41,-61.3,-54.4,21.1,40.0,-95.3,17.3,1.0,128.0,1
D004011,5.5,1171.0,1.34,31.0,0.56,-65.1,-49.9,21.5,40.0,-96.2,9.5,1.0,122.0,0
D004012,5.1,1219.0,1.04,31.0,0.5,-62.7,-48.1,24.0,43.0,-94.3,10.3,1.0,124.0,0
D004013,6.6,1269.0,0.82,27.0,0.46,-68.3,-54.5,22.9,44.0,-97.4,19.1,0.0,111.0,1
D004014,4.7,1052.0,1.52,25.5,0.65,-60.7,-47.8,20.8,55.0,-93.8,18.0,1.0,147.0,0
D004015,4.3,1190.0,1.08,28.0,0.43,-65.9,-51.9,24.9,46.0,-95.2,14.4,1.0,,1
D004016,4.9,1174.0,1.06,28.5,0.49,-63.6,-50.3,23.0,50.0,-93.7,6.1,0.0,,1
D004017,6.6,1032.0,1.5,32.0,0.63,-61.6,-47.2,22.0,42.0,-92.9,6.8,0.0,132.0,0
D004018,5.1,1087.0,0.89,,,-64.0,-48.2,25.0,45.0,-92.3,8.2,0.0,114.0,1
D004019,5.6,1301.0,1.55,37.0,0.47,-68.8,-47.3,26.0,36.0,-98.5,0.3,1.0,133.0,1
D004020,4.5,1052.0,1.52,27.5,0.36,-64.2,-53.3,29.9,45.0,-95.6,4.2,1.0,120.0,0
D004021,5.1,1168.0,1.04,28.5,0.49,-64.2,-51.1,23.8,51.0,-94.3,10.8,1.0,119.0,1
D004022,5.0,1175.0,1.14,26.0,0.5,-66.5,-50.3,25.3,43.0,-95.9,8.9,1.0,138.0,1
D004023,4.7,1183.0,1.13,28.0,0.44,-64.6,-48.5,23.3,43.0,-97.2,8.3,0.0,129.0,1
D004024,4.8,1222.0,1.01,27.0,0.48,-64.6,-50.6,23.9,42.0,-94.9,10.5,1.0,134.0,1
D004025,3.6,1062.0,1.44,37.5,0.37,-62.6,-48.8,20.6,47.0,-93.9,23.7,1.0,123.0,0
D004026,3.8,1285.0,1.1,34.5,0.66,-68.9,-51.4,25.2,33.0,-91.7,8.4,1.0,143.0,1
D004027,4.8,1163.0,1.01,30.0,0.51,-65.9,-48.9,24.2,45.0,-95.3,9.4,1.0,135.0,1
D004028,4.9,1136.0,1.06,29.5,0.45,-64.1,-48.5,24.7,41.0,-95.7,10.8,0.0,127.0,1
D004029,4.1,1190.0,1.06,27.5,0.44,-64.1,-50.6,25.4,42.0,-96.5,,0.0,119.0,1
D004030,4.9,1181.0,1.16,28.0,0.45,-65.9,-48.0,24.7,45.0,-95.2,8.6,0.0,124.0,1
D004031,6.8,1388.0,1.3,36.5,0.57,-65.0,-50.6,26.2,40.0,-96.5,18.7,1.0,101.0,1
D004032,4.8,1397.0,1.23,24.5,0.7,-68.9,-52.1,23.6,32.0,-98.3,5.4,0.0,117.0,1
D004033,4.4,1134.0,1.22,27.5,0.58,-65.3,-48.9,22.8,42.0,-95.4,7.4,1.0,131.0,1
D004034,5.3,1116.0,0.88,40.0,0.57,-66.5,-52.0,29.8,36.0,-96.8,22.0,1.0,123.0,1
D004035,4.7,1159.0,1.1,25.5,0.45,-65.3,,23.6,41.0,-95.9,9.6,0.0,130.0,0
D004036,4.8,1193.0,,28.5,0.47,-64.4,-50.4,24.8,47.0,-97.3,6.8,0.0,127.0,1
D004037,3.8,1144.0,1.46,38.5,0.6,-64.5,-47.2,21.1,54.0,-95.7,,0.0,136.0,0
D004038,4.9,1179.0,1.1,30.5,0.41,-65.1,-51.2,22.7,47.0,-96.6,11.4,0.0,139.0,1
D004039,4.9,1193.0,1.01,24.5,0.5,-66.6,-49.7,23.3,46.0,-96.2,11.3,0.0,124.0,1
D004040,4.7,1190.0,,29.0,0.48,-66.4,-50.5,24.4,42.0,-94.6,9.1,1.0,125.0,1
D004041,3.0,1307.0,1.05,28.0,0.57,-60.0,-54.2,24.7,,-94.1,16.7,1.0,109.0,0
D004042,3.6,1362.0,0.94,36.0,0.38,-63.3,-51.4,21.7,43.0,-95.2,0.8,1.0,144.0,1
D004043,3.5,1149.0,1.33,31.5,0.54,-63.3,-47.5,21.9,50.0,-93.4,15.8,1.0,136.0,0
D004044,3.2,1357.0,1.49,36.5,0.5,-63.7,-50.9,20.6,35.0,-93.7,4.3,0.0,136.0,1
D004045,4.5,1128.0,1.06,32.0,0.45,-65.8,-49.9,25.0,45.0,-96.4,11.2,0.0,127.0,1
D004046,4.1,1148.0,1.22,30.0,0.45,-66.2,-49.0,24.5,,-93.9,7.9,1.0,129.0,0
D004047,5.1,1195.0,1.06,36.0,0.49,-66.0,-50.5,24.2,48.0,-95.0,12.4,1.0,121.0,1
D004048,4.6,1161.0,1.14,32.5,0.49,-64.8,-49.9,24.6,46.0,-96.5,7.6,0.0,129.0,1
D004049,5.4,1389.0,0.92,26.0,0.63,-62.6,-48.9,29.1,48.0,-93.1,4.7,1.0,134.0,0
D004050,4.8,1122.0,1.11,30.5,0.39,-66.3,-49.3,24.4,46.0,-96.8,7.8,0.0,123.0,1
D004051,5.2,1139.0,1.13,28.5,0.43,-64.7,-49.2,23.7,41.0,-94.7,10.6,0.0,131.0,1
D004052,4.0,1139.0,1.31,38.0,0.39,-67.6,-45.0,20.0,46.0,-96.9,13.1,0.0,107.0,0
D004053,5.3,1155.0,1.05,28.5,0.47,-66.9,-51.3,25.8,42.0,-93.5,10.4,1.0,122.0,1
D004054,5.0,1235.0,0.99,28.5,0.49,-68.1,-50.3,25.1,43.0,-96.1,13.0,1.0,129.0,1
D004055,4.7,1128.0,1.09,29.0,0.42,-63.9,-48.9,23.1,39.0,-95.3,11.9,1.0,125.0,0
D004056,4.1,1287.0,1.17,23.0,0.33,-69.6,-46.8,22.6,47.0,-97.1,23.9,0.0,113.0,0
D004057,4.6,1216.0,1.05,27.0,0.51,,-49.4,23.8,49.0,-96.3,6.2,1.0,124.0,1
D004058,4.0,1150.0,0.96,30.0,0.5,-66.7,-50.5,23.9,40.0,-95.8,6.7,0.0,123.0,1
D004059,4.9,1156.0,1.04,28.5,0.52,-64.9,-49.6,24.3,40.0,-96.3,7.9,1.0,130.0,1
D004060,4.7,1231.0,1.14,27.0,0.5,-66.1,-48.7,24.6,43.0,-95.3,12.3,1.0,125.0,0
D004061,4.9,1185.0,1.09,30.5,0.45,-64.4,-49.7,23.6,42.0,-94.8,9.0,0.0,122.0,1
D004062,5.6,1257.0,1.11,33.5,0.49,-64.7,-46.7,21.4,58.0,-98.8,22.3,1.0,102.0,0
D004063,5.2,1066.0,1.2,22.0,0.41,-63.8,-48.0,21.3,46.0,-95.4,12.1,0.0,141.0,0
D004064,4.6,1158.0,1.13,22.0,0.33,-68.4,-49.2,20.3,44.0,-90.3,,1.0,139.0,0
D004065,4.6,1191.0,1.16,34.0,0.45,-64.3,-51.3,24.6,39.0,-97.1,11.6,1.0,131.0,1
D004066,5.1,1182.0,1.12,27.5,0.41,-66.3,-50.7,24.3,,-94.8,4.9,0.0,129.0,1
D004067,5.1,1211.0,0.99,29.5,0.43,-63.8,-50.2,24.3,43.0,-93.4,8.6,1.0,126.0,1
D004068,5.0,1060.0,1.39,32.5,0.52,-64.5,-46.8,28.9,41.0,-92.3,19.5,0.0,126.0,0
D004069,5.6,1230.0,1.15,29.5,0.42,-68.5,-48.1,20.8,47.0,-97.2,23.8,1.0,148.0,1
D004070,6.9,1187.0,0.94,32.0,0.36,-60.4,-51.6,29.7,59.0,-96.0,8.7,1.0,140.0,0
D004071,4.8,1179.0,1.19,29.0,0.44,-65.4,-49.7,23.7,43.0,-95.2,6.1,0.0,132.0,1
D004072,4.1,1196.0,1.09,31.0,0.46,-66.0,-51.2,25.6,42.0,,8.6,1.0,132.0,1
D004073,4.5,1179.0,1.17,30.5,0.49,,-49.9,24.7,41.0,-95.3,9.5,0.0,120.0,1
D004074,4.0,1249.0,1.0,21.5,0.6,-60.6,-45.3,28.5,48.0,-96.3,17.9,1.0,124.0,0
D004075,5.0,1117.0,1.26,33.5,0.51,-65.2,-49.2,24.6,,-96.2,6.4,0.0,129.0,0
D004076,6.0,1322.0,1.11,30.0,0.64,-60.3,-55.0,25.0,56.0,-98.1,15.3,0.0,136.0,1
D004077,4.8,1150.0,1.03,30.0,0.53,-66.4,-51.1,23.5,,-96.3,8.4,1.0,126.0,1
D004078,5.5,1256.0,1.18,27.0,0.33,-68.6,-45.1,21.4,40.0,-93.0,0.7,1.0,145.0,1
D004079,4.6,1245.0,1.22,27.0,0.4,-65.3,-49.2,24.3,42.0,-95.5,7.1,1.0,128.0,0
D004080,6.5,1080.0,1.04,35.5,0.59,-65.8,-47.9,27.8,43.0,-93.7,11.1,1.0,145.0,1
D004081,5.3,1132.0,1.25,31.5,0.53,-66.6,-48.7,22.7,48.0,-97.3,4.6,1.0,128.0,1
D004082,4.6,1156.0,1.04,25.5,0.47,-65.8,-50.3,24.8,45.0,-94.6,8.2,0.0,122.0,1
D004083,5.3,1275.0,1.09,24.5,0.5,-66.8,-50.5,23.2,43.0,-94.9,10.8,0.0,132.0,1
D004084,4.1,1229.0,1.57,24.5,0.31,-61.0,-48.4,21.9,47.0,-93.0,14.6,1.0,125.0,0
D004085,5.0,1124.0,1.05,30.5,0.51,-64.7,-50.2,24.9,42.0,-93.8,6.6,0.0,127.0,1
D004086,3.4,1166.0,0.89,35.0,0.52,-67.7,-52.5,29.6,56.0,-91.3,8.7,1.0,135.0,0
D004087,4.7,1171.0,1.17,29.0,0.47,-67.8,-48.6,22.2,44.0,-95.0,12.3,0.0,134.0,1
D004088,4.7,1400.0,1.32,34.5,0.49,-65.9,-51.6,22.6,34.0,-91.1,23.4,,144.0,1
D004089,5.1,1146.0,1.05,29.0,0.5,-65.7,-48.2,23.5,43.0,-95.2,5.0,0.0,133.0,1
D004090,4.6,1206.0,1.08,30.5,0.48,-67.0,-52.3,24.6,43.0,-96.1,5.8,0.0,135.0,1
D004091,6.9,1150.0,1.0,21.0,0.44,-61.9,-46.9,24.0,53.0,-95.0,14.2,0.0,109.0,0
D004092,4.9,1198.0,1.12,30.0,0.47,-65.2,-49.3,23.7,42.0,-96.3,9.9,0.0,131.0,1
D004093,3.3,1112.0,1.35,36.5,0.69,-64.3,-45.4,25.0,51.0,-92.8,4.4,1.0,109.0,0
D004094,6.4,1190.0,0.86,33.5,0.51,-63.3,-48.1,28.3,60.0,-97.8,18.2,1.0,119.0,0
D004095,3.9,1284.0,1.34,33.5,0.3,-67.7,-45.3,21.5,51.0,-97.0,1.0,1.0,144.0,0
D004096,4.8,1172.0,1.05,32.5,0.49,-66.3,-49.2,24.7,46.0,-96.5,6.6,1.0,125.0,1
D004097,3.2,1049.0,,26.5,0.31,-62.3,-46.6,,34.0,-94.0,7.9,1.0,117.0,0
D004098,5.3,1123.0,1.1,31.0,0.48,-65.8,-50.0,24.0,45.0,-94.8,10.6,1.0,133.0,1
D004099,5.3,1331.0,0.91,28.0,0.6,-68.6,-47.7,21.6,30.0,-97.9,11.0,1.0,118.0,1
D004100,6.6,1053.0,1.51,36.5,0.58,-68.9,-48.0,21.9,30.0,-91.2,22.6,1.0,143.0,1
D004101,4.8,1228.0,1.03,,0.42,-64.3,-49.9,23.7,39.0,-94.8,4.7,1.0,124.0,1
D004102,3.1,1293.0,1.23,34.0,0.41,-65.1,-48.3,29.0,51.0,-96.2,6.7,1.0,122.0,0
D004103,6.7,1193.0,1.36,38.5,0.55,-63.2,-55.0,20.9,42.0,-94.5,1.2,0.0,110.0,1
D004104,3.1,1217.0,1.51,31.0,0.35,-66.7,-55.0,23.7,41.0,-96.1,19.3,1.0,122.0,0
D004105,4.4,1134.0,,29.0,0.5,-66.2,-50.2,23.4,46.0,-95.3,5.3,1.0,130.0,1
D004106,3.1,1307.0,1.53,31.0,0.48,-66.4,-47.8,29.2,38.0,-92.1,,0.0,147.0,0
D004107,5.3,1199.0,1.01,30.0,0.49,-66.5,-51.9,25.0,50.0,-95.4,8.1,0.0,121.0,1
D004108,3.8,1193.0,0.97,28.0,0.56,-65.3,-51.7,25.0,45.0,-95.7,11.3,0.0,133.0,1
D004109,6.8,1248.0,1.15,22.0,0.42,-66.0,-45.8,29.0,47.0,-94.1,22.4,0.0,134.0,0
D004110,5.7,1303.0,,39.0,0.62,-65.3,-50.1,28.4,34.0,-90.9,8.3,0.0,120.0,1
D004111,5.9,1293.0,1.34,26.0,0.36,-63.4,-54.9,29.9,36.0,-97.0,4.7,1.0,147.0,0
D004112,3.6,1082.0,1.26,35.5,0.46,-64.2,-50.1,20.7,33.0,-92.0,19.9,1.0,115.0,0
D004113,3.9,1124.0,0.96,27.0,0.55,-69.2,-52.3,27.5,39.0,-97.7,9.6,0.0,127.0,1
D004114,5.1,1211.0,1.06,30.5,0.51,-66.1,-49.6,24.1,46.0,-94.9,9.4,1.0,139.0,1
D004115,4.7,1190.0,1.05,27.5,0.44,-65.8,-50.8,23.9,42.0,-95.4,6.9,1.0,126.0,1
D004116,4.6,1094.0,1.03,30.0,0.45,-64.4,-51.9,24.7,42.0,-96.0,9.7,0.0,122.0,1
D004117,4.4,1184.0,1.12,28.5,0.46,-65.9,-50.6,23.7,44.0,-96.3,10.0,0.0,127.0,1
D004118,5.3,1172.0,1.02,29.5,0.48,-65.2,-52.3,22.4,46.0,-95.7,6.7,1.0,133.0,1
D004119,5.2,1223.0,1.01,30.5,0.5,-65.5,-49.1,23.5,43.0,-95.4,9.9,0.0,125.0,1
D004120,4.6,1163.0,1.07,31.0,0.44,-66.4,-52.2,23.2,48.0,-95.7,4.8,0.0,123.0,1
D004121,4.8,1190.0,1.11,27.0,0.49,-66.5,-50.4,23.7,44.0,-96.6,6.9,1.0,124.0,1
D004122,5.3,1226.0,1.04,28.5,,-65.7,-49.1,25.5,46.0,-95.5,9.2,1.0,127.0,1
D004123,4.2,1187.0,1.47,38.5,0.53,-60.6,-49.4,23.0,48.0,-98.8,19.2,1.0,104.0,0
D004124,,1208.0,1.17,29.5,0.47,-66.0,-50.5,23.9,49.0,-96.2,7.1,0.0,127.0,1
D004125,4.5,1197.0,1.18,28.0,0.43,-66.2,-50.9,25.8,44.0,-94.5,6.2,0.0,121.0,1
D004126,4.8,1203.0,1.25,28.0,0.5,-65.7,-51.3,23.3,47.0,-94.7,9.6,0.0,129.0,1
D004127,5.0,1132.0,1.3,27.5,0.43,-60.8,-45.4,20.1,57.0,-96.2,3.6,1.0,117.0,0
D004128,5.3,1207.0,1.19,29.0,0.42,-65.0,-49.2,21.9,,-94.7,5.4,1.0,128.0,1
D004129,4.4,1108.0,1.16,30.5,0.45,-64.8,-48.0,24.2,50.0,-94.5,7.4,1.0,120.0,0
D004130,4.2,1252.0,1.08,28.0,0.47,-64.7,-50.4,24.8,39.0,-95.8,9.6,1.0,122.0,0
D004131,5.5,1154.0,1.18,31.0,0.49,-64.9,-52.4,22.6,40.0,-96.2,7.8,1.0,129.0,1
D004132,4.8,1255.0,0.96,29.0,0.47,-65.0,-50.3,24.4,42.0,-95.2,9.7,0.0,129.0,1
D004133,4.3,1130.0,1.14,30.5,0.64,-68.2,-47.9,24.3,40.0,-95.6,9.1,0.0,136.0,1
D004134,5.1,1168.0,1.14,28.5,0.44,-65.6,-50.9,23.6,42.0,-95.0,9.7,1.0,128.0,1
D004135,3.6,1130.0,1.09,29.0,0.42,-61.3,-52.7,27.1,53.0,-95.0,12.0,0.0,121.0,0
D004136,5.7,1232.0,1.2,28.5,0.55,-66.1,-51.3,23.8,44.0,-96.8,10.8,0.0,127.0,1
D004137,3.4,1283.0,0.92,31.0,0.59,-67.4,-53.6,22.4,39.0,-99.0,12.6,1.0,130.0,1
D004138,5.3,1103.0,0.96,26.0,0.54,-64.4,-50.6,23.7,42.0,-92.9,8.5,1.0,133.0,1
D004139,5.8,1313.0,0.98,22.5,0.69,-64.9,-45.0,26.0,52.0,-97.2,9.2,0.0,128.0,0
D004140,5.0,1177.0,1.04,28.0,0.42,-65.2,-49.5,23.0,44.0,-96.2,9.4,0.0,126.0,1
D004141,6.0,1083.0,1.06,21.5,0.4,-64.3,-46.9,24.3,31.0,-96.8,17.5,1.0,109.0,0
D004142,4.6,1192.0,1.18,28.5,0.5,-66.4,-49.2,24.5,45.0,-94.4,5.9,0.0,126.0,0
D004143,3.6,1117.0,1.41,20.5,0.62,-68.3,-52.5,28.4,54.0,-91.2,13.3,1.0,111.0,0
D004144,4.4,1130.0,1.07,29.5,0.45,-65.7,-52.0,23.6,40.0,-96.1,10.3,1.0,126.0,1
D004145,4.6,1101.0,0.98,25.5,0.51,-67.2,-49.3,23.5,44.0,-94.3,11.6,1.0,127.0,1
D004146,5.6,1214.0,0.96,27.0,0.49,-64.1,-50.0,23.7,46.0,-94.3,12.2,1.0,125.0,1
D004147,3.6,1313.0,1.36,37.5,0.64,-65.9,-49.1,27.4,46.0,,5.9,1.0,133.0,0
D004148,4.9,1128.0,1.02,28.0,0.43,-65.1,-51.1,24.7,42.0,-93.8,9.0,1.0,128.0,1
D004149,4.9,1119.0,1.08,28.5,0.45,-65.5,-50.9,24.1,44.0,-97.6,14.1,1.0,133.0,1
D004150,3.0,1238.0,1.19,33.5,0.32,-65.6,-48.3,22.1,37.0,-96.5,16.7,0.0,137.0,0
D004151,5.3,1186.0,1.07,,0.48,-67.8,-51.0,23.6,47.0,-96.4,13.5,1.0,133.0,1
D004152,5.3,1154.0,1.42,22.0,0.37,-66.3,-52.0,29.8,55.0,-98.3,2.3,1.0,142.0,0
D004153,4.2,1160.0,1.21,32.5,0.47,-66.2,-53.9,27.7,31.0,-93.9,7.0,0.0,110.0,1
D004154,4.6,1175.0,1.39,37.0,0.39,,-53.6,25.3,49.0,-98.0,14.9,0.0,107.0,0
D004155,4.5,1132.0,1.12,25.0,0.52,-64.2,-50.0,21.9,41.0,-94.4,7.3,0.0,124.0,1
D004156,4.7,1150.0,1.09,,0.46,-65.7,-50.1,23.0,45.0,-94.7,9.2,1.0,132.0,1
D004157,6.8,1240.0,0.97,37.0,0.47,-69.8,-50.8,25.3,33.0,-96.3,16.1,1.0,105.0,1
D004158,4.1,1207.0,0.97,24.0,0.49,-67.7,-50.0,24.4,42.0,,8.3,1.0,133.0,1
D004159,5.9,1282.0,1.24,25.5,0.6,-60.2,-46.6,24.3,58.0,-90.4,10.0,1.0,142.0,0
D004160,4.0,1209.0,1.21,29.5,0.49,-65.1,-50.7,23.9,42.0,-95.1,5.5,0.0,123.0,1
D004161,4.3,1182.0,0.83,26.5,0.44,-69.8,-49.3,24.5,36.0,-93.5,8.3,0.0,131.0,1
D004162,3.0,1060.0,1.18,40.0,0.45,-67.9,-52.8,24.5,37.0,-94.8,7.6,0.0,143.0,1
D004163,4.6,1181.0,1.09,26.5,0.51,-67.1,-51.3,24.2,42.0,-95.3,6.4,1.0,133.0,1
D004164,4.6,1220.0,1.15,,0.51,-65.2,-50.6,24.9,38.0,-95.6,7.6,0.0,127.0,1
D004165,4.6,1223.0,1.03,22.0,0.69,-67.9,-49.2,24.8,56.0,-99.2,20.4,1.0,125.0,0
D004166,3.5,1360.0,0.94,25.5,0.38,-63.0,-48.0,23.0,36.0,-93.3,9.7,1.0,142.0,0
D004167,5.1,1151.0,1.1,29.0,0.41,-66.5,-49.4,23.8,45.0,-95.2,7.4,1.0,127.0,0
D004168,4.4,1187.0,1.01,29.0,0.49,-66.7,-49.5,23.1,42.0,-93.6,5.0,1.0,124.0,1
D004169,5.1,1192.0,1.12,25.5,0.47,-65.9,-50.2,25.5,44.0,-96.1,7.9,0.0,127.0,1
D004170,4.8,1180.0,1.25,27.5,0.48,-66.4,-48.6,23.9,41.0,-96.9,12.1,1.0,,0
D004171,5.9,1168.0,1.36,37.0,0.63,-67.1,-51.4,20.8,32.0,-96.2,20.6,0.0,105.0,0
D004172,4.8,1028.0,1.59,36.5,0.41,-69.1,-49.4,26.9,50.0,-95.1,15.7,1.0,102.0,0
D004173,4.6,1238.0,1.09,35.0,0.5,-64.4,-49.7,23.9,47.0,-94.8,8.8,1.0,134.0,1
D004174,4.1,1180.0,1.04,32.5,0.47,-65.5,-49.3,25.9,,-93.7,6.6,1.0,133.0,1
D004175,3.3,1217.0,1.45,27.0,0.68,-62.9,-50.7,20.8,,-97.2,9.2,1.0,105.0,0
D004176,4.6,1197.0,1.07,28.5,0.43,-67.5,-50.2,24.7,46.0,-96.7,7.0,1.0,132.0,1
D004177,5.8,1212.0,1.04,31.0,0.48,-65.0,-51.3,24.5,45.0,-96.0,10.2,0.0,130.0,1
D004178,4.7,1219.0,0.98,23.5,0.49,-65.8,-51.4,24.8,45.0,-95.7,3.2,,127.0,1
D004179,3.4,1132.0,1.47,24.5,0.6,-61.7,-53.0,26.4,44.0,-92.2,13.6,0.0,104.0,0
D004180,5.3,1172.0,0.95,26.5,0.42,-68.1,-49.8,23.8,40.0,-96.4,6.9,1.0,122.0,1
D004181,4.6,1189.0,1.09,27.0,0.45,-64.5,-50.0,23.2,45.0,-97.0,8.1,1.0,117.0,0
D004182,4.9,1138.0,1.16,28.5,0.48,-64.6,-47.5,24.5,43.0,-95.7,7.8,1.0,124.0,0
D004183,5.5,1179.0,1.24,28.0,0.5,-65.0,-49.7,24.7,43.0,-95.1,10.6,1.0,124.0,1
D004184,4.5,1191.0,1.15,31.0,0.57,-67.3,-49.7,24.3,39.0,-96.1,8.9,1.0,132.0,1
D004185,5.2,1361.0,1.46,23.5,0.36,-66.8,-45.1,27.9,49.0,-94.8,4.8,1.0,108.0,0
D004186,6.0,1148.0,0.92,24.5,0.38,-69.7,-52.7,24.6,47.0,-98.4,8.0,1.0,115.0,1
D004187,3.3,1209.0,1.06,29.0,0.57,-64.8,-48.0,24.8,43.0,-95.5,18.0,1.0,134.0,0
D004188,3.7,1156.0,0.96,38.5,0.52,-62.1,-51.0,27.6,32.0,-95.1,,0.0,142.0,1
D004189,4.9,1112.0,1.25,28.0,0.44,-65.5,-51.0,25.4,51.0,-94.8,10.5,0.0,135.0,1
D004190,4.2,1223.0,1.1,31.0,0.51,-63.8,-50.7,25.4,44.0,-95.1,8.9,1.0,128.0,1
D004191,4.9,1182.0,1.12,28.5,0.5,-64.2,-50.1,24.5,41.0,-96.3,9.1,1.0,127.0,1
D004192,4.4,1170.0,1.01,28.0,0.46,-64.5,-49.0,24.5,45.0,-95.3,8.6,1.0,132.0,0
D004193,4.8,1196.0,1.09,26.5,0.4,-64.7,-50.5,23.1,41.0,-96.8,11.8,1.0,121.0,1
D004194,4.0,1391.0,1.43,34.5,0.6,-62.6,-49.4,26.3,59.0,-97.7,6.8,1.0,135.0,0
D004195,4.4,1164.0,1.24,30.0,0.45,-63.5,-50.2,22.8,47.0,-94.8,5.8,1.0,125.0,0
D004196,3.2,1398.0,1.13,33.5,0.53,-63.6,-48.2,22.2,47.0,-93.8,20.7,0.0,145.0,0
D004197,6.6,1348.0,1.18,27.5,0.57,-60.8,-45.9,25.4,39.0,-96.2,22.6,0.0,101.0,0
D004198,5.3,1177.0,1.12,28.5,0.42,-63.7,-49.6,23.5,41.0,-95.0,6.1,1.0,131.0,1
D004199,5.3,1190.0,1.11,29.5,0.5,-66.0,-49.5,24.3,45.0,-94.9,,0.0,124.0,1
D004200,6.1,1244.0,1.31,33.0,0.54,-67.6,-54.8,24.9,57.0,-96.4,12.3,1.0,139.0,1
D004201,5.9,1199.0,,29.5,0.43,-65.1,-52.5,24.7,40.0,-94.3,6.2,1.0,125.0,1
D004202,4.2,1194.0,1.09,22.5,0.67,-69.7,-50.3,26.2,41.0,-92.3,23.6,0.0,133.0,0
D004203,3.7,1025.0,1.48,25.5,0.43,-68.8,-51.9,29.1,33.0,-93.4,4.0,1.0,103.0,0
D004204,4.6,1200.0,1.09,26.0,0.49,-65.2,-50.6,23.6,42.0,-95.0,9.4,0.0,114.0,1
D004205,4.2,1120.0,1.19,30.0,0.45,-66.9,-50.4,25.5,42.0,-95.6,12.5,1.0,128.0,0
D004206,5.3,1195.0,1.08,27.5,0.49,-64.9,-51.3,,39.0,-95.8,12.2,1.0,128.0,0
D004207,4.5,1138.0,0.94,29.0,0.43,-64.4,-50.3,22.2,46.0,-96.3,6.7,0.0,129.0,0
D004208,5.3,1022.0,1.35,31.5,0.34,-66.2,-47.1,21.4,46.0,-92.4,18.1,0.0,142.0,0
D004209,4.6,1079.0,1.11,28.0,0.4,-65.9,-49.4,23.2,48.0,-97.3,9.2,0.0,123.0,1
D004210,4.8,1211.0,1.24,31.0,0.42,-65.7,-49.1,24.1,42.0,-95.4,8.0,1.0,133.0,1
D004211,4.3,1164.0,1.34,28.5,0.47,-65.7,-50.5,23.3,41.0,-95.6,7.2,1.0,128.0,0
D004212,3.9,1213.0,1.24,27.5,0.45,-65.0,-48.9,23.0,47.0,-96.9,7.5,0.0,132.0,1
D004213,4.5,1194.0,1.07,30.0,0.48,-65.8,-49.6,23.9,45.0,-96.0,11.7,0.0,119.0,1
D004214,4.8,1221.0,1.12,30.0,0.52,-65.8,-50.7,23.6,37.0,-95.6,6.0,1.0,129.0,1
D004215,5.1,1062.0,1.0,26.5,0.49,-65.5,-49.6,24.1,42.0,-94.8,8.6,0.0,133.0,1
D004216,5.3,1132.0,0.96,26.5,0.43,-64.7,-49.7,24.0,47.0,-96.0,12.5,0.0,131.0,1
D004217,5.4,1204.0,1.08,30.0,0.39,-66.0,-50.4,26.4,45.0,-95.5,7.8,1.0,124.0,1
D004218,4.2,1180.0,1.36,39.0,0.68,-68.0,-51.8,20.5,44.0,-90.0,1.7,1.0,103.0,0
D004219,4.1,1100.0,1.32,21.5,0.3,-68.3,-49.0,23.5,39.0,-99.9,6.3,0.0,107.0,0
D004220,5.8,1042.0,1.03,25.5,0.45,-70.0,-54.7,24.2,52.0,-94.7,22.9,1.0,117.0,1
D004221,3.1,1095.0,1.17,28.0,0.31,-62.8,-53.2,24.7,44.0,-97.8,5.7,1.0,114.0,0
D004222,5.1,1235.0,1.19,32.5,0.47,-64.0,-50.8,24.3,45.0,-95.5,12.3,1.0,127.0,1
D004223,5.5,1003.0,1.0,36.0,0.63,-67.6,-46.5,26.3,38.0,-90.2,21.6,1.0,137.0,1
D004224,,,1.1,28.5,0.47,-65.4,-51.6,25.1,41.0,-94.3,8.0,1.0,129.0,1
D004225,5.4,1186.0,1.03,27.5,0.51,-67.0,-51.3,22.4,41.0,-94.7,11.3,1.0,126.0,1
D004226,4.8,1197.0,1.11,30.0,0.56,-66.5,-49.7,23.4,43.0,-95.1,7.6,1.0,123.0,1
D004227,4.1,1068.0,1.24,29.0,0.45,-65.9,-55.0,22.8,46.0,-92.3,,0.0,150.0,1
D004228,6.5,1118.0,1.07,22.5,0.56,-62.8,-45.9,21.7,40.0,-96.8,1.7,0.0,129.0,1
D004229,4.6,1212.0,1.1,26.5,0.49,-66.0,-49.4,22.6,,-96.3,6.1,1.0,125.0,1
D004230,4.8,1183.0,1.0,28.5,0.43,-66.2,-51.0,24.3,44.0,-96.6,9.3,1.0,129.0,1
D004231,4.1,1196.0,0.82,36.5,0.41,-63.7,-46.0,26.2,37.0,-97.6,11.8,0.0,143.0,1
D004232,5.1,1168.0,1.04,29.0,0.4,-67.2,-50.4,23.7,44.0,-94.8,12.8,1.0,132.0,1
D004233,5.1,1215.0,1.09,28.0,0.5,-64.8,-49.1,22.1,44.0,-94.7,10.7,0.0,134.0,1
D004234,5.1,1197.0,0.84,21.5,0.44,-63.2,-48.3,25.1,58.0,-99.0,4.3,1.0,124.0,0
D004235,7.0,1301.0,1.24,28.0,0.68,-66.3,-53.5,27.4,,-92.8,23.3,0.0,103.0,0
D004236,3.4,1104.0,1.16,23.0,0.42,-66.8,-47.5,28.9,50.0,-90.8,7.7,0.0,149.0,0
D004237,5.0,1142.0,1.6,23.0,0.45,-69.1,-52.0,22.3,44.0,-93.9,11.1,0.0,133.0,1
D004238,4.9,1208.0,1.07,29.5,0.46,-64.4,-51.8,25.7,44.0,-95.6,9.6,0.0,125.0,1
D004239,4.9,1203.0,1.12,22.5,0.43,-64.3,-51.2,24.4,38.0,-94.9,6.6,0.0,132.0,1
D004240,4.7,1148.0,0.98,30.5,0.5,-64.1,-49.6,22.5,40.0,-95.1,10.3,1.0,125.0,1
D004241,4.9,1183.0,1.1,29.5,0.52,-65.6,-49.5,24.6,43.0,-96.0,13.2,0.0,120.0,1
D004242,4.4,1063.0,1.5,21.0,0.44,-60.4,-47.5,24.6,43.0,-97.8,10.1,0.0,129.0,0
D004243,3.7,1397.0,1.38,29.5,0.52,-63.0,-52.6,25.9,30.0,-91.6,6.3,1.0,123.0,0
D004244,4.7,1098.0,1.07,30.5,0.5,-65.3,-49.9,24.2,49.0,-94.8,11.5,0.0,118.0,1
D004245,4.9,1168.0,1.05,29.5,0.49,-65.2,-49.3,24.7,47.0,-96.3,8.6,1.0,124.0,1
D004246,4.2,1152.0,1.14,30.0,0.52,-65.2,-49.5,24.1,48.0,-94.4,6.9,0.0,125.0,1
D004247,6.5,1292.0,1.59,40.0,0.35,-65.7,-49.9,28.1,47.0,-93.4,22.0,1.0,149.0,1
D004248,3.7,1038.0,1.39,24.5,0.38,-67.5,-48.0,23.8,48.0,-90.6,0.6,1.0,134.0,0
D004249,4.8,1143.0,1.08,27.0,0.48,-65.4,-50.6,24.1,40.0,-96.4,9.2,1.0,131.0,1
D004250,4.7,1170.0,0.98,38.0,0.56,-67.3,-45.8,21.4,45.0,-91.7,7.9,0.0,128.0,1
D004251,6.9,1020.0,1.18,26.0,0.4,-65.8,-51.1,22.8,47.0,-94.0,22.8,1.0,110.0,1
D004252,4.6,1178.0,1.13,30.0,0.49,-65.4,-50.5,23.6,45.0,-95.3,10.4,0.0,126.0,1
D004253,4.9,1110.0,1.01,30.5,0.47,-66.0,-49.9,23.7,44.0,-97.0,6.9,0.0,127.0,1
D004254,4.4,1176.0,1.05,26.5,0.58,-65.4,-50.3,23.4,47.0,-94.4,11.3,1.0,126.0,0
D004255,4.9,1180.0,1.1,33.0,0.46,-65.8,-50.6,25.0,42.0,-95.9,7.9,1.0,125.0,1
D004256,5.1,1097.0,1.1,32.5,0.39,-65.1,-50.1,25.1,40.0,-95.9,13.3,1.0,126.0,1
D004257,3.4,1373.0,1.0,22.0,0.5,-61.2,-47.7,26.6,58.0,-94.6,13.0,1.0,111.0,0
D004258,5.9,1174.0,1.31,29.5,0.58,-67.3,-47.7,24.7,57.0,-93.7,18.7,1.0,139.0,0
D004259,5.3,,0.98,30.5,0.47,-66.2,-51.4,24.7,42.0,-94.7,7.7,0.0,140.0,1
D004260,4.4,1169.0,1.12,29.5,0.42,-66.6,-49.9,23.3,45.0,-94.9,7.4,0.0,126.0,1
D004261,4.5,1130.0,1.14,26.5,0.58,-66.6,-49.3,24.7,47.0,-97.2,11.7,1.0,119.0,0
D004262,3.4,1081.0,0.99,28.5,0.57,-69.0,-54.5,21.8,58.0,,5.2,0.0,125.0,1
D004263,5.2,1172.0,1.08,31.0,0.49,-65.1,-50.2,24.6,46.0,-93.4,8.8,1.0,126.0,1
D004264,4.6,1290.0,1.21,25.5,0.51,-64.5,-49.6,23.4,45.0,-94.2,7.9,1.0,130.0,1
D004265,3.7,1130.0,1.05,25.0,0.5,-67.4,-49.8,23.7,49.0,-94.4,10.8,0.0,129.0,1
D004266,4.6,1219.0,1.15,32.0,0.48,-67.1,-49.5,25.5,43.0,-95.3,7.6,0.0,123.0,1
D004267,5.0,1123.0,1.07,30.0,0.53,-65.7,-50.0,25.6,43.0,-96.3,5.2,0.0,119.0,1
D004268,5.2,1338.0,1.51,30.0,0.37,-67.7,-51.1,23.6,32.0,-96.9,19.6,1.0,111.0,0
D004269,4.5,1149.0,1.08,26.5,0.52,-63.2,-50.5,23.2,45.0,-95.9,6.9,1.0,131.0,0
D004270,5.4,1199.0,1.22,29.0,0.54,-65.7,-50.2,22.6,38.0,-95.5,9.1,1.0,128.0,1
D004271,4.5,1201.0,1.22,25.5,0.55,-65.6,-50.9,24.0,45.0,-95.5,9.6,1.0,128.0,1
D004272,4.2,1155.0,1.11,29.5,0.51,-66.3,-49.8,23.8,42.0,-94.8,4.9,1.0,128.0,1
D004273,4.4,1182.0,1.2,26.5,0.47,-64.0,-49.8,24.8,41.0,-94.4,7.5,1.0,125.0,0
D004274,4.6,1199.0,1.0,26.0,0.47,-65.9,,25.0,45.0,-93.7,7.4,1.0,124.0,0
D004275,5.3,1174.0,1.0,28.0,0.51,-66.2,-49.9,24.0,41.0,-97.5,9.8,1.0,115.0,1
D004276,3.1,1303.0,1.41,27.5,0.62,-65.5,-49.2,24.5,43.0,-98.2,2.8,0.0,148.0,1
D004277,3.5,1294.0,0.85,21.0,0.6,-68.1,-48.8,20.4,45.0,-98.1,,1.0,101.0,0
D004278,5.1,1232.0,1.04,30.0,0.47,-65.8,-51.1,24.7,43.0,-95.7,9.5,1.0,131.0,1
D004279,4.5,1204.0,1.18,25.5,0.45,-65.6,-49.5,24.0,47.0,-96.9,5.0,1.0,123.0,0
D004280,4.2,1143.0,0.99,26.5,0.46,-65.4,-50.7,22.2,48.0,-95.2,7.2,1.0,138.0,0
D004281,4.5,1238.0,1.16,30.0,0.58,-65.3,-51.9,24.3,48.0,-94.1,10.0,1.0,123.0,1
D004282,5.0,1224.0,1.13,25.0,0.47,-67.4,-49.2,25.1,47.0,-93.8,9.8,0.0,134.0,1
D004283,4.3,1256.0,1.09,24.0,0.34,-64.6,-45.4,22.5,50.0,-92.4,5.4,0.0,109.0,0
D004284,6.8,1082.0,1.02,30.0,0.49,-64.1,-46.2,22.0,40.0,-98.1,15.3,0.0,127.0,1
D004285,4.1,1224.0,1.54,22.5,0.46,-61.3,-49.1,27.4,33.0,-90.8,7.5,1.0,103.0,0
D004286,4.9,1138.0,1.01,29.5,0.47,-66.0,-50.6,24.9,45.0,-95.4,9.3,1.0,132.0,1
D004287,3.5,1069.0,1.03,22.5,0.53,-67.3,-47.0,29.0,46.0,-94.0,9.7,0.0,113.0,0
D004288,6.4,1024.0,0.98,29.5,0.69,-60.0,-53.0,24.5,44.0,-93.3,22.3,1.0,138.0,0
D004289,5.7,1290.0,1.04,23.0,0.39,-69.5,-51.1,21.7,44.0,-99.2,3.5,0.0,137.0,1
D004290,5.2,1168.0,1.2,29.0,0.48,-67.0,-50.1,23.8,43.0,-97.0,11.1,1.0,125.0,1
D004291,4.7,1158.0,0.93,27.0,0.49,-65.1,-50.3,22.5,42.0,-96.8,13.2,0.0,130.0,1
D004292,5.0,1170.0,1.0,30.0,,-65.2,-51.1,24.1,40.0,-94.8,9.7,1.0,120.0,0
D004293,4.7,1178.0,1.22,28.5,,-65.7,-49.6,23.0,47.0,-94.0,6.5,1.0,126.0,0
D004294,3.4,1185.0,1.08,39.5,0.47,-67.4,-46.4,20.1,37.0,-95.0,16.3,0.0,110.0,1
D004295,4.5,1354.0,1.3,39.5,0.41,-69.6,-50.9,24.3,59.0,-95.6,16.2,1.0,135.0,1
D004296,4.5,1219.0,1.08,30.5,0.42,-65.3,-51.1,24.4,41.0,-95.2,10.1,0.0,121.0,1
D004297,4.1,1198.0,1.04,26.5,0.53,-64.2,-49.0,24.1,44.0,-95.8,8.2,0.0,125.0,1
D004298,5.0,1131.0,1.09,28.5,0.49,-65.2,-50.8,24.4,37.0,,7.8,0.0,,1
D004299,4.9,1182.0,1.0,28.0,0.49,-64.8,-48.0,25.7,43.0,-95.2,10.9,0.0,119.0,1
D004300,6.6,1304.0,,34.0,0.69,-69.3,-48.8,22.6,59.0,-95.5,8.7,1.0,146.0,0
D004301,5.2,1145.0,1.18,27.0,0.53,-64.7,-50.3,23.9,44.0,-93.8,8.6,1.0,134.0,1
D004302,5.2,1191.0,1.22,27.5,0.5,-66.3,-51.2,23.8,40.0,-95.6,8.5,1.0,131.0,1
D004303,3.2,1244.0,1.35,20.0,0.51,-68.5,-47.5,24.3,32.0,-95.9,9.8,1.0,102.0,0
D004304,6.4,1149.0,,22.5,0.58,-62.0,-51.1,22.2,37.0,-90.9,15.4,0.0,125.0,1
D004305,3.7,1003.0,1.48,24.0,0.46,-63.5,-49.8,26.0,33.0,-91.7,1.6,1.0,140.0,0
D004306,5.3,1061.0,0.83,35.5,0.7,-69.9,-46.3,24.0,50.0,-92.6,15.6,1.0,110.0,1
D004307,5.2,1101.0,0.98,28.5,0.48,-65.2,-49.4,21.7,44.0,-96.2,5.7,0.0,127.0,1
D004308,4.7,1191.0,1.08,30.5,0.5,-63.7,-51.3,24.1,42.0,-97.1,9.0,0.0,128.0,1
D004309,4.4,1127.0,1.1,30.0,0.51,-64.1,-48.8,24.5,43.0,-95.0,10.5,0.0,124.0,1
D004310,5.2,1191.0,1.04,32.0,0.46,-64.8,-50.3,,51.0,-96.9,12.2,1.0,127.0,1
D004311,4.7,1197.0,1.12,30.0,0.5,-64.7,-52.0,24.3,40.0,-97.9,9.7,1.0,128.0,1
D004312,5.7,1237.0,1.5,25.5,0.61,-65.3,-52.1,28.3,41.0,-95.4,21.8,0.0,130.0,0
D004313,4.9,1218.0,1.03,26.0,0.45,-65.6,-51.0,24.2,44.0,-95.3,8.5,1.0,123.0,1
D004314,4.0,1192.0,1.01,28.0,0.48,-65.2,-49.7,22.0,44.0,-97.2,8.8,0.0,120.0,1
D004315,5.2,1194.0,1.09,32.0,0.51,-65.3,-49.8,23.9,41.0,-94.1,9.5,0.0,134.0,1
D004316,4.7,1237.0,1.18,28.5,0.45,-67.7,-51.6,24.1,37.0,-96.6,8.1,1.0,124.0,1
D004317,6.1,1078.0,0.96,25.5,0.37,-64.3,-51.6,21.7,47.0,-94.4,8.8,0.0,123.0,1
D004318,6.0,1212.0,1.09,28.5,0.45,-66.4,-50.6,24.0,38.0,-96.1,8.9,0.0,127.0,1
D004319,4.3,1055.0,1.36,22.0,0.32,-66.1,-53.1,24.3,47.0,-96.0,9.3,1.0,107.0,0
D004320,5.7,1145.0,1.17,28.5,0.51,-65.6,-50.2,23.8,41.0,-94.1,13.5,1.0,128.0,1
D004321,4.3,1158.0,1.05,30.0,0.48,-65.0,-50.0,23.0,44.0,-93.8,6.5,1.0,121.0,1
D004322,6.6,1265.0,1.33,22.0,0.57,-65.2,-49.3,23.9,50.0,-96.8,8.0,1.0,103.0,0
D004323,4.7,1234.0,0.95,27.0,0.43,-64.8,-50.3,25.9,42.0,-95.6,10.6,1.0,130.0,0
D004324,3.7,1251.0,1.3,33.5,0.46,-67.2,-45.7,21.2,35.0,-93.3,15.1,0.0,129.0,1
D004325,5.2,1165.0,0.94,30.0,0.56,-66.5,-49.2,24.1,50.0,-95.9,5.0,1.0,127.0,1
D004326,4.7,1171.0,1.11,31.5,0.48,-63.7,-50.3,25.1,47.0,-92.8,10.3,1.0,121.0,1
D004327,4.7,1146.0,1.16,28.0,0.46,-65.2,-49.9,23.3,44.0,-94.6,7.7,1.0,128.0,1
D004328,4.7,1143.0,1.23,32.0,0.53,-64.9,-50.4,23.5,48.0,-96.4,9.5,0.0,125.0,0
D004329,4.5,1208.0,1.11,31.5,0.49,-65.2,-49.6,24.5,46.0,-97.0,4.9,0.0,121.0,1
D004330,6.4,1397.0,1.06,26.5,0.52,-64.8,-48.6,22.5,34.0,-97.0,14.9,1.0,127.0,1
D004331,3.7,1359.0,1.48,24.5,0.38,-65.4,-47.5,22.4,56.0,-92.1,0.0,0.0,144.0,0
D004332,6.3,1016.0,1.28,34.5,0.3,-68.0,-54.3,21.6,56.0,-99.2,21.2,1.0,135.0,1
D004333,4.9,1196.0,1.01,30.0,0.47,-65.0,-48.8,23.3,40.0,-97.3,7.9,1.0,133.0,1
D004334,4.8,1148.0,1.19,28.5,0.44,-64.9,-50.2,25.3,43.0,-95.8,5.1,1.0,135.0,1
D004335,7.0,1085.0,1.51,24.5,0.31,-65.8,-48.2,28.7,39.0,-91.2,11.9,0.0,132.0,0
D004336,6.5,1097.0,1.19,25.0,0.39,-60.3,-50.0,23.4,40.0,-99.8,19.3,0.0,123.0,0
D004337,6.5,1241.0,1.56,29.5,0.36,-67.6,-45.3,24.2,55.0,-99.6,15.8,0.0,121.0,0
D004338,4.2,1164.0,1.07,30.5,0.46,-66.7,-49.9,24.3,,-95.7,9.6,0.0,116.0,1
D004339,4.6,1202.0,1.1,31.5,0.46,-65.0,-50.8,24.0,47.0,-95.5,8.6,0.0,121.0,1
D004340,5.0,1376.0,1.17,22.5,0.41,-68.3,-46.3,21.5,58.0,-97.3,7.2,0.0,125.0,1
D004341,4.3,1226.0,0.94,28.0,0.45,-64.9,-49.4,26.0,42.0,-96.0,7.0,1.0,133.0,1
D004342,4.2,1050.0,1.08,27.5,0.51,-64.8,-48.7,23.3,45.0,-95.2,9.1,1.0,136.0,0
D004343,4.9,1164.0,1.04,30.0,0.49,-65.8,-49.3,24.8,42.0,-93.9,7.2,1.0,133.0,1
D004344,4.4,1184.0,1.06,29.5,0.47,-64.7,-48.0,26.4,48.0,-96.0,9.8,1.0,128.0,0
D004345,4.4,1134.0,0.95,28.5,0.42,-66.6,-49.5,23.4,46.0,-96.3,7.3,1.0,125.0,1
D004346,4.6,1155.0,1.03,29.0,0.5,-66.5,,25.1,43.0,-94.4,12.1,0.0,123.0,1
D004347,4.7,1177.0,1.22,30.0,0.47,-66.3,-49.7,22.7,43.0,-95.1,10.3,1.0,132.0,1
D004348,3.7,1177.0,,30.5,0.5,-65.0,-49.4,24.0,43.0,-95.7,10.7,0.0,122.0,0
D004349,6.5,1081.0,0.98,38.0,0.59,-60.7,-47.1,22.3,33.0,-96.7,,1.0,,1
D004350,4.5,1213.0,1.14,25.0,0.48,-66.4,-50.7,23.4,41.0,-94.1,6.5,0.0,124.0,1
D004351,4.4,1136.0,1.16,29.0,0.45,-66.6,-49.8,22.6,46.0,-95.7,4.2,0.0,127.0,1
D004352,4.4,1121.0,1.04,28.5,0.41,-66.8,-50.6,27.1,44.0,-92.0,5.9,1.0,129.0,0
D004353,4.9,1233.0,1.04,28.0,0.52,-66.4,-49.5,23.7,47.0,-96.5,,1.0,137.0,1
D004354,5.2,1168.0,1.08,26.5,0.54,-65.3,-50.3,25.2,41.0,-93.6,9.7,1.0,,1
D004355,5.0,1153.0,1.17,32.5,0.46,-66.2,-49.5,25.7,40.0,-99.0,7.5,1.0,127.0,1
D004356,3.6,1201.0,1.05,25.0,0.55,-68.1,-50.2,25.5,32.0,-99.3,6.0,1.0,105.0,1
D004357,5.0,1156.0,1.13,31.5,0.53,-66.3,-49.3,24.3,47.0,-94.0,9.6,1.0,125.0,1
D004358,3.9,1144.0,1.32,40.0,0.37,-68.4,-54.8,22.2,53.0,-99.8,4.2,1.0,133.0,1
D004359,4.6,1202.0,1.53,29.0,0.57,-67.1,-51.4,21.8,54.0,-99.4,21.1,0.0,119.0,0
D004360,4.8,1175.0,1.13,31.5,0.54,-64.9,,24.2,44.0,-96.2,12.7,1.0,124.0,1
D004361,4.6,1201.0,1.03,26.0,0.45,-67.2,-50.2,24.3,45.0,-95.6,9.1,1.0,129.0,1
D004362,3.6,1127.0,1.06,29.0,0.69,-67.0,-53.6,25.3,48.0,-97.3,13.8,1.0,141.0,0
D004363,5.3,1247.0,1.1,26.5,0.35,-68.5,-47.5,24.3,35.0,-99.9,15.7,1.0,127.0,0
D004364,4.7,1220.0,1.22,29.5,0.46,-67.0,-51.5,23.0,44.0,-94.0,11.3,1.0,125.0,0
D004365,4.3,1162.0,0.93,30.5,0.44,-64.9,-50.4,24.1,40.0,-94.2,6.3,0.0,125.0,1
D004366,5.6,1148.0,1.18,40.0,0.67,-65.3,-47.3,25.6,40.0,-90.3,21.1,0.0,118.0,0
D004367,3.5,1206.0,1.55,30.5,0.31,-66.1,-45.9,25.1,52.0,-91.1,10.7,1.0,104.0,0
D004368,5.1,1316.0,1.13,31.0,0.68,-62.9,-54.1,23.2,33.0,-94.8,0.4,1.0,143.0,1
D004369,6.2,1178.0,1.06,28.5,0.45,-65.2,-49.5,24.3,50.0,-94.5,9.1,0.0,122.0,1
D004370,4.5,1269.0,1.17,31.0,0.47,-66.1,-50.8,22.5,43.0,-95.4,10.4,0.0,125.0,1
D004371,3.4,1101.0,0.84,21.0,0.32,-66.9,-51.1,28.6,44.0,-98.7,6.2,1.0,125.0,0
D004372,5.4,1221.0,1.17,30.5,0.52,-61.8,-52.1,22.4,41.0,-95.6,7.9,1.0,133.0,1
D004373,4.7,1227.0,1.13,27.5,0.52,-64.8,-51.7,23.1,39.0,-96.2,9.2,1.0,125.0,1
D004374,4.7,1260.0,1.1,30.5,0.41,-66.3,-47.7,25.4,39.0,-95.4,10.2,0.0,120.0,1
D004375,4.2,1193.0,1.11,29.5,0.56,-65.6,-50.3,22.7,43.0,-93.8,10.6,1.0,136.0,0
D004376,4.1,1185.0,0.9,33.0,0.49,-63.1,-54.8,23.0,48.0,-90.1,18.2,1.0,120.0,1
D004377,4.0,1145.0,1.41,28.0,0.53,-60.8,,30.0,42.0,-94.4,22.5,0.0,116.0,0
D004378,4.8,1204.0,1.0,32.5,0.52,-66.1,-49.9,23.8,41.0,-96.7,10.5,1.0,130.0,1
D004379,3.9,1174.0,0.94,28.5,0.47,-66.2,-50.4,23.5,44.0,-93.8,8.2,1.0,133.0,1
D004380,4.3,1300.0,1.54,35.5,,-61.3,-50.0,26.1,48.0,-95.6,21.5,0.0,122.0,0
D004381,4.3,1037.0,1.53,28.0,0.55,-60.2,-50.7,25.9,50.0,-92.3,9.3,1.0,102.0,0
D004382,3.5,1167.0,1.3,36.5,,-66.6,-46.3,25.7,40.0,-91.8,4.0,1.0,110.0,0
D004383,5.3,1165.0,1.22,,0.45,-64.0,-50.7,22.6,48.0,-96.8,10.2,0.0,128.0,1
D004384,5.0,1134.0,1.01,29.0,0.38,-63.8,-50.2,23.9,42.0,-96.0,11.1,1.0,128.0,1
D004385,5.2,1162.0,1.12,30.5,0.46,-65.1,-48.8,24.8,46.0,-94.6,11.1,1.0,131.0,1
D004386,4.4,1071.0,1.49,35.5,0.54,-67.2,-49.9,21.6,47.0,-96.5,8.3,0.0,135.0,1
D004387,6.1,1376.0,1.22,39.0,0.4,-69.3,-53.7,25.8,41.0,-96.3,4.3,0.0,118.0,1
D004388,5.3,1182.0,1.03,29.0,0.49,-66.2,-50.3,24.0,46.0,-94.1,9.7,0.0,139.0,1
D004389,3.2,1025.0,0.84,34.5,0.42,-63.6,-47.4,25.5,32.0,-98.6,22.8,1.0,108.0,0
D004390,5.2,1213.0,1.05,30.0,,-64.8,,23.8,40.0,-94.6,6.9,0.0,128.0,1
D004391,5.0,1244.0,1.02,29.0,0.47,-63.9,-48.0,23.2,47.0,-95.8,7.2,1.0,128.0,1
D004392,4.9,1270.0,1.09,29.5,0.5,-65.2,-49.2,23.4,44.0,-95.5,10.1,0.0,128.0,0
D004393,4.5,1156.0,1.02,32.5,0.51,-65.3,-50.4,24.1,45.0,-96.9,8.8,0.0,124.0,1
D004394,4.7,1196.0,0.97,28.0,0.53,-64.5,-49.7,22.5,41.0,-95.4,8.8,1.0,126.0,1
D004395,4.4,1137.0,1.08,28.5,0.49,-65.3,-49.8,23.7,45.0,-97.4,8.5,0.0,124.0,1
D004396,5.7,1060.0,1.47,20.0,0.67,-69.5,-49.6,21.5,50.0,-95.4,15.6,0.0,147.0,0
D004397,4.8,1222.0,1.03,31.5,0.49,-64.8,-50.2,22.8,46.0,-95.0,8.5,0.0,128.0,1
D004398,4.3,1165.0,1.56,32.5,0.68,-67.1,-49.5,23.6,58.0,-96.4,1.3,1.0,109.0,0
D004399,4.0,1176.0,1.08,27.5,0.53,-64.0,-48.8,23.9,40.0,-97.7,9.3,1.0,124.0,0
D004400,4.9,1309.0,1.14,29.0,0.41,-68.4,-52.0,22.7,42.0,-94.9,14.7,0.0,141.0,1
D004401,5.1,1178.0,0.96,30.5,0.48,-64.4,-49.1,25.5,43.0,-94.7,9.3,1.0,127.0,1
D004402,4.8,1121.0,1.15,31.0,0.46,-66.7,-50.1,25.4,43.0,-95.5,9.6,1.0,134.0,0
D004403,5.4,1195.0,1.12,30.5,0.48,-65.1,-50.0,22.5,45.0,-95.5,6.3,1.0,124.0,1
D004404,5.6,1101.0,0.91,23.5,0.43,-61.3,-50.7,25.4,41.0,-95.7,10.5,,142.0,1
D004405,,1316.0,1.39,26.5,0.51,-65.0,-52.9,29.6,47.0,-99.0,6.7,1.0,114.0,0
D004406,4.2,1251.0,1.43,28.5,0.38,-67.8,-51.3,22.4,35.0,-99.8,7.5,1.0,103.0,0
D004407,4.2,1215.0,1.24,31.5,0.44,-64.3,-50.3,24.5,42.0,-94.5,9.4,0.0,134.0,1
D004408,3.9,1288.0,1.24,31.5,0.62,-68.2,-50.0,20.1,37.0,-90.9,4.6,1.0,113.0,0
D004409,6.7,1111.0,1.54,24.5,0.55,-68.1,-45.9,28.4,38.0,-96.8,13.9,,134.0,1
D004410,5.3,1229.0,0.92,26.0,0.48,-65.4,-50.7,24.0,47.0,-95.2,5.1,1.0,128.0,1
D004411,5.1,,1.14,27.5,0.52,-63.7,-52.1,24.3,42.0,,6.6,0.0,131.0,1
D004412,4.4,1257.0,0.98,30.0,0.44,-66.2,-50.1,24.9,44.0,-97.0,8.2,1.0,135.0,1
D004413,5.7,1348.0,1.01,22.5,0.36,-67.6,-47.0,28.1,49.0,,6.5,1.0,127.0,0
D004414,4.4,1266.0,1.1,26.5,0.48,-64.4,-51.0,24.1,49.0,-94.6,9.9,1.0,127.0,0
D004415,4.1,1167.0,1.04,26.0,0.49,-66.4,-50.7,25.3,40.0,-95.9,7.8,0.0,118.0,1
D004416,4.9,1207.0,1.14,28.0,0.55,-65.4,-51.5,25.4,51.0,-94.2,7.4,1.0,131.0,1
D004417,5.1,1214.0,1.09,30.5,0.43,-65.7,-51.4,23.1,45.0,-93.0,12.4,0.0,,1
D004418,5.1,1073.0,0.8,36.0,0.62,-62.8,-53.9,20.8,49.0,-93.0,22.0,1.0,136.0,0
D004419,4.2,1145.0,1.11,29.5,0.45,-64.5,-49.1,23.0,44.0,-98.1,10.6,0.0,130.0,1
D004420,3.9,1334.0,1.55,37.0,0.53,-65.0,-54.7,20.9,47.0,-93.0,16.5,1.0,111.0,0
D004421,6.1,1201.0,1.27,38.0,0.5,-68.0,-45.3,23.7,59.0,-95.5,22.7,1.0,,1
D004422,4.4,1254.0,1.18,28.0,0.49,-66.9,-49.7,23.8,43.0,-95.1,5.2,1.0,137.0,1
D004423,4.8,1209.0,1.0,32.5,0.51,-65.6,-49.4,24.2,46.0,-93.7,9.4,0.0,125.0,1
D004424,6.2,1055.0,1.08,26.0,0.41,-67.3,-49.8,28.6,57.0,-90.8,20.7,1.0,133.0,0
D004425,4.6,1113.0,1.08,30.5,0.51,-64.1,-50.4,23.0,35.0,-94.8,9.7,0.0,123.0,1
D004426,4.7,1200.0,1.06,26.5,0.43,-64.4,-50.0,24.5,45.0,-97.0,8.4,0.0,126.0,1
D004427,5.3,1174.0,1.19,27.5,0.45,-63.5,-52.2,24.0,36.0,-96.7,11.4,0.0,132.0,1
D004428,5.2,1221.0,1.0,29.5,0.43,-66.5,-50.6,25.2,46.0,-95.7,5.9,1.0,129.0,1
D004429,4.5,1138.0,1.2,30.0,0.55,-64.8,-51.7,23.8,42.0,-95.6,3.2,1.0,132.0,0
D004430,5.1,1249.0,1.19,30.5,0.43,,-49.3,22.9,47.0,-93.8,7.1,0.0,128.0,1
D004431,4.2,1206.0,1.06,27.5,0.5,-64.8,-49.7,23.5,48.0,-95.3,9.2,1.0,125.0,0
D004432,5.8,1025.0,0.88,32.5,0.32,-65.2,-53.6,25.5,49.0,-90.1,18.9,0.0,117.0,0
D004433,5.0,1136.0,1.14,28.5,0.47,-66.1,-50.8,23.5,46.0,-95.7,2.3,0.0,132.0,1
D004434,5.0,1224.0,1.18,30.0,0.46,-67.4,-49.7,25.7,44.0,-94.8,4.2,1.0,129.0,0
D004435,6.6,1230.0,,40.0,0.4,-65.7,-47.6,24.0,55.0,-98.5,5.6,1.0,124.0,1
D004436,4.9,1197.0,0.96,27.0,0.43,-66.2,-50.0,24.3,41.0,-97.1,7.7,0.0,129.0,1
D004437,4.6,1194.0,1.14,33.5,0.49,-64.3,-49.9,24.7,40.0,-96.5,4.1,1.0,119.0,1
D004438,5.1,1175.0,1.16,30.0,0.46,-64.2,-49.7,23.4,42.0,-97.1,8.5,,132.0,1
D004439,4.6,1315.0,0.94,29.0,0.46,-67.7,-53.2,24.3,36.0,-94.3,23.4,0.0,124.0,1
D004440,4.8,1235.0,0.99,28.5,0.48,-65.1,-49.1,23.2,43.0,-95.1,4.3,0.0,146.0,1
D004441,5.2,1039.0,1.24,32.5,0.35,-68.4,-48.8,23.4,31.0,-91.3,11.8,0.0,103.0,0
D004442,5.7,1084.0,1.25,34.0,0.57,-69.3,-48.6,27.0,46.0,-90.0,22.7,1.0,124.0,1
D004443,4.7,1154.0,1.08,30.0,0.43,-65.4,-51.3,24.7,45.0,-95.5,12.3,0.0,124.0,1
D004444,6.7,1355.0,1.35,29.0,0.53,-66.6,-45.8,25.1,51.0,-91.6,14.1,0.0,123.0,1
D004445,7.0,1136.0,1.52,26.5,0.46,-65.4,-53.8,25.7,46.0,-92.6,10.0,1.0,126.0,0
D004446,5.3,1158.0,0.96,30.5,0.5,-65.6,-51.4,22.8,43.0,-95.8,9.9,0.0,131.0,1
D004447,4.6,1131.0,1.05,30.0,0.46,-64.7,-49.6,23.8,47.0,-94.8,9.4,,128.0,1
D004448,4.9,1223.0,1.13,31.5,0.47,-63.0,-51.1,,46.0,-95.7,7.7,1.0,127.0,1
D004449,4.8,1103.0,1.14,27.5,0.49,-64.9,-51.7,22.8,43.0,-96.3,7.2,0.0,133.0,1
D004450,5.1,1115.0,1.12,34.0,0.5,-64.6,-49.5,25.1,46.0,-95.1,11.0,1.0,132.0,1
D004451,4.5,1045.0,1.3,28.0,0.34,-68.1,-49.3,20.4,33.0,-99.4,18.8,0.0,110.0,0
D004452,3.1,1057.0,1.03,24.0,0.65,-69.6,-46.3,21.1,56.0,-96.2,18.3,1.0,119.0,0
D004453,3.8,1181.0,1.14,29.0,0.48,-66.0,-48.8,25.3,46.0,-95.4,9.5,1.0,127.0,0
D004454,4.4,1193.0,1.23,,0.46,-65.7,-48.9,24.0,46.0,-95.5,12.0,1.0,132.0,0
D004455,4.3,1179.0,0.89,30.5,0.47,-64.6,-49.4,23.3,51.0,-95.5,7.0,0.0,128.0,1
D004456,5.2,1159.0,1.1,27.0,0.42,-64.4,-49.8,23.2,44.0,-93.9,10.2,,135.0,1
D004457,4.7,1226.0,1.03,27.0,0.44,-64.2,-49.8,23.3,41.0,-96.7,8.1,0.0,130.0,1
D004458,5.4,1134.0,1.23,26.0,0.52,-65.3,-51.6,23.9,49.0,-96.2,9.2,1.0,131.0,1
D004459,6.2,1244.0,1.29,24.5,0.46,-66.1,-47.9,21.9,43.0,-93.2,18.2,1.0,118.0,1
D004460,4.9,1206.0,1.14,31.5,0.55,-66.0,-51.1,22.8,40.0,-96.3,10.0,1.0,132.0,1
D004461,6.8,1175.0,1.31,21.5,0.47,-65.8,-45.5,28.2,56.0,-98.9,22.3,0.0,121.0,0
D004462,4.8,1074.0,1.07,29.0,0.52,-64.3,-49.5,22.6,46.0,-95.3,7.0,1.0,134.0,1
D004463,5.0,1153.0,1.21,28.0,0.53,-63.6,-50.8,23.3,48.0,-96.6,7.1,1.0,121.0,1
D004464,5.2,1194.0,1.13,29.5,,-63.3,,23.8,44.0,-96.2,9.2,0.0,123.0,1
D004465,4.6,1248.0,1.05,31.0,0.5,-66.6,-49.4,24.0,41.0,-95.6,12.8,1.0,137.0,1
D004466,4.2,1131.0,1.03,28.5,0.5,-64.6,-50.9,23.9,49.0,-96.3,7.1,1.0,125.0,1
D004467,5.8,1004.0,0.88,28.5,0.37,-69.3,-46.0,29.3,50.0,-99.7,12.1,1.0,110.0,0
D004468,3.4,1168.0,1.05,29.0,0.66,-64.4,-54.6,21.7,41.0,-93.9,2.1,1.0,132.0,0
D004469,4.9,1217.0,1.14,29.0,0.51,-64.2,-51.8,24.0,40.0,-95.3,7.0,0.0,130.0,1
D004470,3.3,1383.0,0.9,31.5,0.34,-66.9,-46.0,28.6,35.0,-93.6,10.2,1.0,120.0,0
D004471,5.0,1199.0,0.99,31.0,0.46,-65.6,-50.4,23.0,48.0,-95.4,7.6,0.0,118.0,1
D004472,4.7,1205.0,1.21,29.0,0.48,-64.0,-51.0,24.2,48.0,-97.5,7.4,0.0,134.0,1
D004473,4.5,1216.0,1.09,33.5,0.46,-65.3,-48.8,24.0,40.0,-96.5,9.0,0.0,133.0,1
D004474,4.7,1182.0,1.17,29.0,0.49,-65.5,-50.8,24.8,40.0,-95.5,9.9,1.0,121.0,1
D004475,4.5,1206.0,0.98,27.5,0.46,-65.1,-49.1,23.4,39.0,-96.8,7.7,1.0,130.0,1
D004476,4.9,1226.0,1.15,27.0,0.55,-66.2,-49.9,23.1,41.0,-94.6,,1.0,131.0,1
D004477,5.1,1088.0,,25.5,0.41,-67.0,-52.1,24.3,46.0,-96.7,10.4,0.0,129.0,1
D004478,5.2,1213.0,1.09,26.5,0.46,-65.8,-49.1,22.9,42.0,-96.2,9.2,0.0,128.0,1
D004479,4.9,1125.0,1.23,25.5,0.47,-65.2,-51.4,26.1,46.0,-95.5,13.1,0.0,134.0,1
D004480,3.5,1151.0,1.49,34.0,0.41,-64.2,-48.4,26.7,53.0,-97.4,22.9,1.0,127.0,0
D004481,4.9,1147.0,1.15,27.5,0.51,-64.3,-50.6,22.1,48.0,-97.3,9.7,1.0,129.0,0
D004482,6.2,1328.0,1.02,22.5,0.32,-62.9,-52.4,27.5,40.0,-93.3,0.5,0.0,147.0,0
D004483,5.2,1316.0,0.89,30.5,0.63,-61.8,-49.1,29.4,59.0,-94.2,2.4,1.0,112.0,0
D004484,3.5,1230.0,1.06,30.0,0.49,-65.6,-49.7,24.5,41.0,-96.2,7.9,0.0,139.0,1
D004485,4.5,1166.0,1.04,28.5,0.53,-64.5,,24.6,40.0,-96.6,8.2,0.0,139.0,1
D004486,5.1,1168.0,1.15,25.5,0.46,-66.0,-51.7,25.9,42.0,,11.0,1.0,131.0,1
D004487,5.1,1170.0,1.02,29.5,0.45,-66.5,-50.3,22.4,,-96.4,9.3,1.0,119.0,1
D004488,5.4,1181.0,1.11,30.0,0.5,-66.4,-49.8,24.7,46.0,-93.2,12.2,1.0,131.0,1
D004489,4.9,1177.0,1.06,28.5,0.48,-64.6,-49.4,24.1,43.0,-95.4,8.2,1.0,125.0,1
D004490,5.4,1177.0,1.07,29.0,0.51,-64.1,-50.1,22.4,45.0,-94.8,9.0,1.0,123.0,1
D004491,4.7,1132.0,1.06,25.0,0.55,-64.7,-50.6,22.7,48.0,-95.1,10.7,1.0,131.0,0
D004492,5.1,1047.0,1.4,,0.61,-61.5,-54.8,23.2,39.0,-90.3,8.0,1.0,144.0,1
D004493,4.3,1181.0,0.93,31.5,0.45,-66.3,-49.4,23.5,49.0,-96.1,10.5,1.0,121.0,1
D004494,5.4,1210.0,1.18,32.0,0.42,-64.2,-50.3,23.2,50.0,-93.6,6.7,0.0,136.0,1
D004495,5.7,1199.0,0.94,34.0,0.54,-66.3,-47.4,26.7,40.0,-94.6,9.0,1.0,128.0,1
D004496,4.9,1164.0,1.04,28.0,0.53,-64.3,-50.9,23.4,44.0,-95.8,12.1,1.0,138.0,1
D004497,4.1,1195.0,1.1,32.0,0.54,-65.0,-48.1,23.6,44.0,-95.3,5.7,0.0,126.0,1
D004498,5.4,1169.0,1.19,27.5,0.47,-64.2,-49.5,24.4,53.0,-95.3,14.6,0.0,126.0,1
D004499,5.0,1138.0,1.11,28.5,0.45,-64.6,-52.9,25.3,46.0,-94.9,7.0,0.0,122.0,1
D004500,4.1,1168.0,1.13,31.5,0.47,-64.7,-51.1,23.3,45.0,-97.0,13.1,0.0,134.0,1
D004501,6.5,1325.0,1.22,23.0,0.5,-63.0,-46.2,27.7,41.0,-98.2,7.0,1.0,110.0,0
D004502,4.5,1222.0,1.28,30.5,0.49,-64.2,-50.4,24.2,46.0,-94.4,9.2,0.0,122.0,1
D004503,5.0,1190.0,0.9,28.0,0.54,-64.2,-49.0,24.5,48.0,-96.7,13.3,0.0,126.0,1
D004504,4.8,1181.0,1.08,29.0,0.47,-65.3,-51.6,22.0,45.0,-94.7,11.1,0.0,125.0,1
D004505,7.0,1393.0,1.14,36.5,0.37,-64.1,-48.4,23.4,,-97.3,0.7,1.0,124.0,1
D004506,5.4,1201.0,1.11,29.5,0.48,-64.3,-48.5,24.6,42.0,,,1.0,121.0,1
D004507,5.2,1227.0,1.14,30.0,0.55,-64.2,-50.3,26.0,41.0,-96.4,9.4,1.0,127.0,1
D004508,5.0,1112.0,1.3,28.0,0.47,-65.5,-49.5,23.4,44.0,-95.7,12.9,1.0,130.0,0
D004509,4.5,1121.0,1.1,25.5,0.5,-65.5,-49.8,25.7,47.0,-95.0,12.0,1.0,124.0,0
D004510,6.8,1123.0,1.19,20.5,0.4,-67.5,-45.9,22.1,,-92.7,11.9,0.0,125.0,0
D004511,3.6,1020.0,1.1,27.5,0.47,-64.9,-47.0,29.6,59.0,-94.0,14.4,1.0,132.0,0
D004512,3.4,1187.0,0.82,33.5,0.53,-66.1,-45.3,22.7,50.0,-92.7,5.4,1.0,137.0,1
D004513,5.5,1171.0,0.92,31.5,0.47,-67.2,-50.7,24.1,44.0,-95.7,8.3,1.0,129.0,1
D004514,4.9,1187.0,1.12,29.0,0.47,-65.5,-50.8,24.0,47.0,-95.6,9.0,0.0,127.0,1
D004515,5.2,1069.0,1.22,33.0,0.43,-60.5,-51.7,29.9,51.0,-99.4,16.6,1.0,118.0,0
D004516,5.0,1253.0,1.12,26.0,0.52,-65.1,-49.4,25.1,41.0,-96.3,13.8,,125.0,1
D004517,5.2,1218.0,1.08,28.5,0.51,-65.9,-48.9,24.5,46.0,-94.8,8.7,0.0,129.0,1
D004518,5.8,1395.0,1.28,38.0,0.63,-68.6,-55.0,26.2,54.0,-95.5,4.3,1.0,114.0,1
D004519,5.0,1229.0,1.03,30.0,0.44,-64.8,-49.6,24.4,47.0,-95.5,6.3,1.0,118.0,0
D004520,3.3,1359.0,,22.5,0.57,-65.0,-53.8,26.2,50.0,-97.8,14.4,0.0,109.0,0
D004521,5.2,1229.0,1.08,23.0,0.47,-66.9,-47.5,25.2,46.0,-90.4,2.3,0.0,120.0,1
D004522,4.7,1216.0,1.32,28.0,0.52,-66.0,-50.7,23.6,43.0,,7.1,0.0,125.0,1
D004523,4.9,1199.0,0.93,30.0,0.54,-66.7,-49.7,22.9,,-96.3,7.9,0.0,119.0,1
D004524,5.4,1211.0,1.17,29.5,0.52,-64.9,-47.9,25.1,40.0,-94.6,7.9,0.0,134.0,1
D004525,4.9,1156.0,1.04,25.5,0.54,-64.7,-50.4,,39.0,-96.7,8.3,0.0,128.0,1
D004526,4.6,1170.0,1.22,28.0,0.48,-64.1,-51.3,23.8,42.0,-95.3,4.0,0.0,129.0,1
D004527,6.3,1170.0,1.21,29.0,0.65,-61.4,-50.1,20.7,59.0,-90.1,16.0,1.0,128.0,0
D004528,4.7,1324.0,1.58,24.5,0.7,-60.7,-50.7,25.6,55.0,-93.1,13.7,1.0,125.0,0
D004529,5.2,1150.0,1.19,32.0,0.43,-66.5,-49.3,22.8,45.0,-93.4,6.2,1.0,127.0,1
D004530,4.9,1187.0,1.2,29.0,0.43,-65.4,-50.7,23.7,45.0,-94.1,7.2,1.0,126.0,1
D004531,4.9,1179.0,1.27,26.5,0.48,-65.1,-49.3,25.5,48.0,-95.2,4.9,0.0,130.0,1
D004532,4.9,1212.0,1.11,32.5,0.49,-66.9,-48.7,24.5,43.0,-94.9,11.9,1.0,128.0,1
D004533,5.1,1194.0,0.98,27.0,0.54,-67.2,-52.6,24.0,44.0,-96.4,10.7,1.0,128.0,1
D004534,4.2,1187.0,1.27,28.5,0.45,-65.6,-49.2,27.2,51.0,-94.0,7.4,0.0,132.0,0
D004535,5.1,1236.0,1.17,29.5,0.47,-66.9,-51.4,24.2,50.0,-96.3,13.0,0.0,127.0,1
D004536,6.9,1334.0,1.19,33.0,0.63,-65.3,-48.2,25.6,50.0,-92.6,13.9,1.0,134.0,1
D004537,5.1,1228.0,1.07,28.0,0.49,-63.6,-49.2,24.2,43.0,-95.0,10.6,0.0,128.0,1
D004538,4.4,1188.0,1.17,29.0,0.41,-65.0,-50.9,22.5,40.0,-95.1,8.2,1.0,127.0,1
D004539,3.9,1236.0,1.06,24.0,0.58,-66.4,-51.2,23.4,42.0,-96.7,12.1,0.0,134.0,1
D004540,6.5,1129.0,1.19,23.5,0.46,-65.7,-45.4,25.9,60.0,-96.0,20.6,1.0,128.0,0
D004541,4.9,1203.0,0.94,29.5,0.46,-64.9,-50.1,24.8,41.0,-94.3,9.6,0.0,123.0,1
D004542,4.8,1170.0,1.32,29.0,0.43,-66.3,-51.9,24.3,50.0,-97.3,7.0,1.0,124.0,1
D004543,4.6,1204.0,1.05,30.0,0.52,-66.3,-51.3,23.9,46.0,-94.8,10.7,0.0,123.0,1
D004544,5.3,1102.0,1.04,26.0,0.52,-64.6,-51.0,25.0,45.0,-95.4,8.7,1.0,127.0,0
D004545,4.3,1186.0,1.21,30.0,0.5,-64.9,-50.1,25.7,44.0,-96.5,7.3,1.0,119.0,0
D004546,3.3,1363.0,0.92,35.0,0.68,-64.3,-54.4,24.0,33.0,-90.4,4.0,0.0,108.0,0
D004547,4.4,1189.0,1.14,26.5,0.45,,-49.5,22.8,43.0,-95.0,5.2,1.0,127.0,1
D004548,3.5,1030.0,1.09,32.0,0.46,-61.1,-47.8,25.2,39.0,-95.0,13.0,0.0,128.0,0
D004549,4.8,1194.0,1.03,32.0,0.52,-66.1,-49.1,23.6,44.0,-95.8,4.7,0.0,134.0,1
D004550,4.4,1149.0,1.22,31.5,0.49,-64.9,-50.2,24.9,42.0,-94.7,14.4,0.0,130.0,1
D004551,4.1,1246.0,1.49,23.5,0.47,-65.2,-51.5,22.0,43.0,-95.5,11.1,0.0,113.0,0
D004552,5.4,1176.0,,27.5,0.42,-66.3,-48.2,24.0,39.0,-96.1,5.7,1.0,125.0,1
D004553,4.7,1194.0,1.13,28.0,0.47,-65.0,-48.6,24.5,41.0,-94.2,10.7,1.0,132.0,1
D004554,5.5,1340.0,1.54,30.5,0.67,-64.8,-54.4,22.7,52.0,-97.6,6.0,0.0,133.0,0
D004555,4.6,1233.0,1.01,30.0,0.49,-65.4,-50.2,24.4,42.0,-93.6,5.6,1.0,133.0,1
D004556,5.1,1221.0,1.17,28.5,0.46,-64.9,-49.0,23.5,46.0,-95.5,5.9,1.0,130.0,1
D004557,5.8,1157.0,1.21,29.0,0.47,-66.8,-50.9,23.6,46.0,-93.9,8.8,1.0,125.0,1
D004558,5.7,1096.0,1.11,30.5,0.42,-66.3,-49.7,24.9,45.0,-94.0,9.6,1.0,133.0,1
D004559,5.0,1165.0,1.16,27.0,0.49,-66.1,-48.7,26.1,46.0,-96.8,9.0,1.0,123.0,0
D004560,4.9,1124.0,1.13,29.5,0.46,-66.2,-50.0,25.5,44.0,-94.2,5.9,0.0,126.0,1
D004561,4.8,1156.0,1.3,27.5,0.47,-65.5,-50.4,24.9,47.0,-95.1,7.4,1.0,127.0,0
D004562,5.5,1196.0,1.03,27.5,0.4,,-49.2,23.5,46.0,-95.8,10.0,1.0,127.0,1
D004563,6.2,1299.0,1.48,39.5,0.47,-68.9,-45.7,24.3,30.0,-92.7,0.1,1.0,136.0,1
D004564,4.9,1260.0,1.25,31.0,0.46,-65.8,,23.9,44.0,,9.8,1.0,128.0,1
D004565,4.6,1143.0,1.13,25.0,0.47,-64.2,-49.0,23.9,41.0,-95.7,10.1,0.0,133.0,1
D004566,5.1,1150.0,1.09,32.0,0.49,-64.3,-49.8,23.0,42.0,-96.0,9.1,0.0,129.0,1
D004567,6.4,1093.0,1.33,25.5,0.58,-64.5,-46.0,25.7,45.0,-92.0,17.2,0.0,105.0,0
D004568,4.2,1128.0,1.04,38.5,0.5,-68.0,-49.8,27.2,55.0,-95.6,12.9,1.0,108.0,0
D004569,5.7,1252.0,1.42,32.0,0.66,-68.8,-52.8,23.9,54.0,-98.1,1.0,0.0,122.0,0
D004570,4.7,1204.0,1.21,31.5,0.49,-65.6,-49.6,22.7,45.0,-94.9,6.2,0.0,132.0,1
D004571,4.5,1156.0,1.1,32.5,0.54,-65.1,-50.3,25.9,48.0,-97.1,10.1,1.0,134.0,1
D004572,5.1,1125.0,1.27,28.5,0.53,-64.6,-50.1,22.2,46.0,-95.1,6.1,0.0,135.0,1
D004573,4.8,1149.0,1.16,30.0,0.48,-66.4,-49.6,23.7,41.0,-95.1,8.2,0.0,126.0,1
D004574,5.2,1212.0,1.06,29.0,0.48,-66.4,-51.4,24.2,45.0,-95.6,10.0,1.0,117.0,1
D004575,5.2,1163.0,1.16,25.5,0.45,-65.6,-50.8,24.5,38.0,-96.8,7.4,1.0,131.0,1
D004576,4.8,,1.21,26.0,0.51,-65.0,-48.5,22.3,42.0,-93.6,7.6,1.0,127.0,1
D004577,4.6,1117.0,1.18,26.0,0.48,-65.1,-48.9,23.9,42.0,-95.0,9.1,1.0,127.0,0
D004578,5.5,1154.0,1.08,28.5,0.39,-66.7,-51.4,22.3,37.0,-93.9,10.6,1.0,123.0,1
D004579,4.5,1298.0,1.29,27.5,0.56,-67.2,-48.8,22.3,34.0,-98.1,21.2,1.0,147.0,0
D004580,5.6,1148.0,1.15,29.0,0.46,-66.0,-48.9,24.8,39.0,-94.4,4.2,1.0,125.0,1
D004581,4.7,1147.0,1.14,27.5,0.43,-64.7,-50.1,26.0,40.0,-94.7,11.9,0.0,127.0,1
D004582,5.1,1139.0,1.16,28.5,0.45,-67.8,-49.8,24.1,46.0,-97.8,8.6,1.0,134.0,1
D004583,5.2,1129.0,1.07,28.0,0.41,-65.1,-50.0,26.1,48.0,-94.7,9.5,1.0,,1
D004584,5.1,1204.0,1.11,28.0,0.51,-66.5,-48.3,24.6,42.0,-96.0,4.4,0.0,118.0,1
D004585,4.7,1144.0,1.33,28.0,0.57,-62.1,-47.2,22.9,34.0,-92.8,1.1,1.0,102.0,0
D004586,3.6,1158.0,1.57,35.5,0.34,-65.2,-52.8,25.0,50.0,-95.3,0.4,0.0,123.0,0
D004587,5.0,1165.0,1.1,28.5,0.41,-66.2,-48.7,24.9,44.0,-96.3,12.3,0.0,135.0,1
D004588,5.0,1160.0,1.04,30.0,0.48,-65.6,-51.0,23.2,43.0,-96.4,8.7,0.0,129.0,1
D004589,5.2,1147.0,1.59,21.0,0.62,-68.9,-53.5,26.2,48.0,-96.6,16.9,1.0,147.0,1
D004590,5.9,1073.0,1.56,32.5,0.6,-64.0,-51.8,22.3,58.0,-96.0,8.4,1.0,105.0,0
D004591,4.3,1143.0,1.03,29.5,0.48,-66.2,-51.4,24.5,44.0,-94.4,,0.0,128.0,1
D004592,4.5,1129.0,1.18,29.0,0.45,-65.3,-50.7,24.4,41.0,-95.6,9.0,1.0,123.0,1
D004593,4.5,1175.0,1.23,33.5,0.47,-66.0,-47.8,25.0,41.0,-95.4,9.6,1.0,128.0,1
D004594,4.8,,1.06,31.5,0.49,-65.4,-50.7,23.2,38.0,-94.1,11.0,1.0,135.0,1
D004595,5.0,1198.0,1.0,38.0,0.35,-69.4,-49.5,21.4,32.0,-90.1,13.6,1.0,124.0,1
D004596,5.3,1178.0,1.0,31.5,0.52,-64.1,-50.2,25.3,43.0,-96.2,8.7,1.0,126.0,1
D004597,5.3,1136.0,1.12,31.5,0.45,-66.5,-51.9,23.6,,-97.0,9.7,1.0,128.0,1
D004598,5.2,1119.0,1.06,,0.53,-65.1,-50.3,24.1,41.0,-93.9,9.8,0.0,132.0,1
D004599,5.2,1183.0,1.19,30.5,0.5,-63.8,-50.1,23.0,43.0,-94.7,7.4,0.0,130.0,1
D004600,5.0,1190.0,1.04,25.0,0.48,-65.9,-51.1,23.3,40.0,-95.8,8.2,1.0,123.0,1
D004601,4.7,1126.0,1.15,33.0,0.48,-64.6,-52.1,24.5,40.0,-96.3,7.4,0.0,122.0,1
D004602,3.4,1124.0,1.12,39.0,0.51,-69.0,-48.0,24.3,56.0,-97.8,15.3,0.0,112.0,1
D004603,4.4,1181.0,1.05,32.0,0.52,-67.2,-49.1,23.5,43.0,-96.7,12.9,1.0,130.0,0
D004604,5.3,1170.0,1.08,30.0,0.47,-64.4,-48.5,20.2,59.0,-93.8,10.3,0.0,134.0,1
D004605,4.7,1127.0,1.11,27.0,0.45,-63.5,-49.9,25.4,39.0,-96.5,8.4,1.0,126.0,1
D004606,3.8,1282.0,1.52,39.5,0.46,-60.5,-47.9,29.2,58.0,-93.8,10.0,1.0,126.0,0
D004607,5.2,1192.0,1.13,28.0,0.46,-65.2,-51.4,24.2,46.0,-96.9,8.0,0.0,126.0,1
D004608,5.4,1156.0,0.99,26.5,0.54,-64.0,-49.1,26.4,44.0,-94.2,10.0,1.0,130.0,0
D004609,4.5,1231.0,1.15,27.5,0.41,-65.8,-50.5,23.9,39.0,-97.1,10.0,1.0,135.0,1
D004610,5.1,1186.0,0.92,30.0,0.46,-65.0,-49.4,25.4,44.0,-94.8,9.5,0.0,127.0,1
D004611,6.9,1270.0,0.98,32.0,0.43,-69.9,-45.5,29.3,57.0,-97.4,9.0,1.0,101.0,1
D004612,5.1,1256.0,1.22,29.0,0.47,-65.3,-49.2,25.2,44.0,-93.2,9.8,0.0,134.0,0
D004613,4.7,1337.0,1.36,34.5,0.53,-64.6,-50.2,21.3,45.0,-97.2,8.9,0.0,148.0,1
D004614,5.0,1119.0,0.81,31.0,0.63,-63.1,,26.1,51.0,-94.7,9.7,0.0,120.0,1
D004615,5.1,1013.0,1.17,24.5,0.36,-60.9,-50.6,23.2,54.0,-99.0,8.9,1.0,147.0,0
D004616,4.7,1207.0,1.08,29.5,0.47,-65.5,-52.0,22.7,43.0,-95.8,3.7,0.0,122.0,1
D004617,4.9,1198.0,1.17,27.5,0.52,-65.2,-50.2,24.5,46.0,-94.9,5.9,1.0,122.0,0
D004618,5.3,1216.0,0.99,29.0,0.5,-66.3,,25.1,44.0,-97.1,12.1,0.0,125.0,1
D004619,5.5,1182.0,1.04,29.0,0.42,-66.5,-50.7,23.5,48.0,-94.5,9.2,1.0,,1
D004620,4.5,1194.0,1.16,29.0,0.52,,-49.6,23.9,44.0,-96.3,7.9,1.0,129.0,1
D004621,5.2,1210.0,1.1,33.0,0.46,-66.6,-48.8,24.2,47.0,-95.6,9.7,1.0,131.0,1
D004622,5.0,1143.0,1.34,37.0,0.5,-62.2,-52.8,24.9,45.0,-93.1,3.8,1.0,149.0,1
D004623,4.6,1138.0,0.96,31.5,0.43,-64.4,-49.7,25.3,39.0,-96.2,12.7,1.0,128.0,1
D004624,4.6,1225.0,1.14,27.5,0.45,-64.3,-49.3,23.7,49.0,-95.7,10.0,0.0,129.0,0
D004625,4.3,1220.0,1.14,30.5,0.42,-64.4,-49.8,23.4,45.0,-94.9,6.5,1.0,134.0,0
D004626,3.0,1326.0,1.48,22.5,0.6,-66.6,-47.4,24.6,34.0,-97.7,3.6,0.0,135.0,1
D004627,5.8,1256.0,0.98,37.0,0.69,-64.7,-52.2,22.4,35.0,-96.9,10.1,1.0,109.0,1
D004628,3.8,1261.0,1.47,33.5,0.37,-62.1,-54.4,28.3,57.0,-93.4,16.9,1.0,101.0,0
D004629,3.3,1009.0,1.53,24.5,0.58,-66.5,-50.9,26.4,38.0,-91.0,21.0,0.0,136.0,0
D004630,3.3,1010.0,1.28,25.5,0.53,-67.2,-46.9,29.8,52.0,-97.7,15.9,1.0,122.0,0
D004631,3.1,1273.0,0.95,28.0,0.31,-61.4,-45.1,21.4,50.0,-95.2,0.9,1.0,138.0,0
D004632,5.1,1089.0,1.07,30.0,0.51,-65.9,-49.4,24.0,44.0,-95.0,10.9,1.0,131.0,1
D004633,4.0,1171.0,1.03,27.0,0.44,-64.9,-49.9,24.4,48.0,-96.4,10.3,1.0,130.0,0
D004634,4.8,1266.0,1.06,25.0,0.5,-65.6,-50.0,24.0,41.0,-93.9,11.9,0.0,131.0,1
D004635,4.7,1177.0,0.93,27.5,0.46,-65.4,-48.8,23.9,45.0,-97.2,3.5,0.0,132.0,1
D004636,3.8,1140.0,1.26,29.5,0.45,-66.0,-50.5,23.8,46.0,-94.7,9.0,1.0,133.0,1
D004637,4.6,1168.0,1.05,29.5,0.4,-64.7,-49.6,23.8,,-94.7,8.5,0.0,127.0,1
D004638,4.7,1179.0,1.14,27.5,0.44,-66.6,-50.5,23.4,43.0,-94.4,8.8,,124.0,1
D004639,4.5,1165.0,1.06,27.0,0.52,-66.1,-48.0,23.9,44.0,-94.8,9.5,0.0,129.0,1
D004640,4.7,1274.0,1.11,32.0,0.54,-65.2,-48.7,25.6,44.0,-95.8,10.5,1.0,128.0,1
D004641,4.2,1160.0,1.13,34.0,0.31,-69.4,-54.0,21.7,39.0,-90.8,22.8,1.0,148.0,1
D004642,5.6,1126.0,1.21,34.0,0.51,-66.8,-48.9,24.8,38.0,-94.3,9.6,1.0,136.0,1
D004643,5.0,1005.0,1.42,38.0,0.46,-67.2,-48.0,24.3,36.0,-93.8,23.9,0.0,101.0,0
D004644,5.4,1027.0,0.87,37.5,0.59,-69.4,-52.7,24.8,51.0,-93.2,2.4,1.0,116.0,1
D004645,4.5,1129.0,1.13,28.0,0.53,-65.5,-50.5,25.0,43.0,-95.2,14.1,0.0,127.0,1
D004646,3.7,1368.0,1.17,21.0,0.41,-62.8,-50.5,28.1,30.0,-100.0,18.3,0.0,148.0,0
D004647,4.8,1183.0,1.02,26.5,0.48,-65.5,-49.7,22.1,42.0,-93.9,11.0,1.0,126.0,1
D004648,4.7,1178.0,1.13,31.5,0.41,-65.8,-48.9,23.9,40.0,-96.4,,0.0,125.0,1
D004649,4.9,1180.0,1.05,31.5,0.47,-64.5,-51.2,26.2,44.0,-94.9,8.8,1.0,130.0,1
D004650,4.6,1242.0,1.06,31.0,0.4,-64.5,-48.8,24.3,41.0,-95.6,8.2,0.0,130.0,1
D004651,5.1,1113.0,1.06,30.5,0.45,-65.7,-51.5,23.5,43.0,-96.8,7.1,1.0,122.0,1
D004652,4.9,1123.0,1.11,27.0,0.51,-64.2,-49.0,25.4,40.0,-97.8,8.2,1.0,123.0,0
D004653,5.7,1123.0,1.07,30.0,0.4,-65.0,-53.3,20.2,50.0,-93.0,21.4,1.0,135.0,0
D004654,3.7,1233.0,0.96,25.0,0.54,-67.0,-47.1,27.2,31.0,-95.8,15.1,0.0,132.0,1
D004655,5.2,1162.0,1.15,23.0,0.63,-63.3,-50.6,27.5,50.0,-95.4,20.9,1.0,150.0,0
D004656,4.8,1204.0,1.07,29.5,0.58,-66.1,-50.6,24.6,44.0,-95.3,12.1,0.0,132.0,1
D004657,6.2,1048.0,1.03,37.0,0.66,-61.4,-48.0,28.6,34.0,-99.9,,1.0,126.0,0
D004658,4.5,1166.0,1.0,26.0,0.5,-63.8,-51.0,24.1,42.0,-96.9,8.4,1.0,119.0,0
D004659,4.5,1176.0,1.0,30.5,0.5,-65.8,-48.3,25.0,45.0,-94.8,12.5,1.0,125.0,0
D004660,5.1,1178.0,1.29,,,-65.0,-49.9,23.5,41.0,-94.8,7.3,0.0,124.0,1
D004661,5.4,1190.0,,28.5,0.46,-64.5,-50.6,25.7,45.0,-96.0,13.9,1.0,119.0,1
D004662,4.3,1135.0,1.44,23.0,0.38,-64.9,-45.7,23.9,58.0,-90.8,18.0,1.0,134.0,0
D004663,4.9,1334.0,0.82,25.0,,-67.2,-51.9,22.1,37.0,-92.1,3.6,1.0,111.0,0
D004664,5.4,1186.0,1.22,31.0,0.53,-65.8,-48.3,22.6,42.0,-93.8,13.1,1.0,129.0,1
D004665,4.7,1135.0,1.2,26.5,0.53,-65.9,-48.3,25.2,44.0,-97.2,,0.0,128.0,1
D004666,5.1,1258.0,1.14,27.0,0.49,-64.1,-50.1,26.2,46.0,-96.1,8.0,1.0,130.0,1
D004667,4.5,1187.0,1.05,24.5,0.5,-66.2,-50.1,24.4,38.0,-96.4,6.0,1.0,131.0,1
D004668,4.6,1254.0,0.97,27.5,0.55,-65.8,-51.1,25.8,44.0,-94.8,12.4,1.0,122.0,1
D004669,5.6,1161.0,1.1,31.0,0.5,-66.2,-49.7,23.9,47.0,-96.0,8.9,0.0,140.0,1
D004670,5.4,1176.0,1.2,28.0,0.49,-64.4,-52.1,24.6,43.0,,4.5,0.0,125.0,1
D004671,3.8,1272.0,1.33,28.5,0.3,-63.9,-52.0,27.0,44.0,-92.7,0.3,1.0,146.0,0
D004672,4.7,1194.0,1.0,29.5,0.54,-62.2,-50.3,25.4,44.0,-96.3,5.3,1.0,133.0,1
D004673,4.3,,1.12,27.0,0.45,-66.4,-50.4,22.9,41.0,-96.3,8.4,0.0,122.0,1
D004674,4.7,1164.0,1.17,29.5,0.55,-65.9,-49.1,23.8,45.0,-95.0,12.4,1.0,131.0,1
D004675,4.0,1069.0,1.08,29.0,0.56,-64.1,-52.1,20.9,46.0,-99.4,16.4,0.0,110.0,0
D004676,6.5,1393.0,1.18,36.5,0.55,-63.6,-47.8,24.0,57.0,-91.6,8.2,1.0,133.0,1
D004677,4.7,1128.0,1.06,29.5,0.51,-65.0,-51.0,24.8,41.0,-94.9,9.1,1.0,123.0,1
D004678,4.5,1182.0,1.15,26.5,0.47,-64.4,-51.1,25.1,46.0,-95.3,6.6,0.0,120.0,1
D004679,4.2,1352.0,1.33,26.5,0.57,-61.3,-52.0,20.4,37.0,-94.0,12.6,1.0,103.0,0
D004680,5.0,1153.0,1.25,30.0,0.47,-65.5,,26.3,43.0,-95.9,11.1,0.0,121.0,1
D004681,6.0,1252.0,1.53,24.0,0.35,-69.5,-50.2,20.2,34.0,-93.9,20.8,0.0,122.0,1
D004682,4.8,1175.0,1.28,28.0,0.49,-65.5,-50.0,24.6,44.0,-94.8,8.6,0.0,131.0,1
D004683,5.5,1347.0,0.93,37.5,0.57,-64.4,-51.0,27.5,54.0,-96.9,,0.0,127.0,1
D004684,3.7,1194.0,0.91,35.0,0.45,-61.6,-45.9,25.7,45.0,-95.0,8.4,1.0,136.0,0
D004685,4.6,1138.0,1.01,29.5,0.46,-65.1,-48.4,25.1,41.0,-94.3,8.9,1.0,125.0,0
D004686,3.5,1230.0,1.22,27.0,0.36,-68.3,-53.3,20.5,53.0,-94.9,10.5,0.0,104.0,0
D004687,6.3,1080.0,1.58,24.5,0.67,-67.7,-54.4,,56.0,-92.2,9.5,1.0,144.0,0
D004688,5.1,1122.0,1.1,29.0,0.46,-65.9,-50.7,22.5,43.0,-95.1,11.3,0.0,130.0,0
D004689,5.1,1237.0,1.07,28.0,0.53,-65.8,-48.9,23.3,41.0,-95.7,6.0,0.0,131.0,1
D004690,4.2,1397.0,1.34,39.5,0.55,-67.0,-46.7,20.7,51.0,-98.3,4.9,0.0,124.0,1
D004691,5.0,1237.0,0.95,29.0,0.43,-66.3,-50.3,22.9,37.0,-95.8,4.6,1.0,118.0,1
D004692,4.9,1178.0,1.16,24.0,0.45,-64.5,-50.5,24.1,45.0,-93.9,8.1,0.0,,1
D004693,4.3,1208.0,1.09,22.0,0.47,-63.7,-49.0,22.7,41.0,-99.9,1.9,,127.0,0
D004694,3.5,1210.0,0.98,29.0,0.66,-60.5,-54.2,23.7,40.0,-90.6,5.5,0.0,145.0,0
D004695,4.7,1181.0,1.06,29.0,0.45,-66.3,-50.8,22.7,45.0,-96.2,13.1,1.0,123.0,1
D004696,4.6,1221.0,1.18,30.5,0.46,-65.6,-50.3,23.6,39.0,-95.5,11.6,0.0,131.0,1
D004697,5.0,1152.0,1.04,30.0,,-65.8,-50.7,24.1,44.0,-94.9,12.0,1.0,132.0,1
D004698,3.9,1363.0,1.51,33.5,0.46,-65.8,-54.5,28.1,46.0,-91.8,17.4,1.0,131.0,0
D004699,5.2,1191.0,1.13,32.0,0.49,-64.3,-48.9,22.8,44.0,-95.6,5.8,1.0,127.0,1
D004700,5.1,1236.0,1.23,28.5,0.55,-64.0,-50.4,24.8,46.0,-96.0,11.7,1.0,128.0,0
D004701,4.7,1179.0,1.05,26.5,0.46,-65.2,-51.0,26.0,48.0,-97.0,8.3,0.0,127.0,0
D004702,5.0,1183.0,1.27,32.0,0.5,-66.1,-48.9,,45.0,-95.6,11.5,0.0,132.0,1
D004703,4.6,1192.0,0.98,27.0,0.46,-64.5,-50.1,23.9,43.0,-96.4,11.6,1.0,132.0,0
D004704,3.9,1104.0,1.41,29.5,0.47,-64.9,-49.8,26.7,38.0,-94.3,19.8,0.0,136.0,0
D004705,5.1,1118.0,1.2,31.5,0.53,-64.2,-49.5,21.8,45.0,-95.0,6.1,0.0,124.0,1
D004706,4.4,1160.0,1.09,30.0,0.47,-67.5,-52.0,23.2,42.0,,5.1,1.0,122.0,1
D004707,4.6,1145.0,1.09,29.5,0.5,-65.5,-50.7,20.7,39.0,-96.3,7.5,0.0,130.0,1
D004708,5.0,1167.0,1.16,28.0,0.46,-64.9,-49.3,24.1,44.0,-96.4,5.3,0.0,132.0,1
D004709,4.7,1217.0,1.13,25.5,0.53,-64.9,-50.1,24.4,49.0,-95.7,,0.0,126.0,1
D004710,4.9,1143.0,1.11,30.5,0.52,-66.4,-51.0,24.3,43.0,-94.3,7.4,0.0,128.0,1
D004711,4.3,1195.0,1.3,32.5,0.35,-64.8,-52.7,23.6,33.0,-94.5,7.0,1.0,131.0,0
D004712,4.6,1199.0,1.17,30.5,0.48,-65.8,-50.9,22.9,45.0,-97.1,7.8,0.0,120.0,1
D004713,5.1,1228.0,1.11,31.5,0.42,-65.0,-49.2,23.8,45.0,-97.7,,0.0,135.0,1
D004714,4.9,1268.0,1.1,25.0,0.44,-63.5,-50.4,23.6,40.0,-96.3,8.9,0.0,133.0,1
D004715,4.2,1223.0,0.99,28.5,0.48,-64.4,-48.6,23.2,,-95.4,5.1,1.0,131.0,0
D004716,4.0,1245.0,1.21,22.0,0.6,-66.3,-50.4,26.8,39.0,-97.3,8.7,0.0,136.0,0
D004717,5.8,1086.0,1.3,22.5,0.64,-62.0,-47.9,22.4,,-94.1,1.3,0.0,130.0,1
D004718,3.9,1090.0,1.11,22.0,0.31,-60.9,-50.5,28.7,51.0,-90.2,5.3,0.0,126.0,0
D004719,4.7,1169.0,1.27,25.5,0.49,-64.5,-49.5,23.5,44.0,-96.3,6.2,0.0,143.0,1
D004720,4.3,1250.0,1.12,29.5,0.53,-65.0,-48.5,23.2,42.0,-96.8,4.6,1.0,127.0,0
D004721,4.9,1195.0,1.01,28.0,0.52,-66.2,-49.1,24.5,41.0,-95.5,3.0,1.0,138.0,1
D004722,3.5,1392.0,1.23,21.5,0.56,-70.0,-45.1,22.3,31.0,-96.1,1.2,,110.0,1
D004723,5.0,1236.0,1.12,29.0,0.53,-64.6,-50.5,23.4,44.0,-94.9,7.8,0.0,133.0,1
D004724,4.1,1217.0,1.07,28.5,0.48,-64.8,-50.5,23.6,45.0,-95.2,9.1,1.0,131.0,1
D004725,4.9,1216.0,1.16,30.0,0.5,-65.3,-50.0,22.6,41.0,-96.6,7.1,0.0,136.0,1
D004726,3.3,1245.0,1.08,24.0,0.49,-67.6,-52.9,23.7,41.0,-98.9,3.2,1.0,113.0,1
D004727,4.4,1175.0,1.01,28.5,0.49,-65.5,-47.6,23.6,44.0,-95.0,7.4,0.0,129.0,0
D004728,5.8,1233.0,1.02,30.5,0.5,-65.4,-50.2,23.9,44.0,-96.3,6.3,0.0,,1
D004729,4.8,1249.0,1.19,24.0,0.41,,-53.7,23.8,41.0,-91.5,6.7,1.0,116.0,1
D004730,4.0,1222.0,1.17,27.5,0.56,-66.2,-49.1,23.2,47.0,-96.8,6.8,0.0,131.0,1
D004731,5.0,1123.0,1.0,27.0,0.49,-64.4,,25.7,47.0,-95.6,12.6,1.0,124.0,0
D004732,5.2,1172.0,1.1,34.5,0.45,-63.6,-50.9,24.1,44.0,-94.3,11.6,0.0,132.0,1
D004733,5.3,1170.0,1.19,27.0,0.49,-64.7,-50.5,24.6,49.0,-96.1,4.0,1.0,128.0,1
D004734,6.1,1268.0,1.52,27.0,0.35,-67.7,-52.6,27.2,60.0,-90.7,22.1,1.0,141.0,0
D004735,4.9,1199.0,1.15,27.5,0.53,-66.2,-50.5,24.3,45.0,-95.0,6.1,1.0,132.0,1
D004736,4.9,1224.0,1.12,27.5,0.43,-64.3,-51.0,25.2,46.0,-95.9,12.7,0.0,130.0,1
D004737,4.5,1305.0,1.09,31.0,0.67,-65.0,-49.1,22.3,49.0,-96.3,3.4,1.0,112.0,0
D004738,4.8,1348.0,1.07,32.5,0.61,-60.8,-54.8,26.0,41.0,-98.9,1.8,0.0,134.0,1
D004739,4.6,1161.0,1.1,30.5,0.47,-63.3,-50.2,22.3,49.0,-97.9,8.7,0.0,123.0,1
D004740,3.3,1343.0,1.52,24.0,0.44,-67.1,-52.3,22.6,58.0,-90.8,18.8,0.0,127.0,0
D004741,,1250.0,1.09,32.0,0.48,-65.6,-49.5,24.9,46.0,-96.8,8.7,1.0,128.0,1
D004742,4.6,1240.0,1.1,27.0,0.49,-64.2,-49.7,22.7,42.0,-95.7,6.5,0.0,125.0,0
D004743,4.9,1287.0,1.36,35.5,0.34,-65.0,-49.2,29.7,33.0,-91.3,5.1,1.0,111.0,0
D004744,4.4,1071.0,1.05,27.0,0.5,-65.2,-51.0,23.5,46.0,-93.7,9.6,0.0,125.0,1
D004745,3.3,1041.0,1.22,28.0,0.32,-62.6,-50.2,29.1,52.0,-91.0,5.1,0.0,108.0,0
D004746,4.5,1208.0,1.07,30.0,0.51,-64.1,-49.5,23.8,42.0,-95.4,8.5,0.0,131.0,1
D004747,5.9,1142.0,1.37,37.0,0.32,-62.3,-46.4,22.9,51.0,-94.7,17.8,0.0,132.0,0
D004748,5.8,1004.0,1.14,30.0,0.41,-60.6,-51.9,27.9,46.0,-98.2,5.5,1.0,117.0,1
D004749,5.4,1231.0,1.03,29.5,0.48,-66.1,-51.5,,45.0,-94.3,9.8,0.0,133.0,1
D004750,3.0,1351.0,1.34,31.0,0.63,-63.2,-45.3,28.2,38.0,-95.7,7.9,0.0,115.0,0
D004751,5.0,1144.0,1.18,29.5,0.45,-66.3,-48.2,25.6,39.0,-94.0,8.4,1.0,124.0,1
D004752,5.0,1228.0,1.12,29.5,0.47,-65.6,-49.6,23.7,40.0,-94.4,11.3,1.0,119.0,1
D004753,5.2,1222.0,1.03,25.5,0.42,-65.4,-50.9,22.6,39.0,-96.5,9.1,1.0,122.0,1
D004754,4.8,1153.0,1.02,30.5,0.48,-66.4,-51.3,25.2,41.0,-95.3,5.9,0.0,130.0,1
D004755,4.8,1215.0,1.05,29.5,0.45,-65.5,-50.5,23.2,45.0,-96.5,9.2,1.0,135.0,1
D004756,4.8,1147.0,1.17,27.5,0.49,-66.0,-50.2,23.7,51.0,-94.5,10.7,0.0,128.0,1
D004757,4.6,1215.0,1.19,29.5,0.53,-66.9,-50.8,24.3,41.0,-94.2,8.0,1.0,,1
D004758,6.5,1340.0,0.87,22.5,0.5,-60.9,-47.7,20.6,51.0,-90.2,23.4,0.0,126.0,0
D004759,3.8,1279.0,1.55,24.0,0.33,-66.9,-50.4,21.3,39.0,-93.1,11.2,1.0,121.0,0
D004760,3.1,1002.0,1.29,36.0,0.59,-65.2,-51.5,28.4,51.0,-97.3,1.5,0.0,104.0,0
D004761,4.6,1119.0,1.1,29.5,0.53,-65.9,-50.8,22.8,40.0,-93.8,4.4,0.0,122.0,1
D004762,4.3,1185.0,1.14,31.5,0.44,-65.7,-50.6,25.2,46.0,-95.0,14.6,1.0,135.0,1
D004763,3.3,1329.0,1.18,37.0,0.54,-64.7,-46.3,21.3,56.0,-98.2,10.3,1.0,127.0,0
D004764,4.4,1076.0,1.12,32.5,0.48,-67.2,-50.7,25.1,,-94.5,8.8,0.0,126.0,1
D004765,3.9,1042.0,1.33,25.5,0.58,-68.6,-49.1,29.6,44.0,-96.1,13.5,0.0,125.0,0
D004766,4.5,1190.0,1.31,30.5,0.43,-65.4,-48.7,22.4,44.0,-93.5,12.4,1.0,133.0,1
D004767,4.9,1240.0,1.13,29.5,0.44,-66.6,-50.5,23.6,41.0,-94.4,9.0,0.0,132.0,1
D004768,4.3,1242.0,0.99,32.5,0.49,-64.9,-49.3,24.4,40.0,-94.7,11.6,0.0,130.0,1
D004769,3.6,1398.0,1.23,36.0,0.43,-61.7,-51.5,21.3,52.0,-99.4,22.8,1.0,133.0,0
D004770,3.2,1068.0,1.57,27.0,0.64,-61.9,-46.5,29.8,45.0,-99.9,13.2,1.0,141.0,0
D004771,5.2,1211.0,1.04,29.0,0.42,-65.2,-49.8,23.5,48.0,-96.0,8.0,0.0,126.0,1
D004772,4.6,1235.0,1.22,28.5,0.47,-64.9,-48.7,24.4,49.0,-94.8,9.9,1.0,128.0,1
D004773,5.2,1226.0,0.95,27.5,0.52,-66.5,-50.4,27.0,48.0,-97.0,11.0,0.0,120.0,1
D004774,3.0,1264.0,0.94,33.5,0.41,-60.5,-47.5,,40.0,-97.4,17.3,0.0,127.0,0
D004775,4.9,1219.0,1.14,27.0,0.47,-64.6,-48.5,23.2,36.0,-94.9,14.5,0.0,137.0,1
D004776,5.6,1207.0,1.07,32.5,0.47,-65.9,-49.4,23.2,40.0,-95.2,10.6,1.0,133.0,1
D004777,4.9,1179.0,1.12,27.5,0.51,-66.3,-49.9,23.5,39.0,-95.0,,0.0,131.0,1
D004778,4.6,1130.0,1.19,28.5,0.49,-64.4,-50.5,24.5,40.0,-96.5,11.3,0.0,126.0,1
D004779,4.2,1136.0,1.08,31.0,0.47,-64.8,-49.5,24.3,44.0,-96.2,9.5,1.0,129.0,0
D004780,,1274.0,1.11,26.0,0.5,-67.3,-49.0,24.0,45.0,-96.0,6.9,0.0,125.0,1
D004781,5.0,1214.0,1.14,26.5,0.47,-66.9,-50.5,22.8,,-95.3,6.6,1.0,130.0,1
D004782,5.0,1113.0,1.13,29.0,0.5,-65.4,-48.6,24.2,44.0,-97.5,7.4,0.0,131.0,0
D004783,3.4,1029.0,1.01,25.0,0.53,-67.2,-45.5,24.3,38.0,-92.7,6.0,1.0,132.0,0
D004784,5.7,1117.0,0.99,34.0,0.34,-69.1,-45.1,23.3,37.0,-91.8,9.2,0.0,145.0,1
D004785,4.6,1171.0,1.07,28.0,0.51,-66.0,-48.3,22.9,49.0,-96.0,8.2,1.0,124.0,1
D004786,5.4,1201.0,1.06,29.0,0.49,-65.8,-49.5,23.3,44.0,-96.2,11.9,0.0,,1
D004787,4.2,1148.0,1.13,28.5,0.43,-64.6,-49.9,23.6,43.0,-95.6,8.1,1.0,128.0,0
D004788,5.3,1197.0,1.04,28.0,0.49,-64.9,-49.3,23.8,44.0,-94.3,8.0,0.0,132.0,1
D004789,,1162.0,1.25,33.0,0.48,-66.0,-49.8,22.9,41.0,-96.8,11.6,1.0,133.0,1
D004790,5.2,1165.0,1.15,,0.49,-65.0,-50.2,24.1,37.0,-94.7,9.4,1.0,130.0,1
D004791,4.8,1207.0,1.02,31.5,0.44,-65.4,-50.1,23.2,51.0,-94.8,13.1,1.0,130.0,1
D004792,4.7,1108.0,,26.5,0.46,-66.2,-50.2,23.1,40.0,-95.4,10.8,1.0,,1
D004793,4.0,1179.0,1.26,27.5,0.51,-66.2,-51.4,23.3,44.0,-93.5,2.7,1.0,127.0,1
D004794,3.1,1118.0,0.83,30.5,0.33,-69.2,-45.5,26.1,56.0,-94.2,21.6,1.0,142.0,0
D004795,4.4,1233.0,1.14,29.0,0.5,-64.4,-49.2,23.5,47.0,-93.6,10.3,1.0,133.0,0
D004796,3.6,1158.0,1.51,34.5,0.31,-67.9,-45.5,20.2,35.0,-91.7,0.6,1.0,133.0,0
D004797,5.0,1166.0,1.06,25.0,0.49,-66.4,-49.2,22.7,46.0,-96.3,9.5,1.0,122.0,0
D004798,4.4,1274.0,1.07,27.0,0.46,-64.6,-50.0,25.1,45.0,-95.5,9.3,0.0,127.0,1
D004799,5.7,1227.0,1.1,31.5,0.43,-65.5,,20.7,42.0,-91.9,0.4,0.0,105.0,1
D004800,4.9,1123.0,1.03,31.0,0.5,-65.5,-51.2,24.7,47.0,-96.4,6.5,0.0,136.0,1
D004801,5.0,1196.0,1.09,34.5,0.49,-66.5,-51.7,25.5,35.0,-96.3,8.1,0.0,127.0,1
D004802,6.4,1356.0,0.95,38.0,0.67,-68.7,-51.5,22.7,51.0,-99.8,23.5,1.0,147.0,1
D004803,4.9,1214.0,0.94,28.0,0.5,-65.2,-47.7,22.8,44.0,-97.0,10.2,0.0,135.0,1
D004804,6.2,1275.0,0.88,38.0,0.4,-60.9,-46.7,23.6,33.0,-92.7,21.2,0.0,136.0,1
D004805,4.7,1139.0,1.31,29.5,0.48,-64.6,-49.9,23.8,44.0,-95.8,9.9,0.0,128.0,0
D004806,5.5,1164.0,1.16,29.0,0.5,,-50.0,24.1,40.0,-98.3,8.8,1.0,129.0,1
D004807,4.6,1110.0,1.2,28.5,0.39,-64.7,-50.3,24.7,47.0,-94.6,11.3,1.0,,0
D004808,4.0,1110.0,1.16,33.5,0.44,-65.2,-49.8,21.1,54.0,-95.9,,0.0,131.0,0
D004809,5.3,1133.0,1.09,31.5,0.5,-65.5,-49.7,23.6,48.0,-94.8,13.1,0.0,128.0,1
D004810,5.1,1152.0,1.09,31.5,0.52,-64.5,-49.8,23.3,46.0,-97.7,17.5,1.0,126.0,1
D004811,4.8,1230.0,1.19,31.5,0.43,-65.6,-49.9,23.2,52.0,-95.4,7.2,0.0,143.0,1
D004812,5.4,1159.0,1.09,27.5,0.46,-63.7,-48.0,,41.0,-95.1,7.1,0.0,129.0,1
D004813,4.6,1205.0,1.17,26.0,,-64.7,-50.7,23.5,43.0,-96.0,13.6,1.0,130.0,0
D004814,5.5,1079.0,1.01,30.5,0.47,-66.5,-50.6,23.8,45.0,-97.7,9.4,0.0,132.0,1
D004815,4.2,1171.0,1.11,26.5,0.5,-64.5,-49.2,24.8,40.0,-93.8,10.7,1.0,127.0,0
D004816,3.5,1346.0,0.85,38.0,0.38,-68.9,-51.3,28.5,53.0,-94.0,3.7,1.0,101.0,0
D004817,5.6,1121.0,1.06,31.0,0.47,-64.5,-51.7,24.4,42.0,-94.3,9.5,1.0,114.0,1
D004818,4.6,1303.0,1.16,26.0,0.54,-62.8,-47.0,,40.0,-95.4,21.5,1.0,102.0,0
D004819,4.3,1152.0,0.97,29.0,0.52,-64.0,-48.7,24.5,42.0,-94.8,8.7,1.0,132.0,1
D004820,3.7,1035.0,1.44,33.0,0.51,-62.7,-45.5,28.3,42.0,-95.3,10.6,0.0,103.0,0
D004821,5.5,1333.0,1.55,37.0,0.33,-64.2,-49.6,29.9,34.0,-97.3,9.3,0.0,145.0,1
D004822,3.9,1243.0,1.02,31.0,0.35,-65.0,-54.7,20.6,39.0,-93.6,23.3,1.0,149.0,0
D004823,5.9,1131.0,1.14,26.5,0.44,-64.6,-49.9,23.2,39.0,-96.3,,0.0,139.0,1
D004824,4.7,1174.0,1.01,30.5,0.42,-66.8,-51.5,24.8,41.0,-95.2,9.8,1.0,131.0,1
D004825,6.4,1037.0,0.88,37.0,0.61,-62.2,-53.1,29.6,39.0,-98.0,21.4,1.0,105.0,0
D004826,5.0,1141.0,1.11,28.0,0.46,-66.6,-50.5,24.5,45.0,-95.0,10.4,0.0,118.0,1
D004827,5.5,1358.0,1.0,22.0,0.43,-69.1,-48.2,22.3,59.0,-91.8,2.1,0.0,100.0,1
D004828,5.4,1316.0,1.25,32.5,0.69,-64.3,-45.6,26.6,32.0,-97.7,15.8,0.0,122.0,0
D004829,3.2,1290.0,1.36,28.5,0.68,-69.0,-52.0,24.8,44.0,,11.6,1.0,121.0,0
D004830,5.1,1153.0,0.91,24.5,0.3,-65.9,-45.2,29.0,,-94.6,,0.0,101.0,0
D004831,4.5,1225.0,0.92,31.5,0.48,-65.5,-52.0,24.3,46.0,-97.9,8.6,0.0,131.0,1
D004832,5.7,1172.0,1.23,31.5,0.68,-68.7,-50.9,27.4,45.0,-92.8,21.1,1.0,112.0,0
D004833,4.9,1122.0,1.08,32.5,0.42,-66.8,-49.3,24.6,,-93.9,8.6,1.0,138.0,1
D004834,4.6,1179.0,1.11,33.5,0.54,-63.7,-50.0,22.4,43.0,-95.3,5.1,1.0,117.0,1
D004835,6.1,1197.0,1.03,35.5,0.69,-61.0,-47.2,25.3,36.0,-97.3,12.0,0.0,107.0,0
D004836,5.3,1182.0,1.22,21.0,0.32,-68.1,-54.9,21.7,35.0,-97.5,2.8,0.0,150.0,1
D004837,5.4,1266.0,1.48,28.0,0.6,-69.7,-53.9,27.2,35.0,-99.6,9.8,0.0,118.0,1
D004838,3.8,1227.0,1.53,30.5,0.37,-67.4,-52.9,25.4,36.0,-93.5,17.6,0.0,148.0,1
D004839,5.1,1143.0,1.18,28.0,0.47,-65.8,-50.3,23.8,47.0,-96.8,10.2,1.0,126.0,1
D004840,3.4,1311.0,1.1,35.5,0.42,-68.4,-49.3,24.5,40.0,,19.7,0.0,131.0,1
D004841,4.7,1201.0,1.08,26.5,0.49,-64.0,-49.2,23.7,41.0,-94.5,10.0,1.0,124.0,0
D004842,4.7,1210.0,0.93,28.0,0.51,-63.8,-49.3,26.3,41.0,-95.1,8.8,1.0,127.0,1
D004843,6.0,1186.0,1.6,39.0,0.44,-61.1,-53.6,29.2,40.0,-93.1,15.0,0.0,109.0,0
D004844,4.8,1235.0,1.15,30.0,0.51,-65.4,,22.9,45.0,-95.5,8.2,1.0,132.0,1
D004845,4.8,1216.0,1.11,26.0,0.37,-67.5,-50.3,24.0,47.0,-96.1,12.0,0.0,126.0,0
D004846,6.3,1388.0,0.86,29.0,0.6,-60.2,-46.0,24.4,38.0,-95.5,21.2,,108.0,0
D004847,4.3,1208.0,1.09,31.0,0.52,-64.8,-50.0,24.6,50.0,-95.2,12.8,1.0,124.0,1
D004848,5.1,1174.0,1.11,31.0,0.47,-66.4,-50.0,23.2,46.0,-95.4,8.5,0.0,132.0,1
D004849,5.3,1218.0,1.03,31.5,0.44,-64.6,-51.0,24.5,48.0,-94.9,11.3,1.0,125.0,1
D004850,3.5,1183.0,1.54,34.0,0.3,-64.8,-54.2,23.0,48.0,-91.6,23.2,0.0,146.0,0
D004851,4.6,1032.0,0.92,27.0,0.4,-65.4,-54.2,29.7,45.0,-98.4,4.4,1.0,139.0,0
D004852,5.6,1192.0,1.13,30.0,0.42,-64.7,-50.5,24.8,48.0,-93.5,12.4,0.0,133.0,1
D004853,4.5,1219.0,1.09,34.0,0.45,-65.4,-49.7,23.4,44.0,-96.4,9.4,0.0,127.0,1
D004854,6.7,1100.0,1.57,32.5,0.54,-66.1,-51.9,20.2,35.0,-95.8,1.3,1.0,149.0,1
D004855,6.2,1351.0,1.13,38.0,0.41,-64.2,-52.5,27.7,58.0,-95.7,12.1,1.0,100.0,0
D004856,4.7,1164.0,1.1,28.5,0.49,-65.5,-50.7,24.4,43.0,-95.1,6.1,1.0,123.0,0
D004857,4.0,1328.0,0.95,33.0,0.33,-63.4,-49.5,23.7,60.0,-99.6,23.2,0.0,146.0,0
D004858,5.6,1380.0,1.41,37.0,0.45,-65.1,-48.8,27.7,48.0,-91.4,21.7,0.0,107.0,0
D004859,5.0,1178.0,0.95,30.0,0.53,-64.3,-50.6,24.7,46.0,-95.1,6.7,0.0,124.0,1
D004860,,1148.0,1.11,31.0,0.43,-66.4,-50.6,23.4,43.0,-95.9,10.6,0.0,124.0,1
D004861,4.8,1240.0,1.16,29.0,0.5,-64.9,-49.5,24.6,49.0,-96.0,6.1,,130.0,0
D004862,4.0,1198.0,1.01,29.0,0.43,-65.8,-49.4,25.5,40.0,-97.7,10.4,1.0,133.0,1
D004863,4.6,1126.0,1.02,30.0,0.44,-66.2,-49.1,22.1,43.0,-96.4,8.6,1.0,124.0,1
D004864,4.6,1221.0,1.24,31.0,0.44,-65.5,-49.9,24.7,44.0,-94.2,5.1,1.0,132.0,1
D004865,5.0,1183.0,1.1,28.5,0.48,-66.4,-51.3,22.4,46.0,-95.7,11.0,1.0,130.0,1
D004866,4.2,1249.0,1.14,33.0,0.45,-65.9,-50.6,22.3,51.0,-95.9,11.6,1.0,128.0,0
D004867,3.8,,1.24,38.5,0.35,-61.2,-50.3,23.4,34.0,-98.0,0.4,0.0,149.0,1
D004868,4.3,1247.0,1.12,27.5,0.46,-66.3,-49.2,24.9,46.0,-94.7,6.3,1.0,125.0,1
D004869,6.3,1139.0,1.54,34.5,0.51,,-51.5,28.4,44.0,-91.3,6.8,1.0,129.0,1
D004870,4.8,1099.0,1.17,22.5,0.38,-68.6,-52.4,24.1,46.0,-90.1,13.6,1.0,119.0,1
D004871,5.1,1171.0,0.92,29.5,0.39,-64.7,-53.0,24.6,35.0,-92.1,1.1,1.0,145.0,1
D004872,5.3,1174.0,1.18,29.0,0.44,-64.8,-49.8,24.1,40.0,-96.0,7.5,1.0,129.0,1
D004873,6.1,1139.0,1.34,32.0,0.58,-68.9,-45.6,26.6,58.0,-90.3,16.6,1.0,122.0,0
D004874,4.6,1135.0,1.16,29.0,0.51,-64.4,-50.2,25.5,47.0,-95.1,11.0,1.0,129.0,0
D004875,5.5,1075.0,1.38,26.0,0.38,-65.5,-46.6,24.6,39.0,-91.6,13.5,0.0,109.0,0
D004876,4.5,1174.0,1.29,31.5,0.48,,-49.6,25.9,43.0,-96.8,1.8,1.0,123.0,1
D004877,6.6,1232.0,0.84,31.0,0.67,-62.8,-47.3,27.1,32.0,-99.7,2.0,0.0,138.0,1
D004878,4.8,1244.0,1.22,29.5,0.46,-65.1,-52.3,23.0,48.0,-94.0,10.9,1.0,138.0,1
D004879,4.4,1205.0,1.1,28.0,0.46,-65.4,,22.9,46.0,-96.4,4.7,0.0,124.0,1
D004880,5.0,1246.0,1.21,28.5,0.47,-66.4,-51.0,,45.0,-96.6,9.4,0.0,125.0,1
D004881,4.6,1206.0,1.05,28.5,0.54,-64.1,-51.1,24.1,45.0,-94.0,9.3,0.0,134.0,1
D004882,5.3,1154.0,1.2,29.0,0.41,-64.9,-50.1,23.3,47.0,-97.7,9.3,0.0,127.0,0
D004883,4.4,1122.0,1.1,28.5,0.48,-64.4,-49.7,23.3,43.0,-93.6,11.7,0.0,140.0,0
D004884,4.9,1144.0,0.96,28.5,0.6,-63.4,-49.9,24.7,43.0,-94.8,7.8,0.0,123.0,1
D004885,5.6,1180.0,1.02,31.0,0.41,-66.6,-49.8,,45.0,-96.7,9.3,0.0,126.0,1
D004886,5.2,1237.0,1.12,30.0,0.43,-64.5,-50.7,22.7,45.0,-97.5,8.6,1.0,134.0,1
D004887,4.6,1204.0,1.19,28.5,0.47,-65.9,-50.9,23.4,43.0,-94.1,4.3,0.0,139.0,1
D004888,5.6,1130.0,1.03,30.0,0.41,-65.0,-49.7,22.3,43.0,-96.4,5.0,1.0,122.0,1
D004889,4.3,1220.0,1.08,31.5,0.51,-66.2,-49.4,25.0,45.0,-96.4,7.8,1.0,132.0,1
D004890,4.6,1107.0,1.17,29.0,0.45,-66.0,-51.2,25.3,40.0,-95.5,7.3,0.0,126.0,1
D004891,4.3,1358.0,0.91,32.5,0.4,-65.2,-49.2,26.1,53.0,-93.0,5.7,1.0,116.0,0
D004892,4.8,1237.0,0.96,29.0,0.42,-66.6,-50.0,24.1,50.0,-95.5,6.2,0.0,126.0,1
D004893,3.8,1191.0,1.51,26.5,0.4,-69.6,-49.7,26.8,42.0,-95.4,,0.0,116.0,0
D004894,4.9,1162.0,1.0,,0.47,-64.1,-49.1,24.0,51.0,-92.7,6.6,1.0,131.0,1
D004895,6.8,1166.0,1.06,22.0,0.58,-62.0,-51.8,25.3,37.0,-97.7,14.6,1.0,121.0,0
D004896,5.1,1170.0,1.04,27.0,0.47,-65.3,-49.8,22.8,46.0,-95.5,11.7,1.0,119.0,1
D004897,3.6,1173.0,1.21,30.5,0.6,-60.5,-51.3,22.0,43.0,-94.1,9.0,0.0,146.0,1
D004898,4.0,1241.0,1.57,39.0,0.38,-67.5,-45.7,26.1,43.0,-90.0,1.6,0.0,142.0,1
D004899,5.1,1194.0,1.04,28.5,0.52,-67.8,-49.1,25.4,44.0,-94.8,7.2,1.0,127.0,1
D004900,5.4,1196.0,1.14,31.0,0.46,-65.8,-50.1,23.3,44.0,-94.5,10.6,0.0,126.0,1
D004901,4.5,1181.0,1.1,28.0,0.45,-64.7,-50.1,23.2,45.0,-95.1,11.1,0.0,128.0,0
D004902,4.7,1244.0,1.14,32.0,0.49,-65.1,-51.4,22.9,46.0,-95.6,7.5,1.0,122.0,1
D004903,4.7,1220.0,1.14,28.5,0.46,-66.7,-48.7,25.8,45.0,-96.8,9.8,1.0,133.0,1
D004904,4.6,1192.0,1.08,30.5,0.45,-66.9,-49.8,,49.0,-96.0,7.0,1.0,123.0,1
D004905,6.3,1138.0,1.16,22.5,0.69,-64.4,-49.5,20.1,47.0,-93.4,0.9,1.0,114.0,0
D004906,4.1,1213.0,1.03,29.0,0.45,-64.9,-48.3,24.4,46.0,-97.0,8.7,,123.0,1
D004907,4.8,1181.0,1.08,28.0,0.47,-63.5,-50.4,24.1,43.0,-95.7,10.9,0.0,123.0,0
D004908,4.2,1184.0,1.12,26.0,0.5,-65.8,-48.7,24.2,45.0,-96.1,8.6,1.0,127.0,1
D004909,4.9,1179.0,1.03,38.5,0.35,-62.0,-52.4,29.3,41.0,-98.1,8.8,0.0,131.0,0
D004910,5.1,1153.0,1.06,29.5,0.43,-64.6,-48.2,22.9,46.0,-93.9,10.6,0.0,130.0,1
D004911,4.1,1193.0,1.09,28.5,0.52,-65.5,-47.5,24.3,46.0,-94.6,10.5,0.0,134.0,1
D004912,5.6,1180.0,1.11,27.0,0.49,-65.8,-49.6,24.7,42.0,-95.4,8.9,1.0,125.0,1
D004913,4.2,1164.0,1.17,30.0,0.47,-64.9,,22.8,44.0,-96.0,8.3,1.0,130.0,0
D004914,4.9,1117.0,1.46,32.0,0.51,-61.1,-54.0,24.8,54.0,,3.6,1.0,121.0,1
D004915,4.4,1128.0,1.04,28.0,0.47,-65.7,-49.1,24.6,45.0,-97.3,6.5,1.0,127.0,1
D004916,4.2,1207.0,1.16,29.5,0.51,-64.9,-50.1,24.7,45.0,-94.4,7.6,0.0,127.0,0
D004917,5.0,1093.0,1.47,33.5,0.49,-69.1,-50.0,29.1,37.0,-96.4,20.3,1.0,126.0,0
D004918,5.1,1216.0,1.13,26.5,0.49,-64.4,-50.7,23.6,42.0,-94.0,10.4,1.0,129.0,1
D004919,4.9,1160.0,1.05,30.5,0.39,-64.2,-49.2,23.5,38.0,-94.4,8.9,0.0,133.0,1
D004920,5.8,1300.0,1.33,26.0,0.53,-63.6,-54.6,23.3,33.0,-91.8,21.7,1.0,111.0,1
D004921,4.8,1211.0,1.13,33.0,0.52,-64.7,-51.3,25.4,49.0,-95.8,6.2,1.0,131.0,1
D004922,6.8,1038.0,0.92,30.5,0.55,-69.3,-48.9,20.8,40.0,-94.0,19.7,1.0,140.0,1
D004923,6.4,1052.0,1.28,22.0,,-65.8,-49.8,25.0,38.0,-95.5,12.6,1.0,117.0,0
D004924,4.1,1229.0,1.09,28.0,0.43,-65.8,-51.1,23.9,45.0,-94.1,8.9,0.0,126.0,1
D004925,4.2,1140.0,1.14,33.0,0.48,-63.4,-51.8,27.7,34.0,-99.2,1.6,1.0,126.0,0
D004926,5.0,1216.0,1.08,29.0,0.44,-64.1,-48.3,23.3,44.0,-95.6,9.5,0.0,126.0,0
D004927,6.8,1044.0,0.83,38.0,0.54,-66.4,,24.8,35.0,-96.6,22.9,1.0,103.0,1
D004928,3.8,1134.0,1.4,25.5,0.33,-63.6,-46.7,22.3,50.0,-90.8,3.7,1.0,124.0,0
D004929,4.8,1152.0,0.92,35.5,0.33,-67.3,-46.1,22.3,60.0,-93.7,16.8,1.0,142.0,0
D004930,4.7,1170.0,1.36,33.5,,-65.9,-48.4,23.9,38.0,-90.2,5.6,0.0,140.0,1
D004931,4.2,1034.0,1.32,31.5,0.3,-63.0,-46.1,25.2,51.0,-95.2,9.8,1.0,138.0,0
D004932,4.5,1185.0,0.99,25.5,0.54,-64.9,-48.6,21.8,44.0,-97.1,7.1,,133.0,1
D004933,4.9,1173.0,,29.0,0.49,-65.2,-49.7,22.9,44.0,-94.6,4.7,0.0,134.0,1
D004934,6.6,1063.0,1.01,34.5,0.51,-68.1,-49.8,25.1,35.0,-97.6,8.8,0.0,129.0,1
D004935,4.4,1129.0,1.01,29.0,,-66.7,-47.7,23.7,39.0,-94.2,10.6,0.0,126.0,1
D004936,4.8,1122.0,1.15,28.0,0.47,-64.6,-50.4,23.6,50.0,-96.8,10.5,1.0,135.0,1
D004937,6.7,1219.0,0.9,20.5,0.3,-66.9,-48.1,25.5,55.0,-99.5,10.5,0.0,108.0,0
D004938,4.6,1124.0,1.21,29.0,0.42,-66.1,-50.8,25.5,42.0,-95.3,4.8,0.0,130.0,1
D004939,4.0,1237.0,1.47,22.0,0.6,-63.4,-51.1,28.3,31.0,-91.6,6.8,1.0,103.0,0
D004940,4.3,1325.0,1.38,31.5,0.64,-62.2,-51.9,28.9,39.0,-92.4,7.1,1.0,127.0,0
D004941,5.1,1176.0,1.17,32.0,0.49,-67.6,-50.4,23.0,37.0,-93.8,9.9,0.0,127.0,1
D004942,3.3,1248.0,0.96,26.0,0.42,-61.7,-50.0,24.5,42.0,-95.0,18.1,0.0,121.0,0
D004943,5.0,1176.0,1.09,29.0,0.49,-65.7,-50.5,24.5,48.0,-95.6,8.5,1.0,134.0,1
D004944,4.9,1177.0,1.08,29.5,0.51,-66.4,-49.6,23.6,45.0,-93.5,12.6,0.0,133.0,1
D004945,5.0,1165.0,0.95,27.5,0.53,-64.5,-50.7,24.0,47.0,-95.6,13.6,0.0,128.0,0
D004946,4.4,1133.0,0.98,31.5,0.42,-65.1,,24.4,45.0,-94.9,6.8,1.0,127.0,1
D004947,5.0,1187.0,1.08,30.0,0.52,-63.5,-48.5,22.3,45.0,-94.2,6.6,0.0,135.0,1
D004948,5.1,1273.0,1.04,36.5,0.56,-69.7,-49.1,22.2,52.0,-90.9,14.8,0.0,102.0,1
D004949,3.5,1251.0,1.07,37.0,0.7,-66.1,-53.7,26.7,35.0,-98.6,4.0,1.0,107.0,0
D004950,4.2,1191.0,1.17,30.0,0.5,-66.9,-49.0,25.2,42.0,-95.8,10.8,0.0,126.0,1
D004951,,1332.0,1.42,37.0,0.55,-68.3,-45.3,24.2,36.0,-93.1,5.1,1.0,138.0,1
D004952,5.2,1183.0,1.17,28.5,0.47,-65.0,-50.3,24.4,44.0,-94.3,14.1,1.0,121.0,0
D004953,5.3,1094.0,1.33,38.0,0.61,-61.1,-50.4,23.8,36.0,-99.0,16.4,0.0,149.0,1
D004954,4.4,1127.0,1.02,26.0,0.39,-65.3,-49.7,21.8,47.0,,4.9,1.0,127.0,0
D004955,4.7,1200.0,1.16,29.0,0.44,-64.7,-49.7,24.6,51.0,-97.5,6.3,0.0,120.0,1
D004956,4.6,1177.0,1.03,29.5,0.41,-65.1,-49.2,25.7,47.0,-96.1,10.3,1.0,127.0,1
D004957,4.6,1199.0,1.18,32.0,0.52,-66.1,-49.9,25.1,43.0,-94.8,6.5,,126.0,0
D004958,4.6,1235.0,1.12,30.0,0.53,-66.3,-52.1,24.5,44.0,-96.2,7.0,1.0,128.0,1
D004959,4.4,1164.0,1.21,28.0,0.41,-65.9,-50.7,23.0,49.0,-96.2,3.2,1.0,128.0,1
D004960,4.6,1186.0,1.18,33.0,0.47,-64.5,-48.4,23.6,48.0,-96.1,8.2,0.0,118.0,1
D004961,3.1,1339.0,0.92,31.5,0.35,-68.6,-51.1,24.5,47.0,-93.8,8.8,0.0,123.0,1
D004962,5.1,1221.0,1.1,28.5,0.5,-66.0,-49.8,24.3,42.0,-94.3,8.2,1.0,129.0,1
D004963,4.6,1217.0,1.16,30.0,0.5,-66.5,-51.0,23.4,46.0,-95.7,8.5,0.0,122.0,1
D004964,4.0,1131.0,1.6,31.0,0.55,-61.6,-52.8,29.3,52.0,-91.0,22.2,0.0,124.0,0
D004965,5.0,1063.0,1.08,31.5,0.47,-65.3,-50.7,23.8,39.0,-95.4,13.2,1.0,126.0,1
D004966,5.6,1092.0,1.51,36.0,0.49,-62.7,-51.4,27.0,52.0,-97.2,14.4,1.0,100.0,0
D004967,4.7,1218.0,1.05,24.5,0.53,-64.7,-49.4,23.0,40.0,-94.8,10.2,1.0,127.0,0
D004968,6.3,1020.0,1.36,20.5,0.37,-62.5,-46.0,23.5,33.0,-97.7,,1.0,105.0,0
D004969,,1205.0,1.16,28.0,0.49,-66.0,-50.0,24.8,45.0,,10.6,0.0,132.0,1
D004970,4.8,1228.0,0.96,29.0,0.54,-67.5,-50.2,22.3,47.0,-95.6,10.1,1.0,121.0,1
D004971,4.0,1083.0,1.16,26.0,0.51,-64.9,-51.0,24.7,44.0,-95.3,13.1,0.0,126.0,0
D004972,4.4,1143.0,0.9,27.0,0.52,-65.1,-49.6,24.6,39.0,-96.6,5.1,0.0,121.0,1
D004973,6.6,1322.0,1.38,,0.46,-66.0,-51.8,26.8,51.0,-90.1,12.3,1.0,129.0,1
D004974,4.7,1119.0,1.12,33.5,0.49,-66.3,-51.4,22.4,44.0,-93.0,7.3,1.0,135.0,1
D004975,4.3,1385.0,0.8,30.0,0.37,-62.7,-48.1,23.1,39.0,-96.7,13.7,0.0,123.0,1
D004976,3.1,1224.0,1.36,25.0,0.59,-64.1,-49.4,30.0,45.0,-91.9,7.1,1.0,118.0,0
D004977,6.0,1243.0,1.43,28.5,0.32,-61.3,-47.3,26.1,60.0,-99.7,4.2,0.0,105.0,0
D004978,5.1,1194.0,0.92,29.0,0.43,-65.0,-50.0,23.8,39.0,-98.2,7.9,0.0,126.0,1
D004979,5.0,1263.0,1.11,25.5,0.59,-61.5,-46.2,29.4,55.0,-95.2,,0.0,129.0,0
D004980,4.3,1145.0,1.11,33.0,0.44,-64.8,,24.5,44.0,-96.8,5.8,0.0,135.0,1
D004981,4.5,,1.1,29.5,0.5,-64.8,-50.8,23.3,44.0,-96.0,7.8,1.0,128.0,1
D004982,4.2,1105.0,1.15,26.0,0.49,-66.9,-49.2,24.7,44.0,-96.4,11.8,1.0,121.0,0
D004983,5.2,1214.0,1.14,31.0,0.48,-66.0,-51.4,,47.0,-96.9,7.9,1.0,127.0,1
D004984,5.7,1187.0,0.94,22.5,0.32,-60.6,-53.1,21.1,33.0,-93.7,2.8,0.0,139.0,0
D004985,5.0,1199.0,1.06,27.0,0.5,-64.1,-51.1,24.4,48.0,-95.7,9.7,1.0,123.0,1
D004986,4.7,1113.0,1.04,25.0,0.45,-65.8,-50.4,24.8,41.0,-94.5,12.0,1.0,129.0,0
D004987,4.4,1224.0,1.03,28.5,0.48,-63.7,-48.8,24.5,41.0,-94.8,,1.0,121.0,0
D004988,5.2,1331.0,1.13,25.0,0.66,-69.0,-51.2,22.5,53.0,-94.7,15.7,1.0,102.0,0
D004989,5.5,1161.0,1.09,31.5,0.41,-65.4,-51.6,24.6,44.0,-96.0,11.8,,127.0,1
D004990,5.0,1223.0,1.16,26.5,0.54,-65.2,-48.6,23.6,49.0,-94.0,8.0,0.0,130.0,1
D004991,,1214.0,0.87,31.5,0.52,-64.0,-52.4,20.2,52.0,-94.6,4.0,1.0,122.0,1
D004992,4.3,1222.0,1.03,27.5,0.52,-64.4,-50.9,23.4,41.0,-97.3,5.0,1.0,128.0,1
D004993,5.2,1198.0,1.01,30.5,0.49,-64.6,-50.6,24.0,41.0,-95.7,9.9,0.0,130.0,1
D004994,5.7,1377.0,0.94,20.0,0.52,-60.6,-48.8,22.9,50.0,-95.0,17.0,0.0,105.0,0
D004995,4.6,1102.0,1.19,26.5,0.52,-64.6,-50.6,24.4,42.0,-95.0,11.5,0.0,130.0,1
D004996,4.6,1169.0,1.07,28.5,0.51,-67.2,-49.0,24.2,51.0,-94.4,11.1,0.0,133.0,1
D004997,3.8,1266.0,1.23,25.0,0.67,-60.9,-50.7,24.7,46.0,-98.1,20.0,1.0,139.0,0
D004998,4.8,1217.0,1.18,29.0,0.51,-65.0,-51.2,23.1,49.0,-96.1,14.1,1.0,123.0,1
D004999,6.8,1046.0,1.39,25.0,0.45,-64.8,-48.5,29.0,36.0,-90.5,6.1,1.0,109.0,0
D005000,5.0,1240.0,1.12,34.0,0.44,-65.6,-51.8,24.0,45.0,-94.2,11.4,0.0,134.0,1
D005001,4.8,1170.0,1.22,30.0,0.53,-63.3,-50.3,24.3,42.0,-95.0,6.5,1.0,129.0,0
D005002,4.9,1182.0,1.0,29.5,0.5,-65.0,,23.3,44.0,-94.4,9.6,0.0,127.0,1
D005003,4.9,1140.0,1.15,27.5,0.53,-64.2,-50.0,23.3,43.0,-96.1,10.2,0.0,127.0,1
D005004,3.5,1165.0,1.48,38.0,0.43,-66.6,-52.6,24.9,55.0,-96.8,23.0,0.0,146.0,1
D005005,5.9,1055.0,1.28,22.5,0.38,-68.6,-49.1,25.1,33.0,-94.4,6.9,1.0,125.0,1
D005006,4.8,1222.0,1.1,29.0,0.51,-65.4,-50.1,22.7,45.0,-95.8,5.0,1.0,,1
D005007,6.0,1250.0,1.14,36.0,0.5,-63.9,-54.4,24.3,42.0,-99.4,16.5,0.0,124.0,1
D005008,4.2,1357.0,1.36,28.0,0.38,-66.8,-50.3,29.9,,-94.9,19.5,0.0,103.0,0
D005009,5.0,1131.0,1.03,30.0,0.46,-64.1,-50.8,24.3,45.0,-95.3,3.0,0.0,130.0,1
D005010,,1199.0,1.09,28.5,0.47,-65.7,-49.4,22.9,43.0,-96.2,10.8,1.0,133.0,1
D005011,3.3,1120.0,1.38,27.0,0.64,-69.2,-50.9,24.0,58.0,-96.0,15.6,1.0,102.0,0
D005012,5.9,1041.0,1.29,36.5,0.33,-62.4,-50.4,24.5,33.0,-98.1,14.1,1.0,140.0,1
D005013,5.1,1155.0,1.01,26.5,0.44,-65.6,-49.0,25.0,43.0,-95.6,10.5,0.0,129.0,1
D005014,6.7,1390.0,0.99,26.0,0.46,-69.3,-45.8,24.2,59.0,-98.3,13.2,0.0,114.0,1
D005015,4.7,1120.0,1.49,27.0,0.38,-66.2,-53.9,25.5,,-97.6,16.5,1.0,149.0,1
D005016,4.9,1182.0,1.02,25.5,0.52,-65.8,-48.7,23.6,46.0,-95.0,7.5,0.0,124.0,1
D005017,5.6,1202.0,1.54,25.0,0.58,-66.5,-49.6,21.2,38.0,-93.2,15.0,0.0,118.0,0
D005018,3.5,1373.0,1.1,36.0,0.5,-60.7,-49.8,27.0,38.0,-98.5,14.7,1.0,131.0,0
D005019,4.7,1119.0,1.09,27.5,0.48,-65.3,-50.6,24.7,43.0,-94.2,10.1,1.0,132.0,1
D005020,5.1,1188.0,1.19,32.0,0.5,-65.3,-49.8,22.3,43.0,-94.3,11.1,1.0,138.0,1
D005021,5.4,1110.0,0.96,26.5,0.42,-66.2,-49.4,26.0,47.0,-95.3,10.6,0.0,124.0,1
D005022,4.6,1131.0,1.17,24.5,0.57,-68.0,-49.5,22.0,37.0,-95.2,15.7,0.0,143.0,1
D005023,4.8,1146.0,1.15,27.5,0.54,-66.3,-49.0,22.3,53.0,-95.3,10.9,1.0,117.0,0
D005024,4.1,1394.0,1.27,35.5,0.49,-67.2,-50.3,24.7,60.0,-97.0,0.6,1.0,127.0,1
D005025,3.2,1104.0,0.93,29.5,0.51,-60.3,-53.7,22.6,40.0,-95.4,11.4,1.0,115.0,0
D005026,6.7,1374.0,1.45,36.0,0.31,-65.1,-52.0,26.6,50.0,-97.9,22.2,1.0,148.0,1
D005027,,1085.0,0.91,28.5,0.54,-65.0,-50.8,28.1,33.0,-96.0,10.8,0.0,101.0,1
D005028,5.8,1323.0,1.56,31.5,,-69.0,-54.2,27.7,42.0,-99.3,4.3,0.0,138.0,1
D005029,5.4,1111.0,1.06,,0.52,-64.2,-50.9,24.2,39.0,-96.7,7.4,0.0,124.0,1
D005030,5.6,1143.0,1.15,29.5,0.46,-64.7,-49.5,24.9,45.0,-95.4,7.9,0.0,125.0,1
D005031,4.2,1175.0,1.18,27.0,0.4,-65.1,-48.4,25.6,47.0,-96.6,6.9,0.0,129.0,1
D005032,4.5,1243.0,1.03,29.0,0.47,-64.6,-50.4,24.1,47.0,,11.2,1.0,129.0,1
D005033,5.2,1214.0,1.09,30.5,0.57,-66.0,-50.0,25.9,45.0,-95.9,5.7,0.0,128.0,1
D005034,4.6,1214.0,1.02,31.0,0.4,-66.9,-50.0,25.1,45.0,-95.8,9.1,0.0,128.0,1
D005035,5.9,1045.0,0.92,29.5,0.63,-66.4,-51.2,26.0,42.0,-91.6,17.9,0.0,140.0,1
D005036,5.1,1001.0,1.48,21.0,0.62,-66.0,-51.0,22.0,39.0,-92.2,20.1,0.0,150.0,0
D005037,4.4,1147.0,1.07,28.5,0.39,-67.3,-47.3,23.5,47.0,-96.6,8.5,1.0,136.0,1
D005038,4.8,1137.0,1.05,27.5,0.44,-66.2,-49.0,24.3,40.0,-95.6,11.3,1.0,129.0,0
D005039,5.2,1170.0,1.12,31.5,0.48,-67.7,-50.3,23.4,45.0,-94.5,6.1,0.0,131.0,1
D005040,6.1,1336.0,1.33,37.5,0.66,-68.5,-49.1,21.6,40.0,-94.9,11.6,1.0,106.0,0
D005041,4.9,1125.0,1.16,31.0,0.45,-65.1,-48.4,23.2,,-95.1,8.0,0.0,132.0,1
D005042,4.8,1209.0,1.18,29.5,0.45,-65.5,-49.1,22.6,41.0,-96.4,4.7,1.0,130.0,1
D005043,4.5,1186.0,1.08,30.5,0.51,-64.3,-51.5,24.0,49.0,-96.0,8.5,0.0,139.0,1
D005044,5.0,1119.0,1.09,30.0,0.51,-65.0,-49.8,23.9,42.0,-95.5,7.5,0.0,122.0,1
D005045,4.3,1199.0,1.04,28.0,0.38,-65.3,-48.7,,45.0,-94.8,5.4,0.0,124.0,1
D005046,4.9,1204.0,1.02,34.5,0.56,-65.4,-50.1,24.3,42.0,-96.2,10.4,1.0,130.0,1
D005047,4.6,1205.0,1.15,26.0,0.49,-65.1,-50.0,23.3,42.0,-93.6,3.6,1.0,131.0,1
D005048,4.9,1171.0,1.02,27.0,0.52,-65.7,-50.5,23.6,43.0,-94.7,9.7,0.0,118.0,1
D005049,5.3,1178.0,1.09,30.0,0.52,-64.9,-48.9,25.6,47.0,-94.4,10.5,0.0,119.0,0
D005050,4.9,1211.0,1.33,28.0,0.54,-64.8,-49.9,23.6,47.0,-94.7,8.6,1.0,128.0,0
D005051,4.9,1192.0,1.05,31.0,0.52,-66.6,-50.6,25.6,40.0,-96.8,10.8,1.0,131.0,1
D005052,5.4,1213.0,1.05,34.5,0.5,-66.1,-48.8,26.7,47.0,-96.3,8.3,0.0,127.0,1
D005053,4.8,1215.0,1.17,28.5,0.5,-64.8,-52.3,21.9,39.0,-95.6,7.3,0.0,120.0,1
D005054,5.2,1117.0,1.12,28.0,,-65.1,-48.6,25.3,41.0,-96.3,7.1,1.0,122.0,0
D005055,4.0,1195.0,1.1,28.5,0.46,-64.9,-50.9,24.4,39.0,-95.8,5.1,0.0,137.0,1
D005056,3.3,1026.0,0.97,32.0,0.49,-64.0,-54.3,28.5,53.0,-90.0,21.5,1.0,103.0,0
D005057,4.3,1245.0,1.39,28.5,0.6,-61.0,-51.0,27.9,52.0,-98.8,20.6,1.0,147.0,0
D005058,4.3,1200.0,0.87,26.5,0.46,,-50.2,24.7,43.0,-95.2,6.3,,131.0,1
D005059,4.0,1174.0,1.04,28.5,0.52,-65.4,-49.3,23.5,39.0,-94.4,9.1,0.0,122.0,1
D005060,4.6,1169.0,1.23,28.0,0.44,-64.1,-49.3,25.3,48.0,-96.7,2.0,0.0,128.0,1
D005061,5.1,1165.0,1.08,27.5,0.55,-65.2,-49.7,23.8,43.0,-95.1,7.2,0.0,,0
D005062,4.5,1212.0,1.06,33.0,0.39,-64.3,-49.1,23.7,44.0,-96.4,6.9,0.0,127.0,1
D005063,5.0,1204.0,1.2,29.5,0.5,-65.4,-48.5,24.7,45.0,-94.8,10.6,,124.0,1
D005064,4.3,1225.0,1.59,38.0,0.58,-63.4,-54.3,21.9,42.0,-92.0,0.6,0.0,117.0,1
D005065,5.1,1351.0,1.43,33.5,0.47,-69.7,-49.4,26.4,50.0,-91.4,16.1,1.0,129.0,1
D005066,5.7,1360.0,1.12,20.0,0.37,-69.6,-45.4,22.4,39.0,-91.1,4.0,0.0,148.0,1
D005067,,1139.0,1.12,30.0,0.47,-64.6,-49.2,22.2,42.0,-95.6,3.1,1.0,133.0,0
D005068,5.6,1177.0,1.09,28.5,0.5,-66.7,-49.5,24.0,47.0,-95.2,6.6,0.0,124.0,1
D005069,4.6,1092.0,1.02,27.0,0.41,-65.6,-49.8,22.6,47.0,,8.4,0.0,132.0,0
D005070,3.5,1160.0,1.22,26.0,0.55,-61.8,-45.4,28.8,46.0,-95.7,13.7,0.0,135.0,0
D005071,5.2,1211.0,1.06,28.5,0.52,-65.2,-50.5,24.3,39.0,-94.8,8.3,0.0,120.0,1
D005072,5.1,1188.0,0.94,28.5,0.45,-66.8,-49.4,25.0,44.0,-95.0,11.9,0.0,128.0,0
D005073,4.6,1321.0,1.1,21.0,0.44,,,28.9,31.0,-93.2,8.1,0.0,107.0,0
D005074,5.5,1211.0,1.09,29.0,0.44,-65.8,-50.5,25.3,51.0,-97.5,8.0,,129.0,1
D005075,4.6,1182.0,1.21,29.5,0.44,-65.0,-50.1,24.6,45.0,-95.6,10.8,0.0,122.0,1
D005076,5.1,1197.0,1.13,30.0,0.47,-63.9,-49.2,24.2,45.0,-95.1,11.5,0.0,115.0,1
D005077,4.2,1179.0,1.04,33.5,0.41,-66.0,-50.6,22.7,43.0,-95.2,10.3,0.0,131.0,1
D005078,6.1,1131.0,0.97,39.5,0.48,-60.1,-46.6,21.3,31.0,-90.6,9.6,0.0,101.0,1
D005079,4.5,1128.0,1.09,29.0,0.43,-66.7,-48.5,23.3,40.0,-94.6,11.2,1.0,123.0,1
D005080,5.1,1193.0,1.09,23.0,0.44,-66.0,-50.9,23.4,47.0,-96.8,3.8,0.0,127.0,1
D005081,4.9,1194.0,1.12,27.0,0.48,-65.6,-50.2,25.1,43.0,-94.6,9.8,1.0,126.0,1
D005082,4.4,1199.0,1.05,25.5,0.47,-66.5,-51.0,23.2,50.0,-95.6,10.4,0.0,127.0,1
D005083,4.2,1120.0,1.22,28.0,0.48,-65.2,-49.9,23.2,40.0,-94.7,9.0,1.0,134.0,0
D005084,4.8,1182.0,0.99,28.5,0.51,-64.5,-50.0,24.9,46.0,-94.9,11.4,0.0,127.0,1
D005085,3.2,1351.0,1.31,29.0,0.56,-64.6,-54.2,22.2,50.0,-99.8,0.8,0.0,142.0,1
D005086,6.5,1350.0,1.25,37.0,0.52,-68.5,-48.0,21.5,42.0,-99.4,18.6,0.0,121.0,1
D005087,5.3,1260.0,1.05,33.0,0.44,-64.0,-48.6,24.2,42.0,-95.8,9.0,1.0,128.0,0
D005088,4.5,1164.0,0.93,28.0,0.47,-66.1,-48.6,23.1,42.0,-96.6,8.9,1.0,126.0,1
D005089,4.8,1220.0,1.27,26.0,0.47,-65.2,-50.8,23.3,43.0,-95.1,8.1,0.0,119.0,1
D005090,6.4,1322.0,1.13,40.0,0.68,-61.1,-51.9,24.3,36.0,-94.6,14.0,1.0,121.0,1
D005091,4.7,1149.0,1.02,29.0,0.47,-66.2,-50.2,22.9,47.0,-94.6,7.1,0.0,138.0,1
D005092,5.2,1191.0,1.03,28.0,0.46,-64.6,-50.5,24.1,45.0,-95.6,6.0,1.0,131.0,1
D005093,3.8,1243.0,0.97,32.5,0.67,-65.1,-46.8,24.6,53.0,-94.6,9.4,1.0,118.0,0
D005094,4.1,1143.0,1.19,26.5,0.46,-64.8,-50.3,23.6,42.0,-94.9,7.4,0.0,133.0,0
D005095,5.0,1158.0,0.96,27.5,0.48,-64.7,-49.5,24.8,46.0,-95.6,10.5,0.0,120.0,1
D005096,4.0,1176.0,1.16,30.0,0.47,-65.8,-48.7,23.3,45.0,-94.9,4.1,1.0,124.0,0
D005097,6.2,1340.0,1.6,29.5,0.65,-69.1,-48.4,25.7,53.0,-97.6,15.3,1.0,120.0,1
D005098,4.4,1214.0,1.12,27.0,0.49,-66.3,-48.8,24.5,44.0,-94.4,7.2,1.0,126.0,1
D005099,4.6,1165.0,1.19,28.5,0.56,-65.1,-52.3,23.7,48.0,-95.2,10.2,0.0,126.0,1
D005100,4.5,1241.0,1.39,33.0,0.44,-67.5,-53.5,27.3,38.0,-98.4,9.4,1.0,135.0,1
D005101,5.0,1036.0,1.37,36.5,0.43,-63.6,-45.0,22.5,39.0,-94.5,6.0,1.0,114.0,0
D005102,5.3,1203.0,1.1,29.5,0.56,-67.7,-50.1,23.2,44.0,,5.4,1.0,121.0,1
D005103,5.0,1200.0,1.05,30.0,0.48,-66.6,-51.4,23.1,45.0,-95.4,6.0,0.0,127.0,1
D005104,4.7,1160.0,1.04,28.0,0.49,-63.6,-50.3,24.4,44.0,-95.4,7.2,0.0,126.0,1
D005105,4.8,1149.0,1.18,30.5,0.5,-65.4,-50.6,23.5,43.0,-95.6,7.5,0.0,137.0,1
D005106,6.3,1084.0,1.45,33.0,0.63,-65.8,-48.7,22.5,40.0,-91.3,11.4,0.0,109.0,0
D005107,4.8,1191.0,1.09,30.0,0.53,-67.2,-50.4,24.4,48.0,-96.9,7.2,1.0,112.0,1
D005108,3.3,1002.0,1.11,23.0,0.57,-69.2,-49.1,25.0,54.0,-93.9,10.5,1.0,124.0,0
D005109,4.7,1162.0,1.1,28.0,0.48,-66.4,-49.9,21.1,50.0,-94.7,8.1,0.0,119.0,1
D005110,5.0,1203.0,1.16,26.5,0.55,-66.8,-50.2,23.8,,-93.8,11.3,1.0,132.0,0
D005111,4.8,1219.0,1.08,31.5,0.45,-66.6,-50.0,23.9,41.0,-95.0,5.4,1.0,125.0,1
D005112,4.4,1019.0,1.39,23.0,0.56,-68.6,-48.8,20.0,57.0,-93.1,22.2,1.0,107.0,0
D005113,5.2,1355.0,1.35,36.0,0.51,,-48.1,30.0,58.0,-92.4,10.9,0.0,116.0,0
D005114,4.9,1195.0,1.19,28.0,0.49,-65.8,-49.7,24.8,48.0,-95.3,9.1,0.0,125.0,1
D005115,4.7,1252.0,1.39,29.5,0.52,-65.4,-50.4,29.2,60.0,-97.8,5.2,0.0,138.0,0
D005116,4.4,1208.0,1.13,31.0,0.48,-64.4,-50.5,25.4,45.0,-95.6,7.7,0.0,129.0,1
D005117,6.0,1312.0,1.42,36.0,0.33,-68.9,-46.1,21.1,44.0,-94.5,5.5,0.0,122.0,0
D005118,5.9,1075.0,1.34,22.0,0.49,-69.3,-53.5,22.7,34.0,-98.4,2.7,1.0,117.0,1
D005119,4.7,1194.0,1.01,30.0,0.53,-65.6,-51.4,24.7,41.0,-94.8,8.3,1.0,127.0,1
D005120,4.5,1115.0,1.08,36.0,0.42,-65.8,-49.6,23.3,46.0,-96.0,9.0,0.0,127.0,1
D005121,5.0,1155.0,0.95,27.0,0.46,-65.8,-49.2,24.8,43.0,-94.2,8.1,1.0,127.0,1
D005122,5.1,1258.0,1.05,27.0,0.48,-64.4,-51.8,23.6,45.0,-95.1,8.2,0.0,137.0,1
D005123,5.7,1310.0,1.31,22.0,0.57,-64.7,-49.0,21.4,55.0,-92.9,3.0,0.0,123.0,0
D005124,5.0,1211.0,1.15,28.0,0.48,-63.8,-50.1,22.2,43.0,-95.2,8.2,1.0,130.0,1
D005125,4.0,1167.0,1.09,27.5,0.42,-66.4,-51.1,23.4,43.0,-97.4,8.2,1.0,123.0,0
D005126,4.6,1149.0,1.05,31.0,0.56,-64.6,-51.5,24.4,42.0,,10.2,1.0,120.0,0
D005127,4.8,1149.0,1.13,28.5,0.45,-65.9,-50.4,25.7,,-96.1,9.7,1.0,134.0,1
D005128,4.9,1199.0,1.18,29.0,0.47,-65.8,-51.2,24.0,42.0,-96.3,10.7,1.0,120.0,1
D005129,5.3,1202.0,1.17,27.5,0.45,-66.3,-50.3,22.9,44.0,-97.4,12.6,1.0,120.0,1
D005130,4.7,1161.0,1.03,30.0,0.41,-66.4,-50.4,26.7,45.0,-94.2,11.9,1.0,123.0,0
D005131,5.8,1211.0,1.0,37.5,0.47,-68.4,-50.9,22.6,59.0,-98.3,7.3,0.0,105.0,1
D005132,5.0,1239.0,1.24,31.0,0.42,-65.7,-50.9,24.2,42.0,-94.0,12.7,1.0,130.0,1
D005133,5.1,1195.0,1.18,30.0,0.52,-65.4,-47.5,22.9,49.0,-96.1,10.8,0.0,128.0,1
D005134,4.8,1102.0,1.09,34.0,0.6,-69.3,-45.3,27.4,57.0,-99.3,21.0,1.0,113.0,0
D005135,3.0,1034.0,1.0,26.0,0.65,-62.1,-51.6,20.1,53.0,,13.1,0.0,111.0,0
D005136,5.2,1202.0,0.99,31.0,0.48,-66.5,-50.5,25.6,41.0,-95.1,9.3,0.0,134.0,1
D005137,4.8,1257.0,1.15,31.5,0.44,-64.1,-50.1,23.5,37.0,-95.6,9.1,0.0,127.0,1
D005138,5.0,,1.19,24.0,0.63,-61.0,-47.8,28.1,58.0,-96.0,9.2,,129.0,0
D005139,5.5,1129.0,0.96,28.0,0.43,-65.2,-51.2,24.9,45.0,-92.7,4.9,1.0,124.0,1
D005140,4.6,1111.0,1.15,28.5,0.43,-66.3,-49.0,22.4,46.0,-94.0,11.8,1.0,121.0,0
D005141,5.3,1180.0,1.14,28.0,0.55,-66.7,-51.5,23.9,42.0,-97.1,10.1,1.0,127.0,1
D005142,4.7,1247.0,1.02,26.5,0.5,-64.8,-51.2,24.3,46.0,-95.4,7.1,1.0,127.0,1
D005143,4.8,1127.0,1.13,26.5,0.53,,-48.9,24.9,47.0,-95.7,7.4,0.0,124.0,1
D005144,4.7,1216.0,1.2,30.5,0.46,-65.5,-50.4,23.4,41.0,-95.0,6.5,0.0,132.0,1
D005145,5.3,1197.0,1.05,29.0,0.51,-67.2,-50.0,23.5,34.0,-96.1,6.0,1.0,130.0,1
D005146,5.1,1229.0,1.1,27.0,0.51,-67.0,-50.1,23.8,42.0,-94.7,9.5,0.0,131.0,1
D005147,4.9,1187.0,1.31,32.0,0.47,-65.6,-48.4,23.7,44.0,-95.8,9.5,1.0,138.0,1
D005148,4.7,1143.0,1.08,25.0,0.5,-66.4,-49.0,23.8,44.0,-95.1,6.4,0.0,126.0,1
D005149,5.7,1172.0,1.21,27.0,0.43,-64.9,-48.3,23.2,50.0,-96.8,8.5,1.0,122.0,1
D005150,4.1,1145.0,0.98,28.5,0.68,-63.3,-46.0,21.3,56.0,-98.8,20.8,0.0,117.0,0
D005151,5.0,1171.0,1.1,28.0,0.49,-64.8,-50.1,23.6,43.0,-95.7,14.8,1.0,,1
D005152,5.4,1221.0,1.05,30.0,0.46,-64.9,-51.2,23.5,44.0,-96.4,8.7,0.0,126.0,1
D005153,4.8,1203.0,1.22,25.5,0.42,-66.0,-48.4,23.5,44.0,-95.8,7.9,1.0,127.0,0
D005154,5.4,1187.0,1.06,25.5,0.49,-65.9,-49.0,23.8,47.0,-96.1,9.7,0.0,129.0,1
D005155,6.1,1040.0,0.85,33.5,0.39,-60.3,-48.7,28.6,55.0,-92.8,22.0,1.0,104.0,1
D005156,4.1,1207.0,1.1,28.0,0.5,-63.7,-51.0,25.7,43.0,-94.7,7.2,1.0,128.0,0
D005157,4.1,1138.0,1.22,27.5,0.54,-65.4,-49.2,24.9,46.0,-93.9,12.2,1.0,130.0,1
D005158,5.4,1147.0,1.16,30.0,0.46,-66.0,-50.4,25.6,46.0,-93.7,6.1,1.0,120.0,1
D005159,4.4,1087.0,1.32,28.0,0.32,-61.7,-48.7,26.7,30.0,-90.5,9.9,1.0,142.0,0
D005160,4.5,1227.0,1.11,30.5,0.59,-65.1,-50.1,22.1,39.0,-95.6,7.5,0.0,127.0,1
D005161,3.9,1059.0,0.98,25.0,0.48,-68.3,-50.0,29.4,50.0,-91.8,7.9,1.0,115.0,0
D005162,5.5,1177.0,1.24,30.0,0.54,-65.0,-50.1,21.6,48.0,-96.8,7.6,0.0,123.0,1
D005163,4.3,1219.0,1.22,25.0,0.56,-65.7,-50.2,24.0,43.0,-96.8,6.2,1.0,131.0,1
D005164,4.9,1195.0,0.97,26.5,0.48,-65.1,-51.8,23.5,41.0,-97.9,8.8,0.0,125.0,1
D005165,6.1,1259.0,1.52,36.5,0.53,-61.9,-55.0,25.1,37.0,-93.1,19.7,1.0,122.0,1
D005166,4.1,1059.0,0.82,37.0,0.46,-61.1,-47.5,23.2,46.0,-92.1,4.0,1.0,149.0,1
D005167,5.6,1179.0,1.12,28.0,0.58,-64.8,-49.7,25.3,49.0,-97.5,5.1,0.0,124.0,1
D005168,5.3,1164.0,1.2,25.5,0.48,-68.0,-50.5,24.5,41.0,-95.6,11.6,0.0,127.0,1
D005169,5.1,1165.0,1.0,22.5,0.44,-66.0,-48.4,24.6,46.0,-94.5,8.3,1.0,129.0,1
D005170,3.8,1175.0,0.97,25.0,0.59,-65.0,-50.5,22.8,39.0,-99.3,22.9,0.0,119.0,0
D005171,4.9,1203.0,1.05,28.0,0.5,-65.9,-49.6,23.4,40.0,-94.6,6.3,1.0,123.0,1
D005172,5.0,1258.0,1.25,27.0,0.52,-65.9,-50.1,22.2,45.0,-94.8,9.7,1.0,130.0,1
D005173,4.9,1185.0,1.02,27.5,0.49,-64.7,-49.6,23.2,46.0,-95.4,11.1,1.0,129.0,1
D005174,7.0,1328.0,1.52,33.5,0.3,-62.6,-49.9,21.0,55.0,-97.5,16.6,1.0,147.0,0
D005175,4.7,1246.0,1.23,27.0,0.38,-65.3,-50.3,24.0,37.0,-95.7,6.9,0.0,126.0,1
D005176,5.1,1318.0,1.19,39.5,0.58,-66.7,-52.7,25.5,41.0,-94.0,9.4,0.0,116.0,1
D005177,3.2,1296.0,1.53,33.5,0.47,-65.6,-46.6,23.5,35.0,-93.6,17.2,0.0,,1
D005178,4.6,1148.0,1.24,26.5,0.51,-64.9,-50.3,25.0,38.0,-94.9,7.7,0.0,123.0,1
D005179,4.8,1095.0,1.17,26.5,0.4,-64.5,-51.4,26.3,40.0,-95.9,9.3,1.0,138.0,0
D005180,4.7,1138.0,1.22,29.0,0.52,-67.1,-48.7,21.5,40.0,-96.1,11.5,0.0,124.0,1
D005181,4.6,1336.0,0.92,27.0,0.55,-60.9,-48.1,21.9,36.0,-99.3,6.9,1.0,148.0,1
D005182,6.5,1312.0,1.19,35.5,0.61,-66.9,-51.8,20.6,46.0,-94.1,0.0,1.0,129.0,1
D005183,5.0,1210.0,1.09,29.0,0.49,-65.4,-48.3,23.7,41.0,-96.4,10.1,1.0,125.0,1
D005184,4.1,1217.0,1.08,29.5,0.5,-65.2,-51.6,23.5,,-94.2,8.5,0.0,138.0,1
D005185,5.2,1244.0,1.18,31.0,0.55,-66.2,-51.2,22.4,45.0,-97.1,7.5,1.0,138.0,0
D005186,4.8,1157.0,1.09,26.5,0.53,-64.7,-50.8,24.7,39.0,-96.6,9.8,1.0,126.0,1
D005187,3.3,1044.0,1.14,20.5,0.51,-62.2,-46.4,25.0,46.0,-91.6,1.4,1.0,101.0,0
D005188,4.7,1168.0,1.19,33.5,0.5,-66.7,-49.6,23.2,47.0,-96.2,14.5,1.0,129.0,1
D005189,6.6,1301.0,1.2,34.5,0.63,-66.8,-50.3,25.0,40.0,-95.2,21.1,0.0,101.0,1
D005190,5.4,1215.0,1.24,30.5,0.51,-66.3,-49.4,23.1,44.0,-94.9,12.8,1.0,126.0,1
D005191,5.3,1102.0,1.0,28.0,0.52,-65.3,-50.7,22.6,42.0,-93.7,11.2,1.0,119.0,1
D005192,4.6,1160.0,1.48,39.5,0.35,-64.6,-45.5,24.7,51.0,-99.1,10.7,1.0,126.0,0
D005193,5.1,1157.0,1.12,27.5,0.49,-64.0,-49.3,24.1,47.0,-95.6,7.3,1.0,134.0,1
D005194,4.1,1174.0,1.07,25.5,0.53,-65.6,-49.7,23.3,45.0,-95.5,14.4,1.0,136.0,0
D005195,5.2,1075.0,1.12,,0.53,-63.4,-45.8,23.4,,-99.5,11.4,0.0,147.0,1
D005196,4.6,1227.0,1.02,24.5,0.54,-64.6,-52.4,24.0,,-94.7,12.6,1.0,139.0,1
D005197,3.6,1152.0,0.86,32.5,0.59,-60.7,-53.2,28.8,,-98.3,13.8,0.0,123.0,0
D005198,4.7,1110.0,0.97,28.0,0.51,-65.5,-50.7,22.6,46.0,-94.7,11.4,0.0,124.0,1
D005199,4.4,1205.0,1.08,27.5,0.5,-66.7,-49.1,24.0,42.0,-96.6,9.3,0.0,123.0,1
D005200,3.7,1177.0,1.57,35.0,0.57,-66.9,-49.8,22.5,49.0,-91.0,3.3,1.0,140.0,0
D005201,4.7,1195.0,1.08,27.0,0.51,-64.6,-50.2,24.5,44.0,-94.7,8.1,0.0,112.0,1
D005202,4.1,1193.0,1.11,29.0,0.51,-65.0,-50.1,25.2,40.0,-95.6,7.4,1.0,127.0,0
D005203,3.9,1252.0,1.56,30.5,0.36,-61.8,-54.1,20.3,38.0,-96.0,3.1,0.0,119.0,0
D005204,3.7,1296.0,1.59,34.0,0.56,-63.6,-45.0,23.5,41.0,-90.5,17.1,1.0,116.0,0
D005205,4.8,1095.0,1.34,39.5,0.41,-67.9,-54.1,22.1,58.0,-90.0,14.9,0.0,,1
D005206,4.9,1164.0,1.08,26.0,0.48,-68.0,-49.8,22.7,45.0,-95.3,7.9,1.0,126.0,1
D005207,4.9,1240.0,1.13,31.5,0.51,-66.7,-49.3,26.0,42.0,-98.4,11.2,1.0,128.0,0
D005208,4.0,1215.0,1.12,29.5,0.47,-64.9,-50.0,25.0,43.0,-97.7,8.7,1.0,133.0,1
D005209,4.9,1156.0,1.32,26.5,0.45,-64.9,-48.3,24.3,46.0,-94.8,8.6,0.0,131.0,1
D005210,4.0,1156.0,1.01,30.0,0.46,-66.2,-50.0,25.2,51.0,-95.0,9.5,1.0,127.0,1
D005211,4.8,1207.0,1.05,27.5,0.45,-66.8,-49.0,26.9,45.0,-97.3,12.0,0.0,135.0,1
D005212,4.8,1161.0,1.09,29.0,0.45,-63.7,-49.1,24.1,41.0,-94.3,11.3,0.0,130.0,1
D005213,4.9,1193.0,1.03,29.0,0.51,-66.4,-48.6,24.7,46.0,-95.8,,1.0,120.0,1
D005214,4.5,1216.0,1.17,29.5,0.45,-64.8,-49.2,23.7,48.0,-92.9,12.7,1.0,124.0,0
D005215,5.4,1178.0,1.13,30.5,0.51,-66.7,-51.0,22.5,39.0,-95.2,12.7,1.0,131.0,1
D005216,5.3,1103.0,1.6,26.0,0.66,-60.6,-54.4,25.5,33.0,-93.0,21.0,1.0,135.0,0
D005217,4.8,1181.0,1.09,,0.48,-65.4,-49.7,26.4,40.0,-94.9,11.8,1.0,129.0,1
D005218,3.1,1081.0,0.86,39.0,0.68,-64.0,-53.7,27.5,60.0,-98.5,1.5,1.0,126.0,0
D005219,5.1,1145.0,1.06,26.5,0.45,-65.6,-49.8,23.9,47.0,-96.3,5.6,1.0,137.0,1
D005220,4.8,1138.0,0.93,25.5,0.42,-64.8,-49.2,24.0,45.0,-96.2,10.3,1.0,129.0,0
D005221,4.3,1204.0,1.36,20.0,0.43,-67.7,-53.9,21.5,52.0,-94.6,1.4,1.0,117.0,0
D005222,6.7,1287.0,1.41,27.0,0.6,-67.5,-52.1,28.3,56.0,-97.4,12.1,1.0,102.0,0
D005223,4.8,1173.0,1.2,29.0,0.44,-65.2,-49.5,26.6,38.0,-95.8,4.3,1.0,121.0,0
D005224,4.5,1282.0,1.05,35.5,0.5,-62.4,-50.7,21.1,38.0,-93.5,6.8,1.0,134.0,1
D005225,4.8,,1.1,25.5,0.49,-65.1,-49.8,24.7,48.0,-95.5,7.3,0.0,136.0,1
D005226,5.2,1186.0,1.07,29.0,0.55,-64.5,-49.6,23.8,40.0,-94.7,4.0,0.0,126.0,1
D005227,3.7,1208.0,1.22,31.0,0.44,-66.6,-49.4,22.9,43.0,-94.1,8.6,0.0,129.0,1
D005228,4.4,1181.0,1.11,28.0,0.48,-64.2,-50.7,25.0,45.0,-97.1,5.7,0.0,122.0,1
D005229,5.2,1156.0,1.06,29.5,0.46,-65.7,-49.3,23.9,46.0,-95.1,11.8,0.0,119.0,1
D005230,6.1,1080.0,1.06,32.5,0.64,-61.8,-51.7,29.3,32.0,-93.9,4.4,1.0,100.0,0
D005231,4.3,1129.0,1.09,28.5,0.46,-65.8,-49.9,23.9,42.0,-94.7,6.0,1.0,129.0,1
D005232,5.7,1248.0,1.05,29.0,0.44,-66.0,-50.5,23.1,44.0,-96.7,5.5,0.0,121.0,1
D005233,4.7,1140.0,1.51,39.5,0.64,-61.6,-47.5,24.5,38.0,-92.4,19.7,1.0,115.0,0
D005234,5.6,1085.0,0.87,28.5,0.64,-64.4,-46.6,22.4,35.0,,17.1,0.0,129.0,1
D005235,5.2,1218.0,1.04,30.5,0.47,-65.2,-50.2,23.9,44.0,-95.8,6.0,,127.0,1
D005236,4.6,1219.0,1.27,28.0,0.5,-65.8,-48.7,25.5,43.0,-93.9,9.1,1.0,120.0,0
D005237,4.3,1113.0,1.07,,0.52,-65.3,-49.8,25.0,40.0,-95.8,10.8,1.0,123.0,1
D005238,4.4,1184.0,1.09,26.5,0.47,-65.6,-48.9,24.0,42.0,-95.0,8.1,1.0,118.0,1
D005239,5.2,1033.0,1.44,31.0,0.63,-67.3,-48.4,26.7,46.0,-90.7,11.6,1.0,143.0,0
D005240,4.4,1199.0,1.0,33.5,0.44,-65.9,-49.6,22.8,41.0,-95.2,12.9,0.0,134.0,1
D005241,4.2,1059.0,0.86,31.0,0.3,-62.6,-49.3,27.5,52.0,-99.3,3.3,1.0,115.0,0
D005242,4.9,1151.0,1.11,30.5,0.52,-66.3,-50.4,23.0,,-95.4,8.1,0.0,120.0,1
D005243,4.7,1205.0,0.97,29.0,0.52,-65.2,-51.4,22.7,45.0,-94.9,12.6,0.0,122.0,1
D005244,3.1,1072.0,1.48,30.0,0.46,-68.0,-51.8,27.4,45.0,-97.3,12.7,1.0,112.0,0
D005245,6.9,1293.0,0.95,29.5,0.42,-67.8,-54.7,29.4,58.0,-95.7,21.1,1.0,122.0,1
D005246,4.9,1194.0,0.99,27.5,0.52,-66.1,-50.6,23.1,53.0,-95.9,3.6,1.0,126.0,1
D005247,3.0,1175.0,1.32,32.0,0.52,-64.2,-52.7,25.6,30.0,-92.2,,1.0,129.0,0
D005248,4.9,1160.0,1.19,28.5,0.53,-64.9,-50.6,24.3,40.0,-93.8,7.6,1.0,121.0,0
D005249,3.7,1302.0,1.59,38.5,0.66,-67.1,-51.1,22.0,53.0,-97.7,,0.0,131.0,0
D005250,4.5,1153.0,1.17,29.5,0.43,-65.0,-50.9,24.8,39.0,-96.6,8.2,0.0,127.0,1
D005251,4.6,1377.0,1.16,28.5,0.33,-67.5,-52.1,20.8,49.0,-96.8,11.0,0.0,127.0,1
D005252,5.4,1141.0,1.25,26.5,0.47,-64.5,-50.8,23.9,49.0,-94.4,9.6,1.0,128.0,1
D005253,4.8,1223.0,1.17,32.5,0.54,-65.7,-49.8,22.8,51.0,-96.4,12.7,0.0,128.0,1
D005254,5.7,1139.0,0.97,27.5,0.54,-65.5,-50.3,23.3,46.0,-95.6,5.9,0.0,133.0,1
D005255,3.7,1174.0,1.12,29.5,0.51,-66.7,-50.8,26.7,41.0,-95.3,7.4,0.0,130.0,1
D005256,4.6,1175.0,1.54,20.5,0.47,-62.1,-52.0,21.5,53.0,-99.5,16.0,1.0,111.0,0
D005257,3.4,1072.0,1.41,32.0,0.33,-65.3,-53.6,25.2,47.0,-96.6,17.4,1.0,139.0,0
D005258,4.9,1189.0,1.21,26.5,0.47,-66.8,-48.4,24.3,47.0,-94.4,11.1,1.0,126.0,0
D005259,4.2,1198.0,1.05,27.5,0.45,-65.1,-50.9,23.1,45.0,-95.8,7.5,1.0,131.0,1
D005260,5.7,1377.0,1.49,30.0,0.66,-68.1,-47.6,26.1,36.0,-98.5,7.9,1.0,133.0,1
D005261,5.1,1148.0,1.28,31.0,0.53,-65.6,-48.5,23.6,43.0,-94.6,6.2,1.0,124.0,1
D005262,5.7,1164.0,0.88,36.0,0.69,-68.9,-53.4,22.2,53.0,-97.8,19.9,1.0,113.0,1
D005263,4.3,,1.01,28.0,0.49,-64.9,-51.1,23.4,48.0,-95.0,9.8,0.0,129.0,1
D005264,5.5,1244.0,,30.5,0.4,-64.8,-49.6,24.2,38.0,-96.8,7.7,,127.0,1
D005265,6.3,1112.0,1.25,35.0,0.31,-61.4,-52.0,28.5,44.0,-94.6,2.7,1.0,130.0,0
D005266,4.6,1210.0,1.12,28.0,0.53,-65.7,-51.0,23.3,39.0,-96.8,6.7,1.0,135.0,1
D005267,5.0,1215.0,1.22,30.0,0.55,-63.2,-48.0,23.8,43.0,-95.8,10.6,0.0,129.0,1
D005268,,1160.0,1.3,30.0,0.5,,-50.7,24.1,43.0,-96.5,4.4,0.0,131.0,1
D005269,6.6,1114.0,1.09,23.0,0.54,-61.8,-50.6,29.7,40.0,-95.5,12.4,1.0,139.0,0
D005270,4.6,1099.0,1.18,29.0,0.55,-64.8,-49.9,24.5,47.0,-94.6,11.5,0.0,129.0,1
D005271,5.4,1032.0,0.96,27.0,0.6,-67.6,-45.7,21.5,53.0,-91.4,23.0,0.0,111.0,0
D005272,4.8,1144.0,1.07,30.0,0.44,,-50.9,24.2,40.0,-96.2,5.3,1.0,128.0,1
D005273,5.1,1214.0,1.09,28.5,0.52,-65.6,-49.9,24.8,44.0,-96.3,7.8,0.0,130.0,1
D005274,4.4,1177.0,1.2,28.5,0.45,-66.0,-48.6,25.2,45.0,-94.2,11.9,0.0,129.0,1
D005275,4.5,1137.0,1.18,29.5,0.51,-65.0,-49.3,23.7,50.0,-96.1,12.2,1.0,121.0,0
D005276,5.3,1132.0,1.09,31.5,0.47,-65.8,-52.5,23.7,46.0,-96.0,7.5,1.0,129.0,1
D005277,3.2,1131.0,1.24,25.5,0.35,-62.4,-53.4,24.1,32.0,-93.9,6.3,0.0,147.0,1
D005278,6.5,1271.0,1.13,31.0,0.36,,-50.1,21.3,32.0,-94.6,5.9,1.0,126.0,1
D005279,4.7,1128.0,1.17,31.0,0.58,-66.1,,24.0,43.0,-95.3,6.7,0.0,130.0,1
D005280,5.1,1173.0,1.21,,0.51,-65.8,-51.5,23.9,48.0,-96.0,,1.0,125.0,1
D005281,5.1,1276.0,1.17,27.0,0.31,-64.2,-50.1,,57.0,-95.9,18.5,0.0,131.0,0
D005282,5.2,,1.14,26.0,0.47,-66.1,-49.9,24.4,46.0,-95.1,14.1,0.0,129.0,1
D005283,4.3,1075.0,0.83,38.0,0.65,-66.5,-49.2,22.3,55.0,-96.8,17.5,1.0,142.0,1
D005284,4.7,1189.0,1.06,29.5,0.55,-65.0,-50.4,24.7,39.0,-94.6,8.8,0.0,116.0,1
D005285,4.0,1191.0,1.0,27.0,0.47,-64.8,-48.5,23.9,46.0,-93.7,9.1,0.0,135.0,1
D005286,5.6,1136.0,1.11,26.0,0.53,-66.7,-49.9,23.1,44.0,-95.5,10.0,0.0,130.0,1
D005287,4.7,1219.0,,32.5,0.42,-66.8,-50.3,21.7,43.0,-95.7,6.2,0.0,133.0,1
D005288,6.1,1270.0,1.09,31.0,,-62.1,-47.6,27.5,42.0,-97.9,13.9,0.0,116.0,0
D005289,6.8,1095.0,1.2,38.0,0.35,-64.4,-46.9,21.4,46.0,-97.0,11.6,1.0,121.0,1
D005290,4.6,1215.0,1.07,29.5,0.42,-65.6,-48.4,23.0,42.0,-95.9,9.3,1.0,123.0,1
D005291,4.7,1155.0,1.01,27.5,0.67,-67.8,-45.0,24.6,59.0,-92.6,17.3,0.0,141.0,0
D005292,6.3,1248.0,0.9,20.0,0.55,-63.9,-46.5,28.8,34.0,-92.8,16.1,1.0,120.0,0
D005293,4.9,1254.0,1.0,30.0,0.47,-65.1,-51.7,24.2,42.0,-94.5,10.8,0.0,141.0,1
D005294,4.4,1219.0,1.1,27.0,0.38,-66.7,-49.9,22.4,43.0,-95.3,12.9,0.0,130.0,1
D005295,4.3,1154.0,1.09,30.5,0.41,-67.2,-51.4,23.1,45.0,-96.0,9.8,0.0,128.0,1
D005296,5.2,1143.0,1.17,27.0,0.46,-64.7,-49.4,23.6,40.0,-94.9,16.5,1.0,125.0,0
D005297,5.3,1161.0,1.09,25.5,0.45,-65.5,,23.2,36.0,-94.7,11.3,,141.0,0
D005298,4.2,1143.0,0.95,29.0,0.52,-66.4,-51.0,24.0,50.0,-96.5,11.3,1.0,134.0,1
D005299,4.2,1105.0,0.87,36.0,0.55,-60.0,-53.6,20.2,37.0,-99.9,11.1,0.0,131.0,1
D005300,5.9,1304.0,1.13,33.0,0.39,-64.2,-49.5,,33.0,-90.6,8.1,1.0,124.0,1
D005301,6.7,1219.0,1.33,25.5,0.49,-69.6,-49.1,21.8,51.0,-96.6,7.5,1.0,119.0,1
D005302,6.6,1228.0,0.84,34.5,0.63,-63.2,-54.5,21.0,42.0,-97.2,4.5,0.0,128.0,1
D005303,5.0,1160.0,1.1,31.5,0.47,-64.2,-48.6,22.8,42.0,-96.1,6.0,0.0,123.0,1
D005304,4.1,1157.0,1.08,29.0,0.48,-64.9,-49.3,24.0,47.0,-96.4,7.0,1.0,128.0,0
D005305,4.6,1120.0,1.0,29.5,0.47,-66.1,-48.6,23.8,41.0,-95.5,12.8,0.0,130.0,1
D005306,4.4,1197.0,1.12,33.0,0.49,-66.0,-49.3,24.0,39.0,-96.0,6.1,0.0,133.0,1
D005307,4.6,1161.0,1.08,25.5,0.53,-64.7,-49.8,24.5,45.0,-94.9,5.5,1.0,,0
D005308,3.8,1123.0,0.87,31.0,0.34,-66.3,,28.6,58.0,-96.7,13.5,0.0,137.0,0
D005309,4.9,1181.0,1.18,29.0,0.52,-63.7,-49.1,24.5,40.0,-95.5,8.9,0.0,136.0,1
D005310,4.5,1244.0,1.04,30.5,0.46,-65.2,-50.9,23.9,42.0,-95.7,4.1,1.0,128.0,1
D005311,3.3,1377.0,1.32,28.5,0.68,-60.8,-49.4,29.4,53.0,-95.0,22.8,1.0,138.0,0
D005312,4.6,1195.0,1.04,,0.57,-65.2,-48.7,26.6,45.0,-94.3,7.2,0.0,122.0,1
D005313,5.0,1152.0,1.19,28.0,0.45,-66.4,-49.3,23.1,49.0,-96.5,11.0,1.0,128.0,0
D005314,5.6,1264.0,1.04,21.0,0.63,-67.1,-48.7,23.5,55.0,-92.6,8.3,0.0,104.0,0
D005315,3.7,1044.0,1.16,32.0,0.48,-68.9,-54.1,21.6,56.0,-96.4,8.0,1.0,138.0,0
D005316,4.4,1182.0,0.98,28.5,0.49,-64.4,-49.6,25.2,42.0,-97.5,12.4,1.0,125.0,1
D005317,4.9,1182.0,1.14,26.5,0.47,-65.7,-50.3,24.2,42.0,-95.8,8.8,0.0,125.0,0
D005318,4.1,1128.0,1.05,26.0,0.48,-64.7,-50.9,22.7,43.0,-94.1,8.4,1.0,127.0,0
D005319,5.3,1163.0,0.96,27.5,0.49,-65.2,-50.8,23.4,46.0,-93.4,11.2,1.0,137.0,1
D005320,5.4,1202.0,1.13,27.0,0.48,-65.0,-50.9,26.4,46.0,-96.8,9.3,0.0,129.0,1
D005321,4.5,1213.0,1.04,28.5,0.55,-64.9,-49.7,24.0,44.0,-96.7,8.3,0.0,125.0,1
D005322,5.2,1188.0,1.31,25.5,,-65.8,-51.6,24.3,51.0,-95.7,12.7,1.0,130.0,0
D005323,4.6,1212.0,1.1,29.0,0.5,-65.6,-49.9,22.2,44.0,-95.2,10.4,1.0,124.0,1
D005324,3.6,1157.0,1.28,28.5,0.58,-67.9,-48.2,22.1,46.0,-90.9,22.2,1.0,143.0,0
D005325,5.1,1140.0,1.12,30.0,0.41,-63.5,-50.0,24.9,48.0,-96.6,4.0,1.0,131.0,1
D005326,4.5,1144.0,0.93,26.5,0.46,-70.0,-45.1,23.9,33.0,-92.0,14.9,1.0,138.0,1
D005327,3.2,1159.0,1.21,25.0,0.31,-62.1,-50.7,21.6,35.0,-98.6,17.7,1.0,129.0,0
D005328,4.9,1208.0,1.22,27.5,0.42,-65.6,-51.3,25.4,42.0,-95.3,6.2,0.0,125.0,1
D005329,5.4,1371.0,1.3,31.5,0.45,-66.9,-52.2,22.1,37.0,-90.5,19.4,1.0,147.0,1
D005330,4.9,1165.0,1.13,30.5,0.47,-65.3,-51.0,24.8,42.0,-95.5,7.9,0.0,129.0,1
D005331,5.1,1153.0,1.04,28.0,0.42,-64.5,-49.9,22.6,48.0,-93.4,9.4,1.0,132.0,1
D005332,5.1,1203.0,0.97,30.0,0.49,-63.8,-49.6,23.8,42.0,-96.0,8.5,1.0,129.0,1
D005333,5.2,1181.0,,31.5,0.45,-65.7,-50.3,24.5,41.0,-95.6,5.2,0.0,121.0,1
D005334,4.5,1228.0,1.26,29.0,0.48,-65.8,-49.5,23.5,44.0,-94.9,7.7,0.0,119.0,1
D005335,5.6,1180.0,0.93,24.0,0.45,-62.3,-49.4,27.6,49.0,-92.9,1.6,1.0,133.0,0
D005336,4.8,1132.0,1.1,29.0,0.49,-65.9,-49.5,23.5,46.0,-95.5,11.2,0.0,136.0,1
D005337,4.5,1194.0,1.19,29.0,0.54,-66.1,-48.5,23.8,42.0,-95.3,9.3,1.0,127.0,0
D005338,5.7,1087.0,0.98,27.0,0.39,-67.4,-55.0,21.6,49.0,-92.0,2.7,1.0,137.0,1
D005339,4.8,1232.0,1.06,31.0,0.42,-67.0,-50.0,24.6,47.0,-95.4,6.3,1.0,130.0,1
D005340,4.5,1180.0,1.16,26.5,0.46,-63.8,-49.8,24.2,44.0,-96.5,,1.0,124.0,1
D005341,4.1,1302.0,1.01,25.5,0.58,-65.0,-51.8,23.4,59.0,-97.5,9.2,1.0,122.0,0
D005342,4.8,1207.0,1.03,26.5,0.47,-64.9,-50.7,25.1,50.0,-94.8,4.8,1.0,132.0,1
D005343,4.4,1240.0,1.04,34.0,0.45,-63.9,-49.9,23.0,48.0,-94.7,12.5,0.0,125.0,1
D005344,4.5,1328.0,1.03,38.5,0.52,-62.5,-54.6,24.2,32.0,-90.1,20.7,1.0,141.0,1
D005345,5.1,1147.0,1.01,28.0,0.54,-64.8,-49.9,24.3,46.0,-95.4,11.2,1.0,132.0,0
D005346,4.4,1211.0,1.18,30.5,0.43,-61.3,-51.0,23.3,,-95.3,8.1,1.0,135.0,1
D005347,3.4,1030.0,1.39,21.0,0.69,-69.1,-53.0,22.6,37.0,-90.1,21.0,1.0,118.0,0
D005348,6.4,1303.0,1.17,21.5,0.63,-65.6,-52.2,24.2,48.0,-92.2,17.2,0.0,107.0,0
D005349,4.8,1205.0,1.09,27.0,0.45,-66.0,-48.5,23.8,46.0,-96.1,12.3,1.0,118.0,1
D005350,4.6,1200.0,1.23,27.5,0.45,-66.2,-49.3,23.8,49.0,-94.3,12.2,1.0,125.0,0
D005351,4.1,1191.0,1.06,30.5,0.4,-64.4,-50.1,25.3,44.0,-95.0,12.4,0.0,121.0,0
D005352,4.8,1187.0,1.05,31.0,0.5,-65.9,-50.7,24.7,44.0,-94.7,8.9,0.0,121.0,1
D005353,4.8,1350.0,1.48,38.5,0.41,-67.3,-47.5,22.0,52.0,-97.2,10.6,0.0,147.0,1
D005354,3.0,1144.0,1.32,33.5,0.54,-62.3,-48.8,28.5,43.0,-96.8,20.5,1.0,140.0,0
D005355,,1202.0,1.0,21.5,0.62,-60.7,-45.8,26.7,53.0,-99.8,14.0,1.0,144.0,0
D005356,5.1,1141.0,1.05,32.5,0.54,-66.0,-50.4,23.3,42.0,-95.2,11.7,0.0,134.0,1
D005357,3.0,1144.0,0.84,38.0,0.69,-69.6,-51.9,20.7,47.0,-90.0,8.0,0.0,117.0,0
D005358,5.3,1217.0,1.31,30.0,0.56,-65.5,-50.4,25.7,52.0,-98.4,12.2,0.0,109.0,0
D005359,5.2,1115.0,1.2,28.0,0.44,-65.0,-50.2,24.1,42.0,-96.0,2.0,0.0,120.0,1
D005360,6.1,1342.0,1.37,29.0,0.69,-60.3,-53.3,28.9,,-100.0,7.7,1.0,124.0,0
D005361,5.1,1179.0,1.08,31.0,0.55,-64.7,-49.2,25.7,42.0,-95.1,7.3,1.0,130.0,1
D005362,4.2,1160.0,1.0,27.5,0.5,-65.6,-50.9,23.6,44.0,-95.7,10.0,1.0,142.0,1
D005363,4.8,1229.0,1.1,25.0,0.53,-67.9,-52.5,24.6,43.0,-96.7,10.3,0.0,126.0,1
D005364,4.8,1086.0,1.1,30.5,0.53,-65.4,-50.8,23.5,44.0,-94.2,10.5,1.0,141.0,1
D005365,3.5,1336.0,1.13,33.5,0.34,-65.1,-51.2,26.4,50.0,-95.3,13.2,1.0,139.0,0
D005366,4.5,1217.0,1.01,30.5,0.51,-64.9,-50.5,24.4,42.0,-94.8,8.6,1.0,130.0,1
D005367,5.1,1179.0,1.06,28.5,0.47,-65.3,-49.2,24.9,43.0,-94.7,12.5,0.0,126.0,1
D005368,5.2,1191.0,1.16,28.5,0.48,-65.2,-50.7,22.9,44.0,-95.8,11.5,1.0,133.0,1
D005369,3.2,1316.0,1.29,32.5,0.35,-62.6,-48.7,20.2,52.0,-92.3,13.3,1.0,127.0,0
D005370,5.3,,1.15,28.5,0.43,-66.4,-48.1,24.7,40.0,,7.3,1.0,125.0,1
D005371,5.0,1079.0,0.83,24.0,0.7,-61.2,-51.1,24.0,45.0,-94.9,19.1,0.0,107.0,0
D005372,6.6,1020.0,1.52,25.0,0.43,-66.5,-48.9,24.6,56.0,-91.4,9.3,0.0,133.0,0
D005373,5.9,1317.0,1.54,20.0,0.32,-62.2,-52.5,26.8,42.0,-91.6,23.5,0.0,117.0,0
D005374,4.3,1234.0,0.97,22.5,0.33,-60.5,-52.9,24.2,44.0,-91.7,13.0,1.0,145.0,0
D005375,5.4,1142.0,1.11,28.5,0.45,-65.8,-49.7,24.0,47.0,-95.1,4.9,0.0,128.0,1
D005376,4.8,1179.0,1.03,27.0,0.47,-67.1,-49.5,23.1,44.0,-94.9,9.1,1.0,117.0,1
D005377,6.9,1204.0,1.05,31.0,0.66,-69.2,-51.0,21.1,46.0,-98.7,22.1,0.0,124.0,1
D005378,4.5,1153.0,1.05,32.0,0.45,-64.1,-50.2,24.3,40.0,-95.3,6.6,1.0,132.0,1
D005379,3.9,1200.0,,20.0,0.61,-65.5,-47.5,25.7,55.0,-98.9,17.7,0.0,136.0,0
D005380,3.3,1250.0,1.19,28.5,0.5,-63.6,-50.5,29.7,51.0,-92.8,21.1,0.0,146.0,0
D005381,5.0,1124.0,1.07,29.0,0.56,-64.3,-49.4,22.8,39.0,-95.2,12.9,0.0,136.0,1
D005382,5.9,1170.0,1.12,28.0,0.49,-65.9,-49.8,25.3,42.0,-94.9,11.9,1.0,124.0,1
D005383,5.6,1320.0,1.24,23.0,0.52,-62.9,-54.9,29.8,57.0,-93.7,,1.0,113.0,0
D005384,6.8,1382.0,1.51,31.0,0.61,-60.2,-45.3,24.7,48.0,-92.0,17.9,1.0,132.0,1
D005385,4.2,1171.0,1.15,30.0,0.54,-67.7,-49.8,24.6,47.0,-96.8,7.3,0.0,125.0,1
D005386,4.2,1319.0,1.07,30.0,0.54,-61.8,-46.6,20.1,43.0,-93.2,16.9,1.0,141.0,0
D005387,3.4,1208.0,0.98,23.5,0.4,-67.8,-49.3,29.4,31.0,-95.6,6.7,0.0,132.0,0
D005388,4.8,1194.0,1.08,32.0,0.4,-64.9,-48.2,24.4,40.0,-95.6,10.4,1.0,122.0,1
D005389,5.3,1278.0,1.28,39.0,0.31,-68.6,-51.4,25.1,38.0,-96.1,18.2,1.0,140.0,1
D005390,4.6,1145.0,1.1,28.5,0.47,-65.0,-49.0,22.9,43.0,-95.8,15.6,1.0,130.0,1
D005391,5.5,,1.04,29.5,0.46,-65.3,-48.1,24.3,43.0,-96.7,14.3,0.0,134.0,1
D005392,4.9,1187.0,1.09,28.5,0.51,-67.2,-50.2,22.3,47.0,-96.5,5.8,1.0,126.0,1
D005393,6.1,1374.0,0.83,38.5,0.65,-60.7,-52.0,24.4,45.0,-99.8,16.9,0.0,125.0,0
D005394,6.3,1115.0,1.46,31.5,0.4,-68.3,-53.4,24.8,55.0,-95.3,18.1,0.0,131.0,1
D005395,4.7,1359.0,1.31,29.0,0.31,-60.3,-50.8,21.0,30.0,-93.9,7.4,1.0,107.0,0
D005396,4.2,,1.05,29.0,0.41,-65.0,-50.2,23.6,43.0,-95.8,7.4,1.0,130.0,0
D005397,4.6,1264.0,1.07,27.5,0.51,-64.9,-49.9,22.0,45.0,-95.9,11.5,1.0,130.0,1
D005398,6.0,1093.0,1.29,22.5,0.68,-64.4,-54.3,26.0,50.0,-95.8,0.3,1.0,116.0,1
D005399,4.9,1250.0,1.05,28.0,0.51,-64.8,-51.6,23.4,,-95.6,8.3,1.0,126.0,1
D005400,5.2,1149.0,1.09,31.5,0.42,-66.3,-49.0,23.3,51.0,-96.2,9.4,1.0,131.0,1
D005401,4.8,1178.0,1.17,30.0,0.46,-64.0,-49.2,22.5,46.0,-94.0,7.8,1.0,122.0,1
D005402,4.4,1222.0,1.14,29.0,0.49,,-50.6,23.6,41.0,-96.2,10.4,1.0,127.0,1
D005403,4.4,1212.0,1.03,28.0,0.45,-64.6,-48.6,24.6,44.0,-95.6,3.9,1.0,137.0,1
D005404,5.0,1363.0,0.96,30.0,0.59,,-46.4,26.0,37.0,-92.7,10.3,0.0,149.0,1
D005405,4.5,1155.0,1.12,27.5,0.47,-63.7,-50.4,23.5,40.0,-94.6,9.0,0.0,132.0,1
D005406,4.6,1155.0,1.0,28.0,0.48,-66.8,-48.7,21.0,41.0,-97.2,8.7,0.0,128.0,0
D005407,4.2,1176.0,1.06,30.5,0.49,-64.4,-50.6,24.6,42.0,-96.9,4.6,1.0,126.0,0
D005408,5.2,1194.0,1.05,31.5,0.42,-64.7,-51.0,24.1,47.0,-94.4,11.1,1.0,119.0,1
D005409,4.5,1153.0,1.18,27.0,0.51,-65.4,-50.5,24.6,43.0,-95.0,8.5,0.0,134.0,1
D005410,4.0,1240.0,1.05,30.0,0.41,,-51.8,25.3,46.0,-97.1,9.6,0.0,133.0,1
D005411,4.6,1256.0,1.07,24.0,0.54,-62.4,-54.7,22.5,35.0,-91.0,10.7,1.0,141.0,1
D005412,6.1,1026.0,0.99,25.5,0.64,-60.6,-50.5,22.1,33.0,-99.7,16.3,1.0,125.0,0
D005413,4.3,1121.0,1.06,27.5,0.45,-67.1,-49.4,22.8,46.0,-95.2,13.7,0.0,139.0,1
D005414,3.4,1330.0,0.97,29.0,,-68.8,-45.2,25.6,36.0,-98.3,12.0,0.0,127.0,0
D005415,5.1,1219.0,1.06,28.0,0.49,-64.0,-49.0,26.6,42.0,-95.0,,1.0,127.0,1
D005416,5.2,1251.0,1.0,27.5,0.45,-66.1,-50.7,23.6,49.0,-95.2,8.1,1.0,144.0,1
D005417,4.8,1240.0,0.86,20.5,0.31,-66.3,-45.8,25.4,54.0,-98.1,16.5,0.0,136.0,0
D005418,6.2,1074.0,0.91,37.5,0.69,-67.1,-49.7,24.2,56.0,-91.8,20.7,1.0,103.0,0
D005419,3.1,1072.0,1.07,28.0,0.4,-68.2,-50.8,29.1,39.0,-95.8,6.7,1.0,132.0,0
D005420,5.5,1165.0,1.49,40.0,0.66,-61.7,-54.0,21.5,34.0,-93.7,19.2,0.0,121.0,0
D005421,4.7,1138.0,1.11,28.5,0.41,-67.4,-50.0,25.5,47.0,-96.5,6.0,1.0,130.0,0
D005422,5.5,1133.0,1.15,28.0,0.43,-66.3,-51.5,24.3,45.0,-96.1,9.0,0.0,132.0,1
D005423,5.3,1124.0,0.99,30.0,0.48,-65.3,-50.1,24.5,,-95.3,8.9,0.0,133.0,1
D005424,5.1,1144.0,1.15,27.0,0.46,-65.5,-49.9,25.2,44.0,-94.9,10.3,1.0,128.0,0
D005425,5.2,1210.0,1.16,28.5,0.57,-65.7,-50.3,23.7,45.0,-95.7,7.1,1.0,128.0,1
D005426,4.5,1182.0,,27.0,0.49,-66.1,-50.4,22.4,42.0,-95.7,12.9,0.0,128.0,1
D005427,4.3,1004.0,1.08,38.5,0.7,-62.3,-52.7,23.9,,-99.9,7.6,1.0,103.0,0
D005428,3.9,1195.0,1.02,33.5,0.4,-67.0,-49.5,22.9,44.0,-95.6,10.6,0.0,128.0,1
D005429,4.8,1204.0,1.14,29.0,0.48,-65.8,-51.0,23.2,,-96.3,12.5,0.0,130.0,1
D005430,5.9,1250.0,1.51,24.0,0.47,-63.1,-48.2,21.8,,-92.2,0.0,1.0,149.0,1
D005431,5.4,1309.0,1.13,39.5,0.36,-64.1,-51.9,24.1,51.0,-93.6,1.3,1.0,136.0,1
D005432,5.3,1207.0,1.52,36.0,0.37,-61.3,,20.1,45.0,-96.8,4.8,0.0,118.0,0
D005433,3.4,1180.0,1.19,27.5,0.69,-63.7,-53.9,29.2,30.0,-94.7,,0.0,149.0,0
D005434,4.8,1208.0,1.01,24.5,0.52,-65.2,-50.8,24.3,45.0,-94.0,6.5,1.0,126.0,1
D005435,4.0,1113.0,1.11,33.0,0.52,-64.4,-49.5,22.7,48.0,-95.2,8.6,1.0,123.0,1
D005436,4.7,1188.0,1.06,32.0,0.42,-65.9,-50.8,25.9,45.0,-94.7,8.2,1.0,126.0,0
D005437,4.6,1172.0,1.08,29.0,0.46,-64.9,-50.2,22.9,36.0,-94.7,5.5,1.0,132.0,1
D005438,,1355.0,1.58,34.5,0.35,-62.6,-52.5,21.0,43.0,-96.1,5.4,1.0,116.0,0
D005439,4.6,1014.0,1.45,27.0,0.51,-60.5,-54.9,24.1,37.0,-95.7,0.5,1.0,118.0,0
D005440,5.3,1185.0,1.26,30.0,0.47,-64.9,-49.7,24.1,46.0,-95.2,11.0,0.0,132.0,1
D005441,5.4,1184.0,1.01,30.5,0.5,-67.5,-49.1,24.1,41.0,-97.0,7.9,0.0,131.0,1
D005442,5.7,1306.0,0.9,36.0,0.36,-64.0,-45.1,21.2,38.0,-97.5,5.3,1.0,139.0,0
D005443,5.5,1183.0,1.07,31.5,0.56,-66.6,-49.5,24.2,46.0,-94.1,,1.0,131.0,1
D005444,6.8,1158.0,1.36,34.0,0.5,-63.5,-45.8,26.2,48.0,-99.9,11.0,0.0,129.0,1
D005445,4.5,1190.0,1.05,28.5,0.44,-66.0,-49.2,21.8,48.0,-95.4,2.7,1.0,123.0,1
D005446,6.1,1313.0,1.45,23.0,0.5,-61.8,-54.8,20.2,45.0,-99.8,15.4,1.0,140.0,1
D005447,5.4,1256.0,1.04,26.0,0.56,-65.4,-52.2,26.1,41.0,-94.7,8.1,1.0,125.0,1
D005448,4.5,1187.0,1.17,31.0,0.5,-64.1,-49.7,24.9,41.0,-96.3,9.4,1.0,128.0,1
D005449,4.9,1151.0,0.98,26.5,0.48,-65.6,-50.3,23.0,46.0,-97.6,11.2,1.0,133.0,1
D005450,4.6,1110.0,1.15,33.5,0.55,-65.1,-50.4,22.9,43.0,-96.2,9.9,1.0,128.0,1
D005451,6.1,1130.0,0.9,22.5,0.51,,-49.9,22.4,34.0,-92.7,7.7,0.0,142.0,1
D005452,4.8,1175.0,1.11,29.0,0.46,-65.2,-50.2,24.5,45.0,-96.5,9.1,1.0,131.0,0
D005453,4.2,1156.0,1.31,35.0,0.42,-69.7,-53.8,21.6,54.0,-92.8,10.1,0.0,113.0,0
D005454,6.3,1350.0,1.07,23.0,0.3,-60.6,-54.8,21.4,48.0,-91.6,17.2,1.0,134.0,0
D005455,4.7,1130.0,1.09,30.0,0.44,-65.1,-48.6,24.0,44.0,-95.8,10.2,0.0,124.0,1
D005456,4.2,1258.0,0.95,31.0,0.47,-66.0,-48.9,22.5,45.0,-95.7,10.0,1.0,128.0,1
D005457,3.7,1362.0,1.41,35.5,0.7,-60.4,-47.4,29.5,60.0,-99.8,20.8,0.0,127.0,0
D005458,6.6,1290.0,1.22,29.0,0.6,-63.4,-52.7,22.5,,-98.8,7.6,1.0,120.0,1
D005459,4.8,1127.0,0.99,27.5,0.49,-65.9,-51.0,22.7,43.0,-95.8,10.7,1.0,129.0,1
D005460,4.6,1226.0,1.06,30.5,0.52,-67.1,-50.1,24.3,49.0,-96.8,6.8,0.0,128.0,1
D005461,5.1,1188.0,1.03,27.0,0.49,-64.9,-49.6,25.0,44.0,-94.5,8.4,1.0,125.0,1
D005462,5.4,1359.0,1.05,22.0,0.52,,-52.6,21.6,40.0,-95.7,16.8,0.0,131.0,1
D005463,5.1,1233.0,1.08,29.0,0.41,-66.0,-50.8,24.3,48.0,,11.0,1.0,124.0,1
D005464,5.3,1155.0,1.15,28.0,0.48,-66.4,-49.7,24.7,45.0,-95.3,9.8,1.0,125.0,1
D005465,4.6,1210.0,1.15,29.0,0.49,,-50.3,23.4,47.0,-96.5,12.0,0.0,131.0,1
D005466,5.2,1109.0,1.0,29.0,0.45,-64.7,-49.5,,41.0,-95.1,8.8,0.0,121.0,1
D005467,4.2,1191.0,1.02,29.0,0.48,-65.7,-49.7,,44.0,-95.9,5.6,0.0,134.0,1
D005468,4.9,1145.0,1.11,29.0,0.53,-65.6,-49.1,25.7,50.0,-95.0,,1.0,127.0,1
D005469,4.9,1083.0,1.07,31.5,0.55,-64.6,-51.4,23.8,45.0,-95.3,6.9,1.0,128.0,1
D005470,6.5,1192.0,1.27,23.5,0.46,-60.4,-48.2,28.3,39.0,-96.1,19.5,1.0,104.0,0
D005471,4.8,1193.0,1.23,29.0,0.44,-66.5,-50.8,23.4,44.0,-93.8,7.4,1.0,134.0,1
D005472,3.8,1022.0,0.94,23.0,0.45,-65.7,-48.4,21.6,42.0,-97.2,3.8,1.0,105.0,0
D005473,3.8,1142.0,1.04,30.0,0.41,-67.4,-50.2,22.4,,-94.8,7.9,0.0,132.0,1
D005474,6.7,1166.0,1.4,27.0,0.47,-63.3,-53.8,27.9,36.0,-90.9,6.0,1.0,130.0,1
D005475,3.2,1255.0,1.59,33.5,0.43,-70.0,-54.4,20.0,,-97.3,21.0,1.0,138.0,0
D005476,6.5,1206.0,0.84,24.0,0.48,-60.3,-53.6,27.2,,-95.3,7.6,0.0,144.0,1
D005477,4.1,1035.0,0.96,22.0,0.43,-63.8,-55.0,20.2,31.0,-97.5,9.1,0.0,134.0,1
D005478,6.9,1164.0,1.36,39.0,0.53,-64.6,-51.5,23.9,39.0,-99.0,23.8,1.0,109.0,1
D005479,4.5,1257.0,1.16,29.5,0.44,-65.4,-51.8,23.5,45.0,-95.0,6.4,1.0,132.0,1
D005480,4.7,1173.0,1.09,30.5,0.49,-66.7,-48.6,24.3,42.0,-94.7,7.4,0.0,134.0,1
D005481,3.2,1285.0,1.05,38.0,0.36,-67.8,-46.4,22.8,59.0,-98.7,1.9,0.0,149.0,1
D005482,3.4,1289.0,0.91,28.0,0.6,-66.7,-46.6,20.4,45.0,-95.7,20.6,1.0,133.0,0
D005483,4.2,1313.0,1.51,28.0,0.4,-65.3,-45.4,20.3,44.0,-98.0,19.4,1.0,121.0,0
D005484,5.0,1194.0,1.11,30.0,0.45,-66.1,-47.1,22.5,43.0,-96.3,8.9,1.0,132.0,1
D005485,6.2,1290.0,0.99,26.5,0.31,-61.1,-53.5,29.8,31.0,-94.0,22.5,0.0,130.0,0
D005486,4.3,1154.0,1.17,26.0,0.49,-65.4,-50.5,26.0,52.0,-95.8,7.3,0.0,135.0,1
D005487,5.0,1210.0,1.18,29.5,0.51,-65.0,-49.1,25.0,39.0,-96.1,9.7,0.0,120.0,1
D005488,6.1,1070.0,1.25,21.5,0.52,-60.5,-47.8,25.1,55.0,-92.2,2.4,1.0,108.0,0
D005489,5.3,1296.0,0.85,25.0,0.45,-64.1,-46.4,26.2,59.0,-94.0,21.1,1.0,,0
D005490,4.1,1194.0,1.13,31.0,0.44,-64.1,-50.2,23.5,39.0,-95.1,5.7,0.0,130.0,1
D005491,4.8,1137.0,1.12,30.5,0.41,-65.6,-49.8,25.0,42.0,-96.0,7.6,0.0,126.0,1
D005492,3.9,1108.0,1.12,27.5,0.48,-66.8,,24.4,54.0,-96.0,7.9,0.0,120.0,0
D005493,4.9,1153.0,1.29,22.5,0.59,-61.4,-51.8,26.7,31.0,-98.9,8.3,0.0,130.0,0
D005494,4.7,1243.0,1.07,27.5,0.49,-63.5,-49.6,23.4,44.0,-92.9,11.8,1.0,125.0,0
D005495,3.2,1000.0,1.09,27.5,0.55,-62.5,-54.6,23.5,34.0,-99.0,14.8,0.0,110.0,0
D005496,6.6,1319.0,1.51,29.5,0.51,-61.0,-48.6,23.9,57.0,-94.0,12.1,1.0,131.0,0
D005497,5.4,1219.0,1.02,27.5,0.51,-64.7,-50.4,23.2,47.0,-94.8,12.3,0.0,128.0,1
D005498,5.7,1216.0,1.32,28.0,0.66,-64.3,-47.8,20.9,37.0,-96.2,20.6,1.0,114.0,0
D005499,4.3,1187.0,1.2,29.0,0.49,-65.5,-48.4,25.1,46.0,-96.7,4.0,0.0,130.0,1
D005500,4.9,1207.0,1.06,28.5,0.39,-65.0,-49.2,23.9,46.0,-95.9,5.8,1.0,127.0,0
D005501,5.1,1204.0,1.12,28.5,0.51,-65.0,-48.9,23.3,47.0,-96.5,9.4,1.0,130.0,1
D005502,4.9,1177.0,1.18,25.0,0.51,-64.3,-49.2,23.9,51.0,-93.9,11.1,0.0,127.0,1
D005503,5.4,1129.0,1.24,28.5,0.61,-64.6,-49.0,23.4,45.0,-94.2,11.2,0.0,128.0,1
D005504,6.0,1280.0,1.59,25.0,0.64,-69.1,-47.8,20.0,47.0,-93.1,8.5,1.0,116.0,0
D005505,5.6,1177.0,1.11,31.5,0.44,-65.9,-51.5,24.9,44.0,-95.2,6.5,1.0,126.0,1
D005506,4.9,1120.0,1.09,27.5,0.51,-65.7,-49.5,23.2,47.0,-96.1,9.6,1.0,121.0,1
D005507,3.0,1120.0,1.35,29.0,0.55,-61.6,-51.1,21.5,43.0,-92.8,11.3,0.0,108.0,0
D005508,5.7,1269.0,1.05,20.0,0.48,-68.4,-50.2,20.1,59.0,-96.0,1.9,0.0,140.0,1
D005509,3.5,1184.0,1.52,24.0,0.37,-69.6,-49.5,20.5,,-99.9,0.5,0.0,146.0,1
D005510,4.9,1005.0,1.02,26.0,0.65,-60.4,-48.6,25.0,40.0,-93.9,18.7,1.0,123.0,0
D005511,4.7,1296.0,1.01,,0.57,-65.7,-48.6,23.4,42.0,-95.0,7.6,0.0,129.0,1
D005512,4.5,1156.0,1.04,29.0,0.52,-66.7,-48.9,21.3,46.0,-94.4,7.5,1.0,,1
D005513,4.8,1262.0,1.2,28.0,0.52,-67.0,-50.0,22.3,38.0,-94.2,12.7,1.0,122.0,1
D005514,5.3,1123.0,0.9,36.0,0.64,-68.8,-53.4,20.3,40.0,-92.7,11.9,1.0,103.0,0
D005515,5.3,1170.0,1.03,28.5,0.43,-64.5,-49.8,23.6,47.0,-96.3,13.3,0.0,131.0,1
D005516,5.9,1238.0,1.45,35.5,0.36,-64.6,-45.9,25.1,46.0,-95.4,19.1,1.0,146.0,1
D005517,4.7,1207.0,1.1,31.0,0.44,-65.1,-50.2,23.2,45.0,-97.6,8.7,0.0,132.0,1
D005518,4.8,1002.0,1.39,21.5,0.57,-69.3,-50.4,25.7,43.0,-97.5,22.5,0.0,143.0,1
D005519,5.8,1104.0,0.8,28.0,0.3,-60.1,-46.7,20.6,40.0,-97.8,14.7,0.0,104.0,0
D005520,3.9,1323.0,0.97,37.0,0.63,-67.3,-45.6,23.4,35.0,-93.2,1.2,1.0,133.0,1
D005521,6.3,1004.0,1.25,39.5,0.65,-67.1,-45.8,21.6,41.0,-91.3,2.5,1.0,147.0,1
D005522,5.6,1164.0,1.44,30.0,0.33,-61.5,-50.6,25.6,39.0,-97.1,9.5,1.0,149.0,0
D005523,4.4,1256.0,1.25,27.0,0.56,-61.2,-48.1,29.5,41.0,-95.5,,,109.0,0
D005524,5.0,1219.0,1.05,30.0,0.45,-64.3,-48.9,,39.0,-96.3,9.2,1.0,130.0,1
D005525,4.9,1156.0,1.12,31.0,0.52,-67.4,-49.9,26.2,43.0,-93.7,6.2,1.0,127.0,1
D005526,4.8,1229.0,1.04,28.0,0.45,-65.5,-51.1,23.7,47.0,-95.2,8.6,1.0,125.0,1
D005527,5.8,1169.0,1.25,,0.46,-64.9,-50.2,23.5,45.0,-94.9,8.1,1.0,132.0,1
D005528,4.9,1144.0,1.09,28.5,0.5,-66.9,-50.4,24.0,43.0,-94.5,6.2,1.0,132.0,1
D005529,5.0,1139.0,1.17,32.0,0.46,-64.6,-48.7,23.4,45.0,-94.0,4.8,1.0,132.0,1
D005530,4.9,1137.0,0.94,26.0,0.43,-66.7,-50.1,22.3,43.0,-95.9,6.4,0.0,,1
D005531,4.7,1112.0,1.2,28.5,0.4,-60.1,-47.7,20.0,31.0,-92.8,12.8,0.0,147.0,0
D005532,4.6,1209.0,1.16,29.5,0.49,-65.8,-50.6,24.0,47.0,-96.7,11.5,1.0,133.0,1
D005533,4.8,1225.0,0.94,32.0,0.52,-65.9,-48.7,23.3,45.0,-95.8,10.5,0.0,138.0,1
D005534,5.3,1377.0,0.86,28.0,0.63,-61.5,-50.2,28.9,31.0,-99.4,2.2,0.0,101.0,1
D005535,,1231.0,1.07,28.0,0.42,-65.8,-50.1,24.4,46.0,-95.2,12.2,0.0,131.0,0
D005536,5.0,1148.0,1.1,27.0,0.41,-64.9,-49.5,25.5,41.0,-93.3,5.6,1.0,141.0,1
D005537,6.0,1141.0,1.32,37.5,0.32,-69.0,-50.9,26.1,37.0,-100.0,21.6,1.0,115.0,0
D005538,4.3,1142.0,1.2,29.5,0.45,-64.1,-51.6,24.5,44.0,-96.5,6.8,1.0,134.0,1
D005539,4.8,1203.0,1.12,28.5,0.52,-66.0,,22.8,45.0,-95.4,10.3,0.0,125.0,1
D005540,6.8,1037.0,0.83,21.0,0.49,-65.9,-45.4,26.0,38.0,-97.9,0.1,0.0,,1
D005541,4.6,1189.0,1.03,30.0,0.49,-66.8,-51.0,23.3,40.0,-95.7,6.0,0.0,121.0,1
D005542,4.7,1188.0,1.13,32.0,0.45,-64.6,-49.6,24.9,44.0,-95.3,,1.0,129.0,1
D005543,5.2,1139.0,1.07,29.0,0.49,-65.3,-52.0,24.0,38.0,-95.6,9.9,0.0,132.0,1
D005544,4.7,1170.0,1.42,22.0,0.41,-62.3,-54.7,24.2,35.0,-95.1,8.9,0.0,145.0,1
D005545,4.7,,1.31,,0.35,-62.2,-53.4,22.9,59.0,-97.5,20.6,1.0,110.0,0
D005546,4.7,1347.0,1.49,32.5,0.37,-64.3,-49.4,21.1,40.0,-99.9,13.4,1.0,111.0,0
D005547,4.9,1201.0,1.22,27.0,0.48,-65.7,-50.4,24.0,42.0,-96.0,13.2,0.0,119.0,0
D005548,3.5,1171.0,1.11,33.5,0.52,-66.3,-48.5,23.5,,-95.8,9.4,0.0,130.0,1
D005549,5.8,1325.0,0.88,27.0,0.61,,-50.9,22.9,32.0,-98.0,22.3,1.0,114.0,1
D005550,5.2,1172.0,1.13,27.5,0.58,-65.9,-49.4,24.3,40.0,-94.7,10.0,1.0,130.0,1
D005551,6.5,1188.0,1.41,37.5,0.46,-65.1,-46.4,20.0,32.0,-98.9,16.5,1.0,123.0,0
D005552,4.4,1199.0,1.09,25.0,0.41,-65.5,-51.2,23.3,43.0,-96.3,8.7,0.0,128.0,1
D005553,5.6,1224.0,1.28,28.0,0.47,-64.7,-50.5,23.2,46.0,-94.9,6.5,1.0,141.0,1
D005554,4.9,1239.0,1.04,30.5,0.46,,-50.1,24.0,42.0,-95.9,11.0,0.0,127.0,1
D005555,5.5,1232.0,1.21,28.0,0.43,-64.0,-48.9,25.0,45.0,-96.3,8.3,1.0,130.0,1
D005556,3.6,1318.0,1.4,33.0,0.32,-63.5,-48.2,27.7,40.0,-94.7,20.1,0.0,117.0,0
D005557,5.1,1180.0,0.9,39.0,0.59,-66.0,-48.8,23.6,43.0,-97.1,4.9,0.0,104.0,1
D005558,4.5,1142.0,1.11,25.5,0.49,-66.7,-48.3,24.2,42.0,-96.1,6.3,0.0,124.0,0
D005559,4.6,1200.0,1.08,25.5,0.41,-66.5,-49.1,23.9,45.0,-95.9,5.5,1.0,134.0,1
D005560,4.7,1256.0,1.31,40.0,0.5,-62.3,-46.9,24.3,34.0,-94.9,3.6,1.0,148.0,1
D005561,5.2,1210.0,1.12,30.0,0.42,-65.3,-50.8,24.9,,-94.1,11.8,1.0,119.0,1
D005562,4.3,1180.0,1.07,32.0,0.49,-65.2,-50.1,22.6,41.0,-94.9,8.5,0.0,130.0,1
D005563,4.2,1194.0,1.13,27.5,0.52,-64.0,-49.9,24.8,42.0,-96.1,5.7,1.0,133.0,0
D005564,3.0,1391.0,0.88,28.5,0.66,-66.7,-46.0,25.8,60.0,-96.3,14.5,1.0,136.0,0
D005565,3.6,1318.0,1.02,23.5,0.7,-63.0,-49.1,26.4,38.0,-96.7,16.7,1.0,118.0,0
D005566,5.2,1159.0,1.1,27.0,0.52,-66.4,-50.9,23.7,38.0,-93.5,7.1,0.0,124.0,1
D005567,4.6,1145.0,1.04,29.0,0.42,-65.1,-50.2,23.1,42.0,-95.8,6.9,0.0,124.0,1
D005568,,1362.0,1.15,28.5,0.37,-65.7,-49.4,25.9,54.0,-97.4,10.4,0.0,134.0,1
D005569,4.9,1224.0,0.9,28.5,0.46,-65.9,-49.8,24.6,40.0,-95.1,8.1,1.0,131.0,1
D005570,3.9,1207.0,0.99,28.0,0.48,-65.8,-50.7,23.2,47.0,-94.6,8.9,0.0,128.0,1
D005571,5.0,1356.0,1.17,26.5,0.5,-61.7,-47.1,20.1,33.0,-92.7,20.0,1.0,116.0,0
D005572,5.0,,0.98,31.0,0.5,-65.5,-48.5,24.3,42.0,-94.5,,0.0,138.0,1
D005573,3.0,1376.0,0.99,28.5,0.35,,-50.7,28.0,58.0,-93.6,15.0,1.0,127.0,0
D005574,6.2,1210.0,1.36,38.5,0.68,-65.3,-45.8,28.7,37.0,-95.2,11.3,1.0,114.0,0
D005575,5.2,1216.0,1.18,30.0,0.55,-64.5,-47.9,23.2,42.0,-95.5,11.4,0.0,128.0,1
D005576,5.0,1134.0,1.49,36.5,0.34,-65.0,-47.8,20.6,55.0,-98.3,5.1,1.0,121.0,0
D005577,4.0,1207.0,1.21,29.0,0.48,-67.2,-49.0,24.4,45.0,-96.0,11.3,1.0,128.0,0
D005578,6.6,,0.94,39.0,0.36,-68.8,-51.0,28.1,51.0,-96.1,13.6,0.0,131.0,1
D005579,4.5,1183.0,1.1,33.0,0.5,-65.9,-49.0,25.6,42.0,-95.7,9.0,0.0,130.0,1
D005580,4.9,1237.0,1.17,31.0,0.43,-66.2,-51.1,22.8,41.0,-95.5,10.0,0.0,128.0,1
D005581,4.9,1176.0,1.22,30.5,0.51,-65.4,-50.0,25.6,42.0,-94.5,7.4,0.0,129.0,1
D005582,4.4,1243.0,1.09,28.0,0.5,-65.6,-50.1,24.3,40.0,-94.5,10.7,0.0,125.0,1
D005583,5.2,1159.0,1.27,31.0,0.56,-64.2,-49.8,23.7,49.0,-95.7,10.3,1.0,131.0,1
D005584,4.5,1213.0,1.09,27.5,0.49,-65.7,-47.4,24.1,44.0,-96.9,7.1,0.0,130.0,1
D005585,4.3,1057.0,0.8,23.5,0.34,-63.0,-51.4,27.0,46.0,-92.3,5.3,0.0,121.0,0
D005586,5.2,1203.0,,29.5,0.5,-66.6,-48.2,23.8,47.0,-94.5,6.6,0.0,113.0,1
D005587,,1169.0,1.14,26.0,0.5,-66.2,-49.9,24.5,40.0,-96.3,8.8,1.0,124.0,1
D005588,4.8,1138.0,1.13,30.0,0.48,-65.0,-51.3,,38.0,-94.6,7.9,0.0,132.0,1
D005589,5.6,1005.0,1.08,26.5,0.51,-63.4,-47.7,24.2,39.0,-98.8,7.6,1.0,110.0,0
D005590,5.1,1359.0,0.93,34.5,0.65,-63.8,-53.8,22.0,37.0,-96.6,18.1,0.0,124.0,1
D005591,6.6,1031.0,1.28,33.5,0.6,-69.3,-53.1,20.5,46.0,-92.0,13.9,0.0,150.0,1
D005592,,1217.0,1.09,25.5,0.44,-66.1,-50.4,22.9,41.0,-96.2,5.6,0.0,123.0,1
D005593,6.3,1393.0,1.22,26.0,0.66,-61.5,-46.6,27.1,43.0,-99.6,22.0,0.0,130.0,0
D005594,5.5,1127.0,1.07,30.0,0.56,-65.6,-49.2,24.5,46.0,-96.1,12.4,0.0,122.0,1
D005595,4.3,1218.0,1.19,31.5,0.48,-66.2,-50.9,25.4,47.0,-96.2,10.4,0.0,140.0,1
D005596,4.9,1108.0,1.12,32.5,0.44,-65.0,-49.6,25.3,48.0,-95.8,7.7,1.0,129.0,1
D005597,4.7,1145.0,0.98,31.5,0.45,-66.9,-49.0,22.7,42.0,-95.3,11.2,1.0,132.0,1
D005598,3.1,1173.0,1.2,23.5,0.37,-64.2,-50.8,23.9,54.0,-91.6,4.0,0.0,143.0,1
D005599,5.5,1312.0,1.52,32.0,0.55,-66.7,-47.7,22.2,31.0,-94.6,20.1,0.0,104.0,0
D005600,4.8,1200.0,1.06,30.0,0.45,-65.9,-48.7,23.6,45.0,-93.9,7.3,1.0,133.0,1
D005601,5.6,1159.0,1.18,26.0,0.46,-64.7,-49.7,24.3,47.0,-95.6,8.0,0.0,127.0,1
D005602,4.5,1141.0,0.94,32.0,0.49,-65.4,-50.6,22.9,43.0,-95.1,6.5,0.0,125.0,1
D005603,5.1,1219.0,1.06,31.0,0.43,-64.2,-48.3,25.6,39.0,-96.5,9.5,1.0,132.0,1
D005604,4.8,1192.0,1.19,30.5,0.49,-66.1,-49.6,24.8,47.0,-93.6,4.2,1.0,132.0,1
D005605,5.0,1244.0,0.95,28.5,0.46,-65.5,-48.8,22.8,46.0,-97.0,6.7,0.0,135.0,1
D005606,4.7,1179.0,0.97,30.5,0.53,-65.3,-49.7,,44.0,-96.7,6.0,0.0,139.0,1
D005607,5.3,,1.13,34.0,0.53,-66.7,-48.6,24.8,49.0,-96.1,7.6,1.0,129.0,1
D005608,4.4,1139.0,1.06,27.5,0.49,-64.1,-50.2,25.8,36.0,-96.1,8.5,0.0,135.0,1
D005609,5.3,1163.0,1.15,29.5,0.44,-67.2,-48.2,22.7,43.0,-95.4,11.5,1.0,141.0,1
D005610,3.1,1146.0,1.09,37.0,0.66,-66.6,-52.3,27.3,44.0,-94.7,13.5,0.0,128.0,1
D005611,4.8,1173.0,1.14,29.5,0.46,-65.8,-48.6,23.7,42.0,-94.6,11.2,1.0,123.0,1
D005612,,1196.0,0.91,28.0,,-64.4,-48.1,23.2,50.0,-96.5,12.5,1.0,128.0,1
D005613,4.8,1177.0,1.12,30.0,0.44,-65.2,-49.1,24.3,48.0,-96.5,10.7,1.0,121.0,1
D005614,5.1,1139.0,1.24,38.5,0.64,-62.7,-49.6,22.0,37.0,-94.7,21.5,0.0,146.0,0
D005615,5.7,1060.0,1.49,29.5,0.64,-65.1,-46.1,27.6,41.0,-93.2,6.9,0.0,121.0,0
D005616,4.4,1183.0,1.1,,0.51,-64.3,-49.4,22.6,41.0,-95.7,6.5,0.0,131.0,1
D005617,4.9,1217.0,,27.5,0.47,-66.7,-49.6,24.8,48.0,,9.8,1.0,132.0,1
D005618,4.5,,0.84,21.5,0.34,-62.1,-51.2,24.9,34.0,-95.0,12.9,1.0,126.0,0
D005619,5.2,1161.0,1.26,26.5,0.47,-65.0,-48.9,25.6,41.0,-95.5,5.8,1.0,124.0,1
D005620,5.9,1235.0,0.85,30.5,0.61,-64.6,-47.9,22.6,48.0,-98.0,20.2,1.0,131.0,1
D005621,4.8,1131.0,1.08,25.5,0.49,-66.1,-50.0,25.8,47.0,-94.7,16.0,0.0,130.0,1
D005622,5.1,1137.0,1.15,32.5,0.52,-65.8,-49.3,23.0,42.0,-94.2,11.6,1.0,130.0,1
D005623,6.9,1198.0,0.98,38.5,0.5,-66.3,-48.0,23.9,32.0,-93.1,8.0,0.0,126.0,1
D005624,5.4,1224.0,1.06,29.5,0.51,-65.5,-49.6,23.8,42.0,-94.2,10.8,0.0,134.0,1
D005625,3.8,1192.0,1.11,31.5,0.5,-65.0,-50.3,24.6,47.0,-96.6,9.4,1.0,131.0,0
D005626,5.0,1220.0,1.02,29.0,0.53,-66.6,-48.1,22.5,45.0,-95.2,12.3,1.0,129.0,1
D005627,4.6,1203.0,1.31,27.5,0.48,-67.0,-47.9,24.0,45.0,-94.7,8.6,0.0,126.0,1
D005628,4.8,1319.0,1.11,25.0,0.62,-65.4,-47.6,28.5,43.0,-97.6,2.2,1.0,121.0,0
D005629,4.7,1134.0,1.19,28.5,0.42,-62.7,-48.9,24.6,41.0,-95.1,9.8,0.0,125.0,1
D005630,5.5,1188.0,1.06,29.0,0.53,-67.1,-51.5,,39.0,-94.4,8.9,1.0,130.0,1
D005631,4.9,1261.0,1.09,21.5,0.45,-62.7,-50.9,29.7,47.0,-92.4,16.4,0.0,103.0,0
D005632,3.9,1334.0,1.45,39.5,0.47,-60.5,-49.6,29.3,31.0,,8.1,0.0,133.0,0
D005633,3.8,1387.0,0.84,24.5,0.55,-62.7,-48.8,28.1,49.0,-98.6,23.1,1.0,122.0,0
D005634,4.7,1202.0,0.98,34.5,0.47,-62.5,-53.0,28.0,35.0,-94.6,17.4,1.0,145.0,0
D005635,5.2,1134.0,0.98,29.0,0.42,-65.5,-49.2,23.8,48.0,-95.8,11.8,1.0,128.0,0
D005636,5.7,1139.0,0.96,30.5,0.49,-67.3,-48.0,24.1,40.0,-95.5,6.8,0.0,122.0,1
D005637,6.3,1173.0,1.52,32.0,0.55,-69.6,-47.3,,40.0,-98.7,7.6,0.0,117.0,1
D005638,5.3,1112.0,1.15,30.5,0.48,-65.2,-49.4,24.3,41.0,-94.9,8.9,0.0,118.0,1
D005639,4.9,1210.0,1.1,30.0,0.47,-66.1,-49.6,24.5,43.0,-93.8,10.3,1.0,127.0,1
D005640,5.0,1223.0,1.1,28.5,0.54,-64.8,-50.1,23.5,44.0,-95.6,10.9,0.0,131.0,1
D005641,4.9,1243.0,1.11,31.0,0.46,-65.2,-50.6,23.6,44.0,-94.4,9.2,0.0,128.0,1
D005642,4.4,1166.0,1.19,33.0,0.52,-67.6,-48.7,22.8,46.0,-95.8,8.8,0.0,133.0,1
D005643,5.5,1172.0,1.07,30.5,0.5,-64.6,-51.3,24.7,46.0,,12.7,0.0,127.0,1
D005644,5.1,1210.0,0.8,32.0,0.52,-65.7,-50.3,23.9,38.0,-96.5,14.3,1.0,127.0,1
D005645,4.2,1167.0,1.1,29.5,0.51,-64.8,-49.8,24.4,47.0,-96.1,10.7,0.0,131.0,1
D005646,5.2,1145.0,1.16,30.0,0.47,-66.8,-49.7,26.6,46.0,-93.7,9.0,0.0,132.0,1
D005647,3.8,1154.0,0.83,31.5,0.37,-62.1,-45.9,26.7,33.0,-92.4,13.1,1.0,114.0,0
D005648,4.8,1232.0,1.26,37.5,0.48,-61.2,-45.1,23.0,40.0,-91.3,20.6,1.0,148.0,0
D005649,4.5,1138.0,1.09,28.0,0.52,-66.5,-51.7,24.7,45.0,-95.9,10.8,1.0,124.0,1
D005650,5.2,1137.0,1.1,32.0,0.5,-66.7,-50.5,24.1,45.0,-96.8,8.2,0.0,129.0,1
D005651,4.5,1224.0,1.14,28.5,0.55,-65.6,-51.1,23.9,42.0,-93.6,10.0,0.0,121.0,1
D005652,5.4,1290.0,1.31,27.0,0.5,-62.1,-51.9,21.4,58.0,-96.7,23.3,1.0,140.0,0
D005653,4.6,1213.0,1.0,28.0,0.55,-65.1,-49.2,23.8,48.0,-95.8,11.9,0.0,122.0,1
D005654,,1279.0,1.54,27.0,0.38,-61.4,-51.5,21.2,50.0,-94.0,4.8,0.0,134.0,0
D005655,4.8,1159.0,1.04,29.0,,-66.5,-50.6,24.8,47.0,-96.1,7.9,1.0,122.0,1
D005656,4.1,1190.0,,22.5,0.68,-64.3,-51.2,25.1,37.0,-91.4,0.4,0.0,111.0,0
D005657,3.9,1173.0,1.02,28.5,0.48,-64.7,-49.5,23.5,37.0,-97.2,,0.0,125.0,1
D005658,4.6,1238.0,0.8,25.0,0.53,-62.5,-52.3,22.5,41.0,-98.7,9.5,1.0,146.0,1
D005659,4.5,1050.0,0.92,34.0,0.42,-65.1,-51.4,20.6,49.0,-99.4,0.4,1.0,147.0,1
D005660,5.1,1205.0,1.1,31.0,0.49,-66.2,-49.6,23.3,46.0,-94.6,7.5,1.0,130.0,1
D005661,4.0,1215.0,1.06,31.0,0.49,-65.4,-52.7,24.2,45.0,-95.8,7.3,0.0,127.0,1
D005662,5.0,1170.0,1.17,29.0,,-65.5,-50.3,24.6,45.0,-97.0,3.4,1.0,119.0,1
D005663,4.1,1164.0,1.28,29.0,0.46,-65.1,-48.8,22.8,42.0,-95.8,10.1,1.0,137.0,0
D005664,5.4,1208.0,1.04,29.5,0.52,-64.1,-49.9,23.6,40.0,-94.8,6.1,1.0,126.0,1
D005665,6.9,1338.0,0.92,39.5,0.54,-63.5,-54.0,27.3,36.0,-90.0,15.1,0.0,117.0,1
D005666,5.1,1159.0,1.01,28.5,0.42,-64.4,-50.0,23.5,47.0,-95.1,9.1,0.0,132.0,1
D005667,4.8,1126.0,1.17,26.5,0.51,-65.9,-47.7,25.3,36.0,-93.5,10.9,1.0,128.0,0
D005668,6.7,1282.0,1.04,33.5,0.54,-69.0,-54.4,24.3,55.0,-98.3,6.4,0.0,143.0,1
D005669,4.5,1237.0,1.08,31.0,0.49,-64.1,-50.7,23.1,42.0,-95.4,8.7,0.0,139.0,1
D005670,4.8,1158.0,0.97,26.5,0.45,-67.1,-49.5,23.6,40.0,-97.2,9.2,1.0,129.0,1
D005671,4.5,1177.0,1.0,28.0,0.49,-67.5,-49.3,24.1,41.0,-95.1,8.6,0.0,122.0,1
D005672,5.1,1227.0,1.07,,0.49,-63.9,-51.3,23.7,45.0,-95.2,9.8,1.0,128.0,0
D005673,4.5,1388.0,1.11,29.0,0.42,-64.2,-47.1,27.4,60.0,-90.8,22.5,1.0,107.0,0
D005674,4.3,1163.0,1.1,31.0,0.49,-65.1,-50.8,23.9,49.0,-95.1,14.6,0.0,124.0,0
D005675,5.0,1150.0,1.17,30.5,0.39,-65.5,-47.6,23.3,44.0,-96.2,8.6,0.0,137.0,1
D005676,4.5,1154.0,1.05,26.5,0.54,-66.2,-50.5,21.8,46.0,-94.2,11.6,0.0,129.0,1
D005677,7.0,1349.0,1.08,24.0,0.37,-67.7,-53.4,25.4,59.0,-93.7,2.2,1.0,134.0,1
D005678,4.6,1192.0,1.07,28.5,0.49,-65.9,-49.9,22.8,42.0,-95.2,,0.0,125.0,1
D005679,4.6,1150.0,1.13,29.0,0.5,-66.2,-50.3,23.9,39.0,-95.6,7.8,0.0,117.0,1
D005680,4.1,1022.0,1.39,23.5,0.55,-68.1,-46.2,26.2,60.0,-96.2,0.9,0.0,132.0,0
D005681,4.5,1168.0,1.06,28.0,,-65.3,-51.2,24.6,43.0,-94.3,8.0,1.0,127.0,1
D005682,5.3,1235.0,1.22,28.5,0.58,-66.4,-49.7,23.3,47.0,-95.4,8.8,0.0,122.0,0
D005683,5.3,1233.0,1.33,32.5,0.51,-63.4,-53.8,24.8,32.0,-99.9,2.2,1.0,145.0,1
D005684,5.2,1134.0,1.13,27.5,0.45,-65.6,-49.3,23.6,42.0,-96.7,5.7,1.0,127.0,1
D005685,4.1,1238.0,1.06,27.0,0.49,-64.0,-49.8,24.9,45.0,-95.2,8.6,0.0,,1
D005686,4.5,1169.0,1.08,25.0,0.53,-66.8,-49.9,23.6,40.0,-95.1,8.9,1.0,135.0,1
D005687,5.6,1209.0,1.11,29.0,0.49,-65.1,-51.3,24.4,45.0,-95.1,6.0,1.0,127.0,1
D005688,5.4,1231.0,1.14,26.5,0.52,-64.5,-50.0,25.9,48.0,-92.8,10.8,0.0,132.0,1
D005689,3.6,1052.0,1.51,38.0,0.55,-65.4,-49.8,21.5,33.0,-95.9,,0.0,131.0,1
D005690,4.7,1311.0,1.16,30.5,0.48,-66.4,-50.3,22.9,47.0,-94.2,10.1,1.0,120.0,1
D005691,3.5,1002.0,1.04,34.0,0.54,-66.3,-54.8,26.9,41.0,-99.5,16.6,1.0,148.0,1
D005692,3.4,1334.0,1.01,29.5,0.37,-64.1,-48.8,22.0,31.0,-92.1,23.5,1.0,115.0,0
D005693,4.9,1231.0,1.29,30.0,0.42,-61.2,-48.3,28.7,58.0,-96.5,1.2,1.0,147.0,0
D005694,4.0,1066.0,0.96,29.5,0.54,-64.6,-51.8,22.5,38.0,-95.5,8.5,1.0,125.0,0
D005695,4.8,1390.0,,26.5,0.4,-64.9,-46.9,25.3,48.0,-91.6,3.1,0.0,125.0,0
D005696,4.4,1200.0,1.0,29.5,0.48,-66.5,-49.8,24.7,43.0,-94.2,7.1,1.0,125.0,1
D005697,4.1,1223.0,1.17,28.0,0.51,-64.2,-48.7,24.2,44.0,-94.8,9.4,1.0,131.0,0
D005698,4.3,1203.0,0.97,28.5,0.46,-66.3,-50.9,24.4,44.0,-95.1,9.4,1.0,127.0,0
D005699,5.0,1237.0,1.03,33.0,0.48,-67.3,-49.8,23.8,46.0,-96.7,10.2,0.0,129.0,1
D005700,6.0,1164.0,1.15,29.5,0.51,-64.8,-49.9,22.2,50.0,-95.5,9.2,0.0,129.0,1
D005701,6.7,1242.0,1.05,22.5,0.56,-67.4,-47.2,24.3,33.0,-93.6,11.6,1.0,122.0,1
D005702,4.4,1179.0,1.2,24.5,0.48,-66.7,-50.1,23.1,46.0,-94.4,8.1,0.0,128.0,0
D005703,6.2,1240.0,1.25,34.0,0.65,-66.3,-54.0,20.1,34.0,-94.5,10.0,0.0,136.0,1
D005704,5.5,1283.0,1.55,33.5,0.65,-60.6,-52.0,28.1,53.0,-90.5,0.0,0.0,104.0,0
D005705,4.7,1161.0,1.2,31.0,0.5,-66.9,-49.3,22.1,50.0,-94.4,7.8,1.0,133.0,1
D005706,4.1,1197.0,1.11,30.5,0.48,-66.5,-50.5,21.4,46.0,-95.7,8.5,0.0,132.0,1
D005707,5.3,1159.0,1.07,23.5,0.48,-65.9,-50.2,26.0,45.0,-94.3,12.6,0.0,135.0,1
D005708,4.4,1199.0,1.06,28.5,0.52,-67.1,-49.6,26.3,43.0,-95.2,8.7,1.0,123.0,1
D005709,4.9,1049.0,0.83,25.0,0.47,-63.6,-49.3,22.2,40.0,-92.9,5.7,0.0,137.0,1
D005710,4.6,1275.0,1.25,31.0,0.56,-67.6,-54.5,21.1,50.0,-98.3,13.9,1.0,147.0,1
D005711,5.8,1311.0,1.42,23.0,0.5,-63.2,-51.9,26.2,44.0,-97.6,11.6,0.0,101.0,0
D005712,5.2,1194.0,1.08,28.0,0.52,-65.2,-51.3,23.8,46.0,-95.7,9.9,1.0,133.0,1
D005713,4.3,1210.0,1.13,30.5,0.49,-64.2,-51.8,22.6,43.0,-95.7,7.8,1.0,127.0,1
D005714,5.7,1166.0,1.11,27.0,0.47,-67.0,-50.8,23.1,47.0,-93.7,12.3,0.0,124.0,1
D005715,4.4,1187.0,1.06,30.0,0.51,-64.8,-50.7,24.1,40.0,-96.0,7.3,1.0,134.0,1
D005716,4.6,1171.0,1.13,27.5,0.44,-63.4,-48.6,24.4,42.0,-96.0,8.4,0.0,129.0,0
D005717,4.5,1220.0,1.04,30.5,,-65.6,-51.0,24.9,46.0,-95.1,6.2,1.0,124.0,1
D005718,4.6,1240.0,1.06,27.5,0.55,-64.7,-50.7,24.5,47.0,-96.1,6.7,1.0,131.0,1
D005719,5.3,1223.0,1.32,28.0,0.47,-64.8,-49.1,25.7,41.0,-95.8,10.3,1.0,125.0,1
D005720,6.8,1129.0,0.94,22.0,0.64,-66.0,-49.5,20.4,30.0,-93.3,2.2,1.0,113.0,0
D005721,5.1,1079.0,1.41,30.0,0.56,-61.3,-49.9,26.8,41.0,-96.2,12.6,1.0,128.0,0
D005722,5.3,1227.0,0.85,35.5,0.58,-60.8,-53.4,21.1,44.0,-93.9,11.5,0.0,142.0,1
D005723,5.7,1017.0,1.48,38.5,0.47,-62.8,-49.3,22.5,57.0,-93.2,11.6,1.0,106.0,0
D005724,5.3,1161.0,1.11,30.0,0.55,-66.6,-50.8,23.9,42.0,-96.7,7.3,0.0,136.0,1
D005725,6.9,1127.0,0.83,27.0,0.33,-64.9,-52.4,29.1,60.0,-98.3,20.2,0.0,138.0,0
D005726,4.9,1233.0,1.13,27.5,0.45,-66.8,-50.5,24.0,42.0,-94.9,8.6,1.0,120.0,1
D005727,5.1,1397.0,1.42,24.0,0.6,-67.4,-45.6,20.1,37.0,-96.6,19.9,1.0,108.0,0
D005728,4.9,1178.0,1.21,31.0,0.48,-64.4,-50.4,24.5,44.0,-95.1,11.4,0.0,133.0,1
D005729,4.3,1004.0,1.37,21.0,0.54,-66.0,-52.1,27.0,47.0,-93.8,2.3,1.0,106.0,0
D005730,4.4,,1.1,25.5,0.44,-65.1,-49.0,25.5,47.0,-96.2,11.1,0.0,129.0,0
D005731,4.8,1158.0,1.1,31.0,0.55,-64.1,-49.6,23.0,43.0,-95.8,4.7,0.0,129.0,1
D005732,4.4,1319.0,1.1,30.5,0.37,-63.9,-53.7,21.5,50.0,-92.9,,1.0,112.0,1
D005733,4.4,1196.0,,33.0,0.47,-63.3,-50.0,23.1,43.0,,6.1,1.0,130.0,1
D005734,4.4,1177.0,1.16,27.5,0.52,-65.5,-48.4,24.2,45.0,-95.8,13.0,1.0,125.0,0
D005735,4.1,1140.0,1.12,31.0,0.44,-66.1,-48.9,23.9,48.0,-95.5,9.0,0.0,137.0,1
D005736,5.1,1199.0,1.11,30.5,,-64.2,-50.3,23.9,45.0,-93.5,7.0,1.0,127.0,1
D005737,5.2,1237.0,1.11,33.5,0.44,-66.7,-49.6,26.5,49.0,-94.7,9.1,0.0,140.0,1
D005738,4.8,1094.0,1.18,27.0,0.49,-64.4,-48.2,23.2,38.0,-96.3,5.9,0.0,123.0,1
D005739,4.8,1256.0,1.06,29.5,0.46,-63.9,-48.5,24.1,41.0,-95.8,5.5,0.0,130.0,1
D005740,3.4,1377.0,1.39,31.0,0.47,-63.5,-53.8,21.6,31.0,-98.0,9.8,1.0,130.0,0
D005741,5.2,1150.0,1.11,27.5,0.48,-64.7,-51.0,25.2,40.0,-95.2,5.8,1.0,132.0,1
D005742,3.0,1156.0,1.48,39.5,0.51,-69.9,-45.3,22.3,44.0,-90.2,16.2,1.0,137.0,0
D005743,4.5,1192.0,1.08,27.5,0.45,,-49.6,23.9,50.0,-95.0,4.5,1.0,138.0,1
D005744,5.1,1186.0,1.01,28.5,0.47,-65.6,-50.4,23.7,45.0,-96.9,6.3,1.0,142.0,1
D005745,4.4,1185.0,1.17,24.5,0.49,-65.3,-50.1,25.3,40.0,-95.5,8.0,1.0,128.0,0
D005746,4.9,1227.0,1.0,33.0,0.51,-67.7,-48.4,25.8,40.0,-94.3,9.3,0.0,122.0,1
D005747,5.0,1196.0,1.12,30.0,0.45,-63.7,-49.0,25.8,43.0,-94.6,9.8,1.0,129.0,1
D005748,6.5,1108.0,1.41,35.0,0.53,-65.5,-50.3,20.2,58.0,-93.1,21.2,1.0,130.0,0
D005749,4.4,1367.0,,30.5,0.45,-60.6,-47.8,27.9,,-94.1,23.5,1.0,147.0,0
D005750,5.0,1382.0,1.35,24.0,0.31,-65.7,-53.3,20.2,35.0,-99.1,2.1,0.0,119.0,0
D005751,5.1,1158.0,0.89,29.0,0.5,-65.9,,25.1,39.0,-95.5,10.4,,124.0,1
D005752,4.7,1180.0,1.08,29.5,0.44,-66.4,-51.2,24.1,41.0,-94.3,5.2,0.0,123.0,1
D005753,5.4,1137.0,1.03,27.5,0.39,-64.5,-51.3,24.4,40.0,-95.0,11.9,1.0,132.0,1
D005754,3.7,1338.0,1.23,38.5,0.38,-68.6,-52.5,22.8,32.0,-95.7,,1.0,119.0,1
D005755,5.2,1161.0,1.2,30.0,0.49,-66.6,-48.7,22.6,40.0,-95.4,10.1,1.0,124.0,1
D005756,5.2,1202.0,1.15,28.0,0.55,-66.0,-49.3,23.9,46.0,-95.9,11.3,0.0,135.0,1
D005757,5.0,1183.0,1.14,28.0,0.54,-65.0,-50.7,22.6,49.0,,13.9,0.0,128.0,1
D005758,5.0,1239.0,1.08,26.0,0.5,-65.5,-49.0,25.1,41.0,-95.3,3.5,1.0,129.0,1
D005759,6.8,1235.0,0.94,32.0,0.52,-65.3,-47.3,25.3,53.0,-94.2,20.9,1.0,121.0,1
D005760,4.2,1195.0,1.01,33.0,0.48,-65.8,-49.5,24.6,41.0,-95.4,8.4,0.0,134.0,1
D005761,5.1,1171.0,0.98,28.5,0.5,-65.8,-51.2,25.0,45.0,-96.9,12.5,0.0,125.0,1
D005762,5.0,1203.0,1.19,28.0,0.46,-65.7,-50.7,24.5,46.0,-96.9,12.6,1.0,127.0,0
D005763,5.5,1035.0,1.54,29.5,0.43,-69.4,-50.5,22.0,44.0,-97.2,0.8,0.0,116.0,1
D005764,5.8,1387.0,1.3,28.0,0.62,-60.3,-49.7,24.8,53.0,-98.2,16.6,0.0,117.0,0
D005765,5.0,1176.0,1.12,27.5,0.5,-66.5,-48.4,25.5,43.0,-96.4,,0.0,128.0,1
D005766,6.4,1069.0,1.49,35.5,0.54,-66.5,-48.2,28.1,56.0,-90.1,,1.0,105.0,0
D005767,4.4,1240.0,1.04,31.5,,-67.1,-50.6,25.6,48.0,-95.1,14.5,0.0,122.0,1
D005768,5.0,1155.0,1.11,27.0,0.47,-65.3,-49.3,24.2,47.0,-95.6,11.9,1.0,133.0,1
D005769,5.3,1213.0,1.01,35.5,0.51,-67.0,-48.9,22.8,44.0,-94.3,4.3,0.0,129.0,1
D005770,5.2,1360.0,1.26,,0.51,-60.1,-52.8,29.1,,-92.7,6.3,1.0,106.0,0
D005771,5.6,1099.0,1.2,30.5,0.58,-65.9,-48.7,23.5,47.0,-94.3,12.6,1.0,129.0,1
D005772,4.6,1146.0,1.07,29.0,0.47,-65.1,-49.7,24.4,46.0,-93.9,2.9,1.0,129.0,0
D005773,,1136.0,1.21,33.0,0.5,-65.0,-50.9,23.4,,-95.7,8.4,1.0,124.0,1
D005774,5.4,1209.0,1.07,30.0,0.5,-66.9,-50.4,23.7,44.0,-95.0,7.2,0.0,124.0,1
D005775,5.1,1156.0,1.12,27.5,0.52,-64.5,-50.8,22.0,44.0,-93.7,,0.0,134.0,1
D005776,3.8,1176.0,1.46,37.0,0.51,-60.8,-52.5,25.2,54.0,-98.7,15.6,1.0,111.0,0
D005777,5.3,1163.0,1.26,29.0,0.45,-65.8,-51.0,22.6,45.0,-96.7,8.5,0.0,127.0,1
D005778,5.5,1165.0,0.96,33.0,0.38,-65.4,-49.4,,43.0,-95.5,12.1,1.0,134.0,1
D005779,3.3,1181.0,1.47,34.0,0.51,-62.7,-46.9,27.4,37.0,-90.9,7.8,1.0,128.0,0
D005780,4.9,1012.0,1.48,39.5,0.68,-60.9,-46.2,28.4,30.0,-94.0,10.7,1.0,135.0,0
D005781,4.8,1247.0,1.12,26.5,0.49,-65.8,-51.2,23.1,46.0,-96.9,9.9,1.0,135.0,1
D005782,3.8,1098.0,1.06,30.0,0.52,-65.3,-50.3,24.3,44.0,-94.0,13.3,1.0,121.0,0
D005783,6.6,1373.0,0.83,21.0,0.6,-62.1,-47.5,20.1,50.0,-96.7,16.5,0.0,148.0,0
D005784,4.7,1228.0,1.18,27.0,0.52,-64.3,-51.0,23.0,39.0,-94.3,11.5,1.0,135.0,1
D005785,3.9,1176.0,1.06,28.5,0.49,-65.8,-50.5,22.8,40.0,-95.7,9.3,1.0,127.0,1
D005786,4.7,1179.0,1.15,27.0,0.53,-64.1,-49.5,24.7,47.0,-95.1,12.2,0.0,,1
D005787,5.6,1189.0,0.83,36.0,0.56,-68.0,-51.2,20.5,47.0,-97.6,8.1,0.0,107.0,1
D005788,4.6,1133.0,1.07,27.5,0.5,-63.2,-49.1,23.6,44.0,-95.4,12.6,0.0,,0
D005789,5.6,1121.0,1.08,28.0,0.45,-65.6,-48.8,23.9,48.0,-94.1,6.9,1.0,129.0,1
D005790,5.2,1212.0,1.08,28.0,0.45,-63.9,-49.3,25.0,48.0,-95.6,3.8,0.0,118.0,1
D005791,4.5,1213.0,0.98,31.5,0.56,-63.8,-52.2,21.3,42.0,-95.4,8.3,0.0,132.0,1
D005792,4.3,1130.0,1.01,29.0,0.49,-66.6,-50.9,23.3,45.0,-95.2,10.5,0.0,125.0,1
D005793,4.4,1141.0,0.97,28.0,0.58,-65.8,-50.2,23.0,41.0,-95.8,10.8,1.0,127.0,1
D005794,4.3,,0.9,39.0,0.55,-61.0,-48.2,25.9,31.0,-93.0,23.2,0.0,147.0,1
D005795,5.4,1358.0,1.54,26.5,0.32,-63.1,-51.3,23.0,52.0,-92.3,1.7,0.0,130.0,0
D005796,4.4,1182.0,1.04,31.0,0.47,-65.6,-49.1,24.7,48.0,-95.7,6.0,0.0,122.0,1
D005797,4.8,1185.0,1.21,31.5,0.49,-64.9,-48.6,22.4,46.0,-94.8,12.7,1.0,124.0,0
D005798,6.8,1101.0,1.04,33.0,0.32,-60.3,-53.0,28.1,52.0,-90.1,20.5,0.0,110.0,0
D005799,5.0,1120.0,1.18,32.5,0.48,-64.1,-50.2,24.9,44.0,-95.2,6.2,0.0,126.0,1
D005800,5.0,1148.0,1.06,30.0,0.45,-66.1,-50.5,24.3,43.0,-95.4,12.8,1.0,131.0,1
D005801,4.9,1195.0,1.08,31.5,0.5,-66.2,-48.2,24.1,46.0,-95.4,7.9,1.0,129.0,1
D005802,4.6,,1.2,29.5,0.44,-65.4,-50.2,23.4,48.0,-95.7,11.7,0.0,134.0,1
D005803,3.9,1130.0,1.09,27.0,0.46,-66.3,-50.1,24.2,42.0,-95.1,12.0,1.0,125.0,0
D005804,3.8,1152.0,1.13,29.5,0.51,-65.9,-49.2,22.5,44.0,-95.0,10.9,1.0,139.0,0
D005805,4.2,1108.0,1.04,33.0,0.52,-63.7,-49.9,22.6,46.0,-96.6,6.5,1.0,124.0,1
D005806,4.7,1158.0,1.25,,0.42,-65.7,-51.0,23.2,45.0,-94.6,11.2,,130.0,1
D005807,4.3,1267.0,1.11,29.0,0.38,-66.9,-50.4,24.2,43.0,-94.7,9.5,0.0,122.0,1
D005808,4.6,1121.0,1.04,31.0,0.46,-66.0,-49.5,23.5,43.0,-95.2,10.4,1.0,127.0,1
D005809,4.6,1119.0,1.19,29.5,0.45,-64.6,-48.8,22.8,43.0,-96.2,11.3,1.0,131.0,1
D005810,4.7,1220.0,1.02,32.5,0.48,-66.3,-50.6,24.6,,-93.5,4.1,1.0,124.0,1
D005811,6.4,1244.0,1.08,29.5,0.58,-64.6,-50.6,25.2,56.0,-98.6,5.2,0.0,120.0,1
D005812,4.6,1151.0,1.05,29.5,0.49,-65.3,-50.1,22.6,45.0,-94.2,7.6,1.0,126.0,1
D005813,4.8,1155.0,1.14,29.0,0.48,-66.8,-49.0,24.9,50.0,-95.5,11.7,1.0,133.0,1
D005814,6.9,1072.0,1.56,21.5,0.62,-65.4,-45.6,22.1,43.0,-92.1,23.3,1.0,116.0,0
D005815,4.4,1165.0,1.02,31.0,0.47,-65.3,,23.6,43.0,-95.5,8.1,1.0,128.0,1
D005816,6.1,1324.0,1.06,21.5,0.55,-64.8,-53.4,24.5,47.0,-90.9,10.8,1.0,108.0,1
D005817,4.6,1230.0,1.05,31.5,0.45,-66.5,-50.5,24.4,41.0,-95.3,12.2,0.0,135.0,1
D005818,4.8,1163.0,1.22,26.5,0.41,-65.8,-48.8,23.0,44.0,-94.5,7.8,1.0,126.0,0
D005819,4.5,1221.0,1.19,26.5,0.42,-65.1,-48.4,25.1,43.0,-97.9,10.7,0.0,127.0,0
D005820,4.3,1153.0,1.03,28.5,0.41,-66.7,-49.8,23.9,41.0,-97.0,7.3,1.0,129.0,1
D005821,4.7,1140.0,1.05,29.0,0.47,-65.4,-50.0,24.2,46.0,-93.3,13.8,1.0,132.0,1
D005822,3.1,1374.0,1.36,29.5,0.64,-69.9,-49.9,27.7,43.0,,0.8,1.0,126.0,0
D005823,3.6,1235.0,1.22,33.5,0.35,-68.1,-53.9,25.8,43.0,-94.2,4.4,1.0,124.0,1
D005824,4.8,1220.0,1.48,27.5,0.53,-63.2,-53.7,22.3,55.0,-99.1,2.9,1.0,129.0,0
D005825,5.2,1206.0,1.15,27.0,0.48,-64.8,-49.6,24.7,47.0,-96.3,9.4,0.0,126.0,1
D005826,4.0,,1.17,30.5,0.4,-62.8,-50.6,21.5,53.0,-92.8,20.1,0.0,131.0,0
D005827,6.5,1312.0,1.12,29.5,0.38,-61.2,-48.0,22.1,48.0,-95.2,23.8,1.0,116.0,0
D005828,4.2,1322.0,1.29,20.5,0.51,-65.6,-48.7,23.4,52.0,-94.1,2.8,1.0,143.0,0
D005829,5.0,1201.0,1.05,27.5,0.51,-66.0,-49.4,22.6,,-94.8,9.6,1.0,129.0,1
D005830,5.4,1191.0,1.03,30.5,0.44,-65.9,-49.3,26.0,47.0,-95.2,10.3,0.0,123.0,1
D005831,5.0,1166.0,1.01,32.5,0.47,-66.0,-50.6,23.8,44.0,-94.7,11.5,1.0,132.0,1
D005832,3.6,1209.0,,34.5,0.64,-69.5,-48.3,24.4,33.0,-93.1,13.8,1.0,119.0,1
D005833,6.6,1195.0,1.12,21.0,0.39,-70.0,-49.4,21.6,54.0,-96.3,19.6,,124.0,1
D005834,4.8,1152.0,1.12,27.0,0.51,-63.7,-49.8,21.5,44.0,-93.7,11.0,0.0,131.0,1
D005835,5.2,1150.0,0.97,28.5,0.48,-64.0,-50.9,23.7,48.0,-95.5,10.3,1.0,120.0,1
D005836,5.3,1384.0,1.6,31.5,0.49,-63.3,-45.7,25.8,31.0,-90.7,6.2,0.0,116.0,0
D005837,5.0,1163.0,1.02,29.0,0.52,-65.6,-48.4,23.0,48.0,-96.9,,0.0,128.0,1
D005838,6.6,1328.0,1.29,21.0,0.63,-65.3,-49.0,23.4,33.0,-97.8,15.6,0.0,112.0,1
D005839,4.5,1204.0,1.17,29.5,0.48,-65.2,-49.4,24.2,41.0,-97.4,10.8,1.0,127.0,0
D005840,5.9,1303.0,1.21,32.0,0.49,-63.5,-46.4,21.0,49.0,-97.1,0.4,1.0,119.0,1
D005841,4.9,1212.0,1.16,28.0,,-66.6,-49.6,23.4,47.0,-93.6,9.8,0.0,125.0,1
D005842,4.0,1147.0,1.25,39.5,0.5,-65.7,-46.7,23.7,50.0,-97.6,14.3,0.0,133.0,1
D005843,5.0,1171.0,1.08,35.0,0.5,-65.8,-50.8,25.1,43.0,-96.0,10.1,0.0,129.0,1
D005844,5.1,1166.0,1.05,31.5,0.51,-64.2,-50.5,24.2,42.0,-93.9,8.6,0.0,123.0,1
D005845,4.4,,1.07,27.5,0.43,-66.6,-49.5,23.6,45.0,-95.1,9.1,0.0,133.0,1
D005846,4.4,1301.0,1.29,22.0,0.67,-69.4,-45.5,28.4,41.0,-90.7,10.9,0.0,142.0,0
D005847,4.4,1248.0,1.03,25.5,0.48,-64.8,-50.4,25.6,43.0,-94.2,7.1,0.0,131.0,1
D005848,6.5,1053.0,0.94,27.5,0.33,-62.1,-51.0,22.7,52.0,-97.4,7.8,1.0,149.0,1
D005849,5.0,1253.0,1.15,27.0,0.55,-64.1,-48.6,22.7,44.0,-96.1,8.0,1.0,132.0,1
D005850,4.5,1179.0,1.01,27.0,0.44,-65.2,-50.9,24.5,38.0,-97.7,6.6,0.0,133.0,1
D005851,3.7,1214.0,1.27,31.0,0.48,-66.0,-48.6,23.9,42.0,-95.5,6.3,1.0,125.0,0
D005852,4.6,1200.0,1.16,27.5,0.52,-65.2,-49.9,24.2,44.0,-95.1,7.3,0.0,130.0,1
D005853,4.7,1174.0,1.19,28.5,0.44,-66.6,-49.9,26.7,43.0,-95.3,8.3,1.0,127.0,1
D005854,4.8,1274.0,1.18,31.5,0.48,-65.7,-49.3,23.2,49.0,-94.8,9.7,1.0,143.0,1
D005855,,1231.0,1.14,29.0,0.45,-65.5,-50.4,21.9,48.0,-95.4,12.5,0.0,,0
D005856,5.0,1194.0,1.03,31.0,0.5,-65.7,,24.2,45.0,-94.4,12.7,1.0,121.0,1
D005857,5.0,1154.0,1.07,32.5,0.5,-65.8,-49.7,23.3,44.0,-96.0,7.8,0.0,140.0,1
D005858,4.1,1299.0,1.58,39.0,0.51,-64.8,-53.1,24.6,55.0,-95.5,3.2,0.0,128.0,1
D005859,4.9,1164.0,1.15,32.0,0.5,-66.8,-50.8,,43.0,-95.8,10.7,,125.0,1
D005860,4.9,1133.0,1.23,31.0,0.44,-64.0,-48.9,22.6,44.0,-95.9,11.8,1.0,129.0,0
D005861,,1030.0,1.28,21.0,0.64,-65.5,-46.7,20.5,58.0,-97.5,5.1,0.0,106.0,0
D005862,5.1,1167.0,1.1,30.5,0.45,-66.6,-51.0,24.3,45.0,-95.5,2.6,1.0,133.0,1
D005863,4.6,1167.0,1.09,30.5,0.42,-65.5,-50.6,24.5,39.0,-93.6,13.5,0.0,127.0,1
D005864,4.4,1153.0,1.17,29.5,0.48,-65.9,-53.0,24.0,41.0,-96.7,6.7,1.0,130.0,1
D005865,3.5,1275.0,1.14,34.5,0.51,-63.2,-49.4,25.7,37.0,-92.8,10.5,1.0,116.0,0
D005866,4.7,1191.0,1.04,29.0,0.43,-64.1,-49.3,21.8,46.0,-96.7,10.0,0.0,136.0,1
D005867,5.0,1079.0,1.1,21.0,0.6,-64.4,-53.3,28.3,56.0,-95.5,0.4,0.0,101.0,0
D005868,5.2,1187.0,1.09,31.5,0.5,-65.1,-51.6,22.7,46.0,-95.5,9.1,1.0,125.0,1
D005869,4.6,1275.0,0.95,22.0,0.43,-66.0,-54.5,20.6,40.0,-91.7,11.4,0.0,143.0,1
D005870,4.6,1237.0,0.94,30.0,0.48,-63.8,-49.5,25.6,45.0,-94.2,8.5,1.0,136.0,0
D005871,4.9,1191.0,0.83,25.5,0.44,-68.4,-49.8,21.5,36.0,-94.5,1.6,1.0,123.0,1
D005872,6.0,1389.0,0.94,39.0,0.45,-62.4,-48.5,22.8,50.0,-93.0,,0.0,129.0,1
D005873,5.0,1183.0,1.24,29.5,0.4,-65.6,-50.7,24.1,45.0,-96.0,8.8,1.0,125.0,1
D005874,5.2,1102.0,1.24,21.5,0.44,-65.4,-52.3,26.0,49.0,-96.7,23.2,1.0,134.0,0
D005875,5.1,1226.0,1.2,32.5,0.49,-66.6,-50.6,24.9,40.0,-95.4,4.6,1.0,115.0,1
D005876,5.4,1352.0,1.15,25.5,0.6,-65.1,-54.9,27.9,47.0,-98.6,8.8,1.0,140.0,0
D005877,5.5,1187.0,1.16,30.0,0.5,-67.1,-50.2,24.8,47.0,-94.2,9.0,1.0,132.0,1
D005878,3.1,1384.0,0.83,20.5,0.51,-60.8,-50.7,21.2,31.0,-90.8,22.7,0.0,145.0,0
D005879,5.3,1146.0,1.09,29.5,0.56,-65.7,-49.8,24.9,43.0,-95.5,9.1,1.0,128.0,1
D005880,5.0,1182.0,1.16,29.0,0.39,-66.0,-49.5,24.1,42.0,-95.7,5.3,0.0,120.0,1
D005881,6.9,1397.0,1.41,28.0,0.64,-62.7,-53.4,29.4,47.0,-98.4,11.5,1.0,105.0,0
D005882,4.4,1191.0,1.07,30.0,0.5,-63.7,-49.1,22.9,43.0,-96.0,5.8,0.0,127.0,1
D005883,5.1,1115.0,0.98,36.5,0.67,-66.3,-45.6,27.9,48.0,-93.3,20.4,0.0,113.0,0
D005884,5.5,1161.0,1.05,31.0,0.45,-67.1,-50.0,23.8,45.0,-95.1,11.1,1.0,128.0,1
D005885,5.3,1144.0,1.1,31.5,0.5,-65.4,-50.8,24.4,44.0,-96.9,7.3,0.0,128.0,1
D005886,4.7,1181.0,1.2,26.0,0.53,-66.4,-49.9,23.8,42.0,-96.6,8.5,1.0,124.0,1
D005887,5.2,1155.0,1.02,30.0,0.42,-66.0,-49.3,,40.0,-95.4,12.6,0.0,129.0,1
D005888,5.1,1232.0,0.98,31.5,0.51,-66.1,-49.2,25.3,45.0,,12.6,0.0,116.0,1
D005889,4.9,1194.0,1.24,30.5,0.48,-65.4,-48.3,23.8,43.0,-95.9,11.2,1.0,133.0,0
D005890,5.2,1101.0,1.15,28.0,0.5,-65.6,-47.5,23.1,48.0,-96.7,3.7,1.0,125.0,1
D005891,5.3,1261.0,1.24,28.0,0.47,-65.7,-50.2,23.6,48.0,-95.4,,0.0,136.0,1
D005892,4.2,1170.0,1.06,31.0,0.46,-63.5,-50.5,22.7,45.0,-95.8,7.3,0.0,145.0,1
D005893,4.1,1184.0,1.2,31.5,0.45,-66.2,-49.3,24.5,42.0,-95.5,10.5,0.0,120.0,0
D005894,5.1,1200.0,1.23,33.5,0.51,-64.8,-48.0,24.8,43.0,-94.7,7.3,1.0,135.0,1
D005895,4.6,1179.0,1.21,28.0,0.48,-66.8,-49.8,22.5,42.0,-96.3,12.3,0.0,132.0,1
D005896,5.0,1189.0,1.17,30.5,0.51,-65.1,-47.5,24.2,43.0,-94.7,8.0,0.0,131.0,1
D005897,4.5,1152.0,1.55,29.0,0.32,-60.9,-51.9,22.3,57.0,-90.9,8.7,1.0,128.0,0
D005898,4.6,1208.0,1.06,25.0,0.49,-65.9,-50.2,23.3,45.0,-95.5,8.7,1.0,131.0,0
D005899,5.1,1180.0,1.17,30.0,0.48,-64.3,-50.1,24.2,44.0,-93.7,5.9,0.0,127.0,1
D005900,3.7,1156.0,0.87,37.5,0.43,-69.1,-46.2,20.6,53.0,-94.1,9.3,1.0,136.0,1
D005901,3.8,1185.0,1.12,27.5,0.52,-66.2,-48.9,23.5,45.0,-96.5,8.1,1.0,113.0,1
D005902,5.3,1225.0,1.01,30.5,0.41,-64.8,-50.4,24.4,45.0,-95.1,9.6,0.0,123.0,1
D005903,6.0,1326.0,1.2,39.0,0.42,-65.4,-49.0,25.0,59.0,-93.6,8.4,1.0,138.0,1
D005904,4.3,1134.0,1.39,27.0,0.31,-62.7,-47.5,24.6,46.0,-98.9,4.3,,147.0,0
D005905,3.8,1022.0,1.13,31.5,0.38,-69.8,-47.6,28.1,51.0,-98.3,19.1,0.0,113.0,0
D005906,5.7,1347.0,0.81,31.5,0.44,-66.2,-51.5,24.3,46.0,-91.1,15.0,0.0,112.0,1
D005907,4.1,1165.0,1.01,24.0,0.58,-64.7,-53.5,25.2,41.0,-90.4,9.6,0.0,122.0,0
D005908,5.1,1217.0,0.86,26.5,0.61,-68.6,-52.9,26.3,47.0,-98.9,13.7,0.0,108.0,1
D005909,5.1,1199.0,1.14,29.0,0.51,-63.2,-51.1,24.2,50.0,-95.0,15.7,1.0,135.0,0
D005910,3.9,1247.0,1.37,,0.45,-63.9,-54.2,23.0,59.0,-95.7,11.2,0.0,139.0,0
D005911,3.5,1083.0,1.37,38.5,0.62,-63.0,-48.6,25.9,43.0,-98.7,14.9,1.0,146.0,0
D005912,5.5,1144.0,1.07,28.5,0.48,-67.0,-50.8,24.0,47.0,-95.6,4.5,1.0,132.0,1
D005913,6.2,1202.0,1.26,40.0,0.36,-67.8,-50.9,23.4,38.0,-94.2,18.2,1.0,126.0,1
D005914,3.6,1169.0,1.12,31.0,0.37,-68.2,-52.0,20.8,43.0,-92.0,16.7,0.0,149.0,1
D005915,5.6,1243.0,0.9,25.0,0.45,-60.0,-52.1,24.3,46.0,-90.9,3.8,0.0,119.0,1
D005916,4.9,1092.0,0.9,24.0,0.43,-62.4,-45.4,23.4,60.0,-91.2,11.5,1.0,122.0,0
D005917,4.8,1215.0,1.16,32.0,0.46,-64.5,-50.4,23.2,41.0,-97.3,6.0,1.0,120.0,1
D005918,4.7,1161.0,1.03,29.5,0.52,-66.0,-50.4,24.8,41.0,-94.9,12.3,0.0,128.0,1
D005919,6.2,1069.0,1.37,27.5,0.5,-64.0,-50.6,29.0,37.0,-99.3,19.6,0.0,143.0,0
D005920,4.8,1174.0,1.15,29.0,0.51,-66.8,-50.2,24.6,45.0,-93.6,12.0,0.0,127.0,1
D005921,5.1,1193.0,1.1,30.0,0.47,-65.9,-50.2,24.8,43.0,-95.7,9.6,1.0,126.0,1
D005922,6.3,1078.0,1.08,20.5,0.36,-68.8,-52.3,25.0,57.0,-96.0,21.2,0.0,122.0,0
D005923,4.9,1250.0,1.18,26.5,0.45,-66.4,-49.5,23.4,42.0,-95.7,9.1,0.0,141.0,0
D005924,5.0,1160.0,1.02,28.5,0.49,-65.0,-52.3,23.0,48.0,-93.7,11.4,1.0,131.0,1
D005925,5.1,1209.0,,28.5,0.46,-64.0,-49.7,23.7,47.0,-95.3,12.4,1.0,138.0,1
D005926,4.1,1185.0,1.02,28.5,0.45,-64.3,-50.2,23.3,43.0,-95.6,12.2,1.0,129.0,1
D005927,3.8,1330.0,0.83,26.5,0.38,-69.8,-48.7,26.2,50.0,-93.1,1.3,1.0,133.0,1
D005928,4.5,1179.0,1.12,26.0,0.51,-65.6,-51.1,25.4,42.0,-95.6,11.7,0.0,130.0,1
D005929,4.8,1251.0,1.11,26.0,0.44,-65.5,-49.9,24.6,43.0,-97.2,11.6,1.0,129.0,0
D005930,5.6,1013.0,1.23,36.0,0.6,-60.9,-49.4,20.9,39.0,-90.6,6.5,1.0,132.0,0
D005931,4.9,1171.0,1.04,33.0,0.52,-63.9,-49.2,24.4,45.0,-97.3,9.4,1.0,125.0,1
D005932,4.8,1147.0,1.1,31.5,0.48,-66.4,-50.1,22.9,38.0,-96.7,9.3,0.0,134.0,1
D005933,4.8,1151.0,1.05,27.5,0.44,-65.1,-49.3,25.2,43.0,-95.5,5.2,1.0,125.0,1
D005934,4.8,1207.0,1.15,29.5,0.5,-67.2,-51.6,24.6,43.0,-96.7,10.1,0.0,128.0,1
D005935,3.2,1210.0,1.38,39.5,0.32,-62.0,-53.9,28.0,39.0,-91.9,22.2,1.0,104.0,0
D005936,4.5,1180.0,1.16,29.0,0.5,-65.2,-50.0,23.8,47.0,-95.6,10.3,0.0,133.0,1
D005937,3.0,1071.0,1.51,36.5,0.64,-63.2,,21.1,43.0,-99.3,11.0,0.0,150.0,0
D005938,4.4,1170.0,1.22,26.5,0.48,-66.6,-49.0,24.6,41.0,-96.7,9.5,0.0,131.0,1
D005939,4.2,1231.0,1.01,28.5,0.46,-62.7,-51.8,23.7,43.0,-97.0,6.3,0.0,134.0,1
D005940,5.1,1183.0,1.0,28.0,0.52,-64.3,-50.9,26.2,44.0,-93.3,8.9,0.0,131.0,1
D005941,5.1,1216.0,1.19,25.0,0.48,-66.9,-49.2,24.5,46.0,-94.4,12.3,0.0,132.0,1
D005942,4.3,1105.0,,37.5,0.59,-66.0,-53.9,23.1,47.0,-92.4,8.9,0.0,133.0,1
D005943,3.9,1291.0,1.54,33.5,0.6,-67.5,-47.8,27.1,40.0,,0.0,1.0,129.0,0
D005944,6.6,1297.0,0.81,34.0,0.57,-66.8,-50.9,29.3,49.0,-98.1,0.4,1.0,148.0,1
D005945,4.8,1264.0,1.41,39.0,0.52,-64.3,-50.1,27.2,57.0,-98.8,0.9,1.0,138.0,1
D005946,4.5,1203.0,1.15,30.5,0.5,-65.4,-49.3,24.2,44.0,-95.2,7.5,1.0,129.0,1
D005947,5.2,1136.0,1.14,26.5,0.47,-63.8,-50.0,23.7,45.0,-94.7,10.0,1.0,128.0,0
D005948,6.1,1155.0,1.49,37.0,0.42,-64.1,-48.6,25.5,42.0,-93.3,14.9,1.0,149.0,1
D005949,5.0,1171.0,0.94,28.5,0.47,-64.4,-48.2,23.9,40.0,-96.2,6.7,1.0,131.0,1
D005950,,1353.0,0.85,36.5,0.59,-63.6,,23.8,49.0,-93.1,21.7,0.0,115.0,0
D005951,4.7,1251.0,1.16,26.5,0.45,-67.1,-48.8,23.2,42.0,-94.9,10.5,1.0,136.0,1
D005952,3.7,1284.0,1.01,32.0,0.61,-65.8,-48.5,26.0,35.0,-97.2,15.2,1.0,125.0,0
D005953,5.1,1220.0,1.23,27.0,0.51,-63.9,-52.2,23.5,39.0,-96.4,12.7,,132.0,1
D005954,4.8,1186.0,0.83,23.0,0.36,-66.9,-51.8,28.8,60.0,-95.4,12.8,0.0,105.0,1
D005955,4.9,1012.0,0.99,23.5,0.33,-69.9,-46.1,22.3,48.0,-93.8,10.0,1.0,149.0,0
D005956,5.7,1380.0,1.56,33.5,0.66,-69.8,-48.1,28.5,53.0,-91.4,20.4,1.0,129.0,0
D005957,5.0,1157.0,1.1,28.0,0.41,-64.6,-49.2,25.5,42.0,-95.4,12.9,1.0,125.0,0
D005958,4.8,1212.0,1.18,32.5,0.49,-64.9,-50.1,24.2,46.0,-97.1,7.5,0.0,124.0,1
D005959,5.1,1009.0,1.43,33.0,0.36,-68.1,-46.1,24.7,37.0,-97.8,3.4,1.0,102.0,0
D005960,4.8,1179.0,1.15,28.5,0.45,-66.1,-50.6,22.2,42.0,-94.0,7.8,1.0,128.0,1
D005961,3.4,1237.0,1.56,32.0,0.53,-64.1,-51.4,25.7,50.0,-97.5,5.8,1.0,135.0,1
D005962,5.3,1103.0,1.05,26.0,0.55,-66.3,-46.3,25.4,56.0,-98.5,0.9,0.0,147.0,1
D005963,6.2,1008.0,0.94,26.0,0.32,-62.8,-49.0,29.9,59.0,-90.3,11.0,1.0,111.0,0
D005964,5.6,1331.0,1.17,35.0,0.42,-61.7,-49.9,23.8,40.0,-98.6,21.3,0.0,134.0,1
D005965,5.1,1181.0,1.08,29.0,0.45,-63.6,-48.9,23.9,43.0,-94.8,12.5,1.0,131.0,0
D005966,4.3,1152.0,1.08,27.5,0.48,-64.2,-50.6,25.4,48.0,-95.6,11.8,0.0,127.0,1
D005967,3.9,1365.0,1.4,25.5,0.44,-69.7,-51.6,22.4,44.0,-96.3,11.5,0.0,126.0,0
D005968,5.0,1206.0,1.09,24.5,0.45,-65.6,-49.4,24.0,44.0,-93.8,8.4,1.0,128.0,1
D005969,5.3,1199.0,1.15,31.5,0.47,-65.9,-48.8,25.4,45.0,-95.1,10.4,1.0,130.0,1
D005970,4.6,1197.0,1.1,25.5,0.52,-64.2,-49.3,24.0,43.0,-95.7,9.6,0.0,126.0,1
D005971,5.4,1156.0,1.18,29.5,0.41,-65.5,-50.5,22.5,51.0,-94.4,5.4,1.0,129.0,1
D005972,4.9,1259.0,1.12,26.0,0.64,-64.1,-46.1,29.1,49.0,-93.3,2.7,1.0,111.0,0
D005973,4.9,1211.0,0.97,25.0,0.47,-67.4,-49.2,23.7,38.0,-96.8,6.9,1.0,129.0,1
D005974,4.0,1206.0,0.97,28.5,0.44,-64.4,-51.2,23.0,47.0,-96.0,6.2,0.0,127.0,1
D005975,4.9,1183.0,1.14,29.0,0.47,-66.5,-49.1,23.1,45.0,-95.3,12.4,0.0,134.0,1
D005976,5.2,1160.0,0.91,29.5,0.47,-65.7,-50.1,25.3,48.0,-95.1,12.3,1.0,129.0,1
D005977,4.8,1186.0,1.16,26.0,,-65.1,-48.6,21.9,42.0,-96.7,9.3,0.0,131.0,0
D005978,5.3,1177.0,1.08,32.0,0.45,-66.0,-49.1,24.4,45.0,-95.6,7.4,1.0,128.0,1
D005979,4.9,1224.0,1.13,34.5,0.49,-64.2,-50.7,24.2,45.0,-95.7,6.6,0.0,123.0,1
D005980,4.9,1097.0,1.05,33.0,0.46,-65.9,-49.5,25.2,43.0,-96.9,9.2,0.0,125.0,1
D005981,4.7,1203.0,1.05,25.0,0.48,-64.4,-50.0,23.2,46.0,-95.6,4.1,0.0,137.0,1
D005982,4.9,1208.0,1.04,31.0,0.48,-65.6,-51.7,25.2,45.0,-95.8,10.8,0.0,135.0,1
D005983,4.7,1202.0,1.05,25.0,,-66.6,-52.2,25.1,45.0,-95.4,6.5,1.0,129.0,1
D005984,4.2,1159.0,1.1,31.5,0.49,-64.7,-49.9,24.0,43.0,-95.9,6.2,0.0,132.0,1
D005985,4.7,1185.0,1.15,29.5,0.49,-65.5,-49.8,24.6,42.0,-96.5,5.1,0.0,127.0,1
D005986,5.0,1341.0,1.22,24.0,0.49,-63.6,-53.5,29.2,33.0,-94.4,0.8,1.0,132.0,0
D005987,6.7,1345.0,1.5,22.0,0.67,-60.5,-49.5,25.8,50.0,-93.0,1.6,0.0,148.0,0
D005988,4.2,1005.0,1.38,20.5,0.55,-68.8,-53.9,21.1,37.0,-91.7,8.3,1.0,104.0,0
D005989,5.4,1142.0,1.05,28.5,0.48,-65.5,-51.3,24.1,44.0,-95.0,11.1,0.0,130.0,1
D005990,5.0,1145.0,1.0,32.0,0.47,-66.1,-49.6,24.3,45.0,-93.3,10.4,0.0,134.0,1
D005991,4.8,1276.0,1.14,31.0,0.46,-64.1,-50.2,23.6,43.0,-95.1,7.7,0.0,143.0,1
D005992,3.9,1016.0,1.32,32.0,0.59,-65.3,-49.9,27.4,49.0,-97.4,22.9,0.0,124.0,0
D005993,5.4,1206.0,,27.5,0.43,-63.3,-48.2,23.0,44.0,-94.5,12.5,1.0,124.0,0
D005994,3.6,,1.6,25.5,0.52,-67.6,-49.9,29.7,33.0,-93.3,,1.0,139.0,0
D005995,4.3,1129.0,1.05,29.0,0.41,-66.0,-49.9,24.4,42.0,-96.0,8.9,0.0,130.0,0
D005996,5.8,1160.0,1.18,28.5,0.53,-65.8,-49.5,21.7,46.0,-95.6,9.7,0.0,134.0,1
D005997,4.5,1028.0,1.12,27.5,0.62,-69.2,-51.7,23.7,43.0,-99.9,23.5,0.0,104.0,0
D005998,4.3,1182.0,0.98,28.0,0.51,-67.0,-48.7,23.2,42.0,-94.7,8.7,0.0,127.0,1
D005999,4.4,1216.0,1.11,26.5,0.5,-65.4,-48.4,22.2,44.0,-94.6,3.6,1.0,137.0,1
D006000,4.2,1138.0,1.1,29.5,0.5,-67.2,-50.3,25.7,48.0,-94.6,3.6,1.0,134.0,1
D006001,3.4,1131.0,1.41,24.0,0.68,-65.9,-52.6,21.8,33.0,-90.9,14.2,,129.0,0
D006002,6.7,1192.0,0.85,36.5,0.52,-61.2,-51.1,29.7,,-93.1,16.9,0.0,142.0,0
D006003,6.3,1365.0,1.59,21.5,0.62,-62.3,-45.9,27.1,52.0,-96.0,21.4,1.0,129.0,0
D006004,4.7,1131.0,1.07,28.0,0.49,-62.6,-50.2,24.8,46.0,-97.4,6.3,0.0,130.0,1
D006005,4.8,1153.0,1.08,26.0,0.53,-65.7,-50.2,23.6,42.0,-94.5,11.0,1.0,131.0,1
D006006,4.7,1271.0,0.96,28.0,0.48,-66.1,-50.6,24.0,48.0,-96.8,9.0,0.0,,1
D006007,4.9,1146.0,0.9,27.5,0.53,-64.4,-51.6,25.2,43.0,-96.4,9.6,1.0,129.0,1
D006008,5.1,1200.0,1.1,29.0,0.45,-65.5,-49.2,24.4,42.0,-95.6,6.5,1.0,122.0,1
D006009,5.5,1172.0,1.17,26.0,0.47,-65.6,-48.5,23.7,48.0,-95.4,11.4,1.0,120.0,1
D006010,3.3,1345.0,1.16,22.0,0.62,-61.6,-47.5,28.0,43.0,-93.0,8.3,0.0,122.0,0
D006011,5.2,1159.0,1.17,30.5,0.47,-66.3,-49.9,22.9,44.0,-95.3,10.5,0.0,133.0,1
D006012,5.2,1174.0,1.07,28.5,0.49,-66.0,-49.2,23.9,42.0,-94.7,7.8,0.0,132.0,1
D006013,4.9,1197.0,1.15,25.5,0.5,-65.3,-51.7,25.5,42.0,-96.7,9.6,0.0,121.0,1
D006014,5.1,1260.0,1.15,27.0,0.61,-61.3,-53.0,24.0,54.0,-93.1,5.6,1.0,147.0,0
D006015,5.5,,1.21,29.0,0.49,-64.7,-50.4,23.0,43.0,-95.5,9.8,0.0,129.0,1
D006016,3.2,1259.0,0.88,30.0,0.64,-64.1,-47.8,23.4,53.0,-90.8,22.0,1.0,118.0,0
D006017,5.0,1201.0,,30.5,0.48,-65.7,-51.7,23.4,44.0,-95.9,12.4,0.0,126.0,1
D006018,5.1,1213.0,1.11,30.5,0.47,-65.0,-50.9,24.3,49.0,-95.8,12.4,0.0,133.0,1
D006019,4.0,1232.0,1.13,29.0,0.51,-66.5,-48.9,21.4,40.0,-94.9,6.5,1.0,131.0,1
D006020,4.1,1179.0,1.09,28.5,0.43,-64.1,-49.6,25.0,44.0,-95.5,8.1,0.0,,1
D006021,6.3,1339.0,1.59,31.0,0.33,-67.5,-53.5,24.6,50.0,-92.9,14.3,0.0,134.0,1
D006022,4.6,1176.0,1.06,30.0,0.49,-65.5,-49.7,24.6,46.0,-94.9,4.6,1.0,124.0,1
D006023,5.2,1204.0,1.14,29.5,0.47,-64.8,-47.7,24.6,50.0,-96.3,9.0,0.0,133.0,1
D006024,5.1,1232.0,1.09,27.5,0.57,-66.7,-49.4,23.6,49.0,-95.6,6.6,0.0,126.0,0
D006025,5.7,1198.0,1.12,33.0,0.36,-64.7,-50.6,26.2,45.0,-91.3,16.0,1.0,108.0,0
D006026,5.0,1159.0,1.41,28.0,0.52,-68.5,-51.7,21.5,55.0,-96.4,10.9,1.0,150.0,1
D006027,6.5,1287.0,0.87,22.5,0.45,-69.9,-49.9,23.8,38.0,-90.1,8.4,1.0,128.0,1
D006028,4.2,1174.0,1.16,30.0,0.52,-66.1,-50.4,24.7,44.0,-96.4,8.3,0.0,119.0,1
D006029,4.5,1177.0,1.14,27.5,0.49,-65.7,-51.1,24.1,44.0,-96.9,7.0,0.0,121.0,1
D006030,5.1,1157.0,1.18,30.0,0.48,-65.7,-49.4,23.6,43.0,-95.9,12.0,1.0,133.0,1
D006031,6.8,1353.0,1.36,36.0,0.47,-61.2,-51.6,26.6,54.0,-93.7,11.9,0.0,109.0,1
D006032,4.7,1156.0,1.24,31.5,0.5,-64.5,-50.1,24.0,43.0,-95.3,9.8,1.0,126.0,1
D006033,5.8,1140.0,1.52,40.0,,-63.8,-46.1,24.0,59.0,-93.9,8.9,1.0,143.0,1
D006034,5.3,1154.0,1.07,29.0,0.47,-66.4,-50.8,23.5,45.0,-95.8,5.7,1.0,136.0,1
D006035,4.7,1191.0,1.03,28.5,0.47,-65.7,-49.6,,45.0,-94.8,,1.0,126.0,0
D006036,4.8,1174.0,1.09,28.0,0.56,-64.9,-51.6,25.1,46.0,-96.2,,1.0,,1
D006037,4.5,1199.0,0.99,33.0,0.49,-64.7,-48.9,24.7,44.0,-94.4,,0.0,141.0,1
D006038,4.9,1154.0,1.2,30.0,0.54,-64.4,-49.7,24.7,42.0,-95.3,9.7,0.0,131.0,1
D006039,4.9,1279.0,1.48,24.5,0.46,-62.9,-51.5,26.4,51.0,-99.5,,1.0,112.0,0
D006040,5.2,1139.0,1.15,26.0,0.44,-65.1,-49.8,23.8,40.0,-96.3,8.0,0.0,124.0,1
D006041,4.9,1191.0,0.94,,0.52,-64.8,-49.5,23.2,39.0,-94.2,10.8,1.0,121.0,0
D006042,4.0,1204.0,1.14,30.5,0.5,-64.4,-46.5,22.9,45.0,-96.0,13.4,0.0,126.0,0
D006043,4.7,1227.0,1.18,27.0,0.46,,-48.2,22.5,45.0,-95.4,,1.0,123.0,0
D006044,4.0,1169.0,1.13,27.5,0.58,-65.8,-49.8,23.5,39.0,-97.1,7.9,0.0,121.0,1
D006045,4.7,1215.0,1.06,28.5,0.46,-65.9,-48.7,24.1,39.0,-94.3,6.0,1.0,126.0,1
D006046,4.5,1183.0,1.12,27.0,0.46,-66.4,-50.3,25.1,44.0,-94.7,6.0,0.0,135.0,1
D006047,5.1,1147.0,1.1,25.0,0.58,-64.1,-50.0,24.8,43.0,-95.1,11.2,1.0,128.0,0
D006048,5.6,1118.0,1.08,28.5,0.47,-65.5,-50.6,24.1,40.0,-96.6,0.8,1.0,124.0,1
D006049,4.1,1206.0,1.07,27.5,0.41,-65.0,-51.8,23.6,44.0,-96.3,10.0,1.0,134.0,1
D006050,4.4,1170.0,1.23,30.0,0.48,-65.2,-49.1,22.1,39.0,-96.6,11.9,0.0,123.0,1
D006051,5.0,1215.0,1.21,29.5,0.43,-65.9,-49.1,24.8,46.0,-95.3,,1.0,129.0,1
D006052,4.8,1167.0,1.06,33.0,0.43,-65.9,-50.0,23.3,50.0,-96.3,,1.0,133.0,1
D006053,4.9,1133.0,1.04,30.0,0.49,-66.8,-50.8,25.2,46.0,-93.5,10.7,1.0,128.0,1
D006054,4.6,1178.0,1.18,30.5,0.54,-65.5,-49.9,24.7,45.0,-95.8,6.1,1.0,128.0,1
D006055,5.2,1161.0,1.42,24.5,0.61,-61.6,-53.9,20.5,38.0,-92.8,10.5,1.0,138.0,1
D006056,4.2,1363.0,1.06,33.0,0.66,-67.2,-50.6,27.2,51.0,-95.2,19.6,1.0,111.0,0
D006057,5.2,1015.0,1.46,32.5,0.52,-64.2,-53.7,23.6,52.0,-95.2,23.1,0.0,120.0,0
D006058,4.9,1165.0,1.23,30.0,0.46,-65.0,-48.7,23.5,48.0,-96.4,8.8,1.0,125.0,1
D006059,6.0,1149.0,1.12,27.5,0.43,-65.2,-51.1,24.2,48.0,-95.3,9.0,1.0,129.0,1
D006060,5.0,1321.0,1.44,22.0,0.42,-69.0,-53.8,29.3,44.0,-98.0,2.2,1.0,118.0,0
D006061,4.3,1159.0,1.24,31.0,0.45,-64.6,-49.6,24.9,43.0,-93.1,7.4,1.0,130.0,0
D006062,4.9,1166.0,1.14,31.0,0.49,-65.9,-48.5,23.1,47.0,-95.4,9.1,1.0,136.0,1
D006063,4.4,1223.0,0.92,29.0,0.5,-65.6,-50.5,23.0,41.0,-95.5,5.9,0.0,125.0,1
D006064,4.9,1162.0,1.09,31.5,0.59,-65.6,-49.0,24.1,42.0,-95.5,9.1,1.0,123.0,1
D006065,4.7,1168.0,0.99,29.0,0.47,-64.4,-52.0,23.6,49.0,-95.8,9.7,1.0,126.0,1
D006066,5.6,1109.0,1.07,27.0,0.5,-67.0,-48.8,22.9,43.0,-96.2,9.0,1.0,132.0,1
D006067,5.2,1164.0,,27.5,0.46,-65.5,-51.4,24.6,45.0,-94.0,8.3,1.0,127.0,1
D006068,4.5,1177.0,1.08,30.5,0.53,-64.6,,24.6,42.0,-93.6,10.3,0.0,132.0,1
D006069,4.2,1197.0,1.12,30.5,0.43,-63.2,-50.3,24.0,44.0,-93.5,7.9,0.0,132.0,1
D006070,5.9,1271.0,0.97,25.5,0.35,-60.0,-51.7,22.0,48.0,-96.6,6.9,0.0,128.0,1
D006071,5.0,,,30.5,0.46,,-49.0,,40.0,-96.0,8.0,1.0,126.0,1
D006072,3.6,1162.0,1.03,26.5,0.47,-66.6,-50.1,24.1,40.0,-94.7,11.6,0.0,128.0,0
D006073,4.2,1187.0,1.1,31.5,0.47,-67.4,-49.6,23.8,48.0,-96.4,9.3,0.0,127.0,1
D006074,4.5,1137.0,1.05,26.0,0.45,-65.0,-49.0,24.0,40.0,-95.7,5.8,0.0,124.0,1
D006075,6.1,1035.0,0.92,31.0,0.67,-66.0,-49.1,24.5,35.0,-93.1,13.0,0.0,136.0,1
D006076,6.5,1121.0,1.58,22.5,0.65,-69.1,-48.3,26.5,40.0,-91.2,20.6,1.0,150.0,1
D006077,3.8,1334.0,1.08,34.5,0.6,-67.6,-48.8,20.9,56.0,-95.2,7.0,1.0,109.0,0
D006078,5.4,1199.0,1.11,28.5,0.49,-65.8,-50.5,24.2,42.0,-94.9,8.5,0.0,139.0,1
D006079,5.8,1266.0,1.26,35.5,0.33,-65.9,-47.7,22.7,,-97.5,1.6,1.0,131.0,1
D006080,6.5,1373.0,1.07,37.0,0.57,-62.8,-51.9,24.1,35.0,-92.6,3.8,1.0,101.0,1
D006081,4.7,1153.0,1.15,28.0,0.48,-65.8,-48.7,24.3,50.0,-95.0,9.8,1.0,132.0,0
D006082,4.5,1280.0,1.05,32.0,0.48,-64.2,-49.2,24.1,46.0,,6.7,1.0,129.0,1
D006083,4.1,1003.0,0.92,30.5,0.36,-64.2,-46.1,26.0,39.0,-91.9,10.0,1.0,108.0,0
D006084,3.7,1283.0,0.94,24.5,0.52,-60.6,-45.1,27.4,34.0,-94.0,0.0,0.0,138.0,0
D006085,4.7,1193.0,1.09,28.5,0.41,-65.1,-49.7,24.6,51.0,-95.4,9.5,1.0,137.0,1
D006086,3.1,1002.0,0.8,25.5,0.69,-62.7,-52.5,21.1,39.0,-94.0,18.6,1.0,111.0,0
D006087,4.1,1254.0,1.02,28.0,0.56,-66.0,-48.1,24.0,44.0,-94.6,13.6,1.0,130.0,0
D006088,5.0,1160.0,1.24,28.0,0.48,-65.1,-49.4,24.8,42.0,-96.2,10.8,1.0,125.0,1
D006089,5.2,1220.0,1.28,29.5,0.48,-66.4,-51.4,26.3,46.0,-94.2,8.4,1.0,130.0,1
D006090,4.7,1163.0,1.08,28.0,0.46,-64.9,-50.5,24.9,46.0,-97.6,10.1,1.0,125.0,1
D006091,6.7,1185.0,0.93,22.0,0.57,-66.9,-54.3,23.3,37.0,-91.6,19.0,0.0,102.0,1
D006092,6.0,1300.0,1.46,28.0,0.5,-61.6,-50.0,22.5,53.0,-98.7,14.2,1.0,146.0,1
D006093,4.4,1159.0,1.03,30.5,0.44,-65.5,-51.8,23.5,47.0,-96.2,9.4,1.0,130.0,1
D006094,4.3,1214.0,1.04,31.0,0.51,-64.7,-51.0,25.7,48.0,-94.7,8.5,0.0,136.0,1
D006095,5.9,1167.0,1.11,27.5,0.48,-64.5,-52.4,23.6,48.0,-94.8,9.4,1.0,126.0,1
D006096,5.2,1147.0,1.11,27.5,0.51,,-49.3,25.3,48.0,-96.1,7.5,1.0,134.0,1
D006097,4.6,1289.0,1.07,27.0,0.32,-62.1,-47.7,25.3,49.0,-91.5,20.0,0.0,119.0,0
D006098,3.8,1068.0,1.25,27.0,0.56,-66.3,-53.1,20.5,55.0,-98.4,6.4,0.0,133.0,1
D006099,6.4,1190.0,1.36,33.0,0.7,-66.0,-45.3,22.1,57.0,-92.2,5.4,1.0,109.0,0
D006100,4.9,1166.0,1.01,28.5,0.44,-65.4,-50.9,23.7,48.0,-97.4,8.0,0.0,129.0,1
D006101,4.5,1194.0,1.06,29.0,0.49,-67.4,-50.8,24.4,49.0,-94.3,11.3,1.0,128.0,1
D006102,3.2,1236.0,1.29,38.5,0.46,-69.6,-52.4,28.7,42.0,-97.2,,0.0,110.0,1
D006103,4.9,1205.0,1.21,28.5,0.39,-65.1,-50.0,25.1,43.0,-94.6,7.6,1.0,131.0,0
D006104,3.5,1041.0,0.85,33.0,0.39,-63.0,-50.6,23.6,40.0,-98.4,3.4,1.0,129.0,1
D006105,4.9,1113.0,1.19,31.5,0.44,-65.3,-47.8,24.8,43.0,-95.3,5.9,1.0,125.0,1
D006106,5.2,1185.0,1.16,31.0,0.48,-64.2,-50.1,24.1,41.0,-96.5,7.9,1.0,130.0,1
D006107,4.7,1173.0,1.08,30.5,0.52,-66.4,-50.9,22.3,46.0,-95.2,10.1,1.0,133.0,1
D006108,4.7,1194.0,1.09,26.5,0.48,-66.5,-53.7,23.8,45.0,-96.1,3.8,0.0,123.0,1
D006109,4.4,1143.0,1.02,29.0,0.5,-66.7,-48.4,22.9,42.0,-94.0,11.6,1.0,119.0,1
D006110,4.6,1242.0,1.07,31.5,0.45,-66.7,-50.6,26.3,45.0,-95.4,7.7,0.0,134.0,1
D006111,4.4,1281.0,1.28,33.0,0.49,-65.0,-49.0,23.5,38.0,-94.0,9.1,1.0,,1
D006112,4.8,1042.0,1.53,40.0,0.58,-60.3,,26.9,34.0,-90.2,1.2,0.0,135.0,0
D006113,4.6,1194.0,1.22,29.0,0.49,-65.5,-47.7,25.6,43.0,-95.9,9.2,1.0,126.0,1
D006114,4.7,1226.0,1.07,27.5,0.53,-64.6,-51.5,23.6,49.0,-95.4,7.1,1.0,126.0,1
D006115,4.8,1253.0,0.97,35.5,0.45,-65.4,-49.4,23.7,43.0,-96.5,7.7,1.0,128.0,1
D006116,4.9,1228.0,,30.0,0.41,-65.6,-50.8,23.5,44.0,-96.3,7.7,0.0,129.0,1
D006117,5.0,1246.0,1.09,33.0,0.46,-65.7,-52.0,24.5,41.0,-93.3,8.1,0.0,138.0,1
D006118,4.8,1214.0,1.13,28.5,0.49,-66.1,-52.6,24.3,44.0,-96.6,11.9,0.0,130.0,1
D006119,4.4,1157.0,1.11,30.0,0.49,-65.2,-50.5,24.1,51.0,-96.2,14.2,0.0,122.0,0
D006120,6.8,1206.0,1.56,31.0,0.52,-65.8,-53.7,25.6,50.0,-96.4,18.3,1.0,146.0,1
D006121,4.8,1192.0,1.09,32.5,0.43,,-50.7,24.0,48.0,-96.2,8.8,1.0,133.0,1
D006122,4.5,1214.0,1.16,29.0,0.44,-64.7,-49.9,24.6,43.0,-95.0,12.1,0.0,128.0,1
D006123,3.5,1051.0,0.97,27.5,0.47,-64.2,-49.6,27.3,39.0,-95.3,5.9,0.0,120.0,1
D006124,3.0,1349.0,1.36,34.5,0.36,-64.5,-51.1,22.2,31.0,-90.1,17.3,1.0,144.0,0
D006125,4.9,1159.0,1.1,28.0,0.47,-64.8,-49.9,25.7,45.0,-94.9,10.5,0.0,124.0,1
D006126,4.6,1131.0,0.87,27.5,0.53,-66.7,-49.7,24.0,46.0,-96.8,6.6,,126.0,1
D006127,4.1,1176.0,1.36,24.0,0.41,-64.3,-49.6,25.5,47.0,,22.9,1.0,147.0,0
D006128,5.2,1006.0,1.2,32.0,0.42,-61.3,-52.3,29.5,43.0,-98.9,18.8,0.0,,0
D006129,5.1,1206.0,1.07,28.0,0.47,,-52.0,24.1,48.0,-94.7,9.2,1.0,134.0,1
D006130,4.5,1164.0,1.08,29.5,0.49,-64.7,-50.2,22.8,39.0,-95.5,,1.0,126.0,1
D006131,4.6,1195.0,1.03,30.0,0.43,-66.1,-48.7,24.7,42.0,-95.5,9.7,0.0,129.0,1
D006132,4.6,1150.0,1.17,29.5,0.45,-66.1,-50.1,24.8,44.0,-95.0,9.0,0.0,128.0,1
D006133,4.4,1313.0,0.82,23.5,0.34,-67.6,-53.0,27.2,41.0,-96.7,16.0,1.0,145.0,0
D006134,4.8,1195.0,1.14,26.0,0.52,-63.8,-49.6,23.5,44.0,-96.0,8.7,1.0,141.0,1
D006135,4.6,1085.0,1.06,24.0,0.35,-68.2,-52.0,29.4,46.0,-98.1,20.8,0.0,148.0,0
D006136,4.7,1163.0,1.11,31.0,0.5,-66.3,,23.9,48.0,-95.9,9.3,0.0,124.0,1
D006137,4.6,1117.0,1.15,27.5,0.55,-64.1,-50.5,23.1,40.0,-94.9,,0.0,121.0,1
D006138,5.0,1232.0,1.06,29.0,0.47,-63.9,-49.9,25.2,,-94.6,9.2,1.0,123.0,1
D006139,3.9,1191.0,1.12,29.0,0.51,-66.2,-50.1,25.1,47.0,-95.2,11.7,0.0,126.0,1
D006140,5.1,1229.0,1.1,26.0,0.59,-65.3,-51.0,24.6,49.0,-96.2,,1.0,130.0,1
D006141,4.0,1377.0,0.99,25.5,0.59,-64.5,-50.2,27.7,32.0,-98.1,4.6,0.0,139.0,1
D006142,4.7,1195.0,0.98,27.0,0.48,-66.2,-48.7,25.6,48.0,-95.9,12.2,0.0,129.0,1
D006143,4.6,1158.0,1.01,28.5,0.45,-66.4,-50.4,22.2,43.0,-94.6,7.7,0.0,128.0,1
D006144,5.4,1292.0,0.91,23.0,0.66,-67.3,-47.6,26.0,36.0,-95.1,19.0,0.0,123.0,1
D006145,4.5,1231.0,0.91,31.5,0.51,-66.0,-49.4,21.5,38.0,-94.6,3.9,0.0,126.0,1
D006146,5.5,1220.0,1.12,30.0,0.49,-66.2,-51.0,24.1,44.0,-96.2,12.8,1.0,130.0,1
D006147,4.2,1193.0,1.15,26.0,0.47,-65.4,-50.4,22.8,45.0,-95.7,10.1,1.0,130.0,0
D006148,5.2,1178.0,1.02,24.0,0.47,-64.5,-47.7,24.4,44.0,-95.1,4.4,0.0,129.0,0
D006149,5.0,1113.0,1.15,29.0,0.46,-64.8,-50.7,24.2,46.0,,6.1,0.0,128.0,1
D006150,4.5,1213.0,1.14,29.0,0.46,-66.4,-50.4,24.7,,-95.2,11.8,0.0,135.0,0
D006151,6.0,1057.0,0.85,27.5,0.47,-66.7,-50.3,21.5,39.0,-95.9,1.8,1.0,112.0,1
D006152,5.5,1066.0,1.4,20.0,0.37,-60.3,-53.0,25.9,52.0,-91.5,12.5,0.0,111.0,0
D006153,6.3,1022.0,1.11,20.5,0.4,-67.9,-54.5,28.0,,-97.2,5.0,1.0,128.0,1
D006154,,1186.0,1.08,31.0,0.43,-65.2,-49.8,25.0,50.0,-94.4,5.8,0.0,129.0,1
D006155,4.6,1118.0,1.07,29.5,0.46,-65.7,-51.8,23.1,47.0,-95.2,9.5,1.0,125.0,1
D006156,5.5,1265.0,1.16,27.5,0.48,-65.6,-49.5,24.4,46.0,-94.9,8.2,0.0,129.0,1
D006157,5.2,1155.0,1.09,29.5,0.49,-65.2,-50.3,24.8,41.0,-96.3,13.2,0.0,120.0,0
D006158,5.0,1192.0,1.05,31.5,0.46,-67.6,-48.6,23.9,39.0,-95.3,10.8,0.0,124.0,1
D006159,5.2,1160.0,1.03,,0.47,-64.7,-48.7,24.5,44.0,-96.6,5.8,0.0,123.0,1
D006160,4.6,1168.0,1.14,28.0,0.45,-65.8,-50.7,23.4,46.0,-96.3,9.7,1.0,130.0,1
D006161,4.0,1169.0,1.25,29.0,0.44,-64.7,-49.2,24.8,44.0,,10.3,1.0,121.0,0
D006162,5.3,1218.0,1.08,30.5,0.5,-64.0,-50.3,24.1,42.0,-97.2,8.1,1.0,136.0,1
D006163,6.5,1122.0,0.88,39.5,0.4,-63.1,-53.2,21.4,,-95.8,20.6,0.0,130.0,1
D006164,4.5,1193.0,1.05,25.5,0.48,-63.7,-48.6,23.0,43.0,-94.5,9.0,0.0,127.0,1
D006165,3.0,1115.0,1.32,23.5,0.54,-67.1,-47.7,20.8,49.0,-92.2,8.5,1.0,122.0,0
D006166,4.4,1149.0,1.05,30.5,0.45,-66.0,-49.2,23.7,40.0,-96.4,6.3,1.0,122.0,1
D006167,4.5,1162.0,1.14,27.0,0.53,-66.3,-51.0,23.2,44.0,-94.3,7.3,0.0,124.0,1
D006168,5.5,1201.0,0.97,34.0,0.33,-60.4,-53.9,21.6,41.0,-96.1,0.8,,108.0,1
D006169,5.3,1185.0,1.15,28.5,0.41,-65.6,-48.9,24.4,43.0,-96.9,15.9,1.0,129.0,1
D006170,5.0,1182.0,1.27,28.5,0.51,-66.3,-48.9,23.3,43.0,-95.0,12.2,0.0,125.0,0
D006171,5.5,1164.0,1.14,,0.39,-65.4,-49.9,24.7,44.0,-96.6,6.6,1.0,121.0,1
D006172,5.0,1178.0,1.13,27.0,0.48,-65.4,-50.7,23.5,44.0,-95.6,10.2,0.0,125.0,1
D006173,5.3,1214.0,1.1,30.5,0.45,-65.3,-50.6,24.4,38.0,-95.0,11.5,0.0,131.0,1
D006174,5.1,1163.0,1.13,29.5,0.47,-67.3,-49.6,23.4,46.0,-96.8,12.2,0.0,130.0,1
D006175,4.7,1048.0,0.98,39.0,0.5,-69.9,-51.5,30.0,47.0,-96.8,,0.0,139.0,1
D006176,4.3,1296.0,1.0,21.5,0.56,-64.7,-53.4,21.1,32.0,-95.4,23.1,0.0,113.0,1
D006177,4.4,1082.0,1.06,27.0,0.49,-66.4,-48.9,25.0,41.0,-94.1,6.3,1.0,125.0,1
D006178,4.7,1237.0,1.43,28.0,0.46,-65.6,-49.5,22.2,39.0,-97.0,2.1,1.0,104.0,0
D006179,4.7,1181.0,0.98,27.0,0.41,-64.6,-48.7,23.7,44.0,-95.4,5.1,1.0,126.0,0
D006180,4.8,1173.0,1.08,27.5,0.5,-65.6,-49.9,25.4,43.0,-95.1,5.0,1.0,126.0,1
D006181,4.7,1147.0,1.22,25.0,0.47,-66.2,-50.5,23.5,38.0,-96.2,9.6,0.0,130.0,1
D006182,5.3,1187.0,1.17,30.5,0.49,-65.0,-50.2,25.1,47.0,-94.3,8.1,0.0,121.0,1
D006183,4.1,1185.0,1.03,29.0,0.43,-65.7,-48.7,23.1,38.0,-96.9,8.7,0.0,128.0,1
D006184,5.1,1224.0,1.13,32.5,0.5,-65.6,-50.4,24.8,46.0,-95.2,7.0,1.0,125.0,1
D006185,4.6,1182.0,1.17,30.0,0.47,-64.0,-49.5,23.4,42.0,-94.5,5.1,1.0,135.0,1
D006186,4.9,1214.0,1.01,31.5,0.53,-64.3,-49.7,24.2,46.0,-96.5,,0.0,123.0,1
D006187,4.5,1159.0,1.03,27.0,0.47,-65.3,-51.1,23.0,44.0,-96.9,9.9,0.0,129.0,1
D006188,5.7,1336.0,1.36,27.5,0.42,-69.4,-50.8,29.2,44.0,-90.8,10.3,0.0,101.0,0
D006189,5.4,1057.0,1.13,24.5,0.32,-66.5,-49.3,21.5,42.0,-90.9,9.4,0.0,129.0,0
D006190,6.9,1387.0,1.01,37.0,0.67,-62.2,-50.7,20.7,51.0,-97.6,9.6,0.0,140.0,0
D006191,4.2,1275.0,0.98,25.5,0.54,-68.0,-45.1,22.1,41.0,,3.1,0.0,102.0,1
D006192,4.7,1133.0,1.06,27.5,0.47,-63.7,-50.1,26.8,47.0,-94.8,11.2,0.0,127.0,0
D006193,4.7,1012.0,1.54,35.0,0.31,-65.1,-47.8,27.7,55.0,-97.3,1.5,1.0,,0
D006194,4.2,1174.0,1.14,28.0,0.57,-67.4,-50.0,24.4,46.0,-94.4,10.6,1.0,126.0,0
D006195,5.0,1190.0,1.21,29.0,0.47,-65.6,-51.2,24.3,45.0,-96.5,11.2,1.0,126.0,1
D006196,3.6,1051.0,0.87,20.0,0.53,-68.5,-50.3,21.1,52.0,-99.0,17.6,0.0,144.0,1
D006197,4.0,1058.0,1.55,25.0,0.52,-60.2,-49.7,27.6,48.0,-96.5,15.7,0.0,142.0,0
D006198,6.1,1107.0,1.07,32.0,0.65,-60.2,-47.3,25.2,59.0,-93.4,11.9,1.0,126.0,0
D006199,5.0,1194.0,1.11,31.0,0.44,-67.0,-51.4,23.5,45.0,-95.9,8.3,1.0,125.0,1
D006200,5.3,1175.0,1.13,30.5,0.54,-65.9,-50.1,23.9,43.0,-95.0,10.3,1.0,120.0,1
D006201,4.6,1183.0,1.17,28.5,0.47,-64.3,-48.3,23.9,39.0,-94.9,9.1,1.0,136.0,1
D006202,4.6,1367.0,1.35,26.5,0.62,-68.2,-49.6,25.8,49.0,-96.1,6.0,1.0,135.0,1
D006203,5.2,1164.0,1.03,33.0,0.55,-64.3,-48.1,24.8,52.0,-94.3,9.8,0.0,121.0,1
D006204,4.9,1142.0,1.07,34.0,0.44,-64.6,-49.8,24.2,41.0,-95.6,10.3,1.0,121.0,1
D006205,4.3,1181.0,1.1,28.5,0.49,-66.0,-49.6,24.7,41.0,-95.3,8.6,0.0,122.0,1
D006206,4.8,1161.0,1.22,29.5,0.46,-65.5,-50.7,25.0,44.0,-94.8,10.6,0.0,120.0,1
D006207,4.2,1198.0,1.11,30.5,0.48,-65.7,-50.1,24.8,45.0,-94.8,11.9,0.0,128.0,1
D006208,4.7,1185.0,1.14,31.0,0.45,-65.6,-51.9,25.4,50.0,-94.2,7.6,1.0,126.0,1
D006209,5.8,1134.0,1.23,36.5,0.54,-60.7,-50.3,29.7,53.0,-93.9,20.5,0.0,144.0,0
D006210,6.7,1382.0,1.14,24.5,0.7,-64.7,-47.8,24.8,38.0,-98.8,8.2,1.0,106.0,1
D006211,4.4,1043.0,1.14,34.5,0.45,-69.2,-52.2,21.4,50.0,-98.5,15.6,1.0,141.0,1
D006212,4.5,1161.0,1.11,30.5,0.43,-64.2,-50.1,24.3,47.0,-98.1,6.9,1.0,131.0,0
D006213,5.4,1158.0,1.24,29.0,0.57,-64.3,-47.9,24.6,45.0,-94.9,11.4,1.0,130.0,1
D006214,5.0,1176.0,1.16,31.0,0.46,-65.8,-49.4,23.2,46.0,-95.2,8.8,1.0,130.0,0
D006215,4.5,1247.0,1.18,29.5,0.43,-66.5,-49.3,23.9,41.0,-95.7,10.0,1.0,135.0,1
D006216,4.7,1244.0,1.08,34.0,0.49,-64.9,-49.6,23.9,43.0,-95.2,9.0,1.0,129.0,1
D006217,4.6,1187.0,1.12,29.0,0.47,-64.7,-49.6,23.6,41.0,-95.7,11.0,0.0,127.0,1
D006218,4.9,1212.0,1.18,31.5,0.42,-66.3,-50.1,23.8,41.0,-96.1,4.9,0.0,128.0,1
D006219,5.0,1223.0,1.12,28.0,0.5,-65.1,-50.3,25.1,46.0,-94.5,9.5,1.0,126.0,1
D006220,3.3,1135.0,0.9,35.5,0.31,-63.6,-49.5,27.1,46.0,-92.4,16.4,0.0,119.0,0
D006221,4.0,1114.0,1.28,22.5,0.45,-65.1,-52.8,22.5,43.0,-94.1,2.9,0.0,146.0,1
D006222,5.0,1213.0,1.09,28.0,0.53,-66.8,-51.3,23.1,43.0,-96.5,11.1,0.0,135.0,1
D006223,5.4,1087.0,1.38,31.0,0.37,,-52.8,25.6,31.0,-98.2,22.3,1.0,115.0,0
D006224,4.8,1096.0,1.41,31.5,0.67,-61.8,-53.9,25.1,36.0,-96.9,1.6,1.0,124.0,0
D006225,5.1,1164.0,1.21,32.5,0.57,-64.6,-49.3,22.9,43.0,-95.7,6.6,1.0,136.0,1
D006226,6.9,1215.0,0.88,20.5,0.63,-66.7,-50.2,25.1,52.0,-99.4,5.0,0.0,133.0,1
D006227,5.0,1188.0,1.01,29.5,0.46,-65.3,-51.8,25.5,42.0,-95.8,11.1,1.0,127.0,1
D006228,4.7,1181.0,1.0,27.0,0.46,-65.3,-50.9,24.1,43.0,-95.7,7.2,0.0,139.0,1
D006229,4.7,1121.0,1.08,25.5,0.51,-66.3,-51.0,25.2,43.0,-95.1,11.1,1.0,127.0,1
D006230,4.4,1146.0,1.25,27.5,0.5,-66.3,-49.2,24.6,40.0,-93.9,8.3,0.0,127.0,1
D006231,4.3,1174.0,0.95,28.5,0.46,-66.1,-49.9,23.0,44.0,-96.5,5.6,1.0,124.0,1
D006232,4.8,1218.0,1.08,31.0,0.55,,-51.3,22.8,46.0,-95.8,9.8,1.0,132.0,1
D006233,4.9,1217.0,1.15,28.0,0.46,-66.3,-50.6,24.0,43.0,-96.6,11.4,1.0,127.0,0
D006234,5.0,1132.0,1.15,28.0,0.42,-66.7,-49.7,25.7,44.0,-95.2,5.9,0.0,127.0,1
D006235,5.1,1229.0,1.1,28.0,0.47,-66.4,-50.0,25.5,49.0,-97.7,13.8,1.0,122.0,1
D006236,6.2,1217.0,0.91,27.0,0.61,-66.0,-45.2,29.3,41.0,-92.1,8.0,0.0,144.0,0
D006237,4.9,1239.0,1.16,28.5,0.44,-65.9,-50.0,21.8,42.0,-96.0,12.4,0.0,130.0,0
D006238,3.6,1347.0,1.04,26.5,0.47,-61.4,-54.7,26.8,32.0,-100.0,11.6,0.0,103.0,0
D006239,5.8,1238.0,1.05,25.5,0.47,-66.4,-50.2,23.8,45.0,-95.3,7.9,0.0,121.0,1
D006240,5.0,1224.0,1.09,30.5,0.43,-65.1,-51.8,22.8,50.0,-93.8,7.1,1.0,126.0,1
D006241,5.0,1203.0,1.11,27.5,0.51,-64.5,-49.6,23.6,41.0,-96.2,4.0,1.0,129.0,1
D006242,5.2,1175.0,1.09,29.5,0.46,-66.0,-50.1,23.7,47.0,-95.8,8.7,0.0,128.0,1
D006243,3.1,1004.0,0.99,35.0,0.47,-68.5,-45.9,29.5,56.0,-99.2,23.1,1.0,144.0,0
D006244,4.5,1238.0,1.07,30.0,0.48,-65.4,-48.7,24.4,43.0,-93.9,5.7,1.0,124.0,1
D006245,5.8,1245.0,,21.0,0.69,-61.9,-49.1,23.0,49.0,-91.3,10.0,1.0,148.0,0
D006246,5.1,1176.0,0.95,28.0,0.44,-65.2,-49.3,23.7,,-95.8,10.4,0.0,122.0,1
D006247,5.0,1158.0,1.15,26.5,0.47,-67.4,-48.9,22.8,45.0,-97.8,6.6,1.0,130.0,1
D006248,4.9,1242.0,1.32,31.5,0.6,-68.7,-51.1,28.2,43.0,-97.2,9.2,0.0,130.0,1
D006249,5.1,1221.0,1.04,29.5,0.47,-65.7,-48.4,24.5,46.0,-95.3,7.3,0.0,130.0,1
D006250,4.7,1248.0,1.12,33.0,0.57,-67.5,-50.0,24.1,47.0,-97.0,6.5,0.0,118.0,1
D006251,4.7,1150.0,1.06,27.5,0.51,-66.2,-49.5,23.8,45.0,-95.0,12.1,1.0,130.0,1
D006252,4.8,1372.0,0.96,22.0,0.69,-68.2,-53.3,21.7,30.0,-91.7,6.7,1.0,144.0,1
D006253,4.8,1105.0,1.04,29.5,0.49,-65.1,-49.6,23.5,46.0,-95.2,7.0,0.0,127.0,1
D006254,4.8,1190.0,1.21,25.5,0.51,-64.8,-49.8,24.3,,-94.4,12.9,1.0,129.0,0
D006255,3.1,1057.0,1.13,34.0,0.56,-68.4,-50.3,20.6,54.0,-98.8,17.6,1.0,117.0,0
D006256,6.0,1109.0,1.28,38.0,0.33,-62.1,-52.5,27.4,51.0,-96.0,6.0,1.0,129.0,0
D006257,4.2,1238.0,1.28,28.0,0.47,-65.2,-49.2,23.4,49.0,-94.5,11.3,0.0,123.0,1
D006258,4.8,1193.0,1.01,30.5,0.5,-65.4,-50.5,22.6,39.0,-94.6,11.3,0.0,118.0,1
D006259,3.7,1215.0,1.37,30.5,0.54,-65.3,-45.9,29.3,48.0,-95.8,1.1,0.0,135.0,0
D006260,3.5,1319.0,1.24,37.5,0.42,-63.3,-53.4,28.0,51.0,-93.6,22.0,1.0,135.0,0
D006261,5.5,1097.0,0.83,26.5,0.55,-68.7,-54.8,22.5,49.0,-99.5,8.8,1.0,130.0,1
D006262,4.1,1211.0,1.05,27.0,0.41,-64.5,-49.2,23.3,47.0,-96.2,9.1,1.0,122.0,0
D006263,5.6,1118.0,1.47,22.0,0.68,-65.0,-54.0,24.2,48.0,-97.3,7.9,0.0,142.0,1
D006264,6.1,1126.0,0.84,20.5,0.36,-64.8,-50.7,26.4,32.0,-95.8,17.8,1.0,114.0,1
D006265,4.0,1091.0,1.54,25.0,0.44,-63.7,-52.7,26.6,46.0,-95.5,11.8,1.0,107.0,0
D006266,4.3,1175.0,1.16,27.5,0.51,-67.0,-52.7,25.6,42.0,-94.6,13.9,0.0,128.0,1
D006267,6.8,1180.0,1.27,27.0,0.38,-66.0,-52.5,25.1,33.0,-93.8,1.9,1.0,100.0,1
D006268,4.4,1186.0,1.03,30.0,0.51,-65.8,-49.3,24.2,43.0,-95.4,6.1,1.0,124.0,1
D006269,4.7,1208.0,1.01,24.5,0.52,-65.8,-49.2,24.2,,-95.6,10.8,1.0,127.0,1
D006270,4.3,,0.82,25.5,0.32,-63.2,-48.4,22.3,45.0,-97.0,10.0,1.0,122.0,0
D006271,6.5,1014.0,1.09,20.0,0.69,-65.3,-51.1,28.1,55.0,-97.8,7.9,1.0,138.0,0
D006272,3.5,1159.0,1.5,27.5,0.33,-63.6,-50.5,28.6,33.0,-91.8,,0.0,145.0,0
D006273,4.7,1244.0,1.2,29.0,0.47,-67.0,-50.6,23.4,44.0,-94.9,10.7,1.0,131.0,1
D006274,3.4,1114.0,1.28,27.5,0.47,-66.3,-49.6,23.8,46.0,-96.9,10.1,0.0,124.0,1
D006275,5.3,1014.0,0.91,27.0,0.4,-64.4,-52.1,26.7,44.0,-95.9,3.9,1.0,133.0,1
D006276,4.9,1162.0,1.1,27.5,0.51,-66.8,-49.5,24.5,43.0,-94.9,8.1,1.0,133.0,1
D006277,4.9,1173.0,1.05,27.0,0.47,-66.1,-50.5,23.1,47.0,-95.8,9.3,,125.0,1
D006278,3.3,1187.0,0.96,37.0,0.54,-63.4,-49.2,24.2,39.0,-99.5,2.7,1.0,128.0,1
D006279,5.1,1159.0,1.1,30.5,0.44,-65.8,-51.4,22.6,47.0,-95.2,9.5,0.0,129.0,1
D006280,5.1,1137.0,0.99,29.0,0.53,-65.8,-49.5,24.0,44.0,-95.1,9.1,1.0,125.0,1
D006281,5.2,1139.0,1.15,26.5,0.54,-67.0,-49.5,25.0,46.0,-94.9,10.6,0.0,131.0,0
D006282,5.2,1195.0,1.18,30.0,0.5,-64.9,-49.2,23.8,43.0,-96.7,11.3,1.0,132.0,1
D006283,5.0,1182.0,0.89,27.5,0.47,-63.8,-48.9,24.8,41.0,-92.9,8.0,1.0,,1
D006284,4.0,1194.0,1.45,32.0,0.47,-69.7,-53.2,23.1,58.0,-92.8,8.4,1.0,137.0,1
D006285,4.5,1161.0,1.05,28.0,0.5,-66.6,-52.9,24.1,47.0,-96.9,12.2,0.0,125.0,1
D006286,4.9,1238.0,1.09,35.0,0.47,-66.0,-51.3,25.3,42.0,-94.8,10.1,0.0,134.0,1
D006287,4.1,1026.0,1.47,34.5,0.7,-67.0,-47.3,27.6,43.0,-97.0,7.6,1.0,136.0,0
D006288,4.8,1234.0,1.01,28.0,0.49,-66.5,-49.5,24.7,47.0,-95.2,7.2,0.0,127.0,1
D006289,4.7,1219.0,1.07,30.5,0.47,-62.5,-49.0,25.1,41.0,-97.7,14.9,1.0,138.0,0
D006290,3.7,1364.0,1.05,20.0,0.57,-64.5,-54.4,29.1,58.0,-94.1,14.9,1.0,111.0,0
D006291,4.9,1250.0,1.28,31.0,0.47,-65.1,-49.9,23.0,46.0,-98.2,10.6,0.0,127.0,1
D006292,4.4,1237.0,1.07,29.0,0.5,-64.9,-49.9,23.7,44.0,-96.1,4.1,1.0,124.0,0
D006293,4.1,1319.0,,35.5,0.33,-61.9,-47.8,,36.0,-97.0,3.3,1.0,134.0,0
D006294,5.0,1149.0,0.98,27.0,0.5,-65.0,-50.1,24.7,41.0,-96.7,7.7,0.0,126.0,1
D006295,5.3,1151.0,0.98,31.0,0.49,-66.3,-51.2,23.4,47.0,-94.3,9.4,1.0,124.0,0
D006296,6.5,1242.0,1.11,26.5,0.67,-61.8,-53.7,29.2,51.0,-96.3,11.6,1.0,125.0,0
D006297,4.9,1283.0,1.18,27.0,0.51,-64.3,,22.4,46.0,-95.3,7.9,1.0,120.0,0
D006298,4.4,1144.0,1.09,29.0,0.51,-65.4,-50.8,24.9,51.0,-96.3,11.6,1.0,130.0,0
D006299,5.2,1202.0,1.16,29.5,0.42,-64.9,-50.5,24.3,45.0,-94.9,11.0,1.0,134.0,1
D006300,5.0,1202.0,1.15,32.0,0.5,-66.4,-51.5,22.8,45.0,-96.6,7.7,0.0,130.0,1
D006301,5.5,1102.0,1.07,31.5,0.68,-66.7,-54.2,27.7,48.0,-99.1,17.4,0.0,125.0,0
D006302,3.8,1313.0,1.1,37.0,0.32,-66.8,-53.2,22.8,51.0,-91.3,12.7,0.0,135.0,0
D006303,5.5,1214.0,0.9,32.0,,-66.5,-49.5,20.7,45.0,-96.0,2.1,1.0,145.0,1
D006304,4.8,1224.0,1.32,31.5,0.46,-66.8,-50.9,24.4,48.0,-92.5,12.5,1.0,126.0,1
D006305,4.7,1104.0,1.19,28.0,0.48,-63.8,-50.1,,49.0,-93.8,7.8,0.0,123.0,1
D006306,6.3,1188.0,1.23,21.0,0.52,-63.2,-49.9,28.0,50.0,-97.1,22.6,0.0,116.0,0
D006307,5.0,1171.0,1.05,27.0,0.52,-66.2,-51.1,26.0,46.0,-96.2,4.1,1.0,132.0,1
D006308,4.8,1303.0,1.33,29.5,0.5,-64.9,-49.1,23.4,49.0,-94.0,10.2,0.0,128.0,1
D006309,5.5,1189.0,1.1,31.5,0.66,-65.4,-48.9,24.6,52.0,-99.6,23.1,0.0,135.0,1
D006310,4.7,1206.0,1.08,26.0,0.52,-64.5,-51.4,25.8,44.0,-94.0,5.5,1.0,133.0,0
D006311,5.1,1175.0,1.29,32.5,0.45,-66.6,-50.6,23.8,42.0,-96.6,7.5,1.0,121.0,1
D006312,5.4,1064.0,1.33,22.5,0.55,-65.8,-47.1,21.3,41.0,-94.9,2.5,0.0,144.0,1
D006313,3.8,1181.0,1.04,32.5,0.45,-64.6,-48.8,23.9,45.0,-94.9,7.8,0.0,138.0,1
D006314,4.9,1203.0,1.08,26.5,0.45,-65.7,-50.2,24.2,45.0,-94.2,8.8,1.0,131.0,1
D006315,4.4,1188.0,1.18,28.5,0.51,-66.8,-50.9,25.2,45.0,-94.8,9.5,1.0,132.0,1
D006316,3.2,1381.0,1.22,37.5,0.69,-64.6,-54.0,24.1,34.0,-98.2,5.1,1.0,112.0,0
D006317,5.3,1209.0,0.98,29.5,0.42,-67.1,-49.8,24.3,44.0,-97.0,6.2,0.0,132.0,1
D006318,4.5,1337.0,1.51,21.0,0.63,-66.6,-52.2,26.1,57.0,-97.8,10.3,0.0,133.0,0
D006319,4.9,1200.0,1.07,27.5,0.5,-65.8,-50.7,24.2,45.0,-95.4,7.4,0.0,130.0,1
D006320,5.1,1090.0,1.03,28.0,0.51,-64.8,-50.6,23.5,51.0,-97.1,4.9,0.0,128.0,1
D006321,6.3,1016.0,1.24,,0.34,-60.5,-53.5,28.0,35.0,-91.4,5.0,1.0,122.0,1
D006322,4.7,1226.0,1.1,29.5,0.42,-65.6,-50.4,24.9,45.0,-95.5,7.8,0.0,126.0,1
D006323,4.2,1182.0,1.14,30.5,0.46,-65.8,-50.6,23.7,,-96.5,10.0,,124.0,0
D006324,4.4,1111.0,1.09,30.0,0.5,-67.2,-50.1,24.7,48.0,-94.3,9.3,1.0,128.0,1
D006325,3.2,1094.0,1.57,25.5,0.43,-67.2,-48.8,24.8,40.0,-98.4,13.5,0.0,101.0,0
D006326,6.0,1069.0,1.18,31.0,0.59,-63.8,-49.7,21.9,39.0,-98.3,0.4,1.0,102.0,1
D006327,5.2,1116.0,1.07,39.5,0.48,-60.9,-50.3,25.0,38.0,-100.0,2.4,0.0,144.0,1
D006328,4.9,1180.0,1.13,31.5,0.56,-67.6,-49.5,24.3,43.0,-96.1,6.6,1.0,,1
D006329,4.9,1169.0,1.13,31.0,0.51,-64.4,-51.3,21.4,45.0,-96.4,10.1,0.0,134.0,1
D006330,4.9,1205.0,1.11,26.5,0.52,-66.1,-49.3,23.8,45.0,-93.7,15.2,1.0,132.0,0
D006331,6.4,1214.0,1.47,25.5,0.34,-66.8,-48.0,22.7,31.0,-93.7,12.8,1.0,105.0,0
D006332,4.9,1236.0,0.83,26.0,0.43,-67.0,-46.1,25.3,55.0,-98.7,23.7,1.0,113.0,0
D006333,4.1,1178.0,1.12,29.0,0.48,-65.0,-48.5,25.3,44.0,-96.1,8.9,0.0,132.0,1
D006334,4.9,1265.0,1.12,30.5,0.46,,-50.5,24.8,45.0,-95.2,11.2,1.0,132.0,1
D006335,3.8,1054.0,0.98,25.0,0.6,-60.1,-46.8,29.6,55.0,-91.3,10.3,0.0,137.0,0
D006336,4.7,1193.0,1.12,31.0,0.55,-65.1,-51.7,23.6,48.0,-94.9,8.2,0.0,135.0,1
D006337,4.4,1227.0,1.05,,0.5,-67.4,-49.8,22.2,39.0,-94.0,8.9,0.0,137.0,1
D006338,4.9,1242.0,1.14,28.0,0.46,-66.3,-49.4,24.6,45.0,-96.4,7.7,0.0,129.0,1
D006339,4.3,1185.0,0.99,28.0,0.47,-64.8,-50.1,24.6,41.0,-95.7,12.3,0.0,125.0,0
D006340,4.4,1199.0,0.96,26.0,0.51,-65.1,-50.0,24.2,43.0,-96.8,7.7,0.0,120.0,1
D006341,4.1,1344.0,1.36,26.0,0.54,-68.6,-45.0,21.7,44.0,-97.3,5.8,0.0,133.0,1
D006342,5.9,1361.0,0.97,37.5,0.67,-66.0,-54.6,26.5,54.0,-97.8,23.5,0.0,145.0,1
D006343,4.7,1104.0,1.59,37.5,0.49,-66.6,-52.1,21.4,58.0,-98.2,10.7,0.0,138.0,1
D006344,5.5,1188.0,1.53,23.0,0.51,-64.4,-47.8,28.1,54.0,-98.7,6.5,0.0,136.0,0
D006345,4.5,1206.0,1.0,31.5,0.54,-65.8,-49.7,24.8,46.0,-93.2,7.0,1.0,137.0,0
D006346,4.3,1210.0,1.1,30.5,0.5,-65.8,-49.9,25.1,40.0,-98.1,8.5,0.0,133.0,1
D006347,4.3,1239.0,1.1,26.5,0.52,-65.3,-49.4,23.0,42.0,-96.6,7.5,1.0,125.0,0
D006348,5.7,1265.0,0.85,32.5,0.31,-63.0,-51.6,23.2,46.0,-94.4,0.6,1.0,118.0,1
D006349,5.9,1126.0,1.26,25.5,0.48,-66.0,-49.8,23.8,38.0,-98.0,6.9,1.0,129.0,1
D006350,5.0,1163.0,1.03,29.5,0.52,-65.4,-50.3,23.0,44.0,-96.8,10.8,1.0,130.0,1
D006351,5.1,1179.0,1.33,33.0,0.51,-62.5,-47.6,24.8,34.0,-96.5,10.8,1.0,136.0,1
D006352,4.8,1185.0,1.07,28.5,0.47,-65.4,-49.6,25.1,45.0,-94.7,9.1,1.0,128.0,1
D006353,4.7,1264.0,1.59,38.5,0.59,-69.4,-52.5,25.3,48.0,-98.6,21.0,1.0,123.0,1
D006354,4.8,1174.0,1.13,,0.49,-65.1,-49.6,24.8,47.0,-97.2,9.9,1.0,135.0,1
D006355,4.8,1228.0,0.97,27.0,0.38,-65.5,-50.5,25.5,49.0,-95.5,10.6,0.0,122.0,1
D006356,5.1,1150.0,1.12,31.5,0.45,-63.8,-48.8,24.1,47.0,-94.9,10.4,0.0,125.0,1
D006357,3.2,1199.0,1.02,32.5,0.35,-69.6,-48.4,28.5,39.0,-97.4,12.2,,120.0,0
D006358,5.2,1136.0,1.01,29.5,0.52,-66.0,-49.6,24.2,47.0,-95.6,6.9,1.0,124.0,1
D006359,5.2,1237.0,1.15,32.0,0.46,-65.7,-49.9,23.8,46.0,-95.5,8.4,0.0,136.0,1
D006360,3.4,1004.0,1.39,38.0,0.34,-69.2,-45.4,22.2,55.0,-93.7,23.5,1.0,115.0,0
D006361,4.8,1172.0,1.07,30.0,0.52,-64.8,-49.4,23.4,49.0,-95.2,7.4,1.0,125.0,1
D006362,4.0,1376.0,1.0,39.0,0.33,-64.7,-48.2,21.6,47.0,-95.5,0.7,1.0,140.0,1
D006363,7.0,1247.0,1.26,40.0,0.53,-62.0,-47.7,23.3,60.0,-95.1,22.5,1.0,121.0,1
D006364,4.6,1126.0,1.07,28.0,0.5,-65.6,-51.5,23.2,40.0,-95.9,6.2,1.0,126.0,1
D006365,4.6,1191.0,1.13,32.5,0.53,-65.8,-49.1,24.8,40.0,-95.1,10.4,0.0,125.0,1
D006366,6.3,1197.0,0.86,24.0,0.68,-70.0,-48.2,25.3,51.0,-91.1,11.2,1.0,104.0,1
D006367,5.4,1190.0,1.14,28.5,0.43,-65.5,-49.8,24.5,42.0,-95.3,8.5,0.0,128.0,1
D006368,5.1,1172.0,0.98,23.5,0.5,-61.5,-52.6,25.1,31.0,-93.0,,1.0,133.0,1
D006369,4.8,1130.0,1.15,28.5,0.51,-65.1,-49.0,23.4,41.0,-95.3,12.7,0.0,133.0,1
D006370,5.7,1193.0,1.11,28.5,0.5,-65.3,-49.4,23.5,44.0,-95.2,2.7,0.0,134.0,1
D006371,4.9,1232.0,1.04,32.5,0.57,-65.0,-49.7,23.2,44.0,-94.9,10.4,1.0,125.0,1
D006372,6.3,1104.0,1.26,38.5,0.67,-60.3,-52.6,26.8,40.0,-92.4,23.3,1.0,140.0,0
D006373,5.3,1162.0,1.15,28.5,0.4,-64.0,-51.4,22.8,43.0,-96.5,3.7,1.0,120.0,1
D006374,4.6,1166.0,1.13,29.0,0.47,-66.3,-50.3,23.7,41.0,-93.8,6.1,0.0,124.0,1
D006375,4.3,1150.0,1.09,26.5,0.5,-64.8,-51.2,26.7,48.0,-95.8,4.3,1.0,131.0,1
D006376,3.9,1345.0,1.43,21.5,0.36,-68.1,-45.6,28.8,51.0,-93.1,9.5,1.0,131.0,0
D006377,4.6,1152.0,1.24,31.5,0.46,-65.5,-50.1,25.1,47.0,-95.3,8.1,0.0,124.0,1
D006378,5.4,1194.0,1.1,29.0,0.48,-65.8,-48.8,22.3,48.0,-94.9,6.5,1.0,126.0,1
D006379,4.2,1378.0,1.04,29.5,0.47,-69.5,-52.9,20.2,45.0,-90.8,7.9,1.0,135.0,0
D006380,4.7,1187.0,0.94,35.0,0.45,-61.8,-50.5,20.9,36.0,-90.4,10.7,1.0,119.0,0
D006381,5.2,1172.0,1.02,28.5,0.45,-65.9,-51.4,25.9,45.0,-95.3,6.8,0.0,118.0,1
D006382,4.9,1150.0,1.15,26.0,0.41,-65.2,-52.0,23.3,44.0,-96.3,11.3,0.0,133.0,1
D006383,4.4,1194.0,1.1,33.5,0.47,-65.2,-49.2,24.7,44.0,-95.1,11.0,1.0,131.0,1
D006384,4.5,1188.0,1.18,28.0,0.5,-64.3,-49.2,23.7,,-95.4,13.2,1.0,130.0,0
D006385,4.5,1187.0,1.18,,0.45,-64.4,-51.2,25.3,47.0,-96.0,8.2,1.0,129.0,1
D006386,4.7,1141.0,1.33,26.0,0.3,-62.3,-52.1,25.4,31.0,-93.7,9.8,0.0,119.0,0
D006387,5.9,1370.0,1.51,36.0,0.47,-61.4,-50.5,27.7,56.0,-91.0,19.1,0.0,104.0,0
D006388,5.6,1247.0,1.08,26.5,0.46,-66.3,-49.4,23.9,44.0,-94.5,11.1,0.0,134.0,1
D006389,5.2,1161.0,,28.5,0.41,-64.8,-50.9,23.4,43.0,-94.8,9.0,0.0,133.0,1
D006390,4.8,1193.0,,30.0,0.57,-66.7,-49.8,25.5,43.0,-95.4,,0.0,130.0,1
D006391,3.6,1089.0,1.3,23.5,0.5,-61.1,-54.5,26.0,42.0,-98.9,4.6,1.0,115.0,0
D006392,6.4,1127.0,0.81,34.0,0.67,-68.1,-46.8,28.2,38.0,-98.7,14.2,1.0,117.0,0
D006393,6.2,1221.0,1.42,24.0,0.64,-66.8,-47.4,26.3,57.0,-97.8,20.2,1.0,101.0,0
D006394,4.2,1243.0,1.17,29.0,0.51,-65.2,-51.0,25.2,45.0,-94.0,5.3,0.0,138.0,1
D006395,4.5,1188.0,1.01,30.0,0.44,-66.5,-49.7,25.1,46.0,-94.6,9.3,1.0,139.0,1
D006396,4.7,1176.0,0.98,39.5,0.34,-63.8,-48.1,27.1,45.0,-92.8,1.0,1.0,112.0,0
D006397,5.0,1371.0,1.01,27.5,0.55,-66.9,-48.5,25.3,32.0,-90.1,23.7,1.0,101.0,1
D006398,6.2,1234.0,0.82,31.5,0.58,-68.4,-50.7,22.8,44.0,-96.0,3.5,0.0,127.0,1
D006399,5.2,1186.0,1.04,28.5,0.48,-66.5,,23.0,39.0,-93.3,7.9,1.0,125.0,1
D006400,4.7,1208.0,1.12,29.5,0.44,-65.6,-49.0,24.7,51.0,-95.8,12.9,1.0,137.0,1
D006401,4.5,1153.0,1.22,27.5,0.5,-65.3,-50.6,25.2,44.0,-95.5,11.3,0.0,126.0,1
D006402,5.8,1171.0,0.91,29.0,0.4,-68.4,-48.0,29.2,58.0,-92.2,21.5,0.0,104.0,0
D006403,4.8,1068.0,1.28,23.0,0.43,-68.1,-47.2,21.8,58.0,-93.6,5.8,0.0,131.0,0
D006404,4.7,1184.0,1.13,27.5,0.49,-66.8,-49.6,22.9,38.0,-95.8,8.5,1.0,125.0,1
D006405,4.7,1181.0,1.12,30.0,0.51,-64.4,-48.9,24.3,46.0,-95.2,7.2,0.0,125.0,1
D006406,5.7,1238.0,1.42,33.5,0.51,-62.3,,29.2,55.0,-92.7,9.6,0.0,118.0,0
D006407,4.8,1362.0,1.21,38.0,0.48,-62.1,-48.3,29.4,30.0,-93.3,5.4,1.0,133.0,0
D006408,4.5,1187.0,1.19,25.5,0.48,-65.2,-50.1,24.9,40.0,-96.4,10.1,0.0,130.0,1
D006409,3.8,1130.0,1.11,29.0,0.56,-64.8,-46.9,26.9,40.0,-97.4,7.4,0.0,103.0,0
D006410,5.2,1185.0,1.18,32.5,0.46,-65.6,-50.2,23.0,41.0,-95.8,9.9,0.0,128.0,1
D006411,4.6,1246.0,1.0,28.5,0.51,-65.1,-49.2,22.9,44.0,-96.0,9.4,0.0,135.0,1
D006412,3.8,1125.0,1.1,27.5,0.48,-64.6,-49.5,25.3,47.0,-96.9,9.9,0.0,132.0,0
D006413,4.6,1191.0,1.26,26.5,0.5,-64.5,-50.3,24.6,47.0,-95.6,11.6,0.0,121.0,0
D006414,4.7,1162.0,1.03,30.5,0.46,-65.9,-49.1,23.7,46.0,-96.3,,1.0,124.0,1
D006415,4.9,1221.0,1.25,29.5,0.46,-66.5,-50.0,23.9,38.0,-97.4,5.7,0.0,126.0,1
D006416,4.6,1195.0,1.0,30.0,0.4,-66.1,-48.4,24.6,48.0,-96.8,5.6,1.0,136.0,1
D006417,5.2,,1.0,30.0,0.51,-66.4,-47.3,22.5,44.0,-95.8,12.9,0.0,129.0,1
D006418,6.5,1021.0,1.35,37.0,0.38,-69.8,-47.1,20.3,56.0,-90.1,0.7,1.0,143.0,1
D006419,4.3,1179.0,1.52,25.0,0.6,-68.3,-52.1,24.9,43.0,-93.9,12.3,1.0,117.0,0
D006420,4.8,1170.0,1.14,31.5,0.5,-66.6,-48.7,24.3,44.0,-94.9,10.7,0.0,,1
D006421,6.7,1346.0,1.52,34.0,0.57,-65.8,-47.8,27.6,32.0,-95.9,5.4,1.0,114.0,1
D006422,4.2,1134.0,1.22,28.5,0.47,-64.9,-52.9,23.6,41.0,-96.3,15.2,1.0,128.0,0
D006423,4.7,1145.0,1.14,28.5,0.53,-63.7,-48.7,24.6,44.0,-95.0,11.3,1.0,142.0,0
D006424,4.3,1195.0,1.2,29.5,0.43,-66.2,-50.9,24.6,43.0,-94.7,6.9,0.0,134.0,1
D006425,4.5,1139.0,0.99,30.5,0.48,-66.4,-48.2,24.6,43.0,-94.9,9.5,1.0,131.0,1
D006426,4.9,1182.0,1.16,25.5,0.46,-65.4,-49.0,23.6,,-94.5,5.3,1.0,122.0,1
D006427,5.5,1157.0,0.99,30.0,0.51,-64.6,-49.4,23.8,45.0,-95.9,13.7,0.0,136.0,1
D006428,4.5,1158.0,1.1,,0.47,-67.3,-50.6,23.4,47.0,-96.4,7.4,,118.0,1
D006429,3.3,1097.0,0.83,35.0,0.59,-63.7,-49.5,24.9,46.0,-93.6,4.6,0.0,149.0,1
D006430,5.2,1174.0,1.08,30.0,0.49,-64.3,-48.9,24.9,44.0,-96.8,9.8,1.0,131.0,0
D006431,4.4,1157.0,0.94,27.5,0.49,-66.1,-51.0,24.4,40.0,-95.5,,1.0,133.0,1
D006432,4.7,1151.0,1.02,26.5,0.53,-66.7,-48.9,23.1,49.0,-94.4,11.6,0.0,128.0,1
D006433,4.4,1187.0,1.05,31.0,0.53,-66.2,-50.1,24.7,41.0,-96.8,7.1,0.0,125.0,1
D006434,4.4,1140.0,1.03,28.0,0.49,-64.9,-50.4,24.2,44.0,-95.7,13.0,1.0,125.0,0
D006435,4.8,1204.0,1.17,25.0,0.48,-66.5,-52.3,23.4,47.0,-93.3,5.9,1.0,135.0,1
D006436,6.7,1073.0,1.57,26.5,0.52,-66.2,-54.3,23.4,47.0,-92.5,23.6,1.0,101.0,0
D006437,4.4,1159.0,1.01,28.0,0.51,-64.9,-49.9,25.0,41.0,-95.2,9.2,0.0,128.0,0
D006438,4.4,1094.0,0.99,28.0,,-67.0,-47.1,21.1,48.0,-95.3,12.7,1.0,133.0,0
D006439,4.7,1168.0,1.06,27.5,0.43,-65.9,-51.1,23.1,51.0,-96.6,4.6,1.0,137.0,1
D006440,3.6,1169.0,1.22,27.5,,-66.0,-51.6,21.5,43.0,-95.9,11.7,0.0,132.0,1
D006441,4.6,1127.0,0.99,29.5,0.44,-66.6,-50.7,23.5,45.0,-95.4,6.4,1.0,125.0,1
D006442,4.5,1224.0,1.16,26.5,0.5,-63.8,-49.6,25.4,42.0,-95.9,8.0,1.0,129.0,1
D006443,,1221.0,1.42,22.0,0.38,-63.7,-54.1,21.6,56.0,-96.9,2.4,1.0,107.0,0
D006444,4.7,1183.0,1.0,27.5,0.49,-64.4,-50.3,21.9,44.0,-95.5,12.0,1.0,126.0,1
D006445,4.8,1200.0,0.99,28.5,0.46,-65.2,-49.0,23.1,46.0,-95.2,9.2,0.0,132.0,1
D006446,4.6,1259.0,1.23,25.5,0.45,-67.0,-51.1,25.0,58.0,-97.3,5.2,1.0,150.0,1
D006447,5.2,1176.0,1.03,27.5,0.48,-67.0,-49.0,23.1,47.0,-96.7,,1.0,131.0,1
D006448,4.7,1187.0,1.14,27.0,0.51,-63.8,-50.6,25.5,45.0,-93.8,7.2,0.0,123.0,1
D006449,5.2,1159.0,1.29,30.5,0.49,-66.0,-49.3,22.6,43.0,-95.0,11.7,0.0,137.0,1
D006450,5.5,1198.0,1.29,28.5,0.46,-66.2,-49.2,22.9,44.0,-94.2,7.4,1.0,123.0,1
D006451,4.5,1132.0,0.96,29.5,0.46,-64.9,-52.0,23.9,42.0,-94.8,7.0,0.0,124.0,1
D006452,4.5,1137.0,1.0,36.5,0.52,-66.8,-47.0,26.5,58.0,-97.9,,1.0,109.0,0
D006453,4.3,1042.0,1.36,40.0,0.63,-63.2,-52.4,22.6,35.0,-90.1,3.2,0.0,137.0,1
D006454,5.2,1380.0,1.58,29.5,0.44,-64.5,-53.2,26.0,45.0,-93.7,,0.0,,1
D006455,5.8,1368.0,0.81,21.5,0.48,-68.6,-48.0,21.5,34.0,-91.9,6.7,0.0,127.0,1
D006456,4.9,1199.0,1.05,30.5,0.48,-64.9,-51.0,23.7,44.0,-94.6,10.3,0.0,126.0,1
D006457,5.4,1173.0,1.08,28.5,0.46,-63.4,-51.3,23.3,40.0,-93.7,7.0,0.0,142.0,1
D006458,,1109.0,1.11,31.5,0.41,-63.2,-51.7,22.8,46.0,-94.3,7.5,0.0,129.0,1
D006459,4.9,1223.0,1.01,28.0,0.45,-66.0,-50.2,24.1,50.0,-94.3,8.7,0.0,130.0,1
D006460,4.9,1087.0,1.04,29.0,0.49,-64.8,-51.4,24.6,42.0,-95.6,9.1,1.0,134.0,1
D006461,6.3,1321.0,1.28,33.0,0.65,-62.2,-50.7,21.6,32.0,-90.1,13.8,0.0,104.0,0
D006462,,1188.0,,29.0,0.44,-66.8,-49.7,25.9,42.0,-95.9,8.2,0.0,125.0,1
D006463,3.9,1203.0,0.84,21.5,0.41,-69.7,-52.7,30.0,47.0,-99.8,1.3,1.0,102.0,0
D006464,4.7,1207.0,1.1,32.0,0.45,-65.1,-49.5,24.6,38.0,-95.2,7.4,1.0,132.0,1
D006465,4.9,1193.0,1.03,28.5,0.52,-64.4,-51.2,23.6,46.0,-95.8,10.6,1.0,129.0,1
D006466,5.6,1163.0,1.07,28.5,0.49,-64.2,-49.3,24.8,46.0,-95.1,9.4,1.0,129.0,0
D006467,4.3,1152.0,1.01,29.0,0.5,-64.1,-50.5,25.0,43.0,-95.7,8.0,1.0,133.0,0
D006468,5.1,1169.0,0.96,29.5,0.53,-64.7,-50.0,23.7,48.0,-94.9,11.1,1.0,131.0,1
D006469,4.5,1164.0,1.07,27.5,0.45,-66.8,-49.4,23.7,41.0,-96.5,7.4,1.0,123.0,1
D006470,3.9,1156.0,0.97,22.0,,-62.3,-52.5,24.1,45.0,-93.8,5.9,1.0,145.0,0
D006471,4.1,1155.0,0.96,,0.54,-65.3,-51.4,23.5,40.0,-98.2,7.3,1.0,125.0,1
D006472,6.4,1332.0,0.87,25.5,0.52,-64.3,-54.0,25.3,39.0,-98.9,6.7,1.0,105.0,1
D006473,3.6,1223.0,1.43,25.0,0.35,-69.2,-49.2,21.9,58.0,-98.1,21.6,0.0,114.0,0
D006474,4.4,1112.0,1.14,29.0,0.42,-65.6,-50.0,23.2,42.0,-96.1,4.2,0.0,138.0,1
D006475,4.2,1217.0,0.98,26.0,0.48,-65.8,-50.1,24.7,39.0,-95.3,8.0,1.0,122.0,1
D006476,5.0,1231.0,1.12,29.5,0.45,-66.3,-51.0,22.7,44.0,-95.3,3.1,1.0,132.0,1
D006477,4.8,1204.0,1.21,28.0,0.46,-66.8,-50.2,24.3,44.0,-95.5,7.9,0.0,126.0,1
D006478,5.0,1138.0,1.12,29.5,0.52,-63.8,-50.6,24.1,43.0,-95.1,5.8,0.0,146.0,1
D006479,4.5,1234.0,1.03,31.0,0.46,-64.6,-49.3,24.7,42.0,-95.0,8.2,1.0,128.0,1
D006480,5.2,1197.0,1.02,28.0,0.44,-65.1,-48.1,24.6,46.0,-93.9,7.1,1.0,135.0,1
D006481,4.8,1149.0,1.06,28.0,0.49,-64.8,-51.6,24.6,49.0,-94.5,4.4,0.0,130.0,1
D006482,5.4,1157.0,0.97,26.5,0.44,-67.0,-48.8,22.2,37.0,-94.8,8.6,1.0,,1
D006483,4.4,1186.0,1.19,30.5,0.5,-65.9,-49.4,25.1,51.0,-96.9,8.4,1.0,115.0,0
D006484,6.8,1323.0,1.3,34.0,0.51,-64.0,-50.1,26.8,43.0,-95.5,5.2,0.0,125.0,1
D006485,4.5,1252.0,1.1,27.0,0.42,-65.5,-49.1,23.4,44.0,-95.7,7.0,1.0,129.0,0
D006486,6.2,1160.0,1.07,25.5,0.42,-69.5,-47.9,29.5,51.0,-99.1,4.1,1.0,111.0,0
D006487,4.2,1185.0,1.21,30.0,0.49,-66.9,-49.4,23.7,45.0,-98.1,9.5,0.0,,1
D006488,4.9,1137.0,1.06,27.5,0.52,-65.8,-50.3,22.1,38.0,-95.9,11.7,0.0,131.0,1
D006489,5.6,1219.0,1.14,34.0,0.49,-66.2,-50.6,23.6,40.0,-96.8,10.1,1.0,131.0,1
D006490,5.3,1152.0,1.09,32.0,0.47,-65.6,-50.7,24.2,43.0,-94.6,9.5,0.0,131.0,1
D006491,4.6,1249.0,1.09,26.5,0.45,-65.6,-48.9,24.6,43.0,-95.1,8.3,0.0,135.0,1
D006492,,1235.0,1.18,29.0,0.43,-64.5,-50.5,25.8,45.0,-94.2,6.4,1.0,128.0,1
D006493,5.3,1136.0,1.16,30.0,0.5,-64.2,-51.6,25.9,41.0,-96.2,10.2,0.0,126.0,0
D006494,3.9,1334.0,1.05,27.5,0.55,-62.2,-49.8,29.5,31.0,-92.3,2.2,0.0,141.0,0
D006495,4.6,1169.0,1.15,26.0,0.53,-63.9,-50.0,24.1,47.0,-96.3,8.5,1.0,132.0,0
D006496,4.4,1140.0,1.11,29.5,0.51,-67.0,-49.9,23.9,43.0,-98.3,9.3,1.0,135.0,1
D006497,4.3,1198.0,1.15,26.5,0.53,-65.8,-49.2,22.6,43.0,-94.2,9.0,0.0,125.0,1
D006498,5.2,1165.0,1.04,27.5,0.45,-67.4,-48.9,24.5,46.0,-94.8,7.2,1.0,130.0,1
D006499,6.4,1215.0,0.9,34.0,0.37,-65.8,-49.4,22.3,49.0,,0.4,0.0,145.0,1
D006500,3.5,1131.0,1.54,23.5,0.46,-69.1,-45.5,28.7,36.0,-91.3,20.2,1.0,109.0,0
D006501,5.1,1154.0,1.05,29.0,0.42,-65.3,-49.3,24.1,43.0,-96.5,6.6,0.0,133.0,1
D006502,5.4,1205.0,1.15,40.0,0.6,-60.4,-50.1,21.1,57.0,-96.8,,0.0,115.0,0
D006503,6.4,1352.0,0.81,21.0,0.6,-68.2,-50.4,29.4,39.0,-92.9,13.5,1.0,144.0,1
D006504,4.1,1211.0,1.04,30.0,0.49,-66.2,-50.4,22.9,42.0,-96.7,11.5,1.0,124.0,1
D006505,5.3,1158.0,1.12,29.0,0.47,-65.3,-49.7,24.7,39.0,-95.0,7.7,0.0,129.0,1
D006506,5.1,1137.0,1.21,26.0,0.45,-64.1,-50.1,23.6,44.0,-94.5,8.7,1.0,129.0,1
D006507,5.1,1216.0,1.12,26.5,0.56,-68.2,-51.0,24.4,44.0,-96.4,10.4,1.0,136.0,1
D006508,6.3,1300.0,1.26,39.5,0.55,-63.2,-46.9,28.4,35.0,-97.9,3.5,0.0,112.0,1
D006509,5.2,1162.0,1.18,30.5,0.47,-65.2,-51.2,23.6,44.0,-97.0,7.3,1.0,132.0,1
D006510,3.9,1255.0,1.21,32.5,0.48,-66.4,-52.5,26.7,57.0,-95.5,20.9,0.0,143.0,1
D006511,4.1,1168.0,1.21,24.5,0.5,-66.4,-49.2,22.4,40.0,-96.4,11.7,0.0,126.0,0
D006512,4.3,1053.0,0.99,25.5,0.49,-63.6,-51.5,24.4,47.0,-94.9,,0.0,127.0,1
D006513,4.7,1183.0,1.25,25.0,0.5,-67.2,,22.6,43.0,-95.8,10.5,1.0,126.0,0
D006514,3.2,1014.0,1.44,23.5,0.37,-61.4,-49.3,20.9,34.0,-91.5,9.1,0.0,131.0,0
D006515,4.8,1093.0,1.1,30.5,0.48,-65.5,-50.2,24.3,,-95.8,10.4,1.0,139.0,1
D006516,4.7,1157.0,0.86,23.0,0.51,-64.0,-50.6,29.8,55.0,-94.9,0.8,0.0,140.0,0
D006517,5.1,1175.0,1.07,31.0,0.46,-63.8,-49.6,,45.0,-94.9,8.2,1.0,130.0,1
D006518,5.0,1239.0,1.14,32.0,0.49,-67.7,-49.6,26.1,44.0,-97.2,7.4,0.0,125.0,1
D006519,5.4,1141.0,1.17,29.0,0.49,-67.8,-51.1,22.8,41.0,-96.2,11.5,1.0,128.0,1
D006520,5.5,1128.0,1.01,30.0,0.5,-63.9,-48.9,24.4,46.0,-94.0,12.2,0.0,128.0,1
D006521,6.4,1257.0,0.93,31.5,0.38,-64.9,-47.2,23.8,37.0,-91.1,15.1,1.0,142.0,1
D006522,4.2,1217.0,1.51,31.5,0.51,-65.3,-50.7,25.7,37.0,-96.8,4.9,1.0,103.0,0
D006523,5.9,1301.0,1.47,37.0,0.64,-69.7,-47.9,25.5,42.0,-92.0,18.6,1.0,147.0,1
D006524,4.9,1227.0,1.23,25.0,0.46,-66.6,-49.1,24.1,42.0,-96.1,8.5,1.0,118.0,1
D006525,4.5,1142.0,1.11,27.5,,-63.4,-49.6,24.1,49.0,-97.9,8.6,1.0,127.0,0
D006526,4.4,1174.0,1.08,30.0,0.44,-65.2,-50.0,23.4,49.0,-97.4,5.9,1.0,129.0,1
D006527,,1181.0,0.98,33.0,0.41,-65.4,-49.8,24.3,44.0,-95.9,12.0,0.0,130.0,1
D006528,4.8,1285.0,1.47,27.0,0.45,-61.1,-51.1,28.5,42.0,-94.6,2.1,1.0,144.0,0
D006529,4.6,1211.0,1.2,33.5,0.5,-66.2,-48.8,26.1,46.0,-94.7,8.5,0.0,133.0,1
D006530,5.0,1252.0,1.01,29.0,0.45,-64.2,-50.6,24.8,47.0,-94.2,10.4,0.0,125.0,1
D006531,6.4,1272.0,0.98,22.0,0.68,-61.5,-45.8,21.1,36.0,-96.3,12.7,0.0,138.0,0
D006532,4.6,1218.0,1.2,28.0,0.48,-64.6,-48.9,24.4,48.0,-97.3,9.2,1.0,130.0,0
D006533,5.1,1171.0,1.05,28.0,0.44,-65.4,-51.2,22.6,39.0,-96.8,10.8,1.0,127.0,1
D006534,5.1,1184.0,1.11,32.0,0.41,-65.2,-49.4,22.0,42.0,-96.0,9.8,0.0,125.0,1
D006535,5.3,1155.0,1.01,30.5,0.49,-63.9,-50.7,24.8,44.0,-94.1,11.5,0.0,136.0,1
D006536,6.0,1279.0,1.29,31.5,0.57,-68.5,-54.4,22.6,40.0,-92.0,9.1,1.0,127.0,1
D006537,5.1,1204.0,1.22,32.0,0.53,-64.4,-50.3,23.4,42.0,-95.0,9.3,0.0,132.0,1
D006538,4.7,1157.0,1.08,26.5,0.42,-66.9,-48.8,24.7,44.0,-95.9,9.7,0.0,131.0,1
D006539,4.6,1220.0,1.12,30.0,0.47,-66.3,-50.1,24.0,44.0,-95.0,6.4,0.0,132.0,1
D006540,4.4,1206.0,1.17,27.5,0.47,-65.2,-50.7,24.5,43.0,-97.2,8.0,0.0,121.0,1
D006541,3.1,1300.0,1.08,28.0,0.5,-60.2,-46.5,20.7,40.0,-93.2,0.9,0.0,138.0,0
D006542,4.2,1283.0,0.93,29.5,0.63,-69.8,-47.9,27.5,45.0,-96.2,23.6,0.0,126.0,1
D006543,5.5,1166.0,1.02,30.0,0.52,-65.6,-48.4,25.0,,,14.1,0.0,130.0,0
D006544,4.7,1123.0,1.19,29.0,0.51,-66.2,-49.1,22.2,39.0,-95.9,7.1,1.0,123.0,0
D006545,4.4,1219.0,1.13,31.0,0.41,-66.6,-49.9,24.6,48.0,-95.0,8.7,1.0,122.0,0
D006546,5.0,1160.0,1.33,25.0,0.63,-60.8,-54.5,28.2,37.0,-98.3,18.6,0.0,147.0,0
D006547,4.7,1181.0,1.12,31.5,0.39,-64.1,-50.5,24.6,40.0,-94.3,7.0,0.0,127.0,1
D006548,4.8,1123.0,0.88,29.0,0.43,-66.0,-49.6,23.1,44.0,-94.5,11.3,0.0,124.0,1
D006549,5.8,1268.0,1.33,30.5,,-68.7,-50.3,26.8,35.0,-90.8,19.6,,126.0,1
D006550,4.9,1191.0,1.22,28.5,0.53,,-47.7,23.2,45.0,-94.2,9.6,0.0,142.0,1
D006551,4.3,1202.0,1.1,32.0,0.52,-65.4,-50.7,25.0,42.0,-94.5,9.3,1.0,138.0,1
D006552,6.0,1111.0,1.52,31.0,0.41,-68.8,-52.8,24.9,53.0,-96.9,4.2,1.0,117.0,1
D006553,5.2,1119.0,1.03,38.0,0.41,-68.2,-49.0,25.7,33.0,-97.2,,0.0,141.0,1
D006554,4.5,1178.0,1.02,30.0,0.45,-64.3,-50.7,23.4,50.0,-97.6,7.4,1.0,127.0,1
D006555,4.6,1173.0,1.08,28.0,0.44,-64.7,-49.7,23.5,41.0,-94.8,11.5,1.0,130.0,1
D006556,3.5,1137.0,1.21,,0.3,-69.9,-54.1,27.6,33.0,-99.3,19.4,1.0,128.0,0
D006557,5.4,1214.0,0.94,,0.39,-62.4,-52.0,23.5,45.0,-91.2,5.5,1.0,130.0,1
D006558,4.2,1107.0,1.2,37.5,0.33,-69.0,-50.3,24.8,45.0,-95.5,17.3,0.0,149.0,1
D006559,5.5,1191.0,1.12,25.0,0.53,-65.8,-49.6,24.0,41.0,-95.5,8.1,0.0,126.0,1
D006560,4.2,1197.0,1.18,31.0,0.49,-65.9,-49.0,23.7,46.0,-94.8,11.0,1.0,124.0,0
D006561,4.9,1159.0,1.06,29.5,0.52,-66.0,-50.0,24.4,44.0,,10.8,1.0,137.0,1
D006562,4.9,1181.0,1.02,28.5,0.44,-64.8,-48.7,23.5,41.0,-94.9,8.4,0.0,128.0,1
D006563,4.0,1308.0,1.03,38.0,0.48,-68.4,-47.8,23.4,41.0,,9.8,0.0,112.0,1
D006564,4.4,1015.0,1.11,37.5,0.58,-65.0,-48.3,28.0,57.0,-92.8,13.0,1.0,103.0,0
D006565,6.0,1226.0,1.06,28.5,0.49,-65.7,-50.6,24.5,48.0,-94.3,7.1,1.0,132.0,1
D006566,4.8,,1.18,26.5,0.5,-64.7,-51.1,22.8,34.0,-94.6,10.4,0.0,126.0,1
D006567,4.4,1171.0,0.88,28.5,0.45,-66.4,-49.0,,52.0,-96.2,6.9,0.0,125.0,1
D006568,4.7,1163.0,1.14,27.0,0.54,-65.0,-50.5,24.8,48.0,-94.8,13.0,0.0,134.0,1
D006569,4.3,1135.0,1.1,25.0,0.51,-65.9,-48.9,23.8,42.0,-98.6,9.0,0.0,130.0,1
D006570,4.0,1147.0,1.47,32.0,0.66,-64.8,-47.3,29.8,58.0,-91.7,15.8,0.0,120.0,0
D006571,4.6,1207.0,1.05,31.0,0.52,-63.8,-49.8,22.8,46.0,-96.2,10.5,0.0,137.0,1
D006572,4.8,1181.0,1.07,30.0,0.54,-63.5,-48.6,24.8,43.0,-94.8,6.6,1.0,127.0,1
D006573,,1386.0,0.85,22.5,0.59,-60.5,-50.7,22.1,34.0,-98.1,23.2,1.0,133.0,0
D006574,4.4,1183.0,1.23,29.0,0.46,-66.4,-49.8,23.5,47.0,-95.8,10.2,0.0,128.0,0
D006575,4.8,1217.0,1.22,30.5,0.5,-64.7,-50.7,24.1,45.0,-95.7,12.1,1.0,124.0,0
D006576,3.2,1330.0,0.82,23.5,0.66,-67.2,-48.6,21.8,59.0,-95.6,15.4,1.0,122.0,0
D006577,4.3,1340.0,1.0,28.0,0.68,-65.3,-47.4,28.0,35.0,-93.6,9.2,1.0,121.0,0
D006578,5.6,1154.0,1.14,30.5,0.47,-64.7,-48.7,24.9,45.0,-94.0,8.5,1.0,127.0,1
D006579,4.3,1177.0,1.13,30.0,0.48,-66.6,-50.3,23.6,42.0,-94.1,8.0,1.0,127.0,1
D006580,5.3,1238.0,1.0,28.5,0.5,-65.3,-50.8,24.1,41.0,-93.8,5.7,1.0,134.0,1
D006581,5.2,1167.0,1.13,32.0,0.46,-65.1,-52.6,22.1,42.0,-95.8,6.0,1.0,128.0,1
D006582,5.1,1100.0,1.08,29.5,0.43,-66.6,-49.9,26.1,44.0,-97.0,7.5,0.0,120.0,1
D006583,4.8,1225.0,1.03,27.0,0.42,-66.4,-49.4,24.9,48.0,-94.7,8.6,1.0,130.0,1
D006584,4.8,1166.0,1.02,28.0,0.43,-65.9,-50.8,24.7,41.0,-94.6,9.5,1.0,124.0,1
D006585,4.3,1173.0,1.21,,0.46,-64.8,-51.2,24.4,50.0,-96.0,7.4,0.0,129.0,1
D006586,5.0,1169.0,0.98,30.0,,-65.3,-48.7,23.7,46.0,-97.3,6.1,1.0,133.0,1
D006587,4.8,1202.0,1.15,25.5,0.45,-65.6,-50.5,24.0,42.0,-95.1,8.5,1.0,134.0,1
D006588,4.8,1202.0,1.01,29.5,0.49,-65.0,-49.3,24.3,40.0,-96.0,11.5,0.0,123.0,1
D006589,5.1,1251.0,1.13,29.0,0.49,-65.8,-50.1,24.5,40.0,-95.7,11.2,0.0,135.0,1
D006590,5.3,1264.0,1.09,27.5,0.51,-66.7,-50.6,24.1,43.0,-94.6,7.1,0.0,128.0,1
D006591,4.8,1174.0,1.22,29.0,0.44,-68.0,-50.6,23.4,42.0,-95.9,6.0,1.0,124.0,1
D006592,4.1,1142.0,0.96,29.5,0.55,-63.0,-50.7,24.3,46.0,-95.7,7.1,1.0,133.0,0
D006593,4.4,1134.0,1.0,26.5,0.52,-65.6,-49.4,24.5,44.0,-95.8,9.3,1.0,124.0,0
D006594,5.4,1134.0,1.02,26.5,0.48,-66.4,-49.3,25.6,50.0,-97.7,9.5,,130.0,0
D006595,4.8,1189.0,1.11,26.0,0.42,-64.7,-50.7,24.5,45.0,-98.1,12.8,1.0,125.0,1
D006596,5.8,1172.0,1.54,28.5,0.47,-63.5,-48.2,22.9,53.0,-96.8,17.0,0.0,106.0,0
D006597,4.2,1378.0,1.35,37.5,0.58,-67.5,-50.0,25.4,58.0,-94.4,18.9,0.0,103.0,0
D006598,5.1,1250.0,1.17,,0.55,-64.4,-49.2,25.2,40.0,-96.5,10.6,0.0,125.0,1
D006599,5.1,1144.0,1.13,,0.44,-65.8,-51.7,24.4,48.0,-94.0,9.8,1.0,133.0,1
D006600,6.6,1153.0,1.43,39.5,0.45,-68.2,-47.7,23.7,43.0,-91.9,10.4,1.0,126.0,1
D006601,4.2,1157.0,1.2,39.0,0.33,-60.1,-45.7,25.9,,-99.6,19.1,1.0,143.0,0
D006602,,1109.0,1.05,31.0,0.46,-67.3,-50.1,25.0,40.0,-97.5,5.8,1.0,134.0,1
D006603,5.3,1229.0,0.94,32.0,0.49,-65.9,-50.3,26.3,47.0,-95.3,11.3,0.0,,1
D006604,3.7,1203.0,0.94,32.5,0.47,-65.6,-50.8,25.2,39.0,-94.8,12.1,0.0,127.0,1
D006605,4.6,1147.0,1.16,27.5,0.4,-65.8,-50.4,23.7,46.0,-95.0,11.2,1.0,128.0,0
D006606,4.5,1220.0,1.16,26.5,0.44,-66.0,-48.9,25.2,46.0,-94.1,8.7,1.0,133.0,0
D006607,6.3,1199.0,1.0,22.0,0.47,-62.6,-45.7,23.8,60.0,-97.0,17.5,1.0,120.0,0
D006608,4.2,1163.0,0.96,29.0,0.54,-65.3,-49.9,24.8,46.0,-96.4,6.1,1.0,132.0,1
D006609,3.9,1326.0,1.39,31.5,0.7,-66.4,-52.4,26.5,34.0,-95.9,22.0,0.0,123.0,0
D006610,4.8,1148.0,1.23,29.5,0.5,-66.1,-49.2,25.2,47.0,-95.5,9.6,1.0,129.0,0
D006611,5.3,1109.0,1.48,30.5,0.5,-62.3,-52.7,20.6,45.0,-90.0,20.1,1.0,149.0,0
D006612,4.7,1222.0,1.07,28.5,0.5,-65.2,-47.6,25.6,44.0,-97.3,9.4,1.0,136.0,0
D006613,4.2,1164.0,1.59,32.0,0.3,-61.1,-46.6,23.7,51.0,-95.4,,1.0,112.0,0
D006614,4.3,1215.0,1.23,30.0,0.48,-65.9,-50.8,23.5,46.0,-96.1,8.5,1.0,146.0,1
D006615,4.4,1151.0,1.12,25.5,0.48,-66.2,-50.5,24.8,45.0,-94.4,11.6,0.0,127.0,0
D006616,4.3,1236.0,1.16,25.5,0.48,-66.1,-50.3,22.9,42.0,-96.0,8.4,1.0,131.0,1
D006617,4.6,1167.0,0.89,28.5,0.54,-65.5,-50.0,24.9,43.0,-94.8,8.7,1.0,127.0,1
D006618,,1165.0,1.04,32.0,0.36,-64.9,-50.4,23.2,42.0,-96.7,11.4,1.0,127.0,1
D006619,5.2,1135.0,1.13,28.5,0.52,-66.3,-50.4,24.4,45.0,-95.8,9.8,0.0,,0
D006620,4.4,1093.0,1.01,21.0,0.36,-69.3,-49.4,27.7,60.0,-91.7,13.0,0.0,117.0,0
D006621,4.4,1150.0,1.09,27.5,0.44,-66.8,-49.6,22.6,45.0,-97.2,10.4,0.0,130.0,1
D006622,5.5,1119.0,1.29,,0.46,-65.2,-51.3,26.3,49.0,-91.4,13.4,0.0,113.0,0
D006623,4.7,1148.0,0.96,28.5,0.53,-65.9,,24.8,42.0,-95.3,6.4,0.0,132.0,1
D006624,5.2,1176.0,1.15,28.0,0.46,-64.4,-48.2,24.4,46.0,-96.7,10.0,0.0,126.0,1
D006625,4.1,1197.0,1.17,30.0,0.44,-64.9,-48.7,21.6,46.0,-96.9,2.5,1.0,131.0,0
D006626,4.7,1208.0,1.08,27.5,0.55,-66.4,-50.7,23.6,36.0,-97.0,9.2,1.0,121.0,1
D006627,5.3,1187.0,1.14,25.5,0.45,-64.1,-49.6,23.4,45.0,,6.6,1.0,122.0,0
D006628,4.9,1174.0,1.1,29.5,0.44,-64.6,-50.2,23.1,39.0,-96.4,13.0,1.0,136.0,0
D006629,5.0,1213.0,1.28,30.5,0.53,-64.8,-50.8,25.3,43.0,-95.3,12.0,1.0,127.0,1
D006630,4.0,1111.0,0.85,22.5,0.54,-60.8,-50.2,29.2,52.0,-93.7,23.7,0.0,150.0,0
D006631,6.5,1218.0,1.08,25.5,0.63,-69.4,-48.6,26.0,33.0,-96.1,,0.0,117.0,1
D006632,5.0,1191.0,1.19,28.5,0.47,-64.8,-50.0,25.2,44.0,-96.6,9.2,1.0,135.0,1
D006633,4.3,1127.0,1.12,29.0,0.47,-67.0,-49.3,25.3,41.0,-96.2,11.8,0.0,132.0,1
D006634,4.0,1009.0,1.51,24.5,0.33,-67.1,-46.0,20.6,43.0,-91.9,3.9,1.0,117.0,0
D006635,5.4,1070.0,1.22,29.0,0.5,-65.6,-51.0,20.2,35.0,-95.5,18.5,1.0,109.0,0
D006636,3.9,1170.0,1.09,27.0,0.46,-66.1,-50.2,26.6,43.0,-96.8,6.4,1.0,130.0,0
D006637,5.5,1255.0,0.97,31.0,0.44,-66.2,-50.2,23.0,46.0,-95.4,6.7,1.0,,1
D006638,4.1,1168.0,1.11,37.5,0.66,-62.1,-50.1,29.7,57.0,-98.7,9.7,1.0,116.0,0
D006639,5.3,1225.0,1.04,28.5,0.47,-65.6,-50.7,23.1,37.0,,6.9,,125.0,1
D006640,4.2,1185.0,1.2,24.0,0.55,-67.2,-49.3,23.4,39.0,-96.0,12.4,0.0,126.0,1
D006641,4.6,1233.0,1.13,26.5,0.48,-65.8,-50.4,24.4,47.0,-96.2,10.3,0.0,131.0,1
D006642,4.3,1238.0,1.09,30.0,0.47,-64.2,-50.6,23.1,47.0,-94.1,5.1,1.0,135.0,1
D006643,5.3,1146.0,1.24,27.0,0.49,-65.3,-52.3,24.3,47.0,-93.6,11.6,1.0,126.0,1
D006644,5.2,1127.0,1.1,32.0,0.46,-65.7,-51.0,23.4,48.0,-95.8,12.2,0.0,127.0,1
D006645,5.6,1183.0,1.04,29.5,0.52,-65.8,-48.8,23.0,,-95.8,9.0,1.0,133.0,1
D006646,4.6,1192.0,1.03,28.0,0.51,-65.3,-51.2,21.2,42.0,-94.2,11.0,0.0,124.0,1
D006647,4.7,1131.0,1.01,30.0,0.55,-66.0,-50.5,22.3,44.0,-93.9,7.7,1.0,130.0,1
D006648,4.0,1135.0,1.07,27.0,0.56,-64.3,-49.0,,45.0,-95.9,7.9,0.0,127.0,1
D006649,4.9,1326.0,1.45,32.0,0.65,-68.8,-51.0,22.2,38.0,-91.4,19.2,1.0,108.0,0
D006650,4.7,1189.0,1.09,22.5,0.53,-64.6,-49.1,24.5,45.0,-94.9,5.6,0.0,126.0,1
D006651,5.6,1210.0,1.0,31.0,0.46,-65.2,-51.2,24.1,45.0,-94.7,7.0,0.0,131.0,1
D006652,5.1,1206.0,1.45,28.0,0.68,-60.7,-52.0,21.6,34.0,-95.9,15.9,0.0,150.0,1
D006653,4.6,1198.0,1.2,28.5,0.46,-66.2,-49.7,23.0,43.0,-95.4,13.2,1.0,132.0,1
D006654,5.1,1211.0,0.96,33.0,,-66.6,-50.2,24.3,42.0,-98.1,10.7,1.0,134.0,1
D006655,3.4,1356.0,1.02,25.0,0.65,-60.0,-49.6,22.7,48.0,-94.9,21.0,1.0,148.0,0
D006656,3.6,1114.0,1.15,20.0,0.45,-66.7,-49.6,25.6,59.0,-98.8,10.6,0.0,123.0,0
D006657,5.3,1259.0,1.09,25.5,0.51,-65.1,-49.0,23.1,53.0,-95.1,12.0,1.0,132.0,1
D006658,4.3,1059.0,1.23,37.0,0.68,-63.0,-53.5,24.3,39.0,-98.2,18.7,1.0,105.0,0
D006659,4.6,1134.0,0.86,,0.47,,-48.2,22.3,46.0,-94.4,,0.0,131.0,1
D006660,5.0,1185.0,1.0,28.5,0.48,-65.3,-49.1,24.2,45.0,-95.1,7.6,0.0,127.0,1
D006661,5.2,1206.0,1.1,32.0,0.49,-66.9,-50.4,23.0,42.0,-94.9,12.2,0.0,124.0,1
D006662,5.3,1168.0,0.84,29.5,0.48,-60.2,-47.2,20.3,36.0,-98.6,14.7,1.0,149.0,0
D006663,5.0,1146.0,0.95,31.0,0.36,-67.0,-49.6,24.3,47.0,-95.2,11.0,0.0,133.0,1
D006664,4.7,1254.0,1.05,31.5,0.44,-66.3,-47.9,22.7,47.0,-95.3,3.5,1.0,127.0,0
D006665,4.4,1158.0,1.11,24.5,0.47,-65.9,-49.7,25.1,42.0,-94.3,6.8,0.0,124.0,1
D006666,7.0,1297.0,0.96,21.0,0.3,-62.0,,29.4,39.0,-93.1,7.4,0.0,133.0,0
D006667,3.6,1195.0,1.01,30.0,0.57,-67.2,-48.8,21.1,41.0,-96.5,23.0,,130.0,0
D006668,5.2,1182.0,1.35,28.5,0.44,-64.1,-48.5,26.1,41.0,-97.2,9.1,1.0,127.0,1
D006669,4.9,1075.0,1.12,27.0,0.63,-67.5,-53.3,28.9,49.0,-97.4,21.3,1.0,119.0,0
D006670,5.0,1183.0,1.05,29.0,0.46,-66.9,-50.1,25.3,45.0,-95.4,8.3,0.0,120.0,1
D006671,6.9,1050.0,1.45,25.0,0.4,-67.6,-48.4,24.9,52.0,-92.6,8.1,0.0,129.0,1
D006672,4.3,1188.0,1.16,29.5,0.5,-66.6,-50.3,24.3,50.0,-95.6,10.9,1.0,121.0,1
D006673,4.7,1229.0,1.15,31.0,0.46,-65.3,-49.6,25.6,44.0,-96.0,6.7,1.0,134.0,1
D006674,4.5,1194.0,0.98,32.0,0.48,-67.3,-49.6,24.2,41.0,-95.8,16.7,1.0,121.0,1
D006675,3.9,1162.0,0.96,28.5,0.45,-64.0,-50.6,23.7,43.0,-95.2,11.1,0.0,128.0,1
D006676,4.4,1212.0,1.1,30.0,0.54,-66.5,-50.9,24.6,39.0,-95.6,6.0,0.0,127.0,1
D006677,6.6,1014.0,1.05,31.0,,-62.8,-49.9,22.9,53.0,-98.9,23.7,1.0,133.0,1
D006678,5.0,1136.0,1.1,25.5,0.48,-65.5,-51.6,,45.0,-94.9,7.9,0.0,130.0,1
D006679,4.3,1114.0,1.14,29.0,0.36,-63.9,-52.0,23.0,42.0,,10.7,0.0,127.0,0
D006680,4.9,1187.0,1.13,26.0,0.39,-65.5,-50.4,24.1,42.0,-95.3,6.2,,134.0,1
D006681,3.9,1119.0,0.97,27.5,0.48,-69.8,-51.9,27.9,54.0,-99.7,1.1,0.0,135.0,1
D006682,4.4,1168.0,1.2,30.0,0.44,-64.8,-48.8,24.4,46.0,-96.4,7.5,0.0,130.0,1
D006683,4.9,1202.0,1.23,29.0,0.43,-65.9,-49.3,24.1,46.0,-95.2,14.6,1.0,125.0,0
D006684,5.0,1284.0,1.03,27.0,0.6,-68.0,-55.0,25.9,54.0,-91.7,14.1,1.0,126.0,1
D006685,3.5,1040.0,1.29,20.5,0.52,-63.3,-52.0,26.2,52.0,-93.4,12.0,0.0,138.0,0
D006686,5.3,1128.0,1.56,36.5,0.45,-67.7,-54.5,29.8,57.0,-98.9,24.0,1.0,102.0,0
D006687,4.7,1096.0,1.04,28.5,0.37,-65.5,-50.6,,46.0,-97.3,9.2,0.0,136.0,1
D006688,5.0,1182.0,1.04,29.0,0.48,-66.3,-48.9,22.7,43.0,-94.3,11.1,1.0,130.0,1
D006689,4.5,,1.42,36.0,0.3,-69.0,-51.5,20.5,57.0,-97.7,19.3,1.0,116.0,0
D006690,3.7,1326.0,1.31,34.5,0.33,-65.7,-47.8,29.2,59.0,-93.5,1.8,0.0,122.0,0
D006691,4.1,1325.0,1.2,33.5,0.37,-66.3,-48.5,27.8,49.0,-93.3,14.7,0.0,141.0,0
D006692,5.1,1085.0,1.08,26.0,0.49,-66.2,-47.8,23.2,46.0,-96.0,11.1,0.0,126.0,1
D006693,4.4,1160.0,1.09,29.5,0.53,-64.3,-50.5,25.6,41.0,-96.9,11.1,1.0,129.0,1
D006694,3.0,1318.0,1.4,28.5,0.52,-65.6,-52.7,24.3,41.0,-96.1,4.7,1.0,144.0,1
D006695,5.4,1250.0,1.19,27.5,,-66.4,-50.9,23.8,46.0,-95.0,8.5,1.0,123.0,1
D006696,5.6,1361.0,1.5,33.0,0.48,-68.5,-53.9,21.3,42.0,-99.4,23.6,0.0,124.0,1
D006697,5.3,1177.0,1.15,28.5,0.46,-65.2,-49.6,23.9,46.0,-95.3,12.0,1.0,119.0,1
D006698,,1220.0,1.14,27.5,0.51,-64.3,-51.8,22.6,46.0,-95.9,9.2,0.0,126.0,1
D006699,4.8,1157.0,1.09,27.0,0.5,-66.1,-50.3,25.2,46.0,-95.9,9.9,1.0,125.0,1
D006700,5.0,1171.0,1.12,27.0,0.5,-66.7,-50.5,23.6,44.0,-96.0,8.8,1.0,126.0,1
D006701,4.8,1116.0,1.35,26.5,,-64.4,-45.7,24.9,42.0,-92.1,11.4,0.0,133.0,0
D006702,4.6,1205.0,1.16,30.0,0.49,-65.6,-51.0,23.2,46.0,-94.6,9.4,1.0,128.0,1
D006703,,1164.0,1.06,27.5,0.57,-66.8,-48.7,23.9,43.0,-96.0,11.4,1.0,128.0,1
D006704,4.9,1234.0,1.06,29.0,0.45,-64.0,-49.8,22.3,45.0,-94.9,9.7,1.0,132.0,1
D006705,5.6,1149.0,1.13,36.5,0.61,-61.4,-51.8,28.9,54.0,-95.6,17.4,1.0,126.0,0
D006706,4.7,1186.0,,28.5,0.42,-66.3,-51.0,23.1,40.0,-95.3,8.1,1.0,131.0,1
D006707,3.8,1248.0,1.25,35.5,0.59,-62.2,-52.8,24.2,41.0,-96.5,,,121.0,0
D006708,4.4,1112.0,1.22,26.5,0.5,-65.1,-51.4,22.7,46.0,-96.1,7.7,0.0,125.0,1
D006709,4.6,1133.0,1.09,29.5,0.5,-65.4,-50.5,25.3,50.0,-94.5,9.6,1.0,139.0,1
D006710,5.6,1155.0,1.16,34.0,0.52,-65.2,-51.8,22.7,48.0,-94.4,5.4,0.0,130.0,1
D006711,4.6,1077.0,1.54,35.0,0.49,-60.8,-48.4,21.1,43.0,-99.2,7.4,1.0,101.0,0
D006712,4.8,1184.0,1.11,28.0,0.54,-66.7,-49.7,23.8,47.0,-95.7,10.8,1.0,127.0,1
D006713,3.7,1245.0,0.85,36.5,0.61,-63.3,-50.4,20.3,,-92.6,14.3,0.0,113.0,1
D006714,4.3,1314.0,1.0,27.0,0.41,-61.2,-48.6,27.3,49.0,-93.8,14.6,1.0,143.0,0
D006715,4.9,1130.0,1.17,29.5,0.5,-64.4,,21.7,46.0,-94.6,13.1,0.0,125.0,1
D006716,7.0,1025.0,1.25,24.0,0.37,-63.0,,27.3,54.0,-98.7,19.0,1.0,119.0,0
D006717,4.9,1199.0,1.01,27.0,0.49,-67.9,-51.4,23.3,45.0,-95.8,8.4,0.0,124.0,1
D006718,5.0,1297.0,1.12,24.5,0.65,-64.6,-51.6,27.2,48.0,-91.6,3.1,0.0,100.0,0
D006719,4.8,1237.0,1.13,29.5,0.47,-65.9,-50.0,23.5,,-97.1,9.4,1.0,137.0,1
D006720,4.1,1171.0,1.08,26.5,0.45,-65.8,-49.2,22.0,45.0,-94.8,9.8,,119.0,0
D006721,4.7,1185.0,1.08,29.0,0.44,-65.3,-49.1,24.6,45.0,-94.4,13.4,1.0,117.0,0
D006722,3.9,1137.0,1.28,29.0,0.62,-61.5,-48.4,21.7,39.0,-93.2,14.1,1.0,125.0,0
D006723,4.3,,1.04,27.5,0.45,-65.5,-49.7,25.2,40.0,-97.1,7.1,0.0,120.0,1
D006724,4.4,1185.0,1.16,27.5,0.46,-64.1,-50.5,25.2,49.0,-96.1,10.8,1.0,128.0,0
D006725,4.7,1137.0,1.1,30.5,0.45,-64.9,-49.6,22.9,38.0,-95.3,12.3,1.0,118.0,0
D006726,4.5,1232.0,1.03,29.0,0.51,-66.4,-50.6,22.4,45.0,-95.8,12.1,1.0,125.0,1
D006727,6.8,1161.0,1.16,30.5,0.4,-63.8,-50.0,24.4,,-93.3,8.8,0.0,129.0,1
D006728,4.9,1186.0,,31.0,0.5,-63.5,-48.4,24.9,38.0,-95.3,6.5,0.0,132.0,1
D006729,4.8,,1.23,28.0,0.53,-65.7,-48.9,25.1,39.0,-95.1,8.1,1.0,137.0,1
D006730,5.1,1193.0,1.21,30.5,0.54,-66.7,-50.6,25.2,38.0,-97.7,8.0,0.0,132.0,1
D006731,5.4,1211.0,1.12,29.5,0.42,-64.4,-52.1,23.2,44.0,-95.6,8.9,0.0,122.0,1
D006732,4.9,1199.0,1.08,25.0,0.43,-65.9,-51.1,24.1,40.0,-93.4,6.6,1.0,129.0,1
D006733,5.0,1139.0,1.26,30.5,0.47,-65.8,-51.3,21.6,49.0,-95.1,6.6,0.0,126.0,1
D006734,4.9,1170.0,1.07,30.0,0.51,-65.6,-46.8,24.5,47.0,-94.6,8.3,0.0,137.0,1
D006735,5.3,1157.0,1.52,29.0,0.31,-61.9,-54.5,28.3,37.0,-93.9,17.8,1.0,113.0,0
D006736,5.0,1352.0,1.23,33.0,0.5,-69.1,,21.5,44.0,-91.1,7.0,0.0,117.0,1
D006737,4.6,1191.0,1.02,28.0,0.53,-65.1,-50.9,24.2,47.0,-97.0,14.1,1.0,124.0,1
D006738,4.4,1155.0,1.22,29.0,0.42,-64.6,-50.5,23.0,45.0,-96.4,8.3,0.0,129.0,0
D006739,5.0,1153.0,1.16,28.5,0.45,-67.5,-49.4,25.9,41.0,-94.2,13.1,0.0,130.0,1
D006740,5.6,1220.0,1.16,27.5,0.5,-64.8,-50.2,22.3,43.0,-96.2,7.3,1.0,135.0,1
D006741,5.0,1186.0,1.07,31.0,0.55,-65.2,-50.9,23.6,44.0,-95.7,8.3,0.0,135.0,1
D006742,5.2,1159.0,1.24,30.0,0.49,-65.3,-51.9,24.4,40.0,-96.8,13.0,1.0,,1
D006743,4.6,1143.0,1.12,32.5,0.47,-65.9,-49.7,24.1,47.0,-96.1,4.4,1.0,127.0,1
D006744,4.4,1094.0,1.21,29.5,0.44,-64.1,-49.6,24.3,38.0,-96.6,11.1,1.0,132.0,1
D006745,4.4,1263.0,1.16,28.5,0.47,-66.2,,26.2,47.0,-94.4,12.3,0.0,125.0,1
D006746,5.0,1141.0,1.18,29.5,0.51,-65.1,-49.1,27.1,,-94.7,12.3,0.0,123.0,1
D006747,4.6,1124.0,1.17,27.0,0.41,-65.6,-50.0,23.8,48.0,-96.2,4.3,1.0,126.0,0
D006748,4.8,1140.0,1.07,28.0,0.53,-66.3,-51.1,23.3,46.0,-96.2,8.4,0.0,126.0,1
D006749,5.3,1156.0,0.96,33.0,0.5,-64.4,-49.6,25.5,48.0,-94.9,9.2,1.0,129.0,1
D006750,6.5,1373.0,1.24,20.0,0.56,-62.0,-46.9,24.6,,-92.0,11.2,0.0,148.0,1
D006751,4.9,1141.0,1.03,26.0,0.48,-65.6,-50.8,22.8,45.0,-97.2,9.2,0.0,135.0,1
D006752,4.6,1221.0,1.09,29.0,0.5,-66.8,-49.6,,43.0,-97.4,2.9,1.0,134.0,1
D006753,6.8,1030.0,1.29,,0.56,-66.4,-52.5,20.3,33.0,-91.6,11.1,0.0,137.0,1
D006754,4.4,1249.0,0.93,31.5,0.56,-64.8,-50.1,25.3,44.0,-96.4,10.5,0.0,129.0,1
D006755,5.1,1220.0,1.13,29.0,0.48,-65.6,-49.2,23.7,43.0,-95.6,6.6,,123.0,1
D006756,4.8,1179.0,1.15,29.0,0.44,-65.4,-50.3,,42.0,-96.1,9.6,1.0,138.0,1
D006757,4.9,1196.0,1.1,28.5,0.5,-65.8,-51.3,23.5,45.0,-96.0,11.8,1.0,124.0,1
D006758,4.6,1172.0,1.17,30.0,0.42,-63.6,-50.5,24.6,40.0,-95.3,4.5,1.0,133.0,1
D006759,4.5,1093.0,1.03,30.5,0.51,-66.2,-50.2,23.8,46.0,-94.8,4.8,1.0,121.0,1
D006760,5.0,1224.0,1.09,31.5,0.41,-67.5,-50.6,22.9,45.0,-95.0,7.8,0.0,130.0,1
D006761,5.0,1086.0,1.09,21.0,0.61,-68.2,-50.8,22.9,33.0,-96.2,7.1,1.0,130.0,1
D006762,6.4,1363.0,1.13,35.0,0.67,-64.1,-50.4,,49.0,-96.9,22.0,1.0,134.0,0
D006763,3.7,1051.0,0.89,20.0,0.37,-69.8,-50.2,29.9,50.0,-95.6,16.0,1.0,100.0,0
D006764,4.5,1206.0,1.23,24.0,0.48,-64.6,-49.1,24.2,44.0,-96.8,10.2,1.0,118.0,0
D006765,4.9,1151.0,1.13,26.0,0.48,-64.3,-51.1,24.8,45.0,-94.5,8.2,1.0,125.0,1
D006766,,1119.0,1.33,40.0,0.41,-63.4,-54.7,24.8,39.0,-94.1,23.4,0.0,130.0,1
D006767,4.3,1157.0,1.08,29.5,0.44,-64.1,-49.7,23.1,53.0,-96.0,10.2,1.0,127.0,0
D006768,4.9,1242.0,0.97,28.5,0.44,-63.5,-50.4,22.9,47.0,-96.7,7.1,1.0,130.0,1
D006769,3.5,1213.0,,21.0,0.63,-68.3,-53.3,25.1,36.0,-91.9,1.2,0.0,143.0,1
D006770,5.5,1292.0,1.08,27.5,0.51,-65.4,-50.7,25.5,46.0,-96.3,11.0,1.0,137.0,1
D006771,6.5,1136.0,1.36,26.5,0.37,-68.3,-53.6,25.1,40.0,-98.2,3.8,0.0,145.0,1
D006772,5.6,1264.0,1.39,27.0,0.6,-66.9,-49.0,25.5,47.0,-98.2,5.3,0.0,141.0,1
D006773,5.4,1318.0,1.4,31.0,0.6,-66.6,-49.7,25.8,32.0,-95.1,5.4,1.0,104.0,0
D006774,5.5,1206.0,1.03,30.0,0.45,-65.9,-49.8,22.2,42.0,-95.3,8.1,1.0,135.0,1
D006775,5.1,1221.0,1.17,28.0,0.55,-63.9,-50.3,24.0,41.0,-96.1,7.7,0.0,129.0,1
D006776,4.1,1191.0,1.23,29.5,0.44,-65.3,-49.3,23.2,43.0,-95.7,9.4,1.0,129.0,0
D006777,6.0,1361.0,1.08,38.0,0.44,-64.3,,23.9,43.0,-92.6,0.8,0.0,102.0,1
D006778,4.0,1090.0,1.19,38.5,0.4,-65.3,-48.0,28.4,52.0,-97.9,1.1,0.0,144.0,1
D006779,4.9,1062.0,1.38,27.5,0.4,-60.9,-50.6,24.7,49.0,-96.6,10.1,0.0,119.0,0
D006780,4.4,1179.0,1.08,27.0,0.41,-64.3,-50.9,24.8,46.0,-96.3,10.6,0.0,129.0,0
D006781,4.5,1195.0,1.04,26.0,0.56,-65.4,-51.3,22.8,47.0,-94.8,13.3,1.0,126.0,0
D006782,5.0,1168.0,0.96,29.0,0.44,-64.5,-51.4,24.8,43.0,-95.9,,1.0,130.0,1
D006783,6.4,1186.0,1.28,30.5,0.61,-69.8,,28.5,35.0,-94.1,13.6,0.0,,0
D006784,4.7,1121.0,0.97,34.0,0.45,-69.6,-52.5,22.0,59.0,-91.0,5.3,1.0,138.0,1
D006785,3.7,1391.0,1.59,33.5,0.5,,-45.3,26.4,,-92.2,6.1,1.0,131.0,0
D006786,3.5,1393.0,1.49,26.5,0.48,-62.7,-53.1,25.3,36.0,-94.7,8.8,0.0,103.0,0
D006787,4.9,1151.0,1.05,28.5,0.45,-67.8,-51.3,22.6,45.0,-96.8,10.8,0.0,126.0,1
D006788,4.8,1205.0,1.13,30.5,0.54,-65.4,-49.6,25.0,48.0,-94.7,12.2,1.0,131.0,0
D006789,3.3,1122.0,1.57,24.0,0.47,-67.1,-51.1,25.9,37.0,-93.4,,1.0,119.0,0
D006790,4.6,1137.0,1.06,29.5,0.39,-65.6,-50.9,24.9,48.0,-96.6,7.9,1.0,130.0,1
D006791,6.8,1104.0,1.37,32.5,0.41,-69.2,-54.6,21.4,34.0,-92.5,3.3,1.0,139.0,1
D006792,3.3,1165.0,0.9,29.5,0.45,-68.4,-49.8,21.2,45.0,-92.4,6.7,0.0,137.0,1
D006793,5.9,1153.0,1.13,30.5,0.39,-65.0,-49.1,24.7,48.0,-97.6,11.2,1.0,133.0,1
D006794,4.0,1340.0,1.17,20.0,0.47,-63.6,-53.5,23.4,43.0,-99.9,20.9,0.0,125.0,0
D006795,5.0,1140.0,1.15,28.0,0.43,-66.3,-50.2,23.5,38.0,-96.1,10.1,0.0,129.0,1
D006796,5.3,1345.0,0.96,38.5,0.55,-64.2,-48.8,25.2,35.0,-93.0,5.1,0.0,132.0,1
D006797,4.9,1251.0,1.45,21.0,0.62,,-47.5,29.7,37.0,-99.9,18.2,0.0,142.0,0
D006798,4.6,1167.0,1.12,27.5,0.47,-68.7,-49.2,23.5,44.0,-95.0,9.0,0.0,125.0,1
D006799,4.8,1200.0,1.18,30.0,0.54,-65.2,-49.6,26.2,51.0,-95.6,8.3,1.0,136.0,1
D006800,4.5,1092.0,1.05,25.0,0.43,-65.4,-48.8,25.4,46.0,-95.3,3.8,0.0,122.0,1
D006801,6.6,1153.0,1.35,36.5,0.45,-67.6,-47.0,20.5,52.0,-97.6,,1.0,139.0,1
D006802,5.3,1228.0,1.05,31.5,0.46,-65.6,-50.7,22.7,44.0,-96.5,10.6,1.0,122.0,1
D006803,5.8,1238.0,1.15,26.0,0.69,-60.5,-50.7,23.7,54.0,-94.7,16.9,1.0,118.0,0
D006804,4.6,1169.0,1.13,28.0,0.4,-67.3,-48.7,24.7,47.0,-94.9,5.8,0.0,127.0,1
D006805,4.8,1159.0,1.14,28.5,0.47,-65.0,-49.3,25.7,44.0,-94.8,3.8,1.0,126.0,1
D006806,4.7,1215.0,0.98,31.0,0.43,-66.5,-49.8,23.9,46.0,-97.0,6.4,1.0,130.0,1
D006807,4.7,1282.0,1.4,33.0,0.55,-63.1,-49.8,26.6,44.0,-90.7,14.6,1.0,142.0,0
D006808,4.2,1128.0,1.1,28.0,0.42,-64.7,-48.7,24.9,44.0,-95.7,12.2,1.0,128.0,0
D006809,5.2,1195.0,1.01,27.5,0.44,-66.4,-51.8,22.6,40.0,-96.0,9.2,1.0,129.0,1
D006810,6.2,1030.0,1.4,27.0,0.42,-68.6,-46.0,24.4,42.0,-93.3,2.9,1.0,122.0,1
D006811,4.2,1202.0,1.0,25.5,0.48,-64.1,-48.4,23.8,46.0,-95.0,10.6,0.0,,1
D006812,4.4,1190.0,1.21,31.5,0.55,-68.4,-49.4,25.3,42.0,-94.3,8.3,0.0,118.0,1
D006813,5.1,1191.0,0.99,29.0,0.49,-65.5,-48.8,22.1,48.0,-94.9,13.2,0.0,133.0,1
D006814,5.5,1097.0,1.07,30.0,0.39,-67.2,-53.3,24.9,33.0,-90.7,20.4,1.0,118.0,1
D006815,4.4,1189.0,1.03,29.5,0.45,-66.1,-47.9,24.3,42.0,-96.1,9.1,0.0,132.0,1
D006816,4.9,1176.0,1.2,31.5,0.47,,-47.7,22.6,42.0,-95.2,9.7,1.0,118.0,1
D006817,5.2,1223.0,1.26,29.0,0.43,-65.7,-51.2,24.1,48.0,-93.8,9.9,0.0,126.0,1
D006818,4.8,1189.0,1.16,29.5,0.41,-66.3,-48.7,24.4,,-95.5,9.1,1.0,132.0,1
D006819,6.8,1123.0,1.42,22.0,0.39,-67.0,-51.4,27.1,57.0,-99.7,13.6,,138.0,0
D006820,4.9,1188.0,1.13,26.0,0.49,-66.6,-51.2,24.3,43.0,-95.2,13.6,0.0,126.0,1
D006821,4.9,1185.0,1.13,33.0,0.42,-67.7,-49.7,23.8,45.0,-93.9,11.0,0.0,132.0,1
D006822,6.5,1389.0,1.21,38.5,0.31,-66.6,-52.2,29.2,36.0,-93.7,6.9,1.0,127.0,1
D006823,4.7,1138.0,1.12,32.0,0.51,-65.9,-51.6,23.3,42.0,-94.0,8.9,0.0,129.0,1
D006824,4.7,1214.0,1.09,29.5,0.47,-65.9,-50.9,21.8,44.0,-95.1,5.5,1.0,123.0,1
D006825,4.8,1217.0,1.24,26.5,0.45,-66.5,-51.0,23.3,44.0,-95.8,8.1,0.0,137.0,0
D006826,4.8,1173.0,0.98,28.5,0.51,-65.7,-49.6,23.2,48.0,-93.8,11.9,0.0,130.0,1
D006827,5.1,1111.0,0.98,26.0,0.5,,-51.6,25.2,44.0,-95.3,,1.0,127.0,1
D006828,4.3,1132.0,1.17,26.0,0.45,-66.8,-51.3,23.0,47.0,-96.2,10.3,0.0,127.0,1
D006829,6.3,1209.0,1.28,33.5,0.44,-63.7,-54.8,27.0,53.0,-96.5,7.9,1.0,126.0,1
D006830,6.5,1225.0,0.91,21.5,0.33,-67.6,-52.3,25.7,54.0,-99.6,8.9,0.0,100.0,0
D006831,3.5,1176.0,1.51,33.0,0.33,-61.8,-48.0,29.4,32.0,-92.6,23.7,1.0,125.0,0
D006832,4.9,1183.0,1.18,26.5,0.47,-64.0,-49.7,24.2,44.0,-97.0,6.6,0.0,134.0,1
D006833,4.2,1204.0,1.28,31.5,0.46,-65.8,-52.1,24.0,49.0,-96.9,5.8,0.0,130.0,1
D006834,5.4,1123.0,1.09,24.0,0.31,-62.6,-48.6,25.2,39.0,-99.8,18.0,1.0,101.0,0
D006835,6.2,1244.0,1.2,33.5,0.65,-69.7,-50.3,22.0,42.0,-93.2,10.0,1.0,141.0,1
D006836,4.2,1212.0,1.13,27.5,0.49,-65.1,-49.4,24.3,50.0,-94.8,9.5,1.0,130.0,0
D006837,,1143.0,1.07,29.0,0.52,-64.8,-50.5,,38.0,-95.2,7.0,1.0,131.0,1
D006838,6.1,1364.0,0.93,26.5,0.61,-69.4,-48.7,25.3,58.0,-95.9,10.3,1.0,140.0,1
D006839,5.3,1179.0,0.98,28.5,0.54,-65.9,-51.1,23.4,48.0,-95.2,8.3,0.0,122.0,1
D006840,6.7,1204.0,1.5,29.5,0.47,-62.9,-49.4,20.4,35.0,-95.2,1.6,1.0,135.0,1
D006841,4.9,1156.0,1.21,26.0,0.52,-65.5,-49.8,24.3,42.0,-95.9,6.6,0.0,121.0,1
D006842,4.9,1186.0,1.03,29.0,0.5,-65.5,-49.5,23.6,44.0,-94.5,7.6,1.0,125.0,1
D006843,6.9,1067.0,0.94,36.0,0.36,-65.1,-47.9,21.8,51.0,-92.0,17.5,0.0,143.0,0
D006844,5.3,1198.0,1.15,29.5,0.46,-65.1,-49.4,23.8,48.0,-96.2,8.3,0.0,124.0,1
D006845,4.7,1170.0,1.11,31.0,0.49,-66.5,-48.5,25.0,43.0,-96.1,12.8,1.0,131.0,1
D006846,4.5,1105.0,0.87,35.0,0.48,-60.6,-52.3,28.3,46.0,-97.6,17.3,1.0,136.0,0
D006847,6.5,1312.0,1.22,39.0,0.54,-60.4,-54.6,20.9,42.0,-91.0,8.4,0.0,,0
D006848,4.5,1317.0,1.2,25.5,0.52,,-51.7,28.3,39.0,-96.3,21.0,1.0,125.0,0
D006849,,1308.0,1.26,30.0,0.52,-64.9,-48.6,25.2,37.0,-98.6,6.3,0.0,115.0,1
D006850,5.7,1185.0,1.18,32.0,0.49,-66.2,-50.1,23.7,47.0,-94.6,5.9,1.0,130.0,1
D006851,5.1,1247.0,1.28,29.5,0.63,-66.5,-47.8,24.3,37.0,-93.0,5.3,1.0,143.0,1
D006852,6.4,1207.0,1.26,33.0,0.49,-66.3,-51.9,26.4,33.0,-91.5,8.6,0.0,113.0,1
D006853,5.2,1154.0,1.19,31.5,0.51,-65.7,-49.9,23.9,47.0,-95.9,6.3,1.0,135.0,1
D006854,3.4,1250.0,1.51,27.5,0.67,-60.0,-49.5,25.4,54.0,-95.1,6.1,0.0,104.0,0
D006855,5.1,1158.0,1.11,31.0,0.51,-65.4,-51.1,24.7,51.0,-96.0,8.6,0.0,129.0,1
D006856,4.7,1146.0,1.09,29.0,0.43,-64.5,-51.2,23.6,46.0,-97.1,10.4,1.0,135.0,1
D006857,5.1,1241.0,1.09,29.0,0.54,-65.2,-49.7,24.1,42.0,-95.0,8.4,0.0,133.0,1
D006858,4.9,1188.0,1.09,30.0,0.39,-66.0,-51.4,23.9,48.0,-95.0,10.2,1.0,127.0,1
D006859,5.1,1183.0,1.07,28.5,0.43,-66.4,-51.2,24.1,42.0,-96.3,9.3,0.0,128.0,1
D006860,6.2,1375.0,0.99,,,-61.4,-48.2,20.6,39.0,-94.3,,0.0,132.0,0
D006861,5.2,1106.0,1.04,29.0,0.46,-64.7,-49.4,24.8,41.0,-94.9,4.3,1.0,117.0,1
D006862,4.7,1166.0,1.21,30.0,0.56,-66.4,-50.4,24.0,42.0,-94.9,10.9,0.0,137.0,1
D006863,5.1,1161.0,1.07,28.0,0.47,-65.7,-50.6,22.5,44.0,-96.6,,1.0,124.0,1
D006864,4.6,1198.0,1.14,28.0,0.42,-64.0,-49.1,23.0,48.0,,10.0,0.0,128.0,1
D006865,4.1,1020.0,0.9,31.5,0.45,-67.9,-48.7,20.2,50.0,-97.6,4.8,1.0,134.0,1
D006866,4.6,1160.0,1.08,29.5,0.48,-64.6,-51.0,25.6,45.0,-96.5,11.4,1.0,123.0,0
D006867,4.5,,1.04,26.0,0.43,-64.1,-48.8,24.7,46.0,-97.2,3.2,1.0,134.0,1
D006868,4.6,1233.0,0.96,30.5,0.44,-69.2,-45.0,27.0,36.0,-94.1,4.7,0.0,119.0,1
D006869,4.7,1110.0,1.0,30.5,0.5,-65.8,-49.4,23.3,45.0,-94.9,8.1,0.0,125.0,1
D006870,4.4,1230.0,1.52,38.5,,-66.3,-52.7,28.6,32.0,-91.1,19.0,0.0,136.0,0
D006871,5.6,1028.0,1.25,22.5,0.63,-64.3,-53.2,23.2,50.0,-98.0,8.6,1.0,124.0,0
D006872,4.5,1178.0,1.2,31.0,0.57,-64.9,-48.8,23.2,45.0,-94.2,10.9,1.0,125.0,0
D006873,5.0,1211.0,1.14,28.5,0.47,-67.1,-49.7,23.9,46.0,-95.8,11.8,0.0,132.0,1
D006874,4.8,1265.0,1.08,29.5,0.5,-66.3,-51.4,24.2,41.0,-95.5,7.8,0.0,133.0,1
D006875,,1182.0,0.87,32.0,0.4,-65.9,-45.2,21.1,54.0,-96.0,6.5,0.0,111.0,0
D006876,4.1,1068.0,1.29,27.0,0.65,-68.3,-49.2,29.7,41.0,-91.5,7.8,1.0,139.0,0
D006877,4.6,1209.0,1.25,26.5,0.5,-65.8,-50.1,23.7,41.0,-96.5,10.5,1.0,125.0,1
D006878,4.5,1210.0,1.14,30.0,0.53,-66.0,-50.2,23.5,44.0,-95.7,7.3,0.0,125.0,1
D006879,3.1,1342.0,0.87,24.5,0.7,-66.1,-53.4,29.1,41.0,,3.6,0.0,110.0,0
D006880,5.1,1138.0,1.1,24.5,0.48,-64.2,-50.9,23.0,41.0,-94.5,9.8,0.0,143.0,1
D006881,5.2,1165.0,1.09,31.0,0.54,-65.1,-48.7,24.3,41.0,-97.3,8.8,0.0,128.0,1
D006882,4.9,1366.0,0.93,40.0,0.43,-68.1,-53.4,28.7,44.0,-97.4,13.6,1.0,104.0,1
D006883,4.6,1185.0,1.11,27.5,0.5,-63.9,-50.8,23.3,44.0,-96.8,7.5,1.0,132.0,1
D006884,3.5,1028.0,0.95,26.5,0.67,-69.4,-54.4,29.3,55.0,-90.2,19.0,0.0,108.0,0
D006885,5.7,1373.0,1.25,37.5,0.54,-61.3,-54.5,20.5,33.0,-96.1,6.3,0.0,149.0,1
D006886,5.0,1183.0,1.0,30.0,0.45,-65.7,-50.1,22.6,45.0,-95.1,9.6,0.0,131.0,1
D006887,3.4,1171.0,1.25,30.0,0.33,-61.4,-49.9,29.9,47.0,-93.9,16.0,0.0,111.0,0
D006888,3.2,,1.34,22.5,0.35,-64.1,-54.5,29.9,47.0,-93.6,,0.0,105.0,0
D006889,6.9,1121.0,1.49,22.0,0.32,-66.0,-45.2,25.0,47.0,-92.6,1.2,0.0,122.0,0
D006890,4.2,1188.0,1.1,31.0,0.55,-64.3,-50.4,23.5,44.0,-95.9,6.4,1.0,120.0,1
D006891,3.9,1228.0,0.96,21.0,0.48,-67.2,-50.4,27.9,57.0,-99.3,10.5,0.0,132.0,1
D006892,6.6,1171.0,1.19,22.5,0.43,-67.7,-48.0,29.2,48.0,-97.9,4.5,0.0,127.0,0
D006893,5.7,1018.0,0.84,32.5,0.7,-67.3,-50.8,29.1,38.0,-95.6,2.4,0.0,110.0,0
D006894,5.3,1146.0,1.15,27.5,0.48,-66.0,-47.6,22.4,47.0,-94.4,8.9,1.0,141.0,1
D006895,5.0,1161.0,1.07,27.0,0.46,-65.9,-50.1,25.4,48.0,-96.0,9.1,0.0,124.0,1
D006896,6.3,1187.0,1.3,35.5,0.38,-60.5,-50.0,23.5,40.0,-90.7,0.6,0.0,140.0,1
D006897,4.4,1161.0,1.32,31.0,0.31,-63.3,-52.1,,52.0,-95.5,20.0,1.0,104.0,0
D006898,6.6,1110.0,1.35,40.0,0.57,-64.0,-53.1,20.0,36.0,-97.9,22.6,1.0,122.0,1
D006899,5.1,1195.0,1.02,29.5,0.43,-67.0,-50.8,25.5,45.0,-96.9,11.8,1.0,123.0,1
D006900,3.8,1237.0,,39.5,0.37,-66.1,-45.4,22.3,59.0,-94.8,9.1,1.0,127.0,0
D006901,5.1,1339.0,1.42,33.5,0.41,-60.8,-45.2,24.4,48.0,-92.3,16.8,1.0,116.0,0
D006902,6.8,1028.0,1.27,39.5,0.63,-68.5,-53.5,23.4,,-92.2,9.3,1.0,119.0,1
D006903,5.2,1128.0,0.98,29.0,0.53,-66.9,-50.0,24.2,42.0,-95.2,6.9,1.0,128.0,1
D006904,5.3,1064.0,1.04,29.0,0.51,-65.2,-50.2,22.1,44.0,-95.6,12.5,0.0,135.0,1
D006905,4.4,1146.0,1.06,28.5,0.43,-66.3,-51.7,23.8,43.0,-95.0,7.3,1.0,131.0,1
D006906,5.1,1154.0,1.16,29.0,0.51,-65.8,-50.8,24.2,40.0,-96.5,8.7,1.0,121.0,1
D006907,5.2,1181.0,1.12,,0.51,-65.6,-51.3,22.0,48.0,-95.2,9.5,1.0,123.0,1
D006908,4.8,1192.0,1.22,32.0,0.51,-63.7,-49.8,25.0,46.0,-95.7,11.0,1.0,128.0,1
D006909,4.8,1194.0,1.05,27.0,0.52,-65.2,,23.3,41.0,-95.6,12.1,0.0,125.0,1
D006910,4.6,1166.0,1.15,27.0,0.57,-64.4,-51.3,24.2,47.0,-95.7,,1.0,135.0,1
D006911,6.6,1160.0,,33.0,0.48,-67.1,-50.3,22.7,38.0,-91.5,19.4,1.0,145.0,1
D006912,4.7,1119.0,1.03,29.5,0.49,-64.4,-50.0,24.4,44.0,-94.6,9.7,0.0,126.0,1
D006913,4.3,1096.0,1.17,24.5,0.37,-60.6,-51.4,29.3,,-92.4,13.6,1.0,131.0,0
D006914,4.5,1225.0,1.15,27.0,0.45,-65.1,-50.5,23.7,43.0,-95.0,10.1,1.0,128.0,0
D006915,4.2,1243.0,1.14,30.5,0.43,-66.4,-50.7,25.9,43.0,-96.9,6.7,1.0,126.0,1
D006916,5.0,1216.0,1.09,26.0,0.48,-66.3,-49.9,24.9,42.0,-95.3,10.6,0.0,133.0,1
D006917,4.2,1203.0,1.1,28.0,0.54,-64.8,-52.1,24.5,44.0,-95.1,,0.0,131.0,1
D006918,4.5,1117.0,1.08,27.0,0.48,-65.2,-50.5,24.6,40.0,-95.9,8.5,0.0,130.0,1
D006919,4.1,1107.0,1.21,26.0,0.53,-65.6,-50.2,24.5,39.0,-95.7,8.6,1.0,126.0,1
D006920,4.5,1167.0,1.08,29.5,0.44,-67.0,-50.5,24.7,42.0,-97.2,6.7,1.0,136.0,1
D006921,4.9,1236.0,1.04,31.0,0.44,-65.9,-49.6,24.8,42.0,-96.7,11.6,0.0,132.0,1
D006922,4.6,1184.0,1.11,29.0,0.53,-64.1,-51.0,23.5,39.0,-94.6,13.9,1.0,134.0,1
D006923,4.3,1151.0,1.01,23.0,0.55,-69.7,-54.7,26.1,34.0,-97.8,14.3,0.0,109.0,1
D006924,4.8,1149.0,1.19,27.5,0.52,-67.1,-49.7,24.6,46.0,-96.5,5.6,1.0,123.0,1
D006925,5.4,1137.0,1.15,28.5,0.49,-66.3,-51.2,24.4,43.0,-96.7,11.2,0.0,126.0,1
D006926,5.0,1257.0,1.11,30.0,0.43,-64.9,-50.1,25.0,41.0,-95.4,7.5,1.0,132.0,1
D006927,5.1,1213.0,1.1,28.5,0.48,-66.5,-50.4,22.6,42.0,-95.9,10.4,1.0,129.0,0
D006928,3.6,1252.0,0.97,26.5,0.57,-64.0,-54.6,29.7,30.0,-95.0,17.1,1.0,112.0,0
D006929,5.8,1281.0,1.29,32.5,0.37,-64.6,-48.6,22.4,44.0,-95.4,20.2,0.0,131.0,0
D006930,4.3,1160.0,1.19,30.5,,-64.0,-50.6,22.6,43.0,-95.4,5.2,1.0,134.0,1
D006931,3.3,1028.0,1.15,,0.31,-62.1,-54.6,24.2,52.0,-91.8,15.8,1.0,122.0,0
D006932,5.0,1187.0,1.11,28.0,0.37,-66.9,-50.5,24.1,46.0,-95.0,11.5,1.0,120.0,0
D006933,5.8,1216.0,1.08,25.0,0.44,-65.1,-50.4,24.5,40.0,-95.8,10.0,0.0,128.0,1
D006934,5.4,1197.0,0.96,,0.49,-65.4,-49.9,24.0,43.0,-95.5,9.4,1.0,125.0,1
D006935,4.6,1214.0,0.91,40.0,0.67,-68.1,-53.9,25.2,41.0,-99.7,11.7,0.0,134.0,1
D006936,,1193.0,1.2,27.0,0.52,-66.5,-50.5,25.8,41.0,-95.1,9.0,1.0,132.0,0
D006937,5.3,1223.0,1.25,29.5,,-63.8,-50.6,25.4,44.0,-94.8,8.8,0.0,128.0,1
D006938,6.2,1294.0,1.21,37.5,0.44,-65.8,-45.4,26.3,37.0,-90.4,5.4,0.0,124.0,1
D006939,4.5,1057.0,1.05,36.5,0.51,-63.7,-51.6,29.5,37.0,-95.1,16.0,0.0,143.0,0
D006940,5.9,1391.0,1.57,31.5,0.59,-67.9,-46.4,24.5,52.0,-95.3,7.3,0.0,150.0,1
D006941,4.9,1279.0,1.19,26.0,0.42,-65.6,-50.9,24.4,38.0,-96.0,8.0,1.0,120.0,0
D006942,5.2,1166.0,1.08,37.5,0.47,-61.7,-54.5,29.3,58.0,-98.1,19.5,1.0,131.0,0
D006943,4.8,1377.0,1.38,38.5,0.39,-63.4,-46.6,27.2,49.0,-95.0,4.4,1.0,129.0,0
D006944,3.8,1140.0,1.18,31.5,0.51,-65.4,-50.4,23.8,43.0,-94.3,9.1,1.0,128.0,1
D006945,3.1,1099.0,1.39,27.5,0.62,-63.5,-51.1,23.6,48.0,-97.0,6.8,0.0,122.0,0
D006946,4.2,1184.0,1.02,28.0,0.5,-66.8,-50.1,22.7,44.0,-96.7,7.7,0.0,121.0,1
D006947,4.2,1117.0,0.89,25.5,0.64,-66.8,-51.6,22.9,50.0,-92.5,16.6,0.0,115.0,0
D006948,4.9,1181.0,1.31,32.0,0.47,-63.6,-49.9,23.4,44.0,-94.0,,0.0,124.0,1
D006949,4.4,1236.0,1.08,29.0,0.5,-64.3,-49.7,23.4,45.0,-95.1,10.7,0.0,135.0,1
D006950,4.3,1191.0,1.11,27.0,0.49,-64.0,-49.4,23.6,44.0,-95.3,12.2,1.0,119.0,1
D006951,3.2,1048.0,1.59,27.5,0.5,-69.0,-46.8,28.8,55.0,-97.4,9.6,1.0,103.0,0
D006952,4.1,1261.0,0.98,31.5,0.48,-65.8,-48.3,24.3,45.0,-94.1,8.0,1.0,130.0,1
D006953,5.0,1218.0,1.07,28.5,0.54,-66.1,-50.2,24.3,,-95.8,13.7,1.0,127.0,1
D006954,4.8,1210.0,1.12,26.0,0.5,-65.1,-51.0,24.1,46.0,-94.4,10.4,0.0,129.0,1
D006955,4.4,1133.0,1.31,33.5,0.55,-66.7,-48.2,24.1,46.0,-91.6,5.5,1.0,105.0,0
D006956,3.2,1066.0,0.97,39.0,0.63,-61.0,-48.4,25.1,46.0,-92.8,8.7,0.0,132.0,0
D006957,5.3,1171.0,0.82,39.0,0.49,-62.4,-51.3,29.1,51.0,-96.3,17.6,0.0,,1
D006958,5.2,1189.0,1.01,28.5,0.5,-66.1,-51.3,22.9,49.0,-97.1,12.6,1.0,124.0,1
D006959,4.8,1210.0,1.22,30.0,0.44,-64.7,-49.7,26.3,44.0,-95.2,9.9,0.0,131.0,0
D006960,6.1,1282.0,1.36,38.5,0.33,-69.9,-50.6,21.1,43.0,-98.7,10.0,0.0,119.0,1
D006961,5.5,1182.0,1.09,29.0,0.42,-65.4,-47.5,23.8,40.0,-96.2,7.9,0.0,128.0,1
D006962,4.9,1159.0,1.13,29.0,0.52,-64.9,-48.7,25.5,47.0,-95.9,,0.0,133.0,1
D006963,5.1,1169.0,1.17,24.0,0.42,-67.5,-50.4,25.0,45.0,-96.1,10.3,1.0,133.0,1
D006964,4.6,1152.0,1.13,29.0,0.52,-66.3,-49.3,23.1,43.0,-95.3,11.4,1.0,121.0,1
D006965,5.2,1169.0,1.16,29.0,0.45,-66.0,-50.1,23.0,43.0,-95.8,10.4,1.0,126.0,1
D006966,5.4,1167.0,1.12,29.5,0.47,-65.3,-51.1,23.0,43.0,-95.0,9.8,0.0,128.0,1
D006967,4.4,1045.0,0.87,26.0,0.59,-64.1,-49.8,25.3,37.0,-94.1,1.7,0.0,127.0,1
D006968,4.3,1354.0,1.02,38.0,0.32,-68.0,-49.7,,34.0,-94.4,1.7,0.0,136.0,1
D006969,6.6,1396.0,1.03,23.5,0.41,-60.9,-52.0,25.4,59.0,-97.2,18.5,1.0,123.0,1
D006970,3.7,1171.0,0.89,39.0,0.31,-61.7,-49.0,25.1,32.0,-99.3,1.6,0.0,124.0,0
D006971,4.0,1138.0,1.46,25.0,0.62,-61.1,-46.8,26.4,35.0,-96.0,12.8,0.0,148.0,0
D006972,4.6,1088.0,1.01,30.5,0.49,-66.6,-49.2,23.6,41.0,-97.4,8.5,0.0,135.0,1
D006973,5.4,1251.0,1.08,27.5,0.51,-65.4,-51.5,23.6,47.0,-94.8,9.0,1.0,129.0,1
D006974,5.3,1124.0,1.02,29.0,0.51,-66.3,-48.5,25.4,44.0,-95.2,9.6,0.0,126.0,1
D006975,5.1,1191.0,1.02,26.5,0.46,,-49.9,23.6,45.0,-93.9,8.0,0.0,126.0,1
D006976,5.5,1264.0,0.84,28.5,0.42,-63.5,-46.4,22.8,48.0,-97.6,5.0,0.0,150.0,1
D006977,4.6,1275.0,1.03,31.0,0.44,-65.0,-49.8,25.2,43.0,-93.5,3.6,1.0,133.0,1
D006978,6.4,1129.0,0.96,31.5,0.61,-66.1,-45.3,22.4,57.0,-93.0,17.0,1.0,113.0,0
D006979,4.0,1123.0,1.16,31.0,0.52,-65.0,-51.2,24.4,47.0,-95.6,5.1,1.0,115.0,0
D006980,4.8,1193.0,1.17,26.0,0.47,-65.7,-52.5,22.4,50.0,-94.7,10.1,1.0,122.0,0
D006981,4.9,1181.0,1.21,32.5,0.55,-64.4,-49.2,24.1,45.0,-94.7,12.5,0.0,130.0,1
D006982,5.3,1230.0,1.08,27.5,0.47,-65.2,-49.8,26.0,44.0,-94.5,7.2,0.0,,1
D006983,5.2,1180.0,1.11,27.5,0.44,-66.5,-48.9,25.2,43.0,-93.5,12.1,0.0,118.0,0
D006984,4.8,1165.0,1.12,27.5,0.43,-65.0,-48.5,24.6,43.0,-96.1,10.8,1.0,128.0,1
D006985,4.4,1163.0,1.12,31.0,0.46,-64.5,-50.1,22.9,46.0,-95.8,8.2,0.0,131.0,1
D006986,4.6,1152.0,1.07,26.0,0.52,-65.9,-50.2,22.8,44.0,-94.5,2.3,1.0,133.0,1
D006987,5.1,1169.0,1.11,29.0,0.42,-65.3,-48.4,23.4,52.0,-95.1,10.0,1.0,124.0,0
D006988,5.0,1178.0,1.05,29.5,0.48,-66.1,-50.8,25.2,41.0,-95.0,11.1,0.0,127.0,1
D006989,5.6,1043.0,1.01,28.5,0.67,-66.6,-50.5,22.1,56.0,-98.1,4.7,0.0,102.0,1
D006990,5.5,1165.0,1.24,26.5,0.36,-63.2,-46.1,24.7,31.0,-93.7,22.6,0.0,100.0,0
D006991,4.0,1302.0,1.59,37.0,0.53,-63.3,-48.3,26.6,41.0,-90.8,18.3,1.0,142.0,0
D006992,5.8,1159.0,0.88,28.0,0.69,-60.8,-47.9,28.7,41.0,-94.3,5.5,1.0,147.0,0
D006993,4.8,1218.0,1.15,30.0,0.51,-65.9,-50.8,24.6,49.0,-94.9,6.2,1.0,122.0,1
D006994,4.7,1190.0,1.12,28.5,0.47,-64.9,-49.8,23.7,46.0,-94.5,8.3,1.0,118.0,1
D006995,3.0,1248.0,1.16,23.0,0.56,-68.0,-49.1,23.8,37.0,-91.7,10.2,1.0,129.0,1
D006996,4.8,1156.0,1.28,31.0,0.49,-65.0,-50.1,24.9,42.0,-94.4,10.3,1.0,134.0,1
D006997,5.0,1188.0,1.13,29.0,0.47,-64.0,-50.2,23.3,45.0,-94.1,10.9,1.0,120.0,1
D006998,4.7,1172.0,1.02,31.0,0.54,-66.3,-49.2,23.7,43.0,-94.6,11.8,1.0,133.0,1
D006999,4.7,1152.0,,27.5,0.51,-66.2,-50.6,24.6,45.0,-96.9,10.2,0.0,129.0,1
D007000,3.5,1084.0,1.44,23.5,0.32,-61.3,-46.7,29.8,38.0,-99.5,17.2,1.0,142.0,0
D007001,4.3,1158.0,1.08,31.5,0.44,-64.9,-50.5,23.7,42.0,-95.7,8.5,1.0,121.0,1
D007002,4.8,1147.0,1.11,31.5,0.46,-65.7,-49.7,23.3,45.0,-93.9,13.0,0.0,123.0,1
D007003,5.2,1063.0,1.3,24.0,0.37,-70.0,-52.2,27.3,55.0,-90.2,10.5,1.0,145.0,1
D007004,4.6,1220.0,1.03,31.5,0.42,-65.0,-49.8,26.4,42.0,-96.1,6.4,1.0,133.0,0
D007005,5.4,1251.0,1.08,37.5,0.44,-66.6,-50.8,24.3,41.0,-98.8,13.2,1.0,107.0,1
D007006,4.2,1098.0,1.11,29.0,0.44,-65.2,-49.8,22.9,45.0,-95.1,8.8,1.0,124.0,0
D007007,3.2,1016.0,0.88,33.0,0.51,-62.8,-50.9,23.3,53.0,-93.3,10.2,0.0,114.0,1
D007008,5.0,1203.0,1.06,31.0,0.43,-63.2,-50.2,24.0,41.0,-93.9,11.9,1.0,119.0,0
D007009,4.0,1281.0,1.36,32.0,0.62,-68.6,-53.7,23.8,39.0,-99.0,19.0,1.0,131.0,1
D007010,4.9,1205.0,1.18,29.0,0.38,-65.1,-49.3,24.5,43.0,-96.1,10.1,1.0,123.0,0
D007011,4.9,1224.0,1.22,24.5,0.45,-66.3,-50.1,22.3,46.0,-94.8,9.6,1.0,123.0,0
D007012,6.1,1296.0,0.96,21.5,0.56,-64.9,-50.4,22.9,35.0,-94.9,18.0,0.0,140.0,1
D007013,5.2,1185.0,1.08,30.0,0.46,-64.6,-51.8,24.5,40.0,-95.0,11.9,1.0,121.0,1
D007014,5.4,1255.0,1.45,32.5,0.47,-68.6,-50.1,21.7,36.0,-97.4,14.1,1.0,147.0,1
D007015,5.1,1209.0,1.02,29.5,0.47,-66.8,-51.0,23.7,50.0,-96.6,10.5,1.0,132.0,1
D007016,4.1,1285.0,1.17,,0.51,-64.2,-47.6,25.9,49.0,-95.1,7.2,1.0,121.0,1
D007017,4.3,,1.32,29.0,0.38,-61.6,-51.1,26.1,32.0,-94.8,19.8,1.0,134.0,0
D007018,5.6,1122.0,1.1,28.5,0.47,-65.4,-50.9,24.4,45.0,-95.6,10.0,1.0,134.0,1
D007019,4.1,1348.0,1.41,28.0,0.56,-60.6,-51.5,28.0,45.0,-99.3,15.1,0.0,125.0,0
D007020,4.6,1177.0,1.08,26.0,0.47,-66.6,-50.6,25.1,39.0,-94.5,8.2,0.0,131.0,1
D007021,3.4,1105.0,1.5,32.5,0.6,-67.7,-54.2,22.2,47.0,-98.4,14.8,1.0,116.0,0
D007022,3.9,1215.0,1.49,33.5,0.54,-61.9,-53.0,,56.0,-91.9,14.1,0.0,102.0,0
D007023,4.6,1206.0,0.98,27.5,0.48,-64.0,-49.7,24.0,42.0,-96.5,8.3,0.0,122.0,1
D007024,6.4,1160.0,1.31,37.5,0.34,-66.6,-51.4,25.7,56.0,-94.4,4.6,1.0,110.0,0
D007025,3.2,1217.0,1.49,31.0,0.33,-68.1,-51.2,24.6,45.0,-95.0,3.2,0.0,119.0,0
D007026,3.0,1310.0,0.94,40.0,0.31,-69.0,-46.0,27.1,39.0,-92.4,,0.0,122.0,0
D007027,3.4,1331.0,0.85,35.5,0.7,-66.4,-47.7,27.2,33.0,-92.8,9.3,0.0,124.0,0
D007028,4.8,1170.0,1.07,26.0,0.48,-65.2,-49.7,23.8,44.0,-95.6,8.0,1.0,129.0,1
D007029,5.1,1167.0,1.13,32.0,0.44,-64.6,-49.1,,43.0,-94.2,6.4,1.0,129.0,1
D007030,6.7,1322.0,1.37,36.5,0.41,-66.2,-51.7,24.5,38.0,-92.1,2.5,1.0,115.0,1
D007031,4.4,1065.0,0.85,26.0,0.5,-65.7,-50.0,28.6,33.0,-98.6,13.4,0.0,106.0,1
D007032,4.0,1247.0,1.0,31.0,0.49,-65.9,-50.4,22.9,49.0,-94.4,9.7,0.0,124.0,1
D007033,4.5,1322.0,1.05,33.0,0.39,-69.5,-46.6,23.8,52.0,-96.2,21.8,1.0,118.0,0
D007034,4.9,1158.0,1.26,26.0,0.5,-65.6,-50.8,24.2,45.0,-96.5,8.4,0.0,124.0,1
D007035,6.8,1118.0,1.15,32.0,0.34,-69.6,-52.9,25.2,39.0,-90.6,19.2,0.0,111.0,1
D007036,5.1,1170.0,0.91,22.5,0.51,-65.5,-49.4,25.4,41.0,-93.5,9.0,0.0,128.0,1
D007037,3.1,1202.0,0.86,24.0,,-66.3,-51.6,26.0,44.0,-94.6,10.3,0.0,117.0,0
D007038,4.8,1187.0,0.99,28.5,0.42,-67.8,-51.3,25.0,40.0,-94.6,2.6,0.0,132.0,1
D007039,5.4,1361.0,0.98,28.0,0.46,-66.0,-45.6,28.4,43.0,-99.3,20.1,1.0,131.0,0
D007040,4.9,1184.0,1.18,30.0,0.49,-64.7,-51.4,24.0,40.0,-95.0,10.8,1.0,126.0,1
D007041,4.7,1152.0,,28.5,0.49,-65.7,-50.2,25.7,43.0,-95.6,10.2,1.0,132.0,1
D007042,4.8,1226.0,1.33,29.5,0.51,-66.1,-51.4,23.2,46.0,-93.3,10.2,1.0,119.0,0
D007043,5.7,1034.0,1.14,21.5,0.43,-68.8,-49.0,25.0,55.0,-93.7,13.4,0.0,105.0,1
D007044,5.4,1133.0,1.59,30.0,0.47,-66.1,-53.4,26.8,57.0,-96.2,0.2,0.0,146.0,1
D007045,4.9,1150.0,1.12,30.0,0.4,-64.5,-50.3,23.1,45.0,-97.7,8.1,0.0,134.0,1
D007046,5.3,1123.0,1.04,31.5,0.5,-65.5,-51.3,24.7,39.0,-96.7,9.2,0.0,135.0,1
D007047,4.4,1197.0,1.05,32.5,0.51,-64.9,-49.7,22.9,46.0,-95.3,12.7,0.0,127.0,1
D007048,3.3,1193.0,1.43,,0.52,-60.9,-51.1,20.8,,-90.2,19.7,0.0,135.0,0
D007049,4.9,1180.0,0.86,33.0,0.46,-65.0,-50.7,24.6,46.0,-96.3,9.3,0.0,121.0,1
D007050,5.4,1229.0,1.03,31.0,0.48,-67.1,-52.2,25.7,46.0,-97.0,13.1,1.0,116.0,1
D007051,6.0,1018.0,0.96,38.5,0.58,-61.7,-49.8,20.4,38.0,-92.6,2.0,1.0,138.0,1
D007052,4.7,1230.0,1.08,29.5,,-66.9,-51.6,23.3,43.0,-94.8,11.0,1.0,124.0,0
D007053,5.8,1088.0,0.88,22.0,0.68,-65.0,-46.7,21.4,57.0,-93.1,8.8,1.0,141.0,0
D007054,4.5,1234.0,1.17,29.5,0.41,-65.7,-51.2,23.5,46.0,-96.0,6.0,0.0,130.0,1
D007055,4.7,1178.0,1.21,29.5,0.44,-66.3,-50.2,24.1,45.0,-95.1,7.8,1.0,119.0,0
D007056,4.9,1180.0,1.04,31.5,0.46,-65.1,-49.6,25.1,45.0,-95.2,11.9,0.0,121.0,1
D007057,6.8,1250.0,1.44,35.5,0.47,-68.2,-54.2,20.6,47.0,-92.0,4.4,1.0,104.0,1
D007058,4.9,1364.0,0.94,22.0,0.43,-65.9,-50.4,20.2,46.0,-90.3,18.6,0.0,126.0,0
D007059,6.8,1342.0,1.4,30.0,0.56,-61.5,-51.2,27.2,59.0,-96.9,6.3,0.0,115.0,1
D007060,4.2,,1.06,30.0,0.3,-69.4,-47.5,28.6,54.0,-96.0,9.8,0.0,137.0,0
D007061,6.7,1135.0,1.53,36.5,0.62,-63.8,-45.6,22.6,47.0,-96.9,13.4,1.0,130.0,1
D007062,5.7,1265.0,1.01,32.5,0.5,-65.5,-50.2,25.5,47.0,-96.3,10.8,0.0,133.0,1
D007063,5.1,1157.0,1.1,24.5,0.53,-66.4,-48.8,24.5,44.0,-97.1,7.7,1.0,130.0,1
D007064,5.2,1122.0,1.07,30.0,0.44,-66.2,-50.8,22.6,39.0,-94.3,3.7,1.0,129.0,1
D007065,4.2,1250.0,1.45,33.0,0.43,-69.7,-49.6,23.8,37.0,-93.4,11.8,1.0,110.0,0
D007066,6.1,1078.0,1.13,23.5,0.67,-61.1,-54.3,27.8,51.0,-97.7,19.5,0.0,141.0,0
D007067,5.0,1197.0,1.12,31.5,0.5,-64.3,-50.4,24.5,42.0,-94.7,9.6,1.0,131.0,1
D007068,5.4,1183.0,1.06,30.0,0.51,-66.3,-50.5,25.7,46.0,-97.2,8.3,1.0,130.0,1
D007069,4.6,1187.0,1.19,27.5,0.46,-65.1,-49.8,23.4,37.0,-96.2,9.6,1.0,128.0,1
D007070,4.8,1286.0,1.5,21.5,0.51,-62.2,-50.0,26.5,50.0,-92.4,2.1,0.0,115.0,0
D007071,4.2,1133.0,1.1,25.0,0.47,-64.9,-50.1,23.5,50.0,-96.3,9.5,1.0,131.0,1
D007072,5.1,1145.0,1.18,31.0,0.53,-66.2,-50.7,23.7,52.0,-95.0,10.9,0.0,135.0,1
D007073,4.4,1242.0,1.21,26.5,0.42,-66.1,-48.4,23.2,45.0,-96.0,6.1,1.0,128.0,0
D007074,,1019.0,1.09,35.0,0.68,-67.8,-51.8,21.1,35.0,-97.6,10.5,1.0,142.0,1
D007075,4.5,1208.0,0.93,29.5,0.44,-65.5,-49.7,24.2,40.0,-94.9,13.3,0.0,128.0,1
D007076,4.4,1233.0,1.22,29.5,0.5,-64.4,-47.1,21.8,46.0,-95.4,9.1,1.0,125.0,0
D007077,4.8,1157.0,1.04,31.0,0.48,-65.8,-50.5,25.4,37.0,-95.1,9.9,0.0,139.0,1
D007078,5.0,1126.0,1.03,29.0,0.42,-65.1,-49.7,22.9,40.0,-96.2,8.0,0.0,127.0,1
D007079,4.3,1196.0,1.04,27.5,0.5,-63.9,-50.3,23.8,45.0,-97.2,7.1,0.0,130.0,1
D007080,5.1,1191.0,1.08,27.5,0.57,-64.6,-49.7,23.2,45.0,-95.9,13.4,1.0,125.0,0
D007081,5.5,1135.0,1.01,30.0,0.46,-65.8,-48.8,24.2,44.0,-95.7,9.2,1.0,124.0,1
D007082,4.8,1116.0,1.01,32.5,0.48,-64.7,-48.3,23.7,43.0,-95.9,9.9,0.0,127.0,1
D007083,4.8,1273.0,1.14,27.5,0.55,-65.7,-49.2,25.1,42.0,-95.3,10.3,1.0,130.0,1
D007084,4.5,1250.0,1.06,32.5,0.5,-64.6,-51.8,22.3,43.0,-96.7,9.6,0.0,126.0,1
D007085,4.7,1143.0,1.16,27.0,0.46,-64.9,-49.9,22.1,45.0,-95.7,9.4,1.0,125.0,0
D007086,4.9,1248.0,1.12,28.0,0.53,-66.1,-50.0,22.9,44.0,-94.9,10.0,1.0,127.0,1
D007087,5.5,1109.0,1.06,28.0,0.42,-65.6,-50.2,24.2,50.0,-94.8,10.0,1.0,130.0,1
D007088,5.0,1193.0,1.11,26.5,0.5,-66.0,-49.2,22.6,45.0,-95.6,7.2,1.0,124.0,1
D007089,4.6,1256.0,1.22,33.0,0.54,-65.5,-51.1,24.4,46.0,-95.4,10.8,1.0,131.0,1
D007090,4.7,1391.0,1.01,27.0,0.46,-67.7,-45.4,29.3,37.0,-91.9,6.3,1.0,113.0,1
D007091,4.4,1194.0,1.13,30.5,0.48,-64.7,-51.8,22.6,39.0,-96.2,7.8,1.0,135.0,1
D007092,4.8,1216.0,1.15,25.5,0.4,-66.4,-49.8,23.4,43.0,-96.2,9.1,1.0,117.0,0
D007093,4.4,1212.0,1.11,32.0,0.48,-65.9,-50.7,21.7,43.0,-97.0,8.2,0.0,129.0,1
D007094,5.2,1211.0,1.2,28.0,0.42,-65.1,-50.1,24.4,41.0,-95.9,13.0,0.0,129.0,1
D007095,4.9,1310.0,0.96,35.5,0.69,-64.7,-45.8,21.4,45.0,-98.2,8.9,0.0,126.0,0
D007096,5.2,1238.0,1.4,31.5,0.4,-67.9,-47.8,25.8,42.0,-94.6,20.1,0.0,112.0,0
D007097,7.0,1142.0,1.48,39.0,0.7,-65.6,-46.0,26.0,51.0,-93.8,23.7,0.0,119.0,0
D007098,4.8,1221.0,1.21,26.5,0.46,-65.9,,24.1,46.0,-95.8,8.5,0.0,126.0,1
D007099,4.5,1174.0,1.13,29.5,0.52,-66.8,-50.1,23.5,41.0,-95.7,9.8,1.0,131.0,1
D007100,5.9,1213.0,1.11,25.5,0.46,-63.1,-49.4,24.2,37.0,-95.4,10.9,0.0,137.0,1
D007101,4.6,1170.0,1.21,28.5,0.53,-64.9,-50.3,26.2,41.0,-96.1,11.1,1.0,127.0,1
D007102,6.1,1281.0,1.43,32.5,0.37,-62.6,-48.3,25.8,40.0,-95.1,,1.0,102.0,0
D007103,4.8,1045.0,1.49,32.0,0.66,-63.8,-47.2,25.2,46.0,-98.4,8.0,0.0,138.0,0
D007104,6.7,1001.0,0.98,31.0,0.46,-66.8,-49.3,26.0,50.0,-99.9,7.9,1.0,118.0,1
D007105,4.6,1173.0,1.12,27.0,0.43,-65.0,-49.9,24.6,45.0,-97.4,9.5,0.0,127.0,1
D007106,3.8,1320.0,0.91,29.0,0.69,-68.6,-53.9,29.2,52.0,-93.3,,1.0,135.0,0
D007107,5.4,1179.0,1.04,30.0,0.46,-65.9,-48.1,24.2,44.0,-95.6,11.3,0.0,124.0,1
D007108,5.1,1112.0,1.45,35.5,0.39,-69.3,-49.6,23.2,36.0,-97.8,13.6,0.0,134.0,1
D007109,5.1,1177.0,1.16,30.0,0.46,-65.8,-49.7,23.6,44.0,-94.9,12.0,1.0,130.0,1
D007110,5.2,1020.0,1.42,34.0,0.42,-65.3,-52.0,24.4,35.0,-93.7,17.2,1.0,135.0,1
D007111,5.3,1149.0,1.2,28.0,0.45,-64.9,-51.2,25.0,46.0,-97.3,12.2,0.0,128.0,1
D007112,5.0,1209.0,1.29,28.0,0.4,-66.0,-50.5,23.0,44.0,-96.5,8.8,1.0,118.0,0
D007113,4.7,1162.0,1.2,28.5,0.45,-65.9,-48.9,24.6,44.0,-96.3,7.3,0.0,131.0,1
D007114,5.9,1290.0,0.88,27.5,0.32,-69.0,-54.7,28.6,30.0,-97.8,14.8,0.0,122.0,1
D007115,5.2,1175.0,1.12,26.5,0.45,-63.9,,24.0,45.0,-96.0,6.4,1.0,131.0,1
D007116,5.2,1216.0,1.07,28.5,0.51,-65.6,-50.8,22.6,41.0,-95.6,10.2,1.0,135.0,1
D007117,4.4,1240.0,1.08,27.5,0.47,-67.1,-49.4,24.1,42.0,-95.6,9.0,0.0,143.0,1
D007118,5.3,1162.0,1.12,27.5,0.47,-66.5,-50.4,24.0,39.0,-95.2,8.6,1.0,129.0,1
D007119,4.6,1147.0,1.24,31.0,0.57,-67.2,-49.9,23.7,43.0,-96.2,13.4,1.0,127.0,1
D007120,6.3,1046.0,1.48,36.0,0.4,-68.3,-47.2,24.1,52.0,-94.0,0.3,1.0,144.0,1
D007121,5.4,1124.0,1.13,29.0,0.45,-64.4,-50.7,24.4,44.0,,7.3,1.0,121.0,1
D007122,4.7,1133.0,1.2,29.5,0.5,-64.9,-51.0,24.6,,-96.1,4.8,1.0,129.0,1
D007123,4.9,1155.0,1.1,29.0,0.5,-66.1,-49.8,23.0,45.0,-95.0,5.0,1.0,124.0,1
D007124,5.0,1092.0,0.91,26.0,0.42,-67.0,-51.6,27.1,54.0,-94.1,18.5,1.0,115.0,0
D007125,4.6,1023.0,1.04,35.5,0.68,-63.7,-53.6,21.6,48.0,-95.3,20.9,0.0,129.0,0
D007126,4.7,1140.0,1.22,,0.45,-64.6,-51.5,23.9,45.0,-95.1,10.7,0.0,133.0,1
D007127,4.4,1152.0,1.09,27.5,0.53,-65.1,-49.2,25.2,47.0,-97.1,8.1,1.0,131.0,0
D007128,4.8,1129.0,1.15,32.5,0.46,-65.2,-49.8,23.3,46.0,-95.2,7.5,0.0,130.0,1
D007129,5.0,1127.0,1.03,30.5,0.46,-69.2,-49.5,23.1,45.0,-96.4,9.1,0.0,128.0,1
D007130,4.5,1178.0,1.03,28.5,0.48,-66.0,-48.6,24.6,44.0,-96.3,9.2,0.0,127.0,1
D007131,5.3,1072.0,0.99,30.5,0.46,-65.9,,23.2,39.0,-95.0,11.8,1.0,120.0,1
D007132,4.8,1204.0,1.1,27.5,0.51,-65.9,-50.0,22.6,43.0,-95.0,4.8,1.0,126.0,1
D007133,5.5,,1.15,32.5,0.46,-64.9,-49.8,25.3,43.0,-96.6,11.0,1.0,132.0,1
D007134,5.7,1243.0,1.24,34.0,0.46,-62.3,-54.2,20.4,33.0,-97.5,15.6,1.0,142.0,1
D007135,4.6,1142.0,1.05,26.5,0.55,,-49.5,25.2,,-93.9,9.2,0.0,125.0,1
D007136,5.2,1138.0,1.04,33.0,0.43,-65.8,-49.2,24.9,49.0,-98.3,6.7,0.0,134.0,1
D007137,4.7,1242.0,1.15,30.5,0.54,-66.9,-51.6,23.8,45.0,-93.7,9.2,1.0,131.0,1
D007138,4.0,1285.0,1.15,24.5,0.31,-61.2,-50.7,21.0,38.0,-99.1,19.6,1.0,140.0,0
D007139,4.9,1312.0,1.37,31.0,0.46,-68.3,-47.3,27.6,30.0,-91.7,2.9,1.0,110.0,1
D007140,4.7,1207.0,1.23,29.0,0.51,-66.5,-50.9,26.0,42.0,-97.4,9.2,1.0,127.0,1
D007141,4.7,1140.0,1.16,29.0,0.46,-65.2,-49.0,24.0,48.0,-96.9,4.6,0.0,135.0,1
D007142,3.3,1083.0,1.6,31.0,0.49,-63.4,-51.0,21.7,59.0,-92.2,15.1,1.0,111.0,0
D007143,4.9,1191.0,1.13,26.5,0.44,-65.7,-49.4,24.3,41.0,-95.4,7.3,1.0,136.0,1
D007144,4.6,1147.0,1.21,29.5,0.48,-66.6,-49.7,24.1,45.0,-95.4,11.4,,129.0,1
D007145,5.0,1109.0,1.25,28.0,0.44,-63.6,-49.4,24.2,49.0,,11.6,0.0,122.0,0
D007146,3.4,1072.0,1.55,33.5,0.69,-67.2,-53.3,28.1,54.0,-94.5,4.7,1.0,143.0,0
D007147,6.4,1320.0,1.34,40.0,0.54,-65.4,-53.1,24.4,38.0,-94.0,10.7,0.0,,1
D007148,4.5,1181.0,0.93,22.5,0.48,-64.7,-47.2,21.2,54.0,-93.1,14.5,1.0,117.0,0
D007149,5.0,1351.0,1.58,34.5,0.56,-61.0,-54.7,24.1,60.0,-94.9,0.4,1.0,118.0,0
D007150,5.0,1172.0,1.02,27.0,0.39,-67.6,-51.8,23.5,43.0,-95.6,10.7,0.0,126.0,1
D007151,5.2,1221.0,0.95,29.5,0.47,-64.6,-49.3,23.5,40.0,-95.6,11.1,1.0,135.0,1
D007152,6.1,1155.0,1.28,22.0,0.61,-68.4,-45.5,26.3,34.0,-94.0,9.4,0.0,106.0,0
D007153,4.4,1138.0,1.27,30.0,0.43,-65.0,-50.1,27.2,44.0,-95.2,10.0,,128.0,0
D007154,,1185.0,1.22,29.5,0.51,-65.7,-48.8,23.8,45.0,-95.9,5.4,0.0,125.0,1
D007155,5.0,1209.0,,27.0,0.51,-65.2,-48.6,23.0,45.0,-95.2,9.8,1.0,128.0,0
D007156,6.6,1080.0,0.94,33.0,0.64,-69.4,-54.8,29.2,57.0,-98.0,10.2,0.0,130.0,1
D007157,5.0,1279.0,1.12,31.0,0.47,-65.3,-49.6,22.4,42.0,-97.1,6.8,1.0,132.0,0
D007158,4.7,1190.0,1.2,30.0,0.48,-65.5,-49.5,23.9,42.0,-95.9,10.4,1.0,137.0,0
D007159,5.0,1230.0,1.18,27.0,0.51,-64.8,-51.0,24.4,46.0,-95.1,9.2,0.0,127.0,1
D007160,5.1,1176.0,1.07,28.5,0.41,-66.4,-48.6,22.8,41.0,-96.2,10.2,1.0,117.0,1
D007161,4.5,1187.0,1.15,31.0,0.49,-66.9,-50.6,25.7,43.0,-94.4,10.3,1.0,126.0,1
D007162,4.3,1204.0,1.07,28.0,0.5,-63.3,-49.4,25.7,43.0,-95.2,7.9,1.0,124.0,0
D007163,6.9,1374.0,0.88,39.0,0.4,-62.4,-49.9,29.0,38.0,-96.7,9.3,0.0,147.0,1
D007164,4.4,,1.07,29.0,0.43,-66.9,-50.1,24.4,42.0,-95.2,5.3,1.0,131.0,0
D007165,4.8,1155.0,1.08,30.5,0.42,-64.8,-48.9,21.9,44.0,-96.0,11.6,0.0,115.0,0
D007166,3.7,1187.0,0.82,33.0,0.31,-60.1,-48.8,21.8,37.0,-92.0,10.9,0.0,121.0,0
D007167,4.6,1153.0,1.08,26.0,0.48,-65.2,-50.3,22.8,46.0,-94.0,6.3,0.0,128.0,1
D007168,4.3,1268.0,1.12,32.0,0.42,-67.0,-49.1,23.8,42.0,-94.3,12.9,0.0,130.0,1
D007169,4.5,1204.0,1.02,27.0,0.46,-65.9,-50.2,24.4,40.0,-95.8,8.6,0.0,132.0,1
D007170,5.0,1384.0,1.44,34.0,0.56,-67.6,-48.0,25.1,37.0,-96.2,7.7,1.0,110.0,1
D007171,5.2,1177.0,1.11,29.0,0.45,-64.4,-48.3,24.2,42.0,-94.5,9.1,1.0,126.0,1
D007172,4.4,1154.0,1.41,24.0,0.68,-60.6,-50.1,25.3,59.0,-94.3,12.5,0.0,129.0,0
D007173,4.7,1146.0,0.94,28.5,0.53,-65.9,-47.4,23.2,43.0,-96.0,11.0,1.0,132.0,1
D007174,5.0,1240.0,1.13,27.0,0.52,-64.1,-49.6,22.0,45.0,-96.7,9.3,0.0,132.0,1
D007175,5.4,1047.0,0.92,27.0,0.35,-64.3,-49.4,28.8,41.0,-91.7,16.2,1.0,148.0,0
D007176,4.0,1181.0,1.02,24.0,0.33,-66.0,-49.5,24.6,41.0,-96.8,6.3,1.0,127.0,0
D007177,5.9,1366.0,0.87,33.0,0.69,-60.9,-52.2,23.3,43.0,-94.4,4.5,1.0,126.0,1
D007178,4.8,1137.0,0.86,32.0,0.53,-67.6,-50.1,24.9,,-95.4,5.6,1.0,122.0,1
D007179,4.1,1207.0,1.16,33.5,0.4,-67.7,-50.0,25.0,45.0,-96.2,7.3,0.0,126.0,0
D007180,4.3,1201.0,1.01,25.5,0.48,-68.5,-50.0,25.3,41.0,-96.7,8.1,0.0,131.0,1
D007181,5.0,1161.0,1.18,30.5,0.51,-65.6,-48.4,25.4,40.0,-95.4,12.1,0.0,121.0,1
D007182,3.4,1383.0,1.4,23.5,0.43,-60.7,-52.7,26.3,49.0,-91.8,12.7,0.0,103.0,0
D007183,5.0,1099.0,1.04,29.5,0.41,-65.7,-51.7,23.9,39.0,-95.5,10.5,0.0,118.0,1
D007184,5.6,1025.0,1.0,20.5,0.6,-60.8,-52.9,23.8,44.0,-95.5,14.4,0.0,149.0,0
D007185,4.9,1165.0,1.16,29.5,0.47,-68.3,-49.0,23.3,44.0,-95.2,11.4,1.0,129.0,1
D007186,5.3,1168.0,1.04,25.5,0.5,-63.5,-50.7,22.9,45.0,-96.0,11.0,0.0,133.0,1
D007187,5.6,1189.0,1.05,28.0,0.46,-65.7,-51.9,23.4,46.0,-95.5,7.4,0.0,132.0,1
D007188,3.9,1249.0,0.85,21.0,0.51,-67.0,-52.1,24.5,42.0,-97.8,18.3,0.0,130.0,1
D007189,3.4,1222.0,1.32,29.0,0.54,-62.9,-53.0,25.3,,-99.4,6.1,0.0,137.0,1
D007190,4.8,1158.0,1.13,29.0,0.51,-66.6,-50.0,24.3,48.0,-96.0,9.4,0.0,135.0,1
D007191,4.9,1154.0,1.08,32.0,0.51,-65.5,-51.7,23.0,48.0,,7.6,1.0,129.0,1
D007192,3.9,1329.0,1.51,39.0,0.52,-63.3,-50.3,24.5,58.0,-99.6,8.5,0.0,144.0,1
D007193,4.7,1140.0,1.17,31.0,0.46,-66.7,-50.0,24.6,45.0,-95.8,10.0,1.0,129.0,1
D007194,4.9,1142.0,1.14,29.5,0.5,-63.5,-51.0,25.0,42.0,-95.5,5.9,0.0,134.0,1
D007195,6.8,1293.0,1.09,22.0,,-68.9,-52.9,25.7,44.0,-97.9,0.7,0.0,143.0,1
D007196,5.4,1027.0,1.11,37.0,0.31,-60.1,-52.3,21.1,30.0,-96.2,4.9,1.0,142.0,0
D007197,5.6,1155.0,1.13,28.5,0.5,-67.6,-49.2,24.6,44.0,-94.9,11.5,0.0,123.0,1
D007198,5.1,1175.0,1.03,30.0,0.5,-64.0,-50.8,24.8,46.0,-95.9,,0.0,130.0,1
D007199,4.9,1179.0,1.52,23.0,0.58,-68.7,-53.5,23.5,51.0,-99.4,9.3,1.0,103.0,0
D007200,6.3,1341.0,0.91,22.5,0.58,-60.1,-53.5,21.6,38.0,-93.4,13.6,1.0,126.0,1
D007201,4.4,1207.0,1.13,31.0,0.43,-66.9,-52.2,24.9,48.0,-93.8,9.4,0.0,123.0,1
D007202,4.4,1116.0,1.14,28.5,0.46,-65.0,-49.1,25.0,41.0,-95.1,3.3,1.0,131.0,1
D007203,,1329.0,0.9,39.0,0.31,-67.4,-52.3,29.7,41.0,-91.6,,0.0,115.0,0
D007204,4.5,1226.0,1.03,28.0,0.45,-65.5,-50.0,23.1,49.0,-94.7,9.8,1.0,130.0,1
D007205,5.1,1205.0,1.09,29.0,0.52,-66.2,-50.4,22.8,44.0,-97.1,11.6,1.0,133.0,1
D007206,5.5,1222.0,1.18,28.0,0.44,-65.3,-50.7,24.6,44.0,-93.2,9.7,0.0,120.0,1
D007207,5.5,1192.0,0.96,30.5,0.46,-65.6,-49.8,23.8,41.0,-95.3,11.3,1.0,123.0,1
D007208,6.0,1198.0,1.21,29.5,0.49,-66.8,-50.1,25.0,41.0,-95.5,7.5,1.0,139.0,1
D007209,4.6,1241.0,1.1,30.5,0.47,-67.2,-48.6,25.5,46.0,-95.5,5.6,0.0,122.0,1
D007210,4.1,1219.0,1.16,30.5,,-65.9,-51.6,23.9,41.0,-95.8,12.1,1.0,126.0,1
D007211,4.7,1353.0,1.57,31.5,0.34,-68.6,-47.9,23.1,45.0,-90.2,0.4,0.0,113.0,0
D007212,4.5,1193.0,1.14,28.0,0.55,-65.5,-51.2,25.6,43.0,-95.0,7.9,1.0,126.0,1
D007213,4.4,1150.0,1.1,39.5,0.52,-62.2,-54.7,29.5,39.0,-97.1,8.1,0.0,127.0,0
D007214,3.0,1233.0,0.91,23.0,0.37,-64.2,-45.6,20.1,43.0,-91.8,9.8,1.0,119.0,0
D007215,4.8,1127.0,0.89,28.0,0.47,-65.4,-51.5,23.4,41.0,-96.8,6.9,0.0,120.0,1
D007216,4.8,1001.0,1.53,28.5,0.34,-69.6,-45.7,21.8,44.0,-95.2,6.1,0.0,145.0,0
D007217,6.4,1116.0,1.31,37.5,0.46,-61.0,-52.6,22.0,39.0,-91.2,12.8,0.0,102.0,0
D007218,4.9,1189.0,1.12,28.5,0.47,-66.0,-48.7,22.6,45.0,-95.0,8.6,0.0,130.0,1
D007219,4.0,1110.0,1.32,33.5,0.68,-66.2,-48.6,26.4,35.0,-94.8,5.5,1.0,106.0,0
D007220,6.1,1089.0,0.81,31.5,0.61,-60.2,-48.0,28.6,59.0,-91.1,4.3,1.0,121.0,0
D007221,3.7,1117.0,1.28,34.0,0.59,-63.6,-54.5,27.2,40.0,-91.1,16.3,1.0,120.0,0
D007222,4.3,1182.0,1.07,27.5,0.55,-66.1,-49.0,23.5,43.0,-95.6,9.4,0.0,123.0,1
D007223,4.4,1081.0,1.01,39.5,0.33,-64.0,-52.7,25.1,52.0,-90.3,6.2,0.0,117.0,1
D007224,5.0,1243.0,1.1,32.0,0.44,-67.1,-50.7,24.2,42.0,-96.1,13.5,0.0,132.0,1
D007225,3.8,1132.0,1.11,30.0,0.47,-65.0,-49.1,21.7,44.0,-96.3,5.2,0.0,123.0,1
D007226,4.5,1155.0,1.03,29.0,0.43,-64.0,-50.9,22.6,49.0,-94.0,8.4,1.0,124.0,1
D007227,5.1,1173.0,1.32,31.5,0.37,-65.5,-51.7,23.2,48.0,-97.7,6.7,0.0,125.0,1
D007228,5.4,1230.0,1.18,32.5,0.48,-66.9,-48.2,24.4,50.0,-96.9,13.0,1.0,120.0,1
D007229,6.4,1360.0,1.37,35.5,0.35,-69.5,-51.0,26.1,39.0,-96.2,6.4,1.0,124.0,1
D007230,4.7,1172.0,1.02,28.5,0.42,-66.4,-48.9,23.8,41.0,-94.7,10.1,1.0,126.0,1
D007231,5.0,1180.0,1.21,31.5,0.5,-66.3,-48.9,25.0,,-95.2,6.3,1.0,128.0,1
D007232,5.4,1070.0,1.42,24.0,0.4,-62.8,-53.7,25.1,55.0,-94.9,14.2,0.0,103.0,0
D007233,4.9,1150.0,1.16,30.5,0.46,-65.7,-50.4,23.0,46.0,-95.4,8.5,1.0,128.0,1
D007234,4.7,1178.0,1.01,21.5,0.52,-65.0,-50.2,25.1,46.0,-97.2,13.2,0.0,124.0,1
D007235,5.8,1245.0,0.94,27.5,0.54,-65.5,-54.3,25.6,50.0,-91.4,15.4,1.0,112.0,1
D007236,4.4,1207.0,1.14,32.0,0.52,-65.3,-50.2,23.1,42.0,-96.0,9.4,1.0,121.0,1
D007237,5.0,1210.0,1.08,31.5,0.57,-64.6,-50.3,23.8,42.0,-95.9,9.6,0.0,122.0,1
D007238,3.9,1038.0,1.52,20.5,0.69,-61.0,-45.6,25.3,38.0,-97.4,8.6,1.0,108.0,0
D007239,3.0,1320.0,1.1,38.5,0.43,-64.0,-48.7,21.7,50.0,-97.7,16.9,1.0,119.0,0
D007240,5.0,1145.0,1.17,28.0,0.54,-64.5,-49.5,23.5,43.0,-97.1,11.1,0.0,123.0,1
D007241,5.8,1026.0,0.83,36.5,0.67,-68.2,-50.0,27.4,35.0,-99.0,10.0,0.0,128.0,1
D007242,4.9,1241.0,1.09,30.5,0.5,-65.2,-49.9,24.5,43.0,-95.4,8.5,0.0,126.0,1
D007243,5.0,1178.0,1.15,30.5,0.45,-64.2,-50.4,24.1,49.0,-94.2,6.6,1.0,131.0,1
D007244,3.4,1006.0,0.98,24.5,0.46,-69.3,-46.9,21.5,,-96.6,3.7,0.0,141.0,1
D007245,4.5,1174.0,1.05,29.0,0.5,-65.0,-51.7,24.1,38.0,-94.2,7.5,1.0,132.0,1
D007246,5.0,1178.0,1.26,22.0,0.58,-67.5,-50.6,22.6,53.0,-96.5,9.6,1.0,120.0,0
D007247,5.1,1119.0,1.0,26.0,0.35,-64.5,-50.7,23.5,46.0,-95.3,14.4,1.0,129.0,0
D007248,4.4,1006.0,1.54,35.5,0.37,-62.8,-52.2,26.7,,-94.7,13.0,1.0,134.0,0
D007249,5.0,1217.0,1.16,29.0,0.47,-65.3,-49.4,24.6,43.0,-94.9,11.0,0.0,134.0,1
D007250,4.3,1200.0,1.07,33.5,0.48,-66.8,-50.3,22.3,42.0,-96.2,6.6,1.0,130.0,0
D007251,4.0,1278.0,0.86,21.5,0.65,-65.9,-46.0,28.1,53.0,-90.9,3.5,1.0,104.0,0
D007252,5.3,1269.0,1.27,37.5,0.43,-69.2,-51.8,,38.0,-91.3,21.0,1.0,139.0,1
D007253,5.5,1206.0,1.31,30.0,0.44,-66.1,-50.9,23.0,39.0,-94.4,8.3,1.0,141.0,1
D007254,4.3,1147.0,1.09,29.0,0.53,-63.7,-49.0,22.9,42.0,-95.8,9.3,0.0,131.0,1
D007255,5.4,1276.0,1.2,29.0,0.49,-66.2,-49.7,23.5,45.0,-95.3,4.5,1.0,128.0,1
D007256,3.9,1084.0,0.86,25.0,0.68,-64.3,-52.5,26.3,53.0,-96.2,3.9,1.0,111.0,0
D007257,4.9,1215.0,1.21,27.0,0.43,-64.9,-51.3,24.5,44.0,-94.0,10.7,1.0,130.0,1
D007258,4.7,1138.0,1.08,30.5,0.5,-64.6,-51.8,23.0,48.0,-95.4,4.6,1.0,122.0,1
D007259,3.9,1197.0,1.19,30.0,0.49,-65.0,-49.0,24.9,45.0,-96.6,14.8,0.0,124.0,0
D007260,5.2,1161.0,1.13,27.0,0.46,-65.5,-50.0,23.8,48.0,-95.9,8.1,1.0,127.0,1
D007261,5.9,1312.0,1.44,38.0,0.3,-64.5,-53.5,20.1,44.0,-94.2,17.3,1.0,120.0,0
D007262,5.3,1133.0,1.09,28.5,0.46,-64.6,-50.3,23.8,41.0,-96.5,12.1,1.0,125.0,1
D007263,4.3,1150.0,1.11,27.5,0.5,-65.7,-50.8,22.4,47.0,-94.2,5.1,1.0,118.0,0
D007264,4.5,1204.0,1.17,26.5,0.47,-65.4,-49.0,25.8,46.0,-95.8,8.7,1.0,122.0,0
D007265,4.9,1146.0,1.11,28.0,0.51,-65.4,-49.5,24.0,41.0,-95.1,11.7,1.0,125.0,1
D007266,5.0,1168.0,0.95,30.0,0.4,-64.4,-50.0,25.1,44.0,-95.5,11.8,1.0,121.0,1
D007267,4.8,1099.0,1.1,30.0,0.45,-67.7,-50.2,24.6,42.0,-98.0,6.0,1.0,128.0,1
D007268,6.6,1122.0,1.42,20.0,0.68,-65.4,-48.4,21.9,42.0,-95.0,22.3,1.0,104.0,0
D007269,4.5,1204.0,1.14,30.0,0.53,-63.9,-50.2,24.3,,-96.4,11.9,1.0,125.0,1
D007270,5.4,1226.0,1.06,30.0,0.48,-65.6,-49.5,24.6,42.0,-95.1,9.5,1.0,130.0,1
D007271,4.7,1190.0,0.98,32.5,0.45,-65.6,-49.1,23.7,43.0,-96.2,13.1,1.0,133.0,1
D007272,3.7,1197.0,,20.0,0.55,-65.5,-48.5,24.5,35.0,-95.7,15.7,1.0,122.0,0
D007273,4.5,1194.0,1.21,29.0,0.46,-67.6,-51.0,24.3,42.0,-98.0,6.6,0.0,120.0,1
D007274,4.8,1172.0,0.98,30.0,0.48,-66.0,-52.5,24.4,,-95.5,9.7,0.0,129.0,1
D007275,3.6,1264.0,0.88,22.0,0.48,-66.3,-53.2,25.8,44.0,-99.7,23.3,0.0,138.0,0
D007276,5.5,1249.0,0.93,39.0,0.5,-66.5,-47.4,22.3,42.0,-90.6,16.6,0.0,126.0,1
D007277,4.2,1181.0,1.02,33.0,0.51,-63.7,-49.8,24.5,43.0,-97.5,10.0,1.0,133.0,1
D007278,4.5,1248.0,1.25,31.5,0.53,-63.8,-49.6,26.0,48.0,-95.9,6.5,0.0,128.0,1
D007279,4.3,1177.0,1.01,30.0,0.48,-66.6,-50.1,24.7,50.0,-95.5,9.2,1.0,129.0,1
D007280,5.3,1123.0,1.23,31.5,0.49,-66.9,-50.6,24.1,42.0,-94.7,8.9,0.0,128.0,1
D007281,6.4,1065.0,0.95,27.5,0.5,-62.3,-48.2,22.5,57.0,-97.9,12.5,1.0,123.0,1
D007282,4.3,1104.0,1.12,,0.45,-65.2,-50.2,22.8,41.0,-94.3,,1.0,129.0,0
D007283,4.4,1235.0,1.04,25.5,0.52,-63.9,-48.8,21.9,43.0,-93.9,11.0,1.0,128.0,0
D007284,4.1,1214.0,1.26,37.5,0.56,-68.0,-54.5,29.9,31.0,-93.5,21.5,0.0,131.0,0
D007285,4.4,1175.0,1.08,31.0,0.49,-65.5,-51.2,24.7,45.0,-94.1,10.6,0.0,135.0,1
D007286,5.0,1102.0,1.15,28.0,0.46,-65.6,-50.8,25.0,48.0,-95.7,9.8,0.0,118.0,1
D007287,6.6,1329.0,0.94,33.0,0.32,-70.0,-54.7,26.6,35.0,-91.9,3.6,1.0,119.0,1
D007288,6.3,1352.0,0.95,30.5,0.63,-61.0,-46.2,20.6,39.0,-98.1,22.3,0.0,108.0,0
D007289,4.6,1305.0,1.22,35.5,0.7,-60.4,-53.5,23.2,56.0,-91.7,16.1,1.0,123.0,0
D007290,4.0,1378.0,0.85,27.0,0.43,,-51.0,29.7,55.0,-93.1,,1.0,141.0,0
D007291,4.5,1147.0,1.08,25.0,0.4,-66.0,-52.3,25.3,41.0,-95.8,11.2,0.0,140.0,1
D007292,4.4,1226.0,1.18,33.0,0.5,-64.9,-50.1,24.6,44.0,-93.6,8.2,0.0,124.0,1
D007293,4.1,1219.0,1.27,27.5,0.43,-65.9,-49.8,24.2,48.0,-95.4,7.7,0.0,133.0,1
D007294,5.7,1207.0,1.53,37.0,0.51,-62.4,-51.2,20.3,55.0,-96.7,11.0,0.0,144.0,1
D007295,4.7,1105.0,1.15,32.5,0.46,-65.7,-48.8,23.7,45.0,-94.8,9.2,1.0,133.0,1
D007296,4.9,1241.0,1.12,29.5,0.54,-66.3,-48.6,26.1,44.0,-95.8,5.4,0.0,130.0,1
D007297,4.8,1166.0,1.07,30.5,0.53,-66.3,-50.5,23.6,36.0,-94.8,10.7,1.0,132.0,1
D007298,4.2,1351.0,1.6,24.5,0.36,-68.7,-49.0,24.8,54.0,-91.6,9.2,1.0,136.0,0
D007299,3.8,1377.0,1.05,28.5,0.52,-65.3,-46.6,27.7,32.0,-92.5,12.5,1.0,118.0,0
D007300,4.3,1334.0,1.4,27.0,0.61,-63.3,-48.7,24.4,56.0,-95.5,17.1,0.0,143.0,0
D007301,5.7,1219.0,1.18,32.0,0.46,-65.8,-49.3,24.8,48.0,-95.3,9.2,0.0,127.0,1
D007302,4.8,1248.0,1.07,27.5,0.46,-64.6,-50.3,24.8,45.0,-94.7,,0.0,137.0,1
D007303,4.4,1172.0,1.03,32.0,0.44,-65.9,-51.4,22.4,44.0,-97.1,7.2,1.0,129.0,1
D007304,5.2,1229.0,1.13,31.0,0.51,-65.3,-49.5,24.8,47.0,-96.4,7.3,1.0,123.0,1
D007305,6.4,1102.0,1.13,31.5,0.65,-67.1,-53.4,26.0,33.0,-94.8,1.2,,138.0,1
D007306,4.5,1174.0,1.09,30.5,0.49,-65.3,-49.0,23.1,45.0,-94.7,13.3,0.0,127.0,1
D007307,4.7,1193.0,1.13,27.5,0.49,-64.6,-49.6,24.8,45.0,-93.9,11.2,1.0,130.0,1
D007308,5.5,1192.0,1.06,29.5,0.52,-67.0,-51.2,25.3,41.0,-94.9,9.2,0.0,135.0,1
D007309,5.3,1114.0,1.08,27.0,0.48,-65.9,-50.8,24.0,48.0,-95.5,5.8,1.0,127.0,1
D007310,4.5,1178.0,1.14,27.0,0.52,-65.3,-47.8,24.3,46.0,-97.9,8.4,0.0,128.0,0
D007311,5.2,1106.0,1.1,34.0,0.52,-63.4,-51.7,25.5,55.0,-94.7,19.7,0.0,,0
D007312,5.0,1237.0,1.06,20.5,0.61,-61.9,-54.8,26.8,58.0,-93.3,1.4,0.0,139.0,1
D007313,4.9,1179.0,0.99,28.0,0.41,-64.0,-50.0,22.5,42.0,-95.9,7.2,1.0,128.0,0
D007314,5.5,1329.0,1.45,21.5,0.34,-65.9,-54.5,25.6,36.0,-90.8,8.4,1.0,150.0,1
D007315,7.0,1276.0,0.9,36.5,0.55,-66.8,-46.4,24.9,40.0,-93.4,12.9,1.0,137.0,1
D007316,4.4,1198.0,1.07,33.0,0.46,-67.0,-50.0,22.1,43.0,-96.1,10.6,1.0,129.0,1
D007317,5.0,1193.0,1.09,30.5,0.55,-65.6,-49.1,21.5,,-95.9,10.0,0.0,122.0,1
D007318,5.8,1127.0,1.32,20.0,0.48,-69.2,-47.7,28.6,41.0,-96.8,1.1,1.0,141.0,1
D007319,4.2,1166.0,,29.0,0.4,-65.9,-47.5,27.4,59.0,-96.3,7.8,0.0,148.0,1
D007320,5.0,1221.0,1.07,33.0,0.53,-65.8,-48.3,24.4,41.0,-96.1,7.7,1.0,121.0,1
D007321,4.1,1126.0,1.07,26.5,0.47,-62.9,-50.5,23.6,42.0,-95.4,15.9,1.0,125.0,0
D007322,5.3,1118.0,1.09,27.0,0.5,-65.9,-49.7,23.5,48.0,-96.2,7.3,0.0,127.0,1
D007323,6.9,1182.0,1.44,35.5,0.36,-62.9,-46.8,21.3,,-92.3,4.1,0.0,104.0,1
D007324,4.6,1144.0,1.15,27.5,0.44,-66.1,-49.6,23.8,41.0,-95.1,7.7,1.0,126.0,1
D007325,4.2,1151.0,1.26,23.5,0.36,-64.1,-53.2,21.5,34.0,-91.5,4.7,0.0,111.0,0
D007326,5.0,1225.0,1.22,29.0,0.52,-65.6,-50.7,23.0,48.0,-94.5,5.7,1.0,121.0,1
D007327,5.1,1196.0,0.97,30.0,0.47,-67.2,-50.3,23.9,45.0,-95.8,5.5,0.0,109.0,1
D007328,4.4,1155.0,1.03,27.5,0.49,-64.1,-51.0,24.9,41.0,-93.8,10.4,1.0,129.0,1
D007329,5.5,1127.0,1.03,32.5,0.56,-65.7,-49.4,25.3,40.0,-94.5,6.5,1.0,125.0,1
D007330,5.0,1220.0,1.1,31.0,0.5,-67.3,-50.9,23.5,45.0,-93.7,10.8,0.0,134.0,1
D007331,4.3,1214.0,1.08,31.5,0.45,-66.3,-49.0,24.6,40.0,-94.4,,0.0,128.0,1
D007332,4.6,1235.0,1.09,31.5,0.51,-64.6,-49.8,24.9,40.0,-96.2,7.3,1.0,132.0,1
D007333,3.3,1037.0,0.89,28.5,0.35,-65.0,-52.1,21.6,42.0,-95.4,13.8,1.0,143.0,0
D007334,4.7,1350.0,0.91,30.5,0.45,-64.6,-52.0,26.8,46.0,-90.7,12.7,0.0,125.0,1
D007335,4.6,1183.0,1.18,33.0,0.51,-65.8,-50.5,23.0,47.0,-96.4,13.6,1.0,132.0,0
D007336,4.4,1205.0,1.36,28.5,0.54,-63.6,-46.2,26.2,60.0,-97.0,10.2,1.0,105.0,0
D007337,4.2,1202.0,1.24,29.0,0.44,-66.7,-50.9,24.2,44.0,-97.4,9.0,1.0,132.0,1
D007338,3.8,1032.0,1.29,28.0,0.65,-67.4,-48.9,25.3,50.0,-92.4,5.5,0.0,115.0,0
D007339,4.6,1109.0,1.0,30.0,0.44,-64.0,-49.1,22.9,45.0,-97.1,,1.0,124.0,1
D007340,5.7,1189.0,1.07,28.5,0.46,-66.2,-50.7,23.8,47.0,-95.3,10.1,1.0,125.0,1
D007341,5.2,1182.0,1.16,29.0,0.48,-64.8,-50.8,22.9,48.0,-96.4,5.4,0.0,128.0,1
D007342,4.6,1184.0,1.22,31.0,0.53,-65.8,-50.2,24.8,45.0,-95.5,11.2,1.0,126.0,1
D007343,5.0,1189.0,1.06,26.0,0.45,-64.9,-49.5,23.6,40.0,-95.7,,0.0,127.0,0
D007344,5.3,1156.0,1.1,27.5,0.47,-64.0,-49.8,25.5,43.0,-97.4,9.6,0.0,134.0,1
D007345,5.3,1155.0,1.53,39.0,0.51,-61.3,-53.8,24.0,43.0,-99.4,19.7,0.0,,1
D007346,4.9,1199.0,1.11,30.5,0.47,-66.8,-50.6,24.3,47.0,-95.0,8.6,1.0,133.0,1
D007347,3.1,1271.0,0.93,25.5,0.38,-61.8,-47.1,26.3,54.0,-92.5,17.0,1.0,131.0,0
D007348,4.3,,1.07,28.0,0.49,-66.0,-50.6,25.6,42.0,-95.1,8.4,1.0,139.0,1
D007349,4.5,1260.0,1.09,28.0,0.49,-66.6,-50.4,23.5,42.0,-95.3,6.5,0.0,125.0,1
D007350,4.4,1212.0,0.87,24.0,,-69.1,-51.6,28.7,55.0,-98.1,8.2,1.0,119.0,0
D007351,5.2,1143.0,1.13,27.5,0.43,-66.0,-50.7,24.1,,-96.8,7.7,0.0,128.0,1
D007352,4.6,1215.0,1.24,31.5,0.31,-69.7,-52.2,24.7,41.0,-95.1,2.5,0.0,136.0,1
D007353,7.0,1144.0,1.53,21.5,0.62,-69.5,-47.9,27.6,58.0,-96.4,8.6,1.0,112.0,0
D007354,4.4,1204.0,1.17,32.5,0.51,-64.9,-51.2,24.4,41.0,-94.7,8.4,1.0,129.0,1
D007355,4.8,1231.0,1.09,30.0,0.49,-65.2,-49.8,24.0,40.0,-94.8,9.0,0.0,126.0,1
D007356,4.9,1146.0,1.07,27.5,0.49,-64.9,-49.6,24.8,46.0,-95.5,9.1,0.0,120.0,1
D007357,5.0,1170.0,1.01,31.0,0.49,-66.1,-49.8,23.0,43.0,-94.6,,0.0,131.0,1
D007358,5.8,1325.0,1.33,28.5,0.36,-69.5,-51.0,21.6,56.0,-93.3,8.2,1.0,101.0,0
D007359,4.5,1201.0,1.06,27.5,0.51,-67.4,-50.5,22.9,47.0,-97.4,7.6,1.0,122.0,1
D007360,6.1,1092.0,1.22,39.5,0.57,-63.4,-46.2,27.7,57.0,-98.4,5.2,1.0,145.0,1
D007361,4.7,1321.0,1.18,20.0,0.42,-61.2,-48.5,29.1,56.0,-94.1,2.7,0.0,137.0,0
D007362,4.5,1291.0,0.94,22.0,0.58,-64.0,-54.3,25.6,34.0,-94.8,4.9,1.0,130.0,1
D007363,5.8,1028.0,0.9,24.0,0.64,-60.6,-48.6,21.1,44.0,-92.9,16.5,0.0,100.0,0
D007364,4.8,1165.0,0.97,29.5,0.47,-65.4,-48.9,22.4,43.0,-97.7,9.3,1.0,125.0,0
D007365,4.9,1176.0,1.04,31.0,0.44,-65.2,-49.4,22.5,42.0,-94.7,10.5,1.0,132.0,1
D007366,4.3,1272.0,1.19,29.5,0.41,-64.1,-49.9,22.5,45.0,-96.9,8.4,1.0,130.0,1
D007367,4.8,1191.0,1.09,26.0,0.53,-65.5,-50.2,25.1,42.0,-96.6,10.6,1.0,137.0,0
D007368,6.6,1095.0,1.37,21.0,0.5,-61.2,-46.4,20.1,33.0,-94.7,11.6,1.0,124.0,0
D007369,4.7,1205.0,1.06,27.0,0.46,-66.2,-49.4,23.9,44.0,-95.4,8.9,1.0,118.0,1
D007370,4.6,1235.0,1.21,,0.47,-64.5,-49.3,22.6,45.0,-97.5,6.1,1.0,129.0,1
D007371,3.3,1129.0,1.46,20.5,0.36,-70.0,-53.9,26.3,44.0,-97.1,0.1,1.0,108.0,0
D007372,4.6,1150.0,0.99,28.0,0.49,-65.7,-50.5,24.3,44.0,-95.9,11.0,0.0,124.0,1
D007373,5.1,1154.0,1.0,29.0,0.46,-64.2,-49.2,22.9,45.0,-96.9,,1.0,128.0,1
D007374,4.2,1266.0,0.97,35.0,0.34,-62.9,-45.2,25.5,42.0,-96.3,18.7,0.0,132.0,0
D007375,4.9,1116.0,1.2,30.5,0.5,-67.4,-48.6,26.8,43.0,-96.8,7.2,1.0,133.0,1
D007376,4.4,1205.0,,31.0,0.51,-67.3,-49.6,23.9,47.0,-95.9,7.2,0.0,125.0,1
D007377,5.0,1152.0,1.03,28.5,0.44,-65.2,-50.1,23.6,44.0,-95.1,9.9,0.0,129.0,0
D007378,5.2,1196.0,1.02,,0.5,-65.5,-50.3,25.2,45.0,-97.3,13.9,1.0,133.0,1
D007379,6.6,1051.0,1.29,31.0,0.61,-64.7,-53.7,20.7,53.0,-90.0,0.5,0.0,121.0,0
D007380,5.3,1122.0,1.03,26.0,0.44,-64.3,-50.3,23.6,44.0,-95.4,10.5,1.0,125.0,0
D007381,,1203.0,0.96,28.5,0.48,-65.1,-51.3,23.2,47.0,-95.6,11.6,1.0,130.0,1
D007382,4.2,1076.0,1.5,31.5,0.51,-67.1,-46.0,27.5,47.0,-93.5,5.8,0.0,146.0,0
D007383,5.2,1199.0,1.12,28.5,0.52,-65.9,-50.6,22.3,45.0,-96.2,9.4,1.0,128.0,1
D007384,5.0,1199.0,1.06,28.0,0.44,-65.2,-51.3,25.0,40.0,-95.6,3.9,1.0,129.0,1
D007385,4.5,1128.0,1.12,25.0,0.47,,-48.9,25.3,41.0,-96.2,12.0,0.0,131.0,1
D007386,4.7,1248.0,1.27,30.5,0.53,-63.9,-52.0,24.2,45.0,-96.2,20.7,0.0,119.0,0
D007387,5.0,1165.0,0.92,25.5,0.55,-65.8,-50.4,24.6,44.0,,9.9,0.0,127.0,1
D007388,6.1,1311.0,1.29,39.0,0.3,-65.3,-50.7,28.5,36.0,-95.0,8.3,1.0,125.0,1
D007389,4.7,1157.0,1.18,29.0,0.56,-66.7,-51.9,24.7,45.0,-95.7,8.9,0.0,123.0,1
D007390,5.1,1227.0,1.15,29.0,0.43,-63.9,-50.9,25.0,46.0,-93.9,8.7,1.0,128.0,0
D007391,5.1,,1.15,31.0,0.45,-64.7,-48.9,23.7,48.0,-95.8,8.4,0.0,128.0,1
D007392,4.1,1175.0,1.45,27.5,0.55,-67.5,-46.9,29.9,30.0,-91.6,5.7,1.0,101.0,0
D007393,5.1,1115.0,1.14,25.5,0.45,-64.7,-50.2,23.1,42.0,-95.0,7.8,1.0,131.0,1
D007394,5.3,1165.0,1.07,27.0,0.49,-64.6,-49.8,22.6,43.0,-97.2,8.2,1.0,113.0,0
D007395,5.1,1172.0,1.04,25.5,0.5,-62.8,-50.2,25.0,44.0,-96.1,12.7,0.0,123.0,0
D007396,4.9,1129.0,1.5,26.0,0.7,-60.2,-49.8,26.6,55.0,-94.4,10.0,1.0,117.0,0
D007397,4.9,1152.0,1.17,29.5,0.48,-66.4,-51.0,24.5,43.0,-96.9,11.2,1.0,123.0,1
D007398,6.0,1126.0,0.82,37.0,,-62.3,-50.3,28.7,35.0,-95.3,17.6,1.0,109.0,1
D007399,3.8,1061.0,1.52,32.0,0.53,-61.3,-54.5,24.0,32.0,-94.0,6.8,1.0,126.0,0
D007400,5.8,1100.0,1.18,25.5,0.33,-61.5,-52.5,26.0,33.0,-93.6,,1.0,107.0,0
D007401,4.9,1003.0,1.24,28.0,0.37,-62.1,-51.5,22.8,40.0,-92.2,,0.0,124.0,0
D007402,5.4,1154.0,1.1,26.0,0.5,-64.4,-49.8,24.8,43.0,-96.1,9.3,1.0,130.0,1
D007403,4.6,1217.0,1.02,28.5,0.52,-64.8,-49.5,23.7,46.0,-95.5,5.8,1.0,116.0,1
D007404,4.4,1211.0,0.98,29.5,0.44,-66.0,-48.0,24.0,44.0,-94.3,6.3,1.0,145.0,1
D007405,3.1,1001.0,1.04,27.5,0.36,-62.2,-54.9,24.0,48.0,-99.4,3.3,1.0,110.0,0
D007406,4.9,1225.0,1.13,30.5,0.53,-66.8,-48.1,24.5,43.0,-96.8,8.6,,130.0,1
D007407,5.1,1151.0,1.2,26.0,0.52,-65.6,-49.5,22.6,42.0,-95.3,9.0,1.0,124.0,0
D007408,5.0,1166.0,1.19,,0.4,-64.8,-50.4,22.5,44.0,-96.1,8.7,1.0,124.0,1
D007409,4.7,1253.0,1.21,29.5,0.45,-66.0,-51.0,23.2,44.0,,11.1,1.0,129.0,0
D007410,4.9,1133.0,1.11,29.0,0.49,-64.8,-48.7,,47.0,-94.7,9.4,1.0,125.0,1
D007411,5.0,1148.0,1.2,25.0,0.46,-64.5,-49.1,23.5,45.0,-96.2,6.3,1.0,125.0,0
D007412,4.5,1146.0,1.17,28.0,0.51,-66.7,-50.3,23.5,41.0,-95.1,12.6,0.0,136.0,1
D007413,3.7,1354.0,1.24,38.0,0.3,-68.7,-45.3,,43.0,-96.3,11.9,1.0,112.0,0
D007414,4.3,1134.0,1.15,25.5,0.41,-65.2,-49.6,24.8,42.0,-92.8,8.0,1.0,134.0,0
D007415,5.2,1209.0,1.13,28.0,0.6,-66.2,-48.3,26.5,46.0,-99.0,14.4,1.0,117.0,0
D007416,5.2,1203.0,1.01,29.5,0.44,-65.4,-49.5,25.5,47.0,-95.6,10.9,0.0,128.0,1
D007417,4.8,1138.0,1.06,25.5,0.47,-64.5,-50.4,22.5,48.0,-96.0,6.8,1.0,124.0,1
D007418,,1146.0,1.05,31.0,0.54,-66.4,-50.6,24.0,47.0,-95.9,12.1,0.0,139.0,1
D007419,4.3,1205.0,1.09,26.0,0.49,,-49.5,23.8,43.0,-96.4,6.4,0.0,127.0,1
D007420,6.0,1293.0,0.84,24.5,0.42,-66.9,-50.9,28.1,54.0,-95.9,5.4,1.0,109.0,0
D007421,3.6,1360.0,1.2,34.0,0.52,-61.6,-50.7,29.1,37.0,-94.6,18.4,1.0,150.0,0
D007422,4.0,1188.0,1.14,32.0,0.45,-66.1,-50.0,23.5,48.0,-95.2,4.7,1.0,129.0,1
D007423,5.3,1228.0,1.05,30.5,0.48,-65.7,-50.4,25.2,44.0,-93.4,7.8,1.0,122.0,1
D007424,5.2,,1.1,23.5,0.42,-65.6,-51.0,24.5,42.0,-96.0,12.6,1.0,135.0,0
D007425,4.8,1283.0,1.19,20.5,0.39,-67.4,-49.1,29.6,35.0,-98.8,23.0,1.0,147.0,0
D007426,5.0,1147.0,1.06,29.0,0.49,-66.7,-50.4,25.1,47.0,-94.0,11.0,1.0,132.0,1
D007427,4.3,1188.0,1.06,30.0,0.49,-66.6,-49.6,22.6,46.0,-96.9,10.6,1.0,130.0,1
D007428,4.3,1193.0,1.01,33.5,0.33,-66.5,,20.0,46.0,-96.6,14.5,0.0,104.0,0
D007429,6.0,1185.0,1.05,29.5,0.49,-65.1,-50.9,24.6,48.0,-96.3,10.5,1.0,124.0,1
D007430,5.2,1035.0,1.08,26.5,0.32,-67.3,-53.7,28.4,31.0,-92.5,15.8,1.0,105.0,0
D007431,6.6,1109.0,1.38,38.0,0.58,-64.2,-46.4,21.9,37.0,-95.3,9.1,0.0,132.0,1
D007432,5.0,1158.0,1.08,33.5,0.48,-66.3,-49.6,22.7,46.0,-95.4,11.0,1.0,137.0,1
D007433,4.9,1313.0,1.34,25.0,0.31,-66.0,-51.5,25.7,40.0,-96.9,15.4,1.0,120.0,0
D007434,4.6,1156.0,1.11,27.5,0.52,-65.7,-48.6,25.4,37.0,-96.9,3.4,1.0,132.0,1
D007435,4.5,1219.0,1.02,30.5,0.35,-65.3,-49.7,22.4,40.0,-93.9,9.3,1.0,130.0,0
D007436,4.7,1158.0,1.17,29.0,0.48,-64.1,-51.3,24.1,45.0,-95.1,7.5,0.0,127.0,0
D007437,3.7,1104.0,0.83,25.0,0.64,-67.2,-51.6,28.5,40.0,-99.2,13.7,0.0,141.0,0
D007438,5.6,1147.0,0.95,29.0,0.53,-65.5,-49.6,24.4,45.0,-94.3,3.4,0.0,125.0,1
D007439,4.5,1023.0,1.08,31.0,0.58,-64.2,-45.1,25.6,36.0,-92.4,2.4,1.0,108.0,0
D007440,4.5,1164.0,1.05,28.5,0.45,-65.7,-49.3,24.8,46.0,-95.7,8.6,1.0,122.0,1
D007441,4.2,1224.0,1.19,29.5,0.48,-65.4,-49.5,25.2,50.0,-95.7,10.4,0.0,122.0,0
D007442,5.2,1193.0,1.01,30.0,0.53,-66.0,-48.4,23.3,47.0,-94.2,4.7,0.0,125.0,1
D007443,4.9,1268.0,1.09,32.0,0.35,-66.6,-54.1,25.8,52.0,-94.2,14.6,,133.0,0
D007444,4.5,1135.0,1.24,25.0,0.41,-64.2,-49.1,23.8,46.0,-98.5,14.2,1.0,107.0,0
D007445,5.0,,1.28,31.5,0.48,-65.2,-49.9,24.4,41.0,-95.9,10.6,1.0,132.0,1
D007446,4.4,1130.0,0.92,29.5,0.56,-65.6,-50.1,24.8,45.0,-93.9,10.5,1.0,129.0,1
D007447,5.6,1189.0,0.88,28.0,0.42,-64.6,-52.8,21.1,42.0,-90.4,21.0,1.0,107.0,1
D007448,4.9,1172.0,1.08,29.5,0.53,-66.1,-48.9,23.3,48.0,-95.2,12.5,0.0,139.0,1
D007449,4.5,1190.0,1.18,28.5,0.5,-66.8,-49.8,22.6,46.0,-96.1,10.8,0.0,135.0,1
D007450,4.2,1177.0,1.2,29.5,0.51,-65.8,-51.3,26.1,41.0,-96.5,11.1,0.0,120.0,0
D007451,5.2,1153.0,1.04,29.0,0.51,-67.1,-50.2,23.2,52.0,-95.5,14.5,1.0,127.0,1
D007452,4.8,1160.0,1.0,29.5,0.5,-65.4,,23.2,47.0,-94.1,6.4,1.0,,1
D007453,4.5,1140.0,1.11,27.0,0.41,-66.3,-49.2,23.0,36.0,,12.2,0.0,135.0,1
D007454,5.0,1192.0,1.16,26.0,0.43,-67.3,-50.5,24.7,45.0,-95.2,4.7,0.0,131.0,1
D007455,4.1,1190.0,1.09,28.5,0.5,-64.3,-50.9,25.2,48.0,-94.5,7.6,1.0,122.0,0
D007456,3.9,1122.0,1.15,23.5,0.45,-65.6,-49.5,25.4,,-95.8,6.8,1.0,124.0,0
D007457,5.6,1174.0,1.13,28.0,0.43,-66.8,-51.3,23.2,47.0,-95.3,6.1,1.0,129.0,1
D007458,4.8,1184.0,1.09,27.5,0.42,-66.5,-50.7,22.4,46.0,-95.7,,1.0,126.0,1
D007459,4.5,1167.0,1.05,28.5,0.5,-67.2,-49.9,23.3,46.0,-96.2,8.2,1.0,123.0,1
D007460,5.3,1352.0,1.4,36.0,0.35,-69.2,-49.3,26.1,41.0,-96.6,3.6,0.0,105.0,1
D007461,5.1,1184.0,0.98,29.5,0.47,-64.7,-48.3,23.5,48.0,-95.0,8.4,,,1
D007462,5.1,1187.0,1.06,31.0,0.52,-66.9,-49.8,,46.0,-93.7,10.3,1.0,119.0,1
D007463,4.8,1236.0,1.05,31.0,0.49,-67.2,-51.2,24.0,,-94.8,8.2,0.0,132.0,1
D007464,5.2,1186.0,1.1,29.0,0.51,-64.9,-48.7,22.1,46.0,-95.1,8.5,1.0,119.0,1
D007465,6.6,1372.0,1.07,34.5,0.63,-65.9,-54.7,29.8,33.0,-96.8,14.7,0.0,125.0,1
D007466,6.9,1393.0,,32.0,0.45,-65.2,-52.2,22.7,45.0,-98.7,19.4,1.0,102.0,1
D007467,4.9,1198.0,1.2,28.5,0.44,-65.3,-50.1,22.0,42.0,-96.5,7.9,0.0,117.0,1
D007468,3.7,1317.0,0.94,38.5,0.52,-63.6,-54.1,27.3,48.0,-99.6,3.4,1.0,129.0,1
D007469,4.7,1162.0,1.14,28.5,0.38,-65.4,-49.7,23.9,41.0,-97.2,9.5,0.0,126.0,1
D007470,5.3,1326.0,0.85,25.0,0.39,-64.8,-53.7,23.0,51.0,-90.1,13.6,1.0,140.0,1
D007471,,1080.0,1.26,29.0,0.44,-65.2,-47.9,25.4,58.0,-94.9,23.1,1.0,135.0,0
D007472,5.0,1107.0,1.2,24.5,0.54,-65.1,-50.6,24.3,43.0,-95.7,12.3,1.0,133.0,0
D007473,5.0,1204.0,1.08,28.0,0.52,-65.3,-50.6,22.9,40.0,-94.4,11.0,1.0,126.0,0
D007474,5.7,1164.0,1.06,26.0,0.46,-64.7,-49.7,25.2,45.0,-95.5,8.0,1.0,129.0,1
D007475,4.7,1151.0,1.16,31.5,0.46,-62.9,-50.5,23.7,45.0,-96.8,9.5,1.0,130.0,1
D007476,4.4,1221.0,1.07,32.5,0.62,-63.5,-54.1,24.8,38.0,-94.0,19.9,0.0,120.0,0
D007477,6.2,1148.0,1.18,24.5,0.5,-68.4,-53.3,20.4,36.0,-97.2,2.8,1.0,115.0,1
D007478,6.8,1107.0,1.18,26.5,0.63,-67.4,-48.5,28.8,34.0,-90.3,3.2,0.0,121.0,0
D007479,4.9,1357.0,1.51,32.5,0.41,-69.1,-53.9,20.9,38.0,-94.0,14.0,1.0,132.0,1
D007480,4.4,1182.0,1.08,31.0,0.49,-65.7,-50.3,24.0,43.0,-94.6,11.9,1.0,126.0,1
D007481,6.4,1192.0,1.46,39.0,0.6,,-48.5,29.0,44.0,-90.1,17.1,1.0,146.0,0
D007482,5.3,,1.12,26.5,0.47,-67.1,-49.2,24.2,45.0,-94.9,9.6,1.0,128.0,1
D007483,4.9,1244.0,1.09,30.0,0.51,-65.1,-51.0,24.3,42.0,-96.3,7.0,1.0,132.0,1
D007484,4.3,1203.0,,29.0,0.43,-65.1,-49.5,23.6,46.0,-95.0,7.4,0.0,132.0,1
D007485,4.7,1119.0,1.29,29.0,0.67,-60.7,-52.1,20.1,37.0,-94.3,8.7,0.0,112.0,0
D007486,6.7,1349.0,1.32,38.5,0.65,-69.8,-54.9,27.5,50.0,-98.5,14.3,1.0,130.0,1
D007487,5.1,1223.0,1.26,29.5,,-65.3,-48.7,23.6,49.0,-96.7,9.0,0.0,129.0,1
D007488,4.8,1107.0,1.12,30.5,0.51,-65.2,-50.4,25.1,52.0,-95.9,7.8,1.0,132.0,1
D007489,4.9,1207.0,1.18,24.5,0.5,,-50.3,25.2,41.0,-95.7,7.8,1.0,126.0,1
D007490,4.1,1242.0,1.59,32.0,0.49,-67.8,-49.5,29.2,43.0,-94.4,,1.0,112.0,0
D007491,4.7,1225.0,1.11,27.5,0.44,-65.9,-50.1,25.8,50.0,-95.0,5.7,0.0,122.0,1
D007492,5.0,1190.0,1.16,26.5,0.45,-64.0,-49.9,25.1,46.0,-95.8,12.2,1.0,139.0,1
D007493,3.8,1086.0,0.97,31.0,0.52,-65.1,-46.0,21.1,41.0,-94.8,8.1,0.0,126.0,0
D007494,3.7,1128.0,0.95,25.5,0.49,-65.2,-48.7,22.5,57.0,-94.2,13.5,1.0,101.0,0
D007495,4.6,1230.0,1.04,,0.41,-64.6,-50.9,22.8,47.0,-95.1,12.7,1.0,131.0,0
D007496,4.5,1202.0,1.21,29.0,0.56,-66.4,-48.9,24.2,44.0,-95.7,10.4,,132.0,0
D007497,3.0,1143.0,0.95,26.5,0.34,-69.1,,26.2,53.0,-98.3,6.5,1.0,113.0,0
D007498,3.5,1213.0,0.82,35.5,0.58,-65.5,-54.0,26.9,56.0,-92.1,16.3,0.0,109.0,0
D007499,5.8,1216.0,1.54,21.0,0.38,-62.5,-54.7,20.0,46.0,,16.6,1.0,121.0,0
D007500,6.5,1028.0,0.97,28.0,0.35,-66.1,-50.2,28.6,31.0,-98.0,6.3,0.0,130.0,1
D007501,6.3,1104.0,1.21,32.5,0.58,-68.4,-54.3,26.0,34.0,-96.6,2.9,1.0,111.0,1
D007502,5.0,,1.12,24.0,0.45,-62.1,-50.1,28.2,59.0,-92.3,6.3,1.0,147.0,0
D007503,4.7,1223.0,1.34,34.5,0.7,-61.5,-46.4,22.0,53.0,-99.6,13.1,1.0,117.0,0
D007504,4.8,1143.0,1.03,29.0,0.39,-65.2,-50.2,24.9,51.0,-96.2,12.8,0.0,127.0,1
D007505,5.5,1295.0,1.2,34.0,0.66,-66.0,-52.9,26.6,59.0,-98.0,6.8,0.0,105.0,1
D007506,4.8,1155.0,1.02,28.0,0.51,-64.7,,25.3,41.0,-95.1,7.5,1.0,128.0,1
D007507,5.1,1231.0,1.33,21.0,0.31,-63.9,-50.2,28.4,40.0,-98.6,20.9,1.0,133.0,0
D007508,5.4,1124.0,1.07,29.0,0.47,-64.6,-50.3,22.9,45.0,-94.7,7.1,0.0,131.0,1
D007509,5.5,1140.0,1.11,31.0,0.44,-65.3,-51.0,23.3,42.0,-94.7,13.4,0.0,128.0,1
D007510,3.8,1278.0,1.17,30.5,0.59,-65.9,-48.1,23.2,48.0,-92.7,16.1,0.0,146.0,1
D007511,5.5,,1.17,28.5,0.52,-65.7,-48.2,23.4,45.0,-95.8,7.3,1.0,127.0,1
D007512,4.9,1290.0,0.93,22.5,0.41,-65.2,-51.8,25.4,51.0,-91.2,4.8,0.0,113.0,1
D007513,4.4,1114.0,1.16,31.5,0.51,-65.2,-50.5,25.1,39.0,-94.7,10.4,1.0,124.0,0
D007514,4.8,1185.0,1.15,31.5,0.46,-64.1,-49.4,23.0,45.0,-95.5,7.6,0.0,127.0,1
D007515,,1327.0,1.56,27.5,0.53,-61.6,-48.1,23.8,58.0,-95.4,20.5,1.0,115.0,0
D007516,5.2,1281.0,0.98,29.5,0.48,-65.6,-50.0,24.9,42.0,-94.2,11.0,1.0,130.0,1
D007517,4.7,1206.0,1.1,32.0,0.48,-64.9,-50.3,24.9,39.0,-96.7,5.8,0.0,127.0,1
D007518,4.1,1128.0,1.09,27.5,0.49,-66.1,-47.8,23.1,49.0,-95.3,11.8,0.0,127.0,1
D007519,5.0,1165.0,1.17,29.0,0.44,-64.5,-51.2,24.1,37.0,-94.9,11.2,0.0,133.0,1
D007520,4.6,1140.0,1.06,35.0,0.36,-65.7,-51.8,24.1,47.0,-96.2,7.6,0.0,122.0,1
D007521,5.0,1149.0,1.1,28.5,0.54,-64.9,-49.6,25.4,44.0,-95.1,11.9,1.0,128.0,1
D007522,3.4,1325.0,1.3,26.5,0.55,-62.4,-46.1,25.9,56.0,-95.2,10.9,0.0,121.0,0
D007523,3.9,1172.0,1.15,29.0,0.43,-66.3,-50.7,23.3,43.0,,13.7,1.0,136.0,0
D007524,4.5,1174.0,1.11,28.5,0.5,-64.9,-49.6,24.5,44.0,-96.9,8.5,1.0,128.0,1
D007525,4.6,1185.0,1.08,29.5,0.46,-65.9,-49.6,24.3,45.0,-96.6,6.7,1.0,118.0,1
D007526,5.1,1305.0,1.25,34.0,0.3,-64.9,-46.0,26.6,54.0,-98.5,3.6,1.0,146.0,1
D007527,4.3,,0.94,28.5,0.47,-66.3,-49.0,25.4,40.0,-96.3,11.0,0.0,129.0,1
D007528,4.9,1178.0,1.05,28.5,0.51,-64.9,-49.1,24.6,40.0,,10.2,0.0,128.0,1
D007529,3.5,1246.0,0.8,35.5,0.42,-61.1,-53.7,21.4,49.0,,9.7,0.0,144.0,1
D007530,4.4,1221.0,1.04,26.5,0.58,-66.8,-50.1,24.1,39.0,-94.5,,0.0,123.0,1
D007531,5.6,1158.0,0.85,26.5,0.44,-68.3,-46.6,26.5,54.0,-97.8,13.3,1.0,119.0,1
D007532,4.6,1169.0,1.49,32.0,0.31,-62.6,-51.9,26.5,46.0,-94.3,22.5,1.0,121.0,0
D007533,4.7,1139.0,1.13,31.5,0.5,-64.4,-50.4,24.5,41.0,-95.3,9.7,0.0,125.0,1
D007534,4.0,1229.0,1.08,30.5,0.58,-66.1,-47.4,29.6,42.0,-99.2,7.9,0.0,107.0,0
D007535,4.5,1270.0,0.96,39.0,0.68,-62.7,-46.0,20.7,50.0,-95.8,0.6,1.0,126.0,0
D007536,3.0,1188.0,0.87,39.5,0.54,-67.9,-54.5,20.0,44.0,-95.4,16.2,1.0,101.0,0
D007537,4.6,1155.0,1.2,28.5,0.49,-67.9,-49.6,25.0,42.0,-95.0,12.5,0.0,122.0,1
D007538,4.1,1214.0,1.08,31.0,0.46,-65.4,-50.0,25.2,45.0,-96.5,12.2,0.0,132.0,1
D007539,3.6,1072.0,1.06,26.5,0.32,-69.1,-53.9,27.7,50.0,-100.0,11.7,1.0,106.0,0
D007540,4.9,1149.0,1.07,29.5,0.52,-67.0,-47.9,24.3,47.0,-95.5,10.0,1.0,138.0,1
D007541,4.8,1144.0,1.0,28.0,0.43,-65.4,-50.4,23.3,45.0,-94.9,6.6,1.0,128.0,1
D007542,3.6,1174.0,1.06,26.5,0.48,-67.4,-50.1,26.3,37.0,-91.5,2.9,1.0,133.0,1
D007543,5.0,1109.0,1.01,29.5,0.48,-63.9,-49.8,25.0,37.0,-94.1,6.9,1.0,118.0,1
D007544,5.3,1334.0,1.25,29.0,0.45,-66.5,-48.8,25.6,46.0,-92.5,3.3,1.0,110.0,0
D007545,5.2,1188.0,1.11,27.5,0.51,-65.8,-50.0,24.2,45.0,-95.9,5.2,1.0,129.0,1
D007546,5.1,1177.0,1.01,29.5,0.46,-64.3,-49.1,23.7,42.0,-96.3,11.3,1.0,134.0,1
D007547,5.0,1127.0,1.18,29.0,0.56,-65.9,-53.0,22.5,48.0,-94.9,7.1,1.0,133.0,1
D007548,4.9,1212.0,1.1,28.5,0.45,-64.8,-49.9,24.4,45.0,-94.3,9.4,0.0,123.0,1
D007549,4.3,1146.0,1.16,31.5,0.52,-65.8,-49.4,24.6,42.0,-95.9,6.9,1.0,124.0,1
D007550,4.6,1148.0,1.17,29.5,0.5,-66.2,-50.8,24.4,46.0,-93.6,11.7,0.0,123.0,1
D007551,5.3,1172.0,1.23,28.5,0.54,-64.4,-49.9,23.8,48.0,,12.3,1.0,125.0,1
D007552,5.2,1173.0,1.4,30.5,0.41,-66.9,-49.3,22.7,47.0,-94.3,6.1,0.0,118.0,1
D007553,4.8,1155.0,1.17,27.0,0.39,-65.1,-50.0,24.3,48.0,-96.5,8.5,1.0,125.0,0
D007554,4.3,1166.0,1.18,26.0,0.42,-65.5,-50.7,24.6,38.0,-93.7,4.4,0.0,121.0,1
D007555,4.4,1178.0,1.18,29.5,0.49,-63.7,-50.5,23.6,42.0,-94.4,13.1,0.0,127.0,1
D007556,6.1,1153.0,1.02,20.0,0.43,-61.4,-52.9,22.8,41.0,-94.5,13.8,0.0,133.0,1
D007557,3.6,1372.0,1.4,28.5,0.53,-62.0,-45.5,23.9,43.0,-99.0,18.2,1.0,104.0,0
D007558,4.2,1264.0,1.1,30.0,0.42,-63.8,-50.6,21.4,44.0,-94.5,4.7,1.0,131.0,0
D007559,4.5,1134.0,1.14,28.0,0.51,-65.5,-51.2,23.7,45.0,-95.9,10.5,0.0,126.0,1
D007560,5.4,1201.0,1.25,28.5,0.54,-67.2,-51.0,23.2,44.0,-94.9,8.3,1.0,132.0,0
D007561,4.7,1183.0,1.24,29.0,0.47,-65.8,-49.1,22.6,44.0,-97.3,8.9,0.0,122.0,0
D007562,6.9,1065.0,0.8,33.0,0.53,-69.8,-51.2,26.7,35.0,-96.2,11.9,0.0,108.0,1
D007563,3.2,1296.0,1.48,38.5,0.53,-60.0,-46.4,27.6,31.0,-96.0,2.0,1.0,111.0,0
D007564,5.3,1145.0,1.15,29.0,0.41,-66.8,-50.6,22.2,47.0,-92.9,9.3,0.0,131.0,1
D007565,5.0,1183.0,0.99,28.0,0.47,-66.4,-51.4,24.6,39.0,-95.5,6.7,1.0,129.0,1
D007566,4.7,1152.0,0.98,28.5,0.44,-65.1,-51.0,23.6,42.0,-96.7,12.5,0.0,126.0,1
D007567,4.7,1152.0,1.14,29.0,0.5,-64.1,-50.2,23.7,48.0,,9.8,1.0,130.0,1
D007568,6.2,1002.0,1.3,38.0,0.35,-61.6,-47.3,24.2,37.0,-96.8,22.9,1.0,124.0,0
D007569,5.0,1187.0,1.21,29.5,0.48,-66.5,-49.8,25.0,46.0,-96.4,8.1,1.0,128.0,1
D007570,5.9,1357.0,,25.5,0.64,-61.4,-50.0,22.9,44.0,-91.4,17.9,1.0,,0
D007571,5.1,1213.0,1.03,27.5,0.49,-66.4,-49.9,23.2,43.0,-96.7,7.5,1.0,126.0,1
D007572,3.4,1392.0,0.91,39.0,0.7,-60.5,-51.2,26.0,34.0,-93.0,0.6,1.0,107.0,0
D007573,6.2,1275.0,0.96,39.5,0.48,-63.7,-52.0,24.3,32.0,-95.6,16.1,1.0,148.0,1
D007574,4.3,1194.0,1.14,27.5,0.49,-65.0,-51.1,24.7,49.0,-96.6,9.3,0.0,,1
D007575,5.0,,1.09,29.0,0.52,-66.2,-51.0,23.9,41.0,-95.7,8.8,0.0,117.0,1
D007576,3.4,1376.0,1.44,30.0,0.43,-68.9,-46.5,21.9,48.0,-97.7,4.1,0.0,102.0,0
D007577,5.0,1169.0,1.25,26.0,0.49,-63.7,-50.8,24.2,51.0,-95.4,4.8,1.0,137.0,1
D007578,4.3,1224.0,1.25,31.0,0.43,-67.1,-50.0,23.5,44.0,,10.8,1.0,130.0,0
D007579,3.0,1054.0,1.32,32.5,0.62,-65.7,-48.2,22.7,47.0,-96.1,21.9,1.0,139.0,0
D007580,6.7,1099.0,1.59,38.0,0.38,-63.7,-49.0,21.3,47.0,-95.1,13.6,1.0,133.0,0
D007581,5.3,1215.0,1.03,28.0,0.51,-66.5,-50.5,24.3,42.0,-94.5,10.3,1.0,125.0,0
D007582,4.8,1142.0,0.99,29.0,0.51,-62.3,-51.2,23.3,47.0,-96.5,7.5,1.0,129.0,0
D007583,5.0,1123.0,1.16,25.5,0.53,-65.8,-52.3,24.5,43.0,-93.7,9.4,1.0,132.0,1
D007584,3.2,1333.0,0.98,32.5,0.45,-64.3,-46.7,22.9,41.0,-90.5,19.1,1.0,111.0,0
D007585,4.2,1168.0,1.0,32.0,0.47,-65.8,-48.7,21.7,43.0,-96.5,9.4,1.0,127.0,0
D007586,5.1,1094.0,1.08,30.5,0.45,-63.5,-50.4,24.2,31.0,-95.8,13.6,1.0,126.0,1
D007587,5.6,1045.0,1.35,33.5,0.67,-67.9,-46.9,22.9,53.0,-90.7,10.7,1.0,139.0,0
D007588,5.4,1188.0,1.04,29.5,0.53,-67.3,-50.6,23.3,47.0,-95.8,6.6,0.0,123.0,1
D007589,6.8,1364.0,0.92,20.0,0.32,-62.2,-54.2,25.7,35.0,-91.8,12.9,1.0,140.0,0
D007590,4.5,1172.0,1.06,28.5,0.5,,-50.0,23.3,46.0,-95.1,8.6,1.0,139.0,1
D007591,4.3,1168.0,1.2,26.5,0.47,-64.1,-47.9,24.9,46.0,-94.2,9.1,0.0,122.0,1
D007592,5.2,1135.0,0.92,29.5,0.52,-63.2,-50.6,24.8,45.0,-95.1,5.6,0.0,131.0,1
D007593,5.3,1237.0,1.11,26.0,0.44,-64.7,-48.8,25.8,45.0,,8.4,0.0,128.0,1
D007594,4.0,1205.0,1.08,28.5,0.46,-64.1,-50.0,22.7,39.0,-94.5,12.6,0.0,132.0,1
D007595,5.2,1254.0,1.13,30.0,0.5,-66.1,-49.3,25.4,46.0,,7.4,0.0,130.0,1
D007596,5.0,1146.0,1.08,26.5,0.53,-66.7,-50.1,23.3,45.0,-95.7,11.1,1.0,137.0,1
D007597,6.3,1052.0,1.15,30.5,0.47,-61.0,-46.1,24.0,38.0,-90.4,18.9,1.0,135.0,0
D007598,6.6,1132.0,1.37,37.0,0.69,-65.8,-52.2,23.7,54.0,-91.1,17.7,0.0,103.0,0
D007599,4.6,1177.0,1.1,29.5,0.53,-66.0,-51.1,25.2,42.0,-96.1,8.8,0.0,116.0,1
D007600,5.6,1145.0,1.12,28.5,0.5,-67.1,-50.2,22.4,44.0,-96.6,10.2,1.0,135.0,1
D007601,5.1,,1.19,23.5,0.44,-64.6,-53.2,25.8,40.0,-92.1,15.3,1.0,141.0,1
D007602,4.0,1231.0,0.96,23.0,0.32,-67.5,-47.5,21.8,47.0,-99.7,9.8,1.0,133.0,0
D007603,3.8,1160.0,1.08,26.0,0.47,-64.8,-50.9,25.5,45.0,-95.2,10.7,0.0,123.0,0
D007604,6.2,1351.0,1.23,36.5,0.45,-67.8,-50.9,29.9,42.0,-92.0,17.2,0.0,110.0,0
D007605,5.4,1129.0,1.05,31.0,,-65.6,-49.2,24.6,50.0,-96.3,6.7,0.0,129.0,1
D007606,4.2,1178.0,1.0,30.0,0.42,-67.8,-49.6,24.0,51.0,-94.0,7.1,0.0,130.0,1
D007607,4.1,1173.0,1.56,23.5,0.59,-64.6,-54.5,23.3,58.0,-90.6,8.7,1.0,148.0,0
D007608,5.6,1105.0,1.47,38.0,0.45,-67.5,-52.8,29.3,49.0,-97.6,3.1,1.0,132.0,1
D007609,4.6,1239.0,1.06,33.0,0.47,-64.7,-50.4,23.2,45.0,-96.3,,1.0,132.0,1
D007610,6.8,1167.0,1.27,22.5,0.61,-65.2,-48.1,23.0,60.0,-99.0,3.7,1.0,142.0,1
D007611,5.0,1162.0,1.13,29.0,0.46,-64.5,-50.4,22.8,49.0,-95.5,10.0,1.0,133.0,1
D007612,5.2,1214.0,1.09,29.0,0.46,-65.9,-49.2,22.7,44.0,-94.6,5.5,0.0,128.0,1
D007613,5.0,1200.0,1.09,31.5,0.49,-66.5,-49.6,21.8,43.0,-94.9,11.1,0.0,121.0,1
D007614,5.0,1161.0,1.06,28.0,0.46,-66.9,-47.9,26.0,43.0,-96.8,8.6,0.0,126.0,1
D007615,5.6,1192.0,1.18,28.0,0.45,-64.7,-49.5,24.8,42.0,-97.4,10.5,0.0,122.0,1
D007616,4.2,1248.0,1.07,30.0,0.35,-60.9,-54.6,22.8,40.0,-93.1,7.7,0.0,113.0,0
D007617,4.6,1105.0,1.04,30.0,0.51,-64.0,-49.0,24.7,41.0,-93.8,11.5,1.0,130.0,1
D007618,5.3,1167.0,0.96,,0.49,-65.1,-50.5,25.8,42.0,-96.3,12.1,0.0,128.0,1
D007619,6.1,1374.0,0.81,25.5,0.53,-62.1,-49.5,20.8,49.0,-96.2,20.8,1.0,124.0,0
D007620,4.3,1298.0,1.6,36.5,0.66,-61.2,-46.0,20.2,54.0,-90.2,9.7,0.0,116.0,0
D007621,6.0,1057.0,1.23,28.5,0.64,-65.8,-54.3,28.2,40.0,-99.1,12.0,0.0,133.0,0
D007622,4.9,1103.0,,27.0,0.5,-64.5,-51.6,22.7,44.0,-93.9,5.9,0.0,134.0,1
D007623,4.7,1225.0,1.11,26.5,0.49,-65.0,-48.7,,42.0,-95.7,6.6,1.0,141.0,1
D007624,4.4,1098.0,1.08,26.0,0.48,-65.2,-51.7,25.3,45.0,-96.5,7.9,0.0,125.0,1
D007625,5.5,,1.01,27.5,0.47,-65.0,-49.1,26.7,42.0,-96.3,7.2,1.0,127.0,1
D007626,4.6,1194.0,1.1,30.5,0.43,-64.5,-49.2,23.9,43.0,-94.7,7.5,1.0,130.0,0
D007627,5.3,1164.0,1.04,30.5,0.49,-66.3,-47.9,23.4,46.0,-97.2,8.4,0.0,126.0,1
D007628,4.1,1139.0,1.11,30.0,0.46,-66.4,-51.3,23.6,39.0,-96.0,13.2,0.0,121.0,1
D007629,4.4,1117.0,1.39,20.0,0.61,-62.7,-47.7,28.8,32.0,-93.3,9.6,0.0,150.0,0
D007630,4.6,1110.0,1.52,36.0,0.47,-69.9,-51.0,27.9,30.0,-97.3,0.1,0.0,108.0,1
D007631,5.1,1184.0,1.13,29.0,0.47,-66.7,-50.6,24.9,42.0,-96.2,9.3,1.0,131.0,1
D007632,4.8,1164.0,1.03,28.0,0.49,-65.2,-49.8,23.1,47.0,-97.5,8.9,1.0,128.0,1
D007633,6.9,1335.0,1.13,22.5,0.41,-68.5,-45.6,23.9,51.0,-92.9,3.9,1.0,133.0,1
D007634,3.8,1137.0,1.11,26.0,0.5,-60.2,-50.0,27.7,46.0,-95.4,6.7,0.0,123.0,0
D007635,4.0,1057.0,1.52,23.5,0.42,-66.2,-54.8,21.6,39.0,-90.3,18.6,1.0,127.0,0
D007636,4.0,1223.0,1.28,38.5,0.37,-62.7,-51.7,27.6,,-96.0,5.8,0.0,142.0,1
D007637,4.4,1186.0,1.04,27.5,0.53,-64.9,-50.2,24.6,46.0,-97.0,4.6,0.0,126.0,1
D007638,,1211.0,1.07,28.0,0.49,-65.5,-46.4,23.7,36.0,-93.9,7.2,1.0,128.0,0
D007639,3.3,1029.0,1.15,24.0,0.37,-65.3,-51.6,29.0,60.0,-90.9,23.4,1.0,118.0,0
D007640,6.0,1318.0,1.05,35.0,0.55,-69.9,-48.2,29.1,50.0,-98.5,0.2,1.0,124.0,1
D007641,4.7,1232.0,1.09,31.5,0.47,-68.1,-48.8,25.8,47.0,-94.0,15.1,1.0,122.0,1
D007642,4.8,1167.0,1.15,30.5,0.54,-66.4,-50.2,21.9,47.0,-95.1,3.4,0.0,133.0,1
D007643,3.2,1143.0,0.99,37.0,0.37,-68.1,-50.8,22.4,59.0,-93.2,15.7,1.0,139.0,0
D007644,5.1,1205.0,1.03,28.0,0.47,-65.4,-50.7,25.2,41.0,-96.9,7.7,0.0,133.0,1
D007645,5.0,1126.0,0.94,25.5,0.43,-65.0,-50.1,24.2,43.0,-94.1,9.2,0.0,123.0,1
D007646,5.5,1073.0,0.8,25.0,0.51,-62.7,-54.9,29.5,34.0,-95.4,8.4,1.0,124.0,0
D007647,5.3,1205.0,1.04,31.5,0.49,-66.6,-51.6,25.4,42.0,-95.4,5.1,0.0,129.0,1
D007648,5.6,1168.0,1.01,32.0,0.5,-65.1,-49.6,24.7,44.0,-97.6,6.8,0.0,125.0,1
D007649,5.4,1180.0,1.04,32.0,0.52,-64.9,-50.5,23.6,41.0,-95.0,9.0,1.0,133.0,1
D007650,4.8,1161.0,1.2,31.0,0.42,-63.5,-50.3,23.4,44.0,-97.0,10.6,0.0,128.0,1
D007651,6.2,1332.0,1.4,31.5,0.44,-63.5,-45.1,26.0,32.0,-98.1,9.9,1.0,144.0,1
D007652,5.3,1183.0,0.98,29.5,0.44,-64.4,-50.6,21.7,37.0,-94.7,11.6,0.0,133.0,1
D007653,6.9,1283.0,1.09,31.5,0.47,-65.2,-46.3,24.8,37.0,-92.0,23.6,1.0,138.0,1
D007654,3.2,1137.0,1.15,23.5,0.7,-62.7,-50.5,22.5,33.0,-96.4,4.5,0.0,147.0,0
D007655,5.0,1194.0,1.14,27.5,,-63.9,-51.8,22.9,47.0,-94.6,6.3,1.0,133.0,1
D007656,5.9,1314.0,1.39,31.5,0.58,-68.9,-54.6,27.6,31.0,-93.6,6.3,1.0,137.0,1
D007657,4.2,1184.0,1.12,31.5,0.46,-66.9,-51.0,24.3,43.0,-95.2,9.7,0.0,128.0,1
D007658,4.5,1197.0,1.16,23.0,0.45,-65.2,-49.3,24.9,44.0,-94.4,10.8,1.0,132.0,1
D007659,5.1,1111.0,1.22,32.0,0.45,-66.0,-49.6,22.3,41.0,-94.3,4.7,1.0,123.0,1
D007660,4.8,1167.0,1.15,27.5,0.53,-66.3,-49.5,26.7,43.0,-94.8,11.4,0.0,127.0,1
D007661,7.0,,1.52,20.0,0.61,-67.1,-50.2,21.1,34.0,-91.6,7.1,1.0,110.0,1
D007662,6.0,1292.0,1.38,32.5,0.45,-61.9,-47.6,28.5,58.0,-99.5,22.5,0.0,126.0,0
D007663,5.2,1165.0,1.15,25.0,0.45,-67.1,-50.4,23.0,36.0,-96.1,9.5,0.0,127.0,1
D007664,,1199.0,0.93,26.5,0.53,-65.7,-50.1,25.1,45.0,,7.1,0.0,136.0,1
D007665,4.5,1221.0,1.05,29.0,0.47,-65.8,-51.2,22.5,44.0,-96.4,8.2,1.0,124.0,1
D007666,5.0,1228.0,0.99,31.5,0.46,-65.5,-50.0,23.3,45.0,,12.0,1.0,125.0,1
D007667,5.1,1234.0,1.09,28.0,0.48,-64.7,-51.0,25.4,41.0,-94.2,6.7,0.0,132.0,1
D007668,4.3,1175.0,1.08,27.0,0.48,-66.5,-50.3,23.6,40.0,-94.9,9.3,0.0,132.0,1
D007669,4.6,1222.0,0.91,33.5,0.32,-61.9,-52.1,25.2,55.0,-91.2,16.2,0.0,112.0,0
D007670,5.1,1094.0,1.16,28.5,0.47,-63.8,-49.5,24.2,42.0,-95.7,9.3,0.0,127.0,1
D007671,5.0,1187.0,0.99,28.5,0.46,-66.0,-50.5,23.3,41.0,-96.0,8.5,1.0,131.0,1
D007672,4.8,1129.0,1.19,26.5,0.53,-65.9,-50.7,24.4,46.0,-95.0,5.1,1.0,121.0,1
D007673,5.1,1154.0,1.0,29.5,0.45,-65.1,,23.6,41.0,-94.9,7.4,0.0,122.0,1
D007674,4.7,1187.0,1.09,30.0,0.5,-64.2,-50.5,23.2,44.0,-95.6,15.0,1.0,,1
D007675,4.2,1245.0,1.11,29.0,0.46,-65.8,-50.5,23.6,49.0,-96.0,7.0,1.0,127.0,0
D007676,4.3,1159.0,0.97,28.5,0.46,-66.5,-48.3,25.1,49.0,-95.6,7.6,1.0,131.0,0
D007677,4.6,1148.0,1.25,28.0,0.45,-65.6,-50.3,25.2,42.0,-96.7,7.9,1.0,127.0,1
D007678,5.6,1267.0,1.28,29.5,0.45,,-49.3,29.3,35.0,-94.0,18.1,1.0,128.0,1
D007679,4.9,1147.0,1.1,30.5,0.47,-64.6,-52.8,23.6,40.0,-93.8,8.1,1.0,137.0,1
D007680,4.7,1181.0,1.07,26.5,0.45,-66.6,-49.1,22.7,40.0,-96.0,8.5,1.0,129.0,1
D007681,4.6,1139.0,1.01,28.5,0.46,-64.9,-49.4,25.0,48.0,-96.7,11.2,0.0,121.0,1
D007682,4.0,1147.0,1.0,31.0,0.49,-67.0,-50.8,25.0,45.0,-94.9,12.5,1.0,135.0,1
D007683,4.7,1178.0,1.02,30.5,0.49,-66.7,-49.5,23.1,43.0,-94.7,7.3,0.0,125.0,1
D007684,5.5,1213.0,1.24,31.5,0.55,-66.7,-48.2,24.2,45.0,-94.0,5.2,1.0,129.0,1
D007685,4.3,1214.0,1.19,29.5,0.48,-66.5,-49.7,23.1,42.0,-96.4,4.0,1.0,131.0,1
D007686,3.0,1317.0,0.93,35.5,0.4,-66.3,-50.5,27.8,37.0,-96.3,,0.0,146.0,1
D007687,5.2,1143.0,1.1,27.5,0.54,-67.6,-49.8,23.2,49.0,-94.8,11.5,0.0,126.0,1
D007688,6.2,1099.0,1.14,38.0,0.6,-64.0,-46.9,25.2,43.0,-97.1,20.9,0.0,104.0,0
D007689,4.5,1155.0,1.15,32.5,0.57,-64.3,-50.8,24.3,47.0,-94.8,10.4,1.0,135.0,1
D007690,5.0,1164.0,1.13,31.0,0.5,-64.7,-50.1,24.2,42.0,-95.0,2.6,1.0,122.0,1
D007691,3.5,1103.0,1.06,39.5,0.64,-60.3,-50.4,23.2,52.0,-91.3,11.2,0.0,122.0,0
D007692,4.5,1136.0,1.14,26.5,0.39,-64.3,-50.2,25.1,42.0,-95.5,8.9,1.0,131.0,0
D007693,4.4,1113.0,1.16,29.5,0.5,-65.4,-50.1,25.2,47.0,-95.8,12.4,1.0,121.0,1
D007694,4.2,1231.0,1.01,37.0,0.62,-63.0,-50.7,29.1,48.0,-93.5,9.2,1.0,120.0,0
D007695,3.0,1105.0,1.43,31.0,0.33,-68.3,-54.1,29.1,52.0,-93.9,23.0,1.0,148.0,0
D007696,4.5,1062.0,1.11,27.5,0.47,-65.0,-48.1,23.6,44.0,-97.0,14.5,1.0,132.0,0
D007697,5.3,1392.0,0.99,32.5,0.5,-67.7,,24.4,45.0,-91.5,15.0,1.0,110.0,1
D007698,4.6,1213.0,1.22,29.0,0.44,-64.6,-49.5,25.0,46.0,-94.8,10.9,0.0,127.0,0
D007699,4.2,1246.0,1.44,37.5,0.5,-68.1,-48.8,26.7,55.0,-91.7,9.3,0.0,149.0,1
D007700,5.0,1213.0,1.05,30.0,0.5,-65.7,-51.8,26.2,44.0,-95.4,,0.0,131.0,1
D007701,5.1,1243.0,0.97,31.5,0.47,-64.7,-49.5,24.0,47.0,-94.0,11.2,1.0,126.0,1
D007702,5.2,1146.0,1.14,28.5,0.51,-63.1,-50.4,24.1,45.0,,10.0,0.0,128.0,1
D007703,5.3,1141.0,1.08,30.5,0.33,,-51.3,20.8,43.0,-96.7,8.9,0.0,127.0,1
D007704,5.0,1198.0,1.06,31.5,0.52,-64.9,-50.8,24.9,43.0,-95.4,7.2,0.0,123.0,1
D007705,4.5,1239.0,0.94,27.5,0.48,-64.5,-48.6,23.6,40.0,-96.8,,1.0,120.0,0
D007706,5.2,1135.0,1.07,27.5,0.52,-65.6,-50.2,22.3,39.0,-95.5,12.2,0.0,129.0,1
D007707,6.1,1191.0,1.2,27.5,0.48,-65.3,-51.4,23.9,44.0,-94.9,8.9,1.0,137.0,1
D007708,4.6,1162.0,1.06,28.5,0.52,-63.8,-50.1,22.0,40.0,-95.7,9.8,1.0,134.0,0
D007709,5.5,1207.0,1.06,33.0,0.48,-65.6,-47.7,23.9,39.0,-96.2,10.8,0.0,126.0,1
D007710,4.5,1077.0,1.27,31.0,0.46,-64.9,-49.9,25.0,43.0,-95.7,9.2,1.0,123.0,0
D007711,3.7,1241.0,1.53,33.5,0.64,-63.9,-50.0,28.7,57.0,-91.9,5.0,,123.0,0
D007712,5.3,1136.0,1.0,32.0,0.56,-65.4,-49.3,,51.0,-95.6,9.1,1.0,133.0,1
D007713,5.0,1230.0,1.14,29.5,0.38,-64.8,-52.4,24.4,44.0,-95.7,9.0,1.0,138.0,1
D007714,4.5,1200.0,1.06,29.0,0.46,-67.8,-50.6,22.2,48.0,-95.9,9.4,0.0,131.0,1
D007715,5.0,1171.0,1.1,28.0,0.5,-66.6,-49.5,24.7,37.0,-96.9,10.4,1.0,119.0,0
D007716,5.5,1182.0,1.04,29.5,0.5,-66.0,-51.8,23.9,42.0,-94.6,8.9,1.0,130.0,1
D007717,4.4,1092.0,1.03,31.5,0.49,-65.7,-50.4,22.6,41.0,-98.1,12.1,1.0,124.0,1
D007718,5.0,1218.0,1.11,23.0,0.4,-65.7,-47.6,27.4,38.0,-91.6,11.0,,112.0,0
D007719,4.5,1236.0,1.21,28.0,0.49,-64.7,-50.8,24.5,47.0,-95.1,9.0,1.0,122.0,1
D007720,4.9,1217.0,1.07,30.0,0.44,-63.9,-49.1,24.2,47.0,-95.2,10.2,0.0,130.0,1
D007721,4.5,1228.0,1.56,32.0,0.49,-62.6,-54.8,22.3,39.0,-92.7,6.9,0.0,129.0,1
D007722,4.0,1031.0,1.48,29.0,0.37,-61.3,-53.5,25.3,32.0,-94.7,1.7,0.0,107.0,0
D007723,6.8,1093.0,1.42,23.5,0.63,-60.4,-48.6,26.1,42.0,-98.7,17.0,,105.0,0
D007724,4.7,1102.0,1.19,,0.39,-63.7,-50.2,23.2,40.0,-95.9,10.2,1.0,133.0,0
D007725,4.3,1201.0,1.06,32.0,0.52,-64.8,-51.1,22.7,48.0,-97.3,7.8,0.0,116.0,1
D007726,5.2,1144.0,1.05,29.5,0.53,-65.6,-49.9,23.4,45.0,-96.0,7.7,0.0,132.0,1
D007727,4.3,1091.0,1.13,30.5,0.55,-65.4,-49.5,24.0,43.0,-95.1,8.1,0.0,123.0,1
D007728,5.0,1091.0,1.07,30.0,0.47,-67.0,-49.4,24.5,45.0,-95.8,15.2,1.0,126.0,1
D007729,5.1,1388.0,1.36,23.0,0.66,-68.4,-51.3,27.0,46.0,-95.1,0.9,1.0,114.0,0
D007730,4.0,1154.0,1.15,30.0,0.46,-66.9,-50.6,24.2,43.0,-94.7,6.4,0.0,132.0,1
D007731,3.8,1087.0,1.54,35.0,0.7,-65.7,-54.4,25.0,,-96.3,15.8,1.0,124.0,0
D007732,4.7,1262.0,1.18,25.5,0.48,-65.9,-49.6,25.5,50.0,-95.2,14.0,0.0,127.0,0
D007733,4.5,1260.0,1.11,24.5,0.46,-64.3,-50.5,22.8,45.0,-94.7,8.8,0.0,132.0,0
D007734,4.7,1153.0,1.23,26.5,0.55,-65.5,-50.5,24.3,45.0,-93.6,9.7,0.0,127.0,1
D007735,5.7,,1.24,29.0,0.51,-64.7,-50.4,23.7,,-95.3,4.9,0.0,133.0,1
D007736,5.3,1218.0,1.15,32.0,0.47,-64.4,-48.5,23.6,47.0,,8.1,1.0,128.0,0
D007737,4.7,1167.0,1.07,29.0,0.45,-65.8,-47.8,25.1,41.0,-96.2,11.1,1.0,124.0,1
D007738,4.7,1057.0,1.49,37.5,0.65,-66.4,-53.7,22.4,51.0,-90.3,18.6,0.0,140.0,0
D007739,5.0,1211.0,1.15,29.5,0.5,-67.4,-48.9,23.4,49.0,-95.6,5.6,1.0,126.0,1
D007740,4.7,1178.0,1.19,,,-66.5,-49.4,24.9,43.0,-95.9,12.8,1.0,121.0,1
D007741,4.8,1170.0,1.19,28.0,0.55,-65.5,-51.0,23.4,44.0,-96.3,4.1,0.0,129.0,1
D007742,4.6,1157.0,1.11,29.5,0.54,-65.6,-50.0,23.8,42.0,-96.4,,0.0,127.0,1
D007743,3.9,1150.0,1.58,29.5,0.66,-60.2,,21.4,57.0,-94.3,1.3,1.0,146.0,0
D007744,4.6,1174.0,1.09,31.5,0.55,-65.7,-48.8,23.3,43.0,-94.7,10.2,0.0,126.0,1
D007745,5.1,1177.0,1.11,29.0,0.45,-63.6,-50.7,25.9,44.0,-94.3,10.4,1.0,119.0,0
D007746,4.5,1082.0,0.98,26.0,0.51,-67.3,-49.2,27.5,46.0,-99.4,2.0,0.0,104.0,1
D007747,4.9,1209.0,1.11,27.5,0.52,-65.4,-50.2,23.2,45.0,-94.7,10.5,1.0,133.0,1
D007748,4.5,1152.0,1.44,27.0,0.32,-62.3,-47.9,24.8,53.0,-96.9,9.1,0.0,145.0,0
D007749,4.9,1211.0,1.01,28.5,0.46,-65.9,-50.4,23.4,38.0,-96.2,6.1,1.0,136.0,1
D007750,4.8,1157.0,1.12,28.5,0.47,-65.3,-49.9,23.5,39.0,-96.5,5.5,1.0,130.0,1
D007751,7.0,1071.0,1.38,37.0,0.6,-69.4,-50.4,28.2,41.0,-94.9,14.8,0.0,121.0,1
D007752,4.5,1190.0,1.01,29.0,0.47,-65.1,-49.0,24.8,44.0,-95.6,8.3,1.0,132.0,1
D007753,4.9,1131.0,1.17,28.5,0.55,-65.2,-51.1,23.9,43.0,-95.2,,1.0,123.0,1
D007754,6.7,1127.0,1.4,29.5,0.32,-67.4,-45.8,21.4,53.0,-99.2,17.9,0.0,113.0,0
D007755,5.9,1110.0,1.04,28.5,0.44,-66.9,-51.4,23.6,41.0,-96.8,10.4,0.0,130.0,1
D007756,5.5,1178.0,1.28,27.5,0.42,-65.4,-52.3,25.4,44.0,-96.5,9.3,1.0,130.0,1
D007757,3.0,1054.0,1.47,34.5,0.41,-61.1,-50.9,26.2,35.0,-98.6,21.3,1.0,143.0,0
D007758,4.9,1135.0,1.17,28.0,0.45,-65.5,-48.4,23.5,40.0,-95.6,8.3,0.0,121.0,1
D007759,4.3,1047.0,1.5,37.5,0.4,-66.9,-50.1,25.6,55.0,-94.3,16.9,0.0,104.0,0
D007760,5.9,1081.0,1.57,22.0,0.63,-62.7,-49.6,25.5,48.0,,15.1,1.0,131.0,0
D007761,3.7,1203.0,1.0,34.5,0.52,-62.3,-48.3,20.2,43.0,-99.9,21.2,1.0,124.0,0
D007762,5.4,1148.0,1.08,27.5,0.45,-66.3,-50.1,25.3,45.0,-95.8,12.3,0.0,130.0,1
D007763,4.9,1145.0,1.02,30.5,0.44,-65.6,-51.0,24.1,42.0,-96.6,8.4,1.0,133.0,1
D007764,4.2,,1.15,27.0,0.51,-66.9,-50.3,25.0,42.0,-95.7,7.6,1.0,,1
D007765,3.7,1047.0,1.43,24.0,0.62,-63.7,-55.0,20.1,46.0,-96.5,10.1,1.0,104.0,0
D007766,5.3,1094.0,1.09,29.0,0.47,-66.0,-48.8,22.2,43.0,-96.4,9.6,0.0,128.0,1
D007767,5.2,1167.0,0.93,28.0,0.47,-65.6,-48.2,24.2,46.0,-97.1,7.3,0.0,122.0,1
D007768,4.6,1154.0,1.05,29.0,0.51,-64.5,-50.2,23.8,48.0,-95.1,7.9,1.0,129.0,1
D007769,4.3,1110.0,1.01,30.0,0.45,-64.9,-49.0,24.0,48.0,-95.8,9.1,1.0,120.0,1
D007770,6.7,1235.0,1.41,30.0,0.48,-60.7,-51.0,22.2,45.0,-90.9,7.4,1.0,126.0,0
D007771,6.0,1082.0,1.21,33.0,0.43,-63.2,-49.0,25.1,39.0,-95.1,0.7,0.0,105.0,1
D007772,4.7,1094.0,1.17,31.0,0.46,-64.8,-48.3,22.6,52.0,-95.9,5.6,1.0,135.0,1
D007773,3.5,1116.0,1.33,32.0,0.37,-68.9,-50.6,20.1,59.0,-97.8,21.3,1.0,113.0,0
D007774,4.1,1178.0,1.06,28.5,0.43,-64.3,-48.9,24.7,42.0,-96.1,5.5,0.0,129.0,1
D007775,4.5,1132.0,1.13,29.0,0.41,-64.9,-50.3,23.9,51.0,-92.3,8.8,1.0,131.0,0
D007776,5.9,1351.0,1.53,36.0,0.31,-62.0,-45.2,26.6,60.0,-98.5,22.7,1.0,145.0,0
D007777,6.2,1385.0,1.39,26.5,0.32,-64.8,-51.4,24.5,44.0,-94.6,2.6,1.0,126.0,1
D007778,4.0,1120.0,0.83,22.5,0.49,-64.2,-48.3,25.1,42.0,-95.9,5.0,1.0,128.0,0
D007779,4.6,1236.0,0.97,30.5,0.48,-65.7,-50.9,24.5,46.0,-94.3,9.6,0.0,132.0,1
D007780,6.9,1320.0,0.91,31.5,0.31,-62.6,-46.4,20.3,36.0,-90.1,6.4,0.0,,0
D007781,5.2,1185.0,1.12,26.5,0.54,-65.5,-48.8,23.1,41.0,-94.4,13.0,0.0,142.0,1
D007782,4.1,1299.0,1.04,26.5,0.47,-64.3,-52.2,23.2,46.0,-95.7,8.1,0.0,133.0,1
D007783,5.1,1124.0,1.1,30.0,0.41,-64.6,-50.7,24.9,45.0,-95.8,8.5,1.0,132.0,1
D007784,3.3,1003.0,1.53,29.0,0.56,-62.5,-45.2,23.0,57.0,-99.2,18.6,1.0,144.0,0
D007785,4.8,1197.0,1.04,29.0,0.41,-64.3,-50.6,21.9,48.0,-96.4,4.4,0.0,130.0,1
D007786,5.1,1231.0,1.16,28.0,0.39,-65.4,-49.9,24.4,46.0,-94.5,10.0,0.0,142.0,1
D007787,4.0,1309.0,1.25,36.0,0.52,-63.0,-47.4,28.7,48.0,-93.7,,1.0,129.0,0
D007788,5.1,1175.0,1.14,26.0,0.5,-65.4,-49.0,26.4,45.0,-96.0,6.0,1.0,138.0,1
D007789,4.6,1338.0,1.27,25.0,0.48,-68.3,-53.9,28.6,30.0,-93.1,0.4,1.0,122.0,1
D007790,4.2,1194.0,1.22,27.5,0.47,-65.2,-48.3,24.2,48.0,-95.5,6.5,0.0,122.0,1
D007791,5.0,1210.0,1.1,30.5,0.45,-65.0,-49.7,23.6,45.0,-95.4,9.4,0.0,120.0,1
D007792,6.0,1053.0,1.38,36.0,0.36,-69.2,-48.2,25.7,59.0,-90.7,6.8,1.0,141.0,1
D007793,4.4,1201.0,1.07,29.0,0.44,-64.0,-47.8,24.9,,-95.9,10.2,0.0,125.0,1
D007794,4.1,1143.0,1.38,33.0,,-60.7,-50.1,25.5,58.0,-94.8,14.8,1.0,116.0,0
D007795,4.7,1287.0,1.2,31.5,0.49,-66.0,-49.3,25.3,48.0,-94.4,10.4,1.0,126.0,1
D007796,5.0,1139.0,1.09,26.0,0.45,-64.7,-50.1,24.0,44.0,-94.9,7.0,0.0,130.0,1
D007797,5.4,1169.0,,28.5,0.45,-65.5,-50.8,23.6,44.0,-96.3,10.5,0.0,121.0,1
D007798,4.9,1192.0,1.19,32.0,0.49,-65.5,-50.1,24.2,40.0,-97.0,11.2,0.0,120.0,1
D007799,5.6,,1.09,27.5,0.51,-64.6,-51.5,22.6,42.0,-95.2,9.4,0.0,132.0,1
D007800,4.6,1151.0,0.92,29.0,0.44,-65.7,,23.7,44.0,-95.9,9.5,1.0,133.0,1
D007801,5.1,1159.0,1.05,28.5,0.48,-65.0,-51.1,24.1,44.0,-94.5,8.8,1.0,129.0,1
D007802,4.7,1249.0,1.17,30.5,0.48,-65.4,-51.6,24.9,45.0,-96.3,10.1,1.0,128.0,1
D007803,5.7,1146.0,1.06,29.0,0.5,-64.1,-50.0,24.1,42.0,-95.1,5.6,0.0,127.0,1
D007804,5.4,1228.0,1.08,29.5,0.57,-66.4,-51.9,26.5,44.0,-96.9,10.7,1.0,124.0,1
D007805,6.5,1152.0,0.92,21.5,0.43,-60.9,-49.4,25.8,30.0,-98.8,10.3,1.0,130.0,1
D007806,4.4,1105.0,1.27,29.0,0.4,-66.9,-53.6,25.3,42.0,-90.3,6.3,1.0,126.0,0
D007807,5.4,1232.0,1.05,31.5,0.47,-65.5,-51.9,23.8,42.0,-96.5,11.3,1.0,125.0,1
D007808,4.7,1179.0,0.97,29.0,0.47,-66.7,-49.4,23.5,43.0,-95.9,9.4,1.0,127.0,1
D007809,5.9,1248.0,1.52,,0.47,-66.8,-49.2,22.2,57.0,-97.4,20.9,0.0,102.0,0
D007810,4.9,1126.0,1.07,30.5,0.47,-64.8,-48.9,24.6,44.0,-93.7,8.7,1.0,131.0,0
D007811,5.1,1215.0,0.99,28.0,0.43,-64.5,-50.2,23.3,45.0,-96.4,6.5,0.0,136.0,1
D007812,4.7,1189.0,1.02,27.0,0.47,-65.2,-49.6,24.7,42.0,-95.0,6.7,1.0,129.0,1
D007813,5.2,1189.0,1.04,27.0,0.4,-66.4,-49.1,23.9,43.0,-94.8,8.7,0.0,126.0,1
D007814,5.9,1084.0,0.87,20.5,0.62,-62.0,-48.0,28.8,40.0,-92.8,10.4,1.0,106.0,0
D007815,3.7,1368.0,1.11,32.5,0.64,-62.7,-53.8,24.6,51.0,-98.9,14.3,0.0,113.0,0
D007816,5.0,1184.0,0.99,27.0,0.5,-64.9,-48.5,,44.0,-96.0,,0.0,127.0,1
D007817,5.4,1041.0,1.53,39.5,0.41,-64.7,-50.5,27.6,57.0,-91.1,20.4,1.0,130.0,0
D007818,6.6,1206.0,1.37,35.5,0.5,-66.0,,21.0,60.0,-94.7,5.1,1.0,122.0,1
D007819,4.8,1266.0,0.98,24.0,0.55,-63.9,-50.9,25.2,36.0,-91.7,,0.0,101.0,1
D007820,5.3,1187.0,1.16,28.5,0.43,-64.3,-50.5,26.0,47.0,-93.1,8.7,0.0,126.0,1
D007821,4.0,1029.0,0.9,38.5,0.46,-64.6,-54.0,21.2,36.0,-97.9,17.0,0.0,122.0,1
D007822,4.6,1167.0,0.96,29.0,0.45,-63.7,-50.6,24.6,42.0,-95.7,8.0,1.0,116.0,0
D007823,4.9,1201.0,0.99,26.5,0.54,-64.8,-49.5,22.8,44.0,-94.3,4.3,1.0,124.0,1
D007824,5.0,1028.0,0.86,26.0,0.52,,-50.3,24.1,39.0,-99.6,3.5,0.0,130.0,1
D007825,6.5,1290.0,1.06,27.0,0.62,-68.1,-55.0,25.7,57.0,-93.1,9.4,1.0,133.0,1
D007826,4.4,1178.0,1.43,23.5,0.47,-63.5,-53.1,29.5,55.0,-91.9,12.0,1.0,147.0,0
D007827,5.6,1183.0,0.93,30.5,0.5,-65.7,-48.5,24.3,41.0,-95.8,9.5,1.0,124.0,1
D007828,6.1,1341.0,1.17,30.5,0.47,-65.6,-54.1,21.8,40.0,-93.1,14.4,0.0,118.0,1
D007829,4.8,1177.0,1.16,29.0,0.54,-65.7,-48.4,25.4,39.0,-94.2,10.5,0.0,129.0,1
D007830,5.2,1193.0,1.08,30.5,0.49,-65.4,-48.2,24.7,47.0,-96.6,10.2,0.0,,1
D007831,3.8,1180.0,1.23,25.5,0.37,-60.9,-47.0,24.7,54.0,-99.5,12.7,1.0,127.0,0
D007832,5.3,1189.0,,33.0,0.45,-64.0,-51.7,22.1,46.0,-94.2,10.5,0.0,129.0,0
D007833,4.6,1185.0,1.1,28.0,0.47,-64.8,-50.9,23.1,47.0,-97.4,5.8,1.0,132.0,1
D007834,5.4,1061.0,0.94,30.0,0.53,-65.5,-49.1,21.2,45.0,-95.7,23.4,1.0,105.0,1
D007835,4.8,1259.0,1.06,29.5,0.49,-65.4,-50.4,23.5,50.0,-97.3,9.6,0.0,131.0,1
D007836,3.2,1213.0,1.6,26.0,0.45,-68.2,-49.2,24.9,39.0,-96.5,13.3,1.0,112.0,0
D007837,5.6,1160.0,1.1,27.5,0.41,-65.6,-50.3,25.2,41.0,-95.5,11.6,0.0,122.0,1
D007838,4.8,1183.0,1.11,32.5,0.47,-65.8,-48.4,24.9,48.0,-94.8,5.5,1.0,129.0,1
D007839,4.5,1172.0,1.07,27.5,0.5,-67.4,-50.4,23.7,46.0,-94.1,9.2,1.0,135.0,1
D007840,4.9,1247.0,1.12,32.0,0.46,-65.7,-50.4,23.3,49.0,-96.4,12.8,1.0,125.0,1
D007841,3.1,1176.0,1.41,35.0,0.41,-68.7,-54.2,26.1,39.0,-97.4,11.5,1.0,148.0,1
D007842,4.9,1176.0,1.12,27.0,0.47,-66.4,-47.7,23.9,41.0,-95.4,7.2,1.0,138.0,1
D007843,4.4,1183.0,1.08,29.5,0.5,-64.3,-51.2,22.8,46.0,-95.9,10.9,1.0,128.0,0
D007844,4.6,1156.0,1.22,28.0,0.5,-64.9,-48.9,22.1,50.0,-95.3,11.8,0.0,121.0,0
D007845,3.6,1077.0,1.39,34.0,0.47,-60.8,-47.2,28.8,54.0,-95.4,17.9,1.0,112.0,0
D007846,4.2,1177.0,1.04,29.0,0.5,-64.1,-48.6,24.4,46.0,-93.8,7.7,0.0,134.0,1
D007847,5.0,1168.0,1.09,26.0,0.46,-66.3,-48.6,22.8,51.0,-97.0,8.1,0.0,119.0,1
D007848,4.9,1144.0,1.13,26.5,0.44,-66.0,-49.1,23.2,41.0,-95.6,4.6,1.0,130.0,0
D007849,3.5,1355.0,1.28,23.0,0.39,-62.3,-46.1,25.2,51.0,-94.6,15.5,1.0,112.0,0
D007850,5.2,,1.07,36.5,0.44,-63.2,-50.4,21.4,40.0,-99.5,3.4,0.0,126.0,1
D007851,4.6,1177.0,1.03,28.0,0.52,-65.8,-50.2,24.5,37.0,-95.1,5.3,,129.0,1
D007852,6.0,1356.0,1.17,22.5,0.34,-69.4,-52.6,24.0,38.0,-96.0,9.5,0.0,120.0,1
D007853,5.6,1336.0,1.35,23.0,0.64,-63.2,-46.7,25.6,48.0,-95.8,16.0,1.0,112.0,0
D007854,3.0,1118.0,1.43,37.0,0.44,-68.0,-51.2,20.3,50.0,-95.5,22.5,1.0,115.0,0
D007855,4.6,1166.0,0.99,29.5,0.48,-64.7,-49.6,23.4,44.0,-95.8,9.3,1.0,128.0,1
D007856,4.4,1191.0,1.09,28.5,0.54,-65.6,-48.5,23.8,44.0,-93.2,4.9,1.0,125.0,1
D007857,5.3,1333.0,1.08,,0.53,-63.2,-54.1,23.9,56.0,-93.9,20.6,1.0,136.0,0
D007858,4.6,1056.0,1.21,37.5,0.64,-63.2,-49.4,27.5,46.0,-95.1,8.5,1.0,141.0,0
D007859,4.7,1219.0,1.16,31.0,0.47,-66.6,-50.7,24.5,45.0,-94.4,4.6,0.0,126.0,1
D007860,4.5,1153.0,1.14,29.5,,-64.1,-49.3,25.0,48.0,-95.5,7.3,1.0,126.0,0
D007861,5.2,1149.0,1.02,28.5,0.46,-65.7,-50.4,24.2,42.0,-96.2,10.8,0.0,124.0,1
D007862,4.7,1209.0,1.16,29.5,0.43,-64.4,-50.3,24.9,40.0,-96.4,8.2,1.0,121.0,0
D007863,4.6,1205.0,1.05,30.5,0.55,-65.8,-49.9,24.5,42.0,-95.6,13.0,1.0,125.0,0
D007864,5.1,1135.0,1.0,33.0,0.49,-64.9,-49.6,24.4,37.0,-96.6,10.5,0.0,134.0,0
D007865,4.7,1166.0,1.12,31.5,0.51,-66.0,-51.3,23.4,44.0,-95.2,9.1,0.0,127.0,1
D007866,5.0,1245.0,1.09,28.5,0.5,-64.2,-48.8,22.9,44.0,-96.6,9.3,0.0,133.0,1
D007867,6.3,1175.0,0.95,31.5,0.5,-68.9,-47.7,24.6,50.0,-93.8,18.3,0.0,138.0,1
D007868,4.4,1147.0,1.05,28.0,0.47,-66.1,-50.0,23.6,42.0,-95.2,9.5,0.0,136.0,1
D007869,3.9,1011.0,1.34,28.0,0.48,-64.0,-46.5,22.9,50.0,-91.9,22.0,1.0,136.0,0
D007870,5.1,1159.0,1.11,22.0,0.44,-66.1,-50.5,23.6,45.0,-97.1,10.6,0.0,128.0,1
D007871,4.7,1169.0,1.06,29.5,0.45,-66.8,-49.4,23.7,46.0,-96.1,5.1,1.0,132.0,1
D007872,3.3,1267.0,1.05,35.5,0.58,-61.2,-52.5,25.7,45.0,-90.1,5.1,0.0,107.0,1
D007873,5.1,1116.0,1.08,28.5,0.54,-66.7,-49.0,25.3,40.0,-95.9,4.9,1.0,132.0,1
D007874,4.4,1254.0,1.11,27.5,0.49,-64.8,-50.3,22.1,40.0,-93.5,8.2,0.0,130.0,1
D007875,4.8,1195.0,1.09,30.5,0.48,-66.2,-49.7,23.9,39.0,-95.2,5.5,1.0,126.0,1
D007876,5.1,1186.0,1.14,27.0,0.44,-66.6,-50.7,23.4,43.0,-95.4,,1.0,126.0,1
D007877,4.5,1198.0,1.16,29.0,0.52,-63.4,-49.9,23.5,44.0,-96.4,8.8,1.0,124.0,1
D007878,4.7,1114.0,1.17,,0.49,-67.3,-50.6,24.8,49.0,-96.0,10.1,1.0,134.0,1
D007879,6.8,1365.0,1.42,25.5,0.41,-68.2,-46.0,29.6,48.0,-99.4,3.8,0.0,141.0,0
D007880,4.6,,1.04,30.0,0.52,-65.0,-51.5,,42.0,-93.0,5.5,1.0,122.0,1
D007881,5.1,1181.0,1.06,33.0,,-67.0,-51.3,24.6,42.0,-96.2,10.0,1.0,125.0,1
D007882,5.5,1212.0,1.15,31.0,0.57,-65.1,-50.6,23.1,44.0,-95.2,8.9,0.0,129.0,1
D007883,5.2,1268.0,1.49,32.0,0.61,-66.9,-52.4,28.2,,-96.8,4.1,1.0,106.0,0
D007884,4.1,1222.0,1.17,29.5,0.53,-66.1,-51.8,24.3,36.0,-97.1,11.9,1.0,127.0,1
D007885,,1203.0,1.14,31.5,0.47,-65.6,-50.1,24.4,47.0,-94.9,8.2,1.0,124.0,1
D007886,4.5,1172.0,1.07,29.5,0.53,-64.6,-52.0,24.0,42.0,-95.0,14.1,0.0,129.0,1
D007887,5.1,1141.0,1.16,28.0,0.55,-66.5,-49.8,23.2,47.0,-96.9,3.6,1.0,130.0,1
D007888,4.1,1256.0,,35.0,,-62.2,-53.0,27.9,33.0,-97.1,,0.0,123.0,0
D007889,4.7,1176.0,1.08,27.5,0.44,-66.0,-49.5,24.8,46.0,-96.2,3.8,1.0,119.0,0
D007890,4.8,1229.0,1.09,32.5,0.51,-65.9,-50.5,23.2,45.0,-94.2,11.8,1.0,133.0,1
D007891,4.3,1207.0,0.9,28.0,0.51,-61.9,-50.7,27.6,,-93.5,13.2,0.0,116.0,0
D007892,4.9,1145.0,1.14,32.5,0.48,-64.4,-51.4,23.2,41.0,-94.8,6.1,0.0,126.0,1
D007893,4.9,1211.0,1.08,27.5,0.5,-66.1,-49.8,25.5,40.0,-93.8,10.8,1.0,121.0,1
D007894,4.4,1216.0,1.02,28.0,0.51,-65.5,-50.0,23.9,44.0,-94.9,11.8,1.0,130.0,0
D007895,,1135.0,0.98,26.5,0.63,-67.1,-49.9,24.3,48.0,-95.3,16.6,1.0,145.0,1
D007896,5.6,1132.0,1.16,23.0,0.57,-60.7,-51.8,21.6,,-99.0,8.4,0.0,144.0,1
D007897,4.4,1148.0,1.09,28.0,0.4,-64.9,-51.1,23.2,47.0,-96.6,8.3,0.0,128.0,0
D007898,4.6,1200.0,1.08,28.0,0.55,-65.3,-49.1,22.5,43.0,-95.3,8.1,1.0,133.0,1
D007899,5.9,1061.0,1.51,30.5,0.69,-64.9,-46.0,28.0,41.0,-98.2,20.4,1.0,127.0,0
D007900,5.0,1185.0,1.16,29.0,0.48,-65.7,-51.1,24.1,45.0,-95.8,10.2,0.0,122.0,1
D007901,,1211.0,1.1,29.0,0.47,-66.1,-49.6,23.5,43.0,-95.1,12.1,1.0,128.0,0
D007902,4.6,1232.0,1.06,31.5,0.56,-66.2,-49.2,24.1,42.0,-94.6,6.6,1.0,126.0,1
D007903,4.2,1191.0,1.09,30.5,0.5,-64.7,-50.7,25.1,40.0,-92.9,6.2,1.0,123.0,0
D007904,5.6,1001.0,1.57,37.5,0.67,-69.3,-54.3,29.4,33.0,-99.5,23.5,0.0,121.0,0
D007905,4.8,1177.0,1.03,29.5,0.48,-66.1,-49.7,25.0,47.0,-95.4,7.5,0.0,130.0,1
D007906,3.8,1064.0,1.48,32.0,0.67,-68.2,-52.2,23.4,58.0,-99.6,3.0,1.0,117.0,0
D007907,5.2,1176.0,1.08,31.0,0.51,-65.2,-49.1,25.0,51.0,-94.7,13.1,0.0,126.0,1
D007908,5.2,1145.0,1.04,28.5,,-64.8,-50.1,25.3,47.0,-96.5,10.1,0.0,122.0,1
D007909,5.2,1131.0,1.16,28.5,0.5,-66.4,-50.3,24.8,34.0,-96.0,9.9,0.0,131.0,1
D007910,4.9,1122.0,1.04,29.0,0.5,-65.3,-50.7,23.4,43.0,-94.2,7.4,0.0,126.0,1
D007911,5.3,1142.0,1.15,30.0,0.45,-64.9,-50.9,22.9,43.0,-94.0,7.9,0.0,125.0,1
D007912,4.2,1187.0,1.09,29.0,0.42,-65.8,-48.9,22.5,42.0,-95.6,4.7,1.0,125.0,1
D007913,6.8,1323.0,1.32,21.5,0.39,-60.5,-51.5,29.5,58.0,-96.6,0.7,0.0,106.0,0
D007914,4.6,1155.0,1.03,32.0,0.45,-66.6,-50.2,23.9,46.0,-97.0,7.1,1.0,135.0,1
D007915,6.8,1184.0,1.31,34.0,0.46,-60.9,-54.9,23.8,37.0,-96.6,7.1,1.0,117.0,1
D007916,4.4,1149.0,1.1,28.0,0.54,-66.7,-50.8,25.8,41.0,-97.3,2.9,1.0,123.0,1
D007917,5.2,1262.0,0.98,35.5,0.47,-67.9,-48.1,20.8,40.0,-94.1,16.2,1.0,145.0,1
D007918,6.6,1295.0,0.8,34.5,0.69,-62.3,-52.4,21.9,43.0,-92.4,2.3,0.0,124.0,1
D007919,5.1,1209.0,1.11,29.0,0.48,-65.0,-51.6,24.2,41.0,-96.4,9.5,0.0,133.0,1
D007920,4.6,1191.0,1.12,26.5,0.47,-64.3,-49.2,24.0,45.0,-95.0,8.0,0.0,134.0,0
D007921,5.9,1381.0,1.03,33.5,0.55,-62.0,-51.2,25.7,36.0,-97.1,9.1,1.0,125.0,1
D007922,4.4,1110.0,1.32,34.0,0.33,-61.4,-51.0,21.9,50.0,-99.3,11.4,1.0,127.0,0
D007923,4.0,1056.0,0.83,26.0,0.68,-68.2,-49.8,23.9,47.0,-93.0,20.4,1.0,109.0,0
D007924,5.1,,1.02,30.0,0.41,-66.1,-50.5,26.3,43.0,-94.7,7.8,1.0,125.0,0
D007925,5.1,1148.0,1.19,20.5,0.4,-65.1,-52.8,23.9,56.0,-96.6,11.2,1.0,100.0,0
D007926,5.1,1187.0,1.1,29.5,0.42,-64.0,-49.7,24.3,47.0,-95.9,8.6,1.0,130.0,1
D007927,5.8,1285.0,1.42,22.0,0.67,-65.0,-47.9,27.1,60.0,-99.9,14.1,1.0,141.0,0
D007928,5.0,1092.0,1.19,29.0,0.51,-64.5,-50.4,22.0,44.0,-95.8,8.2,0.0,135.0,1
D007929,4.2,1126.0,1.11,32.0,0.41,-64.2,-51.2,20.9,,-95.9,14.1,0.0,133.0,1
D007930,5.4,1146.0,1.04,28.5,0.53,,-49.4,23.6,47.0,-95.3,9.6,1.0,126.0,1
D007931,4.6,1136.0,,29.5,0.46,-66.6,-48.1,26.4,45.0,-94.3,8.3,1.0,125.0,1
D007932,3.8,1196.0,1.09,31.0,0.48,-65.3,-49.6,24.9,39.0,-95.3,5.7,0.0,127.0,1
D007933,5.1,1107.0,1.15,30.5,0.45,-65.6,-49.8,23.5,47.0,-97.2,12.2,1.0,119.0,1
D007934,4.7,1196.0,1.04,31.0,0.48,-65.6,-51.9,23.3,45.0,-94.4,12.1,1.0,132.0,1
D007935,3.0,1273.0,1.33,37.0,0.54,-68.5,-50.3,28.1,53.0,-90.9,7.7,1.0,146.0,0
D007936,4.4,1121.0,1.12,25.0,0.45,-63.2,-49.9,25.2,42.0,-94.9,12.3,1.0,133.0,0
D007937,3.8,1161.0,0.98,28.5,0.45,-60.8,-53.5,21.4,44.0,-96.2,9.9,1.0,134.0,0
D007938,4.5,1178.0,1.05,30.0,0.46,-65.3,-50.1,23.0,48.0,-94.8,6.2,0.0,128.0,1
D007939,4.4,1228.0,1.22,26.5,0.44,-65.6,-50.4,22.8,41.0,-95.4,7.3,0.0,120.0,0
D007940,4.0,1241.0,1.15,27.0,0.44,-66.8,-49.4,24.7,42.0,-93.9,9.8,0.0,124.0,1
D007941,4.6,1247.0,1.26,25.5,0.51,-63.5,-50.1,25.4,45.0,-96.0,10.9,1.0,118.0,0
D007942,4.9,1125.0,,29.0,0.39,-64.3,-49.8,24.1,43.0,-95.5,10.6,0.0,122.0,1
D007943,4.5,1155.0,1.09,24.5,0.5,-65.9,-51.1,22.9,42.0,-97.1,9.7,0.0,139.0,1
D007944,3.7,1238.0,,25.0,0.67,-64.1,-48.3,25.8,51.0,-93.1,,1.0,120.0,0
D007945,5.4,1132.0,0.97,29.5,0.48,,-49.8,25.2,48.0,-95.3,5.0,1.0,133.0,1
D007946,5.3,1328.0,1.6,28.5,0.62,-68.9,-53.6,24.6,43.0,-98.3,4.2,0.0,118.0,1
D007947,3.5,1228.0,0.97,29.5,0.43,-66.7,-50.5,24.3,42.0,-95.7,7.1,0.0,135.0,1
D007948,5.0,1120.0,1.32,30.5,0.44,-66.7,-51.6,24.6,45.0,-96.4,8.8,1.0,133.0,1
D007949,4.3,1169.0,1.07,32.5,0.47,-66.1,-50.9,24.0,40.0,-95.7,6.8,0.0,125.0,1
D007950,6.2,1276.0,1.13,37.0,0.51,-68.1,-45.2,28.5,44.0,-97.5,9.9,1.0,121.0,1
D007951,4.1,1278.0,1.09,28.5,0.51,-65.4,-48.3,24.0,51.0,-94.7,8.6,1.0,128.0,0
D007952,5.9,1162.0,1.38,35.0,0.5,-65.4,-48.6,20.6,46.0,-90.6,20.2,1.0,133.0,0
D007953,4.7,1147.0,0.98,27.5,0.5,-67.1,-49.0,23.7,44.0,,5.7,1.0,137.0,1
D007954,4.8,1242.0,1.12,30.5,0.5,-65.8,-50.1,22.6,41.0,-95.3,13.7,0.0,123.0,1
D007955,4.6,1230.0,1.15,30.5,0.5,-66.8,-51.6,22.9,43.0,-96.6,11.4,1.0,122.0,1
D007956,4.7,1161.0,1.05,30.5,0.52,-67.9,-51.6,24.3,42.0,-95.0,9.8,0.0,129.0,1
D007957,5.2,1107.0,1.05,27.0,0.5,-67.4,-49.2,23.3,39.0,-94.2,7.5,1.0,133.0,1
D007958,3.4,1280.0,1.58,24.5,0.53,-60.2,-54.5,28.9,52.0,-97.5,2.0,0.0,129.0,0
D007959,5.6,1337.0,1.01,38.0,0.64,-61.4,-54.1,21.9,54.0,-92.3,21.4,1.0,132.0,0
D007960,4.6,1178.0,1.08,29.5,0.6,-65.4,-49.5,27.1,43.0,-96.7,7.8,1.0,130.0,0
D007961,4.3,1151.0,1.11,30.5,0.46,-64.6,-49.2,22.5,44.0,-95.5,7.5,0.0,138.0,0
D007962,3.9,1129.0,1.08,30.0,0.5,-64.0,-49.5,25.6,48.0,-95.6,8.2,1.0,131.0,0
D007963,4.5,1159.0,1.19,32.5,0.49,-64.7,-50.2,23.7,46.0,-95.6,8.9,0.0,125.0,1
D007964,4.2,1011.0,1.57,21.0,0.33,-61.8,-46.9,25.6,38.0,-94.1,13.1,0.0,144.0,0
D007965,6.7,1005.0,1.58,39.5,0.61,-61.7,-52.8,24.8,40.0,-94.0,1.4,1.0,131.0,1
D007966,,1051.0,1.24,27.0,0.41,-66.4,-45.5,27.8,44.0,-98.8,1.0,1.0,126.0,0
D007967,7.0,1164.0,0.8,28.0,,-67.8,-54.5,21.7,56.0,-97.0,20.9,0.0,108.0,1
D007968,4.5,1157.0,1.13,32.5,0.51,-65.5,-49.4,25.2,43.0,-94.5,7.7,1.0,127.0,1
D007969,4.4,1204.0,1.13,27.5,0.56,-64.5,-48.4,23.8,48.0,-95.3,4.8,0.0,117.0,1
D007970,5.6,1235.0,1.01,40.0,0.58,-69.9,-52.7,27.9,33.0,-91.2,19.3,1.0,136.0,1
D007971,5.2,1157.0,1.31,33.5,0.64,-68.3,-47.2,27.0,,-91.4,2.6,0.0,147.0,1
D007972,4.1,1103.0,0.96,33.5,0.51,-69.2,-49.6,29.2,37.0,-92.4,6.3,1.0,125.0,0
D007973,4.7,1184.0,1.22,27.5,0.44,-66.1,-48.2,23.9,39.0,-95.0,11.3,0.0,128.0,1
D007974,4.6,1321.0,1.41,24.0,0.67,-66.7,-52.5,29.8,52.0,-93.5,19.6,0.0,128.0,0
D007975,4.9,,1.14,26.0,0.39,-65.1,-50.7,24.9,43.0,-94.3,7.1,0.0,127.0,1
D007976,4.8,1115.0,1.09,,0.52,-64.5,-50.7,23.3,43.0,-95.6,11.6,1.0,132.0,1
D007977,4.8,1247.0,1.04,29.5,0.45,-65.8,-51.2,26.1,41.0,-95.1,8.9,1.0,130.0,0
D007978,5.5,1196.0,1.17,29.0,0.47,-64.8,-48.7,24.5,47.0,-94.3,5.1,1.0,125.0,1
D007979,3.6,1230.0,1.46,20.0,0.3,-66.2,-53.9,21.6,48.0,-94.9,4.2,1.0,,0
D007980,5.4,1276.0,0.9,29.5,0.57,-62.1,-53.4,27.1,43.0,-92.4,4.8,0.0,147.0,1
D007981,4.4,1128.0,1.08,30.5,0.45,-65.7,-49.5,24.0,42.0,-93.5,11.9,1.0,121.0,1
D007982,4.8,1230.0,1.09,30.0,0.47,-67.8,-51.6,25.1,45.0,-96.0,9.6,0.0,121.0,1
D007983,5.8,1259.0,1.2,23.5,0.61,-64.3,-51.1,22.8,55.0,-94.4,6.3,0.0,132.0,1
D007984,4.5,1334.0,1.17,28.5,0.56,-70.0,-55.0,29.0,40.0,-92.8,0.5,1.0,126.0,1
D007985,3.1,1141.0,1.01,22.5,0.41,-60.4,-51.6,25.2,30.0,-95.7,18.8,0.0,138.0,0
D007986,4.9,1194.0,1.08,33.0,0.42,-66.0,-47.9,25.8,45.0,-96.6,5.0,1.0,128.0,1
D007987,5.0,1370.0,1.58,40.0,0.52,-65.8,-51.6,26.7,43.0,-97.6,24.0,1.0,138.0,0
D007988,4.6,1358.0,1.17,24.0,0.39,-63.6,-50.1,24.8,52.0,-94.6,9.8,0.0,140.0,1
D007989,5.2,1198.0,1.13,30.0,0.44,-66.9,-49.0,22.9,42.0,-94.4,10.1,1.0,128.0,1
D007990,5.0,1174.0,1.06,32.0,0.48,-65.8,-50.9,24.5,43.0,-95.6,11.9,1.0,136.0,1
D007991,4.5,1163.0,1.22,27.0,0.46,-66.9,-50.0,24.8,43.0,-96.4,6.9,1.0,119.0,1
D007992,4.8,1207.0,1.09,29.5,0.43,-64.4,-50.5,24.2,44.0,-95.6,10.5,0.0,,1
D007993,4.9,1146.0,0.94,28.0,0.45,-66.2,-50.8,24.3,42.0,-95.4,8.8,0.0,135.0,1
D007994,,1157.0,1.07,27.5,0.47,-66.1,-50.1,25.0,45.0,-94.1,10.1,0.0,130.0,1
D007995,6.5,1122.0,1.47,39.5,0.46,-69.3,-49.0,24.2,58.0,-99.9,19.8,1.0,104.0,0
D007996,4.5,1038.0,1.2,39.0,0.36,-62.4,-54.6,28.2,31.0,-91.8,4.6,0.0,131.0,0
D007997,4.1,1167.0,0.99,29.0,0.55,-66.2,-50.1,23.6,43.0,-96.2,11.1,0.0,131.0,1
D007998,,1147.0,1.09,27.0,0.5,-64.5,-50.0,23.8,43.0,-96.5,11.6,0.0,122.0,1
D007999,3.3,1374.0,1.4,37.5,0.3,-63.8,-54.5,23.5,43.0,-99.6,11.3,0.0,142.0,1
